frequency_hz,local_5nH_ohm,remote_20nH_ohm
100000,0.477758703613598,0.476903368619039
100167.255008615,0.476945845070234,0.476089113329385
100334.78975961,0.476134318660467,0.475276188006708
100502.604720867,0.475324122118707,0.474464590382642
100670.700361052,0.474515253183079,0.473654318192534
100839.077149614,0.473707709595425,0.47284536917545
101007.735556788,0.47290148910129,0.472037741074154
101176.676053596,0.472096589449922,0.471231431635117
101345.899111847,0.471293008394259,0.470426438608497
101515.405204138,0.470490743690929,0.469622759748144
101685.194803858,0.469689793100241,0.468820392811586
101855.268385188,0.468890154386179,0.468019335560027
102025.626423101,0.468091825316394,0.467219585758338
102196.269393365,0.467294803662202,0.466421141175056
102367.197772544,0.466499087198574,0.465623999582369
102538.412037998,0.465704673704133,0.46482815875612
102709.912667886,0.464911560961142,0.464033616475791
102881.700141168,0.464119746755507,0.463240370524507
103053.774937603,0.463329228876761,0.462448418689019
103226.137537753,0.462540005118067,0.461657758759709
103398.788422986,0.461752073276204,0.460868388530574
103571.728075471,0.460965431151568,0.460080305799227
103744.956978187,0.460180076548156,0.459293508366885
103918.475614919,0.459396007273573,0.458507994038372
104092.284470262,0.458613221139015,0.457723760622099
104266.384029621,0.45783171595927,0.456940805930074
104440.774779213,0.457051489552704,0.456159127777882
104615.457206068,0.456272539741265,0.455378723984689
104790.431798031,0.455494864350469,0.454599592373228
104965.699043763,0.454718461209398,0.4538217307698
105141.259432742,0.453943328150691,0.453045137004264
105317.113455265,0.453169463010543,0.452269808910032
105493.261602448,0.452396863628691,0.45149574432406
105669.70436623,0.451625527848418,0.450722941086852
105846.442239372,0.450855453516537,0.449951397042438
106023.475715459,0.450086638483394,0.449181110038384
106200.805288901,0.449319080602854,0.448412077925776
106378.431454937,0.448552777732301,0.447644298559219
106556.354709632,0.447787727732629,0.446877769796825
106734.575549882,0.447023928468239,0.446112489500217
106913.094473414,0.446261377807027,0.445348455534513
107091.911978786,0.445500073620388,0.444585665768327
107271.028565393,0.444740013783197,0.443824118073759
107450.444733462,0.443981196173817,0.443063810326394
107630.160984058,0.443223618674082,0.442304740405287
107810.177819085,0.442467279169298,0.44154690619297
107990.495741285,0.441712175548233,0.440790305575433
108171.115254241,0.440958305703115,0.440034936442129
108352.036862379,0.440205667529621,0.439280796685961
108533.261070968,0.439454258926878,0.43852788420328
108714.788386123,0.438704077797448,0.437776196893877
108896.619314805,0.437955122047335,0.43702573266098
109078.754364822,0.437207389585963,0.436276489411244
109261.194044833,0.436460878326187,0.435528465054749
109443.938864346,0.435715586184272,0.434781657504993
109626.989333723,0.434971511079902,0.434036064678885
109810.345964178,0.434228650936159,0.433291684496742
109994.009267781,0.433487003679531,0.432548514882281
110177.979757458,0.432746567239895,0.431806553762613
110362.257946994,0.43200733955052,0.43106579906824
110546.844351032,0.431269318548056,0.430326248733045
110731.739485075,0.430532502172531,0.429587900694293
110916.943865491,0.429796888367343,0.428850752892617
111102.458009509,0.429062475079257,0.428114803272018
111288.282435225,0.428329260258394,0.427380049779858
111474.417661601,0.427597241858236,0.426646490366855
111660.864208465,0.426866417835607,0.425914122987075
111847.622596517,0.426136786150677,0.42518294559793
112034.693347327,0.425408344766952,0.424452956160167
112222.076983337,0.424681091651271,0.423724152637869
112409.774027864,0.423955024773796,0.422996532998444
112597.785005099,0.423230142108014,0.422270095212624
112786.110440111,0.422506441630722,0.421544837254453
112974.750858844,0.421783921322028,0.42082075710129
113163.706788127,0.421062579165344,0.420097852733794
113352.978755665,0.42034241314738,0.419376122135928
113542.567290049,0.419623421258135,0.418655563294945
113732.472920752,0.418905601490901,0.417936174201388
113922.696178134,0.418188951842244,0.417217952849082
114113.237593442,0.417473470312013,0.41650089723513
114304.097698811,0.41675915490332,0.415785005359905
114495.277027265,0.416046003622548,0.415070275227049
114686.776112721,0.415334014479333,0.414356704843461
114878.595489989,0.414623185486571,0.413644292219298
115070.735694774,0.413913514660401,0.412933035367966
115263.197263674,0.413205000020207,0.412222932306116
115455.980734188,0.412497639588608,0.411513981053634
115649.086644712,0.411791431391459,0.410806179633646
115842.515534543,0.411086373457836,0.4100995260725
116036.267943881,0.410382463820041,0.40939401839977
116230.344413828,0.409679700513585,0.408689654648246
116424.745486391,0.408978081577195,0.40798643285393
116619.471704485,0.408277605052798,0.407284351056029
116814.523611932,0.407578268985524,0.406583407296954
117009.901753463,0.406880071423693,0.405883599622309
117205.606674722,0.406183010418816,0.405184926080891
117401.638922264,0.405487084025584,0.404487384724677
117597.999043558,0.404792290301869,0.403790973608829
117794.68758699,0.404098627308712,0.40309569079168
117991.705101862,0.403406093110324,0.402401534334735
118189.052138396,0.402714685774074,0.401708502302657
118386.729247733,0.40202440337049,0.401016592763275
118584.736981936,0.401335243973247,0.400325803787564
118783.075893992,0.400647205659171,0.399636133449651
118981.746537812,0.399960286508223,0.398947579826804
119180.749468235,0.399274484603503,0.39826014099943
119380.085241026,0.398589798031236,0.397573815051064
119579.754412881,0.397906224880775,0.396888600068373
119779.757541427,0.397223763244591,0.396204494141139
119980.095185222,0.396542411218269,0.395521495362268
120180.767903761,0.3958621669005,0.394839601827771
120381.776257473,0.395183028393083,0.394158811636768
120583.120807724,0.39450499380091,0.393479122891477
120784.80211682,0.39382806123197,0.392800533697215
120986.820748007,0.393152228797335,0.392123042162386
121189.177265472,0.392477494611166,0.391446646398482
121391.872234349,0.391803856790693,0.390771344520072
121594.906220713,0.391131313456225,0.390097134644802
121798.279791589,0.390459862731133,0.389424014893387
122001.993514948,0.389789502741853,0.388751983389607
122206.047959712,0.389120231617875,0.388081038260299
122410.443695756,0.388452047491742,0.38741117763536
122615.181293906,0.387784948499042,0.386742399647729
122820.261325943,0.387118932778405,0.386074702433395
123025.684364605,0.386453998471495,0.385408084131382
123231.450983589,0.385790143723011,0.384742542883751
123437.561757548,0.385127366680672,0.38407807683559
123644.017262101,0.384465665495222,0.38341468413501
123850.818073825,0.383805038320418,0.382752362933145
124057.964770265,0.383145483313028,0.382091111384137
124265.45792993,0.382486998632827,0.381430927645142
124473.298132297,0.381829582442588,0.380771809876315
124681.485957812,0.38117323290808,0.380113756240814
124890.021987893,0.380517948198063,0.379456764904788
125098.906804928,0.37986372648428,0.378800834037376
125308.140992283,0.379210565941457,0.378145961810698
125517.725134295,0.378558464747292,0.377492146399858
125727.659816283,0.377907421082456,0.376839385982927
125937.945624541,0.377257433130584,0.376187678740952
126148.583146346,0.376608499078269,0.375537022857938
126359.572969955,0.375960617115062,0.374887416520852
126570.915684613,0.375313785433462,0.374238857919614
126782.611880546,0.374668002228917,0.373591345247094
126994.66214897,0.374023265699808,0.372944876699104
127207.067082088,0.37337957404746,0.372299450474398
127419.827273096,0.37273692547612,0.371655064774662
127632.94331618,0.372095318192967,0.371011717804515
127846.415806519,0.371454750408097,0.370369407771495
128060.245340291,0.370815220334522,0.369728132886066
128274.432514668,0.370176726188164,0.369087891361602
128488.977927822,0.369539266187854,0.36844868141439
128703.882178926,0.368902838555319,0.367810501263619
128919.145868152,0.368267441515186,0.367173349131384
129134.769596681,0.367633073294971,0.36653722324267
129350.753966696,0.366999732125079,0.365902121825355
129567.099581387,0.36636741623879,0.365268043110203
129783.807044955,0.365736123872269,0.36463498533086
130000.87696261,0.365105853264547,0.364002946723846
130218.309940574,0.364476602657523,0.363371925528555
130436.106586084,0.363848370295958,0.362741919987246
130654.267507392,0.363221154427473,0.362112928345041
130872.793313768,0.362594953302537,0.36148494884992
131091.684615501,0.361969765174471,0.360857979752714
131310.942023899,0.361345588299435,0.360232019307103
131530.566151294,0.360722420936431,0.359607065769611
131750.557611042,0.360100261347291,0.358983117399596
131970.917017526,0.359479107796677,0.358360172459257
132191.644986154,0.358858958552076,0.357738229213616
132412.742133364,0.358239811883792,0.357117285930521
132634.209076628,0.357621666064943,0.356497340880641
132856.046434446,0.357004519371462,0.355878392337459
133078.254826356,0.356388370082079,0.355260438577268
133300.834872931,0.355773216478332,0.354643477879168
133523.787195783,0.355159056844547,0.354027508525057
133747.112417561,0.354545889467848,0.353412528799635
133970.811161958,0.353933712638139,0.352798536990387
134194.884053709,0.353322524648112,0.352185531387592
134419.331718595,0.352712323793229,0.351573510284304
134644.154783442,0.352103108371729,0.350962471976363
134869.353876125,0.351494876684617,0.350352414762377
135094.92962557,0.350887627035662,0.349743336943724
135320.882661755,0.350281357731389,0.349135236824547
135547.213615709,0.349676067081079,0.34852811271175
135773.923119521,0.349071753396759,0.347921962914987
136001.011806332,0.348468414993206,0.34731678574667
136228.480310346,0.347866050187931,0.34671257952195
136456.329266825,0.347264657301184,0.346109342558724
136684.559312097,0.346664234655944,0.345507073177625
136913.171083551,0.346064780577917,0.344905769702019
137142.165219643,0.34546629339553,0.344305430457996
137371.542359896,0.344868771439929,0.343706053774377
137601.303144906,0.344272213044968,0.343107637982695
137831.448216336,0.343676616547214,0.342510181417201
138061.978216925,0.343081980285934,0.341913682414856
138292.893790486,0.342488302603096,0.341318139315326
138524.19558191,0.341895581843362,0.340723550460978
138755.884237166,0.341303816354084,0.340129914196877
138987.960403301,0.340713004485297,0.339537228870778
139220.424728448,0.340123144589721,0.338945492833127
139453.277861822,0.339534235022749,0.338354704437051
139686.520453725,0.33894627414245,0.337764862038358
139920.153155545,0.338359260309555,0.337175963995529
140154.17661976,0.337773191887464,0.336588008669717
140388.59149994,0.337188067242231,0.336000994424738
140623.398450749,0.336603884742568,0.335414919627074
140858.598127943,0.336020642759832,0.33482978264586
141094.191188378,0.335438339668031,0.334245581852888
141330.178290006,0.33485697384381,0.333662315622594
141566.560091881,0.334276543666454,0.333079982332062
141803.33725416,0.333697047517875,0.332498580361014
142040.510438101,0.333118483782619,0.331918108091809
142278.080306072,0.33254085084785,0.331338563909435
142516.047521546,0.331964147103356,0.330759946201509
142754.412749107,0.331388370941535,0.330182253358269
142993.176654449,0.3308135207574,0.329605483772574
143232.339904383,0.330239594948566,0.329029635839894
143471.90316683,0.329666591915253,0.328454707958312
143711.867110832,0.329094510060276,0.327880698528513
143952.23240655,0.328523347789044,0.327307605953787
144192.999725264,0.327953103509555,0.326735428640019
144434.169739378,0.327383775632392,0.326164164995688
144675.743122419,0.326815362570716,0.32559381343186
144917.720549043,0.326247862740267,0.325024372362188
145160.102695033,0.325681274559353,0.324455840202904
145402.890237302,0.325115596448854,0.323888215372815
145646.083853896,0.324550826832208,0.323321496293301
145889.684223993,0.323986964135417,0.322755681388311
146133.692027912,0.323424006787034,0.322190769084356
146378.107947103,0.322861953218163,0.321626757810506
146622.932664161,0.322300801862455,0.321063645998387
146868.166862821,0.321740551156104,0.320501432082178
147113.811227961,0.321181199537838,0.319940114498601
147359.866445605,0.320622745448924,0.319379691686924
147606.333202925,0.320065187333153,0.318820162088953
147853.21218824,0.319508523636845,0.318261524149029
148100.504091024,0.31895275280884,0.317703776314021
148348.209601901,0.318397873300494,0.31714691703333
148596.329412652,0.317843883565676,0.316590944758873
148844.864216213,0.317290782060764,0.31603585794509
149093.814706682,0.316738567244642,0.315481655048932
149343.181579315,0.316187237578691,0.314928334529864
149592.965530532,0.31563679152679,0.314375894849854
149843.167257919,0.315087227555311,0.313824334473374
150093.787460226,0.314538544133111,0.313273651867392
150344.826837374,0.313990739731535,0.312723845501372
150596.286090454,0.313443812824405,0.312174913847268
150848.165921729,0.312897761888019,0.31162685537952
151100.467034638,0.312352585401147,0.311079668575049
151353.190133795,0.311808281845027,0.310533351913256
151606.335924993,0.31126484970336,0.309987903876014
151859.905115206,0.310722287462306,0.309443322947668
152113.89841259,0.310180593610481,0.308899607615028
152368.316526485,0.309639766638954,0.308356756367368
152623.160167419,0.309099805041238,0.307814767696418
152878.430047107,0.308560707313292,0.307273640096364
153134.126878453,0.308022471953514,0.306733372063844
153390.251375557,0.307485097462737,0.306193962097938
153646.804253711,0.306948582344225,0.305655408700174
153903.786229403,0.306412925103669,0.305117710374514
154161.19802032,0.305878124249187,0.30458086562736
154419.040345351,0.305344178291311,0.30404487296754
154677.313924585,0.304811085742992,0.303509730906314
154936.019479316,0.304278845119593,0.30297543795736
155195.157732044,0.303747454938883,0.30244199263678
155454.72940648,0.303216913721035,0.30190939346309
155714.735227542,0.302687219988623,0.301377638957218
155975.175921363,0.302158372266614,0.300846727642499
156236.052215288,0.301630369082372,0.300316658044674
156497.364837882,0.301103208965644,0.299787428691881
156759.114518924,0.300576890448564,0.29925903811466
157021.301989419,0.300051412065645,0.298731484845939
157283.927981589,0.299526772353778,0.298204767421038
157546.993228886,0.299002969852226,0.297678884377659
157810.498465984,0.29848000310262,0.29715383425589
158074.44442879,0.297957870648956,0.296629615598192
158338.831854438,0.297436571037593,0.296106226949403
158603.661481298,0.296916102817243,0.29558366685673
158868.934048973,0.296396464538978,0.295061933869748
159134.650298304,0.295877654756213,0.294541026540392
159400.810971371,0.295359672024713,0.294020943422961
159667.416811495,0.294842514902583,0.293501683074103
159934.468563239,0.294326181950267,0.292983244052823
160201.966972414,0.293810671730544,0.292465624920471
160469.912786076,0.293295982808523,0.291948824240744
160738.306752531,0.292782113751639,0.291432840579676
161007.149621339,0.292269063129653,0.290917672505643
161276.44214331,0.291756829514643,0.290403318589348
161546.185070511,0.291245411481003,0.289889777403832
161816.379156269,0.29073480760544,0.289377047524453
162087.025155168,0.290225016466969,0.2888651275289
162358.123823056,0.289716036646908,0.288354015997174
162629.675917045,0.289207866728879,0.287843711511596
162901.682195511,0.288700505298798,0.287334212656797
163174.143418102,0.288193950944876,0.286825518019717
163447.060345735,0.287688202257615,0.286317626189598
163720.433740598,0.287183257829801,0.285810535757986
163994.264366156,0.286679116256502,0.285304245318724
164268.552987151,0.28617577613507,0.284798753467948
164543.300369602,0.285673236065124,0.284294058804084
164818.507280811,0.285171494648563,0.283790159927847
165094.174489364,0.284670550489548,0.283287055442232
165370.30276513,0.284170402194507,0.282784743952518
165646.892879267,0.283671048372127,0.282283224066256
165923.945604224,0.283172487633356,0.281782494393275
166201.46171374,0.28267471859139,0.281282553545667
166479.441982848,0.282177739861681,0.280783400137796
166757.88718788,0.281681550061922,0.280285032786285
167036.798106463,0.281186147812052,0.279787450110016
167316.175517527,0.280691531734248,0.279290650730128
167596.020201304,0.280197700452925,0.278794633270012
167876.332939331,0.279704652594727,0.278299396355306
168157.114514452,0.27921238678853,0.277804938613895
168438.365710821,0.278720901665431,0.277311258675906
168720.087313903,0.278230195858754,0.276818355173703
169002.280110476,0.277740268004037,0.276326226741886
169284.944888635,0.277251116739034,0.275834872017287
169568.082437794,0.27676274070371,0.275344289638965
169851.693548684,0.27627513854024,0.274854478248207
170135.779013363,0.275788308893,0.274365436488517
170420.339625209,0.275302250408569,0.273877163005622
170705.376178932,0.274816961735721,0.273389656447461
170990.889470568,0.274332441525428,0.272902915464185
171276.880297484,0.273848688430848,0.272416938708155
171563.349458381,0.273365701107329,0.271931724833936
171850.297753299,0.272883478212403,0.271447272498293
172137.725983612,0.27240201840578,0.270963580360193
172425.634952037,0.271921320349348,0.270480647080794
172714.025462631,0.27144138270717,0.269998471323451
173002.898320799,0.270962204145477,0.269517051753702
173292.254333291,0.270483783332668,0.269036387039276
173582.094308206,0.270006118939304,0.268556475850079
173872.419054996,0.269529209638109,0.268077316858201
174163.229384467,0.26905305410396,0.267598908737902
174454.526108779,0.26857765101389,0.267121250165621
174746.310041453,0.268102999047082,0.266644339819961
175038.581997368,0.267629096884865,0.266168176381693
175331.342792768,0.26715594321071,0.265692758533752
175624.593245262,0.266683536710233,0.265218084961232
175918.334173825,0.266211876071182,0.264744154351383
176212.566398804,0.26574095998344,0.264270965393611
176507.290741916,0.265270787139022,0.263798516779467
176802.508026253,0.264801356232069,0.263326807202656
177098.219076285,0.264332665958845,0.262855835359022
177394.424717859,0.263864715017736,0.262385599946552
177691.125778205,0.263397502109245,0.261916099665372
177988.323085934,0.262931025935989,0.26144733321774
178286.017471046,0.262465285202696,0.260979299308048
178584.209764928,0.262000278616202,0.260511996642816
178882.900800356,0.261536004885448,0.260045423930689
179182.091411502,0.261072462721475,0.259579579882437
179481.78243393,0.260609650837425,0.259114463210945
179781.974704603,0.260147567948532,0.258650072631219
180082.669061884,0.259686212772123,0.258186406860376
180383.866345539,0.259225584027615,0.257723464617645
180685.567396736,0.258765680436509,0.25726124462436
180987.773058053,0.258306500722391,0.256799745603962
181290.484173474,0.257848043610922,0.256338966281992
181593.701588397,0.257390307829845,0.255878905386091
181897.426149635,0.256933292108972,0.255419561645994
182201.658705412,0.256476995180186,0.254960933793529
182506.400105378,0.256021415777439,0.254503020562615
182811.651200598,0.255566552636744,0.254045820689257
183117.412843564,0.255112404496178,0.253589332911541
183423.685888192,0.254658970095875,0.25313355596964
183730.471189827,0.254206248178022,0.2526784886058
184037.769605245,0.25375423748686,0.252224129564343
184345.581992655,0.253302936768678,0.251770477591664
184653.909211699,0.252852344771812,0.25131753143623
184962.75212346,0.252402460246639,0.25086528984857
185272.111590459,0.251953281945577,0.250413751581279
185581.988476662,0.25150480862308,0.249962915389012
185892.383647478,0.251057039035638,0.249512780028485
186203.297969763,0.250609971941769,0.249063344258464
186514.732311825,0.250163606102023,0.248614606839773
186826.687543423,0.24971794027897,0.248166566535282
187139.164535769,0.249272973237207,0.24771922210991
187452.164161536,0.248828703743348,0.247272572330618
187765.687294855,0.248385130566022,0.24682661596641
188079.734811317,0.247942252475874,0.246381351788328
188394.30758798,0.24750006824556,0.24593677856945
188709.406503367,0.247058576649741,0.245492895084889
189025.032437473,0.246617776465083,0.245049700111783
189341.186271762,0.246177666470258,0.244607192429305
189657.868889174,0.245738245445932,0.244165370818648
189975.081174124,0.245299512174772,0.243724234063029
190292.824012509,0.244861465441433,0.243283780947685
190611.098291707,0.244424104032567,0.242844010259868
190929.904900576,0.24398742673681,0.242404920788849
191249.244729467,0.243551432344783,0.241966511325905
191569.118670217,0.243116119649092,0.241528780664326
191889.527616153,0.242681487444319,0.241091727599409
192210.4724621,0.242247534527026,0.24065535092845
192531.954104377,0.241814259695747,0.240219649450754
192853.973440802,0.241381661750989,0.239784621967617
193176.531370696,0.240949739495227,0.239350267282336
193499.628794883,0.2405184917329,0.238916584200201
193823.266615695,0.240087917270413,0.238483571528492
194147.445736972,0.239658014916131,0.238051228076478
194472.167064066,0.239228783480375,0.237619552655415
194797.431503844,0.238800221775423,0.23718854407854
195123.239964689,0.238372328615506,0.236758201161075
195449.593356503,0.237945102816802,0.236328522720215
195776.49259071,0.237518543197439,0.235899507575138
196103.93858026,0.237092648577488,0.235471154546989
196431.932239628,0.236667417778964,0.235043462458889
196760.474484819,0.236242849625819,0.234616430135925
197089.566233371,0.235818942943943,0.234190056405152
197419.208404355,0.235395696561161,0.233764340095587
197749.40191838,0.234973109307228,0.233339280038211
198080.147697596,0.234551180013829,0.232914875065962
198411.446665693,0.234129907514576,0.232491124013735
198743.299747908,0.233709290645004,0.23206802571838
199075.707871024,0.233289328242572,0.231645579018701
199408.671963376,0.232870019146653,0.231223782755446
199742.192954848,0.232451362198543,0.230802635771317
200076.271776884,0.232033356241446,0.230382136910955
200410.909362482,0.231616000120483,0.22996228502095
200746.106646203,0.231199292682679,0.229543078949827
201081.864564169,0.23078323277697,0.229124517548052
201418.18405407,0.230367819254193,0.228706599668025
201755.066055163,0.22995305096709,0.228289324164084
202092.511508276,0.229538926770299,0.227872689892492
202430.521355811,0.229125445520358,0.227456695711446
202769.096541745,0.228712606075697,0.227041340481069
203108.238011635,0.228300407296641,0.226626623063408
203447.946712621,0.227888848045403,0.226212542322432
203788.223593423,0.227477927186084,0.225799097124033
204129.069604352,0.22706764358467,0.225386286336018
204470.485697305,0.226657996109031,0.224974108828113
204812.472825775,0.226248983628916,0.224562563471956
205155.031944845,0.225840605015953,0.224151649141098
205498.1640112,0.225432859143647,0.223741364710999
205841.869983122,0.225025744887377,0.223331709059028
206186.150820497,0.224619261124389,0.222922681064458
206531.007484815,0.224213406733805,0.222514279608467
206876.440939178,0.223808180596608,0.222106503574133
207222.452148294,0.22340358159565,0.221699351846435
207569.042078488,0.222999608615644,0.221292823312247
207916.2116977,0.222596260543164,0.220886916860342
208263.961975488,0.22219353626664,0.220481631381383
208612.293883033,0.221791434676361,0.220076965767927
208961.208393141,0.221389954664469,0.219672918914418
209310.706480242,0.220989095124957,0.219269489717191
209660.789120399,0.220588854953668,0.218866677074463
210011.457291305,0.220189233048293,0.218464479886337
210362.711972292,0.219790228308368,0.218062897054795
210714.554144325,0.219391839635274,0.217661927483704
211066.984790013,0.218994065932229,0.217261570078803
211420.004893608,0.218596906104296,0.216861823747711
211773.615441008,0.218200359058371,0.21646268739992
212127.817419759,0.217804423703188,0.216064159946796
212482.611819061,0.217409098949311,0.215666240301571
212837.999629765,0.217014383709138,0.215268927379352
213193.981844383,0.216620276896895,0.214872220097109
213550.559457085,0.216226777428636,0.214476117373678
213907.733463704,0.215833884222239,0.214080618129758
214265.504861738,0.215441596197408,0.213685721287913
214623.874650354,0.215049912275664,0.213291425772561
214982.843830392,0.214658831380354,0.212897730509985
215342.413404362,0.214268352436635,0.21250463442832
215702.584376455,0.213878474371486,0.212112136457557
216063.357752538,0.213489196113698,0.21172023552954
216424.734540162,0.213100516593872,0.211328930577967
216786.715748563,0.212712434744423,0.210938220538382
217149.302388666,0.212324949499571,0.210548104348181
217512.495473085,0.211938059795345,0.210158580946604
217876.296016128,0.211551764569578,0.209769649274739
218240.705033801,0.211166062761905,0.209381308275514
218605.723543808,0.210780953313765,0.208993556893702
218971.352565555,0.210396435168394,0.208606394075915
219337.593120154,0.210012507270829,0.208219818770604
219704.446230425,0.209629168567899,0.207833829928059
220071.912920896,0.209246418008231,0.207448426500405
220439.994217813,0.208864254542243,0.2070636074416
220808.691149134,0.208482677122146,0.206679371707437
221178.004744539,0.208101684701939,0.20629571825554
221547.93603543,0.207721276237409,0.205912646045365
221918.486054934,0.20734145068613,0.205530154038193
222289.655837905,0.206962207007461,0.205148241197135
222661.446420928,0.206583544162544,0.204766906487128
223033.858842323,0.206205461114302,0.204386148874934
223406.894142145,0.205827956827438,0.204005967329136
223780.55336219,0.205451030268437,0.203626360820143
224154.837545996,0.205074680405555,0.203247328320181
224529.747738846,0.20469890620883,0.202868868803298
224905.284987771,0.20432370665007,0.202490981245358
225281.450341554,0.203949080702857,0.202113664624045
225658.244850732,0.203575027342544,0.201736917918856
226035.669567599,0.203201545546256,0.201360740111106
226413.725546209,0.202828634292884,0.200985130183918
226792.413842378,0.202456292563087,0.200610087122233
227171.735513689,0.20208451933929,0.200235609912799
227551.691619495,0.201713313605683,0.199861697544177
227932.283220918,0.201342674348218,0.199488349006733
228313.511380857,0.20097260055461,0.199115563292646
228695.377163987,0.200603091214334,0.198743339395898
229077.881636766,0.200234145318624,0.198371676312277
229461.025867434,0.199865761860474,0.198000573039376
229844.810926018,0.199497939834634,0.197630028576594
230229.237884334,0.199130678237608,0.197260041925128
230614.307815994,0.198763976067657,0.19689061208798
231000.0217964,0.198397832324794,0.196521738069953
231386.380902758,0.198032246010785,0.196153418877648
231773.386214072,0.197667216129147,0.195785653519465
232161.038811153,0.197302741685147,0.195418441005604
232549.339776618,0.196938821685801,0.19505178034806
232938.290194897,0.196575455139873,0.194685670560626
233327.891152231,0.196212641057874,0.194320110658889
233718.143736681,0.19585037845206,0.193955099660231
234109.049038123,0.195488666336435,0.193590636583829
234500.608148262,0.195127503726742,0.193226720450652
234892.822160624,0.194766889640473,0.192863350283463
235285.692170566,0.194406823096856,0.192500525106814
235679.219275277,0.194047303116866,0.19213824394705
236073.404573781,0.193688328723212,0.191776505832307
236468.24916694,0.19332989894035,0.191415309792508
236863.754157457,0.192972012794468,0.191054654859367
237259.92064988,0.192614669313496,0.190694540066388
237656.749750605,0.192257867527098,0.190334964448858
238054.242567875,0.191901606466678,0.189975927043857
238452.400211792,0.191545885165371,0.189617426890248
238851.22379431,0.191190702658052,0.189259463028683
239250.714429246,0.190836057981326,0.188902034501596
239650.873232277,0.190481950173534,0.18854514035321
240051.701320949,0.190128378274748,0.188188779629532
240453.199814675,0.189775341326773,0.187832951378352
240855.369834742,0.189422838373146,0.187477654649246
241258.21250431,0.189070868459135,0.187122888493574
241661.72894842,0.188719430631738,0.186768651964476
242065.920293993,0.188368523939684,0.186414944116879
242470.787669836,0.188018147433429,0.186061764007492
242876.332206644,0.187668300165162,0.185709110694804
243282.555037001,0.187318981188798,0.18535698323909
243689.457295388,0.18697018955998,0.185005380702405
244097.040118183,0.18662192433608,0.184654302148584
244505.304643663,0.186274184576196,0.18430374664325
244914.25201201,0.185926969341155,0.1839537132538
245323.883365314,0.185580277693509,0.183604201049418
245734.199847572,0.185234108697537,0.183255209101066
246145.202604699,0.184888461419246,0.182906736481491
246556.892784522,0.184543334926365,0.182558782265217
246969.271536791,0.184198728288353,0.182211345528554
247382.340013178,0.183854640576392,0.181864425349589
247796.09936728,0.183511070863392,0.181518020808194
248210.550754626,0.183168018223984,0.181172130986019
248625.695332675,0.182825481734529,0.180826754966499
249041.534260825,0.18248346047311,0.180481891834849
249458.068700409,0.182141953519538,0.180137540678067
249875.299814706,0.181800959955345,0.17979370058493
250293.228768939,0.181460478863793,0.179450370646003
250711.856730281,0.181120509329866,0.179107549953628
251131.184867855,0.180781050440275,0.178765237601934
251551.214352743,0.180442101283456,0.178423432686829
251971.946357981,0.180103660949569,0.17808213430601
252393.382058571,0.179765728530503,0.177741341558953
252815.522631478,0.179428303119871,0.177401053546922
253238.369255637,0.179091383813012,0.177061269372963
253661.923111953,0.178754969706992,0.176721988141908
254086.185383308,0.178419059900605,0.176383208960376
254511.157254562,0.178083653494371,0.176044930936772
254936.839912556,0.177748749590537,0.175707153181286
255363.234546116,0.177414347293079,0.175369874805898
255790.342346057,0.177080445707702,0.175033094924374
256218.164505185,0.176747043941838,0.17469681265227
256646.702218303,0.17641414110465,0.17436102710693
257075.95668221,0.176081736307031,0.174025737407491
257505.929095708,0.175749828661602,0.173690942674878
257936.620659602,0.175418417282718,0.173356642031808
258368.032576709,0.175087501286466,0.173022834602793
258800.166051855,0.174757079790662,0.172689519514136
259233.022291882,0.174427151914859,0.172356695893934
259666.602505651,0.174097716780342,0.172024362872082
260100.907904044,0.173768773510131,0.171692519580268
260535.939699967,0.173440321228981,0.17136116515198
260971.699108359,0.173112359063384,0.171030298722502
261408.187346187,0.172784886141571,0.170699919428918
261845.405632455,0.172457901593507,0.170370026410114
262283.355188205,0.172131404550901,0.170040618806774
262722.037236522,0.171805394147197,0.169711695761389
263161.453002537,0.171479869517587,0.169383256418252
263601.603713429,0.171154829798999,0.169055299923459
264042.490598431,0.170830274130108,0.168727825424918
264484.11488883,0.170506201651332,0.168400832072338
264926.477817974,0.170182611504838,0.168074319017244
265369.580621274,0.169859502834536,0.167748285412966
265813.424536205,0.169536874786086,0.167422730414651
266258.010802314,0.1692147265069,0.167097653179256
266703.340661221,0.168893057146138,0.166773052865555
267149.415356622,0.168571865854715,0.166448928634137
267596.236134293,0.168251151785298,0.166125279647413
268043.804242095,0.167930914092311,0.165802105069608
268492.120929973,0.167611151931934,0.165479404066776
268941.187449967,0.167291864462108,0.165157175806788
269391.005056207,0.166973050842532,0.164835419459344
269841.575004923,0.166654710234668,0.164514134195969
270292.898554446,0.166336841801741,0.164193319190019
270744.976965211,0.166019444708742,0.163872973616679
271197.81149976,0.165702518122432,0.163553096652968
271651.403422749,0.165386061211335,0.163233687477739
272105.754000948,0.165070073145753,0.162914745271682
272560.864503246,0.164754553097757,0.162596269217326
273016.736200653,0.164439500241194,0.162278258499041
273473.370366308,0.164124913751688,0.161960712303041
273930.768275475,0.163810792806644,0.161643629817384
274388.931205555,0.163497136585246,0.161327010231977
274847.860436083,0.163183944268463,0.161010852738576
275307.557248735,0.16287121503905,0.16069515653079
275768.022927331,0.16255894808155,0.160379920804084
276229.258757837,0.162247142582297,0.160065144755779
276691.266028371,0.161935797729417,0.159750827585055
277154.046029205,0.161624912712831,0.159436968492955
277617.60005277,0.161314486724261,0.15912356668239
278081.929393657,0.161004518957227,0.158810621358134
278547.035348622,0.160695008607052,0.158498131726834
279012.919216592,0.160385954870867,0.158186096997009
279479.582298667,0.160077356947608,0.157874516379056
279947.02589812,0.159769214038027,0.157563389085249
280415.251320404,0.159461525344687,0.157252714329745
280884.25987316,0.159154290071969,0.156942491328583
281354.05286621,0.158847507426074,0.156632719299695
281824.631611572,0.158541176615027,0.156323397462897
282295.997423455,0.158235296848677,0.156014525039906
282768.151618266,0.157929867338705,0.155706101254331
283241.095514618,0.157624887298623,0.155398125331684
283714.830433324,0.157320355943779,0.15509059649938
284189.357697408,0.15701627249136,0.154783513986741
284664.678632109,0.156712636160396,0.154476877025001
285140.794564881,0.156409446171763,0.154170684847306
285617.706825398,0.156106701748185,0.15386493668872
286095.416745556,0.155804402114241,0.15355963178623
286573.925659482,0.155502546496366,0.153254769378746
287053.234903534,0.155201134122854,0.152950348707106
287533.345816303,0.154900164223864,0.152646369014082
288014.259738621,0.154599636031423,0.152342829544382
288495.97801356,0.154299548779431,0.152039729544653
288978.501986443,0.153999901703662,0.151737068263487
289461.833004837,0.15370069404177,0.151434844951423
289945.972418568,0.153401925033292,0.151133058860954
290430.921579717,0.153103593919657,0.150831709246527
290916.681842628,0.152805699944182,0.15053079536455
291403.254563908,0.152508242352083,0.150230316473399
291890.641102435,0.152211220390475,0.149930271833414
292378.842819359,0.15191463330838,0.149630660706913
292867.861078106,0.15161848035673,0.149331482358189
293357.697244385,0.151322760788372,0.149032736053521
293848.352686185,0.15102747385807,0.148734421061171
294339.828773787,0.150732618822515,0.148436536651396
294832.126879762,0.150438194940323,0.148139082096449
295325.248378976,0.150144201472048,0.147842056670586
295819.194648596,0.14985063768018,0.147545459650065
296313.967068092,0.149557502829153,0.147249290313161
296809.567019241,0.149264796185351,0.146953547940161
297305.995886131,0.148972517017112,0.146658231813377
297803.255055165,0.148680664594732,0.146363341217146
298301.345915065,0.148389238190473,0.146068875437837
298800.269856876,0.148098237078568,0.145774833763858
299300.028273968,0.147807660535224,0.145481215485658
299800.622562044,0.14751750783863,0.145188019895735
300302.054119139,0.147227778268964,0.144895246288643
300804.324345629,0.146938471108394,0.144602893960993
301307.434644229,0.14664958564109,0.144310962211463
301811.386420003,0.146361121153225,0.144019450340801
302316.181080362,0.146073076932983,0.143728357651833
302821.820035075,0.145785452270566,0.143437683449468
303328.304696264,0.1454982464582,0.143147427040706
303835.636478418,0.145211458790137,0.142857587734637
304343.816798386,0.14492508856267,0.14256816484246
304852.847075394,0.144639135074131,0.142279157677477
305362.728731034,0.144353597624905,0.141990565555105
305873.463189282,0.144068475517429,0.141702387792883
306385.051876492,0.143783768056206,0.141414623710477
306897.496221405,0.143499474547807,0.141127272629688
307410.797655151,0.143215594300882,0.140840333874456
307924.957611255,0.142932126626163,0.140553806770871
308439.977525636,0.142649070836473,0.140267690647177
308955.858836621,0.142366426246734,0.139981984833778
309472.602984936,0.142084192173976,0.139696688663251
309990.211413722,0.14180236793734,0.139411801470346
310508.685568529,0.141520952858088,0.139127322591996
311028.026897329,0.141239946259613,0.138843251367329
311548.236850513,0.140959347467444,0.138559587137666
312069.316880899,0.140679155809252,0.13827632924654
312591.268443734,0.140399370614866,0.137993477039693
313114.092996702,0.140119991216271,0.137711029865092
313637.79199992,0.139841016947625,0.137428987072931
314162.366915951,0.139562447145261,0.137147348015645
314687.819209803,0.1392842811477,0.136866112047911
315214.150348935,0.139006518295657,0.136585278526664
315741.361803258,0.138729157932051,0.136304846811098
316269.455045145,0.138452199402014,0.13602481626268
316798.431549429,0.1381756420529,0.135745186245156
317328.292793411,0.137899485234292,0.13546595612456
317859.040256862,0.137623728298013,0.135187125269223
318390.675422029,0.137348370598138,0.134908693049782
318923.199773637,0.137073411491,0.134630658839189
319456.614798896,0.136798850335197,0.134353022012719
319990.921987501,0.13652468649161,0.134075781947983
320526.12283164,0.136250919323405,0.133798938024931
321062.218825997,0.135977548196049,0.133522489625869
321599.211467756,0.135704572477315,0.13324643613546
322137.102256604,0.135431991537295,0.132970776940742
322675.892694737,0.135159804748412,0.132695511431135
323215.584286864,0.134888011485427,0.132420638998447
323756.17854021,0.134616611125451,0.13214615903689
324297.676964521,0.134345603047958,0.131872070943086
324840.081072068,0.134074986634793,0.13159837411608
325383.392377652,0.133804761270184,0.131325067957349
325927.612398607,0.133534926340756,0.131052151870814
326472.742654804,0.133265481235537,0.130779625262847
327018.78466866,0.132996425345975,0.130507487542288
327565.739965131,0.132727758065948,0.130235738120451
328113.610071732,0.132459478791772,0.129964376411136
328662.396518526,0.13219158692222,0.129693401830644
329212.100838139,0.131924081858528,0.129422813797782
329762.724565759,0.131656963004412,0.12915261173388
330314.269239143,0.131390229766078,0.1288827950628
330866.736398617,0.131123881552233,0.128613363210949
331420.127587087,0.130857917774104,0.128344315607291
331974.444350036,0.130592337845442,0.128075651683359
332529.688235536,0.130327141182545,0.127807370873265
333085.860794243,0.130062327204264,0.127539472613716
333642.963579411,0.129797895332019,0.127271956344025
334200.998146892,0.129533844989813,0.127004821506123
334759.966055136,0.129270175604247,0.126738067544573
335319.868865202,0.12900688660453,0.126471693906583
335880.708140763,0.128743977422498,0.126205700042019
336442.485448101,0.128481447492625,0.125940085403418
337005.202356124,0.12821929625204,0.125674849446001
337568.86043636,0.127957523140539,0.125409991627688
338133.461262966,0.127696127600604,0.125145511409112
338699.006412734,0.127435109077413,0.124881408253632
339265.49746509,0.127174467018858,0.124617681627345
339832.936002105,0.126914200875565,0.124354330999108
340401.323608494,0.126654310100899,0.124091355840543
340970.661871623,0.126394794150991,0.123828755626057
341540.952381513,0.126135652484746,0.123566529832857
342112.196730844,0.125876884563866,0.123304677940964
342684.396514961,0.12561848985286,0.123043199433226
343257.553331876,0.125360467819066,0.122782093795339
343831.668782275,0.125102817932664,0.122521360515856
344406.74446952,0.124845539666697,0.122260999086209
344982.781999655,0.124588632497086,0.12200100900072
345559.782981411,0.124332095902646,0.121741389756618
346137.749026209,0.124075929365107,0.12148214085406
346716.681748164,0.123820132369133,0.121223261796142
347296.582764093,0.123564704402335,0.120964752088917
347877.453693517,0.123309644955293,0.120706611241414
348459.296158664,0.123054953521576,0.120448838765652
349042.111784476,0.122800629597757,0.120191434176663
349625.902198612,0.122546672683436,0.119934396992502
350210.669031457,0.122293082281256,0.119677726734268
350796.413916119,0.122039857896927,0.119421422926126
351383.138488437,0.121786999039242,0.11916548509532
351970.844386989,0.121534505220097,0.11890991277219
352559.533253093,0.121282375954515,0.118654705490198
353149.206730811,0.121030610760663,0.118399862785939
353739.866466954,0.120779209159876,0.118145384199167
354331.51411109,0.120528170676676,0.117891269272805
354924.151315544,0.120277494838792,0.117637517552976
355517.779735406,0.120027181177186,0.117384128589013
356112.401028532,0.119777229226073,0.117131101933484
356708.016855553,0.119527638522941,0.11687843714221
357304.628879877,0.119278408608575,0.116626133774289
357902.238767695,0.119029539027081,0.116374191392111
358500.848187981,0.118781029325909,0.116122609561382
359100.458812504,0.118532879055875,0.115871387851148
359701.07231583,0.118285087771183,0.115620525833808
360302.690375322,0.118037655029453,0.115370023085147
360905.314671151,0.117790580391743,0.115119879184348
361508.946886298,0.117543863422572,0.114870093714018
362113.588706559,0.117297503689949,0.114620666260212
362719.241820548,0.117051500765392,0.114371596412452
363325.907919706,0.116805854223961,0.114122883763754
363933.588698299,0.116560563644276,0.113874527910647
364542.285853432,0.116315628608547,0.1136265284532
365152.001085043,0.116071048702603,0.113378884995043
365762.736095918,0.115826823515912,0.113131597143393
366374.492591687,0.115582952641614,0.112884664509076
366987.272280837,0.115339435676542,0.112638086706555
367601.076874708,0.115096272221259,0.112391863353952
368215.908087506,0.114853461880077,0.112145994073072
368831.767636301,0.114611004261088,0.111900478489432
369448.657241039,0.114368898976195,0.111655316232285
370066.578624537,0.11412714564114,0.111410506934646
370685.533512499,0.11388574387553,0.111166050233316
371305.523633512,0.113644693302874,0.110921945768913
371926.550719055,0.113403993550603,0.110678193185897
372548.616503504,0.11316364425011,0.110434792132595
373171.722724134,0.112923645036775,0.110191742261231
373795.871121127,0.112683995549998,0.109949043227955
374421.063437576,0.11244469543323,0.109706694692865
375047.301419486,0.112205744334008,0.109464696320044
375674.586815788,0.111967141903981,0.109223047777583
376302.921378333,0.111728887798948,0.108981748737611
376932.306861905,0.111490981678891,0.108740798876326
377562.745024222,0.111253423208004,0.108500197874025
378194.237625942,0.111016212054731,0.10825994541513
378826.786430666,0.110779347891801,0.108020041188225
379460.393204949,0.110542830396258,0.10778048488608
380095.059718296,0.110306659249502,0.107541276205688
380730.787743176,0.110070834137317,0.107302414848293
381367.579055017,0.109835354749917,0.107063900519425
382005.435432223,0.109600220781974,0.106825732928926
382644.358656167,0.109365431932657,0.10658791179099
383284.350511205,0.109130987905672,0.106350436824193
383925.412784674,0.108896888409297,0.106113307751525
384567.547266905,0.108663133156422,0.105876524300425
385210.755751218,0.108429721864585,0.105640086202815
385855.040033938,0.108196654256015,0.105403993195135
386500.40191439,0.107963930057666,0.105168245018378
387146.843194912,0.107731549001265,0.104932841418124
387794.365680852,0.107499510823344,0.104697782144577
388442.971180583,0.107267815265288,0.104463066952599
389092.661505497,0.107036462073371,0.104228695601752
389743.438470021,0.106805450998802,0.103994667856326
390395.303891612,0.106574781797767,0.103760983485386
391048.259590771,0.106344454231469,0.103527642262802
391702.30739104,0.106114468066176,0.103294643967293
392357.449119015,0.105884823073259,0.103061988382461
393013.686604342,0.105655519029245,0.102829675296833
393671.021679733,0.105426555715853,0.102597704503899
394329.45618096,0.105197932920048,0.102366075802154
394988.99194687,0.104969650434079,0.102134788995136
395649.630819381,0.104741708055535,0.101903843891468
396311.374643495,0.104514105587382,0.101673240304899
396974.2252673,0.10428684283802,0.101442978054347
397638.184541972,0.104059919621326,0.101213056963939
398303.254321786,0.103833335756704,0.100983476863055
398969.436464119,0.103607091069137,0.100754237586373
399636.73282945,0.103381185389235,0.100525338973909
400305.145281375,0.103155618553284,0.100296780871063
400974.675686604,0.102930390403301,0.100068563128666
401645.32591497,0.102705500787086,0.0998406856030209
402317.097839433,0.10248094955827,0.0996131481559507
402989.993336086,0.102256736576373,0.0993859506548444
403664.01428416,0.102032861706857,0.099159092972704
404339.162566029,0.101809324821178,0.0989325749881906
405015.440067215,0.101586125796845,0.0987063965856739
405692.848676394,0.10136326451747,0.0984805576552783
406371.3902854,0.101140740872832,0.0982550580929342
407051.066789233,0.100918554758928,0.0980298978004249
407731.880086061,0.100696706078033,0.0978050766854392
408413.832077228,0.100475194738759,0.097580594661619
409096.924667255,0.100254020656114,0.0973564516486131
409781.159763854,0.100033183751561,0.0971326475721266
410466.539277922,0.0998126839530785,0.0969091823639747
411153.065123555,0.0995925211952232,0.0966860559621343
411840.73921805,0.0993726954191912,0.0964632683107984
412529.563481912,0.0991532065728796,0.0962408193604289
413219.539838856,0.0989340546109525,0.0960187090678126
413910.670215815,0.0987152394949024,0.0957969373961144
414602.956542944,0.0984967611931176,0.0955755043149353
415296.400753631,0.0982786196809459,0.0953544098003666
415991.004784491,0.0980608149407631,0.0951336538350489
416686.770575384,0.097843346962038,0.0949132364082277
417383.700069409,0.0976262157414031,0.0946931575158138
418081.79521292,0.097409421282721,0.0944734171604401
418781.057955524,0.0971929635971553,0.0942540153515223
419481.490250088,0.0969768427032412,0.0940349521053193
420183.094052746,0.0967610586269569,0.0938162274449936
420885.871322905,0.0965456114017945,0.0935978414006725
421589.824023248,0.0963305010688341,0.0933797940095103
422294.954119741,0.0961157276768177,0.0931620853157524
423001.263581637,0.0959012912822238,0.0929447153707975
423708.754381484,0.0956871919493419,0.0927276842332622
424417.42849513,0.09547342975035,0.0925109919690454
425127.287901726,0.0952600047653921,0.0922946386513957
425838.334583732,0.0950469170826559,0.0920786243609759
426550.570526928,0.0948341667984518,0.0918629491859307
427263.997720413,0.0946217540172928,0.0916476132219544
427978.618156612,0.0944096788519766,0.0914326165723598
428694.433831282,0.0941979414236666,0.0912179593481476
429411.446743522,0.0939865418619742,0.0910036416680749
430129.658895768,0.0937754803050442,0.0907896636587281
430849.072293813,0.0935647568996376,0.0905760254545925
431569.688946798,0.0933543718012195,0.0903627271981262
432291.510867227,0.0931443251740441,0.0901497690398319
433014.540070973,0.0929346171912427,0.0899371511383309
433738.778577276,0.0927252480349135,0.0897248736604387
434464.228408754,0.0925162178962107,0.0895129367812397
435190.89159141,0.0923075269754344,0.0893013406841627
435918.770154636,0.0920991754821235,0.089090085561059
436647.866131216,0.0918911636351487,0.08887917161228
437378.181557333,0.0916834916628059,0.0886685990467558
438109.718472578,0.0914761598029109,0.0884583680820742
438842.478919956,0.0912691683028956,0.0882484789445612
439576.464945883,0.0910625174199062,0.0880389318693628
440311.678600199,0.0908562074209006,0.0878297271005267
441048.121936177,0.0906502385827472,0.0876208648910842
441785.797010521,0.0904446111923263,0.0874123455031349
442524.705883372,0.0902393255466318,0.0872041692079316
443264.850618324,0.0900343819528732,0.0869963362859643
444006.233282415,0.0898297807285804,0.0867888470270487
444748.855946146,0.089625522201708,0.0865817017304106
445492.720683476,0.0894216067107425,0.0863749007047773
446237.829571837,0.0892180346048083,0.0861684442684633
446984.184692133,0.0890148062437787,0.0859623327494633
447731.78812875,0.0888119219983831,0.0857565664855406
448480.641969559,0.0886093822503204,0.0855511458243207
449230.748305925,0.0884071873923697,0.0853460711233824
449982.109232707,0.0882053378285051,0.0851413427503532
450734.726848273,0.0880038339740095,0.0849369610830022
451488.603254497,0.0878026762555918,0.0847329265093368
452243.740556768,0.0876018651115039,0.0845292394276992
453000.140864,0.0874014009916586,0.0843259002468627
453757.806288631,0.0872012843577504,0.0841229093861309
454516.738946632,0.0870015156833776,0.0839202672754381
455276.940957517,0.086802095454163,0.0837179743554477
456038.41444434,0.0866030241678798,0.0835160310776554
456801.161533709,0.0864043023345755,0.0833144379044897
457565.184355788,0.0862059304766998,0.0831131953094177
458330.485044305,0.0860079091292316,0.0829123037770469
459097.065736553,0.0858102388398096,0.0827117638032327
459864.928573405,0.0856129201688618,0.082511575895183
460634.07569931,0.0854159536897394,0.0823117405715676
461404.509262307,0.0852193399888489,0.0821122583626245
462176.231414026,0.0850230796657887,0.0819131298102714
462949.244309697,0.0848271733334841,0.0817143554682147
463723.550108152,0.0846316216183272,0.081515935902062
464499.150971839,0.0844364251603144,0.0813178716894339
465276.049066815,0.0842415846131894,0.081120163420079
466054.246562769,0.0840471006445834,0.0809228116959868
466833.74563301,0.0838529739361616,0.0807258171315055
467614.548454489,0.0836592051837664,0.0805291803534565
468396.657207794,0.083465795097566,0.0803329020012551
469180.074077163,0.0832727444022017,0.0801369827270267
469964.801250482,0.0830800538369394,0.0799414231957291
470750.840919304,0.0828877241558193,0.0797462240852721
471538.195278841,0.0826957561278115,0.079551386086641
472326.866527981,0.0825041505369683,0.0793569099040184
473116.856869286,0.0823129081825827,0.0791627962549103
473908.168509005,0.0821220298793443,0.0789690458702699
474700.803657074,0.0819315164575013,0.0787756594946259
475494.764527129,0.0817413687630187,0.0785826378862084
476290.053336505,0.0815515876577443,0.0783899818170793
477086.672306248,0.0813621740195701,0.0781976920732605
477884.623661118,0.081173128742601,0.0780057694548666
478683.909629595,0.0809844527373203,0.0778142147762353
479484.532443887,0.0807961469307609,0.0776230288660622
480286.494339936,0.080608212266675,0.0774322125675329
481089.797557424,0.0804206497057079,0.0772417667384608
481894.444339777,0.0802334602255713,0.0770516922514211
482700.436934175,0.0800466448212209,0.0768619899938906
483507.777591557,0.0798602045050324,0.076672660868384
484316.468566625,0.0796741403069828,0.0764837057925959
485126.512117853,0.0794884532748301,0.0762951256995392
485937.910507491,0.079303144474298,0.0761069215376893
486750.666001578,0.0791182149892584,0.0759190942711246
487564.780869934,0.0789336659219202,0.075731644879673
488380.257386185,0.0787494983930152,0.0755445743590546
489197.097827753,0.0785657135419903,0.0753578837210295
490015.304475872,0.078382312527197,0.075171573993544
490834.87961559,0.0781992965260866,0.0749856462208794
491655.82553578,0.078016666735404,0.0748001014638006
492478.144529138,0.0778344243713861,0.0746149407997073
493301.838892201,0.0776525706699586,0.0744301653227841
494126.91092534,0.077471106886939,0.074245776144154
494953.362932781,0.077290034298236,0.0740617743920307
495781.197222597,0.0771093542000564,0.0738781612118738
496610.416106726,0.0769290679091083,0.073694937766543
497441.021900971,0.0767491767628111,0.0735121052364558
498273.016925009,0.0765696821195025,0.073329664819743
499106.403502395,0.0763905853586518,0.0731476177324085
499941.183960575,0.0762118878810712,0.0729659652084868
500777.36063088,0.0760335911091316,0.0727847085002046
501614.935848549,0.075855696486978,0.0726038488781398
502453.911952719,0.075678205480749,0.0724233876313852
503294.291286445,0.0755011195787952,0.0722433260677091
504136.076196697,0.0753244402919029,0.072063665513721
504979.269034375,0.0751481691535152,0.0718844073150332
505823.872154304,0.07497230771996,0.0717055528364284
506669.887915256,0.074796857570674,0.0715271034620233
507517.318679941,0.0746218203084344,0.0713490605954374
508366.166815025,0.0744471975595864,0.0711714256599575
509216.43469113,0.0742729909742782,0.0709942000987088
510068.124682845,0.0740992022266922,0.0708173853748206
510921.239168728,0.0739258330152826,0.0706409829715979
511775.780531319,0.0737528850630112,0.0704649943926896
512631.751157138,0.0735803601175875,0.0702894211622603
513489.153436702,0.0734082599517079,0.07011426482516
514347.989764523,0.0732365863632985,0.0699395269470966
515208.262539118,0.0730653411757595,0.0697652091148075
516069.974163015,0.0728945262382097,0.0695913129362325
516933.127042763,0.0727241434257334,0.0694178400406857
517797.723588936,0.0725541946396292,0.0692447920790288
518663.766216136,0.0723846818076604,0.0690721707238459
519531.257343006,0.0722156068843062,0.0688999776696162
520400.199392237,0.0720469718510142,0.0687282146328874
521270.594790565,0.0718787787164562,0.0685568833524516
522142.445968793,0.0717110295167825,0.0683859855895175
523015.755361783,0.071543726315881,0.0682155231278873
523890.525408475,0.0713768712056344,0.0680454977741283
524766.758551882,0.0712104663061813,0.06787591135775
525644.45723911,0.0710445137661769,0.067706765731376
526523.623921352,0.0708790157630565,0.0675380627709204
527404.261053904,0.0707139745032982,0.0673698043757599
528286.371096169,0.0705493922226888,0.067201992468908
529169.956511662,0.0703852711865903,0.0670346289971895
530055.019768016,0.0702216136902069,0.0668677159314122
530941.563336995,0.070058422058853,0.0667012552665397
531829.589694499,0.0698956986482232,0.0665352490218631
532719.101320563,0.0697334458446631,0.0663696992411735
533610.100699373,0.0695716660654402,0.0662046079929314
534502.590319271,0.0694103617590161,0.066039977370437
535396.57267276,0.0692495354053197,0.0658758094919992
536292.050256512,0.0690891895160217,0.065712106501104
537189.025571373,0.0689293266348085,0.0655488705665814
538087.501122373,0.0687699493376572,0.0653861038827711
538987.479418735,0.0686110602331123,0.0652238086696873
539888.962973873,0.0684526619625617,0.0650619871731827
540791.954305411,0.0682947572005131,0.0649006416651097
541696.455935176,0.0681373486548722,0.0647397744434819
542602.470389221,0.0679804390672186,0.0645793878326319
543510.000197818,0.0678240312130858,0.0644194841833696
544419.047895476,0.0676681279022368,0.0642600658731366
545329.616020938,0.0675127319789442,0.0641011353061607
546241.707117197,0.0673578463222664,0.0639426949136061
547155.323731499,0.0672034738463269,0.0637847471537234
548070.468415346,0.0670496175005916,0.0636272945119967
548987.143724513,0.0668962802701461,0.0634703395012868
549905.352219048,0.0667434651759726,0.063313884661974
550825.09646328,0.0665911752752275,0.0631579325620974
551746.379025826,0.0664394136615172,0.0630024857974909
552669.202479601,0.0662881834651727,0.0628475469919164
553593.569401824,0.0661374878535253,0.0626931187971935
554519.482374022,0.0659873300311804,0.0625392038933281
555446.943982042,0.0658377132402894,0.0623858049886337
556375.956816054,0.0656886407608229,0.062232924819853
557306.523470562,0.0655401159108397,0.0620805661522724
558238.646544407,0.0653921420467573,0.0619287317798358
559172.328640781,0.0652447225636182,0.0617774245252507
560107.572367224,0.0650978608953579,0.0616266472400941
561044.380335644,0.0649515605150669,0.0614764028049093
561982.755162311,0.0648058249352556,0.0613266941293031
562922.699467876,0.0646606577081125,0.0611775241520329
563864.21587737,0.0645160624257645,0.0610288958410937
564807.307020216,0.0643720427205315,0.0608808121937959
565751.975530233,0.0642286022651809,0.0607332762368403
566698.22404565,0.0640857447731776,0.0605862910263857
567646.055209101,0.0639434739989333,0.0604398596481123
568595.471667648,0.0638017937380504,0.0602939852172767
569546.476072773,0.0636607078275657,0.0601486708787634
570499.071080398,0.0635202201461877,0.060003919807127
571453.259350885,0.0633803346145332,0.0598597352066303
572409.043549047,0.0632410551953581,0.0597161203112722
573366.42634415,0.0631023858937865,0.0595730783848119
574325.410409932,0.0629643307575334,0.0594306127207824
575285.998424594,0.0628268938771255,0.0592887266424985
576248.193070823,0.0626900793861159,0.0591474235030549
577211.99703579,0.0625538914612956,0.0590067066853181
578177.413011163,0.0624183343228987,0.0588665796019074
579144.443693108,0.0622834122348042,0.0587270456951691
580113.091782304,0.0621491295047308,0.0585881084371396
581083.359983944,0.062015490484429,0.0584497713295013
582055.251007749,0.0618824995698635,0.0583120379035262
583028.767567969,0.0617501612013945,0.058174911720012
584003.912383397,0.0616184798639483,0.0580383963692055
584980.688177368,0.0614874600871856,0.0579024954707178
585959.097677779,0.0613571064456599,0.0577672126734255
586939.143617083,0.0612274235589716,0.057632551655364
587920.828732309,0.0610984160919133,0.0574985161236058
588904.155765057,0.0609700887546091,0.0573651098141303
589889.12746152,0.0608424463026453,0.0572323364916773
590875.746572477,0.0607154935371941,0.057100199949592
591864.015853315,0.0605892353051284,0.0569687040096531
592853.938064022,0.0604636764991298,0.0568378525218911
593845.515969209,0.0603388220577853,0.0567076493643895
594838.752338106,0.0602146769656786,0.0565780984430748
595833.649944579,0.060091246253469,0.0564492036914894
596830.211567127,0.0599685349979633,0.0563209690705523
597828.439988905,0.0598465483221761,0.0561933985683018
598828.337997714,0.0597252913953822,0.0560664961996246
599829.908386025,0.0596047694331562,0.0559402660059677
600833.153950974,0.0594849876974042,0.0558147120550347
601838.077494381,0.0593659514963822,0.0556898384404637
602844.681822745,0.0592476661847053,0.0555656492814904
603852.969747267,0.0591301371633441,0.05544214872259
604862.944083842,0.0590133698796103,0.0553193409331051
605874.607653083,0.0588973698271292,0.0551972301068507
606887.963280312,0.0587821425458013,0.0550758204617042
607903.013795584,0.0586676936217495,0.0549551162391722
608919.762033681,0.0585540286872551,0.054835121703941
609938.210834133,0.0584411534206785,0.0547158411434034
610958.363041213,0.0583290735463688,0.0545972788671674
611980.221503956,0.0582177948345569,0.0544794392065414
613003.789076157,0.0581073231012365,0.0543623265139999
614029.068616391,0.0579976642080289,0.0542459451626241
615056.062988006,0.0578888240620346,0.0541302995455237
616084.775059148,0.0577808086156678,0.054015394075231
617115.207702752,0.0576736238664778,0.0539012331830755
618147.363796564,0.0575672758569519,0.0537878213185314
619181.246223138,0.057461770674305,0.0536751629485424
620216.857869855,0.0573571144502501,0.0535632625568199
621254.20162892,0.0572533133607547,0.0534521246431174
622293.28039738,0.0571503736257777,0.0533417537224764
623334.097077122,0.0570483015089912,0.0532321543244485
624376.654574892,0.0569471033174827,0.0531233309922879
625420.955802295,0.0568467854014413,0.0530152882821183
626467.003675805,0.0567473541538236,0.0529080307620702
627514.801116777,0.0566488160100031,0.0528015630113906
628564.351051449,0.0565511774473997,0.0526958896195236
629615.656410954,0.0564544449850901,0.0525910151851609
630668.72013133,0.0563586251833991,0.0524869443152621
631723.545153521,0.0562637246434715,0.052383681624046
632780.134423394,0.0561697500068234,0.0522812317319482
633838.490891741,0.0560767079548746,0.0521795992645497
634898.617514291,0.0559846052084587,0.0520787888514716
635960.517251714,0.0558934485273146,0.0519788051252388
637024.193069636,0.0558032447095555,0.0518796527201088
638089.647938637,0.055714000591118,0.0517813362708688
639156.884834273,0.0556257230451888,0.0516838604115972
640225.906737069,0.0555384189816107,0.0515872297743923
641296.716632541,0.0554520953462661,0.051491448988064
642369.317511196,0.0553667591204394,0.0513965226767919
643443.712368542,0.0552824173201565,0.051302455458746
644519.904205101,0.0551990769955022,0.0512092519446721
645597.896026409,0.0551167452299159,0.0511169167364397
646677.690843029,0.0550354291394633,0.0510254544255529
647759.291670563,0.0549551358720864,0.0509348695916232
648842.701529656,0.0548758726068304,0.0508451668008043
649927.923446001,0.0547976465530477,0.0507563506041887
651014.960450355,0.0547204649495787,0.0506684255361645
652103.815578544,0.054644335063909,0.050581396112733
653194.491871473,0.0545692641913046,0.0504952668297866
654286.99237513,0.0544952596539228,0.0504100421613465
655381.320140597,0.0544223287999004,0.0503257265577595
656477.478224062,0.054350479002418,0.0502423244438536
657575.469686826,0.0542797176587416,0.0501598402170524
658675.297595305,0.0542100521892412,0.0500782782454484
659776.965021046,0.0541414900363851,0.049997642865833
660880.475040735,0.0540740386637117,0.0499179383816846
661985.830736203,0.0540077055547784,0.0498391690611144
663093.035194436,0.0539424982120873,0.0497613391347685
664202.091507579,0.0538784241559881,0.0496844527936871
665313.002772954,0.0538154909235575,0.0496085141871197
666425.772093063,0.0537537060674571,0.0495335274202964
667540.402575594,0.0536930771547689,0.0494594965521562
668656.897333434,0.0536336117658074,0.049386425593029
669775.259484676,0.0535753174929106,0.0493143185022746
670895.492152633,0.0535182019392094,0.049243179185876
672017.598465835,0.0534622727173751,0.049173011493989
673141.581558047,0.0534075374483458,0.0491038192184448
674267.444568276,0.0533540037600318,0.049035606090209
675395.190640781,0.0533016792860007,0.0489683757767941
676524.822925076,0.0532505716641423,0.0489021318796277
677656.344575946,0.0532006885353133,0.0488368779313733
678789.75875345,0.0531520375419629,0.0487726173932078
679925.068622935,0.0531046263267392,0.0487093536520508
681062.277355039,0.0530584625310777,0.0486470900177502
682201.388125708,0.0530135537937702,0.0485858297202207
683342.404116192,0.0529699077495177,0.0485255759065373
684485.328513071,0.0529275320274654,0.0484663316379828
685630.164508247,0.0528864342497212,0.0484080998870499
686776.915298967,0.0528466220298583,0.0483508835343969
687925.584087819,0.0528081029714025,0.0482946853657594
689076.174082755,0.0527708846663041,0.0482395080688148
690228.688497084,0.0527349746933967,0.0481853542300037
691383.130549498,0.0527003806168409,0.048132226331304
692539.503464064,0.0526671099845569,0.0480801267469621
693697.81047025,0.0526351703266429,0.0480290577401784
694858.054802917,0.0526045691537841,0.0479790214597483
696020.239702344,0.0525753139556488,0.0479300199366601
697184.368414224,0.0525474121992762,0.0478820550806481
698350.444189682,0.0525208713274535,0.0478351286767022
699518.470285278,0.0524956987570858,0.0477892423815354
700688.449963022,0.0524719018775568,0.0477443977200073
701860.386490375,0.0524494880490838,0.0477005960815059
703034.283140269,0.052428464601066,0.0476578387162871
704210.143191105,0.052408838830427,0.0476161267317734
705387.969926772,0.0523906179999542,0.0475754610888104
706567.766636645,0.052373809336633,0.0475358425978844
707749.536615609,0.0523584200299794,0.0474972719152985
708933.283164051,0.0523444572303702,0.0474597495393106
710119.009587887,0.0523319280473722,0.0474232758062318
711306.719198553,0.0523208395480715,0.0473878508864877
712496.415313032,0.0523111987554033,0.0473534747806411
713688.101253849,0.0523030126464834,0.047320147315379
714881.78034909,0.0522962881509427,0.0472878681394633
716077.455932403,0.0522910321492643,0.0472566367196466
717275.131343018,0.0522872514711257,0.0472264523365531
718474.809925742,0.0522849528937459,0.0471973140805271
719676.495030985,0.0522841431402388,0.0471692208474477
720880.190014753,0.0522848288779734,0.0471421713345136
722085.89823867,0.052287016716942,0.0471161640359952
723293.62306998,0.0522907132081376,0.0470911972389594
724503.367881563,0.05229592484194,0.0470672690189644
725715.136051932,0.0523026580465135,0.0470443772357277
726928.930965261,0.0523109191862153,0.0470225195287683
728144.756011375,0.0523207145600162,0.0470016933130235
729362.614585777,0.0523320503999345,0.0469818957744428
730582.51008964,0.0523449328694834,0.0469631238655587
731804.445929835,0.0523593680621335,0.0469453743010375
733028.425518923,0.05237536199979,0.0469286435532107
734254.45227518,0.0523929206312866,0.0469129278475881
735482.529622593,0.052412049830896,0.0468982231583553
736712.66099088,0.0524327553968581,0.0468845252038566
737944.849815491,0.0524550430499256,0.0468718294420653
739179.099537629,0.0524789184319301,0.0468601310660428
740415.413604244,0.0525043871043659,0.046849424999389
741653.79546806,0.0525314545469952,0.0468397058916862
742894.248587567,0.0525601261564729,0.0468309681139376
744136.776427047,0.0525904072449936,0.0468232057540031
745381.382456571,0.0526223030389593,0.0468164126120356
746628.070152018,0.0526558186776699,0.0468105821959187
747876.842995077,0.0526909592120356,0.0468057077167092
749127.704473263,0.0527277296033133,0.0468017820840867
750380.65807992,0.0527661347218647,0.0467987979018134
751635.707314242,0.0528061793459397,0.0467967474632067
752892.855681268,0.0528478681604823,0.0467956227466274
754152.106691904,0.0528912057559613,0.0467954154109869
755413.463862925,0.0529361966272252,0.0467961167912771
756676.930716993,0.0529828451723813,0.0467977178941249
757942.510782655,0.0530311556916998,0.0468002093933773
759210.207594366,0.0530811323865419,0.0468035816257181
760480.024692488,0.0531327793583129,0.0468078245863222
761751.965623308,0.0531861006074398,0.0468129279245509
763026.033939039,0.0532411000323735,0.0468188809396915
764302.233197844,0.0532977814286154,0.0468256725767477
765580.566963827,0.0533561484877678,0.0468332914222828
766861.038807062,0.0534162047966089,0.0468417257003232
768143.652303588,0.0534779538361913,0.0468509632683252
769428.411035429,0.0535413989809642,0.0468609916132113
770715.318590596,0.0536065434979178,0.0468717978474812
772004.378563107,0.0536733905457518,0.0468833687054031
773295.594552984,0.0537419431740652,0.0468956905392919
774588.970166279,0.0538122043225679,0.0469087493158793
775884.509015065,0.0538841768203139,0.0469225306127831
777182.214717465,0.0539578633849552,0.046937019615082
778482.090897649,0.0540332666220152,0.0469522011120034
779784.141185851,0.0541103890241821,0.0469680594937302
781088.369218374,0.05418923297062,0.0469845787483352
782394.778637606,0.0542698007262993,0.0470017424588504
783703.373092023,0.0543520944413427,0.0470195338004794
785014.156236208,0.0544361161503885,0.0470379355379605
786327.131730855,0.0545218677719686,0.0470569300230907
787642.303242779,0.0546093511079013,0.0470764991924174
788959.674444926,0.054698567842697,0.0470966245651089
790279.249016392,0.0547895195429775,0.0471172872410122
791601.030642422,0.0548822076569054,0.047138467898908
792925.023014425,0.0549766335136243,0.0471601467949732
794251.229829982,0.0550727983227084,0.0471823037614615
795579.654792862,0.0551707031736206,0.0472049182056128
796910.30161303,0.0552703490351763,0.0472279691088016
798243.174006652,0.0553717367550134,0.0472514350259373
799578.27569611,0.0554748670590673,0.0472752940851267
800915.610410013,0.0555797405510488,0.0472995239876113
802255.181883208,0.055686357711923,0.0473241020079919
803596.993856786,0.0557947188993899,0.0473490049947521
804941.050078095,0.0559048243473634,0.0473742093710944
806287.354300753,0.0560166741654487,0.0473996911361019
807635.910284655,0.0561302683384161,0.0474254258662385
808986.721795985,0.0562456067256687,0.047451388717201
810339.792607223,0.0563626890607052,0.0474775544261387
811695.126497163,0.0564815149505742,0.0475038973142514
813052.727250919,0.0566020838753189,0.0475303912897836
814412.598659932,0.0567243951874115,0.0475570098514262
815774.744521986,0.0568484481111742,0.0475837260921424
817139.168641219,0.0569742417421885,0.0476105127034319
818505.874828132,0.0571017750466874,0.0476373419800472
819874.866899596,0.0572310468609304,0.0476641858251792
821246.148678864,0.0573620558905623,0.0476910157561243
822619.723995592,0.0574948007099502,0.0477178029104504
823995.596685834,0.0576292797615001,0.0477445180526749
825373.770592064,0.0577654913549496,0.0477711315814714
826754.249563178,0.0579034336666367,0.0477976135374181
828137.037454513,0.0580431047387437,0.047823933611304
829522.138127857,0.0581845024785115,0.0478500611530071
830909.55545145,0.0583276246574259,0.047875965180958
832299.293300009,0.0584724689103737,0.0479016143922043
833691.355554724,0.0586190327347657,0.047926977173089
835085.746103285,0.0587673134896281,0.0479520216105556
836482.468839877,0.0589173083946557,0.0479767155040939
837881.527665204,0.0590690145292323,0.0480010263783381
839282.926486488,0.0592224288314097,0.0480249214963294
840686.669217492,0.0593775480968508,0.048048367873455
842092.759778521,0.0595343689777279,0.0480713322920725
843501.202096441,0.0596928879815832,0.0480937813168316
844912.000104679,0.0598531014701416,0.0481156813107003
846325.157743248,0.0600150056580819,0.0481369984517056
847740.678958748,0.0601785966117596,0.048157698750394
849158.567704378,0.0603438702478829,0.0481777480680204
850578.827939951,0.0605108223321404,0.0481971121354676
852001.463631905,0.0606794484777785,0.0482157565729038
853426.478753306,0.0608497441441255,0.0482336469101775
854853.877283873,0.0610217046350675,0.0482507486079544
856283.663209974,0.061195325097466,0.0482670270795931
857715.84052465,0.0613706005195249,0.0482824477137622
859150.413227616,0.0615475257290979,0.0482969758977912
860587.385325281,0.0617260953919428,0.0483105770417555
862026.760830751,0.0619063040099145,0.0483232166032848
863468.543763848,0.0620881459191022,0.0483348601130915
864912.738151112,0.0622716152879045,0.048345473201205
866359.348025824,0.0624567061150459,0.0483550216239035
867808.377428006,0.06264341222753,0.0483634712913292
869259.830404441,0.0628317272785327,0.0483707882957694
870713.711008674,0.0630216447452299,0.0483769389405895
872170.02330104,0.0632131579265647,0.0483818897697949
873628.771348653,0.0634062599409473,0.0483856075982021
875089.959225441,0.063600943723893,0.0483880595421953
876553.591012137,0.0637972020255921,0.0483892130510407
878019.670796305,0.0639950274084171,0.0483890359387322
879488.202672341,0.0641944122443608,0.0483874964163372
880959.190741495,0.0643953487124113,0.0483845631248091
882432.639111868,0.0645978287958561,0.0483802051682335
883908.551898442,0.0648018442795242,0.0483743921474682
885386.933223072,0.0650073867469561,0.0483670941941402
886867.787214517,0.0652144475775117,0.0483582820049568
888351.11800843,0.0654230179434067,0.0483479268762868
889836.929747392,0.0656330888066854,0.0483360007389665
891325.226580905,0.0658446509161241,0.0483224761932832
892816.012665417,0.0660576948040704,0.048307326544084
894309.29216432,0.0662722107832135,0.0482905258359612
895805.06924798,0.0664881889432914,0.0482720488884573
897303.348093729,0.0667056191477299,0.0482518713312366
898804.132885892,0.06692449103022,0.0482299696391656
900307.427815786,0.0671447939912273,0.0482063211672421
901813.237081747,0.0673665171944428,0.0481809041853154
903321.564889123,0.0675896495631653,0.0481536979125341
904832.415450306,0.0678141797766287,0.0481246825514598
906345.792984723,0.0680400962662626,0.048093839321784
907861.701718867,0.0682673872118987,0.0480611504935817
909380.145886294,0.0684960405379147,0.0480265994200398
910901.129727645,0.0687260439093258,0.0479901705695911
912424.657490649,0.0689573847278161,0.0479518495573925
913950.733430147,0.0691900501277212,0.047911623176077
915479.361808086,0.0694240269719543,0.0478694794257181
917010.546893553,0.0696593018478865,0.0478254075429369
918544.292962765,0.0698958610631739,0.0477793980290913
920080.604299098,0.0701336906415443,0.0477314426774792
921619.485193088,0.0703727763185341,0.0476815345994952
923160.939942451,0.070613103537189,0.047629668249677
924704.972852087,0.0708546574437203,0.0475758394495817
926251.5882341,0.07109742288313,0.0475200454104317
927800.790407802,0.0713413843947968,0.0474622847544752
929352.583699734,0.0715865262080361,0.0474025575350016
930906.972443669,0.0718328322376273,0.0473408652549638
932463.960980634,0.0720802860793213,0.0472772108841518
934023.553658908,0.0723288710053217,0.047211598874873
935585.754834053,0.0725785699597523,0.0471440351760909
937150.568868906,0.0728293655541069,0.0470745272459824
938718.000133609,0.0730812400626919,0.0470030840628711
940288.053005607,0.0733341754180582,0.0469297161345044
941860.731869674,0.0735881532064361,0.0468544355056366
943436.041117908,0.0738431546631658,0.0467772557638949
945013.985149763,0.0740991606681405,0.0466981920438969
946594.568372043,0.0743561517412549,0.0466172610296017
948177.795198929,0.0746141080378744,0.046534480954875
949763.670051979,0.0748730093443201,0.046449871602255
951352.197360153,0.0751328350733851,0.0463634542999075
952943.381559811,0.0753935642598765,0.046275251916767
954537.227094741,0.0756551755561994,0.0461852888558578
956133.738416156,0.0759176472279783,0.0460935910458017
957732.919982722,0.0761809571497323,0.0460001859305136
959334.776260552,0.0764450828005989,0.0459051024570999
960939.311723239,0.0767100012601241,0.0458083710619684
962546.530851852,0.0769756892041145,0.0457100236551729
964156.438134956,0.0772421229005677,0.0456100936030094
965769.038068627,0.0775092782056803,0.0455086157088931
967384.335156456,0.0777771305599433,0.0454056261925425
969002.333909567,0.0780456549843345,0.0453011626675042
970623.038846631,0.0783148260766115,0.0451952641170539
972246.45449388,0.0785846180077148,0.0450879708685126
973872.585385109,0.0788550045182866,0.0449793245660203
975501.436061698,0.0791259589153171,0.044869368141811
977133.011072629,0.0793974540689246,0.0447581457860369
978767.314974483,0.0796694624092731,0.0446457029151933
980404.352331471,0.0799419559236455,0.0445320861391928
982044.12771543,0.0802149061536697,0.0444173432271473
983686.645705848,0.0804882841927175,0.0443015230719101
985331.910889874,0.0807620606834754,0.0441846756534381
986979.927862326,0.0810362058157021,0.0440668520010337
988630.701225705,0.0813106893241807,0.0439481041545242
990284.235590215,0.0815854804868754,0.0438284851244418
991940.535573771,0.0818605481232994,0.0437080488512668
993599.605802007,0.082135860593106,0.0435868501637963
995261.450908295,0.0824113857949129,0.0434649447366997
996926.075533758,0.082687091165369,0.0433423890473267
998593.484327284,0.082962943678472,0.0432192403318301
1000263.68194553,0.083238909845147,0.0430955565406663
1001936.67305295,0.0835149557130994,0.0429713962935354
1003612.46232178,0.083791046866949,0.0428468188338242
1005291.05443211,0.0840671484286557,0.0427218839826127
1006972.45407181,0.0843432250582462,0.0425966520923058
1008656.66593662,0.0846192409548552,0.0424711839999469
1010343.69473014,0.0848951598580888,0.0423455409802747
1012033.5451638,0.0851709450497197,0.0422197846985794
1013726.22195696,0.0854465593557233,0.0420939771634141
1015421.72983683,0.0857219651486704,0.041968180679216
1017120.07353855,0.0859971243504805,0.0418424577988894
1018821.25780518,0.086271998435547,0.041716871276405
1020525.2873877,0.0865465484342451,0.0415914840194626
1022232.16704505,0.0868207349368322,0.0414663590422673
1023941.90154411,0.0870945180977502,0.0413415594184649
1025654.49565975,0.0873678576403375,0.0412171482342838
1027369.95417484,0.0876407128619595,0.041093188541926
1029088.28188021,0.0879130426395713,0.0409697433132489
1030809.48357472,0.0881848054357154,0.0408468753937798
1032533.56406529,0.0884559593049659,0.0407246474571027
1034260.52816683,0.0887264619008255,0.0406031219596544
1035990.38070232,0.0889962704830854,0.0404823610959673
1037723.12650282,0.089265341925655,0.0403624267543934
1039458.77040746,0.0895336327248658,0.040243380473345
1041197.31726346,0.089801099008258,0.0401252833980856
1042938.77192615,0.0900676965438597,0.0400081962380993
1044683.13925899,0.0903333807499554,0.0398921792250766
1046430.42413356,0.0905981067053607,0.0397772920715399
1048180.6314296,0.0908618291601959,0.0396635939301439
1049933.76603501,0.0911245025471747,0.0395511433536761
1051689.83284585,0.0913860809934004,0.039439998255789
1053448.83676638,0.0916465183326831,0.0393302158724884
1055210.78270908,0.0919057681183709,0.0392218527244094
1056975.67559461,0.0921637836367048,0.0391149645799035
1058743.52035189,0.0924205179206942,0.0390096064189661
1060514.32191807,0.0926759237645136,0.0389058323980308
1062288.08523856,0.092929953738421,0.0388036958156571
1064064.81526705,0.0931825602041995,0.0387032490791364
1065844.5169655,0.0934336953311137,0.0386045436720461
1067627.19530418,0.0936833111123874,0.0385076301227742
1069412.85526167,0.0939313593821887,0.0384125579740442
1071201.50182487,0.09417779183313,0.0383193757534642
1072993.13998904,0.094422560034265,0.0382281309451277
1074787.77475777,0.0946656154495895,0.0381388699622913
1076585.41114304,0.0949069094570275,0.0380516381211565
1078386.05416521,0.0951463933679047,0.0379664796157794
1080189.70885301,0.0953840184468915,0.0378834374941367
1081996.38024361,0.0956197359324148,0.0378025536353693
1083806.07338261,0.0958534970575191,0.0377238687282332
1085618.79332402,0.0960852530711735,0.037647422250776
1087434.54513033,0.0963149552600041,0.0375732524512691
1089253.33387248,0.0965425549704461,0.0375013963304122
1091075.16462989,0.0967680036312925,0.0374318896248376
1092900.04249049,0.0969912527766327,0.0373647667919303
1094727.97255072,0.0972122540691557,0.0373000609959882
1096558.95991553,0.0974309593238087,0.0372378040957372
1098393.00969841,0.0976473205317836,0.0371780266332212
1100230.12702141,0.0978612898848219,0.0371207578240795
1102070.31701515,0.0980728197998072,0.0370660255492287
1103913.58481883,0.0982818629436335,0.0370138563479579
1105759.93558022,0.098488372258318,0.0369642754124487
1107609.37445575,0.0986923009863434,0.0369173065837272
1109461.90661042,0.0988936026961987,0.0368729723490528
1111317.53721791,0.0990922313080986,0.0368312938407478
1113176.27146053,0.0992881411198516,0.0367922908364664
1115038.11452926,0.0994812868328545,0.0367559817609028
1116903.07162379,0.0996716235781804,0.0367223836889309
1118771.14795246,0.0998591069427393,0.0366915123501698
1120642.34873235,0.100043692995474,0.0366633821349628
1122516.67918928,0.10022533831357,0.0366380061017568
1124394.14455777,0.100404000008645,0.0366153959858646
1126274.75008112,0.100579635752886,0.0365955622095906
1128158.5010114,0.100752203805107,0.0365785138936977
1130045.40260947,0.100921663036696,0.0365642588701877
1131935.46014496,0.101087972957414,0.0365528036963683
1133828.67889635,0.101251093741017,0.0365441536701739
1135725.06415092,0.101410986250673,0.0365383128467055
1137624.62120482,0.101567612064136,0.0365352840559527
1139527.35536303,0.101720933498639,0.036535068921658
1141433.27193942,0.101870913635493,0.0365376678812795
1143342.37625674,0.102017516344329,0.0365430802070093
1145254.67364665,0.102160706306984,0.0365513040277975
1147170.16944973,0.102300449040969,0.0365623363523353
1149088.86901548,0.102436710922504,0.0365761730929434
1151010.77770235,0.102569459209084,0.0365928090903149
1152935.90087776,0.102698662061542,0.0366122381390563
1154864.24391811,0.102824288565577,0.0366344530139723
1156795.81220877,0.10294630875272,0.0366594454970356
1158730.61114414,0.103064693620709,0.0366872064049858
1160668.64612764,0.103179415153229,0.0367177256174971
1162609.92257172,0.103290446339018,0.0367509921058563
1164554.44589789,0.10339776119027,0.0367869939620916
1166502.22153671,0.103501334760347,0.0368257184284926
1168453.25492784,0.103601143160752,0.0368671519274632
1170407.55152004,0.103697163577333,0.0369112800916461
1172365.11677117,0.103789374285719,0.0369580877942628
1174325.95614823,0.103877754665933,0.0370075591796104
1176290.07512736,0.103962285216188,0.0370596776936588
1178257.47919386,0.10404294756582,0.0371144261146924
1180228.1738422,0.104119724487366,0.0371717865839422
1182202.16457604,0.104192599907739,0.0372317406361552
1184179.45690826,0.10426155891851,0.0372942692300515
1186160.05636093,0.104326587785262,0.037359352778616
1188143.96846539,0.10438767395601,0.0374269711791812
1190131.19876221,0.10444480606868,0.0374971038432524
1192121.75280124,0.104497973957624,0.0375697297260335
1194115.6361416,0.104547168659169,0.0376448273556102
1196112.85435171,0.10459238241619,0.0377223748617531
1198113.4130093,0.104633608681706,0.037802350004302
1200117.31770145,0.104670842121482,0.0378847302010985
1202124.57402457,0.104704078615649,0.0379694925554325
1204135.18758443,0.104733315259327,0.0380566138829738
1206149.16399617,0.104758550362264,0.0381460707381613
1208166.50888432,0.104779783447478,0.0382378394400241
1210187.22788285,0.10479701524892,0.0383318960974109
1212211.32663511,0.104810247708158,0.038428216633608
1214238.81079391,0.104819483970075,0.0385267768103276
1216269.68602152,0.10482472837762,0.0386275522510503
1218303.95798966,0.104825986465585,0.0387305184637064
1220341.63237956,0.104823264953452,0.0388356508626869
1222382.71488194,0.104816571737297,0.038942924790172
1224427.21119703,0.104805915880782,0.0390523155367716
1226475.12703461,0.104791307605245,0.0391637983614707
1228526.468114,0.104772758278903,0.0392773485108758
1230581.24016409,0.104750280405186,0.0393929412377614
1232639.44892334,0.104723887610229,0.0395105518189156
1234701.10013984,0.104693594629534,0.0396301555722857
1236766.19957126,0.104659417293825,0.0397517278734269
1238834.7529849,0.104621372514129,0.0398752441712583
1240906.76615774,0.104579478266087,0.0400006800031322
1242982.24487639,0.104533753573548,0.0401280110092232
1245061.19493715,0.104484218491443,0.0402572129462434
1247143.62214601,0.104430894087985,0.0403882617004964
1249229.53231867,0.104373802426219,0.0405211333002771
1251318.93128058,0.104312966544943,0.040655803927629
1253411.8248669,0.104248410439039,0.0407922499294709
1255508.21892258,0.104180159039237,0.0409304478281064
1257608.1193023,0.104108238191341,0.0410703743311272
1259711.53187059,0.104032674634956,0.0412120063407269
1261818.46250175,0.103953495981738,0.0413553209624358
1263928.91707992,0.103870730693203,0.0415002955132956
1266042.90149908,0.103784408058122,0.0416469075294851
1268160.42166306,0.103694558169542,0.0417951347734157
1270281.48348557,0.103601211901454,0.0419449552403086
1272406.09289022,0.103504400885149,0.0420963471642748
1274534.2558105,0.103404157485285,0.0422492890239061
1276665.97818987,0.103300514775711,0.0424037595474026
1278801.26598168,0.103193506515055,0.0425597377172433
1280940.12514928,0.103083167122137,0.0427172027744231
1283082.56166595,0.102969531651213,0.0428761342222684
1285228.58151501,0.102852635767095,0.0430365118298478
1287378.19068976,0.102732515720169,0.0431983156349942
1289531.39519351,0.102609208321351,0.0433615259469532
1291688.20103964,0.102482750916997,0.0435261233486755
1293848.61425158,0.102353181363803,0.0436920886987638
1296012.64086282,0.10222053800373,0.0438594031330936
1298180.28691695,0.102084859638965,0.0440280480661207
1300351.55846768,0.101946185506956,0.0441980051918907
1302526.46157883,0.101804555255551,0.0443692564847624
1304705.00232436,0.101660008918252,0.0445417841998614
1306887.1867884,0.101512586889627,0.0447155708732764
1309073.02106526,0.101362329900879,0.0448905993220115
1311262.51125943,0.101209278995628,0.0450668526437067
1313455.66348561,0.101053475505894,0.045244314216139
1315652.48386873,0.100894961028332,0.0454229676965174
1317852.97854398,0.100733777400714,0.0456027970205834
1320057.15365678,0.100569966678698,0.0457837864015257
1322265.01536286,0.100403571112891,0.0459659203287232
1324476.56982823,0.100234633126224,0.0461491835663269
1326691.8232292,0.100063195291664,0.0463335611516868
1328910.78175245,0.0998893003102712,0.0465190383936406
1331133.45159496,0.0997129909896153,0.0467056008706662
1333359.83896411,0.0995343102225732,0.0468932344289138
1335589.95007765,0.0993533009665149,0.0470819251801211
1337823.79116372,0.0991700062228881,0.0472716594994245
1340061.36846089,0.098984469017221,0.0474624240230703
1342302.68821817,0.0987967323795427,0.0476542056460381
1344547.75669499,0.0986068393252422,0.0478469915195787
1346796.58016129,0.0984148328363636,0.04804076904868
1349049.16489747,0.0982207558433547,0.0482355258894603
1351305.51719445,0.0980246512072683,0.048431249946503
1353565.64335366,0.0978265617024283,0.0486279293701326
1355829.54968707,0.0976265299995607,0.0488255525536432
1358097.24251721,0.0974245986493984,0.0490241081304799
1360368.72817719,0.0972208100667588,0.0492235849713841
1362644.0130107,0.097015206515103,0.0494239721815022
1364923.10337207,0.0968078300915712,0.0496252590974683
1367206.0056262,0.0965987227125041,0.0498274352844587
1369492.72614871,0.0963879260994425,0.0500304905332311
1371783.27132582,0.0961754817656137,0.0502344148571425
1374077.64755446,0.0959614310028955,0.0504391984891605
1376375.86124226,0.0957458148692656,0.0506448318788613
1378677.91880756,0.0955286741767254,0.0508513056894273
1380983.82667945,0.0953100494797033,0.0510586107946397
1383293.59129774,0.0950899810639316,0.0512667382758739
1385607.21911304,0.0948685089357924,0.0514756794190993
1387924.71658675,0.0946456728121301,0.0516854257118873
1390246.09019105,0.0944215121105267,0.0518959688404267
1392571.34640898,0.0941960659400344,0.052107300686552
1394900.49173439,0.0939693730923593,0.0523194133247868
1397233.53267202,0.0937414720334911,0.0525322990194035
1399570.47573747,0.0935124008957752,0.0527459502214987
1401911.32745725,0.0932821974704163,0.0529603595660932
1404256.09436877,0.0930508992004121,0.0531755198692484
1406604.78302039,0.0928185431739042,0.0533914241252109
1408957.39997142,0.0925851661179464,0.0536080655035776
1411313.95179213,0.0923508043926741,0.0538254373464905
1413674.44506379,0.0921154939858771,0.0540435331658547
1416038.88637868,0.0918792705079572,0.0542623466405887
1418407.28234009,0.0916421691872733,0.0544818716139004
1420779.63956238,0.0914042248658558,0.0547021020905959
1423155.96467093,0.0911654719954912,0.0549230322344172
1425536.26430226,0.0909259446341591,0.0551446563654138
1427920.54510393,0.0906856764428229,0.0553669689573439
1430308.81373467,0.0904447006825548,0.0555899646351116
1432701.07686431,0.0902030502119982,0.0558136381722342
1435097.34117386,0.089960757485146,0.0560379844883473
1437497.61335548,0.0897178545494386,0.0562629986467397
1439901.90011255,0.0894743730441607,0.0564886758519274
1442310.20815963,0.0892303441991394,0.0567150114472582
1444722.54422256,0.0889857988337243,0.0569420009125554
1447138.91503836,0.08874076735605,0.0571696398617926
1449559.32735539,0.0884952797625638,0.0573979240408082
1451983.78793325,0.0882493656378179,0.0576268493250509
1454412.30354285,0.0880030541545097,0.0578564117173646
1456844.88096645,0.0877563740737668,0.0580866073458064
1459281.52699763,0.0875093537456685,0.0583174324614997
1461722.24844133,0.0872620211099892,0.0585488834365244
1464167.05211389,0.0870144036971621,0.0587809567618417
1466615.94484305,0.0867665286294513,0.0590136490452531
1469068.93346796,0.0865184226223262,0.0592469570093947
1471526.0248392,0.086270111986027,0.0594808774897669
1473987.22581882,0.0860216226273152,0.0597154074327985
1476452.54328036,0.0857729800514031,0.0599505438939446
1478921.98410883,0.0855242093640515,0.0601862840358181
1481395.55520077,0.0852753352738292,0.0604226251263561
1483873.26346425,0.0850263820945253,0.0606595645370199
1486355.1158189,0.0847773737477116,0.0608970997410275
1488841.11919592,0.0845283337654432,0.0611352283116181
1491331.2805381,0.0842792852930916,0.0613739479203507
1493825.60679985,0.084030251092303,0.0616132563354358
1496324.10494721,0.0837812535440784,0.0618531514200959
1498826.78195786,0.0835323146519647,0.0620936311309598
1501333.64482115,0.0832834560453517,0.0623346935164872
1503844.70053814,0.0830346989828691,0.0625763367154255
1506359.9561216,0.0827860643558788,0.0628185589552949
1508879.41859599,0.0825375726920542,0.0630613585509047
1511403.09499756,0.0822892441590417,0.0633047339028986
1513930.99237431,0.0820410985681982,0.0635486834963314
1516463.11778604,0.0817931553784007,0.0637932058992713
1518999.47830435,0.0815454336999222,0.0640382997614325
1521540.08101266,0.0812979522983668,0.0642839638128356
1524084.93300624,0.0810507295986606,0.0645301968624966
1526634.04139225,0.0808037836890945,0.0647769977971416
1529187.41328971,0.0805571323254131,0.065024365579948
1531745.05582956,0.0803107929349448,0.0652722992493144
1534306.97615465,0.0800647826207677,0.0655207979176552
1536873.18141981,0.0798191181659113,0.065769860770221
1539443.6787918,0.0795738160375857,0.066019487063943
1542018.4754494,0.079328892391436,0.0662696761263045
1544597.57858336,0.0790843630758166,0.0665204273542364
1547180.9953965,0.0788402436360849,0.0667717402130353
1549768.73310365,0.0785965493189089,0.0670236142353061
1552360.79893172,0.0783532950765844,0.0672760490199281
1554957.20011972,0.0781104955713589,0.067529044231045
1557557.94391875,0.0778681651797615,0.0677825995970754
1560163.03759204,0.0776263179969337,0.0680367149097461
1562772.48841498,0.0773849678409576,0.068291390023148
1565386.30367512,0.0771441282571794,0.0685466248528134
1568004.4906722,0.0769038125225268,0.0688024193748139
1570627.05671817,0.0766640336498179,0.0690587736248771
1573254.0091372,0.0764248043920541,0.0693156876975289
1575885.35526573,0.0761861372467039,0.0695731617452489
1578521.10245245,0.0759480444599647,0.0698311959776523
1581161.25805835,0.0757105380310115,0.0700897906606847
1583805.82945675,0.07547362971622,0.0703489461158419
1586454.82403326,0.0752373310333711,0.0706086627194028
1589108.24918588,0.0750016532658278,0.0708689409016855
1591766.11232496,0.0747666074666895,0.0711297811463169
1594428.42087327,0.0745322044629149,0.0713911839895245
1597095.18226597,0.0742984548594197,0.0716531500194407
1599766.40395067,0.0740653690431398,0.0719156798754295
1602442.09338743,0.0738329571870664,0.0721787742474241
1605122.25804878,0.0736012292542436,0.0724424338752868
1607806.90541977,0.0733701950017363,0.0727066595481795
1610496.04299795,0.0731398639845579,0.0729714521039558
1613189.67829342,0.0729102455595655,0.0732368124285622
1615887.81882884,0.0726813488893133,0.0735027414554617
1618590.47213944,0.0724531829458723,0.0737692401650653
1621297.64577307,0.0722257565146051,0.0740363095841849
1624009.34729019,0.071999078197906,0.0743039507854946
1626725.58426391,0.0717731564188954,0.074572164887012
1629446.36428003,0.0715479994250765,0.0748409530515881
1632171.69493699,0.071323615291946,0.0751103164864159
1634901.58384598,0.0711000119265659,0.075380256442548
1637636.03863089,0.070877197071089,0.0756507742144303
1640375.0669284,0.0706551783062414,0.075921871139449
1643118.67638792,0.0704339630547614,0.0761935485974881
1645866.87467168,0.0702135585847935,0.0764658080105008
1648619.66945471,0.0699939720132377,0.0767386508420931
1651377.06842489,0.0697752103090521,0.0770120785971204
1654139.07928296,0.0695572802965118,0.0772860928212949
1656905.70974253,0.0693401886584218,0.0775606951008039
1659676.96753011,0.0691239419392837,0.0778358870619413
1662452.86038514,0.0689085465484155,0.0781116703707507
1665233.39606001,0.0686940087630263,0.0783880467326779
1668018.58232006,0.068480334731246,0.0786650178922337
1670808.42694363,0.0682675304751051,0.0789425856326717
1673602.93772206,0.0680556018934726,0.079220751775671
1676402.12245974,0.0678445547649434,0.0794995181810339
1679205.98897409,0.0676343947506836,0.0797788867463901
1682014.54509562,0.0674251273972251,0.0800588594069151
1684827.79866794,0.0672167581392186,0.0803394381350529
1687645.75754776,0.0670092923021365,0.080620624940255
1690468.42960494,0.0668027351049335,0.080902421868722
1693295.82272252,0.0665970916626579,0.081184831003161
1696127.9447967,0.0663923669890207,0.0814678544625467
1698964.80373691,0.0661885659989155,0.0817514944018964
1701806.40746577,0.0659856935108976,0.0820357530120492
1704652.7639192,0.0657837542496134,0.0823206325194589
1707503.88104636,0.0655827528481886,0.0826061351859903
1710359.76680971,0.0653826938505691,0.0828922633087297
1713220.42918504,0.06518358171382,0.0831790192197973
1716085.87616148,0.0649854208103779,0.083466405286175
1718956.11574151,0.0647882154302616,0.0837544239095353
1721831.15594099,0.0645919697832372,0.0840430775260844
1724711.0047892,0.0643966880009423,0.0843323686064073
1727595.67032885,0.0642023741389641,0.0846222996553267
1730485.16061611,0.0640090321788773,0.0849128732117646
1733379.48372059,0.0638166660302392,0.085204091848613
1736278.64772542,0.0636252795325415,0.0854959581726134
1739182.66072727,0.0634348764571209,0.0857884748242424
1742091.53083631,0.0632454605090287,0.0860816444776047
1745005.2661763,0.0630570353288594,0.0863754698403319
1747923.87488458,0.0628696044945377,0.0866699536534908
1750847.36511211,0.0626831715230649,0.0869650986914975
1753775.74502348,0.0624977398722261,0.087260907762038
1756709.02279692,0.0623133129422579,0.0875573837059949
1759647.20662434,0.0621298940774754,0.0878545293973823
1762590.30471139,0.0619474865678606,0.0881523477432871
1765538.32527739,0.0617660936506121,0.088450841683816
1768491.27655545,0.061585718511658,0.088750014192048
1771449.16679241,0.061406364287128,0.0890498682739953
1774412.00424895,0.0612280340647896,0.0893504069685703
1777379.79719953,0.0610507308854468,0.0896516333475575
1780352.55393247,0.0608744577443022,0.0899535505155907
1783330.28274994,0.0606992175922818,0.090256161610139
1786312.991968,0.0605250133373233,0.090559469801498
1789300.68991661,0.0603518478456307,0.090863478292784
1792293.38493969,0.06017972394289,0.091168190319939
1795291.08539509,0.0600086444154539,0.091473609151736
1798293.79965464,0.0598386120114874,0.0917797380897958
1801301.53610419,0.0596696294420833,0.0920865804686037
1804314.30314359,0.0595016993823393,0.0923941396555371
1807332.10918676,0.0593348244724061,0.092702419050894
1810354.9626617,0.0591690073184977,0.0930114220879314
1813382.87201047,0.0590042504938723,0.0933211522329047
1816415.84568928,0.0588405565397781,0.0936316129851174
1819453.89216848,0.0586779279663691,0.0939428078769707
1822497.01993258,0.0585163672535866,0.0942547404740242
1825545.23748029,0.0583558768520112,0.0945674143750575
1828598.55332452,0.0581964591836831,0.0948808332121382
1831656.97599243,0.0580381166428909,0.0951950006506961
1834720.51402543,0.0578808515969305,0.0955099203896029
1837789.17597924,0.0577246663868338,0.0958255961612553
1840862.97042386,0.0575695633280684,0.0961420317316632
1843941.90594364,0.0574155447112069,0.096459230900545
1847025.99113729,0.0572626128025667,0.096777197501427
1850115.2346179,0.0571107698448232,0.0970959354017475
1853209.64501296,0.0569600180575928,0.0974154485029648
1856309.23096439,0.0568103596379891,0.0977357407406725
1859414.00112857,0.05666179676115,0.0980568160847194
1862523.96417636,0.0565143315807392,0.0983786785393325
1865639.12879311,0.0563679662294204,0.0987013321432459
1868759.50367871,0.0562227028193044,0.099024780969835
1871885.09754759,0.0560785434423697,0.099349029127256
1875015.91912877,0.0559354901708582,0.0996740807585896
1878151.97716585,0.0557935450576458,0.0999999400419874
1881293.28041707,0.0556527101365863,0.100326611190827
1884439.83765531,0.0555129874228314,0.100654098453872
1887591.65766814,0.0553743789131262,0.10098240611543
1890748.7492578,0.0552368865860815,0.101311538495525
1893911.12124127,0.0551005124024211,0.101641499950068
1897078.78245027,0.0549652583052056,0.101972294871034
1900251.7417313,0.054831126220035,0.102303927686646
1903430.00794566,0.0546981180552273,0.10263640286156
1906613.58996944,0.0545662357019752,0.102969724897057
1909802.4966936,0.0544354810344807,0.10330389833124
1912996.73702399,0.0543058559100685,0.103638927739237
1916196.31988132,0.054177362169279,0.103974817733402
1919401.25420122,0.054050001635939,0.104311572963531
1922611.5489343,0.053923776117213,0.104649198117076
1925827.21304612,0.0537986874036342,0.104987697919365
1929048.25551722,0.0536747372691171,0.105327077133825
1932274.68534318,0.0535519274709489,0.105667340562217
1935506.51153463,0.053430259749763,0.106008493044866
1938743.74311725,0.0533097358294947,0.106350539460905
1941986.38913184,0.0531903574173181,0.106693484728516
1945234.45863429,0.0530721262035657,0.107037333805178
1948487.96069567,0.0529550438616303,0.107382091687928
1951746.90440221,0.0528391120478503,0.107727763413613
1955011.29885532,0.0527243324013794,0.108074354059159
1958281.15317166,0.0526107065440393,0.108421868741834
1961556.47648311,0.0524982360801566,0.108770312619528
1964837.27793685,0.0523869225963853,0.109119690891031
1968123.56669535,0.0522767676615148,0.109470008796309
1971415.35193639,0.0521677728262624,0.109821271616804
1974712.64285312,0.0520599396230526,0.110173484675721
1978015.44865405,0.0519532695657829,0.110526653338326
1981323.77856312,0.0518477641495771,0.110880783012254
1984637.64181966,0.0517434248505244,0.111235879147816
1987957.04767847,0.0516402531254087,0.111591947238311
1991282.00540984,0.0515382504114235,0.111948992820348
1994612.52429954,0.0514374181258782,0.112307021474171
1997948.61364891,0.0513377576658914,0.112666038823985
2001290.2827748,0.0512392704080757,0.113026050538293
2004637.54100968,0.0511419577082109,0.113387062330238
2007990.39770161,0.0510458209009093,0.113749079957944
2011348.86221428,0.0509508612992707,0.114112109224871
2014712.94392707,0.0508570801945307,0.114476155980168
2018082.65223501,0.0507644788556983,0.114841226119038
2021457.99654888,0.0506730585291892,0.1152073255831
2024838.98629517,0.0505828204384493,0.115574460360769
2028225.63091614,0.0504937657835732,0.115942636487624
2031617.93986988,0.050405895740916,0.116311860046804
2035015.92263024,0.0503192114626999,0.116682137169385
2038419.58868697,0.0502337140766149,0.117053474034786
2041828.94754564,0.0501494046854161,0.11742587687116
2045244.00872778,0.0500662843665155,0.117799351955809
2048664.78177078,0.0499843541715714,0.11817390561559
2052091.27622804,0.0499036151260734,0.118549544227339
2055523.50166889,0.0498240682289262,0.118926274218288
2058961.4676787,0.0497457144520297,0.119304102066504
2062405.18385886,0.0496685547398587,0.119683034301317
2065854.65982681,0.0495925900090405,0.120063077503768
2069309.90521609,0.0495178211479325,0.120444238307054
2072770.92967634,0.049444249016199,0.120826523396986
2076237.74287335,0.0493718744443892,0.121209939512448
2079710.35448908,0.0493006982335145,0.121594493445863
2083188.77422165,0.0492307211546291,0.12198019204367
2086673.01178546,0.0491619439484102,0.122367042206802
2090163.0769111,0.0490943673247426,0.122755050891174
2093658.97934547,0.0490279919623039,0.123144225108176
2097160.72885175,0.0489628185081552,0.12353457192517
2100668.33520947,0.0488988475773333,0.123926098466005
2104181.80821451,0.0488360797524487,0.12431881191152
2107701.15767913,0.0487745155832874,0.124712719500073
2111226.393432,0.0487141555864185,0.125107828528063
2114757.52531823,0.0486550002448063,0.125504146350469
2118294.56319939,0.0485970500074299,0.125901680381387
2121837.51695358,0.0485403052889079,0.126300438094584
2125386.39647536,0.0484847664691311,0.126700427024047
2128941.21167591,0.0484304338929017,0.127101654764555
2132501.97248291,0.0483773078695813,0.127504128972243
2136068.68884072,0.0483253886727459,0.127907857365183
2139641.37071027,0.0482746765398512,0.128312847723971
2143220.0280692,0.0482251716719052,0.128719107892319
2146804.67091179,0.0481768742331516,0.129126645777658
2150395.30924909,0.0481297843507624,0.129535469351745
2153991.95310884,0.0480839021145412,0.129945586651285
2157594.61253559,0.0480392275766368,0.13035700577855
2161203.29759067,0.0479957607512678,0.13076973490202
2164818.01835226,0.0479535016144591,0.131183782257018
2168438.78491537,0.0479124501037892,0.131599156146365
2172065.6073919,0.0478726061181509,0.132015864941038
2175698.49591068,0.0478339695175228,0.132433917080834
2179337.46061746,0.047796540122755,0.132853321075053
2182982.51167498,0.0477603177153664,0.133274085503176
2186633.65926296,0.0477253020373571,0.13369621901556
2190290.91357815,0.0476914927910322,0.134119730334146
2193954.28483436,0.0476588896388418,0.134544628253164
2197623.78326248,0.0476274922032328,0.134970921639861
2201299.41911052,0.0475973000665172,0.135398619435224
2204981.2026436,0.0475683127707536,0.135827730654727
2208669.14414405,0.0475405298176441,0.136258264389077
2212363.25391138,0.0475139506684458,0.136690229804975
2216063.54226232,0.0474885747438985,0.137123636145884
2219770.01953086,0.0474644014241665,0.137558492732809
2223482.69606827,0.0474414300487968,0.137994808965087
2227201.58224314,0.0474196599166932,0.138432594321187
2230926.68844141,0.0473990902861054,0.138871858359518
2234658.02506637,0.047379720374635,0.139312610719251
2238395.60253872,0.0473615493592569,0.139754861121153
2242139.4312966,0.0473445763763574,0.140198619368424
2245889.52179559,0.0473288005217883,0.140643895347555
2249645.88450876,0.0473142208509374,0.141090699029189
2253408.52992672,0.0473008363788152,0.141539040468999
2257177.46855759,0.0472886460801585,0.141988929808574
2260952.7109271,0.0472776488895501,0.142440377276317
2264734.26757855,0.0472678437015547,0.142893393188355
2268522.14907291,0.047259229370872,0.143347987949464
2272316.36598879,0.0472518047125057,0.143804172054004
2276116.9289225,0.0472455685019487,0.144261956086858
2279923.84848806,0.0472405194753852,0.1447213507244
2283737.13531728,0.0472366563299089,0.145182366735464
2287556.80005971,0.047233977723757,0.145645014982324
2291382.85338274,0.047232482276561,0.146109306421698
2295215.30597158,0.047232168569613,0.146575252105754
2299054.16852933,0.0472330351461479,0.147042863183135
2302899.45177698,0.0472350805116419,0.147512150899998
2306751.16645346,0.0472383031341259,0.147983126601063
2310609.32331565,0.0472427014445148,0.148455801730677
2314473.93313843,0.0472482738369522,0.148930187833897
2318345.00671471,0.0472550186691697,0.149406296557579
2322222.55485543,0.0472629342628618,0.149884139651489
2326106.58838962,0.0472720189040747,0.150363728969423
2329997.11816444,0.0472822708436109,0.150845076470347
2333894.15504517,0.0472936882974462,0.151328194219549
2337797.70991527,0.0473062694471628,0.151813094389803
2341707.7936764,0.0473200124403944,0.15229978926256
2345624.41724846,0.0473349153912864,0.152788291229141
2349547.59156962,0.0473509763809681,0.153278612791957
2353477.32759633,0.0473681934580385,0.153770766565736
2357413.63630337,0.0473865646390651,0.154264765278776
2361356.52868387,0.0474060879090943,0.154760621774208
2365306.01574937,0.0474267612221749,0.155258349011277
2369262.10852979,0.0474485825018925,0.155757960066643
2373224.81807354,0.047471549641916,0.156259468135699
2377194.15544747,0.0474956605065554,0.156762886533901
2381170.13173698,0.0475209129313296,0.157268228698128
2385152.75804596,0.0475473047235459,0.157775508188045
2389142.04549693,0.0475748336628887,0.158284738687501
2393138.00523096,0.0476034975020184,0.158795934005931
2397140.64840779,0.0476332939671802,0.159309108079788
2401149.98620582,0.0476642207588214,0.159824274973986
2405166.02982212,0.0476962755522176,0.160341448883373
2409188.79047251,0.0477294559981078,0.160860644134213
2413218.27939158,0.047763759723337,0.161381875185698
2417254.5078327,0.047799184331507,0.161905156631471
2421297.48706803,0.0478357274036337,0.162430503201178
2425347.22838863,0.0478733864988126,0.162957929762041
2429403.74310443,0.0479121591548901,0.163487451320447
2433467.04254427,0.0479520428891404,0.164019083023561
2437537.13805593,0.04799303519895,0.164552840160967
2441614.04100619,0.0480351335625062,0.165088738166324
2445697.76278084,0.0480783354394911,0.165626792619051
2449788.31478469,0.0481226382717805,0.166167019246027
2453885.70844164,0.0481680394841473,0.166709433923327
2457989.95519471,0.0482145364849685,0.167254052677972
2462101.06650605,0.0482621266669361,0.16780089168971
2466219.05385696,0.0483108074077712,0.168349967292814
2470343.92874796,0.0483605760709409,0.168901295977914
2474475.70269882,0.0484114300063786,0.169454894393851
2478614.38724856,0.0484633665512047,0.170010779349556
2482759.9939555,0.0485163830304512,0.170568967815955
2486912.53439729,0.0485704767577865,0.171129476927907
2491072.02017096,0.0486256450362415,0.171692323986159
2495238.46289292,0.0486818851589375,0.17225752645934
2499411.87419901,0.048739194409813,0.172825101985973
2503592.26574454,0.0487975700643523,0.173395068376525
2507779.64920431,0.0488570093903125,0.173967443615477
2511974.03627265,0.0489175096484514,0.174542245863434
2516175.43866343,0.0489790680932532,0.175119493459253
2520383.86811015,0.0490416819736547,0.175699204922212
2524599.3363659,0.0491053485337682,0.176281398954205
2528821.85520345,0.0491700650136047,0.176866094441969
2533051.43641524,0.0492358286497935,0.177453310459345
2537288.09181346,0.0493026366763007,0.178043066269567
2541531.83323002,0.0493704863251441,0.178635381327591
2545782.67251666,0.049439374827107,0.179230275282452
2550040.62154491,0.0495092994124462,0.179827767979658
2554305.69220618,0.0495802573116,0.180427879463616
2558577.89641174,0.0496522457558898,0.181030629980098
2562857.24609282,0.0497252619782195,0.181636039978739
2567143.75320058,0.0497993032137705,0.182244130115571
2571437.42970617,0.0498743667006923,0.182854921255599
2575738.28760077,0.0499504496807886,0.18346843447541
2580046.33889561,0.0500275494001992,0.18408469106582
2584361.59562201,0.0501056631100762,0.184703712534565
2588684.06983143,0.050184788067256,0.185325520609028
2593013.77359545,0.0502649215349253,0.185950137239004
2597350.71900589,0.0503460607832822,0.186577584599511
2601694.91817473,0.0504282030901914,0.18720788509364
2606046.38323428,0.0505113457418338,0.187841061355448
2610405.12633708,0.0505954860333501,0.188477136252894
2614771.15965604,0.0506806212694781,0.189116132890814
2619144.4953844,0.0507667487651839,0.189758074613952
2623525.14573581,0.0508538658462877,0.190402985010025
2627913.12294434,0.050941969850081,0.191050887912837
2632308.43926453,0.0510310581259396,0.191701807405446
2636711.10697141,0.0511211280359279,0.192355767823367
2641121.13836055,0.0512121769553981,0.193012793757836
2645538.54574805,0.0513042022735807,0.193672910059111
2649963.34147068,0.0513972013941702,0.194336141839836
2654395.53788576,0.051491171735901,0.19500251447844
2658835.14737134,0.0515861107331193,0.195672053622607
2663282.18232615,0.0516820158363447,0.196344785192778
2667736.65516966,0.0517788845128269,0.197020735385725
2672198.5783421,0.0518767142470936,0.197699930678166
2676667.96430454,0.0519755025414922,0.198382397830445
2681144.82553884,0.0520752469167223,0.199068163890255
2685629.1745478,0.0521759449123633,0.199757256196442
2690121.02385506,0.0522775940873918,0.200449702382834
2694620.38600529,0.0523801920206938,0.201145530382165
2699127.27356405,0.0524837363115673,0.201844768430028
2703641.699118,0.0525882245802198,0.202547445068913
2708163.67527479,0.0526936544682553,0.203253589152291
2712693.2146632,0.0528000236391566,0.203963229848773
2717230.32993309,0.0529073297787579,0.204676396646323
2721775.03375553,0.0530155705957117,0.205393119356548
2726327.33882273,0.0531247438219459,0.206113428119043
2730887.25784817,0.0532348472131162,0.206837353405817
2735454.80356656,0.0533458785490487,0.207564926025777
2740029.98873395,0.0534578356341759,0.208296177129283
2744612.82612767,0.0535707162979656,0.209031138212784
2749203.32854647,0.0536845183953426,0.20976984112352
2753801.50881049,0.0537992398071018,0.210512318064299
2758407.37976131,0.0539148784403152,0.211258601598344
2763020.95426198,0.0540314322287316,0.212008724654229
2767642.24519708,0.0541488991331685,0.212762720530884
2772271.26547274,0.0542672771418979,0.213520622902683
2776908.02801665,0.0543865642710233,0.214282465824608
2781552.54577815,0.0545067585648518,0.2150482837375
2786204.83172824,0.0546278580962581,0.215818111473397
2790864.8988596,0.0547498609670419,0.216591984260948
2795532.76018664,0.054872765308278,0.21736993773092
2800208.42874553,0.0549965692806606,0.218152007921792
2804891.91759428,0.0551212710748411,0.218938231285437
2809583.23981272,0.0552468689117583,0.219728644692905
2814282.40850253,0.0553733610429623,0.220523285440276
2818989.43678733,0.0555007457509333,0.221322191254637
2823704.3378127,0.0556290213493934,0.222125400300134
2828427.12474619,0.0557581861836115,0.222932951184133
2833157.81077737,0.055888238630703,0.223744882963473
2837896.40911788,0.0560191770999233,0.224561235150825
2842642.93300145,0.0561510000329559,0.225382047721159
2847397.39568395,0.0562837059041938,0.226207361118309
2852159.81044342,0.0564172932210152,0.227037216261643
2856930.19058011,0.0565517605240547,0.227871654552852
2861708.5494165,0.0566871063874687,0.228710717882842
2866494.90029738,0.0568233294191944,0.229554448638746
2871289.25658984,0.0569604282612046,0.230402889711039
2876091.63168333,0.0570984015897567,0.231256084500781
2880902.03898969,0.0572372481156377,0.232114076926981
2885720.49194321,0.0573769665844031,0.232976911434071
2890547.00400063,0.0575175557766109,0.23384463299951
2895381.58864121,0.0576590145080522,0.234717287141514
2900224.25936674,0.0578013416299759,0.235594919926917
2905075.02970162,0.05794453602931,0.236477577979156
2909933.91319284,0.0580885966288769,0.237365308486388
2914800.92341005,0.0582335223876061,0.238258159209748
2919676.07394562,0.0583793123007421,0.239156178491743
2924559.37841465,0.0585259654000482,0.240059415264785
2929450.85045499,0.0586734807540061,0.240967919059857
2934350.5037273,0.058821857468012,0.241881740015344
2939258.35191512,0.0589710946845696,0.242800928885994
2944174.40872485,0.0591211915834787,0.243725537052037
2949098.68788582,0.0592721473820193,0.244655616528453
2954031.20315033,0.0594239613351357,0.2455912199744
2958971.96829366,0.0595766327356132,0.246532400702797
2963920.99711417,0.0597301609142554,0.24747921269007
2968878.30343324,0.0598845452400549,0.24843171058606
2973843.90109544,0.060039785120365,0.249389949724102
2978817.80396843,0.0601958800010644,0.250353986131266
2983800.0259431,0.0603528293667234,0.251323876538784
2988790.58093356,0.0605106327407636,0.252299678392637
2993789.4828772,0.0606692896856186,0.253281449864338
2998796.74573472,0.0608287998028895,0.254269249861882
3003812.38349016,0.0609891627335003,0.255263138040895
3008836.41015096,0.0611503781578492,0.256263174815958
3013868.83974799,0.0613124457959605,0.25726942137214
3018909.68633557,0.0614753654076311,0.25828193967671
3023958.96399155,0.0616391367925788,0.259300792491063
3029016.6868173,0.0618037597905855,0.260326043382831
3034082.86893781,0.0619692342816424,0.261357756738227
3039157.52450165,0.0621355601860896,0.262395997774564
3044240.6676811,0.0623027374647585,0.26344083255302
3049332.31267211,0.0624707661191089,0.264492327991598
3054432.47369439,0.0626396461913686,0.265550551878323
3059541.16499142,0.0628093777646688,0.266615572884645
3064658.40083052,0.0629799609631812,0.267687460579095
3069784.19550287,0.0631513959522514,0.268766285441148
3074918.56332354,0.0633236829385337,0.269852118875343
3080061.51863154,0.0634968221701251,0.270945033225635
3085213.0757899,0.0636708139366974,0.27204510178999
3090373.24918562,0.0638456585696293,0.273152398835231
3095542.0532298,0.0640213564421382,0.27426699961214
3100719.50235762,0.064197907969413,0.275388980370816
3105905.61102844,0.0643753136087444,0.276518418376292
3111100.39372575,0.0645535738596557,0.277655391924417
3116303.86495732,0.0647326892640353,0.278799980358022
3121516.03925514,0.0649126604062667,0.279952264083336
3126736.93117553,0.065093487913361,0.281112324586708
3131966.55529915,0.0652751724550873,0.282280244451594
3137204.92623106,0.0654577147441061,0.283456107375846
3142452.05860071,0.0656411155361001,0.284639998189278
3147707.96706207,0.0658253756299086,0.285832002871553
3152972.66629357,0.0660104958676595,0.287032208570346
3158246.17099823,0.0661964771349047,0.28824070361984
3163528.49590363,0.0663833203607539,0.289457577559513
3168819.65576201,0.0665710265180112,0.290682921153259
3174119.66535026,0.0667595966233109,0.291916826408811
3179428.53947002,0.066949031737256,0.293159386597519
3184746.29294763,0.0671393329645559,0.294410696274428
3190072.94063429,0.0673305014541673,0.295670851298717
3195408.49740598,0.0675225383994343,0.296939948854465
3200752.97816363,0.0677154450382319,0.298218087471771
3206106.39783301,0.0679092226531086,0.299505367048218
3211468.77136494,0.0681038725714329,0.300801888870703
3216840.11373517,0.0682993961655388,0.302107755637614
3222220.43994455,0.0684957948528761,0.30342307148139
3227609.76501898,0.0686930700961582,0.304747941991432
3233008.10400955,0.0688912234035164,0.306082474237409
3238415.47199245,0.0690902563286516,0.307426776792924
3243831.88406913,0.0692901704709915,0.308780959759585
3249257.35536631,0.0694909674758479,0.31014513479145
3254691.90103597,0.0696926490345757,0.31151941511987
3260135.53625546,0.0698952168847351,0.312903915578732
3265588.2762275,0.0700986728102564,0.314298752630112
3271050.13618025,0.070303018641606,0.315704044390317
3276521.13136734,0.0705082562559541,0.317119910656351
3282001.2770679,0.0707143875773464,0.318546472932795
3287490.58858662,0.0709214145768784,0.319983854459107
3292989.0812538,0.0711293392728708,0.321432180237337
3298496.77042536,0.0713381637310476,0.322891577060274
3304013.67148292,0.0715478900647179,0.324362173540021
3309539.79983381,0.0717585204349605,0.325844100137008
3315075.17091117,0.0719700570508109,0.32733748918943
3320619.80017389,0.0721825021694493,0.328842474943128
3326173.70310676,0.0723958580963947,0.330359193581908
3331736.89522045,0.0726101271857009,0.331887783258312
3337309.39205161,0.0728253118401545,0.333428384124819
3342891.20916281,0.0730414145114762,0.334981138365493
3348482.3621427,0.0732584377005265,0.33654619022808
3354082.866606,0.0734763839575145,0.338123686056561
3359692.73819351,0.0736952558822075,0.339713774324122
3365311.99257224,0.0739150561241484,0.341316605666606
3370940.64543535,0.0741357873828715,0.342932332916373
3376578.7125023,0.0743574524081263,0.344561111136633
3382226.20951881,0.0745800540001011,0.34620309765619
3387883.15225694,0.0748035950096533,0.347858452104652
3393549.55651513,0.0750280783385408,0.349527336448044
3399225.43811825,0.0752535069396594,0.351209915024875
3404910.81291764,0.0754798838172812,0.352906354582603
3410605.69679114,0.0757072120273006,0.354616824314545
3416310.10564315,0.0759354946774794,0.356341495897155
3422024.05540467,0.076164734927701,0.358080543527749
3427747.56203337,0.0763949359902246,0.359834143962583
3433480.64151357,0.0766261011299448,0.361602476555322
3439223.30985634,0.0768582336646556,0.363385723295884
3444975.58309955,0.0770913369653193,0.365184068849633
3450737.47730787,0.0773254144563378,0.366997700596905
3456509.00857284,0.0775604696158283,0.368826808672861
3462290.19301293,0.0777965059759053,0.370671586007643
3468081.04677354,0.0780335271229659,0.372532228366821
3473881.58602712,0.0782715366979785,0.374408934392094
3479691.82697313,0.0785105383967769,0.376301905642221
3485511.78583813,0.0787505359703592,0.378211346634188
3491341.47887582,0.0789915332251917,0.380137464884541
3497180.92236712,0.0792335340235159,0.382080470950879
3503030.13262013,0.0794765422836609,0.384040578473454
3508889.12597025,0.079720561980361,0.386018004216873
3514757.91878019,0.0799655971450784,0.388012968111841
3520636.52744007,0.0802116518663301,0.390025693296894
3526524.96836737,0.0804587302900184,0.392056406160091
3532423.25800704,0.0807068366197691,0.394105336380624
3538331.41283155,0.0809559751172735,0.39617271697028
3544249.44934093,0.0812061501026352,0.398258784314695
3550177.38406279,0.0814573659547211,0.400363778214335
3556115.23355237,0.0817096271115197,0.402487941925168
3562063.01439262,0.0819629380705037,0.40463152219893
3568020.74319424,0.0822173033889978,0.40679476932291
3573988.43659568,0.0824727276845505,0.408977937159173
3579966.11126322,0.0827292156353136,0.41118128318315
3585953.78389104,0.0829867719804266,0.413405068521501
3591951.47120124,0.0832454015204053,0.415649557989123
3597959.18994387,0.0835051091175362,0.417915020125218
3603976.95689699,0.0837658996962776,0.420201727228319
3610004.78886675,0.0840277782436663,0.422509955390143
3616042.7026874,0.0842907498097284,0.424839984528119
3622090.71522132,0.0845548195078969,0.427192098416481
3628148.84335913,0.0848199925154346,0.42956658471578
3634217.10401967,0.0850862740738647,0.431963735000644
3640295.51415011,0.0853536694894044,0.434383844785622
3646384.09072594,0.0856221841334058,0.436827213548924
3652482.85075103,0.0858918234428025,0.439294144753902
3658591.81125773,0.0861625929205638,0.44178494586804
3664710.98930687,0.0864344981361525,0.444299928379239
3670840.40198777,0.0867075447259892,0.446839407809166
3676980.06641837,0.0869817383939244,0.44940370372346
3683129.99974525,0.087257084911716,0.451993139738497
3689290.21914365,0.0875335901195125,0.45460804352445
3695460.74181753,0.0878112599263415,0.45724874680434
3701641.58499965,0.0880901003106085,0.459915585348833
3707832.76595155,0.0883701173205962,0.462608898966336
3714034.3019637,0.0886513170749765,0.465329031488183
3720246.21035543,0.088933705763323,0.468076330748403
3726468.50847508,0.0892172896466351,0.470851148557799
3732701.21369998,0.0895020750578643,0.473653840671822
3738944.34343656,0.0897880684024512,0.47648476675188
3745197.9151203,0.0900752761588645,0.479344290319538
3751461.94621591,0.0903637048791517,0.482232778703188
3757736.45421726,0.0906533611894912,0.485150602976587
3764021.45664751,0.0909442517907567,0.488098137888787
3770316.97105911,0.0912363834590824,0.49107576178478
3776623.0150339,0.0915297630464406,0.494083856516329
3782939.60618307,0.0918243974812213,0.497122807342223
3789266.76214731,0.092120293768823,0.500193002817365
3795604.50059681,0.0924174589922458,0.503294834669847
3801952.83923129,0.0927159003126961,0.50642869766534
3808311.79578011,0.0930156249701938,0.50959498945786
3814681.38800225,0.0933166402841906,0.512794110426163
3821061.63368641,0.0936189536541907,0.516026463494721
3827452.55065104,0.093922572560384,0.519292453938437
3833854.15674438,0.0942275045642802,0.522592489169943
3840266.46984456,0.0945337573093556,0.525926978508541
3846689.50785955,0.0948413385217021,0.5292963329295
3853123.28872734,0.095150256010688,0.532700964792666
3859567.83041587,0.0954605176696203,0.536141287548954
3866023.15092316,0.0957721314764203,0.539617715423568
3872489.26827731,0.0960851054943004,0.543130663074373
3878966.20053661,0.0963994478724531,0.546680545224114
3885453.9657895,0.0967151668467422,0.550267776264779
3891952.58215474,0.0970322707404061,0.55389276983263
3898462.06778134,0.0973507679647633,0.557555938352052
3904982.44084868,0.0976706670199297,0.56125769254657
3911513.71956656,0.0979919764955381,0.564998440915014
3918055.92217522,0.0983147050714701,0.568778589171029
3924609.06694541,0.0986388615185888,0.57259853964369
3931173.17217846,0.0989644546994858,0.576458690637261
3937748.25620628,0.0992914935692276,0.58035943574767
3944334.33739146,0.0996199871761162,0.584301163133513
3950931.43412729,0.0999499446624496,0.588284254738999
3957539.56483784,0.100281375265297,0.592309085466422
3964158.74797797,0.10061428831727,0.596376022295367
3970789.00203344,0.100948693247318,0.600485423346041
3977430.34552089,0.101284599581507,0.604637636883716
3984082.79698797,0.101622016943827,0.608833000261481
3990746.37501332,0.101960955056994,0.613071838798067
3997421.09820668,0.102301423743259,0.617354464587748
4004106.98520888,0.10264343292523,0.621681175238885
4010804.05469197,0.102986992626695,0.626052252537914
4017512.3253592,0.10333211297345,0.630467961035171
4024231.81594511,0.103678804194141,0.634928546549181
4030962.54521558,0.104027076621104,0.639434234585634
4037704.53196787,0.104376940691215,0.643985228667548
4044457.79503068,0.104728406946744,0.648581708572706
4051222.35326422,0.105081486036221,0.653223828474787
4057998.2255602,0.105436188715298,0.657911714984187
4064785.43084198,0.105792525847622,0.662645465084918
4071583.98806454,0.106150508405717,0.667425143963632
4078393.91621457,0.106510147471864,0.672250782727075
4085215.23431051,0.106871454238989,0.677122376004274
4092047.96140262,0.10723444001156,0.682039879429838
4098892.11657302,0.107599116206482,0.687003207004851
4105747.71893574,0.107965494354001,0.692012228332053
4112614.78763677,0.108333586098612,0.697066765722235
4119493.34185416,0.108703403199972,0.702166591168931
4126383.400798,0.109074957533813,0.707311423188858
4133284.98371052,0.109448261092862,0.712500923525898
4140198.10986612,0.109823325987763,0.717734693716916
4147122.79857148,0.110200164448008,0.723012271518092
4154059.06916553,0.11057878882286,0.728333127191084
4161006.94101956,0.11095921158229,0.733696659648966
4167966.43353725,0.111341445317907,0.739102192462742
4174937.56615476,0.111725502743896,0.744548969729915
4181920.35834073,0.112111396697958,0.75003615180765
4188914.82959637,0.112499140142245,0.755562810914094
4195920.99945551,0.112888746164307,0.761127926602675
4202938.88748464,0.113280227978026,0.766730381115408
4209968.51328302,0.113673598924562,0.772368954622711
4217009.89648263,0.114068872473293,0.778042320358861
4224063.0567483,0.114466062222753,0.783749039663954
4231128.01377779,0.114865181901577,0.789487556945067
4238204.78730177,0.115266245369433,0.795256194571357
4245293.39708393,0.115669266617961,0.801053147720086
4252393.86292097,0.116074259771703,0.806876479192903
4259506.20464276,0.116481239089038,0.81272411422423
4266630.44211232,0.116890218963103,0.818593835306185
4273766.59522587,0.117301213922717,0.824483277057428
4280914.68391292,0.117714238633295,0.830389921166251
4288074.72813632,0.118129307897765,0.836311091441258
4295246.74789231,0.118546436657466,0.842243949006215
4302430.76321057,0.118965639993047,0.848185487678962
4309626.79415425,0.119386933125359,0.854132529577704
4316834.86082011,0.119810331416334,0.860081721001254
4324054.98333849,0.120235850369856,0.866029528633292
4331287.18187342,0.120663505632622,0.87197223612404
4338531.47662263,0.121093312994994,0.877905941106041
4345787.88781764,0.121525288391832,0.88382655270381
4353056.43572382,0.121959447903325,0.889729789599958
4360337.14064044,0.122395807755792,0.895611178723142
4367630.02290068,0.122834384322486,0.901466054625397
4374935.10287177,0.123275194124367,0.907289559618212
4382252.40095501,0.123718253830864,0.913076644737963
4389581.93758579,0.124163580260621,0.91882207161212
4396923.73323368,0.124611190382211,0.924520415297529
4404277.80840252,0.125061101314846,0.930166068161226
4411644.18363042,0.125513330329052,0.935753244872433
4419022.87948983,0.125967894847321,0.941275988571715
4426413.91658765,0.126424812444745,0.946728178279394
4433817.3155652,0.12688410084961,0.952103537600073
4441233.09709835,0.12734577794398,0.957395644774142
4448661.28189753,0.12780986176423,0.96259794411909
4456101.89070785,0.128276370501563,0.967703758894828
4463554.94430907,0.128745322502486,0.972706305616413
4471020.46351574,0.129216736269251,0.977598709826154
4478498.46917719,0.129690630460256,0.982374023323493
4485988.98217767,0.130167023890417,0.987025242836931
4493492.0234363,0.130645935531482,0.991545330106184
4501007.61390724,0.131127384512317,0.995927233326296
4508535.77457967,0.131611390119133,1.00016390988733
4516076.52647788,0.132097971795674,1.0042483503251
4523629.89066132,0.132587149143348,1.00817360337923
4531195.88822468,0.13307894192131,1.01193280203577
4538774.54029793,0.133573370046481,1.01551919041252
4546365.86804634,0.134070453593515,1.01892615132667
4553969.89267063,0.134570212794703,1.02214723436652
4561586.63540697,0.135072668039812,1.02517618427248
4569216.11752703,0.135577839875851,1.02800696941772
4576858.36033806,0.136085749006776,1.0306338101657
4584513.38518296,0.136596416293113,1.03305120687124
4592181.21344034,0.137109862751507,1.03525396728396
4599861.86652452,0.137626109554187,1.03723723310807
4607555.36588568,0.138145178028347,1.03899650547082
4615261.73300985,0.138667089655443,1.04052766905414
4622980.98941903,0.139191866070388,1.04182701464937
4630713.15667119,0.139719529060657,1.04289125990474
4638458.25636033,0.140250100565287,1.04371756804809
4646216.31011663,0.140783602673778,1.0443035643843
4653987.33960642,0.141320057624872,1.04464735038702
4661771.36653224,0.141859487805226,1.04474751522787
4669568.41263298,0.142401915747965,1.04460314461219
4677378.49968383,0.142947364131101,1.04421382681953
4685201.64949647,0.143495855775832,1.04357965587718
4693037.88391898,0.144047413644697,1.04270123182716
4700887.22483607,0.144602060839593,1.04157965807972
4708749.69416897,0.145159820599642,1.04021653587937
4716625.31387565,0.145720716298906,1.03861395594148
4724514.10595073,0.146284771443937,1.03677448734945
4732416.09242568,0.146852009671164,1.03470116383159
4740331.29536879,0.147422454744104,1.03239746756499
4748259.73688527,0.147996130550394,1.02986731067821
4756201.43911728,0.148573061098624,1.02711501464702
4764156.42424406,0.149153270514994,1.02414528779566
4772124.71448188,0.14973678303974,1.02096320113161
4780106.33208424,0.150323623023374,1.01757416275281
4788101.29934179,0.150913814922677,1.0139838910741
4796109.63858253,0.151507383296487,1.0101983871232
4804131.37217175,0.152104352801225,1.00622390615716
4812166.52251219,0.152704748186191,1.00206692884606
4820215.112044,0.153308594288585,0.997734132265074
4828277.16324495,0.153915916028273,0.993232360925705
4836352.69863031,0.154526738402264,0.98856859806536
4844441.74075309,0.155141086478903,0.983749937399791
4852544.31220396,0.155758985391757,0.978783555526945
4860660.4356114,0.156380460333194,0.973676685152857
4868790.13364176,0.157005536547631,0.968436589291839
4876933.42899926,0.157634239324447,0.963070536573691
4885090.34442611,0.158266593990545,0.957585777771054
4893260.90270255,0.158902625902551,0.951989523640543
4901445.12664695,0.159542360438633,0.946288924152031
4909643.03911582,0.16018582298993,0.940491049161893
4917854.66300388,0.160833038951568,0.934602870568209
4926080.02124419,0.161484033713271,0.928631245969362
4934319.13680813,0.162138832649509,0.922582903832014
4942572.03270552,0.162797461109213,0.916464430160042
4950838.73198465,0.163459944405008,0.910282256643656
4959119.25773238,0.164126307801964,0.90404265025614
4967413.63307415,0.164796576505834,0.897751704256218
4975721.88117412,0.165470775650775,0.891415330545196
4984044.02523516,0.166148930286518,0.885039253321384
4992380.08849898,0.166831065364982,0.878629003968176
5000730.09424611,0.167517205726295,0.872189917108202
5009094.06579609,0.168207376084225,0.865727127752199
5017472.0265074,0.168901601010963,0.859245569469613
5025863.99977762,0.169599904921284,0.852749973506265
5034270.00904345,0.170302312056011,0.846244868774611
5042690.07778081,0.171008846464806,0.839734582642157
5051124.22950485,0.171719531988223,0.833223242445272
5059572.4877701,0.172434392239035,0.826714777656875
5068034.87617043,0.173153450582772,0.820212922639296
5076511.41833921,0.173876730117481,0.813721219915741
5085002.13794932,0.174604253652645,0.807243023897267
5093507.05871324,0.175336043687269,0.800781505004939
5102026.20438313,0.176072122387066,0.794339654130694
5110559.59875085,0.176812511560747,0.787920287383617
5119107.26564804,0.177557232635363,0.781526051072073
5127669.22894623,0.178306306630683,0.775159426875704
5136245.51255689,0.179059754132562,0.768822737164936
5144836.14043144,0.17981759526527,0.76251815042902
5153441.13656137,0.180579849662761,0.756247686777128
5162060.52497831,0.181346536438831,0.750013223480304
5170694.32975411,0.18211767415614,0.7438165005253
5179342.57500083,0.182893280794048,0.737659126154248
5188005.28487088,0.183673373715256,0.731542582367009
5196682.48355706,0.184457969631186,0.725468230365767
5205374.19529266,0.185247084566071,0.719437315923994
5214080.44435147,0.186040733819719,0.713450974664194
5222801.25504789,0.186838931928917,0.707510237231006
5231536.65173699,0.187641692627412,0.701616034348376
5240286.65881458,0.188449028804457,0.695769201751301
5249051.30071727,0.189260952461849,0.689970484984335
5257830.60192251,0.190077474669442,0.684220544060584
5266624.58694875,0.190898605519082,0.678519957976374
5275433.2803554,0.191724354076911,0.67286922907804
5284256.70674297,0.192554728334005,0.667268787278365
5293094.8907531,0.193389735155303,0.661718994121236
5301947.85706865,0.194229380226773,0.656220146693998
5310815.63041379,0.195073668000775,0.65077248138783
5319698.235554,0.195922601639564,0.645376177507075
5328595.6972962,0.196776182956904,0.640031360729081
5337508.04048879,0.197634412357732,0.634738106416702
5346435.29002177,0.198497288775831,0.629496442786023
5355377.47082673,0.19936480960945,0.624306353932231
5364334.60787695,0.200236970654856,0.619167782716879
5373306.72618752,0.201113766037738,0.614080633520055
5382293.85081535,0.201995188142435,0.609044774861246
5391296.00685925,0.202881227538931,0.604060041892748
5400313.21946001,0.203771872907586,0.599126238769616
5409345.51380048,0.204667110961545,0.594243140900302
5418392.91510564,0.205566926366789,0.589410497082149
5427455.44864263,0.20647130165977,0.584628031525922
5436533.13972086,0.207380217162621,0.579895445773533
5445626.01369208,0.20829365089587,0.575212420513167
5454734.09595046,0.20921157848863,0.570578617295965
5463857.4119326,0.210133973086235,0.565993680158313
5472995.98711766,0.21106080525528,0.561457237153748
5482149.84702744,0.211992042886051,0.556968901798415
5491319.01722641,0.212927651092289,0.552528274433961
5500503.52332179,0.213867592108281,0.548134943511589
5509703.39096361,0.214811825183266,0.54378848680089
5518918.64584486,0.215760306473114,0.539488472527028
5528149.31370146,0.216712988929289,0.535234460439714
5537395.42031236,0.217669822185063,0.531026002817273
5546656.99149969,0.218630752439011,0.526862645408957
5555934.05312869,0.219595722335752,0.522743928318692
5565226.63110793,0.220564670843978,0.518669386833096
5574534.75138926,0.221537533131756,0.514638552196761
5583858.43996798,0.222514240439163,0.510650952337378
5593197.72288283,0.223494719948236,0.506706112543509
5602552.62621613,0.224478894650322,0.502803556097328
5611923.17609379,0.225466683210844,0.498942804864917
5621309.39868547,0.226457999831557,0.495123379846257
5630711.32020454,0.227452754110346,0.491344801687252
5640128.96690827,0.228450850898665,0.487606591155734
5649562.3650978,0.229452190156675,0.483908269583599
5659011.54111829,0.230456666806228,0.480249359276825
5668476.52135894,0.231464170581757,0.476629383895324
5677957.33225312,0.232474585879254,0.473047868804218
5687454.00027836,0.233487791603432,0.469504341398311
5696966.55195654,0.234503661013277,0.465998331401168
5706495.01385383,0.235522061566114,0.462529371140433
5716039.4125809,0.236542854760433,0.459096995800641
5725599.77479288,0.237565895977632,0.455700743654988
5735176.12718951,0.23859103432296,0.452340156277197
5744768.49651515,0.239618112465851,0.449014778734798
5754376.90955895,0.240646966479987,0.445724159764832
5764001.39315481,0.241677425683305,0.44246785193317
5773641.97418152,0.24270931247833,0.439245411778368
5783298.67956287,0.243742442193132,0.436056399941057
5792971.53626764,0.244776622923273,0.432900381279792
5802660.57130973,0.245811655375145,0.429776924974198
5812365.8117482,0.246847332711088,0.426685604616218
5822087.2846874,0.247883440396757,0.423625998290231
5831825.01727702,0.248919756051168,0.420597688642789
5841579.0367121,0.249956049299936,0.417600262942648
5851349.37023325,0.250992081632231,0.41463331313168
5861136.04512655,0.252027606261982,0.411696435867381
5870939.0887238,0.253062367993928,0.40878923255744
5880758.52840246,0.254096103095098,0.405911309386996
5890594.3915858,0.255128539172396,0.403062277339017
5900446.70574295,0.256159395056903,0.400241752208368
5910315.498389,0.257188380695657,0.397449354609906
5920200.79708504,0.258215197051561,0.394684709981161
5930102.62943826,0.25923953601224,0.391947448579871
5940021.02310204,0.260261080308581,0.389237205476863
5949956.005776,0.261279503443778,0.386553620544534
5959907.60520608,0.262294469633713,0.383896338441364
5969875.84918465,0.263305633759533,0.381265008592664
5979860.76555054,0.264312641333284,0.378659285167974
5989862.38218916,0.265315128477526,0.376078827055265
5999880.72703255,0.266312721919815,0.373523297832321
6009915.82805947,0.267305039003018,0.370992365735431
6019967.71329548,0.26829168771237,0.368485703625732
6030036.41081301,0.269272266720261,0.366002988953307
6040121.94873143,0.270246365449678,0.363543903719343
6050224.35521718,0.271213564157312,0.361108134436442
6060343.65848375,0.272173434037229,0.358695372087343
6070479.88679189,0.273125537346121,0.356305312082146
6080633.06844954,0.27406942755103,0.353937654214273
6090803.23181205,0.275004649500501,0.351592102615215
6100990.40528218,0.275930739620053,0.349268365708291
6111194.61731018,0.276847226132837,0.346966156161494
6121415.89639387,0.277753629306339,0.344685190839542
6131654.27107877,0.278649461725897,0.342425190755256
6141909.76995815,0.279534228595811,0.340185881020374
6152182.42167306,0.280407428068701,0.337966990795894
6162472.25491246,0.281268551603776,0.335768253242004
6172779.29841334,0.28211708435455,0.33358940546772
6183103.58096073,0.282952505586485,0.331430188480299
6193445.13138778,0.283774289124951,0.329290347134494
6203803.97857588,0.284581903833798,0.327169630081705
6214180.15145473,0.285374814124736,0.325067789719107
6224573.67900244,0.286152480497586,0.322984582138803
6234984.59024555,0.286914360111375,0.320919767077067
6245412.91425913,0.287659907386104,0.318873107863698
6255858.68016695,0.288388574634886,0.316844371371545
6266321.91714145,0.289099812726,0.314833327966262
6276802.65440385,0.289793071774285,0.312839751456305
6287300.92122425,0.290467801861115,0.310863419043216
6297816.74692173,0.291123453782055,0.308904111272214
6308350.16086438,0.291759479821123,0.306961611983159
6318901.19246944,0.292375334550424,0.305035708261857
6329469.87120331,0.29297047565374,0.3031261903918
6340056.22658172,0.293544364772508,0.301232851806285
6350660.28816971,0.294096468372417,0.299355489041015
6361282.08558184,0.294626258628709,0.297493901687117
6371921.64848213,0.295133214328072,0.295647892344673
6382579.00658429,0.295616821784882,0.293817266576701
6393254.18965164,0.296076575769342,0.292001832863674
6403947.22749736,0.296511980444952,0.290201402558514
6414658.14998444,0.296922550312563,0.288415789842148
6425386.98702585,0.297307811158154,0.286644811679551
6436133.76858459,0.297667301001307,0.284888287776364
6446898.52467375,0.298000571041284,0.283146040536038
6457681.28535663,0.298307186597457,0.281417895017529
6468482.08074681,0.298586728040793,0.279703678893541
6479300.94100827,0.298838791712988,0.278003222409337
6490137.89635538,0.299062990829823,0.276316358342109
6500992.97705309,0.299258956365244,0.27464292196089
6511866.21341695,0.29942633791269,0.272982750987047
6522757.63581324,0.299564804520145,0.271335685555321
6533667.274659,0.299674045495467,0.269701568175443
6544595.16042214,0.299753771178567,0.2680802436943
6555541.32362155,0.299803713677067,0.266471559258648
6566505.79482717,0.299823627562204,0.264875364278405
6577488.60466005,0.299813290521798,0.26329151039049
6588489.78379246,0.299772503967294,0.26171985142319
6599509.36294798,0.299701093592022,0.260160243361113
6610547.37290157,0.299598909877978,0.258612544310649
6621603.84447966,0.299465828548679,0.257076614465997
6632678.80856022,0.299301750965805,0.255552316075711
6643772.29607292,0.299106604467623,0.254039513409779
6654884.33799912,0.298880342647408,0.252538072727237
6666014.965372,0.298622945570361,0.251047862244297
6677164.20927664,0.298334419927798,0.249568752102993
6688332.10085014,0.298014799127655,0.24810061434033
6699518.67128166,0.297664143320687,0.246643322857953
6710723.95181252,0.297282539362005,0.245196753392302
6721947.97373628,0.296870100707926,0.243760783485272
6733190.76839888,0.296426967248402,0.242335292455342
6744452.36719868,0.295953305075618,0.240920161369209
6755732.80158651,0.295449306189634,0.239515273013885
6767032.10306584,0.294915188142261,0.238120511869265
6778350.30319284,0.294351193620623,0.236735764081153
6789687.43357644,0.293757589972173,0.235360917434758
6801043.52587845,0.293134668673163,0.233995861328637
6812418.6118136,0.292482744742826,0.232640486749075
6823812.72314971,0.291802156105783,0.231294686244907
6835225.89170773,0.291093262905377,0.22995835390278
6846658.14936181,0.290356446770852,0.228631385322834
6858109.52803939,0.28959211004146,0.227313677594808
6869580.05972137,0.288800674950735,0.226005129274547
6881069.77644212,0.287982582774318,0.224705640360931
6892578.71028956,0.287138292944813,0.223415112273207
6904106.89340528,0.286268282137232,0.222133447828701
6915654.35798467,0.285373043328673,0.220860551220928
6927221.13627694,0.284453084835899,0.219596327998088
6938807.26058524,0.283508929334506,0.218340685041938
6950412.76326675,0.282541112863345,0.217093530547026
6962037.67673276,0.281550183817877,0.215854774000307
6973682.03344881,0.28053670193604,0.214624326161099
6985345.86593467,0.279501237280184,0.213402099041413
6997029.20676457,0.278444369218503,0.212188005886609
7008732.08856717,0.277366685409329,0.210981961156418
7020454.54402576,0.276268780791493,0.209783880506279
7032196.60587821,0.275151256583871,0.208593680769022
7043958.30691724,0.274014719297024,0.20741127993687
7055739.67999035,0.272859779759763,0.206236597143766
7067540.75800001,0.271687052163217,0.205069552648002
7079361.57390371,0.270497153124893,0.203910067815184
7091202.16071407,0.26929070077495,0.202758065101469
7103062.55149892,0.268068313866813,0.20161346803713
7114942.7793814,0.266830610913971,0.200476201210396
7126842.87754004,0.265578209354717,0.199346190251593
7138762.8792089,0.264311724746275,0.198223361817562
7150702.81767756,0.263031769989715,0.197107643576367
7162662.72629134,0.261738954586708,0.195998964192261
7174642.6384513,0.260433883929162,0.194897253310947
7186642.58761438,0.259117158622427,0.193802441545076
7198662.60729346,0.257789373842747,0.192714460460034
7210702.7310575,0.256451118729339,0.191633242559964
7222762.99253157,0.255102975811409,0.190558721274059
7234843.42539702,0.2537455204702,0.189490830943084
7246944.06339148,0.25237932043608,0.188429506806161
7259064.94030908,0.251004935320483,0.18737468498778
7271206.09000039,0.249622916182447,0.186326302485056
7283367.54637269,0.248233805129323,0.185284297155206
7295549.34338987,0.246838134951173,0.184248607703271
7307751.51507271,0.245436428788209,0.183219173670041
7319974.09549884,0.244029199830627,0.182195935420222
7332217.11880294,0.24261695104999,0.181178834130801
7344480.6191767,0.241200174961385,0.18016781177964
7356764.63086907,0.23977935341536,0.179162811134262
7369069.18818625,0.238354957418737,0.178163775740863
7381394.32549185,0.236927446983239,0.177170649913505
7393740.07720689,0.235497271000909,0.176183378723532
7406106.47781004,0.234064867145202,0.175201907989155
7418493.56183758,0.232630661796681,0.174226184265255
7430901.36388358,0.231195069992138,0.173256154833354
7443329.91859995,0.229758495396061,0.172291767691789
7455779.2606966,0.228321330293244,0.171332971546056
7468249.42494143,0.226883955601448,0.170379715799348
7480740.44616055,0.225446740902931,0.169431950543252
7493252.35923828,0.224010044493764,0.16848962654864
7505785.19911732,0.222574213449767,0.167552695256712
7518339.00079876,0.221139583708025,0.16662110877023
7530913.7993423,0.219706480162851,0.165694819844891
7543509.62986621,0.218275216775203,0.164773781880893
7556126.52754757,0.216846096694469,0.163857948914634
7568764.52762221,0.215419412391688,0.16294727561059
7581423.66538499,0.213995445803182,0.162041717253334
7594103.9761897,0.212574468483715,0.161141229739724
7606805.49544936,0.211156741768242,0.160245769571222
7619528.25863613,0.209742516941415,0.15935529384638
7632272.30128157,0.208332035413992,0.15846976025346
7645037.65897665,0.206925528905365,0.157589127063203
7657824.36737185,0.205523219631467,0.156713353121743
7670632.46217725,0.204125320497301,0.155842397843653
7683461.97916273,0.202732035293434,0.154976221205132
7696312.95415796,0.201343558895802,0.15411478373733
7709185.42305252,0.199960077468219,0.153258046519805
7722079.42179603,0.198581768666986,0.15240597117411
7734994.98639825,0.197208801847084,0.151558519857509
7747932.15292917,0.195841338269434,0.150715655256826
7760890.95751909,0.194479531308747,0.149877340582414
7773871.43635872,0.193123526661502,0.149043539562255
7786873.62569936,0.191773462553661,0.148214216436169
7799897.56185292,0.190429469947729,0.147389335950163
7812943.281192,0.189091672748801,0.146568863350885
7826010.82015008,0.187760188009266,0.145752764380198
7839100.21522157,0.186435126131862,0.144941005269873
7852211.50296193,0.18511659107083,0.144133552736393
7865344.71998773,0.183804680530894,0.143330373975878
7878499.90297678,0.182499486163837,0.142531436659106
7891677.08866828,0.181201093762482,0.141736708926658
7904876.31386285,0.179909583451882,0.140946159384166
7918097.61542266,0.178625029877572,0.140159757097666
7931341.03027151,0.177347502390703,0.139377471589067
7944606.59539502,0.17607706522996,0.138599272831707
7957894.34784063,0.174813777700145,0.137825131246026
7971204.32471773,0.17355769434733,0.137055017695343
7984536.5631978,0.172308865130487,0.136288903481722
7997891.10051448,0.171067335589538,0.135526760341943
8011267.97396371,0.16983314700978,0.134768560443577
8024667.22090379,0.168606336582625,0.134014276381154
8038088.87875548,0.167386937562636,0.133263881172423
8051532.98500216,0.166174979420831,0.132517348254715
8064999.57718992,0.164970487994247,0.131774651481394
8078488.6929276,0.163773485631774,0.13103576511841
8092000.36988695,0.162583991336243,0.130300663840934
8105534.64580277,0.16140202090279,0.129569322730088
8119091.55847295,0.160227587053532,0.128841717269768
8132671.14575859,0.159060699568562,0.128117823343559
8146273.4455841,0.157901365413302,0.12739761723173
8159898.49593735,0.15674958886225,0.126681075608321
8173546.33486976,0.155605371619174,0.125968175538319
8187217.00049635,0.154468712933784,0.125258894474923
8200910.5309959,0.153339609714943,0.124553210256887
8214626.96461106,0.152218056640459,0.123851101105947
8228366.33964847,0.151104046263533,0.123152545624341
8242128.69447877,0.149997569115905,0.122457522792411
8255914.06753682,0.148898613807765,0.121766011966274
8269722.49732177,0.147807167124486,0.121077992875593
8283554.02239715,0.146723214120261,0.120393445621415
8297408.68139098,0.145646738208694,0.119712350674102
8311286.51299592,0.144577721250401,0.119034688871328
8325187.55596928,0.143516143637728,0.118360441416169
8339111.84913329,0.142461984376605,0.11768958987526
8353059.43137501,0.141415221165649,0.117022116177039
8367030.34164663,0.140375830472543,0.116358002610062
8381024.61896541,0.139343787607801,0.115697231821402
8395042.30241394,0.138319066795951,0.115039786815112
8409083.43114012,0.13730164124423,0.114385650950781
8423148.04435737,0.136291483208844,0.11373480794215
8437236.18134465,0.135288564058865,0.113087241855809
8451347.88144668,0.134292854337834,0.11244293710997
8465483.18407394,0.133304323823132,0.111801878473309
8479642.1287028,0.132322941583186,0.111164051063887
8493824.75487572,0.131348676032568,0.110529440348132
8508031.10220129,0.130381494985063,0.109898032139908
8522261.2103543,0.129421365704756,0.109269812599648
8536515.11907591,0.128468254955209,0.108644768233555
8550792.86817378,0.12752212904677,0.108022885892873
8565094.49752215,0.126582953882093,0.10740415277324
8579420.04706192,0.12565069499993,0.106788556414095
8593769.5568008,0.124725317617213,0.106176084698162
8608143.06681341,0.123806786669533,0.105566725851
8622540.61724146,0.122895066850025,0.104960468440616
8636962.24829372,0.121990122646754,0.10435730137716
8651408.00024622,0.121091918378607,0.103757213912666
8665877.91344239,0.120200418229775,0.103160195640871
8680372.02829314,0.119315586282868,0.102566236497094
8694890.38527692,0.118437386550698,0.101975326758188
8709433.02493993,0.117565783006785,0.101387457042541
8723999.98789615,0.116700739614633,0.100802618310153
8738591.31482754,0.115842220355808,0.100220801862765
8753207.04648403,0.114990189256887,0.0996419993440571
8767847.22368377,0.114144610415272,0.0990662027399008
8782511.88731313,0.113305448023967,0.0984934043786763
8797201.07832693,0.112472666395304,0.0979235969316406
8811914.83774841,0.111646229983695,0.0973567734133635
8826653.20666949,0.110826103407415,0.0967929271822081
8841416.22625076,0.110012251469485,0.0962320519408788
8856203.93772172,0.109204639177643,0.0956741417370117
8871016.38238076,0.108403231763495,0.0951191909638297
8885853.60159541,0.107607994700812,0.094567194360838
8900715.63680232,0.106818893723066,0.0940181470145806
8915602.5295075,0.10603589484018,0.0934720443594361
8930514.32128635,0.105258964354569,0.0929288821784705
8945451.05378385,0.104488068876456,0.0923886566043267
8960412.76871454,0.103723175338525,0.0918513641201678
8975399.50786285,0.102964251009905,0.0913170015606529
8990411.313083,0.102211263509543,0.0907855661129645
9005448.22629928,0.101464180818957,0.0902570553178646
9020510.28950604,0.100722971294414,0.0897314670707966
9035597.54476793,0.099987603678539,0.0892087996230136
9050710.03421989,0.0992580471113956,0.0886890515827482
9065847.80006739,0.0985342711410304,0.0881722219164029
9081010.88458647,0.0978162457335247,0.0876583099497754
9096199.33012388,0.0971039412825618,0.0871473153693071
9111413.17909716,0.096397328618522,0.0866392382233523
9126652.47399485,0.095696379017128,0.0861340789234662
9141917.25737655,0.0950010642076567,0.085631838245712
9157207.57187301,0.0943113563807325,0.0851325173319809
9172523.46018628,0.0936272281957069,0.0846361176913194
9187864.96508987,0.0929486527876477,0.0841426412012633
9203232.12942883,0.0922756037739474,0.0836520901091749
9218624.99611983,0.0916080552605637,0.0831644670335817
9234043.60815131,0.0909459818478963,0.0826797749655042
9249488.0085837,0.0902893586363149,0.0821980172697751
9264958.24054934,0.0896381612313554,0.0817191976863492
9280454.34725281,0.0889923657485738,0.0812433203315866
9295976.37197087,0.0883519488180905,0.0807703896995201
9311524.35805272,0.0877168875888057,0.0803004106630848
9327098.34892001,0.0870871597323202,0.0798333884753225
9342698.38806709,0.0864627434465405,0.079369328770537
9358324.51906096,0.0858436174589994,0.0789082375654127
9373976.7855416,0.085229761029872,0.0784501212600711
9389655.23122187,0.0846211539547163,0.0779949866390798
9405359.89988783,0.0840177765669161,0.0775428408723856
9421090.83539871,0.0834196097398548,0.0770936915161857
9436848.08168714,0.0828266348887983,0.0766475465137109
9452631.6827592,0.0822388339725103,0.0762044141959301
9468441.6826946,0.0816561894945811,0.0757643032821531
9484278.12564674,0.0810786845044905,0.0753272228805384
9500141.05584293,0.0805063025983836,0.074893182488482
9516030.51758436,0.0799390279195807,0.0744621919928957
9531946.55524641,0.0793768451587986,0.0740342616703484
9547889.21327861,0.0788197395541019,0.0736094021870774
9563858.53620488,0.0782676968905636,0.0731876245988455
9579854.56862359,0.077720703499646,0.0727689403506458
9595877.35520772,0.0771787462582942,0.0723533612762383
9611926.9407049,0.0766418125877337,0.0719408995975069
9628003.36993768,0.0761098904519727,0.0715315679236281
9644106.68780359,0.0755829683560052,0.0711253792500403
9660236.93927518,0.0750610353437082,0.0707223469572034
9676394.16940024,0.0745440809954239,0.0703224848091326
9692578.42330194,0.074032095425224,0.0699258069516968
9708789.74617891,0.0735250692778519,0.0695323279106722
9725028.18330536,0.0730229937253325,0.0691420625895351
9741293.7800312,0.0725258604632412,0.0687550262669801
9757586.58178225,0.0720336617066261,0.068371234594153
9773906.63406029,0.0715463901855773,0.0679907035915847
9790253.98244318,0.0710640391404333,0.0676134496458137
9806628.67258499,0.0705866023166139,0.0672394895056789
9823030.75021621,0.0701140739590718,0.0668688402782724
9839460.2611438,0.069646448806357,0.0665015194245393
9855917.25125131,0.0691837220842822,0.0661375447545082
9872401.76649903,0.0687258894991782,0.0657769344221377
9888913.85292414,0.0682729472307298,0.0654197069197639
9905453.55664084,0.0678248919243878,0.0650658810721386
9922020.92384042,0.0673817206833433,0.0647154760300416
9938616.00079142,0.0669434310600523,0.0643685112634495
9955238.8338398,0.0665100210473044,0.0640250065542503
9971889.46940905,0.0660814890688277,0.0636849819884913
9988567.95400025,0.0656578339694176,0.0633484579481429
10005274.3341923,0.06523905500458,0.0630154551023656
10022008.6566419,0.0648251518296803,0.0626859943982663
10038770.9680841,0.0644161244885932,0.0623600970511349
10055561.3153316,0.064011973401843,0.0620377845341438
10072379.7452759,0.063612699354223,0.0617190785675004
10089226.3048867,0.0632183034818916,0.0614040011070401
10106101.0412122,0.0628287872589387,0.0610925743322514
10123004.0013794,0.0624441524834151,0.0607848206337218
10139935.232594,0.0620644012628183,0.0604807625999932
10156894.7821409,0.0616895359990316,0.0601804230038201
10173882.6973838,0.0613195593727161,0.0598838247878242
10190899.0257659,0.0609544743271504,0.059590991049539
10207943.8148094,0.0605942840515157,0.0593019450258351
10225017.1121164,0.0602389919636275,0.0590167100767261
10242118.9653682,0.0598886016921174,0.0587353096685528
10259249.4223261,0.0595431170580642,0.0584577673565416
10276408.5308313,0.0592025420560795,0.058184106766739
10293596.3388049,0.0588668808348513,0.057914351577322
10310812.8942483,0.058536137677156,0.0576485254992911
10328058.2452429,0.0582103169793469,0.0573866522565492
10345332.4399508,0.0578894232303244,0.0571287555653725
10362635.5266145,0.0575734609900057,0.0568748591132822
10379967.5535574,0.0572624348673054,0.0566249865373314
10397328.5691834,0.0569563494976455,0.0563791614018172
10414718.6219775,0.0566552095200069,0.0561374071754329
10432137.760506,0.0563590195535467,0.0558997472078778
10449586.0334161,0.056067784173804,0.0556662047059477
10467063.4894366,0.0557815078885161,0.0554368027091247
10484570.1773777,0.0555001951130695,0.0552115640646897
10502106.1461311,0.0552238501456178,0.0549905114023875
10519671.4446707,0.0549524771418955,0.0547736671086732
10537266.1220518,0.054686080089761,0.0545610533005701
10554890.2274121,0.0544246627835006,0.0543526917991742
10572543.8099713,0.0541682287979344,0.0541486041028407
10590226.9190315,0.0539167814623613,0.0539488113600938
10607939.6039774,0.0536703238343862,0.0537533343423009
10625681.9142759,0.0534288586736678,0.0535621934161513
10643453.8994771,0.0531923884156376,0.05337540851599
10661255.6092137,0.052960915145234,0.0531929991160531
10679087.0932014,0.0527344405707023,0.0530149842026545
10696948.4012392,0.0525129659975076,0.0528413822463779
10714839.5832093,0.0522964923024152,0.052672211174325
10732760.6890773,0.0520850199077915,0.0525074883424811
10750711.7688925,0.0518785487561797,0.0523472305082516
10768692.8727878,0.0516770782852043,0.0521914538032294
10786704.05098,0.0514806074028604,0.0520401737062529
10804745.3537698,0.0512891344632506,0.0518934050168195
10822816.8315421,0.0511026572428174,0.0517511618289108
10840918.5347662,0.0509211729171373,0.0516134575052971
10859050.5139955,0.0507446780383263,0.0514803046523805
10877212.8198683,0.0505731685131248,0.0513517150956448
10895405.5031073,0.0504066395817065,0.0512276998557693
10913628.6145202,0.0502450857972767,0.0511082691254732
10931882.2049997,0.05008850100651,0.0509934322471499
10950166.3255235,0.0499368783308855,0.0508831976913566
10968481.0271547,0.0497902101489681,0.0507775730362128
10986826.3610416,0.0496484880796875,0.0506765649477702
11005202.3784184,0.0495117029666661,0.0505801791614095
11023609.1306045,0.0493798448636394,0.0504884204643184
11042046.6690057,0.0492529030210132,0.050401292679102
11060515.0451132,0.0491308658735997,0.0503187986485756
11079014.3105049,0.0490137210295707,0.0502409402217875
11097544.5168445,0.0489014552606621,0.0501677182413136
11116105.7158822,0.0487940544936609,0.0500991325318638
11134697.959455,0.0486915038032046,0.0500351818902387
11153321.2994864,0.0485937874059159,0.0499758640766669
11171975.7879868,0.0485008886558926,0.0499211758075532
11190661.4770535,0.0484127900415717,0.0498711127496621
11209378.4188711,0.0483294731839754,0.0498256695157562
11228126.6657113,0.0482509188363533,0.0497848396617061
11246906.2699335,0.0481771068852177,0.049748615685084
11265717.2839842,0.0481080163527777,0.0497169890252461
11284559.7603981,0.0480436254007622,0.0496899500649075
11303433.7517976,0.0479839113356266,0.0496674881332078
11322339.3108931,0.0479288506151264,0.0496495915102582
11341276.490483,0.0478784188562427,0.0496362474331612
11360245.3434543,0.0478325908444354,0.0496274421034848
11379245.9227822,0.0477913405442002,0.0496231606961721
11398278.2815307,0.0477546411108974,0.0496233873698602
11417342.4728525,0.0477224649038208,0.0496281052785802
11436438.5499891,0.0476947835004684,0.0496372965848045
11455566.5662713,0.0476715677119737,0.0496509424738044
11474726.5751186,0.0476527875996548,0.049669023169277
11493918.6300405,0.0476384124926332,0.049691517950198
11513142.7846354,0.0476284110064736,0.0497184051688509
11532399.0925918,0.0476227510627911,0.0497496622699835
11551687.6076877,0.0476213999097727,0.0497852658110379
11571008.3837911,0.0476243241435545,0.049825191483397
11590361.4748603,0.0476314897303991,0.0498694141345911
11609746.9349437,0.0476428620296095,0.0499179077914023
11629164.81818,0.0476584058171227,0.0499706456838067
11648615.1787986,0.047678085309717,0.0500276002696894
11668098.0711195,0.0477018641897736,0.0500887432602697
11687613.5495536,0.0477297056305272,0.0501540456461699
11707161.6686029,0.0477615723217439,0.0502234777240628
11726742.4828603,0.0477974264957622,0.0502970091238307
11746356.0470103,0.0478372299538359,0.0503746088361724
11766002.4158288,0.0478809440927152,0.0504562452405901
11785681.6441831,0.047928529931407,0.0505418861336922
11805393.7870325,0.0479799481380516,0.0506314987577473
11825138.899428,0.0480351590568605,0.0507250498294271
11844917.0365131,0.0480941227350551,0.0508225055686753
11864728.253523,0.0481567989497515,0.0509238317276406
11884572.6057857,0.048223147234739,0.051028993619618
11904450.1487214,0.048293126907099,0.0511379561479385
11924360.9378433,0.0483666970936148,0.0512506838347528
11944305.0287572,0.0484438167569254,0.051367140849656
11964282.4771621,0.0485244447213772,0.0514872910381024
11984293.3388501,0.0486085396985328,0.051611097949562
12004337.6697065,0.0486960603122934,0.0517385248653711
12024415.5257102,0.0487869651235997,0.0518695348262356
12044526.9629337,0.0488812126546751,0.0520040906593437
12064672.0375433,0.0489787614127784,0.0521421550050518
12084850.8057991,0.0490795699134362,0.0522836903431045
12105063.3240555,0.0491835967031262,0.0524286590183583
12125309.6487611,0.0492908003813887,0.0525770232659769
12145589.8364588,0.049401139622343,0.0527287452360715
12165903.9437862,0.0495145731955869,0.052883787017758
12186252.0274755,0.0496310599864642,0.0530421106626105
12206634.144354,0.0497505590156847,0.0532036782074909
12227050.3513438,0.0498730294582829,0.0533684516967358
12247500.7054624,0.0499984306619063,0.0535363932036854
12267985.2638225,0.0501267221644228,0.0537074648515407
12288504.0836324,0.050257863710844,0.053881628833541
12309057.2221962,0.0503918152695581,0.0540588474324497
12329644.7369137,0.0505285370478707,0.0542390830393439
12350266.6852807,0.0506679895068525,0.0544222981717023
12370923.1248892,0.0508101333754966,0.0546084554907897
12391614.1134276,0.0509549296641873,0.0547975178183375
12412339.7086806,0.0511023396774848,0.0549894481525201
12433099.9685298,0.0512523250262316,0.0551842096832296
12453894.9509533,0.0514048476389886,0.0553817658066554
12474724.7140265,0.0515598697728095,0.0555820801391724
12495589.3159217,0.0517173540233614,0.0557851165305437
12516488.8149086,0.0518772633344035,0.0559908390764477
12537423.2693543,0.0520395610066357,0.0561992121303389
12558392.7377237,0.0522042107059309,0.0564102003146535
12579397.2785791,0.052371176470958,0.0566237685313651
12600436.9505812,0.0525404227202188,0.056839881971912
12621511.8124885,0.0527119142585058,0.0570585061265019
12642621.9231579,0.0528856162827999,0.057279606792811
12663767.3415447,0.0530614943876216,0.057503150084089
12684948.1267029,0.053239514569851,0.0577291024366863
12706164.337785,0.0534196432330372,0.0579574306170205
12727416.0340429,0.0536018471912065,0.0581881017279932
12748703.2748272,0.0537860936721913,0.0584210832148753
12770026.1195879,0.0539723503204947,0.0586563428706787
12791384.6278744,0.0541605851997067,0.0588938488410265
12812778.8593358,0.0543507667944908,0.0591335696285424
12834208.8737209,0.0545428640121549,0.0593754740967714
12855674.7308784,0.0547368461838242,0.0596195314736512
12877176.4907571,0.054932683065236,0.0598657113545512
12898714.2134062,0.0551303448371653,0.0601139837048916
12920287.9589751,0.0553298021055061,0.0603643188623645
12941897.787714,0.0555310259010159,0.0606166875387666
12963543.7599739,0.0557339876787463,0.0608710608214653
12985225.9362065,0.0559386593171707,0.0611274101745116
13006944.3769649,0.0561450131170252,0.0613857074394131
13028699.1429032,0.0563530217998769,0.0616459248355853
13050490.2947771,0.0565626585064379,0.061908034960497
13072317.893444,0.0567738967946319,0.0621720107895189
13094181.999863,0.0569867106374351,0.0624378256754986
13116082.675095,0.0572010744204981,0.0627054533480654
13138019.9803032,0.0574169629395663,0.0629748679126883
13159993.9767532,0.0576343513977101,0.0632460438494951
13182004.7258128,0.0578532154023754,0.0635189560118668
13204052.2889527,0.0580735309622681,0.0637935796248183
13226136.7277462,0.0582952744840845,0.0640698902831824
13248258.1038697,0.0585184227690977,0.0643478639496042
13270416.4791027,0.0587429530096095,0.064627476952359
13292611.9153282,0.05896884278528,0.0649087059830038
13314844.4745324,0.059196070059344,0.065191528093876
13337114.2188054,0.0594246131747262,0.0654759206954492
13359421.2103412,0.0596544508500559,0.065761861553549
13381765.5114375,0.0598855621756025,0.0660493287864503
13404147.1844966,0.0601179266091292,0.0663383008618553
13426566.2920248,0.0603515239716803,0.0666287565937682
13449022.8966333,0.0605863344433048,0.0669206751392683
13471517.0610378,0.0608223385587249,0.0672140359951948
13494048.8480589,0.0610595172029607,0.0675088189947515
13516618.3206223,0.0612978516069105,0.0678050043040345
13539225.541759,0.0615373233428974,0.0681025724184928
13561870.5746054,0.0617779143201888,0.0684015041593297
13584553.4824033,0.062019606780492,0.06870178066985
13607274.3285007,0.0622623832934332,0.0690033834117594
13630033.1763512,0.0625062267520235,0.0693062941614222
13652830.0895146,0.062751120368117,0.0696104950060809
13675665.1316571,0.0629970476678686,0.0699159683400502
13698538.3665513,0.0632439924871906,0.0702226968608803
13721449.8580765,0.0634919389672159,0.0705306635655014
13744399.6702188,0.063740871549771,0.070839851746353
13767387.8670714,0.0639907749728613,0.0711502449874994
13790414.5128345,0.064241634266174,0.0714618271607404
13813479.6718161,0.0644934347465991,0.0717745824217152
13836583.4084313,0.0647461620137727,0.0720884952060061
13859725.7872032,0.0649998019456481,0.0724035502252497
13882906.8727627,0.0652543406940918,0.0727197324632496
13906126.7298488,0.0655097646805109,0.0730370271721005
13929385.4233089,0.0657660605915129,0.073355419868326
13952683.0180987,0.0660232153745999,0.073674896329029
13976019.5792828,0.0662812162339013,0.0739954425880649
13999395.1720342,0.0665400506259388,0.0743170449322254
14022809.8616353,0.066799706255437,0.0746396898974535
14046263.7134775,0.0670601710711735,0.0749633642650794
14069756.7930617,0.0673214332618699,0.0752880550580811
14093289.1659981,0.0675834812521274,0.0756137495373734
14116860.8980069,0.0678463036984074,0.0759404351981274
14140472.0549181,0.0681098894850588,0.0762680997661211
14164122.7026719,0.0683742277203899,0.0765967311941204
14187812.9073186,0.0686393077327883,0.0769263176582942
14211542.735019,0.0689051190668894,0.0772568475546647
14235312.2520449,0.0691716514797945,0.0775883094955947
14259121.5247785,0.0694388949373344,0.0779206923063073
14282970.6197133,0.0697068396103877,0.0782539850214486
14306859.6034538,0.0699754758712434,0.0785881768816829
14330788.5427162,0.0702447942900192,0.0789232573303321
14354757.504328,0.0705147856311255,0.079259216010051
14378766.5552286,0.0707854408497821,0.0795960427595432
14402815.7624694,0.0710567510885853,0.0799337276103186
14426905.1932138,0.0713287076741265,0.0802722607834924
14451034.9147377,0.071601302113658,0.0806116326866207
14475204.9944293,0.0718745260918141,0.0809518339105851
14499415.4997899,0.0721483714673776,0.0812928552265105
14523666.4984333,0.0724228302701007,0.0816346875827317
14547958.0580865,0.0726978946975738,0.0819773221017984
14572290.24659,0.0729735571121428,0.082320750077521
14596663.1318974,0.0732498100378788,0.0826649629720617
14621076.7820762,0.0735266461575957,0.0830099524130665
14645531.2653078,0.0738040583099145,0.0833557101908357
14670026.6498874,0.0740820394863808,0.0837022282555423
14694563.0042245,0.0743605828286242,0.0840494987144846
14719140.3968433,0.0746396816255713,0.0843975138293879
14743758.8963821,0.0749193293107022,0.0847462660137417
14768418.5715946,0.0751995194593538,0.0850957478301792
14793119.4913489,0.0754802457860717,0.0854459519878997
14817861.7246286,0.0757615021420051,0.0857968713401283
14842645.3405328,0.0760432825123512,0.0861484988816212
14867470.4082759,0.0763255810138375,0.0865008277462017
14892336.9971881,0.0766083918922547,0.0868538512043444
14917245.1767158,0.0768917095200311,0.0872075626607955
14942195.0164214,0.0771755283938499,0.0875619556522311
14967186.5859835,0.0774598431323078,0.0879170238449532
14992219.9551973,0.0777446484736184,0.0882727610326269
15017295.1939751,0.0780299392733561,0.0886291611340533
15042412.3723456,0.0783157105022398,0.0889862181909796
15067571.5604549,0.0786019572439576,0.0893439263659452
15092772.8285665,0.0788886746930312,0.0897022799401655
15118016.2470613,0.0791758581527212,0.0900612733114531
15143301.8864378,0.0794635030329682,0.0904209009921711
15168629.8173127,0.0797516048483728,0.0907811576072224
15194000.1104205,0.0800401592162142,0.0911420378920755
15219412.8366142,0.0803291618545054,0.0915035366908232
15244868.0668653,0.080618608580084,0.0918656489542753
15270365.872264,0.0809084953067376,0.0922283697380822
15295906.3240193,0.0811988180433672,0.0925916942008949
15321489.4934593,0.0814895728921838,0.0929556176025565
15347115.4520316,0.0817807560469385,0.0933201353023232
15372784.2713032,0.0820723637911858,0.093685242757118
15398496.0229606,0.0823643924965812,0.0940509355198159
15424250.7788105,0.0826568386212108,0.0944172092375605
15450048.6107795,0.0829496987079523,0.0947840596501076
15475889.5909145,0.0832429693828655,0.0951514825881994
15501773.7913831,0.0835366473536173,0.0955194739719693
15527701.2844735,0.0838307294079342,0.0958880298093748
15553672.1425946,0.0841252124120853,0.0962571461946571
15579686.4382768,0.0844200933093933,0.096626819306829
15605744.2441714,0.0847153691187754,0.0969970454081903
15631845.6330515,0.0850110369333129,0.0973678208428718
15657990.6778118,0.0853070939188465,0.0977391420354024
15684179.451469,0.085603537312599,0.0981110054893031
15710412.0271618,0.0859003644218254,0.0984834077857073
15736688.4781514,0.0861975726224914,0.0988563455820093
15763008.8778214,0.0864951593579706,0.0992298156105282
15789373.2996781,0.0867931221377744,0.0996038146772058
15815781.8173508,0.0870914585363018,0.099978339660323
15842234.504592,0.087390166191617,0.100353387509242
15868731.4352775,0.0876892428042471,0.100728955243171
15895272.6834068,0.0879886861360047,0.101105039949947
15921858.3231029,0.0882884940088351,0.101481638784849
15948488.4286129,0.0885886643036836,0.101858748969429
15975163.0743083,0.0888891949593849,0.102236367790359
16001882.3346846,0.0891900839715761,0.102614492598311
16028646.2843621,0.0894913293916285,0.102993120806846
16055454.998086,0.0897929293256029,0.103372249891329
16082308.5507263,0.090094881933223,0.103751877387868
16109207.0172784,0.090397185426868,0.104132000892259
16136150.472863,0.0906998380705892,0.104512618058966
16163138.9927266,0.0910028381791416,0.104893726600111
16190172.6522415,0.0913061841170349,0.105275324284484
16217251.5269059,0.0916098742976055,0.105657408936569
16244375.6923444,0.0919139071821038,0.106039978435596
16271545.2243081,0.0922182812788019,0.106423030714599
16298760.198675,0.0925229951421164,0.106806563759502
16326020.6914495,0.0928280473717486,0.107190575608215
16353326.7787636,0.0931334366118441,0.107575064349748
16380678.5368763,0.0934391615501645,0.107960028123343
16408076.0421744,0.0937452209172801,0.108345465117619
16435519.3711725,0.0940516134857735,0.108731373569739
16463008.6005127,0.0943583380694621,0.109117751764581
16490543.8069659,0.0946653935226356,0.109504598033941
16518125.067431,0.0949727787393066,0.109891910755729
16545752.4589356,0.0952804926524758,0.110279688353201
16573426.0586363,0.0955885342334147,0.110667929294192
16601145.9438186,0.0958969024909575,0.111056632090365
16628912.1918972,0.0962055964708119,0.111445795296479
16656724.8804165,0.096514615254878,0.111835417509666
16684584.0870502,0.0968239579605845,0.112225497368718
16712489.8896025,0.0971336237402384,0.1126160335534
16740442.3660073,0.0974436117803811,0.113007024783757
16768441.5943288,0.0977539213011643,0.113398469819449
16796487.6527621,0.0980645515557354,0.113790367459092
16824580.6196328,0.098375501829632,0.114182716539613
16852720.5733977,0.0986867714401935,0.11457551593561
16880907.5926447,0.0989983597359785,0.114968764558736
16909141.7560932,0.0993102660961984,0.115362461357082
16937423.1425941,0.0996224899301594,0.115756605314582
16965751.8311306,0.0999350306767141,0.116151195450416
16994127.9008174,0.100247887803727,0.116546230818439
17022551.4309021,0.100561060807548,0.116941710506608
17051022.5007644,0.100874549212497,0.117337633636424
17079541.1899171,0.101188352570359,0.117733999362389
17108107.5780058,0.101502470459885,0.118130806871462
17136721.7448093,0.101816902486311,0.118528055382536
17165383.77024,0.102131648280875,0.118925744145914
17194093.7343439,0.102446707500353,0.119323872442807
17222851.7173006,0.1027620798266,0.119722439584828
17251657.7994242,0.103077764966098,0.120121444913502
17280512.061163,0.103393762649518,0.120520887799788
17309414.5830997,0.103710072631284,0.120920767643601
17338365.4459519,0.104026694689148,0.121321083873351
17367364.7305724,0.104343628623779,0.121721835945483
17396412.5179488,0.104660874258349,0.122123023344031
17425508.8892045,0.104978431438134,0.122524645580179
17454653.9255985,0.105296300030122,0.122926702191823
17483847.7085255,0.105614479922627,0.123329192743155
17513090.3195167,0.105932971024912,0.123732116824239
17542381.8402395,0.106251773266817,0.124135474050606
17571722.3524978,0.106570886598395,0.124539264062848
17601111.9382323,0.106890310989557,0.124943486526227
17630550.6795211,0.107210046429722,0.125348141130287
17660038.6585791,0.107530092927471,0.125753227588466
17689575.957759,0.107850450510212,0.126158745637732
17719162.6595512,0.108171119223852,0.12656469503821
17748798.846584,0.108492099132469,0.126971075572821
17778484.6016241,0.108813390317998,0.127377887046928
17808220.0075762,0.109134992879913,0.127785129287987
17838005.1474841,0.109456906934929,0.128192802145209
17867840.1045304,0.109779132616698,0.128600905489219
17897724.9620367,0.110101670075513,0.129009439211728
17927659.8034639,0.11042451947802,0.129418403225206
17957644.7124128,0.110747681006937,0.12982779746257
17987679.7726237,0.111071154860776,0.130237621876866
18017765.0679771,0.111394941253564,0.130647876440961
18047900.6824939,0.111719040414584,0.131058561147244
18078086.7003353,0.112043452588107,0.131469676007326
18108323.2058035,0.112368178033135,0.131881221051755
18138610.2833415,0.112693217023151,0.132293196329719
18168948.0175336,0.113018569845866,0.132705601908776
18199336.4931057,0.11334423680298,0.13311843787457
18229775.7949252,0.113670218209945,0.133531704330563
18260266.0080017,0.113996514395722,0.133945401397765
18290807.2174866,0.114323125702559,0.134359529214474
18321399.508674,0.114650052485766,0.134774087936022
18352042.9670007,0.114977295113485,0.135189077734512
18382737.6780464,0.115304853966485,0.135604498798581
18413483.7275335,0.115632729437936,0.136020351333145
18444281.2013284,0.115960921933211,0.136436635559168
18475130.1854408,0.116289431869675,0.13685335171342
18506030.7660242,0.116618259676482,0.137270500048245
18536983.0293763,0.116947405794384,0.137688080831338
18567987.0619391,0.11727687067553,0.138106094345516
18599042.9502993,0.11760665478328,0.138524540888501
18630150.7811883,0.117936758592017,0.138943420772703
18661310.6414824,0.118267182586963,0.139362734325005
18692522.6182036,0.118597927264,0.139782481886559
18723786.7985192,0.118928993129493,0.140202663812575
18755103.2697422,0.119260380700118,0.140623280472125
18786472.1193319,0.119592090502689,0.141044332247938
18817893.4348936,0.119924123073995,0.141465819536213
18849367.3041794,0.120256478960633,0.14188774274642
18880893.815088,0.120589158718848,0.142310102301118
18912473.0556651,0.120922162914376,0.142732898635763
18944105.1141038,0.12125549212229,0.143156132198534
18975790.0787445,0.121589146926847,0.143579803450147
19007528.0380756,0.121923127921336,0.144003912863683
19039319.0807333,0.122257435707936,0.144428460924417
19071163.2955021,0.122592070897571,0.144853448129643
19103060.7713151,0.122927034109769,0.14527887498851
19135011.597254,0.123262325972522,0.145704742021859
19167015.8625496,0.12359794712215,0.146131049762058
19199073.6565818,0.123933898203171,0.146557798752849
19231185.0688803,0.124270179868168,0.146984989549187
19263350.1891241,0.12460679277766,0.147412622717088
19295569.1071425,0.124943737599975,0.147840698833479
19327841.9129151,0.125281015011129,0.148269218486051
19360168.6965718,0.125618625694703,0.148698182273111
19392549.5483932,0.125956570341723,0.149127590803439
19424984.5588112,0.126294849650544,0.149557444696149
19457473.8184085,0.126633464326735,0.149987744580551
19490017.4179199,0.126972415082966,0.150418491096011
19522615.4482315,0.127311702638896,0.150849684891821
19555268.0003814,0.127651327721067,0.151281326627066
19587975.1655602,0.127991291062794,0.151713416970495
19620737.035111,0.128331593404064,0.152145956600394
19653553.7005295,0.12867223549143,0.152578946204459
19686425.2534645,0.129013218077911,0.153012386479676
19719351.7857183,0.129354541922893,0.1534462781322
19752333.3892465,0.129696207792034,0.153880621877232
19785370.1561585,0.130038216457164,0.154315418438907
19818462.1787177,0.130380568696194,0.154750668550174
19851609.5493422,0.130723265293025,0.155186372952691
19884812.3606043,0.131066307037456,0.155622532396704
19918070.7052312,0.131409694725094,0.156059147640945
19951384.6761053,0.13175342915727,0.15649621945252
19984754.3662642,0.132097511140954,0.156933748606809
20018179.8689014,0.132441941488666,0.157371735887354
20051661.2773658,0.1327867210184,0.157810182085764
20085198.6851628,0.133131850553537,0.158249088001608
20118792.1859541,0.133477330922772,0.158688454442324
20152441.8735581,0.133823162960033,0.159128282223116
20186147.8419499,0.134169347504401,0.159568572166858
20219910.1852621,0.134515885400042,0.160009325104002
20253728.9977845,0.134862777496129,0.160450541872489
20287604.3739648,0.13521002464677,0.160892223317651
20321536.4084084,0.135557627710939,0.161334370292123
20355525.195879,0.135905587552401,0.161776983655762
20389570.8312991,0.136253905039652,0.162220064275551
20423673.4097497,0.136602581045845,0.162663613025521
20457833.0264708,0.136951616448726,0.163107630786662
20492049.7768618,0.137301012130571,0.163552118446846
20526323.7564816,0.137650768978121,0.163997076900742
20560655.061049,0.138000887882518,0.164442507049737
20595043.7864428,0.138351369739248,0.164888409801858
20629490.0287021,0.138702215448076,0.165334786071696
20663993.884027,0.139053425912992,0.165781636780331
20698555.448778,0.139405002042149,0.166228962855252
20733174.8194772,0.139756944747808,0.166676765230292
20767852.0928077,0.140109254946283,0.167125044845547
20802587.3656149,0.140461933557885,0.167573802647315
20837380.7349055,0.140814981506868,0.168023039588016
20872232.2978489,0.141168399721377,0.16847275662613
20907142.1517769,0.141522189133395,0.168922954726127
20942110.3941841,0.141876350678696,0.169373634858404
20977137.1227282,0.142230885296791,0.169824797999214
21012222.4352301,0.142585793930879,0.170276445130605
21047366.4296745,0.142941077527803,0.170728577240359
21082569.2042098,0.143296737037998,0.171181195321925
21117830.8571487,0.143652773415448,0.171634300374362
21153151.4869682,0.14400918761764,0.172087893402277
21188531.1923102,0.144365980605519,0.172541975415764
21223970.0719814,0.144723153343443,0.172996547430351
21259468.2249539,0.145080706799143,0.173451610466938
21295025.7503652,0.145438641943677,0.173907165551743
21330642.7475186,0.145796959751394,0.174363213716246
21366319.3158837,0.146155661199887,0.174819755997133
21402055.5550964,0.14651474726996,0.175276793436247
21437851.5649589,0.146874218945581,0.17573432708053
21473707.4454409,0.147234077213853,0.176192357981974
21509623.2966789,0.147594323064969,0.176650887197572
21545599.2189769,0.147954957492177,0.177109915789262
21581635.3128069,0.148315981491746,0.177569444823882
21617731.6788087,0.148677396062927,0.178029475373121
21653888.4177906,0.149039202207921,0.178490008513471
21690105.6307294,0.149401400931846,0.17895104532618
21726383.4187707,0.149763993242697,0.179412586897206
21762721.8832296,0.15012698015132,0.179874634317169
21799121.1255904,0.150490362671378,0.180337188681313
21835581.2475072,0.150854141819316,0.180800251089454
21872102.350804,0.151218318614333,0.181263822645942
21908684.5374752,0.151582894078351,0.181727904459615
21945327.9096859,0.151947869235986,0.182192497643764
21982032.569772,0.152313245114517,0.182657603316083
22018798.6202404,0.152679022743856,0.183123222598632
22055626.1637697,0.153045203156524,0.183589356617802
22092515.3032102,0.153411787387622,0.184056006504268
22129466.141584,0.153778776474799,0.184523173392956
22166478.7820857,0.154146171458232,0.184990858423003
22203553.3280823,0.154513973380595,0.18545906273772
22240689.8831142,0.15488218328704,0.185927787484556
22277888.5508944,0.155250802225163,0.186397033815062
22315149.4353095,0.155619831244985,0.186866802884854
22352472.6404201,0.155989271398927,0.18733709585358
22389858.2704607,0.156359123741789,0.187807913884886
22427306.42984,0.156729389330719,0.188279258146379
22464817.2231414,0.157100069225197,0.188751129809599
22502390.7551234,0.157471164487014,0.189223530049983
22540027.1307196,0.157842676180244,0.189696460046833
22577726.4550391,0.158214605371225,0.190169920983285
22615488.8333666,0.158586953128542,0.190643914046279
22653314.3711633,0.158959720523001,0.191118440426528
22691203.1740665,0.159332908627611,0.191593501318489
22729155.3478903,0.159706518517567,0.192069097920329
22767170.9986257,0.160080551270224,0.192545231433901
22805250.2324409,0.160455007965085,0.193021903064716
22843393.155682,0.160829889683779,0.193499114021911
22881599.8748727,0.161205197510043,0.193976865518224
22919870.4967147,0.161580932529704,0.194455158769965
22958205.1280887,0.161957095830664,0.194933994996993
22996603.8760536,0.162333688502879,0.195413375422688
23035066.8478478,0.162710711638346,0.195893301273922
23073594.1508888,0.163088166331084,0.196373773781039
23112185.8927738,0.163466053677118,0.196854794177827
23150842.18128,0.163844374774468,0.197336363701496
23189563.1243649,0.164223130723124,0.197818483592649
23228348.8301664,0.164602322625042,0.198301155095265
23267199.4070036,0.164981951584121,0.19878437945667
23306114.9633764,0.165362018706193,0.19926815792752
23345095.6079663,0.165742525099009,0.199752491761773
23384141.4496367,0.166123471872219,0.200237382216669
23423252.597433,0.166504860137368,0.20072283055271
23462429.1605829,0.166886691007877,0.201208838033637
23501671.2484969,0.16726896559903,0.20169540592641
23540978.9707683,0.167651685027962,0.202182535501184
23580352.437174,0.16803485041365,0.202670228031298
23619791.7576744,0.168418462876895,0.203158484793243
23659297.0424137,0.168802523540316,0.203647307066651
23698868.4017204,0.169187033528333,0.204136696134272
23738505.9461074,0.16957199396716,0.204626653281958
23778209.7862728,0.169957405984792,0.205117179798643
23817980.0330995,0.170343270710996,0.205608276976323
23857816.7976559,0.170729589277297,0.206099946110041
23897720.1911963,0.171116362816971,0.206592188497871
23937690.325161,0.171503592465034,0.207085005440895
23977727.3111768,0.171891279358231,0.207578398243189
24017831.2610569,0.172279424635028,0.208072368211809
24058002.2868018,0.172668029435602,0.208566916656772
24098240.5005993,0.173057094901834,0.209062044891039
24138546.0148248,0.173446622177293,0.209557754230503
24178918.9420416,0.173836612407239,0.210054045993969
24219359.3950012,0.174227066738601,0.210550921503143
24259867.486644,0.174617986319982,0.211048382082615
24300443.3300989,0.175009372301641,0.211546429059844
24341087.0386843,0.175401225835488,0.212045063765143
24381798.7259079,0.17579354807508,0.212544287531669
24422578.5054676,0.17618634017561,0.213044101695406
24463426.491251,0.176579603293899,0.213544507595149
24504342.7973367,0.176973338588391,0.214045506572499
24545327.5379935,0.177367547219145,0.214547099971838
24586380.8276819,0.177762230347832,0.215049289140329
24627502.7810536,0.17815738913772,0.215552075427893
24668693.5129517,0.178553024753676,0.2160554601872
24709953.1384122,0.178949138362159,0.216559444773664
24751281.7726628,0.179345731131207,0.217064030545419
24792679.5311241,0.179742804230439,0.217569218863314
24834146.5294099,0.180140358831045,0.218075011090903
24875682.8833272,0.180538396105784,0.218581408594431
24917288.708877,0.180936917228975,0.219088412742823
24958964.1222538,0.181335923376493,0.219596024907675
25000709.2398467,0.181735415725763,0.22010424646324
25042524.1782398,0.182135395455763,0.220613078786425
25084409.0542117,0.182535863747005,0.221122523256771
25126363.9847365,0.182936821781542,0.221632581256452
25168389.086984,0.18333827074296,0.222143254170257
25210484.4783198,0.183740211816374,0.22265454338559
25252650.276306,0.184142646188422,0.223166450292452
25294886.5987013,0.184545575047262,0.223678976283436
25337193.5634612,0.184948999582572,0.22419212275372
25379571.2887388,0.18535292098554,0.224705891101052
25422019.8928844,0.185757340448866,0.225220282725748
25464539.4944465,0.186162259166752,0.225735299030679
25507130.2121718,0.186567678334906,0.226250941421266
25549792.1650057,0.186973599150535,0.22676721130547
25592525.4720926,0.187380022812342,0.227284110093786
25635330.2527759,0.187786950520523,0.22780163919923
25678206.6265987,0.188194383476766,0.22831980003734
25721154.7133044,0.188602322884246,0.228838594026164
25764174.6328362,0.189010769947624,0.229358022586249
25807266.5053381,0.189419725873044,0.229878087140643
25850430.451155,0.189829191868129,0.230398789114878
25893666.5908332,0.190239169141982,0.230920129936973
25936975.0451206,0.190649658905182,0.231442111037422
25980355.934967,0.191060662369783,0.231964733849185
26023809.3815243,0.19147218074931,0.232487999807689
26067335.5061475,0.191884215258758,0.233011910350819
26110934.4303942,0.192296767114594,0.233536466918908
26154606.2760254,0.192709837534747,0.234061670954735
26198351.1650056,0.193123427738616,0.234587523903519
26242169.2195038,0.193537538947063,0.235114027212916
26286060.5618928,0.193952172382414,0.235641182333008
26330025.3147503,0.194367329268453,0.236168990716301
26374063.6008589,0.194783010830428,0.236697453817719
26418175.5432069,0.195199218295048,0.237226573094604
26462361.2649877,0.195615952890476,0.237756350006701
26506620.8896014,0.196033215846336,0.238286786016162
26550954.5406539,0.196451008393708,0.238817882587538
26595362.3419584,0.196869331765131,0.239349641187776
26639844.4175349,0.197288187194595,0.239882063286212
26684400.8916105,0.197707575917548,0.240415150354569
26729031.8886208,0.198127499170894,0.240948903866954
26773737.533209,0.198547958192988,0.241483325299851
26818517.9502269,0.198968954223644,0.24201841613212
26863373.2647351,0.199390488504126,0.242554177844989
26908303.6020034,0.199812562277153,0.243090611922057
26953309.0875113,0.2002351767869,0.243627719849286
26998389.8469478,0.200658333278994,0.244165503114996
27043546.0062124,0.201082033000515,0.244703963209866
27088777.691415,0.2015062772,0.245243101626931
27134085.0288766,0.201931067127438,0.245782919861573
27179468.1451295,0.202356404034276,0.246323419411525
27224927.1669172,0.202782289173413,0.246864601776864
27270462.2211958,0.203208723799206,0.247406468460009
27316073.4351334,0.203635709167467,0.247949020965722
27361760.9361108,0.204063246535467,0.248492260801098
27407524.8517218,0.20449133716193,0.249036189475568
27453365.3097739,0.204919982307044,0.249580808500899
27499282.438288,0.205349183232451,0.250126119391182
27545276.3654994,0.205778941201258,0.250672123662844
27591347.2198577,0.206209257478028,0.251218822834629
27637495.1300274,0.20664013332879,0.251766218427614
27683720.2248883,0.207071570021033,0.252314311965193
27730022.6335355,0.207503568823711,0.252863104973082
27776402.4852804,0.207936131007244,0.253412598979315
27822859.9096502,0.208369257843516,0.253962795514243
27869395.0363892,0.208802950605881,0.254513696110536
27916007.9954584,0.209237210569163,0.255065302303175
27962698.9170363,0.209672039009652,0.255617615629453
28009467.9315191,0.210107437205113,0.256170637628979
28056315.1695212,0.210543406434785,0.256724369843669
28103240.7618752,0.21097994797938,0.257278813817751
28150244.8396327,0.211417063121085,0.257833971097757
28197327.5340645,0.211854753143569,0.258389843232532
28244488.976661,0.212293019331979,0.258946431773226
28291729.2991324,0.212731862972941,0.259503738273292
28339048.6334091,0.213171285354567,0.260061764288492
28386447.1116424,0.213611287766454,0.26062051137689
28433924.8662047,0.214051871499685,0.261179981098856
28481482.0296894,0.214493037846833,0.261740175017062
28529118.734912,0.21493478810196,0.262301094696484
28576835.11491,0.215377123560622,0.262862741704401
28624631.3029435,0.215820045519871,0.263425117610394
28672507.4324955,0.216263555278254,0.263988223986349
28720463.637272,0.216707654135818,0.264552062406449
28768500.0512029,0.217152343394111,0.265116634447184
28816616.8084421,0.217597624356186,0.265681941687346
28864814.0433678,0.2180434983266,0.266247985708027
28913091.8905829,0.21848996661142,0.266814768092623
28961450.4849155,0.218937030518221,0.267382290426832
29009889.9614192,0.219384691356093,0.267950554298657
29058410.4553736,0.219832950435641,0.268519561298403
29107012.1022843,0.220281809068986,0.269089313018678
29155695.0378836,0.220731268569772,0.269659811054397
29204459.3981312,0.221181330253164,0.270231057002776
29253305.3192137,0.221631995435853,0.270803052463342
29302232.9375457,0.222083265436056,0.271375799037921
29351242.3897699,0.222535141573524,0.271949298330652
29400333.8127577,0.22298762516954,0.27252355194798
29449507.3436093,0.223440717546922,0.273098561498657
29498763.119654,0.223894420030026,0.273674328593743
29548101.2784513,0.224348733944753,0.274250854846613
29597521.9577903,0.224803660618545,0.274828141872951
29647025.2956908,0.225259201380392,0.275406191290753
29696611.4304034,0.225715357560835,0.275985004720326
29746280.5004098,0.226172130491966,0.276564583784296
29796032.6444236,0.226629521507436,0.277144930107605
29845868.0013901,0.227087531942451,0.277726045317507
29895786.7104872,0.227546163133782,0.27830793104358
29945788.9111255,0.228005416419763,0.27889058891772
29995874.7429489,0.228465293140298,0.279474020574142
30046044.3458345,0.228925794636858,0.280058227649387
30096297.8598938,0.229386922252492,0.280643211782317
30146635.4254723,0.229848677331824,0.281228974614123
30197057.1831505,0.23031106122106,0.281815517788324
30247563.2737438,0.230774075267987,0.282402842950763
30298153.8383032,0.231237720821983,0.28299095174962
30348829.0181159,0.231701999234012,0.283579845835403
30399588.9547049,0.232166911856633,0.284169526860958
30450433.7898302,0.232632460044001,0.284759996481465
30501363.6654888,0.233098645151871,0.285351256354442
30552378.7239154,0.233565468537602,0.285943308139748
30603479.1075823,0.23403293156016,0.286536153499586
30654664.9592004,0.234501035580119,0.2871297940985
30705936.421719,0.234969781959669,0.287724231603382
30757293.6383266,0.235439172062613,0.28831946768347
30808736.7524513,0.235909207254379,0.288915504010358
30860265.907761,0.236379888902016,0.289512342257988
30911881.2481638,0.236851218374201,0.290109984102656
30963582.9178086,0.23732319704124,0.290708431223021
31015371.0610855,0.237795826275078,0.291307685300096
31067245.8226258,0.238269107449294,0.291907748017259
31119207.3473031,0.238743041939109,0.292508621060252
31171255.7802329,0.23921763112139,0.293110306117182
31223391.2667737,0.239692876374654,0.293712804878529
31275613.9525271,0.240168779079068,0.29431611903714
31327923.9833379,0.240645340616455,0.29492025028824
31380321.5052953,0.241122562370303,0.295525200329432
31432806.6647326,0.241600445725756,0.296130970860694
31485379.6082278,0.242078992069631,0.29673756358439
31538040.4826042,0.242558202790414,0.297344980205268
31590789.4349305,0.243038079278264,0.297953222430463
31643626.6125217,0.243518622925023,0.298562291969504
31696552.1629387,0.243999835124212,0.299172190534307
31749566.2339896,0.244481717271038,0.299782919839189
31802668.9737297,0.2449642707624,0.300394481600867
31855860.5304618,0.245447496996891,0.301006877538457
31909141.0527366,0.2459313973748,0.30162010937348
31962510.6893535,0.246415973298119,0.302234178829866
32015969.5893606,0.246901226170545,0.302849087633956
32069517.9020557,0.247387157397485,0.303464837514506
32123155.7769857,0.24787376838606,0.304081430202687
32176883.3639481,0.248361060545108,0.304698867432091
32230700.8129907,0.248849035285188,0.305317150938734
32284608.2744124,0.249337694018585,0.305936282461058
32338605.8987633,0.249827038159314,0.306556263739935
32392693.8368454,0.25031706912312,0.307177096518669
32446872.239713,0.250807788327491,0.307798782543002
32501141.258673,0.251299197191654,0.308421323561114
32555501.0452853,0.25179129713658,0.309044721323628
32609951.7513634,0.252284089584993,0.309668977583615
32664493.5289747,0.252777575961368,0.310294094096593
32719126.5304409,0.253271757691939,0.310920072620536
32773850.9083384,0.253766636204703,0.311546914915871
32828666.8154987,0.254262212929421,0.312174622745487
32883574.4050093,0.254758489297628,0.312803197874737
32938573.8302136,0.25525546674263,0.313432642071441
32993665.2447111,0.255753146699513,0.314062957105886
33048848.8023587,0.256251530605147,0.314694144750838
33104124.6572705,0.256750619898187,0.315326206781538
33159492.9638181,0.257250416019082,0.31595914497571
33214953.8766316,0.257750920410074,0.31659296111356
33270507.5505996,0.258252134515206,0.317227656977785
33326154.1408698,0.258754059780326,0.317863234353577
33381893.8028494,0.259256697653089,0.318499695028618
33437726.6922054,0.259760049582963,0.319137040793094
33493652.9648652,0.260264117021234,0.319775273439695
33549672.7770173,0.260768901421009,0.320414394763617
33605786.285111,0.261274404237218,0.321054406562569
33661993.6458575,0.261780626926625,0.321695310636771
33718295.01623,0.262287570947824,0.322337108788969
33774690.5534645,0.262795237761253,0.322979802824427
33831180.4150596,0.263303628829189,0.323623394550937
33887764.7587775,0.263812745615756,0.324267885778823
33944443.7426444,0.264322589586932,0.324913278320943
34001217.5249507,0.264833162210551,0.325559573992695
34058086.2642515,0.265344464956307,0.326206774612019
34115050.119367,0.265856499295758,0.326854881999402
34172109.2493833,0.266369266702332,0.327503897977882
34229263.8136525,0.266882768651334,0.328153824373055
34286513.9717931,0.267397006619943,0.328804663013072
34343859.8836906,0.267911982087221,0.32945641572865
34401301.709498,0.268427696534122,0.330109084353075
34458839.6096361,0.268944151443486,0.3307626707222
34516473.744794,0.269461348300054,0.331417176674459
34574204.2759296,0.269979288590463,0.332072604050865
34632031.3642701,0.270497973803261,0.332728954695014
34689955.1713122,0.271017405428902,0.333386230453093
34747975.8588227,0.271537584959754,0.33404443317388
34806093.5888391,0.272058513890105,0.334703564708751
34864308.5236698,0.272580193716168,0.335363626911685
34922620.8258948,0.273102625936083,0.336024621639267
34981030.658366,0.273625812049921,0.336686550750691
35039538.1842074,0.274149753559691,0.337349416107767
35098143.5668163,0.274674451969345,0.338013219574923
35156846.9698629,0.27519990878478,0.338677963019213
35215648.5572913,0.275726125513846,0.339343648310319
35274548.4933198,0.276253103666345,0.340010277320552
35333546.9424414,0.276780844754042,0.340677851924864
35392644.0694242,0.277309350290668,0.341346374000848
35451840.0393118,0.27783862179192,0.342015845428744
35511135.0174239,0.278368660775471,0.342686268091439
35570529.1693567,0.278899468760972,0.343357643874479
35630022.6609836,0.279431047270061,0.34402997466607
35689615.6584549,0.279963397826358,0.34470326235708
35749308.3281993,0.280496521955483,0.345377508841048
35809100.8369237,0.281030421185046,0.346052716014186
35868993.3516136,0.281565097044666,0.346728885775386
35928986.0395342,0.282100551065964,0.347406020026222
35989079.0682301,0.282636784782576,0.348084120670954
36049272.6055263,0.283173799730152,0.348763189616538
36109566.8195286,0.283711597446367,0.349443228772625
36169961.8786236,0.284250179470915,0.35012424005157
36230457.9514799,0.284789547345529,0.350806225368433
36291055.2070481,0.285329702613971,0.351489186640985
36351753.8145614,0.285870646822046,0.352173125789717
36412553.9435359,0.286412381517603,0.352858044737838
36473455.7637712,0.286954908250542,0.353543945411282
36534459.4453513,0.287498228572815,0.354230829738718
36595565.1586443,0.288042344038438,0.354918699651549
36656773.0743033,0.288587256203485,0.355607557083917
36718083.3632669,0.289132966626103,0.35629740397271
36779496.1967596,0.289679476866512,0.35698824225757
36841011.7462923,0.29022678848701,0.35768007388089
36902630.1836626,0.29077490305198,0.358372900787826
36964351.6809556,0.29132382212789,0.359066724926296
37026176.4105443,0.291873547283305,0.359761548246995
37088104.5450898,0.292424080088885,0.360457372703387
37150136.2575421,0.292975422117395,0.361154200251719
37212271.7211403,0.293527574943705,0.361852032851022
37274511.1094135,0.2940805401448,0.362550872463118
37336854.596181,0.294634319299782,0.363250721052626
37399302.3555526,0.295188913989874,0.363951580586963
37461854.5619295,0.295744325798427,0.364653453036354
37524511.3900046,0.296300556310927,0.365356340373835
37587273.014763,0.296857607114992,0.366060244575254
37650139.6114822,0.297415479800384,0.366765167619284
37713111.3557331,0.297974175959013,0.367471111487422
37776188.4233803,0.298533697184941,0.368178078163997
37839370.9905825,0.299094045074385,0.368886069636176
37902659.2337928,0.299655221225724,0.369595087893964
37966053.3297598,0.300217227239505,0.370305134930216
38029553.4555275,0.300780064718446,0.371016212740641
38093159.7884361,0.301343735267441,0.3717283233238
38156872.5061222,0.301908240493567,0.372441468681119
38220691.7865197,0.302473582006085,0.373155650816893
38284617.8078601,0.30303976141645,0.37387087173829
38348650.7486731,0.303606780338313,0.374587133455356
38412790.7877867,0.304174640387524,0.375304437981019
38477038.1043283,0.304743343182145,0.3760227873311
38541392.8777247,0.305312890342444,0.376742183524312
38605855.287703,0.305883283490908,0.377462628582267
38670425.5142906,0.306454524252246,0.378184124529484
38735103.7378161,0.307026614253391,0.378906673393391
38799890.13891,0.30759955512351,0.379630277204334
38864784.8985047,0.308173348494009,0.380354937995579
38929788.1978351,0.308747995998529,0.381080657803318
38994900.2184394,0.309323499272964,0.381807438666677
39060121.1421594,0.309899859955458,0.38253528262772
39125451.151141,0.31047707968641,0.383264191731451
39190890.4278348,0.311055160108483,0.383994168025826
39256439.1549962,0.311634102866605,0.384725213561751
39322097.5156871,0.31221390960798,0.385457330393099
39387865.6932749,0.312794581982087,0.3861905205767
39453743.8714336,0.313376121640684,0.386924786172358
39519732.234145,0.313958530237823,0.387660129242856
39585830.965698,0.314541809429843,0.388396551853952
39652040.2506903,0.315125960875384,0.389134056074399
39718360.2740278,0.315710986235388,0.389872643975937
39784791.220926,0.316296887173103,0.390612317633308
39851333.2769103,0.316883665354094,0.391353079124256
39917986.627816,0.31747132244624,0.392094930529536
39984751.4597895,0.318059860119745,0.392837873932917
40051627.9592885,0.318649280047144,0.393581911421191
40118616.3130825,0.319239583903301,0.394327045084173
40185716.7082534,0.319830773365423,0.395073277014717
40252929.332196,0.320422850113057,0.395820609308706
40320254.3726185,0.321015815828103,0.396569044065075
40387692.0175433,0.321609672194815,0.397318583385804
40455242.4553069,0.322204420899803,0.398069229375929
40522905.874561,0.322800063632045,0.398820984143546
40590682.4642728,0.323396602082887,0.399573849799819
40658572.4137255,0.323994037946052,0.400327828458984
40726575.9125191,0.324592372917643,0.401082922238355
40794693.1505703,0.325191608696148,0.401839133258329
40862924.318114,0.325791746982445,0.402596463642394
40931269.6057028,0.32639278947981,0.403354915517134
40999729.2042084,0.32699473789392,0.404114491012233
41068303.3048212,0.327597593932856,0.404875192260482
41136992.0990519,0.328201359307112,0.405637021397784
41205795.7787314,0.328806035729602,0.406399980563166
41274714.5360112,0.329411624915659,0.407164071898774
41343748.5633644,0.330018128583044,0.407929297549886
41412898.0535861,0.330625548451952,0.408695659664919
41482163.1997936,0.331233886245016,0.409463160395431
41551544.1954274,0.331843143687311,0.410231801896127
41621041.2342513,0.332453322506361,0.411001586324866
41690654.5103535,0.333064424432145,0.41177251584267
41760384.2181467,0.333676451197102,0.412544592613725
41830230.5523687,0.334289404536134,0.413317818805391
41900193.7080829,0.334903286186612,0.414092196588201
41970273.8806793,0.335518097888384,0.414867728135879
42040471.2658744,0.33613384138378,0.415644415625336
42110786.0597122,0.336750518417614,0.416422261236678
42181218.4585644,0.337368130737189,0.417201267153212
42251768.6591314,0.337986680092308,0.417981435561457
42322436.8584425,0.338606168235277,0.418762768651145
42393223.2538565,0.339226596920905,0.419545268615227
42464128.0430621,0.339847967906515,0.420328937649878
42535151.424079,0.340470282951951,0.421113777954511
42606293.595258,0.341093543819579,0.421899791731774
42677554.7552816,0.341717752274291,0.42268698118756
42748935.1031644,0.342342910083516,0.423475348531012
42820434.8382542,0.342969019017221,0.424264895974531
42892054.1602322,0.343596080847921,0.425055625733781
42963793.2691133,0.344224097350678,0.425847540027695
43035652.3652471,0.344853070303111,0.426640641078478
43107631.6493183,0.3454830014854,0.427434931111622
43179731.3223474,0.346113892680293,0.428230412355903
43251951.5856908,0.346745745673108,0.429027087043392
43324292.6410418,0.34737856225174,0.429824957409458
43396754.6904312,0.34801234420667,0.430624025692778
43469337.9362276,0.348647093330967,0.431424294135344
43542042.581138,0.349282811420291,0.432225764982462
43614868.8282084,0.349919500272902,0.433028440482764
43687816.8808247,0.350557161689666,0.433832322888214
43760886.9427127,0.351195797474061,0.434637414454116
43834079.217939,0.351835409432177,0.435443717439113
43907393.9109115,0.352475999372726,0.4362512341052
43980831.22638,0.353117569107049,0.43705996671773
44054391.3694369,0.353760120449117,0.437869917545417
44128074.5455175,0.35440365521554,0.438681088860344
44201880.9604003,0.355048175225568,0.439493482937968
44275810.8202089,0.355693682301107,0.440307102057132
44349864.3314109,0.356340178266709,0.441121948500064
44424041.7008195,0.356987664949589,0.441938024552386
44498343.1355935,0.357636144179629,0.44275533250312
44572768.8432387,0.358285617789381,0.443573874644699
44647319.0316077,0.358936087614071,0.444393653272967
44721993.9089006,0.35958755549161,0.445214670687187
44796793.6836659,0.360240023262594,0.446036929190052
44871718.5648011,0.360893492770316,0.446860431087686
44946768.7615526,0.361547965860763,0.44768517868965
45021944.4835172,0.362203444382628,0.448511174308955
45097245.940642,0.362859930187313,0.44933842026206
45172673.3432253,0.363517425128938,0.450166918868887
45248226.9019175,0.364175931064342,0.450996672452821
45323906.8277206,0.364835449853091,0.451827683340718
45399713.3319903,0.365495983357483,0.452659953862915
45475646.6264351,0.366157533442553,0.453493486353231
45551706.9231182,0.366820101976082,0.454328283148979
45627894.434457,0.367483690828597,0.455164346590968
45704209.3732244,0.368148301873381,0.45600167902351
45780651.9525492,0.368813936986478,0.456840282794433
45857222.3859168,0.369480598046698,0.457680160255079
45933920.8871692,0.37014828693562,0.458521313760313
46010747.6705065,0.370817005537604,0.459363745668536
46087702.9504869,0.371486755739791,0.460207458341681
46164786.9420275,0.372157539432111,0.461052454145229
46241999.8604047,0.372829358507287,0.46189873544821
46319341.9212551,0.373502214860844,0.462746304623208
46396813.3405763,0.374176110391112,0.46359516404638
46474414.3347264,0.374851046999233,0.464445316097446
46552145.1204261,0.375527026589165,0.465296763159705
46630005.9147579,0.376204051067687,0.466149507620041
46707996.935168,0.376882122344411,0.467003551868929
46786118.3994661,0.377561242331781,0.467858898300443
46864370.525826,0.37824141294508,0.468715549312256
46942753.5327866,0.378922636102438,0.469573507305657
47021267.6392523,0.379604913724837,0.470432774685553
47099913.0644935,0.380288247736114,0.471293353860473
47178690.0281475,0.380972640062971,0.472155247242577
47257598.7502187,0.381658092634977,0.473018457247662
47336639.4510799,0.382344607384578,0.473882986295176
47415812.3514721,0.383032186247099,0.474748836808213
47495117.6725057,0.383720831160749,0.475616011213527
47574555.6356608,0.384410544066632,0.476484511941537
47654126.462788,0.38510132690875,0.477354341426336
47733830.3761091,0.385793181634005,0.478225502105694
47813667.5982172,0.386486110192211,0.479097996421068
47893638.352078,0.387180114536096,0.479971826817605
47973742.86103,0.387875196621308,0.480846995744155
48053981.3487855,0.388571358406426,0.481723505653275
48134354.0394305,0.389268601852956,0.482601359001232
48214861.1574261,0.389966928925347,0.483480558248016
48295502.927609,0.39066634159099,0.484361105857344
48376279.5751916,0.391366841820225,0.485243004296666
48457191.325763,0.392068431586351,0.486126256037174
48538238.4052897,0.392771112865627,0.487010863553806
48619421.0401163,0.39347488763728,0.487896829325259
48700739.4569658,0.394179757883512,0.488784155833991
48782193.8829404,0.394885725589502,0.489672845566226
48863784.5455221,0.395592792743416,0.490562901011968
48945511.6725736,0.396300961336414,0.491454324665002
49027375.4923386,0.397010233362648,0.492347119022904
49109376.2334423,0.397720610819277,0.493241286587045
49191514.1248925,0.398432095706465,0.494136829862602
49273789.3960802,0.399144690027398,0.495033751358565
49356202.2767799,0.399858395788279,0.495932053587741
49438752.9971502,0.400573214998335,0.496831739066759
49521441.787735,0.401289149669831,0.497732810316085
49604268.8794637,0.402006201818069,0.498635269860024
49687234.5036517,0.402724373461395,0.499539120226728
49770338.8920016,0.403443666621207,0.500444363948197
49853582.2766034,0.404164083321959,0.501351003560301
49936964.8899353,0.40488562559117,0.502259041602775
50020486.9648644,0.405608295459424,0.503168480619225
50104148.734647,0.406332094960383,0.504079323157144
50187950.4329299,0.407057026130789,0.504991571767915
50271892.2937504,0.40778309101047,0.505905229006814
50355974.5515376,0.408510291642348,0.506820297433026
50440197.4411122,0.409238630072444,0.507736779609643
50524561.197688,0.409968108349883,0.508654678103678
50609066.0568722,0.410698728526902,0.509573995486072
50693712.2546659,0.411430492658855,0.510494734331693
50778500.027465,0.412163402804218,0.511416897219354
50863429.6120608,0.412897461024599,0.512340486731815
50948501.2456406,0.413632669384737,0.513265505455787
51033715.1657885,0.414369029952518,0.514191955981951
51119071.6104859,0.415106544798969,0.515119840904949
51204570.8181121,0.415845215998277,0.516049162823405
51290213.0274456,0.416585045627785,0.516979924339927
51375998.4776636,0.417326035768003,0.517912128061113
51461927.4083437,0.418068188502611,0.518845776597557
51548000.0594642,0.418811505918471,0.519780872563866
51634216.6714049,0.419555990105626,0.520717418578656
51720577.4849473,0.420301643157312,0.521655417264565
51807082.7412757,0.421048467169958,0.522594871248259
51893732.681978,0.421796464243198,0.523535783160439
51980527.5490463,0.422545636479877,0.524478155635853
52067467.5848769,0.423295985986052,0.525421991313295
52154553.0322719,0.424047514871001,0.52636729283562
52241784.1344393,0.42480022524723,0.527314062849745
52329161.1349944,0.425554119230482,0.528262304006668
52416684.2779592,0.426309198939737,0.529212018961458
52504353.8077642,0.427065466497219,0.530163210373278
52592169.9692489,0.427822924028408,0.531115880905384
52680133.0076621,0.428581573662043,0.532070033225137
52768243.1686628,0.429341417530124,0.533025670004007
52856500.6983208,0.430102457767925,0.533982793917582
52944905.8431176,0.430864696513996,0.534941407645576
53033458.8499471,0.431628135910172,0.535901513871838
53122159.9661158,0.432392778101578,0.536863115284355
53211009.4393438,0.433158625236631,0.537826214575263
53300007.517766,0.433925679467057,0.538790814440855
53389154.4499319,0.434693942947886,0.539756917581589
53478450.484807,0.435463417837466,0.540724526702091
53567895.8717728,0.436234106297462,0.541693644511166
53657490.8606282,0.437006010492872,0.542664273721808
53747235.7015901,0.437779132592026,0.543636417051206
53837130.6452935,0.438553474766593,0.544610077220747
53927175.9427926,0.439329039191589,0.545585256956027
54017371.8455618,0.440105828045386,0.546561958986865
54107718.6054961,0.440883843509712,0.547540186047301
54198216.4749114,0.441663087769663,0.548519940875607
54288865.706546,0.442443563013704,0.549501226214296
54379666.5535607,0.443225271433683,0.55048404481013
54470619.26954,0.444008215224832,0.551468399414128
54561724.1084923,0.444792396585772,0.55245429278157
54652981.3248507,0.445577817718522,0.553441727672007
54744391.1734742,0.446364480828507,0.554430706849271
54835953.909648,0.447152388124565,0.555421233081483
54927669.789084,0.447941541818944,0.556413309141055
55019539.067922,0.448731944127321,0.557406937804701
55111562.0027303,0.449523597268802,0.55840212185345
55203738.8505062,0.450316503465931,0.559398864072647
55296069.8686768,0.45111066494469,0.560397167251962
55388555.3150995,0.451906083934514,0.561397034185397
55481195.4480639,0.452702762668296,0.562398467671305
55573990.5262906,0.453500703382387,0.56340147051238
55666940.8089334,0.454299908316609,0.564406045515676
55760046.5555794,0.455100379714258,0.565412195492613
55853308.0262499,0.455902119822114,0.566419923258984
55946725.4814013,0.456705130890446,0.567429231634968
56040299.1819253,0.457509415173015,0.568440123445126
56134029.3891502,0.458314974927086,0.569452601518421
56227916.3648413,0.459121812413432,0.570466668688224
56321960.3712018,0.45992992989634,0.571482327792313
56416161.6708731,0.460739329643618,0.572499581672892
56510520.5269363,0.4615500139266,0.573518433176591
56605037.2029122,0.462361985020159,0.574538885154481
56699711.9627629,0.463175245202708,0.575560940462079
56794545.0708911,0.463989796756205,0.576584601959351
56889536.7921426,0.464805641966163,0.577609872510729
56984687.3918057,0.465622783121658,0.578636754985114
57079997.1356124,0.466441222515332,0.579665252255883
57175466.2897394,0.467260962443402,0.580695367200901
57271095.1208083,0.468082005205663,0.581727102702524
57366883.8958867,0.468904353105502,0.582760461647614
57462832.8824894,0.469728008449898,0.583795446927543
57558942.3485777,0.47055297354943,0.584832061438198
57655212.5625619,0.471379250718286,0.585870308079997
57751643.7933006,0.472206842274268,0.586910189757889
57848236.3101028,0.473035750538799,0.587951709381369
57944990.3827273,0.473865977836929,0.588994869864483
58041906.281384,0.474697526497341,0.590039674125831
58138984.2767356,0.475530398852365,0.591086125088592
58236224.6398968,0.476364597237973,0.592134225680511
58333627.6424355,0.477200123993792,0.59318397883392
58431193.5563747,0.478036981463116,0.594235387485746
58528922.6541916,0.4788751719929,0.595288454577513
58626815.2088195,0.479714697933779,0.596343183055358
58724871.4936481,0.480555561640068,0.597399575870031
58823091.7825241,0.481397765469768,0.59845763597691
58921476.349753,0.482241311784582,0.59951736633601
59020025.4700982,0.48308620294991,0.600578769911983
59118739.4187831,0.483932441334861,0.601641849674134
59217618.4714914,0.484780029312263,0.60270660859643
59316662.9043678,0.485628969258663,0.603773049657499
59415872.994019,0.486479263554342,0.604841175840652
59515249.0175141,0.487330914583312,0.605910990133878
59614791.2523859,0.488183924733333,0.606982495529864
59714499.9766313,0.489038296395915,0.608055695025996
59814375.468712,0.489894031966322,0.60913059162437
59914418.0075556,0.490751133843584,0.610207188331798
60014627.872556,0.4916096044305,0.61128548815982
60115005.3435748,0.49246944613365,0.612365494124712
60215550.7009415,0.493330661363398,0.613447209247494
60316264.2254542,0.494193252533897,0.614530636553934
60417146.198381,0.495057222063101,0.615615779074567
60518196.9014605,0.495922572372772,0.616702639844693
60619416.6169021,0.49678930588848,0.617791221904389
60720805.6273874,0.497657425039616,0.618881528298521
60822364.2160709,0.498526932259398,0.619973562076746
60924092.6665806,0.499397829984879,0.621067326293529
61025991.2630191,0.500270120656951,0.622162824008146
61128060.2899638,0.501143806720352,0.62326005828469
61230300.0324682,0.502018890623679,0.624359032192087
61332710.7760629,0.502895374819389,0.625459748804103
61435292.8067556,0.503773261763805,0.626562211199344
61538046.4110326,0.504652553917129,0.627666422461276
61640971.8758591,0.505533253743441,0.628772385678226
61744069.4886808,0.506415363710721,0.629880103943399
61847339.5374238,0.507298886290837,0.630989580354877
61950782.3104955,0.508183823959562,0.632100818015631
62054398.0967863,0.509070179196584,0.633213820033534
62158187.1856695,0.509957954485509,0.634328589521368
62262149.8670022,0.510847152313864,0.635445129596827
62366286.4311264,0.511737775173113,0.636563443382531
62470597.16887,0.512629825558659,0.637683534006036
62575082.371547,0.513523305969852,0.638805404599842
62679742.3309588,0.514418218909995,0.639929058301398
62784577.3393946,0.515314566886351,0.64105449825311
62889587.6896328,0.516212352410155,0.642181727602361
62994773.6749414,0.517111577996618,0.64331074950151
63100135.5890789,0.51801224616493,0.644441567107898
63205673.7262948,0.518914359438272,0.645574183583866
63311388.3813311,0.519817920343826,0.64670860209676
63417279.849423,0.520722931412776,0.647844825818941
63523348.426299,0.521629395180317,0.648982857927789
63629594.4081822,0.522537314185664,0.650122701605716
63736018.0917916,0.523446690972059,0.651264360040177
63842619.7743423,0.524357528086778,0.652407836423678
63949399.7535464,0.525269828081137,0.653553133953778
64056358.3276137,0.526183593510499,0.654700255833108
64163495.7952533,0.527098826934286,0.655849205269373
64270812.4556738,0.528015530915981,0.656999985475369
64378308.6085839,0.528933708023137,0.658152599668979
64485984.5541937,0.529853360827384,0.659307051073192
64593840.5932157,0.530774491904439,0.660463342916116
64701877.0268649,0.53169710383411,0.661621478430971
64810094.1568607,0.532621199200305,0.662781460856117
64918492.2854264,0.533546780591038,0.663943293435047
65027071.7152915,0.534473850598441,0.665106979416408
65135832.7496914,0.535402411818764,0.666272522054004
65244775.6923688,0.536332466852389,0.667439924606807
65353900.8475742,0.537264018303831,0.668609190338961
65463208.5200673,0.538197068781753,0.669780322519803
65572699.0151177,0.539131620898971,0.670953324423863
65682372.6385049,0.540067677272456,0.672128199330872
65792229.6965203,0.541005240523345,0.673304950525777
65902270.4959675,0.541944313276953,0.674483581298747
66012495.3441635,0.542884898162777,0.675664094945186
66122904.5489388,0.543826997814499,0.676846494765736
66233498.4186389,0.544770614869999,0.678030784066289
66344277.2621253,0.545715751971363,0.679216966157998
66455241.3887761,0.546662411764888,0.68040504435729
66566391.1084864,0.547610596901089,0.681595021985862
66677726.7316699,0.548560310034708,0.682786902370703
66789248.5692596,0.549511553824722,0.683980688844101
66900956.9327084,0.550464330934351,0.68517638474365
67012852.1339901,0.551418644031062,0.686373993412256
67124934.4856004,0.552374495786582,0.687573518198156
67237204.3005574,0.5533318888769,0.688774962454917
67349661.8924032,0.554290825982281,0.689978329541455
67462307.575204,0.555251309787266,0.691183622822035
67575141.6635511,0.556213342980685,0.692390845666287
67688164.4725624,0.557176928255666,0.693600001449216
67801376.3178827,0.558142068309637,0.694811093551207
67914777.5156846,0.559108765844337,0.696024125358035
68028368.3826698,0.560077023565825,0.697239100260881
68142149.2360692,0.561046844184485,0.69845602165633
68256120.3936449,0.562018230415036,0.699674892946396
68370282.17369,0.562991184976538,0.700895717538513
68484634.89503,0.563965710592398,0.702118498845561
68599178.877024,0.564941809990382,0.703343240285867
68713914.439565,0.565919485902625,0.704569945283219
68828841.9030811,0.566898741065627,0.705798617266869
68943961.588536,0.567879578220273,0.707029259671548
69059273.8174307,0.568862000111834,0.708261875937477
69174778.911804,0.569846009489982,0.709496469510375
69290477.1942328,0.570831609108787,0.710733043841463
69406368.9878336,0.57181880172673,0.711971602387479
69522454.616264,0.57280759010672,0.713212148610695
69638734.4037222,0.573797977016085,0.714454685978912
69755208.674949,0.574789965226591,0.715699217965477
69871877.755228,0.575783557514446,0.716945748049293
69988741.9703873,0.576778756660312,0.718194279714832
70105801.6467999,0.577775565449308,0.719444816452139
70223057.1113842,0.57877398667102,0.72069736175684
70340508.6916059,0.579774023119508,0.721951919130162
70458156.7154783,0.580775677593318,0.723208492078935
70576001.5115633,0.581778952895483,0.7244670841156
70694043.408972,0.582783851833536,0.725727698758226
70812282.7373663,0.583790377219514,0.726990339530512
70930719.8269595,0.584798531869974,0.728255009961807
71049355.0085172,0.585808318605993,0.729521713587112
71168188.613358,0.586819740253177,0.730790453947087
71287220.9733547,0.587832799641672,0.732061234588073
71406452.4209356,0.588847499606174,0.733334059062093
71525883.2890843,0.589863842985927,0.734608930926861
71645513.9113419,0.590881832624743,0.735885853745797
71765344.6218069,0.591901471371001,0.737164831088032
71885375.755137,0.592922762077663,0.738445866528426
72005607.6465497,0.593945707602278,0.739728963647571
72126040.6318226,0.594970310806984,0.7410141260318
72246675.0472953,0.59599657455853,0.742301357273204
72367511.2298702,0.597024501728272,0.743590660969638
72488549.5170127,0.598054095192188,0.744882040724727
72609790.2467527,0.599085357830881,0.746175500147886
72731233.7576856,0.600118292529589,0.747471042854317
72852880.3889731,0.6011529021782,0.748768672465036
72974730.4803445,0.60218918967125,0.750068392606869
73096784.3720965,0.603227157907934,0.751370206912465
73219042.4050957,0.60426680979212,0.752674119020313
73341504.9207786,0.605308148232351,0.753980132574745
73464172.2611527,0.606351176141854,0.755288251225949
73587044.7687975,0.60739589643855,0.756598478629977
73710122.7868653,0.60844231204506,0.757910818448757
73833406.6590831,0.609490425888722,0.759225274350111
73956896.729752,0.610540240901585,0.760541850007751
74080593.3437491,0.611591760020425,0.761860549101294
74204496.8465287,0.612644986186758,0.763181375316281
74328607.5841224,0.613699922346837,0.764504332344176
74452925.9031411,0.614756571451673,0.765829423882385
74577452.1507749,0.61581493645703,0.767156653634257
74702186.6747949,0.616875020323446,0.768486025309105
74827129.8235539,0.617936826016235,0.769817542622212
74952281.9459871,0.619000356505494,0.771151209294835
75077643.3916134,0.620065614766111,0.772487029054226
75203214.5105365,0.621132603777784,0.773825005633638
75328995.6534452,0.622201326525013,0.775165142772329
75454987.1716154,0.623271785997123,0.776507444215589
75581189.4169101,0.624343985188262,0.777851913714729
75707602.741781,0.625417927097415,0.779198555027111
75834227.4992695,0.626493614728415,0.780547371916149
75961064.043007,0.627571051089941,0.781898368151317
76088112.7272167,0.628650239195539,0.783251547508166
76215373.906714,0.62973118206362,0.78460691376833
76342847.936908,0.630813882717476,0.785964470719541
76470535.1738023,0.631898344185289,0.787324222155639
76598435.9739955,0.63298456950013,0.788686171876575
76726550.6946831,0.634072561699978,0.790050323688432
76854879.693658,0.635162323827724,0.791416681403433
76983423.3293112,0.636253858931181,0.792785248839943
77112181.9606333,0.637347170063089,0.794156029822494
77241155.947215,0.638442260281127,0.795529028181779
77370345.6492493,0.639539132647926,0.796904247754685
77499751.4275309,0.640637790231068,0.798281692384283
77629373.643458,0.641738236103098,0.799661365919844
77759212.6590335,0.642840473341539,0.801043272216859
77889268.8368659,0.643944505028895,0.802427415137041
78019542.5401697,0.645050334252657,0.803813798548337
78150034.132767,0.646157964105316,0.80520242632494
78280743.9790887,0.647267397684374,0.8065933023473
78411672.4441753,0.64837863809235,0.807986430502138
78542819.8936775,0.649491688436784,0.809381814682449
78674186.6938575,0.650606551830252,0.810779458787518
78805773.2115905,0.651723231390376,0.812179366722934
78937579.8143652,0.652841730239828,0.813581542400595
79069606.8702847,0.653962051506341,0.814985989738723
79201854.7480678,0.655084198322714,0.816392712661869
79334323.8170503,0.65620817382683,0.817801715100933
79467014.4471857,0.657333981161658,0.819213000993172
79599927.0090459,0.65846162347526,0.820626574282204
79733061.8738228,0.659591103920803,0.822042438918026
79866419.4133292,0.660722425656573,0.823460598857025
80000000,0.661855591845977,0.824881058061992
