ISO-10303-21;
HEADER;
FILE_DESCRIPTION(('Open CASCADE Model'),'2;1');
FILE_NAME('Open CASCADE Shape Model','2026-09-27T22:36:21',('Author'),(
    'Open CASCADE'),'Open CASCADE STEP processor 7.9','Open CASCADE 7.9'
  ,'Unknown');
FILE_SCHEMA(('AUTOMOTIVE_DESIGN { 1 0 10303 214 1 1 1 1 }'));
ENDSEC;
DATA;
#1 = APPLICATION_PROTOCOL_DEFINITION('international standard',
  'automotive_design',2000,#2);
#2 = APPLICATION_CONTEXT(
  'core data for automotive mechanical design processes');
#3 = SHAPE_DEFINITION_REPRESENTATION(#4,#10);
#4 = PRODUCT_DEFINITION_SHAPE('','',#5);
#5 = PRODUCT_DEFINITION('design','',#6,#9);
#6 = PRODUCT_DEFINITION_FORMATION('','',#7);
#7 = PRODUCT('SOLID','SOLID','',(#8));
#8 = PRODUCT_CONTEXT('',#2,'mechanical');
#9 = PRODUCT_DEFINITION_CONTEXT('part definition',#2,'design');
#10 = ADVANCED_BREP_SHAPE_REPRESENTATION('',(#11,#15),#13159);
#11 = AXIS2_PLACEMENT_3D('',#12,#13,#14);
#12 = CARTESIAN_POINT('',(0.,0.,0.));
#13 = DIRECTION('',(0.,0.,1.));
#14 = DIRECTION('',(1.,0.,-0.));
#15 = MANIFOLD_SOLID_BREP('',#16);
#16 = CLOSED_SHELL('',(#17,#65,#1481,#2413,#2593,#2769,#2945,#3117,#3142
    ,#3152,#3180,#3210,#3240,#3256,#3272,#3284,#3312,#3342,#3372,#3388,
    #3404,#3416,#3444,#3474,#3504,#3520,#3536,#3548,#3576,#3606,#3636,
    #3652,#3668,#3680,#3708,#3738,#3768,#3784,#3800,#3812,#3840,#3870,
    #3900,#3916,#3932,#3944,#3972,#4002,#4032,#4048,#4064,#4076,#4104,
    #4134,#4164,#4180,#4196,#4208,#4236,#4266,#4288,#4312,#4328,#4340,
    #4368,#4398,#4420,#4444,#4460,#4472,#4500,#4530,#4552,#4576,#4592,
    #4604,#4632,#4662,#4684,#4708,#4724,#4736,#4764,#4794,#4816,#4840,
    #4856,#4868,#4896,#4926,#4948,#4972,#4988,#5000,#5028,#5058,#5080,
    #5104,#5120,#5132,#5160,#5190,#5212,#5236,#5252,#5264,#5292,#5322,
    #5344,#5368,#5384,#5396,#5424,#5454,#5476,#5500,#5516,#5528,#5556,
    #5586,#5608,#5632,#5648,#5660,#5688,#5718,#5740,#5764,#5780,#5792,
    #5820,#5850,#5872,#5896,#5912,#5924,#5952,#5982,#6004,#6028,#6044,
    #6056,#6084,#6114,#6136,#6160,#6176,#6188,#6216,#6246,#6268,#6292,
    #6308,#6320,#6348,#6378,#6400,#6424,#6440,#6452,#6480,#6510,#6532,
    #6556,#6572,#6584,#6612,#6642,#6664,#6688,#6704,#6716,#6744,#6774,
    #6796,#6820,#6836,#6848,#6876,#6906,#6928,#6952,#6968,#6980,#7008,
    #7038,#7060,#7084,#7100,#7112,#7140,#7170,#7192,#7216,#7232,#7244,
    #7272,#7302,#7324,#7348,#7364,#7376,#7404,#7426,#7448,#7470,#7492,
    #7508,#7522,#7556,#7578,#7606,#7634,#7662,#7690,#7718,#7746,#7768,
    #7796,#7824,#7852,#7880,#7902,#7924,#7952,#7974,#7996,#8018,#8040,
    #8062,#8084,#8106,#8128,#8150,#8172,#8188,#8208,#8332,#8352,#8372,
    #8392,#8412,#8432,#8448,#8460,#8488,#8510,#8532,#8560,#8588,#8616,
    #8638,#8653,#8765,#8785,#8801,#8817,#8833,#8849,#8865,#8881,#8893,
    #8921,#8943,#8971,#8993,#9021,#9037,#9051,#9079,#9101,#9123,#9145,
    #9167,#9189,#9211,#9233,#9255,#9277,#9299,#9315,#9335,#9527,#9551,
    #9567,#9587,#9607,#9623,#9643,#9663,#9683,#9703,#9719,#9735,#9751,
    #9767,#9783,#9817,#9845,#9873,#9901,#9929,#9957,#9979,#9995,#10011,
    #10045,#10067,#10095,#10123,#10151,#10179,#10207,#10235,#10263,
    #10291,#10319,#10347,#10369,#10397,#10425,#10453,#10481,#10509,
    #10537,#10565,#10587,#10616,#10644,#10666,#10694,#10716,#10738,
    #10760,#10782,#10804,#10826,#10854,#10882,#10904,#10932,#10960,
    #10976,#10999,#11027,#11049,#11071,#11093,#11115,#11137,#11159,
    #11181,#11203,#11225,#11247,#11263,#11283,#11407,#11427,#11447,
    #11467,#11487,#11507,#11523,#11535,#11563,#11585,#11607,#11635,
    #11663,#11691,#11713,#11728,#11840,#11860,#11876,#11892,#11908,
    #11924,#11940,#11956,#11968,#11996,#12018,#12046,#12068,#12096,
    #12112,#12126,#12446,#12470,#12490,#12510,#12530,#12550,#12570,
    #12590,#12610,#12630,#12650,#12670,#12690,#12706,#12722,#12738,
    #12754,#12774,#12794,#12814,#12834,#12854,#12874,#12894,#12910,
    #12930,#12950,#12966,#12986,#13006,#13026,#13042,#13062,#13078,
    #13121,#13149));
#17 = ADVANCED_FACE('',(#18),#54,.F.);
#18 = FACE_BOUND('',#19,.F.);
#19 = EDGE_LOOP('',(#20,#29,#39,#46));
#20 = ORIENTED_EDGE('',*,*,#21,.T.);
#21 = EDGE_CURVE('',#22,#24,#26,.T.);
#22 = VERTEX_POINT('',#23);
#23 = CARTESIAN_POINT('',(-1.305765178523,-1.58613742915,0.7900001));
#24 = VERTEX_POINT('',#25);
#25 = CARTESIAN_POINT('',(-1.305765178523,-1.58613742915,0.8100001));
#26 = B_SPLINE_CURVE_WITH_KNOTS('',1,(#27,#28),.UNSPECIFIED.,.F.,.F.,(2,
    2),(0.,2.E-02),.PIECEWISE_BEZIER_KNOTS.);
#27 = CARTESIAN_POINT('',(-1.305765178523,-1.58613742915,0.7900001));
#28 = CARTESIAN_POINT('',(-1.305765178523,-1.58613742915,0.8100001));
#29 = ORIENTED_EDGE('',*,*,#30,.F.);
#30 = EDGE_CURVE('',#31,#24,#33,.T.);
#31 = VERTEX_POINT('',#32);
#32 = CARTESIAN_POINT('',(-1.710486128906,-1.58613742915,0.8100001));
#33 = ( BOUNDED_CURVE() B_SPLINE_CURVE(2,(#34,#35,#36,#37,#38),
.UNSPECIFIED.,.F.,.F.) B_SPLINE_CURVE_WITH_KNOTS((3,2,3),(3.14159265359,
4.712388980385,6.28318530718),.PIECEWISE_BEZIER_KNOTS.) CURVE() 
GEOMETRIC_REPRESENTATION_ITEM() RATIONAL_B_SPLINE_CURVE((1.,
0.707106781187,1.,0.707106781187,1.)) REPRESENTATION_ITEM('') );
#34 = CARTESIAN_POINT('',(-1.710486128906,-1.58613742915,0.8100001));
#35 = CARTESIAN_POINT('',(-1.710486128906,-1.788497904342,0.8100001));
#36 = CARTESIAN_POINT('',(-1.508125653714,-1.788497904342,0.8100001));
#37 = CARTESIAN_POINT('',(-1.305765178523,-1.788497904342,0.8100001));
#38 = CARTESIAN_POINT('',(-1.305765178523,-1.58613742915,0.8100001));
#39 = ORIENTED_EDGE('',*,*,#40,.F.);
#40 = EDGE_CURVE('',#41,#31,#43,.T.);
#41 = VERTEX_POINT('',#42);
#42 = CARTESIAN_POINT('',(-1.710486128906,-1.58613742915,0.7900001));
#43 = B_SPLINE_CURVE_WITH_KNOTS('',1,(#44,#45),.UNSPECIFIED.,.F.,.F.,(2,
    2),(0.,2.E-02),.PIECEWISE_BEZIER_KNOTS.);
#44 = CARTESIAN_POINT('',(-1.710486128906,-1.58613742915,0.7900001));
#45 = CARTESIAN_POINT('',(-1.710486128906,-1.58613742915,0.8100001));
#46 = ORIENTED_EDGE('',*,*,#47,.T.);
#47 = EDGE_CURVE('',#41,#22,#48,.T.);
#48 = ( BOUNDED_CURVE() B_SPLINE_CURVE(2,(#49,#50,#51,#52,#53),
.UNSPECIFIED.,.F.,.F.) B_SPLINE_CURVE_WITH_KNOTS((3,2,3),(3.14159265359,
4.712388980385,6.28318530718),.PIECEWISE_BEZIER_KNOTS.) CURVE() 
GEOMETRIC_REPRESENTATION_ITEM() RATIONAL_B_SPLINE_CURVE((1.,
0.707106781187,1.,0.707106781187,1.)) REPRESENTATION_ITEM('') );
#49 = CARTESIAN_POINT('',(-1.710486128906,-1.58613742915,0.7900001));
#50 = CARTESIAN_POINT('',(-1.710486128906,-1.788497904342,0.7900001));
#51 = CARTESIAN_POINT('',(-1.508125653714,-1.788497904342,0.7900001));
#52 = CARTESIAN_POINT('',(-1.305765178523,-1.788497904342,0.7900001));
#53 = CARTESIAN_POINT('',(-1.305765178523,-1.58613742915,0.7900001));
#54 = ( BOUNDED_SURFACE() B_SPLINE_SURFACE(2,1,(
    (#55,#56)
    ,(#57,#58)
    ,(#59,#60)
    ,(#61,#62)
,(#63,#64
    )),.UNSPECIFIED.,.F.,.F.,.F.) B_SPLINE_SURFACE_WITH_KNOTS((3,2,3),(2
    ,2),(3.14159265359,4.712388980385,6.28318530718),(0.,2.E-02),
.PIECEWISE_BEZIER_KNOTS.) GEOMETRIC_REPRESENTATION_ITEM() 
RATIONAL_B_SPLINE_SURFACE((
    (1.,1.)
    ,(0.707106781187,0.707106781187)
    ,(1.,1.)
    ,(0.707106781187,0.707106781187)
,(1.,1.))) REPRESENTATION_ITEM('') SURFACE() );
#55 = CARTESIAN_POINT('',(-1.710486128906,-1.58613742915,0.7900001));
#56 = CARTESIAN_POINT('',(-1.710486128906,-1.58613742915,0.8100001));
#57 = CARTESIAN_POINT('',(-1.710486128906,-1.788497904342,0.7900001));
#58 = CARTESIAN_POINT('',(-1.710486128906,-1.788497904342,0.8100001));
#59 = CARTESIAN_POINT('',(-1.508125653714,-1.788497904342,0.7900001));
#60 = CARTESIAN_POINT('',(-1.508125653714,-1.788497904342,0.8100001));
#61 = CARTESIAN_POINT('',(-1.305765178523,-1.788497904342,0.7900001));
#62 = CARTESIAN_POINT('',(-1.305765178523,-1.788497904342,0.8100001));
#63 = CARTESIAN_POINT('',(-1.305765178523,-1.58613742915,0.7900001));
#64 = CARTESIAN_POINT('',(-1.305765178523,-1.58613742915,0.8100001));
#65 = ADVANCED_FACE('',(#66,#183,#299,#385,#509,#539,#550,#594,#680,#739
    ,#797,#984,#1070,#1129,#1187),#1476,.F.);
#66 = FACE_BOUND('',#67,.T.);
#67 = EDGE_LOOP('',(#68,#77,#84,#93,#102,#109,#118,#127,#134,#141,#148,
    #155,#162,#169,#178));
#68 = ORIENTED_EDGE('',*,*,#69,.F.);
#69 = EDGE_CURVE('',#70,#72,#74,.T.);
#70 = VERTEX_POINT('',#71);
#71 = CARTESIAN_POINT('',(1.453976911563,1.565743955908,0.8100001));
#72 = VERTEX_POINT('',#73);
#73 = CARTESIAN_POINT('',(1.443412971134,1.565743955908,0.8100001));
#74 = B_SPLINE_CURVE_WITH_KNOTS('',1,(#75,#76),.UNSPECIFIED.,.F.,.F.,(2,
    2),(-1.056394042939E-02,2.22044604925E-16),
  .PIECEWISE_BEZIER_KNOTS.);
#75 = CARTESIAN_POINT('',(1.453976911563,1.565743955908,0.8100001));
#76 = CARTESIAN_POINT('',(1.443412971134,1.565743955908,0.8100001));
#77 = ORIENTED_EDGE('',*,*,#78,.F.);
#78 = EDGE_CURVE('',#79,#70,#81,.T.);
#79 = VERTEX_POINT('',#80);
#80 = CARTESIAN_POINT('',(1.427608650806,1.498866726731,0.8100001));
#81 = B_SPLINE_CURVE_WITH_KNOTS('',1,(#82,#83),.UNSPECIFIED.,.F.,.F.,(2,
    2),(-7.188775248826E-02,0.),.PIECEWISE_BEZIER_KNOTS.);
#82 = CARTESIAN_POINT('',(1.427608650806,1.498866726731,0.8100001));
#83 = CARTESIAN_POINT('',(1.453976911563,1.565743955908,0.8100001));
#84 = ORIENTED_EDGE('',*,*,#85,.F.);
#85 = EDGE_CURVE('',#86,#79,#88,.T.);
#86 = VERTEX_POINT('',#87);
#87 = CARTESIAN_POINT('',(1.406875877954,1.480275855187,0.8100001));
#88 = B_SPLINE_CURVE_WITH_KNOTS('',3,(#89,#90,#91,#92),.UNSPECIFIED.,.F.
  ,.F.,(4,4),(1.,2.),.PIECEWISE_BEZIER_KNOTS.);
#89 = CARTESIAN_POINT('',(1.406875877954,1.480275855187,0.8100001));
#90 = CARTESIAN_POINT('',(1.415797000876,1.480275855187,0.8100001));
#91 = CARTESIAN_POINT('',(1.422700993441,1.486472812368,0.8100001));
#92 = CARTESIAN_POINT('',(1.427608650806,1.498866726731,0.8100001));
#93 = ORIENTED_EDGE('',*,*,#94,.F.);
#94 = EDGE_CURVE('',#95,#86,#97,.T.);
#95 = VERTEX_POINT('',#96);
#96 = CARTESIAN_POINT('',(1.400304607923,1.48110766152,0.8100001));
#97 = B_SPLINE_CURVE_WITH_KNOTS('',3,(#98,#99,#100,#101),.UNSPECIFIED.,
  .F.,.F.,(4,4),(2.,3.),.PIECEWISE_BEZIER_KNOTS.);
#98 = CARTESIAN_POINT('',(1.400304607923,1.48110766152,0.8100001));
#99 = CARTESIAN_POINT('',(1.402113786697,1.480566987404,0.8100001));
#100 = CARTESIAN_POINT('',(1.40431807348,1.480275855187,0.8100001));
#101 = CARTESIAN_POINT('',(1.406875877954,1.480275855187,0.8100001));
#102 = ORIENTED_EDGE('',*,*,#103,.F.);
#103 = EDGE_CURVE('',#104,#95,#106,.T.);
#104 = VERTEX_POINT('',#105);
#105 = CARTESIAN_POINT('',(1.400304607923,1.490174350551,0.8100001));
#106 = B_SPLINE_CURVE_WITH_KNOTS('',1,(#107,#108),.UNSPECIFIED.,.F.,.F.,
  (2,2),(-9.066689030487E-03,2.22044604925E-16),
  .PIECEWISE_BEZIER_KNOTS.);
#107 = CARTESIAN_POINT('',(1.400304607923,1.490174350551,0.8100001));
#108 = CARTESIAN_POINT('',(1.400304607923,1.48110766152,0.8100001));
#109 = ORIENTED_EDGE('',*,*,#110,.F.);
#110 = EDGE_CURVE('',#111,#104,#113,.T.);
#111 = VERTEX_POINT('',#112);
#112 = CARTESIAN_POINT('',(1.406085661938,1.489009821684,0.8100001));
#113 = B_SPLINE_CURVE_WITH_KNOTS('',3,(#114,#115,#116,#117),
  .UNSPECIFIED.,.F.,.F.,(4,4),(4.,5.),.PIECEWISE_BEZIER_KNOTS.);
#114 = CARTESIAN_POINT('',(1.406085661938,1.489009821684,0.8100001));
#115 = CARTESIAN_POINT('',(1.404214097688,1.489009821684,0.8100001));
#116 = CARTESIAN_POINT('',(1.402300943122,1.489384134534,0.8100001));
#117 = CARTESIAN_POINT('',(1.400304607923,1.490174350551,0.8100001));
#118 = ORIENTED_EDGE('',*,*,#119,.F.);
#119 = EDGE_CURVE('',#120,#111,#122,.T.);
#120 = VERTEX_POINT('',#121);
#121 = CARTESIAN_POINT('',(1.416524831417,1.497203114065,0.8100001));
#122 = B_SPLINE_CURVE_WITH_KNOTS('',3,(#123,#124,#125,#126),
  .UNSPECIFIED.,.F.,.F.,(4,4),(5.,6.),.PIECEWISE_BEZIER_KNOTS.);
#123 = CARTESIAN_POINT('',(1.416524831417,1.497203114065,0.8100001));
#124 = CARTESIAN_POINT('',(1.414216568843,1.491713192267,0.8100001));
#125 = CARTESIAN_POINT('',(1.410743777403,1.489009821684,0.8100001));
#126 = CARTESIAN_POINT('',(1.406085661938,1.489009821684,0.8100001));
#127 = ORIENTED_EDGE('',*,*,#128,.F.);
#128 = EDGE_CURVE('',#129,#120,#131,.T.);
#129 = VERTEX_POINT('',#130);
#130 = CARTESIAN_POINT('',(1.420995790458,1.507767054495,0.8100001));
#131 = B_SPLINE_CURVE_WITH_KNOTS('',1,(#132,#133),.UNSPECIFIED.,.F.,.F.,
  (2,2),(-1.147110771232E-02,-0.),.PIECEWISE_BEZIER_KNOTS.);
#132 = CARTESIAN_POINT('',(1.420995790458,1.507767054495,0.8100001));
#133 = CARTESIAN_POINT('',(1.416524831417,1.497203114065,0.8100001));
#134 = ORIENTED_EDGE('',*,*,#135,.F.);
#135 = EDGE_CURVE('',#136,#129,#138,.T.);
#136 = VERTEX_POINT('',#137);
#137 = CARTESIAN_POINT('',(1.398204296932,1.565743955908,0.8100001));
#138 = B_SPLINE_CURVE_WITH_KNOTS('',1,(#139,#140),.UNSPECIFIED.,.F.,.F.,
  (2,2),(-6.229585278872E-02,8.123699972037E-17),
  .PIECEWISE_BEZIER_KNOTS.);
#139 = CARTESIAN_POINT('',(1.398204296932,1.565743955908,0.8100001));
#140 = CARTESIAN_POINT('',(1.420995790458,1.507767054495,0.8100001));
#141 = ORIENTED_EDGE('',*,*,#142,.F.);
#142 = EDGE_CURVE('',#143,#136,#145,.T.);
#143 = VERTEX_POINT('',#144);
#144 = CARTESIAN_POINT('',(1.409600043695,1.565743955908,0.8100001));
#145 = B_SPLINE_CURVE_WITH_KNOTS('',1,(#146,#147),.UNSPECIFIED.,.F.,.F.,
  (2,2),(-1.139574676288E-02,-0.),.PIECEWISE_BEZIER_KNOTS.);
#146 = CARTESIAN_POINT('',(1.409600043695,1.565743955908,0.8100001));
#147 = CARTESIAN_POINT('',(1.398204296932,1.565743955908,0.8100001));
#148 = ORIENTED_EDGE('',*,*,#149,.F.);
#149 = EDGE_CURVE('',#150,#143,#152,.T.);
#150 = VERTEX_POINT('',#151);
#151 = CARTESIAN_POINT('',(1.424780509273,1.522074123423,0.8100001));
#152 = B_SPLINE_CURVE_WITH_KNOTS('',1,(#153,#154),.UNSPECIFIED.,.F.,.F.,
  (2,2),(-4.623311372248E-02,0.),.PIECEWISE_BEZIER_KNOTS.);
#153 = CARTESIAN_POINT('',(1.424780509273,1.522074123423,0.8100001));
#154 = CARTESIAN_POINT('',(1.409600043695,1.565743955908,0.8100001));
#155 = ORIENTED_EDGE('',*,*,#156,.F.);
#156 = EDGE_CURVE('',#157,#150,#159,.T.);
#157 = VERTEX_POINT('',#158);
#158 = CARTESIAN_POINT('',(1.426028218773,1.517291237008,0.8100001));
#159 = B_SPLINE_CURVE_WITH_KNOTS('',1,(#160,#161),.UNSPECIFIED.,.F.,.F.,
  (2,2),(-4.942952706247E-03,0.),.PIECEWISE_BEZIER_KNOTS.);
#160 = CARTESIAN_POINT('',(1.426028218773,1.517291237008,0.8100001));
#161 = CARTESIAN_POINT('',(1.424780509273,1.522074123423,0.8100001));
#162 = ORIENTED_EDGE('',*,*,#163,.F.);
#163 = EDGE_CURVE('',#164,#157,#166,.T.);
#164 = VERTEX_POINT('',#165);
#165 = CARTESIAN_POINT('',(1.426298555831,1.517291237008,0.8100001));
#166 = B_SPLINE_CURVE_WITH_KNOTS('',1,(#167,#168),.UNSPECIFIED.,.F.,.F.,
  (2,2),(-2.70337057934E-04,2.22044604925E-16),
  .PIECEWISE_BEZIER_KNOTS.);
#167 = CARTESIAN_POINT('',(1.426298555831,1.517291237008,0.8100001));
#168 = CARTESIAN_POINT('',(1.426028218773,1.517291237008,0.8100001));
#169 = ORIENTED_EDGE('',*,*,#170,.F.);
#170 = EDGE_CURVE('',#171,#164,#173,.T.);
#171 = VERTEX_POINT('',#172);
#172 = CARTESIAN_POINT('',(1.427546265331,1.52199094279,0.8100001));
#173 = B_SPLINE_CURVE_WITH_KNOTS('',3,(#174,#175,#176,#177),
  .UNSPECIFIED.,.F.,.F.,(4,4),(12.,13.),.PIECEWISE_BEZIER_KNOTS.);
#174 = CARTESIAN_POINT('',(1.427546265331,1.52199094279,0.8100001));
#175 = CARTESIAN_POINT('',(1.426922410581,1.519953017274,0.8100001));
#176 = CARTESIAN_POINT('',(1.426506507414,1.518372585241,0.8100001));
#177 = CARTESIAN_POINT('',(1.426298555831,1.517291237008,0.8100001));
#178 = ORIENTED_EDGE('',*,*,#179,.F.);
#179 = EDGE_CURVE('',#72,#171,#180,.T.);
#180 = B_SPLINE_CURVE_WITH_KNOTS('',1,(#181,#182),.UNSPECIFIED.,.F.,.F.,
  (2,2),(-4.654114856777E-02,1.330436459182E-16),
  .PIECEWISE_BEZIER_KNOTS.);
#181 = CARTESIAN_POINT('',(1.443412971134,1.565743955908,0.8100001));
#182 = CARTESIAN_POINT('',(1.427546265331,1.52199094279,0.8100001));
#183 = FACE_BOUND('',#184,.T.);
#184 = EDGE_LOOP('',(#185,#196,#205,#212,#219,#226,#233,#242,#251,#260,
    #269,#276,#285,#294));
#185 = ORIENTED_EDGE('',*,*,#186,.F.);
#186 = EDGE_CURVE('',#187,#189,#191,.T.);
#187 = VERTEX_POINT('',#188);
#188 = CARTESIAN_POINT('',(1.318849972759,1.567074846041,0.8100001));
#189 = VERTEX_POINT('',#190);
#190 = CARTESIAN_POINT('',(1.298845030449,1.561668104877,0.8100001));
#191 = B_SPLINE_CURVE_WITH_KNOTS('',3,(#192,#193,#194,#195),
  .UNSPECIFIED.,.F.,.F.,(4,4),(0.,1.),.PIECEWISE_BEZIER_KNOTS.);
#192 = CARTESIAN_POINT('',(1.318849972759,1.567074846041,0.8100001));
#193 = CARTESIAN_POINT('',(1.311280535128,1.567074846041,0.8100001));
#194 = CARTESIAN_POINT('',(1.304605289305,1.565286462425,0.8100001));
#195 = CARTESIAN_POINT('',(1.298845030449,1.561668104877,0.8100001));
#196 = ORIENTED_EDGE('',*,*,#197,.F.);
#197 = EDGE_CURVE('',#198,#187,#200,.T.);
#198 = VERTEX_POINT('',#199);
#199 = CARTESIAN_POINT('',(1.339853082668,1.545031978215,0.8100001));
#200 = B_SPLINE_CURVE_WITH_KNOTS('',3,(#201,#202,#203,#204),
  .UNSPECIFIED.,.F.,.F.,(4,4),(1.,2.),.PIECEWISE_BEZIER_KNOTS.);
#201 = CARTESIAN_POINT('',(1.339853082668,1.545031978215,0.8100001));
#202 = CARTESIAN_POINT('',(1.339853082668,1.55975495031,0.8100001));
#203 = CARTESIAN_POINT('',(1.332845114312,1.567074846041,0.8100001));
#204 = CARTESIAN_POINT('',(1.318849972759,1.567074846041,0.8100001));
#205 = ORIENTED_EDGE('',*,*,#206,.F.);
#206 = EDGE_CURVE('',#207,#198,#209,.T.);
#207 = VERTEX_POINT('',#208);
#208 = CARTESIAN_POINT('',(1.339853082668,1.507642283545,0.8100001));
#209 = B_SPLINE_CURVE_WITH_KNOTS('',1,(#210,#211),.UNSPECIFIED.,.F.,.F.,
  (2,2),(-3.738969467029E-02,0.),.PIECEWISE_BEZIER_KNOTS.);
#210 = CARTESIAN_POINT('',(1.339853082668,1.507642283545,0.8100001));
#211 = CARTESIAN_POINT('',(1.339853082668,1.545031978215,0.8100001));
#212 = ORIENTED_EDGE('',*,*,#213,.F.);
#213 = EDGE_CURVE('',#214,#207,#216,.T.);
#214 = VERTEX_POINT('',#215);
#215 = CARTESIAN_POINT('',(1.329663455088,1.507642283545,0.8100001));
#216 = B_SPLINE_CURVE_WITH_KNOTS('',1,(#217,#218),.UNSPECIFIED.,.F.,.F.,
  (2,2),(-1.018962757994E-02,0.),.PIECEWISE_BEZIER_KNOTS.);
#217 = CARTESIAN_POINT('',(1.329663455088,1.507642283545,0.8100001));
#218 = CARTESIAN_POINT('',(1.339853082668,1.507642283545,0.8100001));
#219 = ORIENTED_EDGE('',*,*,#220,.F.);
#220 = EDGE_CURVE('',#221,#214,#223,.T.);
#221 = VERTEX_POINT('',#222);
#222 = CARTESIAN_POINT('',(1.329663455088,1.516625791941,0.8100001));
#223 = B_SPLINE_CURVE_WITH_KNOTS('',1,(#224,#225),.UNSPECIFIED.,.F.,.F.,
  (2,2),(-8.983508396722E-03,-0.),.PIECEWISE_BEZIER_KNOTS.);
#224 = CARTESIAN_POINT('',(1.329663455088,1.516625791941,0.8100001));
#225 = CARTESIAN_POINT('',(1.329663455088,1.507642283545,0.8100001));
#226 = ORIENTED_EDGE('',*,*,#227,.F.);
#227 = EDGE_CURVE('',#228,#221,#230,.T.);
#228 = VERTEX_POINT('',#229);
#229 = CARTESIAN_POINT('',(1.32939311803,1.516625791941,0.8100001));
#230 = B_SPLINE_CURVE_WITH_KNOTS('',1,(#231,#232),.UNSPECIFIED.,.F.,.F.,
  (2,2),(-2.703370582111E-04,0.),.PIECEWISE_BEZIER_KNOTS.);
#231 = CARTESIAN_POINT('',(1.32939311803,1.516625791941,0.8100001));
#232 = CARTESIAN_POINT('',(1.329663455088,1.516625791941,0.8100001));
#233 = ORIENTED_EDGE('',*,*,#234,.F.);
#234 = EDGE_CURVE('',#235,#228,#237,.T.);
#235 = VERTEX_POINT('',#236);
#236 = CARTESIAN_POINT('',(1.311592462503,1.506269803095,0.8100001));
#237 = B_SPLINE_CURVE_WITH_KNOTS('',3,(#238,#239,#240,#241),
  .UNSPECIFIED.,.F.,.F.,(4,4),(6.,7.),.PIECEWISE_BEZIER_KNOTS.);
#238 = CARTESIAN_POINT('',(1.311592462503,1.506269803095,0.8100001));
#239 = CARTESIAN_POINT('',(1.319432237192,1.506269803095,0.8100001));
#240 = CARTESIAN_POINT('',(1.325379652473,1.509721799377,0.8100001));
#241 = CARTESIAN_POINT('',(1.32939311803,1.516625791941,0.8100001));
#242 = ORIENTED_EDGE('',*,*,#243,.F.);
#243 = EDGE_CURVE('',#244,#235,#246,.T.);
#244 = VERTEX_POINT('',#245);
#245 = CARTESIAN_POINT('',(1.298158790224,1.510844737927,0.8100001));
#246 = B_SPLINE_CURVE_WITH_KNOTS('',3,(#247,#248,#249,#250),
  .UNSPECIFIED.,.F.,.F.,(4,4),(7.,8.),.PIECEWISE_BEZIER_KNOTS.);
#247 = CARTESIAN_POINT('',(1.298158790224,1.510844737927,0.8100001));
#248 = CARTESIAN_POINT('',(1.301486015556,1.507808644811,0.8100001));
#249 = CARTESIAN_POINT('',(1.305956974596,1.506269803095,0.8100001));
#250 = CARTESIAN_POINT('',(1.311592462503,1.506269803095,0.8100001));
#251 = ORIENTED_EDGE('',*,*,#252,.F.);
#252 = EDGE_CURVE('',#253,#244,#255,.T.);
#253 = VERTEX_POINT('',#254);
#254 = CARTESIAN_POINT('',(1.293167952226,1.523197061973,0.8100001));
#255 = B_SPLINE_CURVE_WITH_KNOTS('',3,(#256,#257,#258,#259),
  .UNSPECIFIED.,.F.,.F.,(4,4),(8.,9.),.PIECEWISE_BEZIER_KNOTS.);
#256 = CARTESIAN_POINT('',(1.293167952226,1.523197061973,0.8100001));
#257 = CARTESIAN_POINT('',(1.293167952226,1.517998272391,0.8100001));
#258 = CARTESIAN_POINT('',(1.294831564892,1.513880831042,0.8100001));
#259 = CARTESIAN_POINT('',(1.298158790224,1.510844737927,0.8100001));
#260 = ORIENTED_EDGE('',*,*,#261,.F.);
#261 = EDGE_CURVE('',#262,#253,#264,.T.);
#262 = VERTEX_POINT('',#263);
#263 = CARTESIAN_POINT('',(1.312445063994,1.542162246366,0.8100001));
#264 = B_SPLINE_CURVE_WITH_KNOTS('',3,(#265,#266,#267,#268),
  .UNSPECIFIED.,.F.,.F.,(4,4),(9.,10.),.PIECEWISE_BEZIER_KNOTS.);
#265 = CARTESIAN_POINT('',(1.312445063994,1.542162246366,0.8100001));
#266 = CARTESIAN_POINT('',(1.299593656149,1.54037386275,0.8100001));
#267 = CARTESIAN_POINT('',(1.293167952226,1.534052134619,0.8100001));
#268 = CARTESIAN_POINT('',(1.293167952226,1.523197061973,0.8100001));
#269 = ORIENTED_EDGE('',*,*,#270,.F.);
#270 = EDGE_CURVE('',#271,#262,#273,.T.);
#271 = VERTEX_POINT('',#272);
#272 = CARTESIAN_POINT('',(1.329663455088,1.544574484732,0.8100001));
#273 = B_SPLINE_CURVE_WITH_KNOTS('',1,(#274,#275),.UNSPECIFIED.,.F.,.F.,
  (2,2),(-1.738654323922E-02,-0.),.PIECEWISE_BEZIER_KNOTS.);
#274 = CARTESIAN_POINT('',(1.329663455088,1.544574484732,0.8100001));
#275 = CARTESIAN_POINT('',(1.312445063994,1.542162246366,0.8100001));
#276 = ORIENTED_EDGE('',*,*,#277,.F.);
#277 = EDGE_CURVE('',#278,#271,#280,.T.);
#278 = VERTEX_POINT('',#279);
#279 = CARTESIAN_POINT('',(1.317893395476,1.558798373027,0.8100001));
#280 = B_SPLINE_CURVE_WITH_KNOTS('',3,(#281,#282,#283,#284),
  .UNSPECIFIED.,.F.,.F.,(4,4),(11.,12.),.PIECEWISE_BEZIER_KNOTS.);
#281 = CARTESIAN_POINT('',(1.317893395476,1.558798373027,0.8100001));
#282 = CARTESIAN_POINT('',(1.325733170165,1.558798373027,0.8100001));
#283 = CARTESIAN_POINT('',(1.329663455088,1.554057076929,0.8100001));
#284 = CARTESIAN_POINT('',(1.329663455088,1.544574484732,0.8100001));
#285 = ORIENTED_EDGE('',*,*,#286,.F.);
#286 = EDGE_CURVE('',#287,#278,#289,.T.);
#287 = VERTEX_POINT('',#288);
#288 = CARTESIAN_POINT('',(1.298845030449,1.551769609513,0.8100001));
#289 = B_SPLINE_CURVE_WITH_KNOTS('',3,(#290,#291,#292,#293),
  .UNSPECIFIED.,.F.,.F.,(4,4),(12.,13.),.PIECEWISE_BEZIER_KNOTS.);
#290 = CARTESIAN_POINT('',(1.298845030449,1.551769609513,0.8100001));
#291 = CARTESIAN_POINT('',(1.304584494147,1.556427724978,0.8100001));
#292 = CARTESIAN_POINT('',(1.310927017436,1.558798373027,0.8100001));
#293 = CARTESIAN_POINT('',(1.317893395476,1.558798373027,0.8100001));
#294 = ORIENTED_EDGE('',*,*,#295,.F.);
#295 = EDGE_CURVE('',#189,#287,#296,.T.);
#296 = B_SPLINE_CURVE_WITH_KNOTS('',1,(#297,#298),.UNSPECIFIED.,.F.,.F.,
  (2,2),(-9.898495363703E-03,2.22044604925E-16),
  .PIECEWISE_BEZIER_KNOTS.);
#297 = CARTESIAN_POINT('',(1.298845030449,1.561668104877,0.8100001));
#298 = CARTESIAN_POINT('',(1.298845030449,1.551769609513,0.8100001));
#299 = FACE_BOUND('',#300,.T.);
#300 = EDGE_LOOP('',(#301,#310,#317,#324,#331,#338,#345,#352,#359,#366,
    #373,#380));
#301 = ORIENTED_EDGE('',*,*,#302,.F.);
#302 = EDGE_CURVE('',#303,#305,#307,.T.);
#303 = VERTEX_POINT('',#304);
#304 = CARTESIAN_POINT('',(1.283415022971,1.507642283545,0.8100001));
#305 = VERTEX_POINT('',#306);
#306 = CARTESIAN_POINT('',(1.283415022971,1.516916924158,0.8100001));
#307 = B_SPLINE_CURVE_WITH_KNOTS('',1,(#308,#309),.UNSPECIFIED.,.F.,.F.,
  (2,2),(-9.274640613515E-03,0.),.PIECEWISE_BEZIER_KNOTS.);
#308 = CARTESIAN_POINT('',(1.283415022971,1.507642283545,0.8100001));
#309 = CARTESIAN_POINT('',(1.283415022971,1.516916924158,0.8100001));
#310 = ORIENTED_EDGE('',*,*,#311,.F.);
#311 = EDGE_CURVE('',#312,#303,#314,.T.);
#312 = VERTEX_POINT('',#313);
#313 = CARTESIAN_POINT('',(1.239662009852,1.507642283545,0.8100001));
#314 = B_SPLINE_CURVE_WITH_KNOTS('',1,(#315,#316),.UNSPECIFIED.,.F.,.F.,
  (2,2),(-4.375301311866E-02,0.),.PIECEWISE_BEZIER_KNOTS.);
#315 = CARTESIAN_POINT('',(1.239662009852,1.507642283545,0.8100001));
#316 = CARTESIAN_POINT('',(1.283415022971,1.507642283545,0.8100001));
#317 = ORIENTED_EDGE('',*,*,#318,.F.);
#318 = EDGE_CURVE('',#319,#312,#321,.T.);
#319 = VERTEX_POINT('',#320);
#320 = CARTESIAN_POINT('',(1.239662009852,1.588992942917,0.8100001));
#321 = B_SPLINE_CURVE_WITH_KNOTS('',1,(#322,#323),.UNSPECIFIED.,.F.,.F.,
  (2,2),(-8.135065937253E-02,-0.),.PIECEWISE_BEZIER_KNOTS.);
#322 = CARTESIAN_POINT('',(1.239662009852,1.588992942917,0.8100001));
#323 = CARTESIAN_POINT('',(1.239662009852,1.507642283545,0.8100001));
#324 = ORIENTED_EDGE('',*,*,#325,.F.);
#325 = EDGE_CURVE('',#326,#319,#328,.T.);
#326 = VERTEX_POINT('',#327);
#327 = CARTESIAN_POINT('',(1.281564253879,1.588992942917,0.8100001));
#328 = B_SPLINE_CURVE_WITH_KNOTS('',1,(#329,#330),.UNSPECIFIED.,.F.,.F.,
  (2,2),(-4.190224402751E-02,-0.),.PIECEWISE_BEZIER_KNOTS.);
#329 = CARTESIAN_POINT('',(1.281564253879,1.588992942917,0.8100001));
#330 = CARTESIAN_POINT('',(1.239662009852,1.588992942917,0.8100001));
#331 = ORIENTED_EDGE('',*,*,#332,.F.);
#332 = EDGE_CURVE('',#333,#326,#335,.T.);
#333 = VERTEX_POINT('',#334);
#334 = CARTESIAN_POINT('',(1.281564253879,1.579635121671,0.8100001));
#335 = B_SPLINE_CURVE_WITH_KNOTS('',1,(#336,#337),.UNSPECIFIED.,.F.,.F.,
  (2,2),(-9.357821246723E-03,0.),.PIECEWISE_BEZIER_KNOTS.);
#336 = CARTESIAN_POINT('',(1.281564253879,1.579635121671,0.8100001));
#337 = CARTESIAN_POINT('',(1.281564253879,1.588992942917,0.8100001));
#338 = ORIENTED_EDGE('',*,*,#339,.F.);
#339 = EDGE_CURVE('',#340,#333,#342,.T.);
#340 = VERTEX_POINT('',#341);
#341 = CARTESIAN_POINT('',(1.250163564807,1.579635121671,0.8100001));
#342 = B_SPLINE_CURVE_WITH_KNOTS('',1,(#343,#344),.UNSPECIFIED.,.F.,.F.,
  (2,2),(-3.140068907275E-02,0.),.PIECEWISE_BEZIER_KNOTS.);
#343 = CARTESIAN_POINT('',(1.250163564807,1.579635121671,0.8100001));
#344 = CARTESIAN_POINT('',(1.281564253879,1.579635121671,0.8100001));
#345 = ORIENTED_EDGE('',*,*,#346,.F.);
#346 = EDGE_CURVE('',#347,#340,#349,.T.);
#347 = VERTEX_POINT('',#348);
#348 = CARTESIAN_POINT('',(1.250163564807,1.553599583446,0.8100001));
#349 = B_SPLINE_CURVE_WITH_KNOTS('',1,(#350,#351),.UNSPECIFIED.,.F.,.F.,
  (2,2),(-2.603553822485E-02,0.),.PIECEWISE_BEZIER_KNOTS.);
#350 = CARTESIAN_POINT('',(1.250163564807,1.553599583446,0.8100001));
#351 = CARTESIAN_POINT('',(1.250163564807,1.579635121671,0.8100001));
#352 = ORIENTED_EDGE('',*,*,#353,.F.);
#353 = EDGE_CURVE('',#354,#347,#356,.T.);
#354 = VERTEX_POINT('',#355);
#355 = CARTESIAN_POINT('',(1.279255991305,1.553599583446,0.8100001));
#356 = B_SPLINE_CURVE_WITH_KNOTS('',1,(#357,#358),.UNSPECIFIED.,.F.,.F.,
  (2,2),(-2.909242649866E-02,-0.),.PIECEWISE_BEZIER_KNOTS.);
#357 = CARTESIAN_POINT('',(1.279255991305,1.553599583446,0.8100001));
#358 = CARTESIAN_POINT('',(1.250163564807,1.553599583446,0.8100001));
#359 = ORIENTED_EDGE('',*,*,#360,.F.);
#360 = EDGE_CURVE('',#361,#354,#363,.T.);
#361 = VERTEX_POINT('',#362);
#362 = CARTESIAN_POINT('',(1.279255991305,1.544283352516,0.8100001));
#363 = B_SPLINE_CURVE_WITH_KNOTS('',1,(#364,#365),.UNSPECIFIED.,.F.,.F.,
  (2,2),(-9.316230930119E-03,0.),.PIECEWISE_BEZIER_KNOTS.);
#364 = CARTESIAN_POINT('',(1.279255991305,1.544283352516,0.8100001));
#365 = CARTESIAN_POINT('',(1.279255991305,1.553599583446,0.8100001));
#366 = ORIENTED_EDGE('',*,*,#367,.F.);
#367 = EDGE_CURVE('',#368,#361,#370,.T.);
#368 = VERTEX_POINT('',#369);
#369 = CARTESIAN_POINT('',(1.250163564807,1.544283352516,0.8100001));
#370 = B_SPLINE_CURVE_WITH_KNOTS('',1,(#371,#372),.UNSPECIFIED.,.F.,.F.,
  (2,2),(-2.909242649866E-02,0.),.PIECEWISE_BEZIER_KNOTS.);
#371 = CARTESIAN_POINT('',(1.250163564807,1.544283352516,0.8100001));
#372 = CARTESIAN_POINT('',(1.279255991305,1.544283352516,0.8100001));
#373 = ORIENTED_EDGE('',*,*,#374,.F.);
#374 = EDGE_CURVE('',#375,#368,#377,.T.);
#375 = VERTEX_POINT('',#376);
#376 = CARTESIAN_POINT('',(1.250163564807,1.516916924158,0.8100001));
#377 = B_SPLINE_CURVE_WITH_KNOTS('',1,(#378,#379),.UNSPECIFIED.,.F.,.F.,
  (2,2),(-2.736642835733E-02,0.),.PIECEWISE_BEZIER_KNOTS.);
#378 = CARTESIAN_POINT('',(1.250163564807,1.516916924158,0.8100001));
#379 = CARTESIAN_POINT('',(1.250163564807,1.544283352516,0.8100001));
#380 = ORIENTED_EDGE('',*,*,#381,.F.);
#381 = EDGE_CURVE('',#305,#375,#382,.T.);
#382 = B_SPLINE_CURVE_WITH_KNOTS('',1,(#383,#384),.UNSPECIFIED.,.F.,.F.,
  (2,2),(-3.325145816391E-02,-0.),.PIECEWISE_BEZIER_KNOTS.);
#383 = CARTESIAN_POINT('',(1.283415022971,1.516916924158,0.8100001));
#384 = CARTESIAN_POINT('',(1.250163564807,1.516916924158,0.8100001));
#385 = FACE_BOUND('',#386,.T.);
#386 = EDGE_LOOP('',(#387,#398,#407,#416,#425,#434,#443,#450,#459,#468,
    #477,#486,#495,#504));
#387 = ORIENTED_EDGE('',*,*,#388,.F.);
#388 = EDGE_CURVE('',#389,#391,#393,.T.);
#389 = VERTEX_POINT('',#390);
#390 = CARTESIAN_POINT('',(1.324277509082,1.635324555668,0.8100001));
#391 = VERTEX_POINT('',#392);
#392 = CARTESIAN_POINT('',(1.346798665549,1.640065851767,0.8100001));
#393 = B_SPLINE_CURVE_WITH_KNOTS('',3,(#394,#395,#396,#397),
  .UNSPECIFIED.,.F.,.F.,(4,4),(0.,1.),.PIECEWISE_BEZIER_KNOTS.);
#394 = CARTESIAN_POINT('',(1.324277509082,1.635324555668,0.8100001));
#395 = CARTESIAN_POINT('',(1.333302607795,1.635324555668,0.8100001));
#396 = CARTESIAN_POINT('',(1.340809659951,1.636904987701,0.8100001));
#397 = CARTESIAN_POINT('',(1.346798665549,1.640065851767,0.8100001));
#398 = ORIENTED_EDGE('',*,*,#399,.F.);
#399 = EDGE_CURVE('',#400,#389,#402,.T.);
#400 = VERTEX_POINT('',#401);
#401 = CARTESIAN_POINT('',(1.296328816291,1.646429170215,0.8100001));
#402 = B_SPLINE_CURVE_WITH_KNOTS('',3,(#403,#404,#405,#406),
  .UNSPECIFIED.,.F.,.F.,(4,4),(1.,2.),.PIECEWISE_BEZIER_KNOTS.);
#403 = CARTESIAN_POINT('',(1.296328816291,1.646429170215,0.8100001));
#404 = CARTESIAN_POINT('',(1.303295194331,1.63902609385,0.8100001));
#405 = CARTESIAN_POINT('',(1.312611425261,1.635324555668,0.8100001));
#406 = CARTESIAN_POINT('',(1.324277509082,1.635324555668,0.8100001));
#407 = ORIENTED_EDGE('',*,*,#408,.F.);
#408 = EDGE_CURVE('',#409,#400,#411,.T.);
#409 = VERTEX_POINT('',#410);
#410 = CARTESIAN_POINT('',(1.285889646811,1.675833524088,0.8100001));
#411 = B_SPLINE_CURVE_WITH_KNOTS('',3,(#412,#413,#414,#415),
  .UNSPECIFIED.,.F.,.F.,(4,4),(2.,3.),.PIECEWISE_BEZIER_KNOTS.);
#412 = CARTESIAN_POINT('',(1.285889646811,1.675833524088,0.8100001));
#413 = CARTESIAN_POINT('',(1.285889646811,1.663647561309,0.8100001));
#414 = CARTESIAN_POINT('',(1.289362438252,1.653832246579,0.8100001));
#415 = CARTESIAN_POINT('',(1.296328816291,1.646429170215,0.8100001));
#416 = ORIENTED_EDGE('',*,*,#417,.F.);
#417 = EDGE_CURVE('',#418,#409,#420,.T.);
#418 = VERTEX_POINT('',#419);
#419 = CARTESIAN_POINT('',(1.297638911266,1.707442164744,0.8100001));
#420 = B_SPLINE_CURVE_WITH_KNOTS('',3,(#421,#422,#423,#424),
  .UNSPECIFIED.,.F.,.F.,(4,4),(3.,4.),.PIECEWISE_BEZIER_KNOTS.);
#421 = CARTESIAN_POINT('',(1.297638911266,1.707442164744,0.8100001));
#422 = CARTESIAN_POINT('',(1.289799136577,1.699456823947,0.8100001));
#423 = CARTESIAN_POINT('',(1.285889646811,1.688934473833,0.8100001));
#424 = CARTESIAN_POINT('',(1.285889646811,1.675833524088,0.8100001));
#425 = ORIENTED_EDGE('',*,*,#426,.F.);
#426 = EDGE_CURVE('',#427,#418,#429,.T.);
#427 = VERTEX_POINT('',#428);
#428 = CARTESIAN_POINT('',(1.327521553781,1.71942017594,0.8100001));
#429 = B_SPLINE_CURVE_WITH_KNOTS('',3,(#430,#431,#432,#433),
  .UNSPECIFIED.,.F.,.F.,(4,4),(4.,5.),.PIECEWISE_BEZIER_KNOTS.);
#430 = CARTESIAN_POINT('',(1.327521553781,1.71942017594,0.8100001));
#431 = CARTESIAN_POINT('',(1.315439566793,1.71942017594,0.8100001));
#432 = CARTESIAN_POINT('',(1.305478685955,1.715427505541,0.8100001));
#433 = CARTESIAN_POINT('',(1.297638911266,1.707442164744,0.8100001));
#434 = ORIENTED_EDGE('',*,*,#435,.F.);
#435 = EDGE_CURVE('',#436,#427,#438,.T.);
#436 = VERTEX_POINT('',#437);
#437 = CARTESIAN_POINT('',(1.346798665549,1.716092950608,0.8100001));
#438 = B_SPLINE_CURVE_WITH_KNOTS('',3,(#439,#440,#441,#442),
  .UNSPECIFIED.,.F.,.F.,(4,4),(5.,6.),.PIECEWISE_BEZIER_KNOTS.);
#439 = CARTESIAN_POINT('',(1.346798665549,1.716092950608,0.8100001));
#440 = CARTESIAN_POINT('',(1.341724646918,1.718297237391,0.8100001));
#441 = CARTESIAN_POINT('',(1.335298942995,1.71942017594,0.8100001));
#442 = CARTESIAN_POINT('',(1.327521553781,1.71942017594,0.8100001));
#443 = ORIENTED_EDGE('',*,*,#444,.F.);
#444 = EDGE_CURVE('',#445,#436,#447,.T.);
#445 = VERTEX_POINT('',#446);
#446 = CARTESIAN_POINT('',(1.346798665549,1.705113107012,0.8100001));
#447 = B_SPLINE_CURVE_WITH_KNOTS('',1,(#448,#449),.UNSPECIFIED.,.F.,.F.,
  (2,2),(-1.097984359599E-02,0.),.PIECEWISE_BEZIER_KNOTS.);
#448 = CARTESIAN_POINT('',(1.346798665549,1.705113107012,0.8100001));
#449 = CARTESIAN_POINT('',(1.346798665549,1.716092950608,0.8100001));
#450 = ORIENTED_EDGE('',*,*,#451,.F.);
#451 = EDGE_CURVE('',#452,#445,#454,.T.);
#452 = VERTEX_POINT('',#453);
#453 = CARTESIAN_POINT('',(1.327625529572,1.709937583743,0.8100001));
#454 = B_SPLINE_CURVE_WITH_KNOTS('',3,(#455,#456,#457,#458),
  .UNSPECIFIED.,.F.,.F.,(4,4),(7.,8.),.PIECEWISE_BEZIER_KNOTS.);
#455 = CARTESIAN_POINT('',(1.327625529572,1.709937583743,0.8100001));
#456 = CARTESIAN_POINT('',(1.334591907612,1.709937583743,0.8100001));
#457 = CARTESIAN_POINT('',(1.340976021218,1.70835715171,0.8100001));
#458 = CARTESIAN_POINT('',(1.346798665549,1.705113107012,0.8100001));
#459 = ORIENTED_EDGE('',*,*,#460,.F.);
#460 = EDGE_CURVE('',#461,#452,#463,.T.);
#461 = VERTEX_POINT('',#462);
#462 = CARTESIAN_POINT('',(1.305457890797,1.70091248503,0.8100001));
#463 = B_SPLINE_CURVE_WITH_KNOTS('',3,(#464,#465,#466,#467),
  .UNSPECIFIED.,.F.,.F.,(4,4),(8.,9.),.PIECEWISE_BEZIER_KNOTS.);
#464 = CARTESIAN_POINT('',(1.305457890797,1.70091248503,0.8100001));
#465 = CARTESIAN_POINT('',(1.311176559336,1.706943080944,0.8100001));
#466 = CARTESIAN_POINT('',(1.318558840542,1.709937583743,0.8100001));
#467 = CARTESIAN_POINT('',(1.327625529572,1.709937583743,0.8100001));
#468 = ORIENTED_EDGE('',*,*,#469,.F.);
#469 = EDGE_CURVE('',#470,#461,#472,.T.);
#470 = VERTEX_POINT('',#471);
#471 = CARTESIAN_POINT('',(1.296911080725,1.676457378838,0.8100001));
#472 = B_SPLINE_CURVE_WITH_KNOTS('',3,(#473,#474,#475,#476),
  .UNSPECIFIED.,.F.,.F.,(4,4),(9.,10.),.PIECEWISE_BEZIER_KNOTS.);
#473 = CARTESIAN_POINT('',(1.296911080725,1.676457378838,0.8100001));
#474 = CARTESIAN_POINT('',(1.296911080725,1.686688596734,0.8100001));
#475 = CARTESIAN_POINT('',(1.299760017415,1.694840298798,0.8100001));
#476 = CARTESIAN_POINT('',(1.305457890797,1.70091248503,0.8100001));
#477 = ORIENTED_EDGE('',*,*,#478,.F.);
#478 = EDGE_CURVE('',#479,#470,#481,.T.);
#479 = VERTEX_POINT('',#480);
#480 = CARTESIAN_POINT('',(1.304896421522,1.653249982146,0.8100001));
#481 = B_SPLINE_CURVE_WITH_KNOTS('',3,(#482,#483,#484,#485),
  .UNSPECIFIED.,.F.,.F.,(4,4),(10.,11.),.PIECEWISE_BEZIER_KNOTS.);
#482 = CARTESIAN_POINT('',(1.304896421522,1.653249982146,0.8100001));
#483 = CARTESIAN_POINT('',(1.29957286099,1.658989445844,0.8100001));
#484 = CARTESIAN_POINT('',(1.296911080725,1.666725244741,0.8100001));
#485 = CARTESIAN_POINT('',(1.296911080725,1.676457378838,0.8100001));
#486 = ORIENTED_EDGE('',*,*,#487,.F.);
#487 = EDGE_CURVE('',#488,#479,#490,.T.);
#488 = VERTEX_POINT('',#489);
#489 = CARTESIAN_POINT('',(1.32579555564,1.644682376915,0.8100001));
#490 = B_SPLINE_CURVE_WITH_KNOTS('',3,(#491,#492,#493,#494),
  .UNSPECIFIED.,.F.,.F.,(4,4),(11.,12.),.PIECEWISE_BEZIER_KNOTS.);
#491 = CARTESIAN_POINT('',(1.32579555564,1.644682376915,0.8100001));
#492 = CARTESIAN_POINT('',(1.317186360093,1.644682376915,0.8100001));
#493 = CARTESIAN_POINT('',(1.310219982053,1.647552108764,0.8100001));
#494 = CARTESIAN_POINT('',(1.304896421522,1.653249982146,0.8100001));
#495 = ORIENTED_EDGE('',*,*,#496,.F.);
#496 = EDGE_CURVE('',#497,#488,#499,.T.);
#497 = VERTEX_POINT('',#498);
#498 = CARTESIAN_POINT('',(1.346798665549,1.650130708397,0.8100001));
#499 = B_SPLINE_CURVE_WITH_KNOTS('',3,(#500,#501,#502,#503),
  .UNSPECIFIED.,.F.,.F.,(4,4),(12.,13.),.PIECEWISE_BEZIER_KNOTS.);
#500 = CARTESIAN_POINT('',(1.346798665549,1.650130708397,0.8100001));
#501 = CARTESIAN_POINT('',(1.340851250268,1.646512350848,0.8100001));
#502 = CARTESIAN_POINT('',(1.333843281912,1.644682376915,0.8100001));
#503 = CARTESIAN_POINT('',(1.32579555564,1.644682376915,0.8100001));
#504 = ORIENTED_EDGE('',*,*,#505,.F.);
#505 = EDGE_CURVE('',#391,#497,#506,.T.);
#506 = B_SPLINE_CURVE_WITH_KNOTS('',1,(#507,#508),.UNSPECIFIED.,.F.,.F.,
  (2,2),(-1.006485663012E-02,0.),.PIECEWISE_BEZIER_KNOTS.);
#507 = CARTESIAN_POINT('',(1.346798665549,1.640065851767,0.8100001));
#508 = CARTESIAN_POINT('',(1.346798665549,1.650130708397,0.8100001));
#509 = FACE_BOUND('',#510,.T.);
#510 = EDGE_LOOP('',(#511,#520,#527,#534));
#511 = ORIENTED_EDGE('',*,*,#512,.T.);
#512 = EDGE_CURVE('',#513,#515,#517,.T.);
#513 = VERTEX_POINT('',#514);
#514 = CARTESIAN_POINT('',(2.,-2.,0.8100001));
#515 = VERTEX_POINT('',#516);
#516 = CARTESIAN_POINT('',(2.,2.,0.8100001));
#517 = B_SPLINE_CURVE_WITH_KNOTS('',1,(#518,#519),.UNSPECIFIED.,.F.,.F.,
  (2,2),(0.,4.),.PIECEWISE_BEZIER_KNOTS.);
#518 = CARTESIAN_POINT('',(2.,-2.,0.8100001));
#519 = CARTESIAN_POINT('',(2.,2.,0.8100001));
#520 = ORIENTED_EDGE('',*,*,#521,.T.);
#521 = EDGE_CURVE('',#515,#522,#524,.T.);
#522 = VERTEX_POINT('',#523);
#523 = CARTESIAN_POINT('',(-2.,2.,0.8100001));
#524 = B_SPLINE_CURVE_WITH_KNOTS('',1,(#525,#526),.UNSPECIFIED.,.F.,.F.,
  (2,2),(-4.,-0.),.PIECEWISE_BEZIER_KNOTS.);
#525 = CARTESIAN_POINT('',(2.,2.,0.8100001));
#526 = CARTESIAN_POINT('',(-2.,2.,0.8100001));
#527 = ORIENTED_EDGE('',*,*,#528,.T.);
#528 = EDGE_CURVE('',#522,#529,#531,.T.);
#529 = VERTEX_POINT('',#530);
#530 = CARTESIAN_POINT('',(-2.,-2.,0.8100001));
#531 = B_SPLINE_CURVE_WITH_KNOTS('',1,(#532,#533),.UNSPECIFIED.,.F.,.F.,
  (2,2),(-4.,-0.),.PIECEWISE_BEZIER_KNOTS.);
#532 = CARTESIAN_POINT('',(-2.,2.,0.8100001));
#533 = CARTESIAN_POINT('',(-2.,-2.,0.8100001));
#534 = ORIENTED_EDGE('',*,*,#535,.T.);
#535 = EDGE_CURVE('',#529,#513,#536,.T.);
#536 = B_SPLINE_CURVE_WITH_KNOTS('',1,(#537,#538),.UNSPECIFIED.,.F.,.F.,
  (2,2),(0.,4.),.PIECEWISE_BEZIER_KNOTS.);
#537 = CARTESIAN_POINT('',(-2.,-2.,0.8100001));
#538 = CARTESIAN_POINT('',(2.,-2.,0.8100001));
#539 = FACE_BOUND('',#540,.T.);
#540 = EDGE_LOOP('',(#541,#549));
#541 = ORIENTED_EDGE('',*,*,#542,.F.);
#542 = EDGE_CURVE('',#24,#31,#543,.T.);
#543 = ( BOUNDED_CURVE() B_SPLINE_CURVE(2,(#544,#545,#546,#547,#548),
.UNSPECIFIED.,.F.,.F.) B_SPLINE_CURVE_WITH_KNOTS((3,2,3),(0.,
1.570796326795,3.14159265359),.PIECEWISE_BEZIER_KNOTS.) CURVE() 
GEOMETRIC_REPRESENTATION_ITEM() RATIONAL_B_SPLINE_CURVE((1.,
0.707106781187,1.,0.707106781187,1.)) REPRESENTATION_ITEM('') );
#544 = CARTESIAN_POINT('',(-1.305765178523,-1.58613742915,0.8100001));
#545 = CARTESIAN_POINT('',(-1.305765178523,-1.383776953959,0.8100001));
#546 = CARTESIAN_POINT('',(-1.508125653714,-1.383776953959,0.8100001));
#547 = CARTESIAN_POINT('',(-1.710486128906,-1.383776953959,0.8100001));
#548 = CARTESIAN_POINT('',(-1.710486128906,-1.58613742915,0.8100001));
#549 = ORIENTED_EDGE('',*,*,#30,.F.);
#550 = FACE_BOUND('',#551,.T.);
#551 = EDGE_LOOP('',(#552,#561,#568,#575,#582,#589));
#552 = ORIENTED_EDGE('',*,*,#553,.F.);
#553 = EDGE_CURVE('',#554,#556,#558,.T.);
#554 = VERTEX_POINT('',#555);
#555 = CARTESIAN_POINT('',(1.282562421479,1.636697036118,0.8100001));
#556 = VERTEX_POINT('',#557);
#557 = CARTESIAN_POINT('',(1.282562421479,1.645971676731,0.8100001));
#558 = B_SPLINE_CURVE_WITH_KNOTS('',1,(#559,#560),.UNSPECIFIED.,.F.,.F.,
  (2,2),(-9.274640613514E-03,0.),.PIECEWISE_BEZIER_KNOTS.);
#559 = CARTESIAN_POINT('',(1.282562421479,1.636697036118,0.8100001));
#560 = CARTESIAN_POINT('',(1.282562421479,1.645971676731,0.8100001));
#561 = ORIENTED_EDGE('',*,*,#562,.F.);
#562 = EDGE_CURVE('',#563,#554,#565,.T.);
#563 = VERTEX_POINT('',#564);
#564 = CARTESIAN_POINT('',(1.239662009852,1.636697036118,0.8100001));
#565 = B_SPLINE_CURVE_WITH_KNOTS('',1,(#566,#567),.UNSPECIFIED.,.F.,.F.,
  (2,2),(-4.290041162742E-02,0.),.PIECEWISE_BEZIER_KNOTS.);
#566 = CARTESIAN_POINT('',(1.239662009852,1.636697036118,0.8100001));
#567 = CARTESIAN_POINT('',(1.282562421479,1.636697036118,0.8100001));
#568 = ORIENTED_EDGE('',*,*,#569,.F.);
#569 = EDGE_CURVE('',#570,#563,#572,.T.);
#570 = VERTEX_POINT('',#571);
#571 = CARTESIAN_POINT('',(1.239662009852,1.71804769549,0.8100001));
#572 = B_SPLINE_CURVE_WITH_KNOTS('',1,(#573,#574),.UNSPECIFIED.,.F.,.F.,
  (2,2),(-8.135065937253E-02,-0.),.PIECEWISE_BEZIER_KNOTS.);
#573 = CARTESIAN_POINT('',(1.239662009852,1.71804769549,0.8100001));
#574 = CARTESIAN_POINT('',(1.239662009852,1.636697036118,0.8100001));
#575 = ORIENTED_EDGE('',*,*,#576,.F.);
#576 = EDGE_CURVE('',#577,#570,#579,.T.);
#577 = VERTEX_POINT('',#578);
#578 = CARTESIAN_POINT('',(1.250163564807,1.71804769549,0.8100001));
#579 = B_SPLINE_CURVE_WITH_KNOTS('',1,(#580,#581),.UNSPECIFIED.,.F.,.F.,
  (2,2),(-1.050155495476E-02,-0.),.PIECEWISE_BEZIER_KNOTS.);
#580 = CARTESIAN_POINT('',(1.250163564807,1.71804769549,0.8100001));
#581 = CARTESIAN_POINT('',(1.239662009852,1.71804769549,0.8100001));
#582 = ORIENTED_EDGE('',*,*,#583,.F.);
#583 = EDGE_CURVE('',#584,#577,#586,.T.);
#584 = VERTEX_POINT('',#585);
#585 = CARTESIAN_POINT('',(1.250163564807,1.645971676731,0.8100001));
#586 = B_SPLINE_CURVE_WITH_KNOTS('',1,(#587,#588),.UNSPECIFIED.,.F.,.F.,
  (2,2),(-7.207601875902E-02,0.),.PIECEWISE_BEZIER_KNOTS.);
#587 = CARTESIAN_POINT('',(1.250163564807,1.645971676731,0.8100001));
#588 = CARTESIAN_POINT('',(1.250163564807,1.71804769549,0.8100001));
#589 = ORIENTED_EDGE('',*,*,#590,.F.);
#590 = EDGE_CURVE('',#556,#584,#591,.T.);
#591 = B_SPLINE_CURVE_WITH_KNOTS('',1,(#592,#593),.UNSPECIFIED.,.F.,.F.,
  (2,2),(-3.239885667266E-02,-0.),.PIECEWISE_BEZIER_KNOTS.);
#592 = CARTESIAN_POINT('',(1.282562421479,1.645971676731,0.8100001));
#593 = CARTESIAN_POINT('',(1.250163564807,1.645971676731,0.8100001));
#594 = FACE_BOUND('',#595,.T.);
#595 = EDGE_LOOP('',(#596,#605,#612,#619,#626,#633,#640,#647,#654,#661,
    #668,#675));
#596 = ORIENTED_EDGE('',*,*,#597,.F.);
#597 = EDGE_CURVE('',#598,#600,#602,.T.);
#598 = VERTEX_POINT('',#599);
#599 = CARTESIAN_POINT('',(1.406834287637,1.636697036118,0.8100001));
#600 = VERTEX_POINT('',#601);
#601 = CARTESIAN_POINT('',(1.406834287637,1.645971676731,0.8100001));
#602 = B_SPLINE_CURVE_WITH_KNOTS('',1,(#603,#604),.UNSPECIFIED.,.F.,.F.,
  (2,2),(-9.274640613514E-03,0.),.PIECEWISE_BEZIER_KNOTS.);
#603 = CARTESIAN_POINT('',(1.406834287637,1.636697036118,0.8100001));
#604 = CARTESIAN_POINT('',(1.406834287637,1.645971676731,0.8100001));
#605 = ORIENTED_EDGE('',*,*,#606,.F.);
#606 = EDGE_CURVE('',#607,#598,#609,.T.);
#607 = VERTEX_POINT('',#608);
#608 = CARTESIAN_POINT('',(1.363081274519,1.636697036118,0.8100001));
#609 = B_SPLINE_CURVE_WITH_KNOTS('',1,(#610,#611),.UNSPECIFIED.,.F.,.F.,
  (2,2),(-4.375301311838E-02,0.),.PIECEWISE_BEZIER_KNOTS.);
#610 = CARTESIAN_POINT('',(1.363081274519,1.636697036118,0.8100001));
#611 = CARTESIAN_POINT('',(1.406834287637,1.636697036118,0.8100001));
#612 = ORIENTED_EDGE('',*,*,#613,.F.);
#613 = EDGE_CURVE('',#614,#607,#616,.T.);
#614 = VERTEX_POINT('',#615);
#615 = CARTESIAN_POINT('',(1.363081274519,1.71804769549,0.8100001));
#616 = B_SPLINE_CURVE_WITH_KNOTS('',1,(#617,#618),.UNSPECIFIED.,.F.,.F.,
  (2,2),(-8.135065937253E-02,-0.),.PIECEWISE_BEZIER_KNOTS.);
#617 = CARTESIAN_POINT('',(1.363081274519,1.71804769549,0.8100001));
#618 = CARTESIAN_POINT('',(1.363081274519,1.636697036118,0.8100001));
#619 = ORIENTED_EDGE('',*,*,#620,.F.);
#620 = EDGE_CURVE('',#621,#614,#623,.T.);
#621 = VERTEX_POINT('',#622);
#622 = CARTESIAN_POINT('',(1.404983518546,1.71804769549,0.8100001));
#623 = B_SPLINE_CURVE_WITH_KNOTS('',1,(#624,#625),.UNSPECIFIED.,.F.,.F.,
  (2,2),(-4.190224402751E-02,-0.),.PIECEWISE_BEZIER_KNOTS.);
#624 = CARTESIAN_POINT('',(1.404983518546,1.71804769549,0.8100001));
#625 = CARTESIAN_POINT('',(1.363081274519,1.71804769549,0.8100001));
#626 = ORIENTED_EDGE('',*,*,#627,.F.);
#627 = EDGE_CURVE('',#628,#621,#630,.T.);
#628 = VERTEX_POINT('',#629);
#629 = CARTESIAN_POINT('',(1.404983518546,1.708689874244,0.8100001));
#630 = B_SPLINE_CURVE_WITH_KNOTS('',1,(#631,#632),.UNSPECIFIED.,.F.,.F.,
  (2,2),(-9.357821246724E-03,0.),.PIECEWISE_BEZIER_KNOTS.);
#631 = CARTESIAN_POINT('',(1.404983518546,1.708689874244,0.8100001));
#632 = CARTESIAN_POINT('',(1.404983518546,1.71804769549,0.8100001));
#633 = ORIENTED_EDGE('',*,*,#634,.F.);
#634 = EDGE_CURVE('',#635,#628,#637,.T.);
#635 = VERTEX_POINT('',#636);
#636 = CARTESIAN_POINT('',(1.373582829474,1.708689874244,0.8100001));
#637 = B_SPLINE_CURVE_WITH_KNOTS('',1,(#638,#639),.UNSPECIFIED.,.F.,.F.,
  (2,2),(-3.140068907276E-02,0.),.PIECEWISE_BEZIER_KNOTS.);
#638 = CARTESIAN_POINT('',(1.373582829474,1.708689874244,0.8100001));
#639 = CARTESIAN_POINT('',(1.404983518546,1.708689874244,0.8100001));
#640 = ORIENTED_EDGE('',*,*,#641,.F.);
#641 = EDGE_CURVE('',#642,#635,#644,.T.);
#642 = VERTEX_POINT('',#643);
#643 = CARTESIAN_POINT('',(1.373582829474,1.682654336019,0.8100001));
#644 = B_SPLINE_CURVE_WITH_KNOTS('',1,(#645,#646),.UNSPECIFIED.,.F.,.F.,
  (2,2),(-2.603553822485E-02,0.),.PIECEWISE_BEZIER_KNOTS.);
#645 = CARTESIAN_POINT('',(1.373582829474,1.682654336019,0.8100001));
#646 = CARTESIAN_POINT('',(1.373582829474,1.708689874244,0.8100001));
#647 = ORIENTED_EDGE('',*,*,#648,.F.);
#648 = EDGE_CURVE('',#649,#642,#651,.T.);
#649 = VERTEX_POINT('',#650);
#650 = CARTESIAN_POINT('',(1.402675255972,1.682654336019,0.8100001));
#651 = B_SPLINE_CURVE_WITH_KNOTS('',1,(#652,#653),.UNSPECIFIED.,.F.,.F.,
  (2,2),(-2.909242649839E-02,-0.),.PIECEWISE_BEZIER_KNOTS.);
#652 = CARTESIAN_POINT('',(1.402675255972,1.682654336019,0.8100001));
#653 = CARTESIAN_POINT('',(1.373582829474,1.682654336019,0.8100001));
#654 = ORIENTED_EDGE('',*,*,#655,.F.);
#655 = EDGE_CURVE('',#656,#649,#658,.T.);
#656 = VERTEX_POINT('',#657);
#657 = CARTESIAN_POINT('',(1.402675255972,1.673338105089,0.8100001));
#658 = B_SPLINE_CURVE_WITH_KNOTS('',1,(#659,#660),.UNSPECIFIED.,.F.,.F.,
  (2,2),(-9.316230930119E-03,0.),.PIECEWISE_BEZIER_KNOTS.);
#659 = CARTESIAN_POINT('',(1.402675255972,1.673338105089,0.8100001));
#660 = CARTESIAN_POINT('',(1.402675255972,1.682654336019,0.8100001));
#661 = ORIENTED_EDGE('',*,*,#662,.F.);
#662 = EDGE_CURVE('',#663,#656,#665,.T.);
#663 = VERTEX_POINT('',#664);
#664 = CARTESIAN_POINT('',(1.373582829474,1.673338105089,0.8100001));
#665 = B_SPLINE_CURVE_WITH_KNOTS('',1,(#666,#667),.UNSPECIFIED.,.F.,.F.,
  (2,2),(-2.909242649839E-02,0.),.PIECEWISE_BEZIER_KNOTS.);
#666 = CARTESIAN_POINT('',(1.373582829474,1.673338105089,0.8100001));
#667 = CARTESIAN_POINT('',(1.402675255972,1.673338105089,0.8100001));
#668 = ORIENTED_EDGE('',*,*,#669,.F.);
#669 = EDGE_CURVE('',#670,#663,#672,.T.);
#670 = VERTEX_POINT('',#671);
#671 = CARTESIAN_POINT('',(1.373582829474,1.645971676731,0.8100001));
#672 = B_SPLINE_CURVE_WITH_KNOTS('',1,(#673,#674),.UNSPECIFIED.,.F.,.F.,
  (2,2),(-2.736642835733E-02,0.),.PIECEWISE_BEZIER_KNOTS.);
#673 = CARTESIAN_POINT('',(1.373582829474,1.645971676731,0.8100001));
#674 = CARTESIAN_POINT('',(1.373582829474,1.673338105089,0.8100001));
#675 = ORIENTED_EDGE('',*,*,#676,.F.);
#676 = EDGE_CURVE('',#600,#670,#677,.T.);
#677 = B_SPLINE_CURVE_WITH_KNOTS('',1,(#678,#679),.UNSPECIFIED.,.F.,.F.,
  (2,2),(-3.325145816363E-02,-0.),.PIECEWISE_BEZIER_KNOTS.);
#678 = CARTESIAN_POINT('',(1.406834287637,1.645971676731,0.8100001));
#679 = CARTESIAN_POINT('',(1.373582829474,1.645971676731,0.8100001));
#680 = FACE_BOUND('',#681,.T.);
#681 = EDGE_LOOP('',(#682,#691,#698,#705,#714,#723,#732));
#682 = ORIENTED_EDGE('',*,*,#683,.F.);
#683 = EDGE_CURVE('',#684,#686,#688,.T.);
#684 = VERTEX_POINT('',#685);
#685 = CARTESIAN_POINT('',(1.422201909641,1.636697036118,0.8100001));
#686 = VERTEX_POINT('',#687);
#687 = CARTESIAN_POINT('',(1.4445775,1.636697036118,0.8100001));
#688 = B_SPLINE_CURVE_WITH_KNOTS('',1,(#689,#690),.UNSPECIFIED.,.F.,.F.,
  (2,2),(-2.237559035915E-02,0.),.PIECEWISE_BEZIER_KNOTS.);
#689 = CARTESIAN_POINT('',(1.422201909641,1.636697036118,0.8100001));
#690 = CARTESIAN_POINT('',(1.4445775,1.636697036118,0.8100001));
#691 = ORIENTED_EDGE('',*,*,#692,.F.);
#692 = EDGE_CURVE('',#693,#684,#695,.T.);
#693 = VERTEX_POINT('',#694);
#694 = CARTESIAN_POINT('',(1.422201909641,1.71804769549,0.8100001));
#695 = B_SPLINE_CURVE_WITH_KNOTS('',1,(#696,#697),.UNSPECIFIED.,.F.,.F.,
  (2,2),(-8.135065937253E-02,-0.),.PIECEWISE_BEZIER_KNOTS.);
#696 = CARTESIAN_POINT('',(1.422201909641,1.71804769549,0.8100001));
#697 = CARTESIAN_POINT('',(1.422201909641,1.636697036118,0.8100001));
#698 = ORIENTED_EDGE('',*,*,#699,.F.);
#699 = EDGE_CURVE('',#700,#693,#702,.T.);
#700 = VERTEX_POINT('',#701);
#701 = CARTESIAN_POINT('',(1.445409306333,1.71804769549,0.8100001));
#702 = B_SPLINE_CURVE_WITH_KNOTS('',1,(#703,#704),.UNSPECIFIED.,.F.,.F.,
  (2,2),(-2.320739669236E-02,-0.),.PIECEWISE_BEZIER_KNOTS.);
#703 = CARTESIAN_POINT('',(1.445409306333,1.71804769549,0.8100001));
#704 = CARTESIAN_POINT('',(1.422201909641,1.71804769549,0.8100001));
#705 = ORIENTED_EDGE('',*,*,#706,.F.);
#706 = EDGE_CURVE('',#707,#700,#709,.T.);
#707 = VERTEX_POINT('',#708);
#708 = CARTESIAN_POINT('',(1.476165345498,1.707275803477,0.8100001));
#709 = B_SPLINE_CURVE_WITH_KNOTS('',3,(#710,#711,#712,#713),
  .UNSPECIFIED.,.F.,.F.,(4,4),(2.,3.),.PIECEWISE_BEZIER_KNOTS.);
#710 = CARTESIAN_POINT('',(1.476165345498,1.707275803477,0.8100001));
#711 = CARTESIAN_POINT('',(1.467992848275,1.714470928258,0.8100001));
#712 = CARTESIAN_POINT('',(1.45774083522,1.71804769549,0.8100001));
#713 = CARTESIAN_POINT('',(1.445409306333,1.71804769549,0.8100001));
#714 = ORIENTED_EDGE('',*,*,#715,.F.);
#715 = EDGE_CURVE('',#716,#707,#718,.T.);
#716 = VERTEX_POINT('',#717);
#717 = CARTESIAN_POINT('',(1.48843448891,1.678412123721,0.8100001));
#718 = B_SPLINE_CURVE_WITH_KNOTS('',3,(#719,#720,#721,#722),
  .UNSPECIFIED.,.F.,.F.,(4,4),(3.,4.),.PIECEWISE_BEZIER_KNOTS.);
#719 = CARTESIAN_POINT('',(1.48843448891,1.678412123721,0.8100001));
#720 = CARTESIAN_POINT('',(1.48843448891,1.690473315549,0.8100001));
#721 = CARTESIAN_POINT('',(1.48433784272,1.700080678696,0.8100001));
#722 = CARTESIAN_POINT('',(1.476165345498,1.707275803477,0.8100001));
#723 = ORIENTED_EDGE('',*,*,#724,.F.);
#724 = EDGE_CURVE('',#725,#716,#727,.T.);
#725 = VERTEX_POINT('',#726);
#726 = CARTESIAN_POINT('',(1.476165345498,1.64809278288,0.8100001));
#727 = B_SPLINE_CURVE_WITH_KNOTS('',3,(#728,#729,#730,#731),
  .UNSPECIFIED.,.F.,.F.,(4,4),(4.,5.),.PIECEWISE_BEZIER_KNOTS.);
#728 = CARTESIAN_POINT('',(1.476165345498,1.64809278288,0.8100001));
#729 = CARTESIAN_POINT('',(1.48433784272,1.655703810828,0.8100001));
#730 = CARTESIAN_POINT('',(1.48843448891,1.665810257775,0.8100001));
#731 = CARTESIAN_POINT('',(1.48843448891,1.678412123721,0.8100001));
#732 = ORIENTED_EDGE('',*,*,#733,.F.);
#733 = EDGE_CURVE('',#686,#725,#734,.T.);
#734 = B_SPLINE_CURVE_WITH_KNOTS('',3,(#735,#736,#737,#738),
  .UNSPECIFIED.,.F.,.F.,(4,4),(5.,6.),.PIECEWISE_BEZIER_KNOTS.);
#735 = CARTESIAN_POINT('',(1.4445775,1.636697036118,0.8100001));
#736 = CARTESIAN_POINT('',(1.457449703004,1.636697036118,0.8100001));
#737 = CARTESIAN_POINT('',(1.467992848275,1.640481754933,0.8100001));
#738 = CARTESIAN_POINT('',(1.476165345498,1.64809278288,0.8100001));
#739 = FACE_BOUND('',#740,.T.);
#740 = EDGE_LOOP('',(#741,#750,#757,#764,#771,#778,#785,#792));
#741 = ORIENTED_EDGE('',*,*,#742,.F.);
#742 = EDGE_CURVE('',#743,#745,#747,.T.);
#743 = VERTEX_POINT('',#744);
#744 = CARTESIAN_POINT('',(1.566145995576,1.636697036118,0.8100001));
#745 = VERTEX_POINT('',#746);
#746 = CARTESIAN_POINT('',(1.535161209669,1.71804769549,0.8100001));
#747 = B_SPLINE_CURVE_WITH_KNOTS('',1,(#748,#749),.UNSPECIFIED.,.F.,.F.,
  (2,2),(-8.705163259821E-02,0.),.PIECEWISE_BEZIER_KNOTS.);
#748 = CARTESIAN_POINT('',(1.566145995576,1.636697036118,0.8100001));
#749 = CARTESIAN_POINT('',(1.535161209669,1.71804769549,0.8100001));
#750 = ORIENTED_EDGE('',*,*,#751,.F.);
#751 = EDGE_CURVE('',#752,#743,#754,.T.);
#752 = VERTEX_POINT('',#753);
#753 = CARTESIAN_POINT('',(1.55454229723,1.636697036118,0.8100001));
#754 = B_SPLINE_CURVE_WITH_KNOTS('',1,(#755,#756),.UNSPECIFIED.,.F.,.F.,
  (2,2),(-1.160369834618E-02,0.),.PIECEWISE_BEZIER_KNOTS.);
#755 = CARTESIAN_POINT('',(1.55454229723,1.636697036118,0.8100001));
#756 = CARTESIAN_POINT('',(1.566145995576,1.636697036118,0.8100001));
#757 = ORIENTED_EDGE('',*,*,#758,.F.);
#758 = EDGE_CURVE('',#759,#752,#761,.T.);
#759 = VERTEX_POINT('',#760);
#760 = CARTESIAN_POINT('',(1.546245029057,1.658947855527,0.8100001));
#761 = B_SPLINE_CURVE_WITH_KNOTS('',1,(#762,#763),.UNSPECIFIED.,.F.,.F.,
  (2,2),(-2.374749720513E-02,0.),.PIECEWISE_BEZIER_KNOTS.);
#762 = CARTESIAN_POINT('',(1.546245029057,1.658947855527,0.8100001));
#763 = CARTESIAN_POINT('',(1.55454229723,1.636697036118,0.8100001));
#764 = ORIENTED_EDGE('',*,*,#765,.F.);
#765 = EDGE_CURVE('',#766,#759,#768,.T.);
#766 = VERTEX_POINT('',#767);
#767 = CARTESIAN_POINT('',(1.512369716144,1.658947855527,0.8100001));
#768 = B_SPLINE_CURVE_WITH_KNOTS('',1,(#769,#770),.UNSPECIFIED.,.F.,.F.,
  (2,2),(-3.387531291382E-02,2.22044604925E-16),
  .PIECEWISE_BEZIER_KNOTS.);
#769 = CARTESIAN_POINT('',(1.512369716144,1.658947855527,0.8100001));
#770 = CARTESIAN_POINT('',(1.546245029057,1.658947855527,0.8100001));
#771 = ORIENTED_EDGE('',*,*,#772,.F.);
#772 = EDGE_CURVE('',#773,#766,#775,.T.);
#773 = VERTEX_POINT('',#774);
#774 = CARTESIAN_POINT('',(1.504550736613,1.636697036118,0.8100001));
#775 = B_SPLINE_CURVE_WITH_KNOTS('',1,(#776,#777),.UNSPECIFIED.,.F.,.F.,
  (2,2),(-2.358464342083E-02,0.),.PIECEWISE_BEZIER_KNOTS.);
#776 = CARTESIAN_POINT('',(1.504550736613,1.636697036118,0.8100001));
#777 = CARTESIAN_POINT('',(1.512369716144,1.658947855527,0.8100001));
#778 = ORIENTED_EDGE('',*,*,#779,.F.);
#779 = EDGE_CURVE('',#780,#773,#782,.T.);
#780 = VERTEX_POINT('',#781);
#781 = CARTESIAN_POINT('',(1.492947038267,1.636697036118,0.8100001));
#782 = B_SPLINE_CURVE_WITH_KNOTS('',1,(#783,#784),.UNSPECIFIED.,.F.,.F.,
  (2,2),(-1.160369834563E-02,0.),.PIECEWISE_BEZIER_KNOTS.);
#783 = CARTESIAN_POINT('',(1.492947038267,1.636697036118,0.8100001));
#784 = CARTESIAN_POINT('',(1.504550736613,1.636697036118,0.8100001));
#785 = ORIENTED_EDGE('',*,*,#786,.F.);
#786 = EDGE_CURVE('',#787,#780,#789,.T.);
#787 = VERTEX_POINT('',#788);
#788 = CARTESIAN_POINT('',(1.523931824173,1.71804769549,0.8100001));
#789 = B_SPLINE_CURVE_WITH_KNOTS('',1,(#790,#791),.UNSPECIFIED.,.F.,.F.,
  (2,2),(-8.705163259801E-02,-0.),.PIECEWISE_BEZIER_KNOTS.);
#790 = CARTESIAN_POINT('',(1.523931824173,1.71804769549,0.8100001));
#791 = CARTESIAN_POINT('',(1.492947038267,1.636697036118,0.8100001));
#792 = ORIENTED_EDGE('',*,*,#793,.F.);
#793 = EDGE_CURVE('',#745,#787,#794,.T.);
#794 = B_SPLINE_CURVE_WITH_KNOTS('',1,(#795,#796),.UNSPECIFIED.,.F.,.F.,
  (2,2),(-1.122938549618E-02,0.),.PIECEWISE_BEZIER_KNOTS.);
#795 = CARTESIAN_POINT('',(1.535161209669,1.71804769549,0.8100001));
#796 = CARTESIAN_POINT('',(1.523931824173,1.71804769549,0.8100001));
#797 = FACE_BOUND('',#798,.T.);
#798 = EDGE_LOOP('',(#799,#810,#819,#828,#837,#846,#855,#864,#873,#882,
    #889,#898,#907,#916,#925,#934,#943,#952,#961,#970,#979));
#799 = ORIENTED_EDGE('',*,*,#800,.F.);
#800 = EDGE_CURVE('',#801,#803,#805,.T.);
#801 = VERTEX_POINT('',#802);
#802 = CARTESIAN_POINT('',(1.370421965408,1.514587866426,0.8100001));
#803 = VERTEX_POINT('',#804);
#804 = CARTESIAN_POINT('',(1.353661067797,1.520202559173,0.8100001));
#805 = B_SPLINE_CURVE_WITH_KNOTS('',3,(#806,#807,#808,#809),
  .UNSPECIFIED.,.F.,.F.,(4,4),(0.,1.),.PIECEWISE_BEZIER_KNOTS.);
#806 = CARTESIAN_POINT('',(1.370421965408,1.514587866426,0.8100001));
#807 = CARTESIAN_POINT('',(1.36443295981,1.514587866426,0.8100001));
#808 = CARTESIAN_POINT('',(1.358859857379,1.516459430675,0.8100001));
#809 = CARTESIAN_POINT('',(1.353661067797,1.520202559173,0.8100001));
#810 = ORIENTED_EDGE('',*,*,#811,.F.);
#811 = EDGE_CURVE('',#812,#801,#814,.T.);
#812 = VERTEX_POINT('',#813);
#813 = CARTESIAN_POINT('',(1.382441566921,1.522448436273,0.8100001));
#814 = B_SPLINE_CURVE_WITH_KNOTS('',3,(#815,#816,#817,#818),
  .UNSPECIFIED.,.F.,.F.,(4,4),(1.,2.),.PIECEWISE_BEZIER_KNOTS.);
#815 = CARTESIAN_POINT('',(1.382441566921,1.522448436273,0.8100001));
#816 = CARTESIAN_POINT('',(1.382441566921,1.517208056374,0.8100001));
#817 = CARTESIAN_POINT('',(1.378428101364,1.514587866426,0.8100001));
#818 = CARTESIAN_POINT('',(1.370421965408,1.514587866426,0.8100001));
#819 = ORIENTED_EDGE('',*,*,#820,.F.);
#820 = EDGE_CURVE('',#821,#812,#823,.T.);
#821 = VERTEX_POINT('',#822);
#822 = CARTESIAN_POINT('',(1.379821376971,1.527979948387,0.8100001));
#823 = B_SPLINE_CURVE_WITH_KNOTS('',3,(#824,#825,#826,#827),
  .UNSPECIFIED.,.F.,.F.,(4,4),(2.,3.),.PIECEWISE_BEZIER_KNOTS.);
#824 = CARTESIAN_POINT('',(1.379821376971,1.527979948387,0.8100001));
#825 = CARTESIAN_POINT('',(1.381568170271,1.526524287305,0.8100001));
#826 = CARTESIAN_POINT('',(1.382441566921,1.524694313372,0.8100001));
#827 = CARTESIAN_POINT('',(1.382441566921,1.522448436273,0.8100001));
#828 = ORIENTED_EDGE('',*,*,#829,.F.);
#829 = EDGE_CURVE('',#830,#821,#832,.T.);
#830 = VERTEX_POINT('',#831);
#831 = CARTESIAN_POINT('',(1.36915346075,1.533178737969,0.8100001));
#832 = B_SPLINE_CURVE_WITH_KNOTS('',3,(#833,#834,#835,#836),
  .UNSPECIFIED.,.F.,.F.,(4,4),(3.,4.),.PIECEWISE_BEZIER_KNOTS.);
#833 = CARTESIAN_POINT('',(1.36915346075,1.533178737969,0.8100001));
#834 = CARTESIAN_POINT('',(1.374518611598,1.53118240277,0.8100001));
#835 = CARTESIAN_POINT('',(1.378074583672,1.52943560947,0.8100001));
#836 = CARTESIAN_POINT('',(1.379821376971,1.527979948387,0.8100001));
#837 = ORIENTED_EDGE('',*,*,#838,.F.);
#838 = EDGE_CURVE('',#839,#830,#841,.T.);
#839 = VERTEX_POINT('',#840);
#840 = CARTESIAN_POINT('',(1.356613980279,1.54087294655,0.8100001));
#841 = B_SPLINE_CURVE_WITH_KNOTS('',3,(#842,#843,#844,#845),
  .UNSPECIFIED.,.F.,.F.,(4,4),(4.,5.),.PIECEWISE_BEZIER_KNOTS.);
#842 = CARTESIAN_POINT('',(1.356613980279,1.54087294655,0.8100001));
#843 = CARTESIAN_POINT('',(1.358527134845,1.538335937234,0.8100001));
#844 = CARTESIAN_POINT('',(1.362727756827,1.535757337601,0.8100001));
#845 = CARTESIAN_POINT('',(1.36915346075,1.533178737969,0.8100001));
#846 = ORIENTED_EDGE('',*,*,#847,.F.);
#847 = EDGE_CURVE('',#848,#839,#850,.T.);
#848 = VERTEX_POINT('',#849);
#849 = CARTESIAN_POINT('',(1.353723453272,1.55006440653,0.8100001));
#850 = B_SPLINE_CURVE_WITH_KNOTS('',3,(#851,#852,#853,#854),
  .UNSPECIFIED.,.F.,.F.,(4,4),(5.,6.),.PIECEWISE_BEZIER_KNOTS.);
#851 = CARTESIAN_POINT('',(1.353723453272,1.55006440653,0.8100001));
#852 = CARTESIAN_POINT('',(1.353723453272,1.546487639298,0.8100001));
#853 = CARTESIAN_POINT('',(1.354680030555,1.543409955866,0.8100001));
#854 = CARTESIAN_POINT('',(1.356613980279,1.54087294655,0.8100001));
#855 = ORIENTED_EDGE('',*,*,#856,.F.);
#856 = EDGE_CURVE('',#857,#848,#859,.T.);
#857 = VERTEX_POINT('',#858);
#858 = CARTESIAN_POINT('',(1.360253132986,1.562458320893,0.8100001));
#859 = B_SPLINE_CURVE_WITH_KNOTS('',3,(#860,#861,#862,#863),
  .UNSPECIFIED.,.F.,.F.,(4,4),(6.,7.),.PIECEWISE_BEZIER_KNOTS.);
#860 = CARTESIAN_POINT('',(1.360253132986,1.562458320893,0.8100001));
#861 = CARTESIAN_POINT('',(1.355906944896,1.559339047144,0.8100001));
#862 = CARTESIAN_POINT('',(1.353723453272,1.555221605795,0.8100001));
#863 = CARTESIAN_POINT('',(1.353723453272,1.55006440653,0.8100001));
#864 = ORIENTED_EDGE('',*,*,#865,.F.);
#865 = EDGE_CURVE('',#866,#857,#868,.T.);
#866 = VERTEX_POINT('',#867);
#867 = CARTESIAN_POINT('',(1.376348585531,1.567074846041,0.8100001));
#868 = B_SPLINE_CURVE_WITH_KNOTS('',3,(#869,#870,#871,#872),
  .UNSPECIFIED.,.F.,.F.,(4,4),(7.,8.),.PIECEWISE_BEZIER_KNOTS.);
#869 = CARTESIAN_POINT('',(1.376348585531,1.567074846041,0.8100001));
#870 = CARTESIAN_POINT('',(1.369985267083,1.567074846041,0.8100001));
#871 = CARTESIAN_POINT('',(1.364620116235,1.565536004325,0.8100001));
#872 = CARTESIAN_POINT('',(1.360253132986,1.562458320893,0.8100001));
#873 = ORIENTED_EDGE('',*,*,#874,.F.);
#874 = EDGE_CURVE('',#875,#866,#877,.T.);
#875 = VERTEX_POINT('',#876);
#876 = CARTESIAN_POINT('',(1.390114980343,1.564496246408,0.8100001));
#877 = B_SPLINE_CURVE_WITH_KNOTS('',3,(#878,#879,#880,#881),
  .UNSPECIFIED.,.F.,.F.,(4,4),(8.,9.),.PIECEWISE_BEZIER_KNOTS.);
#878 = CARTESIAN_POINT('',(1.390114980343,1.564496246408,0.8100001));
#879 = CARTESIAN_POINT('',(1.385872768044,1.566243039708,0.8100001));
#880 = CARTESIAN_POINT('',(1.381297833213,1.567074846041,0.8100001));
#881 = CARTESIAN_POINT('',(1.376348585531,1.567074846041,0.8100001));
#882 = ORIENTED_EDGE('',*,*,#883,.F.);
#883 = EDGE_CURVE('',#884,#875,#886,.T.);
#884 = VERTEX_POINT('',#885);
#885 = CARTESIAN_POINT('',(1.390114980343,1.554597751045,0.8100001));
#886 = B_SPLINE_CURVE_WITH_KNOTS('',1,(#887,#888),.UNSPECIFIED.,.F.,.F.,
  (2,2),(-9.898495363145E-03,-2.22044604925E-16),
  .PIECEWISE_BEZIER_KNOTS.);
#887 = CARTESIAN_POINT('',(1.390114980343,1.554597751045,0.8100001));
#888 = CARTESIAN_POINT('',(1.390114980343,1.564496246408,0.8100001));
#889 = ORIENTED_EDGE('',*,*,#890,.F.);
#890 = EDGE_CURVE('',#891,#884,#893,.T.);
#891 = VERTEX_POINT('',#892);
#892 = CARTESIAN_POINT('',(1.375350417931,1.558798373027,0.8100001));
#893 = B_SPLINE_CURVE_WITH_KNOTS('',3,(#894,#895,#896,#897),
  .UNSPECIFIED.,.F.,.F.,(4,4),(10.,11.),.PIECEWISE_BEZIER_KNOTS.);
#894 = CARTESIAN_POINT('',(1.375350417931,1.558798373027,0.8100001));
#895 = CARTESIAN_POINT('',(1.380861134888,1.558798373027,0.8100001));
#896 = CARTESIAN_POINT('',(1.385768792253,1.557384302261,0.8100001));
#897 = CARTESIAN_POINT('',(1.390114980343,1.554597751045,0.8100001));
#898 = ORIENTED_EDGE('',*,*,#899,.F.);
#899 = EDGE_CURVE('',#900,#891,#902,.T.);
#900 = VERTEX_POINT('',#901);
#901 = CARTESIAN_POINT('',(1.367323486817,1.556635676561,0.8100001));
#902 = B_SPLINE_CURVE_WITH_KNOTS('',3,(#903,#904,#905,#906),
  .UNSPECIFIED.,.F.,.F.,(4,4),(11.,12.),.PIECEWISE_BEZIER_KNOTS.);
#903 = CARTESIAN_POINT('',(1.367323486817,1.556635676561,0.8100001));
#904 = CARTESIAN_POINT('',(1.369382207492,1.558091337644,0.8100001));
#905 = CARTESIAN_POINT('',(1.372064782916,1.558798373027,0.8100001));
#906 = CARTESIAN_POINT('',(1.375350417931,1.558798373027,0.8100001));
#907 = ORIENTED_EDGE('',*,*,#908,.F.);
#908 = EDGE_CURVE('',#909,#900,#911,.T.);
#909 = VERTEX_POINT('',#910);
#910 = CARTESIAN_POINT('',(1.364225008227,1.550979393497,0.8100001));
#911 = B_SPLINE_CURVE_WITH_KNOTS('',3,(#912,#913,#914,#915),
  .UNSPECIFIED.,.F.,.F.,(4,4),(12.,13.),.PIECEWISE_BEZIER_KNOTS.);
#912 = CARTESIAN_POINT('',(1.364225008227,1.550979393497,0.8100001));
#913 = CARTESIAN_POINT('',(1.364225008227,1.553308451229,0.8100001));
#914 = CARTESIAN_POINT('',(1.365264766143,1.555221605795,0.8100001));
#915 = CARTESIAN_POINT('',(1.367323486817,1.556635676561,0.8100001));
#916 = ORIENTED_EDGE('',*,*,#917,.F.);
#917 = EDGE_CURVE('',#918,#909,#920,.T.);
#918 = VERTEX_POINT('',#919);
#919 = CARTESIAN_POINT('',(1.366450090168,1.545572652332,0.8100001));
#920 = B_SPLINE_CURVE_WITH_KNOTS('',3,(#921,#922,#923,#924),
  .UNSPECIFIED.,.F.,.F.,(4,4),(13.,14.),.PIECEWISE_BEZIER_KNOTS.);
#921 = CARTESIAN_POINT('',(1.366450090168,1.545572652332,0.8100001));
#922 = CARTESIAN_POINT('',(1.364973633926,1.546861952148,0.8100001));
#923 = CARTESIAN_POINT('',(1.364225008227,1.548650335764,0.8100001));
#924 = CARTESIAN_POINT('',(1.364225008227,1.550979393497,0.8100001));
#925 = ORIENTED_EDGE('',*,*,#926,.F.);
#926 = EDGE_CURVE('',#927,#918,#929,.T.);
#927 = VERTEX_POINT('',#928);
#928 = CARTESIAN_POINT('',(1.376348585531,1.540581814333,0.8100001));
#929 = B_SPLINE_CURVE_WITH_KNOTS('',3,(#930,#931,#932,#933),
  .UNSPECIFIED.,.F.,.F.,(4,4),(14.,15.),.PIECEWISE_BEZIER_KNOTS.);
#930 = CARTESIAN_POINT('',(1.376348585531,1.540581814333,0.8100001));
#931 = CARTESIAN_POINT('',(1.371232976583,1.542578149533,0.8100001));
#932 = CARTESIAN_POINT('',(1.367947341567,1.544241762199,0.8100001));
#933 = CARTESIAN_POINT('',(1.366450090168,1.545572652332,0.8100001));
#934 = ORIENTED_EDGE('',*,*,#935,.F.);
#935 = EDGE_CURVE('',#936,#927,#938,.T.);
#936 = VERTEX_POINT('',#937);
#937 = CARTESIAN_POINT('',(1.389491125593,1.533053967019,0.8100001));
#938 = B_SPLINE_CURVE_WITH_KNOTS('',3,(#939,#940,#941,#942),
  .UNSPECIFIED.,.F.,.F.,(4,4),(15.,16.),.PIECEWISE_BEZIER_KNOTS.);
#939 = CARTESIAN_POINT('',(1.389491125593,1.533053967019,0.8100001));
#940 = CARTESIAN_POINT('',(1.387203658177,1.535632566652,0.8100001));
#941 = CARTESIAN_POINT('',(1.382836674929,1.538169575967,0.8100001));
#942 = CARTESIAN_POINT('',(1.376348585531,1.540581814333,0.8100001));
#943 = ORIENTED_EDGE('',*,*,#944,.F.);
#944 = EDGE_CURVE('',#945,#936,#947,.T.);
#945 = VERTEX_POINT('',#946);
#946 = CARTESIAN_POINT('',(1.392901531559,1.523446603872,0.8100001));
#947 = B_SPLINE_CURVE_WITH_KNOTS('',3,(#948,#949,#950,#951),
  .UNSPECIFIED.,.F.,.F.,(4,4),(16.,17.),.PIECEWISE_BEZIER_KNOTS.);
#948 = CARTESIAN_POINT('',(1.392901531559,1.523446603872,0.8100001));
#949 = CARTESIAN_POINT('',(1.392901531559,1.527272913005,0.8100001));
#950 = CARTESIAN_POINT('',(1.391757797851,1.530475367387,0.8100001));
#951 = CARTESIAN_POINT('',(1.389491125593,1.533053967019,0.8100001));
#952 = ORIENTED_EDGE('',*,*,#953,.F.);
#953 = EDGE_CURVE('',#954,#945,#956,.T.);
#954 = VERTEX_POINT('',#955);
#955 = CARTESIAN_POINT('',(1.386351056686,1.510886328243,0.8100001));
#956 = B_SPLINE_CURVE_WITH_KNOTS('',3,(#957,#958,#959,#960),
  .UNSPECIFIED.,.F.,.F.,(4,4),(17.,18.),.PIECEWISE_BEZIER_KNOTS.);
#957 = CARTESIAN_POINT('',(1.386351056686,1.510886328243,0.8100001));
#958 = CARTESIAN_POINT('',(1.390718039934,1.513922421359,0.8100001));
#959 = CARTESIAN_POINT('',(1.392901531559,1.518123043341,0.8100001));
#960 = CARTESIAN_POINT('',(1.392901531559,1.523446603872,0.8100001));
#961 = ORIENTED_EDGE('',*,*,#962,.F.);
#962 = EDGE_CURVE('',#963,#954,#965,.T.);
#963 = VERTEX_POINT('',#964);
#964 = CARTESIAN_POINT('',(1.369423797808,1.506269803095,0.8100001));
#965 = B_SPLINE_CURVE_WITH_KNOTS('',3,(#966,#967,#968,#969),
  .UNSPECIFIED.,.F.,.F.,(4,4),(18.,19.),.PIECEWISE_BEZIER_KNOTS.);
#966 = CARTESIAN_POINT('',(1.369423797808,1.506269803095,0.8100001));
#967 = CARTESIAN_POINT('',(1.376348585531,1.506269803095,0.8100001));
#968 = CARTESIAN_POINT('',(1.382004868596,1.507808644811,0.8100001));
#969 = CARTESIAN_POINT('',(1.386351056686,1.510886328243,0.8100001));
#970 = ORIENTED_EDGE('',*,*,#971,.F.);
#971 = EDGE_CURVE('',#972,#963,#974,.T.);
#972 = VERTEX_POINT('',#973);
#973 = CARTESIAN_POINT('',(1.353661067797,1.509680209061,0.8100001));
#974 = B_SPLINE_CURVE_WITH_KNOTS('',3,(#975,#976,#977,#978),
  .UNSPECIFIED.,.F.,.F.,(4,4),(19.,20.),.PIECEWISE_BEZIER_KNOTS.);
#975 = CARTESIAN_POINT('',(1.353661067797,1.509680209061,0.8100001));
#976 = CARTESIAN_POINT('',(1.358152821995,1.507434331961,0.8100001));
#977 = CARTESIAN_POINT('',(1.363393201894,1.506269803095,0.8100001));
#978 = CARTESIAN_POINT('',(1.369423797808,1.506269803095,0.8100001));
#979 = ORIENTED_EDGE('',*,*,#980,.F.);
#980 = EDGE_CURVE('',#803,#972,#981,.T.);
#981 = B_SPLINE_CURVE_WITH_KNOTS('',1,(#982,#983),.UNSPECIFIED.,.F.,.F.,
  (2,2),(-1.052235011278E-02,-0.),.PIECEWISE_BEZIER_KNOTS.);
#982 = CARTESIAN_POINT('',(1.353661067797,1.520202559173,0.8100001));
#983 = CARTESIAN_POINT('',(1.353661067797,1.509680209061,0.8100001));
#984 = FACE_BOUND('',#985,.T.);
#985 = EDGE_LOOP('',(#986,#995,#1002,#1009,#1016,#1023,#1030,#1037,#1044
    ,#1051,#1058,#1065));
#986 = ORIENTED_EDGE('',*,*,#987,.F.);
#987 = EDGE_CURVE('',#988,#990,#992,.T.);
#988 = VERTEX_POINT('',#989);
#989 = CARTESIAN_POINT('',(1.508709768278,1.507642283545,0.8100001));
#990 = VERTEX_POINT('',#991);
#991 = CARTESIAN_POINT('',(1.508709768278,1.516916924158,0.8100001));
#992 = B_SPLINE_CURVE_WITH_KNOTS('',1,(#993,#994),.UNSPECIFIED.,.F.,.F.,
  (2,2),(-9.274640613515E-03,0.),.PIECEWISE_BEZIER_KNOTS.);
#993 = CARTESIAN_POINT('',(1.508709768278,1.507642283545,0.8100001));
#994 = CARTESIAN_POINT('',(1.508709768278,1.516916924158,0.8100001));
#995 = ORIENTED_EDGE('',*,*,#996,.F.);
#996 = EDGE_CURVE('',#997,#988,#999,.T.);
#997 = VERTEX_POINT('',#998);
#998 = CARTESIAN_POINT('',(1.46495675516,1.507642283545,0.8100001));
#999 = B_SPLINE_CURVE_WITH_KNOTS('',1,(#1000,#1001),.UNSPECIFIED.,.F.,
  .F.,(2,2),(-4.375301311866E-02,0.),.PIECEWISE_BEZIER_KNOTS.);
#1000 = CARTESIAN_POINT('',(1.46495675516,1.507642283545,0.8100001));
#1001 = CARTESIAN_POINT('',(1.508709768278,1.507642283545,0.8100001));
#1002 = ORIENTED_EDGE('',*,*,#1003,.F.);
#1003 = EDGE_CURVE('',#1004,#997,#1006,.T.);
#1004 = VERTEX_POINT('',#1005);
#1005 = CARTESIAN_POINT('',(1.46495675516,1.588992942917,0.8100001));
#1006 = B_SPLINE_CURVE_WITH_KNOTS('',1,(#1007,#1008),.UNSPECIFIED.,.F.,
  .F.,(2,2),(-8.135065937253E-02,-0.),.PIECEWISE_BEZIER_KNOTS.);
#1007 = CARTESIAN_POINT('',(1.46495675516,1.588992942917,0.8100001));
#1008 = CARTESIAN_POINT('',(1.46495675516,1.507642283545,0.8100001));
#1009 = ORIENTED_EDGE('',*,*,#1010,.F.);
#1010 = EDGE_CURVE('',#1011,#1004,#1013,.T.);
#1011 = VERTEX_POINT('',#1012);
#1012 = CARTESIAN_POINT('',(1.506858999187,1.588992942917,0.8100001));
#1013 = B_SPLINE_CURVE_WITH_KNOTS('',1,(#1014,#1015),.UNSPECIFIED.,.F.,
  .F.,(2,2),(-4.190224402751E-02,-0.),.PIECEWISE_BEZIER_KNOTS.);
#1014 = CARTESIAN_POINT('',(1.506858999187,1.588992942917,0.8100001));
#1015 = CARTESIAN_POINT('',(1.46495675516,1.588992942917,0.8100001));
#1016 = ORIENTED_EDGE('',*,*,#1017,.F.);
#1017 = EDGE_CURVE('',#1018,#1011,#1020,.T.);
#1018 = VERTEX_POINT('',#1019);
#1019 = CARTESIAN_POINT('',(1.506858999187,1.579635121671,0.8100001));
#1020 = B_SPLINE_CURVE_WITH_KNOTS('',1,(#1021,#1022),.UNSPECIFIED.,.F.,
  .F.,(2,2),(-9.357821246723E-03,0.),.PIECEWISE_BEZIER_KNOTS.);
#1021 = CARTESIAN_POINT('',(1.506858999187,1.579635121671,0.8100001));
#1022 = CARTESIAN_POINT('',(1.506858999187,1.588992942917,0.8100001));
#1023 = ORIENTED_EDGE('',*,*,#1024,.F.);
#1024 = EDGE_CURVE('',#1025,#1018,#1027,.T.);
#1025 = VERTEX_POINT('',#1026);
#1026 = CARTESIAN_POINT('',(1.475458310115,1.579635121671,0.8100001));
#1027 = B_SPLINE_CURVE_WITH_KNOTS('',1,(#1028,#1029),.UNSPECIFIED.,.F.,
  .F.,(2,2),(-3.140068907248E-02,0.),.PIECEWISE_BEZIER_KNOTS.);
#1028 = CARTESIAN_POINT('',(1.475458310115,1.579635121671,0.8100001));
#1029 = CARTESIAN_POINT('',(1.506858999187,1.579635121671,0.8100001));
#1030 = ORIENTED_EDGE('',*,*,#1031,.F.);
#1031 = EDGE_CURVE('',#1032,#1025,#1034,.T.);
#1032 = VERTEX_POINT('',#1033);
#1033 = CARTESIAN_POINT('',(1.475458310115,1.553599583446,0.8100001));
#1034 = B_SPLINE_CURVE_WITH_KNOTS('',1,(#1035,#1036),.UNSPECIFIED.,.F.,
  .F.,(2,2),(-2.603553822485E-02,0.),.PIECEWISE_BEZIER_KNOTS.);
#1035 = CARTESIAN_POINT('',(1.475458310115,1.553599583446,0.8100001));
#1036 = CARTESIAN_POINT('',(1.475458310115,1.579635121671,0.8100001));
#1037 = ORIENTED_EDGE('',*,*,#1038,.F.);
#1038 = EDGE_CURVE('',#1039,#1032,#1041,.T.);
#1039 = VERTEX_POINT('',#1040);
#1040 = CARTESIAN_POINT('',(1.504550736613,1.553599583446,0.8100001));
#1041 = B_SPLINE_CURVE_WITH_KNOTS('',1,(#1042,#1043),.UNSPECIFIED.,.F.,
  .F.,(2,2),(-2.909242649811E-02,-0.),.PIECEWISE_BEZIER_KNOTS.);
#1042 = CARTESIAN_POINT('',(1.504550736613,1.553599583446,0.8100001));
#1043 = CARTESIAN_POINT('',(1.475458310115,1.553599583446,0.8100001));
#1044 = ORIENTED_EDGE('',*,*,#1045,.F.);
#1045 = EDGE_CURVE('',#1046,#1039,#1048,.T.);
#1046 = VERTEX_POINT('',#1047);
#1047 = CARTESIAN_POINT('',(1.504550736613,1.544283352516,0.8100001));
#1048 = B_SPLINE_CURVE_WITH_KNOTS('',1,(#1049,#1050),.UNSPECIFIED.,.F.,
  .F.,(2,2),(-9.316230930119E-03,0.),.PIECEWISE_BEZIER_KNOTS.);
#1049 = CARTESIAN_POINT('',(1.504550736613,1.544283352516,0.8100001));
#1050 = CARTESIAN_POINT('',(1.504550736613,1.553599583446,0.8100001));
#1051 = ORIENTED_EDGE('',*,*,#1052,.F.);
#1052 = EDGE_CURVE('',#1053,#1046,#1055,.T.);
#1053 = VERTEX_POINT('',#1054);
#1054 = CARTESIAN_POINT('',(1.475458310115,1.544283352516,0.8100001));
#1055 = B_SPLINE_CURVE_WITH_KNOTS('',1,(#1056,#1057),.UNSPECIFIED.,.F.,
  .F.,(2,2),(-2.909242649811E-02,0.),.PIECEWISE_BEZIER_KNOTS.);
#1056 = CARTESIAN_POINT('',(1.475458310115,1.544283352516,0.8100001));
#1057 = CARTESIAN_POINT('',(1.504550736613,1.544283352516,0.8100001));
#1058 = ORIENTED_EDGE('',*,*,#1059,.F.);
#1059 = EDGE_CURVE('',#1060,#1053,#1062,.T.);
#1060 = VERTEX_POINT('',#1061);
#1061 = CARTESIAN_POINT('',(1.475458310115,1.516916924158,0.8100001));
#1062 = B_SPLINE_CURVE_WITH_KNOTS('',1,(#1063,#1064),.UNSPECIFIED.,.F.,
  .F.,(2,2),(-2.736642835733E-02,0.),.PIECEWISE_BEZIER_KNOTS.);
#1063 = CARTESIAN_POINT('',(1.475458310115,1.516916924158,0.8100001));
#1064 = CARTESIAN_POINT('',(1.475458310115,1.544283352516,0.8100001));
#1065 = ORIENTED_EDGE('',*,*,#1066,.F.);
#1066 = EDGE_CURVE('',#990,#1060,#1067,.T.);
#1067 = B_SPLINE_CURVE_WITH_KNOTS('',1,(#1068,#1069),.UNSPECIFIED.,.F.,
  .F.,(2,2),(-3.325145816363E-02,-0.),.PIECEWISE_BEZIER_KNOTS.);
#1068 = CARTESIAN_POINT('',(1.508709768278,1.516916924158,0.8100001));
#1069 = CARTESIAN_POINT('',(1.475458310115,1.516916924158,0.8100001));
#1070 = FACE_BOUND('',#1071,.T.);
#1071 = EDGE_LOOP('',(#1072,#1081,#1088,#1095,#1104,#1113,#1122));
#1072 = ORIENTED_EDGE('',*,*,#1073,.F.);
#1073 = EDGE_CURVE('',#1074,#1076,#1078,.T.);
#1074 = VERTEX_POINT('',#1075);
#1075 = CARTESIAN_POINT('',(1.524077390282,1.507642283545,0.8100001));
#1076 = VERTEX_POINT('',#1077);
#1077 = CARTESIAN_POINT('',(1.546452980641,1.507642283545,0.8100001));
#1078 = B_SPLINE_CURVE_WITH_KNOTS('',1,(#1079,#1080),.UNSPECIFIED.,.F.,
  .F.,(2,2),(-2.237559035915E-02,0.),.PIECEWISE_BEZIER_KNOTS.);
#1079 = CARTESIAN_POINT('',(1.524077390282,1.507642283545,0.8100001));
#1080 = CARTESIAN_POINT('',(1.546452980641,1.507642283545,0.8100001));
#1081 = ORIENTED_EDGE('',*,*,#1082,.F.);
#1082 = EDGE_CURVE('',#1083,#1074,#1085,.T.);
#1083 = VERTEX_POINT('',#1084);
#1084 = CARTESIAN_POINT('',(1.524077390282,1.588992942917,0.8100001));
#1085 = B_SPLINE_CURVE_WITH_KNOTS('',1,(#1086,#1087),.UNSPECIFIED.,.F.,
  .F.,(2,2),(-8.135065937253E-02,-0.),.PIECEWISE_BEZIER_KNOTS.);
#1086 = CARTESIAN_POINT('',(1.524077390282,1.588992942917,0.8100001));
#1087 = CARTESIAN_POINT('',(1.524077390282,1.507642283545,0.8100001));
#1088 = ORIENTED_EDGE('',*,*,#1089,.F.);
#1089 = EDGE_CURVE('',#1090,#1083,#1092,.T.);
#1090 = VERTEX_POINT('',#1091);
#1091 = CARTESIAN_POINT('',(1.547284786974,1.588992942917,0.8100001));
#1092 = B_SPLINE_CURVE_WITH_KNOTS('',1,(#1093,#1094),.UNSPECIFIED.,.F.,
  .F.,(2,2),(-2.320739669181E-02,-0.),.PIECEWISE_BEZIER_KNOTS.);
#1093 = CARTESIAN_POINT('',(1.547284786974,1.588992942917,0.8100001));
#1094 = CARTESIAN_POINT('',(1.524077390282,1.588992942917,0.8100001));
#1095 = ORIENTED_EDGE('',*,*,#1096,.F.);
#1096 = EDGE_CURVE('',#1097,#1090,#1099,.T.);
#1097 = VERTEX_POINT('',#1098);
#1098 = CARTESIAN_POINT('',(1.578040826138,1.578221050904,0.8100001));
#1099 = B_SPLINE_CURVE_WITH_KNOTS('',3,(#1100,#1101,#1102,#1103),
  .UNSPECIFIED.,.F.,.F.,(4,4),(2.,3.),.PIECEWISE_BEZIER_KNOTS.);
#1100 = CARTESIAN_POINT('',(1.578040826138,1.578221050904,0.8100001));
#1101 = CARTESIAN_POINT('',(1.569868328916,1.585416175685,0.8100001));
#1102 = CARTESIAN_POINT('',(1.559616315861,1.588992942917,0.8100001));
#1103 = CARTESIAN_POINT('',(1.547284786974,1.588992942917,0.8100001));
#1104 = ORIENTED_EDGE('',*,*,#1105,.F.);
#1105 = EDGE_CURVE('',#1106,#1097,#1108,.T.);
#1106 = VERTEX_POINT('',#1107);
#1107 = CARTESIAN_POINT('',(1.590309969551,1.549357371147,0.8100001));
#1108 = B_SPLINE_CURVE_WITH_KNOTS('',3,(#1109,#1110,#1111,#1112),
  .UNSPECIFIED.,.F.,.F.,(4,4),(3.,4.),.PIECEWISE_BEZIER_KNOTS.);
#1109 = CARTESIAN_POINT('',(1.590309969551,1.549357371147,0.8100001));
#1110 = CARTESIAN_POINT('',(1.590309969551,1.561418562976,0.8100001));
#1111 = CARTESIAN_POINT('',(1.586213323361,1.571025926123,0.8100001));
#1112 = CARTESIAN_POINT('',(1.578040826138,1.578221050904,0.8100001));
#1113 = ORIENTED_EDGE('',*,*,#1114,.F.);
#1114 = EDGE_CURVE('',#1115,#1106,#1117,.T.);
#1115 = VERTEX_POINT('',#1116);
#1116 = CARTESIAN_POINT('',(1.578040826138,1.519038030307,0.8100001));
#1117 = B_SPLINE_CURVE_WITH_KNOTS('',3,(#1118,#1119,#1120,#1121),
  .UNSPECIFIED.,.F.,.F.,(4,4),(4.,5.),.PIECEWISE_BEZIER_KNOTS.);
#1118 = CARTESIAN_POINT('',(1.578040826138,1.519038030307,0.8100001));
#1119 = CARTESIAN_POINT('',(1.586213323361,1.526649058255,0.8100001));
#1120 = CARTESIAN_POINT('',(1.590309969551,1.536755505201,0.8100001));
#1121 = CARTESIAN_POINT('',(1.590309969551,1.549357371147,0.8100001));
#1122 = ORIENTED_EDGE('',*,*,#1123,.F.);
#1123 = EDGE_CURVE('',#1076,#1115,#1124,.T.);
#1124 = B_SPLINE_CURVE_WITH_KNOTS('',3,(#1125,#1126,#1127,#1128),
  .UNSPECIFIED.,.F.,.F.,(4,4),(5.,6.),.PIECEWISE_BEZIER_KNOTS.);
#1125 = CARTESIAN_POINT('',(1.546452980641,1.507642283545,0.8100001));
#1126 = CARTESIAN_POINT('',(1.559325183645,1.507642283545,0.8100001));
#1127 = CARTESIAN_POINT('',(1.569868328916,1.51142700236,0.8100001));
#1128 = CARTESIAN_POINT('',(1.578040826138,1.519038030307,0.8100001));
#1129 = FACE_BOUND('',#1130,.T.);
#1130 = EDGE_LOOP('',(#1131,#1140,#1147,#1154,#1161,#1168,#1175,#1182));
#1131 = ORIENTED_EDGE('',*,*,#1132,.F.);
#1132 = EDGE_CURVE('',#1133,#1135,#1137,.T.);
#1133 = VERTEX_POINT('',#1134);
#1134 = CARTESIAN_POINT('',(1.668021476216,1.507642283545,0.8100001));
#1135 = VERTEX_POINT('',#1136);
#1136 = CARTESIAN_POINT('',(1.63703669031,1.588992942917,0.8100001));
#1137 = B_SPLINE_CURVE_WITH_KNOTS('',1,(#1138,#1139),.UNSPECIFIED.,.F.,
  .F.,(2,2),(-8.705163259801E-02,0.),.PIECEWISE_BEZIER_KNOTS.);
#1138 = CARTESIAN_POINT('',(1.668021476216,1.507642283545,0.8100001));
#1139 = CARTESIAN_POINT('',(1.63703669031,1.588992942917,0.8100001));
#1140 = ORIENTED_EDGE('',*,*,#1141,.F.);
#1141 = EDGE_CURVE('',#1142,#1133,#1144,.T.);
#1142 = VERTEX_POINT('',#1143);
#1143 = CARTESIAN_POINT('',(1.656417777871,1.507642283545,0.8100001));
#1144 = B_SPLINE_CURVE_WITH_KNOTS('',1,(#1145,#1146),.UNSPECIFIED.,.F.,
  .F.,(2,2),(-1.160369834563E-02,0.),.PIECEWISE_BEZIER_KNOTS.);
#1145 = CARTESIAN_POINT('',(1.656417777871,1.507642283545,0.8100001));
#1146 = CARTESIAN_POINT('',(1.668021476216,1.507642283545,0.8100001));
#1147 = ORIENTED_EDGE('',*,*,#1148,.F.);
#1148 = EDGE_CURVE('',#1149,#1142,#1151,.T.);
#1149 = VERTEX_POINT('',#1150);
#1150 = CARTESIAN_POINT('',(1.648120509698,1.529893102953,0.8100001));
#1151 = B_SPLINE_CURVE_WITH_KNOTS('',1,(#1152,#1153),.UNSPECIFIED.,.F.,
  .F.,(2,2),(-2.374749720481E-02,0.),.PIECEWISE_BEZIER_KNOTS.);
#1152 = CARTESIAN_POINT('',(1.648120509698,1.529893102953,0.8100001));
#1153 = CARTESIAN_POINT('',(1.656417777871,1.507642283545,0.8100001));
#1154 = ORIENTED_EDGE('',*,*,#1155,.F.);
#1155 = EDGE_CURVE('',#1156,#1149,#1158,.T.);
#1156 = VERTEX_POINT('',#1157);
#1157 = CARTESIAN_POINT('',(1.614245196784,1.529893102953,0.8100001));
#1158 = B_SPLINE_CURVE_WITH_KNOTS('',1,(#1159,#1160),.UNSPECIFIED.,.F.,
  .F.,(2,2),(-3.387531291382E-02,4.440892098501E-16),
  .PIECEWISE_BEZIER_KNOTS.);
#1159 = CARTESIAN_POINT('',(1.614245196784,1.529893102953,0.8100001));
#1160 = CARTESIAN_POINT('',(1.648120509698,1.529893102953,0.8100001));
#1161 = ORIENTED_EDGE('',*,*,#1162,.F.);
#1162 = EDGE_CURVE('',#1163,#1156,#1165,.T.);
#1163 = VERTEX_POINT('',#1164);
#1164 = CARTESIAN_POINT('',(1.606426217253,1.507642283545,0.8100001));
#1165 = B_SPLINE_CURVE_WITH_KNOTS('',1,(#1166,#1167),.UNSPECIFIED.,.F.,
  .F.,(2,2),(-2.358464342031E-02,0.),.PIECEWISE_BEZIER_KNOTS.);
#1166 = CARTESIAN_POINT('',(1.606426217253,1.507642283545,0.8100001));
#1167 = CARTESIAN_POINT('',(1.614245196784,1.529893102953,0.8100001));
#1168 = ORIENTED_EDGE('',*,*,#1169,.F.);
#1169 = EDGE_CURVE('',#1170,#1163,#1172,.T.);
#1170 = VERTEX_POINT('',#1171);
#1171 = CARTESIAN_POINT('',(1.594822518907,1.507642283545,0.8100001));
#1172 = B_SPLINE_CURVE_WITH_KNOTS('',1,(#1173,#1174),.UNSPECIFIED.,.F.,
  .F.,(2,2),(-1.160369834618E-02,-2.22044604925E-16),
  .PIECEWISE_BEZIER_KNOTS.);
#1173 = CARTESIAN_POINT('',(1.594822518907,1.507642283545,0.8100001));
#1174 = CARTESIAN_POINT('',(1.606426217253,1.507642283545,0.8100001));
#1175 = ORIENTED_EDGE('',*,*,#1176,.F.);
#1176 = EDGE_CURVE('',#1177,#1170,#1179,.T.);
#1177 = VERTEX_POINT('',#1178);
#1178 = CARTESIAN_POINT('',(1.625807304814,1.588992942917,0.8100001));
#1179 = B_SPLINE_CURVE_WITH_KNOTS('',1,(#1180,#1181),.UNSPECIFIED.,.F.,
  .F.,(2,2),(-8.70516325982E-02,-0.),.PIECEWISE_BEZIER_KNOTS.);
#1180 = CARTESIAN_POINT('',(1.625807304814,1.588992942917,0.8100001));
#1181 = CARTESIAN_POINT('',(1.594822518907,1.507642283545,0.8100001));
#1182 = ORIENTED_EDGE('',*,*,#1183,.F.);
#1183 = EDGE_CURVE('',#1135,#1177,#1184,.T.);
#1184 = B_SPLINE_CURVE_WITH_KNOTS('',1,(#1185,#1186),.UNSPECIFIED.,.F.,
  .F.,(2,2),(-1.122938549674E-02,0.),.PIECEWISE_BEZIER_KNOTS.);
#1185 = CARTESIAN_POINT('',(1.63703669031,1.588992942917,0.8100001));
#1186 = CARTESIAN_POINT('',(1.625807304814,1.588992942917,0.8100001));
#1187 = FACE_BOUND('',#1188,.T.);
#1188 = EDGE_LOOP('',(#1189,#1200,#1209,#1218,#1225,#1234,#1243,#1252,
    #1259,#1268,#1277,#1286,#1295,#1304,#1313,#1322,#1331,#1340,#1349,
    #1356,#1363,#1370,#1379,#1388,#1397,#1406,#1415,#1424,#1433,#1442,
    #1451,#1460,#1469));
#1189 = ORIENTED_EDGE('',*,*,#1190,.F.);
#1190 = EDGE_CURVE('',#1191,#1193,#1195,.T.);
#1191 = VERTEX_POINT('',#1192);
#1192 = CARTESIAN_POINT('',(1.173037397734,1.58833542772,0.8100001));
#1193 = VERTEX_POINT('',#1194);
#1194 = CARTESIAN_POINT('',(1.115776319018,1.664105135601,0.8100001));
#1195 = B_SPLINE_CURVE_WITH_KNOTS('',3,(#1196,#1197,#1198,#1199),
  .UNSPECIFIED.,.F.,.F.,(4,4),(35.,36.),.PIECEWISE_BEZIER_KNOTS.);
#1196 = CARTESIAN_POINT('',(1.173037397734,1.58833542772,0.8100001));
#1197 = CARTESIAN_POINT('',(1.172459011691,1.62303909775,0.8100001));
#1198 = CARTESIAN_POINT('',(1.148744808855,1.653694032385,0.8100001));
#1199 = CARTESIAN_POINT('',(1.115776319018,1.664105135601,0.8100001));
#1200 = ORIENTED_EDGE('',*,*,#1201,.F.);
#1201 = EDGE_CURVE('',#1202,#1191,#1204,.T.);
#1202 = VERTEX_POINT('',#1203);
#1203 = CARTESIAN_POINT('',(1.151636783196,1.533387915238,0.8100001));
#1204 = B_SPLINE_CURVE_WITH_KNOTS('',3,(#1205,#1206,#1207,#1208),
  .UNSPECIFIED.,.F.,.F.,(4,4),(34.,35.),.PIECEWISE_BEZIER_KNOTS.);
#1205 = CARTESIAN_POINT('',(1.151636783196,1.533387915238,0.8100001));
#1206 = CARTESIAN_POINT('',(1.16551826886,1.548426172987,0.8100001));
#1207 = CARTESIAN_POINT('',(1.173037397734,1.568091607332,0.8100001));
#1208 = CARTESIAN_POINT('',(1.173037397734,1.58833542772,0.8100001));
#1209 = ORIENTED_EDGE('',*,*,#1210,.F.);
#1210 = EDGE_CURVE('',#1211,#1202,#1213,.T.);
#1211 = VERTEX_POINT('',#1212);
#1212 = CARTESIAN_POINT('',(1.099002859014,1.507360146168,0.8100001));
#1213 = B_SPLINE_CURVE_WITH_KNOTS('',3,(#1214,#1215,#1216,#1217),
  .UNSPECIFIED.,.F.,.F.,(4,4),(33.,34.),.PIECEWISE_BEZIER_KNOTS.);
#1214 = CARTESIAN_POINT('',(1.099002859014,1.507360146168,0.8100001));
#1215 = CARTESIAN_POINT('',(1.119246679401,1.50909532636,0.8100001));
#1216 = CARTESIAN_POINT('',(1.137755319598,1.51834965749,0.8100001));
#1217 = CARTESIAN_POINT('',(1.151636783196,1.533387915238,0.8100001));
#1218 = ORIENTED_EDGE('',*,*,#1219,.F.);
#1219 = EDGE_CURVE('',#1220,#1211,#1222,.T.);
#1220 = VERTEX_POINT('',#1221);
#1221 = CARTESIAN_POINT('',(1.064877575026,1.507360146168,0.8100001));
#1222 = B_SPLINE_CURVE_WITH_KNOTS('',1,(#1223,#1224),.UNSPECIFIED.,.F.,
  .F.,(2,2),(-3.239010379522E-02,1.735180192052E-03),
  .PIECEWISE_BEZIER_KNOTS.);
#1223 = CARTESIAN_POINT('',(1.064877575026,1.507360146168,0.8100001));
#1224 = CARTESIAN_POINT('',(1.099002859014,1.507360146168,0.8100001));
#1225 = ORIENTED_EDGE('',*,*,#1226,.F.);
#1226 = EDGE_CURVE('',#1227,#1220,#1229,.T.);
#1227 = VERTEX_POINT('',#1228);
#1228 = CARTESIAN_POINT('',(1.048104115022,1.525290378258,0.8100001));
#1229 = B_SPLINE_CURVE_WITH_KNOTS('',3,(#1230,#1231,#1232,#1233),
  .UNSPECIFIED.,.F.,.F.,(4,4),(28.,29.),.PIECEWISE_BEZIER_KNOTS.);
#1230 = CARTESIAN_POINT('',(1.048104115022,1.525290378258,0.8100001));
#1231 = CARTESIAN_POINT('',(1.048104115022,1.516036069191,0.8100001));
#1232 = CARTESIAN_POINT('',(1.055623243896,1.50793853221,0.8100001));
#1233 = CARTESIAN_POINT('',(1.064877575026,1.507360146168,0.8100001));
#1234 = ORIENTED_EDGE('',*,*,#1235,.F.);
#1235 = EDGE_CURVE('',#1236,#1227,#1238,.T.);
#1236 = VERTEX_POINT('',#1237);
#1237 = CARTESIAN_POINT('',(1.066034347112,1.543220610347,0.8100001));
#1238 = B_SPLINE_CURVE_WITH_KNOTS('',3,(#1239,#1240,#1241,#1242),
  .UNSPECIFIED.,.F.,.F.,(4,4),(27.,28.),.PIECEWISE_BEZIER_KNOTS.);
#1239 = CARTESIAN_POINT('',(1.066034347112,1.543220610347,0.8100001));
#1240 = CARTESIAN_POINT('',(1.056201629939,1.543220610347,0.8100001));
#1241 = CARTESIAN_POINT('',(1.048104115022,1.535123073366,0.8100001));
#1242 = CARTESIAN_POINT('',(1.048104115022,1.525290378258,0.8100001));
#1243 = ORIENTED_EDGE('',*,*,#1244,.F.);
#1244 = EDGE_CURVE('',#1245,#1236,#1247,.T.);
#1245 = VERTEX_POINT('',#1246);
#1246 = CARTESIAN_POINT('',(1.069504707495,1.542642224305,0.8100001));
#1247 = B_SPLINE_CURVE_WITH_KNOTS('',3,(#1248,#1249,#1250,#1251),
  .UNSPECIFIED.,.F.,.F.,(4,4),(26.,27.),.PIECEWISE_BEZIER_KNOTS.);
#1248 = CARTESIAN_POINT('',(1.069504707495,1.542642224305,0.8100001));
#1249 = CARTESIAN_POINT('',(1.068347913346,1.542642224305,0.8100001));
#1250 = CARTESIAN_POINT('',(1.067191119197,1.543220610347,0.8100001));
#1251 = CARTESIAN_POINT('',(1.066034347112,1.543220610347,0.8100001));
#1252 = ORIENTED_EDGE('',*,*,#1253,.F.);
#1253 = EDGE_CURVE('',#1254,#1245,#1256,.T.);
#1254 = VERTEX_POINT('',#1255);
#1255 = CARTESIAN_POINT('',(1.095532476566,1.542642224305,0.8100001));
#1256 = B_SPLINE_CURVE_WITH_KNOTS('',1,(#1257,#1258),.UNSPECIFIED.,.F.,
  .F.,(2,2),(0.,2.602776907033E-02),.PIECEWISE_BEZIER_KNOTS.);
#1257 = CARTESIAN_POINT('',(1.095532476566,1.542642224305,0.8100001));
#1258 = CARTESIAN_POINT('',(1.069504707495,1.542642224305,0.8100001));
#1259 = ORIENTED_EDGE('',*,*,#1260,.F.);
#1260 = EDGE_CURVE('',#1261,#1254,#1263,.T.);
#1261 = VERTEX_POINT('',#1262);
#1262 = CARTESIAN_POINT('',(1.137176911491,1.587757019614,0.8100001));
#1263 = B_SPLINE_CURVE_WITH_KNOTS('',3,(#1264,#1265,#1266,#1267),
  .UNSPECIFIED.,.F.,.F.,(4,4),(24.,25.),.PIECEWISE_BEZIER_KNOTS.);
#1264 = CARTESIAN_POINT('',(1.137176911491,1.587757019614,0.8100001));
#1265 = CARTESIAN_POINT('',(1.137176911491,1.564042827809,0.8100001));
#1266 = CARTESIAN_POINT('',(1.119246679401,1.544377404497,0.8100001));
#1267 = CARTESIAN_POINT('',(1.095532476566,1.542642224305,0.8100001));
#1268 = ORIENTED_EDGE('',*,*,#1269,.F.);
#1269 = EDGE_CURVE('',#1270,#1261,#1272,.T.);
#1270 = VERTEX_POINT('',#1271);
#1271 = CARTESIAN_POINT('',(1.092062116182,1.632871814923,0.8100001));
#1272 = B_SPLINE_CURVE_WITH_KNOTS('',3,(#1273,#1274,#1275,#1276),
  .UNSPECIFIED.,.F.,.F.,(4,4),(23.,24.),.PIECEWISE_BEZIER_KNOTS.);
#1273 = CARTESIAN_POINT('',(1.092062116182,1.632871814923,0.8100001));
#1274 = CARTESIAN_POINT('',(1.116933091103,1.632871814923,0.8100001));
#1275 = CARTESIAN_POINT('',(1.137176911491,1.612627994535,0.8100001));
#1276 = CARTESIAN_POINT('',(1.137176911491,1.587757019614,0.8100001));
#1277 = ORIENTED_EDGE('',*,*,#1278,.F.);
#1278 = EDGE_CURVE('',#1279,#1270,#1281,.T.);
#1279 = VERTEX_POINT('',#1280);
#1280 = CARTESIAN_POINT('',(1.087434961649,1.632871814923,0.8100001));
#1281 = B_SPLINE_CURVE_WITH_KNOTS('',3,(#1282,#1283,#1284,#1285),
  .UNSPECIFIED.,.F.,.F.,(4,4),(22.,23.),.PIECEWISE_BEZIER_KNOTS.);
#1282 = CARTESIAN_POINT('',(1.087434961649,1.632871814923,0.8100001));
#1283 = CARTESIAN_POINT('',(1.089170141841,1.632871814923,0.8100001));
#1284 = CARTESIAN_POINT('',(1.09032693599,1.632871814923,0.8100001));
#1285 = CARTESIAN_POINT('',(1.092062116182,1.632871814923,0.8100001));
#1286 = ORIENTED_EDGE('',*,*,#1287,.F.);
#1287 = EDGE_CURVE('',#1288,#1279,#1290,.T.);
#1288 = VERTEX_POINT('',#1289);
#1289 = CARTESIAN_POINT('',(1.006459680097,1.705171173451,0.8100001));
#1290 = B_SPLINE_CURVE_WITH_KNOTS('',3,(#1291,#1292,#1293,#1294),
  .UNSPECIFIED.,.F.,.F.,(4,4),(21.,22.),.PIECEWISE_BEZIER_KNOTS.);
#1291 = CARTESIAN_POINT('',(1.006459680097,1.705171173451,0.8100001));
#1292 = CARTESIAN_POINT('',(1.048104115022,1.705171173451,0.8100001));
#1293 = CARTESIAN_POINT('',(1.082807807116,1.673359455698,0.8100001));
#1294 = CARTESIAN_POINT('',(1.087434961649,1.632871814923,0.8100001));
#1295 = ORIENTED_EDGE('',*,*,#1296,.F.);
#1296 = EDGE_CURVE('',#1297,#1288,#1299,.T.);
#1297 = VERTEX_POINT('',#1298);
#1298 = CARTESIAN_POINT('',(0.928954780992,1.64964529699,0.8100001));
#1299 = B_SPLINE_CURVE_WITH_KNOTS('',3,(#1300,#1301,#1302,#1303),
  .UNSPECIFIED.,.F.,.F.,(4,4),(20.,21.),.PIECEWISE_BEZIER_KNOTS.);
#1300 = CARTESIAN_POINT('',(0.928954780992,1.64964529699,0.8100001));
#1301 = CARTESIAN_POINT('',(0.93994427025,1.682035378722,0.8100001));
#1302 = CARTESIAN_POINT('',(0.970020807811,1.705171173451,0.8100001));
#1303 = CARTESIAN_POINT('',(1.006459680097,1.705171173451,0.8100001));
#1304 = ORIENTED_EDGE('',*,*,#1305,.F.);
#1305 = EDGE_CURVE('',#1306,#1297,#1308,.T.);
#1306 = VERTEX_POINT('',#1307);
#1307 = CARTESIAN_POINT('',(0.898299857389,1.658321220014,0.8100001));
#1308 = B_SPLINE_CURVE_WITH_KNOTS('',3,(#1309,#1310,#1311,#1312),
  .UNSPECIFIED.,.F.,.F.,(4,4),(19.,20.),.PIECEWISE_BEZIER_KNOTS.);
#1309 = CARTESIAN_POINT('',(0.898299857389,1.658321220014,0.8100001));
#1310 = CARTESIAN_POINT('',(0.909289357679,1.658321220014,0.8100001));
#1311 = CARTESIAN_POINT('',(0.920278857969,1.654850848599,0.8100001));
#1312 = CARTESIAN_POINT('',(0.928954780992,1.64964529699,0.8100001));
#1313 = ORIENTED_EDGE('',*,*,#1314,.F.);
#1314 = EDGE_CURVE('',#1315,#1306,#1317,.T.);
#1315 = VERTEX_POINT('',#1316);
#1316 = CARTESIAN_POINT('',(0.840460370566,1.600481733191,0.8100001));
#1317 = B_SPLINE_CURVE_WITH_KNOTS('',3,(#1318,#1319,#1320,#1321),
  .UNSPECIFIED.,.F.,.F.,(4,4),(18.,19.),.PIECEWISE_BEZIER_KNOTS.);
#1318 = CARTESIAN_POINT('',(0.840460370566,1.600481733191,0.8100001));
#1319 = CARTESIAN_POINT('',(0.840460370566,1.632293450944,0.8100001));
#1320 = CARTESIAN_POINT('',(0.866488139636,1.658321220014,0.8100001));
#1321 = CARTESIAN_POINT('',(0.898299857389,1.658321220014,0.8100001));
#1322 = ORIENTED_EDGE('',*,*,#1323,.F.);
#1323 = EDGE_CURVE('',#1324,#1315,#1326,.T.);
#1324 = VERTEX_POINT('',#1325);
#1325 = CARTESIAN_POINT('',(0.87516406266,1.547269400902,0.8100001));
#1326 = B_SPLINE_CURVE_WITH_KNOTS('',3,(#1327,#1328,#1329,#1330),
  .UNSPECIFIED.,.F.,.F.,(4,4),(17.,18.),.PIECEWISE_BEZIER_KNOTS.);
#1327 = CARTESIAN_POINT('',(0.87516406266,1.547269400902,0.8100001));
#1328 = CARTESIAN_POINT('',(0.854920242272,1.556523720999,0.8100001));
#1329 = CARTESIAN_POINT('',(0.840460370566,1.576767541387,0.8100001));
#1330 = CARTESIAN_POINT('',(0.840460370566,1.600481733191,0.8100001));
#1331 = ORIENTED_EDGE('',*,*,#1332,.F.);
#1332 = EDGE_CURVE('',#1333,#1324,#1335,.T.);
#1333 = VERTEX_POINT('',#1334);
#1334 = CARTESIAN_POINT('',(0.929533178067,1.585443464411,0.8100001));
#1335 = B_SPLINE_CURVE_WITH_KNOTS('',3,(#1336,#1337,#1338,#1339),
  .UNSPECIFIED.,.F.,.F.,(4,4),(16.,17.),.PIECEWISE_BEZIER_KNOTS.);
#1336 = CARTESIAN_POINT('',(0.929533178067,1.585443464411,0.8100001));
#1337 = CARTESIAN_POINT('',(0.904662192114,1.585443464411,0.8100001));
#1338 = CARTESIAN_POINT('',(0.883261588609,1.569248412514,0.8100001));
#1339 = CARTESIAN_POINT('',(0.87516406266,1.547269400902,0.8100001));
#1340 = ORIENTED_EDGE('',*,*,#1341,.F.);
#1341 = EDGE_CURVE('',#1342,#1333,#1344,.T.);
#1342 = VERTEX_POINT('',#1343);
#1343 = CARTESIAN_POINT('',(0.972912793184,1.565778041098,0.8100001));
#1344 = B_SPLINE_CURVE_WITH_KNOTS('',3,(#1345,#1346,#1347,#1348),
  .UNSPECIFIED.,.F.,.F.,(4,4),(15.,16.),.PIECEWISE_BEZIER_KNOTS.);
#1345 = CARTESIAN_POINT('',(0.972912793184,1.565778041098,0.8100001));
#1346 = CARTESIAN_POINT('',(0.962501689969,1.577924335537,0.8100001));
#1347 = CARTESIAN_POINT('',(0.946885024114,1.585443464411,0.8100001));
#1348 = CARTESIAN_POINT('',(0.929533178067,1.585443464411,0.8100001));
#1349 = ORIENTED_EDGE('',*,*,#1350,.F.);
#1350 = EDGE_CURVE('',#1351,#1342,#1353,.T.);
#1351 = VERTEX_POINT('',#1352);
#1352 = CARTESIAN_POINT('',(1.05041770332,1.606265681873,0.8100001));
#1353 = B_SPLINE_CURVE_WITH_KNOTS('',1,(#1354,#1355),.UNSPECIFIED.,.F.,
  .F.,(2,2),(0.,8.744289651436E-02),.PIECEWISE_BEZIER_KNOTS.);
#1354 = CARTESIAN_POINT('',(1.05041770332,1.606265681873,0.8100001));
#1355 = CARTESIAN_POINT('',(0.972912793184,1.565778041098,0.8100001));
#1356 = ORIENTED_EDGE('',*,*,#1357,.F.);
#1357 = EDGE_CURVE('',#1358,#1351,#1360,.T.);
#1358 = VERTEX_POINT('',#1359);
#1359 = CARTESIAN_POINT('',(1.06834793541,1.575610747238,0.8100001));
#1360 = B_SPLINE_CURVE_WITH_KNOTS('',1,(#1361,#1362),.UNSPECIFIED.,.F.,
  .F.,(2,2),(3.03772741981E-16,3.551363456865E-02),
  .PIECEWISE_BEZIER_KNOTS.);
#1361 = CARTESIAN_POINT('',(1.06834793541,1.575610747238,0.8100001));
#1362 = CARTESIAN_POINT('',(1.05041770332,1.606265681873,0.8100001));
#1363 = ORIENTED_EDGE('',*,*,#1364,.F.);
#1364 = EDGE_CURVE('',#1365,#1358,#1367,.T.);
#1365 = VERTEX_POINT('',#1366);
#1366 = CARTESIAN_POINT('',(0.987372653858,1.532809529196,0.8100001));
#1367 = B_SPLINE_CURVE_WITH_KNOTS('',1,(#1368,#1369),.UNSPECIFIED.,.F.,
  .F.,(2,2),(0.,9.159115944431E-02),.PIECEWISE_BEZIER_KNOTS.);
#1368 = CARTESIAN_POINT('',(0.987372653858,1.532809529196,0.8100001));
#1369 = CARTESIAN_POINT('',(1.06834793541,1.575610747238,0.8100001));
#1370 = ORIENTED_EDGE('',*,*,#1371,.F.);
#1371 = EDGE_CURVE('',#1372,#1365,#1374,.T.);
#1372 = VERTEX_POINT('',#1373);
#1373 = CARTESIAN_POINT('',(0.987372653858,1.527025580513,0.8100001));
#1374 = B_SPLINE_CURVE_WITH_KNOTS('',3,(#1375,#1376,#1377,#1378),
  .UNSPECIFIED.,.F.,.F.,(4,4),(11.,12.),.PIECEWISE_BEZIER_KNOTS.);
#1375 = CARTESIAN_POINT('',(0.987372653858,1.527025580513,0.8100001));
#1376 = CARTESIAN_POINT('',(0.987372653858,1.528760760705,0.8100001));
#1377 = CARTESIAN_POINT('',(0.987372653858,1.530495940897,0.8100001));
#1378 = CARTESIAN_POINT('',(0.987372653858,1.532809529196,0.8100001));
#1379 = ORIENTED_EDGE('',*,*,#1380,.F.);
#1380 = EDGE_CURVE('',#1381,#1372,#1383,.T.);
#1381 = VERTEX_POINT('',#1382);
#1382 = CARTESIAN_POINT('',(0.929533167035,1.46918609369,0.8100001));
#1383 = B_SPLINE_CURVE_WITH_KNOTS('',3,(#1384,#1385,#1386,#1387),
  .UNSPECIFIED.,.F.,.F.,(4,4),(10.,11.),.PIECEWISE_BEZIER_KNOTS.);
#1384 = CARTESIAN_POINT('',(0.929533167035,1.46918609369,0.8100001));
#1385 = CARTESIAN_POINT('',(0.961344884787,1.46918609369,0.8100001));
#1386 = CARTESIAN_POINT('',(0.987372653858,1.49521386276,0.8100001));
#1387 = CARTESIAN_POINT('',(0.987372653858,1.527025580513,0.8100001));
#1388 = ORIENTED_EDGE('',*,*,#1389,.F.);
#1389 = EDGE_CURVE('',#1390,#1381,#1392,.T.);
#1390 = VERTEX_POINT('',#1391);
#1391 = CARTESIAN_POINT('',(0.874585649037,1.508516940317,0.8100001));
#1392 = B_SPLINE_CURVE_WITH_KNOTS('',3,(#1393,#1394,#1395,#1396),
  .UNSPECIFIED.,.F.,.F.,(4,4),(9.,10.),.PIECEWISE_BEZIER_KNOTS.);
#1393 = CARTESIAN_POINT('',(0.874585649037,1.508516940317,0.8100001));
#1394 = CARTESIAN_POINT('',(0.882104783427,1.485381145588,0.8100001));
#1395 = CARTESIAN_POINT('',(0.904083784007,1.46918609369,0.8100001));
#1396 = CARTESIAN_POINT('',(0.929533167035,1.46918609369,0.8100001));
#1397 = ORIENTED_EDGE('',*,*,#1398,.F.);
#1398 = EDGE_CURVE('',#1399,#1390,#1401,.T.);
#1399 = VERTEX_POINT('',#1400);
#1400 = CARTESIAN_POINT('',(0.828314059579,1.536279889579,0.8100001));
#1401 = B_SPLINE_CURVE_WITH_KNOTS('',3,(#1402,#1403,#1404,#1405),
  .UNSPECIFIED.,.F.,.F.,(4,4),(8.,9.),.PIECEWISE_BEZIER_KNOTS.);
#1402 = CARTESIAN_POINT('',(0.828314059579,1.536279889579,0.8100001));
#1403 = CARTESIAN_POINT('',(0.841038745577,1.522398403916,0.8100001));
#1404 = CARTESIAN_POINT('',(0.856655411432,1.51314409485,0.8100001));
#1405 = CARTESIAN_POINT('',(0.874585649037,1.508516940317,0.8100001));
#1406 = ORIENTED_EDGE('',*,*,#1407,.F.);
#1407 = EDGE_CURVE('',#1408,#1399,#1410,.T.);
#1408 = VERTEX_POINT('',#1409);
#1409 = CARTESIAN_POINT('',(0.804021476216,1.599324916978,0.8100001));
#1410 = B_SPLINE_CURVE_WITH_KNOTS('',3,(#1411,#1412,#1413,#1414),
  .UNSPECIFIED.,.F.,.F.,(4,4),(7.,8.),.PIECEWISE_BEZIER_KNOTS.);
#1411 = CARTESIAN_POINT('',(0.804021476216,1.599324916978,0.8100001));
#1412 = CARTESIAN_POINT('',(0.804021476216,1.576189122249,0.8100001));
#1413 = CARTESIAN_POINT('',(0.81269739924,1.553631713562,0.8100001));
#1414 = CARTESIAN_POINT('',(0.828314059579,1.536279889579,0.8100001));
#1415 = ORIENTED_EDGE('',*,*,#1416,.F.);
#1416 = EDGE_CURVE('',#1417,#1408,#1419,.T.);
#1417 = VERTEX_POINT('',#1418);
#1418 = CARTESIAN_POINT('',(0.831206050468,1.665261924234,0.8100001));
#1419 = B_SPLINE_CURVE_WITH_KNOTS('',3,(#1420,#1421,#1422,#1423),
  .UNSPECIFIED.,.F.,.F.,(4,4),(6.,7.),.PIECEWISE_BEZIER_KNOTS.);
#1420 = CARTESIAN_POINT('',(0.831206050468,1.665261924234,0.8100001));
#1421 = CARTESIAN_POINT('',(0.813854189252,1.647910083703,0.8100001));
#1422 = CARTESIAN_POINT('',(0.804021476216,1.624195891899,0.8100001));
#1423 = CARTESIAN_POINT('',(0.804021476216,1.599324916978,0.8100001));
#1424 = ORIENTED_EDGE('',*,*,#1425,.F.);
#1425 = EDGE_CURVE('',#1426,#1417,#1428,.T.);
#1426 = VERTEX_POINT('',#1427);
#1427 = CARTESIAN_POINT('',(0.897721460314,1.693024879012,0.8100001));
#1428 = B_SPLINE_CURVE_WITH_KNOTS('',3,(#1429,#1430,#1431,#1432),
  .UNSPECIFIED.,.F.,.F.,(4,4),(5.,6.),.PIECEWISE_BEZIER_KNOTS.);
#1429 = CARTESIAN_POINT('',(0.897721460314,1.693024879012,0.8100001));
#1430 = CARTESIAN_POINT('',(0.872850479877,1.693024879012,0.8100001));
#1431 = CARTESIAN_POINT('',(0.849136293589,1.683192167356,0.8100001));
#1432 = CARTESIAN_POINT('',(0.831206050468,1.665261924234,0.8100001));
#1433 = ORIENTED_EDGE('',*,*,#1434,.F.);
#1434 = EDGE_CURVE('',#1435,#1426,#1437,.T.);
#1435 = VERTEX_POINT('',#1436);
#1436 = CARTESIAN_POINT('',(0.911024537871,1.691868090379,0.8100001));
#1437 = B_SPLINE_CURVE_WITH_KNOTS('',3,(#1438,#1439,#1440,#1441),
  .UNSPECIFIED.,.F.,.F.,(4,4),(4.,5.),.PIECEWISE_BEZIER_KNOTS.);
#1438 = CARTESIAN_POINT('',(0.911024537871,1.691868090379,0.8100001));
#1439 = CARTESIAN_POINT('',(0.906397383338,1.692446487453,0.8100001));
#1440 = CARTESIAN_POINT('',(0.902348614847,1.693024879012,0.8100001));
#1441 = CARTESIAN_POINT('',(0.897721460314,1.693024879012,0.8100001));
#1442 = ORIENTED_EDGE('',*,*,#1443,.F.);
#1443 = EDGE_CURVE('',#1444,#1435,#1446,.T.);
#1444 = VERTEX_POINT('',#1445);
#1445 = CARTESIAN_POINT('',(0.936473909866,1.717317465132,0.8100001));
#1446 = B_SPLINE_CURVE_WITH_KNOTS('',3,(#1447,#1448,#1449,#1450),
  .UNSPECIFIED.,.F.,.F.,(4,4),(3.,4.),.PIECEWISE_BEZIER_KNOTS.);
#1447 = CARTESIAN_POINT('',(0.936473909866,1.717317465132,0.8100001));
#1448 = CARTESIAN_POINT('',(0.926641192694,1.710376725059,0.8100001));
#1449 = CARTESIAN_POINT('',(0.918543666745,1.701700802036,0.8100001));
#1450 = CARTESIAN_POINT('',(0.911024537871,1.691868090379,0.8100001));
#1451 = ORIENTED_EDGE('',*,*,#1452,.F.);
#1452 = EDGE_CURVE('',#1453,#1444,#1455,.T.);
#1453 = VERTEX_POINT('',#1454);
#1454 = CARTESIAN_POINT('',(1.005881294054,1.739874865545,0.8100001));
#1455 = B_SPLINE_CURVE_WITH_KNOTS('',3,(#1456,#1457,#1458,#1459),
  .UNSPECIFIED.,.F.,.F.,(4,4),(2.,3.),.PIECEWISE_BEZIER_KNOTS.);
#1456 = CARTESIAN_POINT('',(1.005881294054,1.739874865545,0.8100001));
#1457 = CARTESIAN_POINT('',(0.980431922058,1.739874865545,0.8100001));
#1458 = CARTESIAN_POINT('',(0.956717730255,1.731777337528,0.8100001));
#1459 = CARTESIAN_POINT('',(0.936473909866,1.717317465132,0.8100001));
#1460 = ORIENTED_EDGE('',*,*,#1461,.F.);
#1461 = EDGE_CURVE('',#1462,#1453,#1464,.T.);
#1462 = VERTEX_POINT('',#1463);
#1463 = CARTESIAN_POINT('',(1.084542987308,1.709798330742,0.8100001));
#1464 = B_SPLINE_CURVE_WITH_KNOTS('',3,(#1465,#1466,#1467,#1468),
  .UNSPECIFIED.,.F.,.F.,(4,4),(1.,2.),.PIECEWISE_BEZIER_KNOTS.);
#1465 = CARTESIAN_POINT('',(1.084542987308,1.709798330742,0.8100001));
#1466 = CARTESIAN_POINT('',(1.062563986728,1.728885363187,0.8100001));
#1467 = CARTESIAN_POINT('',(1.034801037465,1.739874865545,0.8100001));
#1468 = CARTESIAN_POINT('',(1.005881294054,1.739874865545,0.8100001));
#1469 = ORIENTED_EDGE('',*,*,#1470,.F.);
#1470 = EDGE_CURVE('',#1193,#1462,#1471,.T.);
#1471 = B_SPLINE_CURVE_WITH_KNOTS('',3,(#1472,#1473,#1474,#1475),
  .UNSPECIFIED.,.F.,.F.,(4,4),(0.,1.),.PIECEWISE_BEZIER_KNOTS.);
#1472 = CARTESIAN_POINT('',(1.115776319018,1.664105135601,0.8100001));
#1473 = CARTESIAN_POINT('',(1.109413984293,1.681456981647,0.8100001));
#1474 = CARTESIAN_POINT('',(1.098424472971,1.697073641986,0.8100001));
#1475 = CARTESIAN_POINT('',(1.084542987308,1.709798330742,0.8100001));
#1476 = B_SPLINE_SURFACE_WITH_KNOTS('',1,1,(
    (#1477,#1478)
    ,(#1479,#1480
    )),.UNSPECIFIED.,.F.,.F.,.F.,(2,2),(2,2),(-2.,2.),(-2.,2.),
  .PIECEWISE_BEZIER_KNOTS.);
#1477 = CARTESIAN_POINT('',(2.,-2.,0.8100001));
#1478 = CARTESIAN_POINT('',(2.,2.,0.8100001));
#1479 = CARTESIAN_POINT('',(-2.,-2.,0.8100001));
#1480 = CARTESIAN_POINT('',(-2.,2.,0.8100001));
#1481 = ADVANCED_FACE('',(#1482),#2408,.T.);
#1482 = FACE_BOUND('',#1483,.T.);
#1483 = EDGE_LOOP('',(#1484,#1493,#1500,#1507,#1514,#1521,#1528,#1535,
    #1542,#1549,#1556,#1563,#1570,#1577,#1584,#1591,#1598,#1605,#1612,
    #1619,#1626,#1633,#1640,#1647,#1654,#1661,#1668,#1675,#1682,#1689,
    #1696,#1703,#1710,#1717,#1724,#1731,#1738,#1745,#1752,#1759,#1766,
    #1773,#1780,#1787,#1794,#1801,#1808,#1815,#1822,#1829,#1836,#1843,
    #1850,#1857,#1864,#1871,#1878,#1885,#1892,#1899,#1906,#1913,#1920,
    #1927,#1934,#1941,#1948,#1955,#1962,#1969,#1976,#1983,#1990,#1997,
    #2004,#2011,#2018,#2025,#2032,#2039,#2046,#2053,#2060,#2067,#2074,
    #2081,#2088,#2095,#2102,#2109,#2116,#2123,#2130,#2137,#2144,#2151,
    #2158,#2165,#2172,#2179,#2186,#2193,#2200,#2207,#2214,#2221,#2228,
    #2235,#2242,#2249,#2256,#2263,#2270,#2277,#2284,#2291,#2298,#2305,
    #2312,#2319,#2326,#2333,#2340,#2347,#2354,#2361,#2368,#2375,#2382,
    #2389,#2396,#2403));
#1484 = ORIENTED_EDGE('',*,*,#1485,.F.);
#1485 = EDGE_CURVE('',#1486,#1488,#1490,.T.);
#1486 = VERTEX_POINT('',#1487);
#1487 = CARTESIAN_POINT('',(-2.,-1.5,1.00001E-02));
#1488 = VERTEX_POINT('',#1489);
#1489 = CARTESIAN_POINT('',(-2.,-2.,1.00001E-02));
#1490 = B_SPLINE_CURVE_WITH_KNOTS('',1,(#1491,#1492),.UNSPECIFIED.,.F.,
  .F.,(2,2),(-0.5,-0.),.PIECEWISE_BEZIER_KNOTS.);
#1491 = CARTESIAN_POINT('',(-2.,-1.5,1.00001E-02));
#1492 = CARTESIAN_POINT('',(-2.,-2.,1.00001E-02));
#1493 = ORIENTED_EDGE('',*,*,#1494,.T.);
#1494 = EDGE_CURVE('',#1486,#1495,#1497,.T.);
#1495 = VERTEX_POINT('',#1496);
#1496 = CARTESIAN_POINT('',(-1.61,-1.5,1.00001E-02));
#1497 = B_SPLINE_CURVE_WITH_KNOTS('',1,(#1498,#1499),.UNSPECIFIED.,.F.,
  .F.,(2,2),(-2.,-1.61),.PIECEWISE_BEZIER_KNOTS.);
#1498 = CARTESIAN_POINT('',(-2.,-1.5,1.00001E-02));
#1499 = CARTESIAN_POINT('',(-1.61,-1.5,1.00001E-02));
#1500 = ORIENTED_EDGE('',*,*,#1501,.T.);
#1501 = EDGE_CURVE('',#1495,#1502,#1504,.T.);
#1502 = VERTEX_POINT('',#1503);
#1503 = CARTESIAN_POINT('',(-1.61,-1.3,1.00001E-02));
#1504 = B_SPLINE_CURVE_WITH_KNOTS('',1,(#1505,#1506),.UNSPECIFIED.,.F.,
  .F.,(2,2),(-1.5,-1.3),.PIECEWISE_BEZIER_KNOTS.);
#1505 = CARTESIAN_POINT('',(-1.61,-1.5,1.00001E-02));
#1506 = CARTESIAN_POINT('',(-1.61,-1.3,1.00001E-02));
#1507 = ORIENTED_EDGE('',*,*,#1508,.T.);
#1508 = EDGE_CURVE('',#1502,#1509,#1511,.T.);
#1509 = VERTEX_POINT('',#1510);
#1510 = CARTESIAN_POINT('',(-2.,-1.3,1.00001E-02));
#1511 = B_SPLINE_CURVE_WITH_KNOTS('',1,(#1512,#1513),.UNSPECIFIED.,.F.,
  .F.,(2,2),(1.61,2.),.PIECEWISE_BEZIER_KNOTS.);
#1512 = CARTESIAN_POINT('',(-1.61,-1.3,1.00001E-02));
#1513 = CARTESIAN_POINT('',(-2.,-1.3,1.00001E-02));
#1514 = ORIENTED_EDGE('',*,*,#1515,.F.);
#1515 = EDGE_CURVE('',#1516,#1509,#1518,.T.);
#1516 = VERTEX_POINT('',#1517);
#1517 = CARTESIAN_POINT('',(-2.,-1.1,1.00001E-02));
#1518 = B_SPLINE_CURVE_WITH_KNOTS('',1,(#1519,#1520),.UNSPECIFIED.,.F.,
  .F.,(2,2),(-0.9,-0.7),.PIECEWISE_BEZIER_KNOTS.);
#1519 = CARTESIAN_POINT('',(-2.,-1.1,1.00001E-02));
#1520 = CARTESIAN_POINT('',(-2.,-1.3,1.00001E-02));
#1521 = ORIENTED_EDGE('',*,*,#1522,.T.);
#1522 = EDGE_CURVE('',#1516,#1523,#1525,.T.);
#1523 = VERTEX_POINT('',#1524);
#1524 = CARTESIAN_POINT('',(-1.61,-1.1,1.00001E-02));
#1525 = B_SPLINE_CURVE_WITH_KNOTS('',1,(#1526,#1527),.UNSPECIFIED.,.F.,
  .F.,(2,2),(-2.,-1.61),.PIECEWISE_BEZIER_KNOTS.);
#1526 = CARTESIAN_POINT('',(-2.,-1.1,1.00001E-02));
#1527 = CARTESIAN_POINT('',(-1.61,-1.1,1.00001E-02));
#1528 = ORIENTED_EDGE('',*,*,#1529,.T.);
#1529 = EDGE_CURVE('',#1523,#1530,#1532,.T.);
#1530 = VERTEX_POINT('',#1531);
#1531 = CARTESIAN_POINT('',(-1.61,-0.9,1.00001E-02));
#1532 = B_SPLINE_CURVE_WITH_KNOTS('',1,(#1533,#1534),.UNSPECIFIED.,.F.,
  .F.,(2,2),(-1.1,-0.9),.PIECEWISE_BEZIER_KNOTS.);
#1533 = CARTESIAN_POINT('',(-1.61,-1.1,1.00001E-02));
#1534 = CARTESIAN_POINT('',(-1.61,-0.9,1.00001E-02));
#1535 = ORIENTED_EDGE('',*,*,#1536,.T.);
#1536 = EDGE_CURVE('',#1530,#1537,#1539,.T.);
#1537 = VERTEX_POINT('',#1538);
#1538 = CARTESIAN_POINT('',(-2.,-0.9,1.00001E-02));
#1539 = B_SPLINE_CURVE_WITH_KNOTS('',1,(#1540,#1541),.UNSPECIFIED.,.F.,
  .F.,(2,2),(1.61,2.),.PIECEWISE_BEZIER_KNOTS.);
#1540 = CARTESIAN_POINT('',(-1.61,-0.9,1.00001E-02));
#1541 = CARTESIAN_POINT('',(-2.,-0.9,1.00001E-02));
#1542 = ORIENTED_EDGE('',*,*,#1543,.F.);
#1543 = EDGE_CURVE('',#1544,#1537,#1546,.T.);
#1544 = VERTEX_POINT('',#1545);
#1545 = CARTESIAN_POINT('',(-2.,-0.7,1.00001E-02));
#1546 = B_SPLINE_CURVE_WITH_KNOTS('',1,(#1547,#1548),.UNSPECIFIED.,.F.,
  .F.,(2,2),(-1.3,-1.1),.PIECEWISE_BEZIER_KNOTS.);
#1547 = CARTESIAN_POINT('',(-2.,-0.7,1.00001E-02));
#1548 = CARTESIAN_POINT('',(-2.,-0.9,1.00001E-02));
#1549 = ORIENTED_EDGE('',*,*,#1550,.T.);
#1550 = EDGE_CURVE('',#1544,#1551,#1553,.T.);
#1551 = VERTEX_POINT('',#1552);
#1552 = CARTESIAN_POINT('',(-1.61,-0.7,1.00001E-02));
#1553 = B_SPLINE_CURVE_WITH_KNOTS('',1,(#1554,#1555),.UNSPECIFIED.,.F.,
  .F.,(2,2),(-2.,-1.61),.PIECEWISE_BEZIER_KNOTS.);
#1554 = CARTESIAN_POINT('',(-2.,-0.7,1.00001E-02));
#1555 = CARTESIAN_POINT('',(-1.61,-0.7,1.00001E-02));
#1556 = ORIENTED_EDGE('',*,*,#1557,.T.);
#1557 = EDGE_CURVE('',#1551,#1558,#1560,.T.);
#1558 = VERTEX_POINT('',#1559);
#1559 = CARTESIAN_POINT('',(-1.61,-0.5,1.00001E-02));
#1560 = B_SPLINE_CURVE_WITH_KNOTS('',1,(#1561,#1562),.UNSPECIFIED.,.F.,
  .F.,(2,2),(-0.7,-0.5),.PIECEWISE_BEZIER_KNOTS.);
#1561 = CARTESIAN_POINT('',(-1.61,-0.7,1.00001E-02));
#1562 = CARTESIAN_POINT('',(-1.61,-0.5,1.00001E-02));
#1563 = ORIENTED_EDGE('',*,*,#1564,.T.);
#1564 = EDGE_CURVE('',#1558,#1565,#1567,.T.);
#1565 = VERTEX_POINT('',#1566);
#1566 = CARTESIAN_POINT('',(-2.,-0.5,1.00001E-02));
#1567 = B_SPLINE_CURVE_WITH_KNOTS('',1,(#1568,#1569),.UNSPECIFIED.,.F.,
  .F.,(2,2),(1.61,2.),.PIECEWISE_BEZIER_KNOTS.);
#1568 = CARTESIAN_POINT('',(-1.61,-0.5,1.00001E-02));
#1569 = CARTESIAN_POINT('',(-2.,-0.5,1.00001E-02));
#1570 = ORIENTED_EDGE('',*,*,#1571,.F.);
#1571 = EDGE_CURVE('',#1572,#1565,#1574,.T.);
#1572 = VERTEX_POINT('',#1573);
#1573 = CARTESIAN_POINT('',(-2.,-0.3,1.00001E-02));
#1574 = B_SPLINE_CURVE_WITH_KNOTS('',1,(#1575,#1576),.UNSPECIFIED.,.F.,
  .F.,(2,2),(-1.7,-1.5),.PIECEWISE_BEZIER_KNOTS.);
#1575 = CARTESIAN_POINT('',(-2.,-0.3,1.00001E-02));
#1576 = CARTESIAN_POINT('',(-2.,-0.5,1.00001E-02));
#1577 = ORIENTED_EDGE('',*,*,#1578,.T.);
#1578 = EDGE_CURVE('',#1572,#1579,#1581,.T.);
#1579 = VERTEX_POINT('',#1580);
#1580 = CARTESIAN_POINT('',(-1.61,-0.3,1.00001E-02));
#1581 = B_SPLINE_CURVE_WITH_KNOTS('',1,(#1582,#1583),.UNSPECIFIED.,.F.,
  .F.,(2,2),(-2.,-1.61),.PIECEWISE_BEZIER_KNOTS.);
#1582 = CARTESIAN_POINT('',(-2.,-0.3,1.00001E-02));
#1583 = CARTESIAN_POINT('',(-1.61,-0.3,1.00001E-02));
#1584 = ORIENTED_EDGE('',*,*,#1585,.T.);
#1585 = EDGE_CURVE('',#1579,#1586,#1588,.T.);
#1586 = VERTEX_POINT('',#1587);
#1587 = CARTESIAN_POINT('',(-1.61,-0.1,1.00001E-02));
#1588 = B_SPLINE_CURVE_WITH_KNOTS('',1,(#1589,#1590),.UNSPECIFIED.,.F.,
  .F.,(2,2),(-0.3,-1.E-01),.PIECEWISE_BEZIER_KNOTS.);
#1589 = CARTESIAN_POINT('',(-1.61,-0.3,1.00001E-02));
#1590 = CARTESIAN_POINT('',(-1.61,-0.1,1.00001E-02));
#1591 = ORIENTED_EDGE('',*,*,#1592,.T.);
#1592 = EDGE_CURVE('',#1586,#1593,#1595,.T.);
#1593 = VERTEX_POINT('',#1594);
#1594 = CARTESIAN_POINT('',(-2.,-0.1,1.00001E-02));
#1595 = B_SPLINE_CURVE_WITH_KNOTS('',1,(#1596,#1597),.UNSPECIFIED.,.F.,
  .F.,(2,2),(1.61,2.),.PIECEWISE_BEZIER_KNOTS.);
#1596 = CARTESIAN_POINT('',(-1.61,-0.1,1.00001E-02));
#1597 = CARTESIAN_POINT('',(-2.,-0.1,1.00001E-02));
#1598 = ORIENTED_EDGE('',*,*,#1599,.F.);
#1599 = EDGE_CURVE('',#1600,#1593,#1602,.T.);
#1600 = VERTEX_POINT('',#1601);
#1601 = CARTESIAN_POINT('',(-2.,9.999999999998E-02,1.00001E-02));
#1602 = B_SPLINE_CURVE_WITH_KNOTS('',1,(#1603,#1604),.UNSPECIFIED.,.F.,
  .F.,(2,2),(-2.1,-1.9),.PIECEWISE_BEZIER_KNOTS.);
#1603 = CARTESIAN_POINT('',(-2.,9.999999999998E-02,1.00001E-02));
#1604 = CARTESIAN_POINT('',(-2.,-0.1,1.00001E-02));
#1605 = ORIENTED_EDGE('',*,*,#1606,.T.);
#1606 = EDGE_CURVE('',#1600,#1607,#1609,.T.);
#1607 = VERTEX_POINT('',#1608);
#1608 = CARTESIAN_POINT('',(-1.61,9.999999999998E-02,1.00001E-02));
#1609 = B_SPLINE_CURVE_WITH_KNOTS('',1,(#1610,#1611),.UNSPECIFIED.,.F.,
  .F.,(2,2),(-2.,-1.61),.PIECEWISE_BEZIER_KNOTS.);
#1610 = CARTESIAN_POINT('',(-2.,9.999999999998E-02,1.00001E-02));
#1611 = CARTESIAN_POINT('',(-1.61,9.999999999998E-02,1.00001E-02));
#1612 = ORIENTED_EDGE('',*,*,#1613,.T.);
#1613 = EDGE_CURVE('',#1607,#1614,#1616,.T.);
#1614 = VERTEX_POINT('',#1615);
#1615 = CARTESIAN_POINT('',(-1.61,0.3,1.00001E-02));
#1616 = B_SPLINE_CURVE_WITH_KNOTS('',1,(#1617,#1618),.UNSPECIFIED.,.F.,
  .F.,(2,2),(0.1,0.3),.PIECEWISE_BEZIER_KNOTS.);
#1617 = CARTESIAN_POINT('',(-1.61,9.999999999998E-02,1.00001E-02));
#1618 = CARTESIAN_POINT('',(-1.61,0.3,1.00001E-02));
#1619 = ORIENTED_EDGE('',*,*,#1620,.T.);
#1620 = EDGE_CURVE('',#1614,#1621,#1623,.T.);
#1621 = VERTEX_POINT('',#1622);
#1622 = CARTESIAN_POINT('',(-2.,0.3,1.00001E-02));
#1623 = B_SPLINE_CURVE_WITH_KNOTS('',1,(#1624,#1625),.UNSPECIFIED.,.F.,
  .F.,(2,2),(1.61,2.),.PIECEWISE_BEZIER_KNOTS.);
#1624 = CARTESIAN_POINT('',(-1.61,0.3,1.00001E-02));
#1625 = CARTESIAN_POINT('',(-2.,0.3,1.00001E-02));
#1626 = ORIENTED_EDGE('',*,*,#1627,.F.);
#1627 = EDGE_CURVE('',#1628,#1621,#1630,.T.);
#1628 = VERTEX_POINT('',#1629);
#1629 = CARTESIAN_POINT('',(-2.,0.5,1.00001E-02));
#1630 = B_SPLINE_CURVE_WITH_KNOTS('',1,(#1631,#1632),.UNSPECIFIED.,.F.,
  .F.,(2,2),(-2.5,-2.3),.PIECEWISE_BEZIER_KNOTS.);
#1631 = CARTESIAN_POINT('',(-2.,0.5,1.00001E-02));
#1632 = CARTESIAN_POINT('',(-2.,0.3,1.00001E-02));
#1633 = ORIENTED_EDGE('',*,*,#1634,.T.);
#1634 = EDGE_CURVE('',#1628,#1635,#1637,.T.);
#1635 = VERTEX_POINT('',#1636);
#1636 = CARTESIAN_POINT('',(-1.61,0.5,1.00001E-02));
#1637 = B_SPLINE_CURVE_WITH_KNOTS('',1,(#1638,#1639),.UNSPECIFIED.,.F.,
  .F.,(2,2),(-2.,-1.61),.PIECEWISE_BEZIER_KNOTS.);
#1638 = CARTESIAN_POINT('',(-2.,0.5,1.00001E-02));
#1639 = CARTESIAN_POINT('',(-1.61,0.5,1.00001E-02));
#1640 = ORIENTED_EDGE('',*,*,#1641,.T.);
#1641 = EDGE_CURVE('',#1635,#1642,#1644,.T.);
#1642 = VERTEX_POINT('',#1643);
#1643 = CARTESIAN_POINT('',(-1.61,0.7,1.00001E-02));
#1644 = B_SPLINE_CURVE_WITH_KNOTS('',1,(#1645,#1646),.UNSPECIFIED.,.F.,
  .F.,(2,2),(0.5,0.7),.PIECEWISE_BEZIER_KNOTS.);
#1645 = CARTESIAN_POINT('',(-1.61,0.5,1.00001E-02));
#1646 = CARTESIAN_POINT('',(-1.61,0.7,1.00001E-02));
#1647 = ORIENTED_EDGE('',*,*,#1648,.T.);
#1648 = EDGE_CURVE('',#1642,#1649,#1651,.T.);
#1649 = VERTEX_POINT('',#1650);
#1650 = CARTESIAN_POINT('',(-2.,0.7,1.00001E-02));
#1651 = B_SPLINE_CURVE_WITH_KNOTS('',1,(#1652,#1653),.UNSPECIFIED.,.F.,
  .F.,(2,2),(1.61,2.),.PIECEWISE_BEZIER_KNOTS.);
#1652 = CARTESIAN_POINT('',(-1.61,0.7,1.00001E-02));
#1653 = CARTESIAN_POINT('',(-2.,0.7,1.00001E-02));
#1654 = ORIENTED_EDGE('',*,*,#1655,.F.);
#1655 = EDGE_CURVE('',#1656,#1649,#1658,.T.);
#1656 = VERTEX_POINT('',#1657);
#1657 = CARTESIAN_POINT('',(-2.,0.9,1.00001E-02));
#1658 = B_SPLINE_CURVE_WITH_KNOTS('',1,(#1659,#1660),.UNSPECIFIED.,.F.,
  .F.,(2,2),(-2.9,-2.7),.PIECEWISE_BEZIER_KNOTS.);
#1659 = CARTESIAN_POINT('',(-2.,0.9,1.00001E-02));
#1660 = CARTESIAN_POINT('',(-2.,0.7,1.00001E-02));
#1661 = ORIENTED_EDGE('',*,*,#1662,.T.);
#1662 = EDGE_CURVE('',#1656,#1663,#1665,.T.);
#1663 = VERTEX_POINT('',#1664);
#1664 = CARTESIAN_POINT('',(-1.61,0.9,1.00001E-02));
#1665 = B_SPLINE_CURVE_WITH_KNOTS('',1,(#1666,#1667),.UNSPECIFIED.,.F.,
  .F.,(2,2),(-2.,-1.61),.PIECEWISE_BEZIER_KNOTS.);
#1666 = CARTESIAN_POINT('',(-2.,0.9,1.00001E-02));
#1667 = CARTESIAN_POINT('',(-1.61,0.9,1.00001E-02));
#1668 = ORIENTED_EDGE('',*,*,#1669,.T.);
#1669 = EDGE_CURVE('',#1663,#1670,#1672,.T.);
#1670 = VERTEX_POINT('',#1671);
#1671 = CARTESIAN_POINT('',(-1.61,1.1,1.00001E-02));
#1672 = B_SPLINE_CURVE_WITH_KNOTS('',1,(#1673,#1674),.UNSPECIFIED.,.F.,
  .F.,(2,2),(0.9,1.1),.PIECEWISE_BEZIER_KNOTS.);
#1673 = CARTESIAN_POINT('',(-1.61,0.9,1.00001E-02));
#1674 = CARTESIAN_POINT('',(-1.61,1.1,1.00001E-02));
#1675 = ORIENTED_EDGE('',*,*,#1676,.T.);
#1676 = EDGE_CURVE('',#1670,#1677,#1679,.T.);
#1677 = VERTEX_POINT('',#1678);
#1678 = CARTESIAN_POINT('',(-2.,1.1,1.00001E-02));
#1679 = B_SPLINE_CURVE_WITH_KNOTS('',1,(#1680,#1681),.UNSPECIFIED.,.F.,
  .F.,(2,2),(1.61,2.),.PIECEWISE_BEZIER_KNOTS.);
#1680 = CARTESIAN_POINT('',(-1.61,1.1,1.00001E-02));
#1681 = CARTESIAN_POINT('',(-2.,1.1,1.00001E-02));
#1682 = ORIENTED_EDGE('',*,*,#1683,.F.);
#1683 = EDGE_CURVE('',#1684,#1677,#1686,.T.);
#1684 = VERTEX_POINT('',#1685);
#1685 = CARTESIAN_POINT('',(-2.,1.3,1.00001E-02));
#1686 = B_SPLINE_CURVE_WITH_KNOTS('',1,(#1687,#1688),.UNSPECIFIED.,.F.,
  .F.,(2,2),(-3.3,-3.1),.PIECEWISE_BEZIER_KNOTS.);
#1687 = CARTESIAN_POINT('',(-2.,1.3,1.00001E-02));
#1688 = CARTESIAN_POINT('',(-2.,1.1,1.00001E-02));
#1689 = ORIENTED_EDGE('',*,*,#1690,.T.);
#1690 = EDGE_CURVE('',#1684,#1691,#1693,.T.);
#1691 = VERTEX_POINT('',#1692);
#1692 = CARTESIAN_POINT('',(-1.61,1.3,1.00001E-02));
#1693 = B_SPLINE_CURVE_WITH_KNOTS('',1,(#1694,#1695),.UNSPECIFIED.,.F.,
  .F.,(2,2),(-2.,-1.61),.PIECEWISE_BEZIER_KNOTS.);
#1694 = CARTESIAN_POINT('',(-2.,1.3,1.00001E-02));
#1695 = CARTESIAN_POINT('',(-1.61,1.3,1.00001E-02));
#1696 = ORIENTED_EDGE('',*,*,#1697,.T.);
#1697 = EDGE_CURVE('',#1691,#1698,#1700,.T.);
#1698 = VERTEX_POINT('',#1699);
#1699 = CARTESIAN_POINT('',(-1.61,1.5,1.00001E-02));
#1700 = B_SPLINE_CURVE_WITH_KNOTS('',1,(#1701,#1702),.UNSPECIFIED.,.F.,
  .F.,(2,2),(1.3,1.5),.PIECEWISE_BEZIER_KNOTS.);
#1701 = CARTESIAN_POINT('',(-1.61,1.3,1.00001E-02));
#1702 = CARTESIAN_POINT('',(-1.61,1.5,1.00001E-02));
#1703 = ORIENTED_EDGE('',*,*,#1704,.T.);
#1704 = EDGE_CURVE('',#1698,#1705,#1707,.T.);
#1705 = VERTEX_POINT('',#1706);
#1706 = CARTESIAN_POINT('',(-2.,1.5,1.00001E-02));
#1707 = B_SPLINE_CURVE_WITH_KNOTS('',1,(#1708,#1709),.UNSPECIFIED.,.F.,
  .F.,(2,2),(1.61,2.),.PIECEWISE_BEZIER_KNOTS.);
#1708 = CARTESIAN_POINT('',(-1.61,1.5,1.00001E-02));
#1709 = CARTESIAN_POINT('',(-2.,1.5,1.00001E-02));
#1710 = ORIENTED_EDGE('',*,*,#1711,.F.);
#1711 = EDGE_CURVE('',#1712,#1705,#1714,.T.);
#1712 = VERTEX_POINT('',#1713);
#1713 = CARTESIAN_POINT('',(-2.,2.,1.00001E-02));
#1714 = B_SPLINE_CURVE_WITH_KNOTS('',1,(#1715,#1716),.UNSPECIFIED.,.F.,
  .F.,(2,2),(-4.,-3.5),.PIECEWISE_BEZIER_KNOTS.);
#1715 = CARTESIAN_POINT('',(-2.,2.,1.00001E-02));
#1716 = CARTESIAN_POINT('',(-2.,1.5,1.00001E-02));
#1717 = ORIENTED_EDGE('',*,*,#1718,.F.);
#1718 = EDGE_CURVE('',#1719,#1712,#1721,.T.);
#1719 = VERTEX_POINT('',#1720);
#1720 = CARTESIAN_POINT('',(-1.5,2.,1.00001E-02));
#1721 = B_SPLINE_CURVE_WITH_KNOTS('',1,(#1722,#1723),.UNSPECIFIED.,.F.,
  .F.,(2,2),(-0.5,-0.),.PIECEWISE_BEZIER_KNOTS.);
#1722 = CARTESIAN_POINT('',(-1.5,2.,1.00001E-02));
#1723 = CARTESIAN_POINT('',(-2.,2.,1.00001E-02));
#1724 = ORIENTED_EDGE('',*,*,#1725,.T.);
#1725 = EDGE_CURVE('',#1719,#1726,#1728,.T.);
#1726 = VERTEX_POINT('',#1727);
#1727 = CARTESIAN_POINT('',(-1.5,1.61,1.00001E-02));
#1728 = B_SPLINE_CURVE_WITH_KNOTS('',1,(#1729,#1730),.UNSPECIFIED.,.F.,
  .F.,(2,2),(-2.,-1.61),.PIECEWISE_BEZIER_KNOTS.);
#1729 = CARTESIAN_POINT('',(-1.5,2.,1.00001E-02));
#1730 = CARTESIAN_POINT('',(-1.5,1.61,1.00001E-02));
#1731 = ORIENTED_EDGE('',*,*,#1732,.T.);
#1732 = EDGE_CURVE('',#1726,#1733,#1735,.T.);
#1733 = VERTEX_POINT('',#1734);
#1734 = CARTESIAN_POINT('',(-1.3,1.61,1.00001E-02));
#1735 = B_SPLINE_CURVE_WITH_KNOTS('',1,(#1736,#1737),.UNSPECIFIED.,.F.,
  .F.,(2,2),(-1.5,-1.3),.PIECEWISE_BEZIER_KNOTS.);
#1736 = CARTESIAN_POINT('',(-1.5,1.61,1.00001E-02));
#1737 = CARTESIAN_POINT('',(-1.3,1.61,1.00001E-02));
#1738 = ORIENTED_EDGE('',*,*,#1739,.T.);
#1739 = EDGE_CURVE('',#1733,#1740,#1742,.T.);
#1740 = VERTEX_POINT('',#1741);
#1741 = CARTESIAN_POINT('',(-1.3,2.,1.00001E-02));
#1742 = B_SPLINE_CURVE_WITH_KNOTS('',1,(#1743,#1744),.UNSPECIFIED.,.F.,
  .F.,(2,2),(1.61,2.),.PIECEWISE_BEZIER_KNOTS.);
#1743 = CARTESIAN_POINT('',(-1.3,1.61,1.00001E-02));
#1744 = CARTESIAN_POINT('',(-1.3,2.,1.00001E-02));
#1745 = ORIENTED_EDGE('',*,*,#1746,.F.);
#1746 = EDGE_CURVE('',#1747,#1740,#1749,.T.);
#1747 = VERTEX_POINT('',#1748);
#1748 = CARTESIAN_POINT('',(-1.1,2.,1.00001E-02));
#1749 = B_SPLINE_CURVE_WITH_KNOTS('',1,(#1750,#1751),.UNSPECIFIED.,.F.,
  .F.,(2,2),(-0.9,-0.7),.PIECEWISE_BEZIER_KNOTS.);
#1750 = CARTESIAN_POINT('',(-1.1,2.,1.00001E-02));
#1751 = CARTESIAN_POINT('',(-1.3,2.,1.00001E-02));
#1752 = ORIENTED_EDGE('',*,*,#1753,.T.);
#1753 = EDGE_CURVE('',#1747,#1754,#1756,.T.);
#1754 = VERTEX_POINT('',#1755);
#1755 = CARTESIAN_POINT('',(-1.1,1.61,1.00001E-02));
#1756 = B_SPLINE_CURVE_WITH_KNOTS('',1,(#1757,#1758),.UNSPECIFIED.,.F.,
  .F.,(2,2),(-2.,-1.61),.PIECEWISE_BEZIER_KNOTS.);
#1757 = CARTESIAN_POINT('',(-1.1,2.,1.00001E-02));
#1758 = CARTESIAN_POINT('',(-1.1,1.61,1.00001E-02));
#1759 = ORIENTED_EDGE('',*,*,#1760,.T.);
#1760 = EDGE_CURVE('',#1754,#1761,#1763,.T.);
#1761 = VERTEX_POINT('',#1762);
#1762 = CARTESIAN_POINT('',(-0.9,1.61,1.00001E-02));
#1763 = B_SPLINE_CURVE_WITH_KNOTS('',1,(#1764,#1765),.UNSPECIFIED.,.F.,
  .F.,(2,2),(-1.1,-0.9),.PIECEWISE_BEZIER_KNOTS.);
#1764 = CARTESIAN_POINT('',(-1.1,1.61,1.00001E-02));
#1765 = CARTESIAN_POINT('',(-0.9,1.61,1.00001E-02));
#1766 = ORIENTED_EDGE('',*,*,#1767,.T.);
#1767 = EDGE_CURVE('',#1761,#1768,#1770,.T.);
#1768 = VERTEX_POINT('',#1769);
#1769 = CARTESIAN_POINT('',(-0.9,2.,1.00001E-02));
#1770 = B_SPLINE_CURVE_WITH_KNOTS('',1,(#1771,#1772),.UNSPECIFIED.,.F.,
  .F.,(2,2),(1.61,2.),.PIECEWISE_BEZIER_KNOTS.);
#1771 = CARTESIAN_POINT('',(-0.9,1.61,1.00001E-02));
#1772 = CARTESIAN_POINT('',(-0.9,2.,1.00001E-02));
#1773 = ORIENTED_EDGE('',*,*,#1774,.F.);
#1774 = EDGE_CURVE('',#1775,#1768,#1777,.T.);
#1775 = VERTEX_POINT('',#1776);
#1776 = CARTESIAN_POINT('',(-0.7,2.,1.00001E-02));
#1777 = B_SPLINE_CURVE_WITH_KNOTS('',1,(#1778,#1779),.UNSPECIFIED.,.F.,
  .F.,(2,2),(-1.3,-1.1),.PIECEWISE_BEZIER_KNOTS.);
#1778 = CARTESIAN_POINT('',(-0.7,2.,1.00001E-02));
#1779 = CARTESIAN_POINT('',(-0.9,2.,1.00001E-02));
#1780 = ORIENTED_EDGE('',*,*,#1781,.T.);
#1781 = EDGE_CURVE('',#1775,#1782,#1784,.T.);
#1782 = VERTEX_POINT('',#1783);
#1783 = CARTESIAN_POINT('',(-0.7,1.61,1.00001E-02));
#1784 = B_SPLINE_CURVE_WITH_KNOTS('',1,(#1785,#1786),.UNSPECIFIED.,.F.,
  .F.,(2,2),(-2.,-1.61),.PIECEWISE_BEZIER_KNOTS.);
#1785 = CARTESIAN_POINT('',(-0.7,2.,1.00001E-02));
#1786 = CARTESIAN_POINT('',(-0.7,1.61,1.00001E-02));
#1787 = ORIENTED_EDGE('',*,*,#1788,.T.);
#1788 = EDGE_CURVE('',#1782,#1789,#1791,.T.);
#1789 = VERTEX_POINT('',#1790);
#1790 = CARTESIAN_POINT('',(-0.5,1.61,1.00001E-02));
#1791 = B_SPLINE_CURVE_WITH_KNOTS('',1,(#1792,#1793),.UNSPECIFIED.,.F.,
  .F.,(2,2),(-0.7,-0.5),.PIECEWISE_BEZIER_KNOTS.);
#1792 = CARTESIAN_POINT('',(-0.7,1.61,1.00001E-02));
#1793 = CARTESIAN_POINT('',(-0.5,1.61,1.00001E-02));
#1794 = ORIENTED_EDGE('',*,*,#1795,.T.);
#1795 = EDGE_CURVE('',#1789,#1796,#1798,.T.);
#1796 = VERTEX_POINT('',#1797);
#1797 = CARTESIAN_POINT('',(-0.5,2.,1.00001E-02));
#1798 = B_SPLINE_CURVE_WITH_KNOTS('',1,(#1799,#1800),.UNSPECIFIED.,.F.,
  .F.,(2,2),(1.61,2.),.PIECEWISE_BEZIER_KNOTS.);
#1799 = CARTESIAN_POINT('',(-0.5,1.61,1.00001E-02));
#1800 = CARTESIAN_POINT('',(-0.5,2.,1.00001E-02));
#1801 = ORIENTED_EDGE('',*,*,#1802,.F.);
#1802 = EDGE_CURVE('',#1803,#1796,#1805,.T.);
#1803 = VERTEX_POINT('',#1804);
#1804 = CARTESIAN_POINT('',(-0.3,2.,1.00001E-02));
#1805 = B_SPLINE_CURVE_WITH_KNOTS('',1,(#1806,#1807),.UNSPECIFIED.,.F.,
  .F.,(2,2),(-1.7,-1.5),.PIECEWISE_BEZIER_KNOTS.);
#1806 = CARTESIAN_POINT('',(-0.3,2.,1.00001E-02));
#1807 = CARTESIAN_POINT('',(-0.5,2.,1.00001E-02));
#1808 = ORIENTED_EDGE('',*,*,#1809,.T.);
#1809 = EDGE_CURVE('',#1803,#1810,#1812,.T.);
#1810 = VERTEX_POINT('',#1811);
#1811 = CARTESIAN_POINT('',(-0.3,1.61,1.00001E-02));
#1812 = B_SPLINE_CURVE_WITH_KNOTS('',1,(#1813,#1814),.UNSPECIFIED.,.F.,
  .F.,(2,2),(-2.,-1.61),.PIECEWISE_BEZIER_KNOTS.);
#1813 = CARTESIAN_POINT('',(-0.3,2.,1.00001E-02));
#1814 = CARTESIAN_POINT('',(-0.3,1.61,1.00001E-02));
#1815 = ORIENTED_EDGE('',*,*,#1816,.T.);
#1816 = EDGE_CURVE('',#1810,#1817,#1819,.T.);
#1817 = VERTEX_POINT('',#1818);
#1818 = CARTESIAN_POINT('',(-9.999999999999E-02,1.61,1.00001E-02));
#1819 = B_SPLINE_CURVE_WITH_KNOTS('',1,(#1820,#1821),.UNSPECIFIED.,.F.,
  .F.,(2,2),(-0.3,-1.E-01),.PIECEWISE_BEZIER_KNOTS.);
#1820 = CARTESIAN_POINT('',(-0.3,1.61,1.00001E-02));
#1821 = CARTESIAN_POINT('',(-9.999999999999E-02,1.61,1.00001E-02));
#1822 = ORIENTED_EDGE('',*,*,#1823,.T.);
#1823 = EDGE_CURVE('',#1817,#1824,#1826,.T.);
#1824 = VERTEX_POINT('',#1825);
#1825 = CARTESIAN_POINT('',(-9.999999999999E-02,2.,1.00001E-02));
#1826 = B_SPLINE_CURVE_WITH_KNOTS('',1,(#1827,#1828),.UNSPECIFIED.,.F.,
  .F.,(2,2),(1.61,2.),.PIECEWISE_BEZIER_KNOTS.);
#1827 = CARTESIAN_POINT('',(-9.999999999999E-02,1.61,1.00001E-02));
#1828 = CARTESIAN_POINT('',(-9.999999999999E-02,2.,1.00001E-02));
#1829 = ORIENTED_EDGE('',*,*,#1830,.F.);
#1830 = EDGE_CURVE('',#1831,#1824,#1833,.T.);
#1831 = VERTEX_POINT('',#1832);
#1832 = CARTESIAN_POINT('',(0.1,2.,1.00001E-02));
#1833 = B_SPLINE_CURVE_WITH_KNOTS('',1,(#1834,#1835),.UNSPECIFIED.,.F.,
  .F.,(2,2),(-2.1,-1.9),.PIECEWISE_BEZIER_KNOTS.);
#1834 = CARTESIAN_POINT('',(0.1,2.,1.00001E-02));
#1835 = CARTESIAN_POINT('',(-9.999999999999E-02,2.,1.00001E-02));
#1836 = ORIENTED_EDGE('',*,*,#1837,.T.);
#1837 = EDGE_CURVE('',#1831,#1838,#1840,.T.);
#1838 = VERTEX_POINT('',#1839);
#1839 = CARTESIAN_POINT('',(0.1,1.61,1.00001E-02));
#1840 = B_SPLINE_CURVE_WITH_KNOTS('',1,(#1841,#1842),.UNSPECIFIED.,.F.,
  .F.,(2,2),(-2.,-1.61),.PIECEWISE_BEZIER_KNOTS.);
#1841 = CARTESIAN_POINT('',(0.1,2.,1.00001E-02));
#1842 = CARTESIAN_POINT('',(0.1,1.61,1.00001E-02));
#1843 = ORIENTED_EDGE('',*,*,#1844,.T.);
#1844 = EDGE_CURVE('',#1838,#1845,#1847,.T.);
#1845 = VERTEX_POINT('',#1846);
#1846 = CARTESIAN_POINT('',(0.3,1.61,1.00001E-02));
#1847 = B_SPLINE_CURVE_WITH_KNOTS('',1,(#1848,#1849),.UNSPECIFIED.,.F.,
  .F.,(2,2),(0.1,0.3),.PIECEWISE_BEZIER_KNOTS.);
#1848 = CARTESIAN_POINT('',(0.1,1.61,1.00001E-02));
#1849 = CARTESIAN_POINT('',(0.3,1.61,1.00001E-02));
#1850 = ORIENTED_EDGE('',*,*,#1851,.T.);
#1851 = EDGE_CURVE('',#1845,#1852,#1854,.T.);
#1852 = VERTEX_POINT('',#1853);
#1853 = CARTESIAN_POINT('',(0.3,2.,1.00001E-02));
#1854 = B_SPLINE_CURVE_WITH_KNOTS('',1,(#1855,#1856),.UNSPECIFIED.,.F.,
  .F.,(2,2),(1.61,2.),.PIECEWISE_BEZIER_KNOTS.);
#1855 = CARTESIAN_POINT('',(0.3,1.61,1.00001E-02));
#1856 = CARTESIAN_POINT('',(0.3,2.,1.00001E-02));
#1857 = ORIENTED_EDGE('',*,*,#1858,.F.);
#1858 = EDGE_CURVE('',#1859,#1852,#1861,.T.);
#1859 = VERTEX_POINT('',#1860);
#1860 = CARTESIAN_POINT('',(0.5,2.,1.00001E-02));
#1861 = B_SPLINE_CURVE_WITH_KNOTS('',1,(#1862,#1863),.UNSPECIFIED.,.F.,
  .F.,(2,2),(-2.5,-2.3),.PIECEWISE_BEZIER_KNOTS.);
#1862 = CARTESIAN_POINT('',(0.5,2.,1.00001E-02));
#1863 = CARTESIAN_POINT('',(0.3,2.,1.00001E-02));
#1864 = ORIENTED_EDGE('',*,*,#1865,.T.);
#1865 = EDGE_CURVE('',#1859,#1866,#1868,.T.);
#1866 = VERTEX_POINT('',#1867);
#1867 = CARTESIAN_POINT('',(0.5,1.61,1.00001E-02));
#1868 = B_SPLINE_CURVE_WITH_KNOTS('',1,(#1869,#1870),.UNSPECIFIED.,.F.,
  .F.,(2,2),(-2.,-1.61),.PIECEWISE_BEZIER_KNOTS.);
#1869 = CARTESIAN_POINT('',(0.5,2.,1.00001E-02));
#1870 = CARTESIAN_POINT('',(0.5,1.61,1.00001E-02));
#1871 = ORIENTED_EDGE('',*,*,#1872,.T.);
#1872 = EDGE_CURVE('',#1866,#1873,#1875,.T.);
#1873 = VERTEX_POINT('',#1874);
#1874 = CARTESIAN_POINT('',(0.7,1.61,1.00001E-02));
#1875 = B_SPLINE_CURVE_WITH_KNOTS('',1,(#1876,#1877),.UNSPECIFIED.,.F.,
  .F.,(2,2),(0.5,0.7),.PIECEWISE_BEZIER_KNOTS.);
#1876 = CARTESIAN_POINT('',(0.5,1.61,1.00001E-02));
#1877 = CARTESIAN_POINT('',(0.7,1.61,1.00001E-02));
#1878 = ORIENTED_EDGE('',*,*,#1879,.T.);
#1879 = EDGE_CURVE('',#1873,#1880,#1882,.T.);
#1880 = VERTEX_POINT('',#1881);
#1881 = CARTESIAN_POINT('',(0.7,2.,1.00001E-02));
#1882 = B_SPLINE_CURVE_WITH_KNOTS('',1,(#1883,#1884),.UNSPECIFIED.,.F.,
  .F.,(2,2),(1.61,2.),.PIECEWISE_BEZIER_KNOTS.);
#1883 = CARTESIAN_POINT('',(0.7,1.61,1.00001E-02));
#1884 = CARTESIAN_POINT('',(0.7,2.,1.00001E-02));
#1885 = ORIENTED_EDGE('',*,*,#1886,.F.);
#1886 = EDGE_CURVE('',#1887,#1880,#1889,.T.);
#1887 = VERTEX_POINT('',#1888);
#1888 = CARTESIAN_POINT('',(0.9,2.,1.00001E-02));
#1889 = B_SPLINE_CURVE_WITH_KNOTS('',1,(#1890,#1891),.UNSPECIFIED.,.F.,
  .F.,(2,2),(-2.9,-2.7),.PIECEWISE_BEZIER_KNOTS.);
#1890 = CARTESIAN_POINT('',(0.9,2.,1.00001E-02));
#1891 = CARTESIAN_POINT('',(0.7,2.,1.00001E-02));
#1892 = ORIENTED_EDGE('',*,*,#1893,.T.);
#1893 = EDGE_CURVE('',#1887,#1894,#1896,.T.);
#1894 = VERTEX_POINT('',#1895);
#1895 = CARTESIAN_POINT('',(0.9,1.61,1.00001E-02));
#1896 = B_SPLINE_CURVE_WITH_KNOTS('',1,(#1897,#1898),.UNSPECIFIED.,.F.,
  .F.,(2,2),(-2.,-1.61),.PIECEWISE_BEZIER_KNOTS.);
#1897 = CARTESIAN_POINT('',(0.9,2.,1.00001E-02));
#1898 = CARTESIAN_POINT('',(0.9,1.61,1.00001E-02));
#1899 = ORIENTED_EDGE('',*,*,#1900,.T.);
#1900 = EDGE_CURVE('',#1894,#1901,#1903,.T.);
#1901 = VERTEX_POINT('',#1902);
#1902 = CARTESIAN_POINT('',(1.1,1.61,1.00001E-02));
#1903 = B_SPLINE_CURVE_WITH_KNOTS('',1,(#1904,#1905),.UNSPECIFIED.,.F.,
  .F.,(2,2),(0.9,1.1),.PIECEWISE_BEZIER_KNOTS.);
#1904 = CARTESIAN_POINT('',(0.9,1.61,1.00001E-02));
#1905 = CARTESIAN_POINT('',(1.1,1.61,1.00001E-02));
#1906 = ORIENTED_EDGE('',*,*,#1907,.T.);
#1907 = EDGE_CURVE('',#1901,#1908,#1910,.T.);
#1908 = VERTEX_POINT('',#1909);
#1909 = CARTESIAN_POINT('',(1.1,2.,1.00001E-02));
#1910 = B_SPLINE_CURVE_WITH_KNOTS('',1,(#1911,#1912),.UNSPECIFIED.,.F.,
  .F.,(2,2),(1.61,2.),.PIECEWISE_BEZIER_KNOTS.);
#1911 = CARTESIAN_POINT('',(1.1,1.61,1.00001E-02));
#1912 = CARTESIAN_POINT('',(1.1,2.,1.00001E-02));
#1913 = ORIENTED_EDGE('',*,*,#1914,.F.);
#1914 = EDGE_CURVE('',#1915,#1908,#1917,.T.);
#1915 = VERTEX_POINT('',#1916);
#1916 = CARTESIAN_POINT('',(1.3,2.,1.00001E-02));
#1917 = B_SPLINE_CURVE_WITH_KNOTS('',1,(#1918,#1919),.UNSPECIFIED.,.F.,
  .F.,(2,2),(-3.3,-3.1),.PIECEWISE_BEZIER_KNOTS.);
#1918 = CARTESIAN_POINT('',(1.3,2.,1.00001E-02));
#1919 = CARTESIAN_POINT('',(1.1,2.,1.00001E-02));
#1920 = ORIENTED_EDGE('',*,*,#1921,.T.);
#1921 = EDGE_CURVE('',#1915,#1922,#1924,.T.);
#1922 = VERTEX_POINT('',#1923);
#1923 = CARTESIAN_POINT('',(1.3,1.61,1.00001E-02));
#1924 = B_SPLINE_CURVE_WITH_KNOTS('',1,(#1925,#1926),.UNSPECIFIED.,.F.,
  .F.,(2,2),(-2.,-1.61),.PIECEWISE_BEZIER_KNOTS.);
#1925 = CARTESIAN_POINT('',(1.3,2.,1.00001E-02));
#1926 = CARTESIAN_POINT('',(1.3,1.61,1.00001E-02));
#1927 = ORIENTED_EDGE('',*,*,#1928,.T.);
#1928 = EDGE_CURVE('',#1922,#1929,#1931,.T.);
#1929 = VERTEX_POINT('',#1930);
#1930 = CARTESIAN_POINT('',(1.5,1.61,1.00001E-02));
#1931 = B_SPLINE_CURVE_WITH_KNOTS('',1,(#1932,#1933),.UNSPECIFIED.,.F.,
  .F.,(2,2),(1.3,1.5),.PIECEWISE_BEZIER_KNOTS.);
#1932 = CARTESIAN_POINT('',(1.3,1.61,1.00001E-02));
#1933 = CARTESIAN_POINT('',(1.5,1.61,1.00001E-02));
#1934 = ORIENTED_EDGE('',*,*,#1935,.T.);
#1935 = EDGE_CURVE('',#1929,#1936,#1938,.T.);
#1936 = VERTEX_POINT('',#1937);
#1937 = CARTESIAN_POINT('',(1.5,2.,1.00001E-02));
#1938 = B_SPLINE_CURVE_WITH_KNOTS('',1,(#1939,#1940),.UNSPECIFIED.,.F.,
  .F.,(2,2),(1.61,2.),.PIECEWISE_BEZIER_KNOTS.);
#1939 = CARTESIAN_POINT('',(1.5,1.61,1.00001E-02));
#1940 = CARTESIAN_POINT('',(1.5,2.,1.00001E-02));
#1941 = ORIENTED_EDGE('',*,*,#1942,.F.);
#1942 = EDGE_CURVE('',#1943,#1936,#1945,.T.);
#1943 = VERTEX_POINT('',#1944);
#1944 = CARTESIAN_POINT('',(2.,2.,1.00001E-02));
#1945 = B_SPLINE_CURVE_WITH_KNOTS('',1,(#1946,#1947),.UNSPECIFIED.,.F.,
  .F.,(2,2),(-4.,-3.5),.PIECEWISE_BEZIER_KNOTS.);
#1946 = CARTESIAN_POINT('',(2.,2.,1.00001E-02));
#1947 = CARTESIAN_POINT('',(1.5,2.,1.00001E-02));
#1948 = ORIENTED_EDGE('',*,*,#1949,.F.);
#1949 = EDGE_CURVE('',#1950,#1943,#1952,.T.);
#1950 = VERTEX_POINT('',#1951);
#1951 = CARTESIAN_POINT('',(2.,1.5,1.00001E-02));
#1952 = B_SPLINE_CURVE_WITH_KNOTS('',1,(#1953,#1954),.UNSPECIFIED.,.F.,
  .F.,(2,2),(3.5,4.),.PIECEWISE_BEZIER_KNOTS.);
#1953 = CARTESIAN_POINT('',(2.,1.5,1.00001E-02));
#1954 = CARTESIAN_POINT('',(2.,2.,1.00001E-02));
#1955 = ORIENTED_EDGE('',*,*,#1956,.T.);
#1956 = EDGE_CURVE('',#1950,#1957,#1959,.T.);
#1957 = VERTEX_POINT('',#1958);
#1958 = CARTESIAN_POINT('',(1.61,1.5,1.00001E-02));
#1959 = B_SPLINE_CURVE_WITH_KNOTS('',1,(#1960,#1961),.UNSPECIFIED.,.F.,
  .F.,(2,2),(-2.,-1.61),.PIECEWISE_BEZIER_KNOTS.);
#1960 = CARTESIAN_POINT('',(2.,1.5,1.00001E-02));
#1961 = CARTESIAN_POINT('',(1.61,1.5,1.00001E-02));
#1962 = ORIENTED_EDGE('',*,*,#1963,.T.);
#1963 = EDGE_CURVE('',#1957,#1964,#1966,.T.);
#1964 = VERTEX_POINT('',#1965);
#1965 = CARTESIAN_POINT('',(1.61,1.3,1.00001E-02));
#1966 = B_SPLINE_CURVE_WITH_KNOTS('',1,(#1967,#1968),.UNSPECIFIED.,.F.,
  .F.,(2,2),(-1.5,-1.3),.PIECEWISE_BEZIER_KNOTS.);
#1967 = CARTESIAN_POINT('',(1.61,1.5,1.00001E-02));
#1968 = CARTESIAN_POINT('',(1.61,1.3,1.00001E-02));
#1969 = ORIENTED_EDGE('',*,*,#1970,.T.);
#1970 = EDGE_CURVE('',#1964,#1971,#1973,.T.);
#1971 = VERTEX_POINT('',#1972);
#1972 = CARTESIAN_POINT('',(2.,1.3,1.00001E-02));
#1973 = B_SPLINE_CURVE_WITH_KNOTS('',1,(#1974,#1975),.UNSPECIFIED.,.F.,
  .F.,(2,2),(1.61,2.),.PIECEWISE_BEZIER_KNOTS.);
#1974 = CARTESIAN_POINT('',(1.61,1.3,1.00001E-02));
#1975 = CARTESIAN_POINT('',(2.,1.3,1.00001E-02));
#1976 = ORIENTED_EDGE('',*,*,#1977,.F.);
#1977 = EDGE_CURVE('',#1978,#1971,#1980,.T.);
#1978 = VERTEX_POINT('',#1979);
#1979 = CARTESIAN_POINT('',(2.,1.1,1.00001E-02));
#1980 = B_SPLINE_CURVE_WITH_KNOTS('',1,(#1981,#1982),.UNSPECIFIED.,.F.,
  .F.,(2,2),(3.1,3.3),.PIECEWISE_BEZIER_KNOTS.);
#1981 = CARTESIAN_POINT('',(2.,1.1,1.00001E-02));
#1982 = CARTESIAN_POINT('',(2.,1.3,1.00001E-02));
#1983 = ORIENTED_EDGE('',*,*,#1984,.T.);
#1984 = EDGE_CURVE('',#1978,#1985,#1987,.T.);
#1985 = VERTEX_POINT('',#1986);
#1986 = CARTESIAN_POINT('',(1.61,1.1,1.00001E-02));
#1987 = B_SPLINE_CURVE_WITH_KNOTS('',1,(#1988,#1989),.UNSPECIFIED.,.F.,
  .F.,(2,2),(-2.,-1.61),.PIECEWISE_BEZIER_KNOTS.);
#1988 = CARTESIAN_POINT('',(2.,1.1,1.00001E-02));
#1989 = CARTESIAN_POINT('',(1.61,1.1,1.00001E-02));
#1990 = ORIENTED_EDGE('',*,*,#1991,.T.);
#1991 = EDGE_CURVE('',#1985,#1992,#1994,.T.);
#1992 = VERTEX_POINT('',#1993);
#1993 = CARTESIAN_POINT('',(1.61,0.9,1.00001E-02));
#1994 = B_SPLINE_CURVE_WITH_KNOTS('',1,(#1995,#1996),.UNSPECIFIED.,.F.,
  .F.,(2,2),(-1.1,-0.9),.PIECEWISE_BEZIER_KNOTS.);
#1995 = CARTESIAN_POINT('',(1.61,1.1,1.00001E-02));
#1996 = CARTESIAN_POINT('',(1.61,0.9,1.00001E-02));
#1997 = ORIENTED_EDGE('',*,*,#1998,.T.);
#1998 = EDGE_CURVE('',#1992,#1999,#2001,.T.);
#1999 = VERTEX_POINT('',#2000);
#2000 = CARTESIAN_POINT('',(2.,0.9,1.00001E-02));
#2001 = B_SPLINE_CURVE_WITH_KNOTS('',1,(#2002,#2003),.UNSPECIFIED.,.F.,
  .F.,(2,2),(1.61,2.),.PIECEWISE_BEZIER_KNOTS.);
#2002 = CARTESIAN_POINT('',(1.61,0.9,1.00001E-02));
#2003 = CARTESIAN_POINT('',(2.,0.9,1.00001E-02));
#2004 = ORIENTED_EDGE('',*,*,#2005,.F.);
#2005 = EDGE_CURVE('',#2006,#1999,#2008,.T.);
#2006 = VERTEX_POINT('',#2007);
#2007 = CARTESIAN_POINT('',(2.,0.7,1.00001E-02));
#2008 = B_SPLINE_CURVE_WITH_KNOTS('',1,(#2009,#2010),.UNSPECIFIED.,.F.,
  .F.,(2,2),(2.7,2.9),.PIECEWISE_BEZIER_KNOTS.);
#2009 = CARTESIAN_POINT('',(2.,0.7,1.00001E-02));
#2010 = CARTESIAN_POINT('',(2.,0.9,1.00001E-02));
#2011 = ORIENTED_EDGE('',*,*,#2012,.T.);
#2012 = EDGE_CURVE('',#2006,#2013,#2015,.T.);
#2013 = VERTEX_POINT('',#2014);
#2014 = CARTESIAN_POINT('',(1.61,0.7,1.00001E-02));
#2015 = B_SPLINE_CURVE_WITH_KNOTS('',1,(#2016,#2017),.UNSPECIFIED.,.F.,
  .F.,(2,2),(-2.,-1.61),.PIECEWISE_BEZIER_KNOTS.);
#2016 = CARTESIAN_POINT('',(2.,0.7,1.00001E-02));
#2017 = CARTESIAN_POINT('',(1.61,0.7,1.00001E-02));
#2018 = ORIENTED_EDGE('',*,*,#2019,.T.);
#2019 = EDGE_CURVE('',#2013,#2020,#2022,.T.);
#2020 = VERTEX_POINT('',#2021);
#2021 = CARTESIAN_POINT('',(1.61,0.5,1.00001E-02));
#2022 = B_SPLINE_CURVE_WITH_KNOTS('',1,(#2023,#2024),.UNSPECIFIED.,.F.,
  .F.,(2,2),(-0.7,-0.5),.PIECEWISE_BEZIER_KNOTS.);
#2023 = CARTESIAN_POINT('',(1.61,0.7,1.00001E-02));
#2024 = CARTESIAN_POINT('',(1.61,0.5,1.00001E-02));
#2025 = ORIENTED_EDGE('',*,*,#2026,.T.);
#2026 = EDGE_CURVE('',#2020,#2027,#2029,.T.);
#2027 = VERTEX_POINT('',#2028);
#2028 = CARTESIAN_POINT('',(2.,0.5,1.00001E-02));
#2029 = B_SPLINE_CURVE_WITH_KNOTS('',1,(#2030,#2031),.UNSPECIFIED.,.F.,
  .F.,(2,2),(1.61,2.),.PIECEWISE_BEZIER_KNOTS.);
#2030 = CARTESIAN_POINT('',(1.61,0.5,1.00001E-02));
#2031 = CARTESIAN_POINT('',(2.,0.5,1.00001E-02));
#2032 = ORIENTED_EDGE('',*,*,#2033,.F.);
#2033 = EDGE_CURVE('',#2034,#2027,#2036,.T.);
#2034 = VERTEX_POINT('',#2035);
#2035 = CARTESIAN_POINT('',(2.,0.3,1.00001E-02));
#2036 = B_SPLINE_CURVE_WITH_KNOTS('',1,(#2037,#2038),.UNSPECIFIED.,.F.,
  .F.,(2,2),(2.3,2.5),.PIECEWISE_BEZIER_KNOTS.);
#2037 = CARTESIAN_POINT('',(2.,0.3,1.00001E-02));
#2038 = CARTESIAN_POINT('',(2.,0.5,1.00001E-02));
#2039 = ORIENTED_EDGE('',*,*,#2040,.T.);
#2040 = EDGE_CURVE('',#2034,#2041,#2043,.T.);
#2041 = VERTEX_POINT('',#2042);
#2042 = CARTESIAN_POINT('',(1.61,0.3,1.00001E-02));
#2043 = B_SPLINE_CURVE_WITH_KNOTS('',1,(#2044,#2045),.UNSPECIFIED.,.F.,
  .F.,(2,2),(-2.,-1.61),.PIECEWISE_BEZIER_KNOTS.);
#2044 = CARTESIAN_POINT('',(2.,0.3,1.00001E-02));
#2045 = CARTESIAN_POINT('',(1.61,0.3,1.00001E-02));
#2046 = ORIENTED_EDGE('',*,*,#2047,.T.);
#2047 = EDGE_CURVE('',#2041,#2048,#2050,.T.);
#2048 = VERTEX_POINT('',#2049);
#2049 = CARTESIAN_POINT('',(1.61,0.1,1.00001E-02));
#2050 = B_SPLINE_CURVE_WITH_KNOTS('',1,(#2051,#2052),.UNSPECIFIED.,.F.,
  .F.,(2,2),(-0.3,-1.E-01),.PIECEWISE_BEZIER_KNOTS.);
#2051 = CARTESIAN_POINT('',(1.61,0.3,1.00001E-02));
#2052 = CARTESIAN_POINT('',(1.61,0.1,1.00001E-02));
#2053 = ORIENTED_EDGE('',*,*,#2054,.T.);
#2054 = EDGE_CURVE('',#2048,#2055,#2057,.T.);
#2055 = VERTEX_POINT('',#2056);
#2056 = CARTESIAN_POINT('',(2.,0.1,1.00001E-02));
#2057 = B_SPLINE_CURVE_WITH_KNOTS('',1,(#2058,#2059),.UNSPECIFIED.,.F.,
  .F.,(2,2),(1.61,2.),.PIECEWISE_BEZIER_KNOTS.);
#2058 = CARTESIAN_POINT('',(1.61,0.1,1.00001E-02));
#2059 = CARTESIAN_POINT('',(2.,0.1,1.00001E-02));
#2060 = ORIENTED_EDGE('',*,*,#2061,.F.);
#2061 = EDGE_CURVE('',#2062,#2055,#2064,.T.);
#2062 = VERTEX_POINT('',#2063);
#2063 = CARTESIAN_POINT('',(2.,-9.999999999999E-02,1.00001E-02));
#2064 = B_SPLINE_CURVE_WITH_KNOTS('',1,(#2065,#2066),.UNSPECIFIED.,.F.,
  .F.,(2,2),(1.9,2.1),.PIECEWISE_BEZIER_KNOTS.);
#2065 = CARTESIAN_POINT('',(2.,-9.999999999999E-02,1.00001E-02));
#2066 = CARTESIAN_POINT('',(2.,0.1,1.00001E-02));
#2067 = ORIENTED_EDGE('',*,*,#2068,.T.);
#2068 = EDGE_CURVE('',#2062,#2069,#2071,.T.);
#2069 = VERTEX_POINT('',#2070);
#2070 = CARTESIAN_POINT('',(1.61,-9.999999999999E-02,1.00001E-02));
#2071 = B_SPLINE_CURVE_WITH_KNOTS('',1,(#2072,#2073),.UNSPECIFIED.,.F.,
  .F.,(2,2),(-2.,-1.61),.PIECEWISE_BEZIER_KNOTS.);
#2072 = CARTESIAN_POINT('',(2.,-9.999999999999E-02,1.00001E-02));
#2073 = CARTESIAN_POINT('',(1.61,-9.999999999999E-02,1.00001E-02));
#2074 = ORIENTED_EDGE('',*,*,#2075,.T.);
#2075 = EDGE_CURVE('',#2069,#2076,#2078,.T.);
#2076 = VERTEX_POINT('',#2077);
#2077 = CARTESIAN_POINT('',(1.61,-0.3,1.00001E-02));
#2078 = B_SPLINE_CURVE_WITH_KNOTS('',1,(#2079,#2080),.UNSPECIFIED.,.F.,
  .F.,(2,2),(0.1,0.3),.PIECEWISE_BEZIER_KNOTS.);
#2079 = CARTESIAN_POINT('',(1.61,-9.999999999999E-02,1.00001E-02));
#2080 = CARTESIAN_POINT('',(1.61,-0.3,1.00001E-02));
#2081 = ORIENTED_EDGE('',*,*,#2082,.T.);
#2082 = EDGE_CURVE('',#2076,#2083,#2085,.T.);
#2083 = VERTEX_POINT('',#2084);
#2084 = CARTESIAN_POINT('',(2.,-0.3,1.00001E-02));
#2085 = B_SPLINE_CURVE_WITH_KNOTS('',1,(#2086,#2087),.UNSPECIFIED.,.F.,
  .F.,(2,2),(1.61,2.),.PIECEWISE_BEZIER_KNOTS.);
#2086 = CARTESIAN_POINT('',(1.61,-0.3,1.00001E-02));
#2087 = CARTESIAN_POINT('',(2.,-0.3,1.00001E-02));
#2088 = ORIENTED_EDGE('',*,*,#2089,.F.);
#2089 = EDGE_CURVE('',#2090,#2083,#2092,.T.);
#2090 = VERTEX_POINT('',#2091);
#2091 = CARTESIAN_POINT('',(2.,-0.5,1.00001E-02));
#2092 = B_SPLINE_CURVE_WITH_KNOTS('',1,(#2093,#2094),.UNSPECIFIED.,.F.,
  .F.,(2,2),(1.5,1.7),.PIECEWISE_BEZIER_KNOTS.);
#2093 = CARTESIAN_POINT('',(2.,-0.5,1.00001E-02));
#2094 = CARTESIAN_POINT('',(2.,-0.3,1.00001E-02));
#2095 = ORIENTED_EDGE('',*,*,#2096,.T.);
#2096 = EDGE_CURVE('',#2090,#2097,#2099,.T.);
#2097 = VERTEX_POINT('',#2098);
#2098 = CARTESIAN_POINT('',(1.61,-0.5,1.00001E-02));
#2099 = B_SPLINE_CURVE_WITH_KNOTS('',1,(#2100,#2101),.UNSPECIFIED.,.F.,
  .F.,(2,2),(-2.,-1.61),.PIECEWISE_BEZIER_KNOTS.);
#2100 = CARTESIAN_POINT('',(2.,-0.5,1.00001E-02));
#2101 = CARTESIAN_POINT('',(1.61,-0.5,1.00001E-02));
#2102 = ORIENTED_EDGE('',*,*,#2103,.T.);
#2103 = EDGE_CURVE('',#2097,#2104,#2106,.T.);
#2104 = VERTEX_POINT('',#2105);
#2105 = CARTESIAN_POINT('',(1.61,-0.7,1.00001E-02));
#2106 = B_SPLINE_CURVE_WITH_KNOTS('',1,(#2107,#2108),.UNSPECIFIED.,.F.,
  .F.,(2,2),(0.5,0.7),.PIECEWISE_BEZIER_KNOTS.);
#2107 = CARTESIAN_POINT('',(1.61,-0.5,1.00001E-02));
#2108 = CARTESIAN_POINT('',(1.61,-0.7,1.00001E-02));
#2109 = ORIENTED_EDGE('',*,*,#2110,.T.);
#2110 = EDGE_CURVE('',#2104,#2111,#2113,.T.);
#2111 = VERTEX_POINT('',#2112);
#2112 = CARTESIAN_POINT('',(2.,-0.7,1.00001E-02));
#2113 = B_SPLINE_CURVE_WITH_KNOTS('',1,(#2114,#2115),.UNSPECIFIED.,.F.,
  .F.,(2,2),(1.61,2.),.PIECEWISE_BEZIER_KNOTS.);
#2114 = CARTESIAN_POINT('',(1.61,-0.7,1.00001E-02));
#2115 = CARTESIAN_POINT('',(2.,-0.7,1.00001E-02));
#2116 = ORIENTED_EDGE('',*,*,#2117,.F.);
#2117 = EDGE_CURVE('',#2118,#2111,#2120,.T.);
#2118 = VERTEX_POINT('',#2119);
#2119 = CARTESIAN_POINT('',(2.,-0.9,1.00001E-02));
#2120 = B_SPLINE_CURVE_WITH_KNOTS('',1,(#2121,#2122),.UNSPECIFIED.,.F.,
  .F.,(2,2),(1.1,1.3),.PIECEWISE_BEZIER_KNOTS.);
#2121 = CARTESIAN_POINT('',(2.,-0.9,1.00001E-02));
#2122 = CARTESIAN_POINT('',(2.,-0.7,1.00001E-02));
#2123 = ORIENTED_EDGE('',*,*,#2124,.T.);
#2124 = EDGE_CURVE('',#2118,#2125,#2127,.T.);
#2125 = VERTEX_POINT('',#2126);
#2126 = CARTESIAN_POINT('',(1.61,-0.9,1.00001E-02));
#2127 = B_SPLINE_CURVE_WITH_KNOTS('',1,(#2128,#2129),.UNSPECIFIED.,.F.,
  .F.,(2,2),(-2.,-1.61),.PIECEWISE_BEZIER_KNOTS.);
#2128 = CARTESIAN_POINT('',(2.,-0.9,1.00001E-02));
#2129 = CARTESIAN_POINT('',(1.61,-0.9,1.00001E-02));
#2130 = ORIENTED_EDGE('',*,*,#2131,.T.);
#2131 = EDGE_CURVE('',#2125,#2132,#2134,.T.);
#2132 = VERTEX_POINT('',#2133);
#2133 = CARTESIAN_POINT('',(1.61,-1.1,1.00001E-02));
#2134 = B_SPLINE_CURVE_WITH_KNOTS('',1,(#2135,#2136),.UNSPECIFIED.,.F.,
  .F.,(2,2),(0.9,1.1),.PIECEWISE_BEZIER_KNOTS.);
#2135 = CARTESIAN_POINT('',(1.61,-0.9,1.00001E-02));
#2136 = CARTESIAN_POINT('',(1.61,-1.1,1.00001E-02));
#2137 = ORIENTED_EDGE('',*,*,#2138,.T.);
#2138 = EDGE_CURVE('',#2132,#2139,#2141,.T.);
#2139 = VERTEX_POINT('',#2140);
#2140 = CARTESIAN_POINT('',(2.,-1.1,1.00001E-02));
#2141 = B_SPLINE_CURVE_WITH_KNOTS('',1,(#2142,#2143),.UNSPECIFIED.,.F.,
  .F.,(2,2),(1.61,2.),.PIECEWISE_BEZIER_KNOTS.);
#2142 = CARTESIAN_POINT('',(1.61,-1.1,1.00001E-02));
#2143 = CARTESIAN_POINT('',(2.,-1.1,1.00001E-02));
#2144 = ORIENTED_EDGE('',*,*,#2145,.F.);
#2145 = EDGE_CURVE('',#2146,#2139,#2148,.T.);
#2146 = VERTEX_POINT('',#2147);
#2147 = CARTESIAN_POINT('',(2.,-1.3,1.00001E-02));
#2148 = B_SPLINE_CURVE_WITH_KNOTS('',1,(#2149,#2150),.UNSPECIFIED.,.F.,
  .F.,(2,2),(0.7,0.9),.PIECEWISE_BEZIER_KNOTS.);
#2149 = CARTESIAN_POINT('',(2.,-1.3,1.00001E-02));
#2150 = CARTESIAN_POINT('',(2.,-1.1,1.00001E-02));
#2151 = ORIENTED_EDGE('',*,*,#2152,.T.);
#2152 = EDGE_CURVE('',#2146,#2153,#2155,.T.);
#2153 = VERTEX_POINT('',#2154);
#2154 = CARTESIAN_POINT('',(1.61,-1.3,1.00001E-02));
#2155 = B_SPLINE_CURVE_WITH_KNOTS('',1,(#2156,#2157),.UNSPECIFIED.,.F.,
  .F.,(2,2),(-2.,-1.61),.PIECEWISE_BEZIER_KNOTS.);
#2156 = CARTESIAN_POINT('',(2.,-1.3,1.00001E-02));
#2157 = CARTESIAN_POINT('',(1.61,-1.3,1.00001E-02));
#2158 = ORIENTED_EDGE('',*,*,#2159,.T.);
#2159 = EDGE_CURVE('',#2153,#2160,#2162,.T.);
#2160 = VERTEX_POINT('',#2161);
#2161 = CARTESIAN_POINT('',(1.61,-1.5,1.00001E-02));
#2162 = B_SPLINE_CURVE_WITH_KNOTS('',1,(#2163,#2164),.UNSPECIFIED.,.F.,
  .F.,(2,2),(1.3,1.5),.PIECEWISE_BEZIER_KNOTS.);
#2163 = CARTESIAN_POINT('',(1.61,-1.3,1.00001E-02));
#2164 = CARTESIAN_POINT('',(1.61,-1.5,1.00001E-02));
#2165 = ORIENTED_EDGE('',*,*,#2166,.T.);
#2166 = EDGE_CURVE('',#2160,#2167,#2169,.T.);
#2167 = VERTEX_POINT('',#2168);
#2168 = CARTESIAN_POINT('',(2.,-1.5,1.00001E-02));
#2169 = B_SPLINE_CURVE_WITH_KNOTS('',1,(#2170,#2171),.UNSPECIFIED.,.F.,
  .F.,(2,2),(1.61,2.),.PIECEWISE_BEZIER_KNOTS.);
#2170 = CARTESIAN_POINT('',(1.61,-1.5,1.00001E-02));
#2171 = CARTESIAN_POINT('',(2.,-1.5,1.00001E-02));
#2172 = ORIENTED_EDGE('',*,*,#2173,.F.);
#2173 = EDGE_CURVE('',#2174,#2167,#2176,.T.);
#2174 = VERTEX_POINT('',#2175);
#2175 = CARTESIAN_POINT('',(2.,-2.,1.00001E-02));
#2176 = B_SPLINE_CURVE_WITH_KNOTS('',1,(#2177,#2178),.UNSPECIFIED.,.F.,
  .F.,(2,2),(0.,0.5),.PIECEWISE_BEZIER_KNOTS.);
#2177 = CARTESIAN_POINT('',(2.,-2.,1.00001E-02));
#2178 = CARTESIAN_POINT('',(2.,-1.5,1.00001E-02));
#2179 = ORIENTED_EDGE('',*,*,#2180,.F.);
#2180 = EDGE_CURVE('',#2181,#2174,#2183,.T.);
#2181 = VERTEX_POINT('',#2182);
#2182 = CARTESIAN_POINT('',(1.5,-2.,1.00001E-02));
#2183 = B_SPLINE_CURVE_WITH_KNOTS('',1,(#2184,#2185),.UNSPECIFIED.,.F.,
  .F.,(2,2),(3.5,4.),.PIECEWISE_BEZIER_KNOTS.);
#2184 = CARTESIAN_POINT('',(1.5,-2.,1.00001E-02));
#2185 = CARTESIAN_POINT('',(2.,-2.,1.00001E-02));
#2186 = ORIENTED_EDGE('',*,*,#2187,.T.);
#2187 = EDGE_CURVE('',#2181,#2188,#2190,.T.);
#2188 = VERTEX_POINT('',#2189);
#2189 = CARTESIAN_POINT('',(1.5,-1.61,1.00001E-02));
#2190 = B_SPLINE_CURVE_WITH_KNOTS('',1,(#2191,#2192),.UNSPECIFIED.,.F.,
  .F.,(2,2),(-2.,-1.61),.PIECEWISE_BEZIER_KNOTS.);
#2191 = CARTESIAN_POINT('',(1.5,-2.,1.00001E-02));
#2192 = CARTESIAN_POINT('',(1.5,-1.61,1.00001E-02));
#2193 = ORIENTED_EDGE('',*,*,#2194,.T.);
#2194 = EDGE_CURVE('',#2188,#2195,#2197,.T.);
#2195 = VERTEX_POINT('',#2196);
#2196 = CARTESIAN_POINT('',(1.3,-1.61,1.00001E-02));
#2197 = B_SPLINE_CURVE_WITH_KNOTS('',1,(#2198,#2199),.UNSPECIFIED.,.F.,
  .F.,(2,2),(-1.5,-1.3),.PIECEWISE_BEZIER_KNOTS.);
#2198 = CARTESIAN_POINT('',(1.5,-1.61,1.00001E-02));
#2199 = CARTESIAN_POINT('',(1.3,-1.61,1.00001E-02));
#2200 = ORIENTED_EDGE('',*,*,#2201,.T.);
#2201 = EDGE_CURVE('',#2195,#2202,#2204,.T.);
#2202 = VERTEX_POINT('',#2203);
#2203 = CARTESIAN_POINT('',(1.3,-2.,1.00001E-02));
#2204 = B_SPLINE_CURVE_WITH_KNOTS('',1,(#2205,#2206),.UNSPECIFIED.,.F.,
  .F.,(2,2),(1.61,2.),.PIECEWISE_BEZIER_KNOTS.);
#2205 = CARTESIAN_POINT('',(1.3,-1.61,1.00001E-02));
#2206 = CARTESIAN_POINT('',(1.3,-2.,1.00001E-02));
#2207 = ORIENTED_EDGE('',*,*,#2208,.F.);
#2208 = EDGE_CURVE('',#2209,#2202,#2211,.T.);
#2209 = VERTEX_POINT('',#2210);
#2210 = CARTESIAN_POINT('',(1.1,-2.,1.00001E-02));
#2211 = B_SPLINE_CURVE_WITH_KNOTS('',1,(#2212,#2213),.UNSPECIFIED.,.F.,
  .F.,(2,2),(3.1,3.3),.PIECEWISE_BEZIER_KNOTS.);
#2212 = CARTESIAN_POINT('',(1.1,-2.,1.00001E-02));
#2213 = CARTESIAN_POINT('',(1.3,-2.,1.00001E-02));
#2214 = ORIENTED_EDGE('',*,*,#2215,.T.);
#2215 = EDGE_CURVE('',#2209,#2216,#2218,.T.);
#2216 = VERTEX_POINT('',#2217);
#2217 = CARTESIAN_POINT('',(1.1,-1.61,1.00001E-02));
#2218 = B_SPLINE_CURVE_WITH_KNOTS('',1,(#2219,#2220),.UNSPECIFIED.,.F.,
  .F.,(2,2),(-2.,-1.61),.PIECEWISE_BEZIER_KNOTS.);
#2219 = CARTESIAN_POINT('',(1.1,-2.,1.00001E-02));
#2220 = CARTESIAN_POINT('',(1.1,-1.61,1.00001E-02));
#2221 = ORIENTED_EDGE('',*,*,#2222,.T.);
#2222 = EDGE_CURVE('',#2216,#2223,#2225,.T.);
#2223 = VERTEX_POINT('',#2224);
#2224 = CARTESIAN_POINT('',(0.9,-1.61,1.00001E-02));
#2225 = B_SPLINE_CURVE_WITH_KNOTS('',1,(#2226,#2227),.UNSPECIFIED.,.F.,
  .F.,(2,2),(-1.1,-0.9),.PIECEWISE_BEZIER_KNOTS.);
#2226 = CARTESIAN_POINT('',(1.1,-1.61,1.00001E-02));
#2227 = CARTESIAN_POINT('',(0.9,-1.61,1.00001E-02));
#2228 = ORIENTED_EDGE('',*,*,#2229,.T.);
#2229 = EDGE_CURVE('',#2223,#2230,#2232,.T.);
#2230 = VERTEX_POINT('',#2231);
#2231 = CARTESIAN_POINT('',(0.9,-2.,1.00001E-02));
#2232 = B_SPLINE_CURVE_WITH_KNOTS('',1,(#2233,#2234),.UNSPECIFIED.,.F.,
  .F.,(2,2),(1.61,2.),.PIECEWISE_BEZIER_KNOTS.);
#2233 = CARTESIAN_POINT('',(0.9,-1.61,1.00001E-02));
#2234 = CARTESIAN_POINT('',(0.9,-2.,1.00001E-02));
#2235 = ORIENTED_EDGE('',*,*,#2236,.F.);
#2236 = EDGE_CURVE('',#2237,#2230,#2239,.T.);
#2237 = VERTEX_POINT('',#2238);
#2238 = CARTESIAN_POINT('',(0.7,-2.,1.00001E-02));
#2239 = B_SPLINE_CURVE_WITH_KNOTS('',1,(#2240,#2241),.UNSPECIFIED.,.F.,
  .F.,(2,2),(2.7,2.9),.PIECEWISE_BEZIER_KNOTS.);
#2240 = CARTESIAN_POINT('',(0.7,-2.,1.00001E-02));
#2241 = CARTESIAN_POINT('',(0.9,-2.,1.00001E-02));
#2242 = ORIENTED_EDGE('',*,*,#2243,.T.);
#2243 = EDGE_CURVE('',#2237,#2244,#2246,.T.);
#2244 = VERTEX_POINT('',#2245);
#2245 = CARTESIAN_POINT('',(0.7,-1.61,1.00001E-02));
#2246 = B_SPLINE_CURVE_WITH_KNOTS('',1,(#2247,#2248),.UNSPECIFIED.,.F.,
  .F.,(2,2),(-2.,-1.61),.PIECEWISE_BEZIER_KNOTS.);
#2247 = CARTESIAN_POINT('',(0.7,-2.,1.00001E-02));
#2248 = CARTESIAN_POINT('',(0.7,-1.61,1.00001E-02));
#2249 = ORIENTED_EDGE('',*,*,#2250,.T.);
#2250 = EDGE_CURVE('',#2244,#2251,#2253,.T.);
#2251 = VERTEX_POINT('',#2252);
#2252 = CARTESIAN_POINT('',(0.5,-1.61,1.00001E-02));
#2253 = B_SPLINE_CURVE_WITH_KNOTS('',1,(#2254,#2255),.UNSPECIFIED.,.F.,
  .F.,(2,2),(-0.7,-0.5),.PIECEWISE_BEZIER_KNOTS.);
#2254 = CARTESIAN_POINT('',(0.7,-1.61,1.00001E-02));
#2255 = CARTESIAN_POINT('',(0.5,-1.61,1.00001E-02));
#2256 = ORIENTED_EDGE('',*,*,#2257,.T.);
#2257 = EDGE_CURVE('',#2251,#2258,#2260,.T.);
#2258 = VERTEX_POINT('',#2259);
#2259 = CARTESIAN_POINT('',(0.5,-2.,1.00001E-02));
#2260 = B_SPLINE_CURVE_WITH_KNOTS('',1,(#2261,#2262),.UNSPECIFIED.,.F.,
  .F.,(2,2),(1.61,2.),.PIECEWISE_BEZIER_KNOTS.);
#2261 = CARTESIAN_POINT('',(0.5,-1.61,1.00001E-02));
#2262 = CARTESIAN_POINT('',(0.5,-2.,1.00001E-02));
#2263 = ORIENTED_EDGE('',*,*,#2264,.F.);
#2264 = EDGE_CURVE('',#2265,#2258,#2267,.T.);
#2265 = VERTEX_POINT('',#2266);
#2266 = CARTESIAN_POINT('',(0.3,-2.,1.00001E-02));
#2267 = B_SPLINE_CURVE_WITH_KNOTS('',1,(#2268,#2269),.UNSPECIFIED.,.F.,
  .F.,(2,2),(2.3,2.5),.PIECEWISE_BEZIER_KNOTS.);
#2268 = CARTESIAN_POINT('',(0.3,-2.,1.00001E-02));
#2269 = CARTESIAN_POINT('',(0.5,-2.,1.00001E-02));
#2270 = ORIENTED_EDGE('',*,*,#2271,.T.);
#2271 = EDGE_CURVE('',#2265,#2272,#2274,.T.);
#2272 = VERTEX_POINT('',#2273);
#2273 = CARTESIAN_POINT('',(0.3,-1.61,1.00001E-02));
#2274 = B_SPLINE_CURVE_WITH_KNOTS('',1,(#2275,#2276),.UNSPECIFIED.,.F.,
  .F.,(2,2),(-2.,-1.61),.PIECEWISE_BEZIER_KNOTS.);
#2275 = CARTESIAN_POINT('',(0.3,-2.,1.00001E-02));
#2276 = CARTESIAN_POINT('',(0.3,-1.61,1.00001E-02));
#2277 = ORIENTED_EDGE('',*,*,#2278,.T.);
#2278 = EDGE_CURVE('',#2272,#2279,#2281,.T.);
#2279 = VERTEX_POINT('',#2280);
#2280 = CARTESIAN_POINT('',(0.1,-1.61,1.00001E-02));
#2281 = B_SPLINE_CURVE_WITH_KNOTS('',1,(#2282,#2283),.UNSPECIFIED.,.F.,
  .F.,(2,2),(-0.3,-1.E-01),.PIECEWISE_BEZIER_KNOTS.);
#2282 = CARTESIAN_POINT('',(0.3,-1.61,1.00001E-02));
#2283 = CARTESIAN_POINT('',(0.1,-1.61,1.00001E-02));
#2284 = ORIENTED_EDGE('',*,*,#2285,.T.);
#2285 = EDGE_CURVE('',#2279,#2286,#2288,.T.);
#2286 = VERTEX_POINT('',#2287);
#2287 = CARTESIAN_POINT('',(0.1,-2.,1.00001E-02));
#2288 = B_SPLINE_CURVE_WITH_KNOTS('',1,(#2289,#2290),.UNSPECIFIED.,.F.,
  .F.,(2,2),(1.61,2.),.PIECEWISE_BEZIER_KNOTS.);
#2289 = CARTESIAN_POINT('',(0.1,-1.61,1.00001E-02));
#2290 = CARTESIAN_POINT('',(0.1,-2.,1.00001E-02));
#2291 = ORIENTED_EDGE('',*,*,#2292,.F.);
#2292 = EDGE_CURVE('',#2293,#2286,#2295,.T.);
#2293 = VERTEX_POINT('',#2294);
#2294 = CARTESIAN_POINT('',(-9.999999999999E-02,-2.,1.00001E-02));
#2295 = B_SPLINE_CURVE_WITH_KNOTS('',1,(#2296,#2297),.UNSPECIFIED.,.F.,
  .F.,(2,2),(1.9,2.1),.PIECEWISE_BEZIER_KNOTS.);
#2296 = CARTESIAN_POINT('',(-9.999999999999E-02,-2.,1.00001E-02));
#2297 = CARTESIAN_POINT('',(0.1,-2.,1.00001E-02));
#2298 = ORIENTED_EDGE('',*,*,#2299,.T.);
#2299 = EDGE_CURVE('',#2293,#2300,#2302,.T.);
#2300 = VERTEX_POINT('',#2301);
#2301 = CARTESIAN_POINT('',(-1.E-01,-1.61,1.00001E-02));
#2302 = B_SPLINE_CURVE_WITH_KNOTS('',1,(#2303,#2304),.UNSPECIFIED.,.F.,
  .F.,(2,2),(-2.,-1.61),.PIECEWISE_BEZIER_KNOTS.);
#2303 = CARTESIAN_POINT('',(-9.999999999999E-02,-2.,1.00001E-02));
#2304 = CARTESIAN_POINT('',(-1.E-01,-1.61,1.00001E-02));
#2305 = ORIENTED_EDGE('',*,*,#2306,.T.);
#2306 = EDGE_CURVE('',#2300,#2307,#2309,.T.);
#2307 = VERTEX_POINT('',#2308);
#2308 = CARTESIAN_POINT('',(-0.3,-1.61,1.00001E-02));
#2309 = B_SPLINE_CURVE_WITH_KNOTS('',1,(#2310,#2311),.UNSPECIFIED.,.F.,
  .F.,(2,2),(0.1,0.3),.PIECEWISE_BEZIER_KNOTS.);
#2310 = CARTESIAN_POINT('',(-1.E-01,-1.61,1.00001E-02));
#2311 = CARTESIAN_POINT('',(-0.3,-1.61,1.00001E-02));
#2312 = ORIENTED_EDGE('',*,*,#2313,.T.);
#2313 = EDGE_CURVE('',#2307,#2314,#2316,.T.);
#2314 = VERTEX_POINT('',#2315);
#2315 = CARTESIAN_POINT('',(-0.3,-2.,1.00001E-02));
#2316 = B_SPLINE_CURVE_WITH_KNOTS('',1,(#2317,#2318),.UNSPECIFIED.,.F.,
  .F.,(2,2),(1.61,2.),.PIECEWISE_BEZIER_KNOTS.);
#2317 = CARTESIAN_POINT('',(-0.3,-1.61,1.00001E-02));
#2318 = CARTESIAN_POINT('',(-0.3,-2.,1.00001E-02));
#2319 = ORIENTED_EDGE('',*,*,#2320,.F.);
#2320 = EDGE_CURVE('',#2321,#2314,#2323,.T.);
#2321 = VERTEX_POINT('',#2322);
#2322 = CARTESIAN_POINT('',(-0.5,-2.,1.00001E-02));
#2323 = B_SPLINE_CURVE_WITH_KNOTS('',1,(#2324,#2325),.UNSPECIFIED.,.F.,
  .F.,(2,2),(1.5,1.7),.PIECEWISE_BEZIER_KNOTS.);
#2324 = CARTESIAN_POINT('',(-0.5,-2.,1.00001E-02));
#2325 = CARTESIAN_POINT('',(-0.3,-2.,1.00001E-02));
#2326 = ORIENTED_EDGE('',*,*,#2327,.T.);
#2327 = EDGE_CURVE('',#2321,#2328,#2330,.T.);
#2328 = VERTEX_POINT('',#2329);
#2329 = CARTESIAN_POINT('',(-0.5,-1.61,1.00001E-02));
#2330 = B_SPLINE_CURVE_WITH_KNOTS('',1,(#2331,#2332),.UNSPECIFIED.,.F.,
  .F.,(2,2),(-2.,-1.61),.PIECEWISE_BEZIER_KNOTS.);
#2331 = CARTESIAN_POINT('',(-0.5,-2.,1.00001E-02));
#2332 = CARTESIAN_POINT('',(-0.5,-1.61,1.00001E-02));
#2333 = ORIENTED_EDGE('',*,*,#2334,.T.);
#2334 = EDGE_CURVE('',#2328,#2335,#2337,.T.);
#2335 = VERTEX_POINT('',#2336);
#2336 = CARTESIAN_POINT('',(-0.7,-1.61,1.00001E-02));
#2337 = B_SPLINE_CURVE_WITH_KNOTS('',1,(#2338,#2339),.UNSPECIFIED.,.F.,
  .F.,(2,2),(0.5,0.7),.PIECEWISE_BEZIER_KNOTS.);
#2338 = CARTESIAN_POINT('',(-0.5,-1.61,1.00001E-02));
#2339 = CARTESIAN_POINT('',(-0.7,-1.61,1.00001E-02));
#2340 = ORIENTED_EDGE('',*,*,#2341,.T.);
#2341 = EDGE_CURVE('',#2335,#2342,#2344,.T.);
#2342 = VERTEX_POINT('',#2343);
#2343 = CARTESIAN_POINT('',(-0.7,-2.,1.00001E-02));
#2344 = B_SPLINE_CURVE_WITH_KNOTS('',1,(#2345,#2346),.UNSPECIFIED.,.F.,
  .F.,(2,2),(1.61,2.),.PIECEWISE_BEZIER_KNOTS.);
#2345 = CARTESIAN_POINT('',(-0.7,-1.61,1.00001E-02));
#2346 = CARTESIAN_POINT('',(-0.7,-2.,1.00001E-02));
#2347 = ORIENTED_EDGE('',*,*,#2348,.F.);
#2348 = EDGE_CURVE('',#2349,#2342,#2351,.T.);
#2349 = VERTEX_POINT('',#2350);
#2350 = CARTESIAN_POINT('',(-0.9,-2.,1.00001E-02));
#2351 = B_SPLINE_CURVE_WITH_KNOTS('',1,(#2352,#2353),.UNSPECIFIED.,.F.,
  .F.,(2,2),(1.1,1.3),.PIECEWISE_BEZIER_KNOTS.);
#2352 = CARTESIAN_POINT('',(-0.9,-2.,1.00001E-02));
#2353 = CARTESIAN_POINT('',(-0.7,-2.,1.00001E-02));
#2354 = ORIENTED_EDGE('',*,*,#2355,.T.);
#2355 = EDGE_CURVE('',#2349,#2356,#2358,.T.);
#2356 = VERTEX_POINT('',#2357);
#2357 = CARTESIAN_POINT('',(-0.9,-1.61,1.00001E-02));
#2358 = B_SPLINE_CURVE_WITH_KNOTS('',1,(#2359,#2360),.UNSPECIFIED.,.F.,
  .F.,(2,2),(-2.,-1.61),.PIECEWISE_BEZIER_KNOTS.);
#2359 = CARTESIAN_POINT('',(-0.9,-2.,1.00001E-02));
#2360 = CARTESIAN_POINT('',(-0.9,-1.61,1.00001E-02));
#2361 = ORIENTED_EDGE('',*,*,#2362,.T.);
#2362 = EDGE_CURVE('',#2356,#2363,#2365,.T.);
#2363 = VERTEX_POINT('',#2364);
#2364 = CARTESIAN_POINT('',(-1.1,-1.61,1.00001E-02));
#2365 = B_SPLINE_CURVE_WITH_KNOTS('',1,(#2366,#2367),.UNSPECIFIED.,.F.,
  .F.,(2,2),(0.9,1.1),.PIECEWISE_BEZIER_KNOTS.);
#2366 = CARTESIAN_POINT('',(-0.9,-1.61,1.00001E-02));
#2367 = CARTESIAN_POINT('',(-1.1,-1.61,1.00001E-02));
#2368 = ORIENTED_EDGE('',*,*,#2369,.T.);
#2369 = EDGE_CURVE('',#2363,#2370,#2372,.T.);
#2370 = VERTEX_POINT('',#2371);
#2371 = CARTESIAN_POINT('',(-1.1,-2.,1.00001E-02));
#2372 = B_SPLINE_CURVE_WITH_KNOTS('',1,(#2373,#2374),.UNSPECIFIED.,.F.,
  .F.,(2,2),(1.61,2.),.PIECEWISE_BEZIER_KNOTS.);
#2373 = CARTESIAN_POINT('',(-1.1,-1.61,1.00001E-02));
#2374 = CARTESIAN_POINT('',(-1.1,-2.,1.00001E-02));
#2375 = ORIENTED_EDGE('',*,*,#2376,.F.);
#2376 = EDGE_CURVE('',#2377,#2370,#2379,.T.);
#2377 = VERTEX_POINT('',#2378);
#2378 = CARTESIAN_POINT('',(-1.3,-2.,1.00001E-02));
#2379 = B_SPLINE_CURVE_WITH_KNOTS('',1,(#2380,#2381),.UNSPECIFIED.,.F.,
  .F.,(2,2),(0.7,0.9),.PIECEWISE_BEZIER_KNOTS.);
#2380 = CARTESIAN_POINT('',(-1.3,-2.,1.00001E-02));
#2381 = CARTESIAN_POINT('',(-1.1,-2.,1.00001E-02));
#2382 = ORIENTED_EDGE('',*,*,#2383,.T.);
#2383 = EDGE_CURVE('',#2377,#2384,#2386,.T.);
#2384 = VERTEX_POINT('',#2385);
#2385 = CARTESIAN_POINT('',(-1.3,-1.61,1.00001E-02));
#2386 = B_SPLINE_CURVE_WITH_KNOTS('',1,(#2387,#2388),.UNSPECIFIED.,.F.,
  .F.,(2,2),(-2.,-1.61),.PIECEWISE_BEZIER_KNOTS.);
#2387 = CARTESIAN_POINT('',(-1.3,-2.,1.00001E-02));
#2388 = CARTESIAN_POINT('',(-1.3,-1.61,1.00001E-02));
#2389 = ORIENTED_EDGE('',*,*,#2390,.T.);
#2390 = EDGE_CURVE('',#2384,#2391,#2393,.T.);
#2391 = VERTEX_POINT('',#2392);
#2392 = CARTESIAN_POINT('',(-1.5,-1.61,1.00001E-02));
#2393 = B_SPLINE_CURVE_WITH_KNOTS('',1,(#2394,#2395),.UNSPECIFIED.,.F.,
  .F.,(2,2),(1.3,1.5),.PIECEWISE_BEZIER_KNOTS.);
#2394 = CARTESIAN_POINT('',(-1.3,-1.61,1.00001E-02));
#2395 = CARTESIAN_POINT('',(-1.5,-1.61,1.00001E-02));
#2396 = ORIENTED_EDGE('',*,*,#2397,.T.);
#2397 = EDGE_CURVE('',#2391,#2398,#2400,.T.);
#2398 = VERTEX_POINT('',#2399);
#2399 = CARTESIAN_POINT('',(-1.5,-2.,1.00001E-02));
#2400 = B_SPLINE_CURVE_WITH_KNOTS('',1,(#2401,#2402),.UNSPECIFIED.,.F.,
  .F.,(2,2),(1.61,2.),.PIECEWISE_BEZIER_KNOTS.);
#2401 = CARTESIAN_POINT('',(-1.5,-1.61,1.00001E-02));
#2402 = CARTESIAN_POINT('',(-1.5,-2.,1.00001E-02));
#2403 = ORIENTED_EDGE('',*,*,#2404,.F.);
#2404 = EDGE_CURVE('',#1488,#2398,#2405,.T.);
#2405 = B_SPLINE_CURVE_WITH_KNOTS('',1,(#2406,#2407),.UNSPECIFIED.,.F.,
  .F.,(2,2),(0.,0.5),.PIECEWISE_BEZIER_KNOTS.);
#2406 = CARTESIAN_POINT('',(-2.,-2.,1.00001E-02));
#2407 = CARTESIAN_POINT('',(-1.5,-2.,1.00001E-02));
#2408 = B_SPLINE_SURFACE_WITH_KNOTS('',1,1,(
    (#2409,#2410)
    ,(#2411,#2412
    )),.UNSPECIFIED.,.F.,.F.,.F.,(2,2),(2,2),(-2.,2.),(-2.,2.),
  .PIECEWISE_BEZIER_KNOTS.);
#2409 = CARTESIAN_POINT('',(2.,-2.,1.00001E-02));
#2410 = CARTESIAN_POINT('',(2.,2.,1.00001E-02));
#2411 = CARTESIAN_POINT('',(-2.,-2.,1.00001E-02));
#2412 = CARTESIAN_POINT('',(-2.,2.,1.00001E-02));
#2413 = ADVANCED_FACE('',(#2414),#2588,.F.);
#2414 = FACE_BOUND('',#2415,.T.);
#2415 = EDGE_LOOP('',(#2416,#2423,#2424,#2429,#2430,#2435,#2436,#2443,
    #2450,#2455,#2456,#2463,#2470,#2475,#2476,#2483,#2490,#2495,#2496,
    #2503,#2510,#2515,#2516,#2523,#2530,#2535,#2536,#2543,#2550,#2555,
    #2556,#2563,#2570,#2575,#2576,#2583));
#2416 = ORIENTED_EDGE('',*,*,#2417,.F.);
#2417 = EDGE_CURVE('',#1486,#2418,#2420,.T.);
#2418 = VERTEX_POINT('',#2419);
#2419 = CARTESIAN_POINT('',(-2.,-1.5,0.2000001));
#2420 = B_SPLINE_CURVE_WITH_KNOTS('',1,(#2421,#2422),.UNSPECIFIED.,.F.,
  .F.,(2,2),(-0.8,-0.61),.PIECEWISE_BEZIER_KNOTS.);
#2421 = CARTESIAN_POINT('',(-2.,-1.5,1.00001E-02));
#2422 = CARTESIAN_POINT('',(-2.,-1.5,0.2000001));
#2423 = ORIENTED_EDGE('',*,*,#1485,.T.);
#2424 = ORIENTED_EDGE('',*,*,#2425,.F.);
#2425 = EDGE_CURVE('',#529,#1488,#2426,.T.);
#2426 = B_SPLINE_CURVE_WITH_KNOTS('',1,(#2427,#2428),.UNSPECIFIED.,.F.,
  .F.,(2,2),(-0.,0.8),.PIECEWISE_BEZIER_KNOTS.);
#2427 = CARTESIAN_POINT('',(-2.,-2.,0.8100001));
#2428 = CARTESIAN_POINT('',(-2.,-2.,1.00001E-02));
#2429 = ORIENTED_EDGE('',*,*,#528,.F.);
#2430 = ORIENTED_EDGE('',*,*,#2431,.T.);
#2431 = EDGE_CURVE('',#522,#1712,#2432,.T.);
#2432 = B_SPLINE_CURVE_WITH_KNOTS('',1,(#2433,#2434),.UNSPECIFIED.,.F.,
  .F.,(2,2),(-0.,0.8),.PIECEWISE_BEZIER_KNOTS.);
#2433 = CARTESIAN_POINT('',(-2.,2.,0.8100001));
#2434 = CARTESIAN_POINT('',(-2.,2.,1.00001E-02));
#2435 = ORIENTED_EDGE('',*,*,#1711,.T.);
#2436 = ORIENTED_EDGE('',*,*,#2437,.F.);
#2437 = EDGE_CURVE('',#2438,#1705,#2440,.T.);
#2438 = VERTEX_POINT('',#2439);
#2439 = CARTESIAN_POINT('',(-2.,1.5,0.2000001));
#2440 = B_SPLINE_CURVE_WITH_KNOTS('',1,(#2441,#2442),.UNSPECIFIED.,.F.,
  .F.,(2,2),(0.61,0.8),.PIECEWISE_BEZIER_KNOTS.);
#2441 = CARTESIAN_POINT('',(-2.,1.5,0.2000001));
#2442 = CARTESIAN_POINT('',(-2.,1.5,1.00001E-02));
#2443 = ORIENTED_EDGE('',*,*,#2444,.F.);
#2444 = EDGE_CURVE('',#2445,#2438,#2447,.T.);
#2445 = VERTEX_POINT('',#2446);
#2446 = CARTESIAN_POINT('',(-2.,1.3,0.2000001));
#2447 = B_SPLINE_CURVE_WITH_KNOTS('',1,(#2448,#2449),.UNSPECIFIED.,.F.,
  .F.,(2,2),(3.3,3.5),.PIECEWISE_BEZIER_KNOTS.);
#2448 = CARTESIAN_POINT('',(-2.,1.3,0.2000001));
#2449 = CARTESIAN_POINT('',(-2.,1.5,0.2000001));
#2450 = ORIENTED_EDGE('',*,*,#2451,.F.);
#2451 = EDGE_CURVE('',#1684,#2445,#2452,.T.);
#2452 = B_SPLINE_CURVE_WITH_KNOTS('',1,(#2453,#2454),.UNSPECIFIED.,.F.,
  .F.,(2,2),(-0.8,-0.61),.PIECEWISE_BEZIER_KNOTS.);
#2453 = CARTESIAN_POINT('',(-2.,1.3,1.00001E-02));
#2454 = CARTESIAN_POINT('',(-2.,1.3,0.2000001));
#2455 = ORIENTED_EDGE('',*,*,#1683,.T.);
#2456 = ORIENTED_EDGE('',*,*,#2457,.F.);
#2457 = EDGE_CURVE('',#2458,#1677,#2460,.T.);
#2458 = VERTEX_POINT('',#2459);
#2459 = CARTESIAN_POINT('',(-2.,1.1,0.2000001));
#2460 = B_SPLINE_CURVE_WITH_KNOTS('',1,(#2461,#2462),.UNSPECIFIED.,.F.,
  .F.,(2,2),(0.61,0.8),.PIECEWISE_BEZIER_KNOTS.);
#2461 = CARTESIAN_POINT('',(-2.,1.1,0.2000001));
#2462 = CARTESIAN_POINT('',(-2.,1.1,1.00001E-02));
#2463 = ORIENTED_EDGE('',*,*,#2464,.F.);
#2464 = EDGE_CURVE('',#2465,#2458,#2467,.T.);
#2465 = VERTEX_POINT('',#2466);
#2466 = CARTESIAN_POINT('',(-2.,0.9,0.2000001));
#2467 = B_SPLINE_CURVE_WITH_KNOTS('',1,(#2468,#2469),.UNSPECIFIED.,.F.,
  .F.,(2,2),(2.9,3.1),.PIECEWISE_BEZIER_KNOTS.);
#2468 = CARTESIAN_POINT('',(-2.,0.9,0.2000001));
#2469 = CARTESIAN_POINT('',(-2.,1.1,0.2000001));
#2470 = ORIENTED_EDGE('',*,*,#2471,.F.);
#2471 = EDGE_CURVE('',#1656,#2465,#2472,.T.);
#2472 = B_SPLINE_CURVE_WITH_KNOTS('',1,(#2473,#2474),.UNSPECIFIED.,.F.,
  .F.,(2,2),(-0.8,-0.61),.PIECEWISE_BEZIER_KNOTS.);
#2473 = CARTESIAN_POINT('',(-2.,0.9,1.00001E-02));
#2474 = CARTESIAN_POINT('',(-2.,0.9,0.2000001));
#2475 = ORIENTED_EDGE('',*,*,#1655,.T.);
#2476 = ORIENTED_EDGE('',*,*,#2477,.F.);
#2477 = EDGE_CURVE('',#2478,#1649,#2480,.T.);
#2478 = VERTEX_POINT('',#2479);
#2479 = CARTESIAN_POINT('',(-2.,0.7,0.2000001));
#2480 = B_SPLINE_CURVE_WITH_KNOTS('',1,(#2481,#2482),.UNSPECIFIED.,.F.,
  .F.,(2,2),(0.61,0.8),.PIECEWISE_BEZIER_KNOTS.);
#2481 = CARTESIAN_POINT('',(-2.,0.7,0.2000001));
#2482 = CARTESIAN_POINT('',(-2.,0.7,1.00001E-02));
#2483 = ORIENTED_EDGE('',*,*,#2484,.F.);
#2484 = EDGE_CURVE('',#2485,#2478,#2487,.T.);
#2485 = VERTEX_POINT('',#2486);
#2486 = CARTESIAN_POINT('',(-2.,0.5,0.2000001));
#2487 = B_SPLINE_CURVE_WITH_KNOTS('',1,(#2488,#2489),.UNSPECIFIED.,.F.,
  .F.,(2,2),(2.5,2.7),.PIECEWISE_BEZIER_KNOTS.);
#2488 = CARTESIAN_POINT('',(-2.,0.5,0.2000001));
#2489 = CARTESIAN_POINT('',(-2.,0.7,0.2000001));
#2490 = ORIENTED_EDGE('',*,*,#2491,.F.);
#2491 = EDGE_CURVE('',#1628,#2485,#2492,.T.);
#2492 = B_SPLINE_CURVE_WITH_KNOTS('',1,(#2493,#2494),.UNSPECIFIED.,.F.,
  .F.,(2,2),(-0.8,-0.61),.PIECEWISE_BEZIER_KNOTS.);
#2493 = CARTESIAN_POINT('',(-2.,0.5,1.00001E-02));
#2494 = CARTESIAN_POINT('',(-2.,0.5,0.2000001));
#2495 = ORIENTED_EDGE('',*,*,#1627,.T.);
#2496 = ORIENTED_EDGE('',*,*,#2497,.F.);
#2497 = EDGE_CURVE('',#2498,#1621,#2500,.T.);
#2498 = VERTEX_POINT('',#2499);
#2499 = CARTESIAN_POINT('',(-2.,0.3,0.2000001));
#2500 = B_SPLINE_CURVE_WITH_KNOTS('',1,(#2501,#2502),.UNSPECIFIED.,.F.,
  .F.,(2,2),(0.61,0.8),.PIECEWISE_BEZIER_KNOTS.);
#2501 = CARTESIAN_POINT('',(-2.,0.3,0.2000001));
#2502 = CARTESIAN_POINT('',(-2.,0.3,1.00001E-02));
#2503 = ORIENTED_EDGE('',*,*,#2504,.F.);
#2504 = EDGE_CURVE('',#2505,#2498,#2507,.T.);
#2505 = VERTEX_POINT('',#2506);
#2506 = CARTESIAN_POINT('',(-2.,9.999999999998E-02,0.2000001));
#2507 = B_SPLINE_CURVE_WITH_KNOTS('',1,(#2508,#2509),.UNSPECIFIED.,.F.,
  .F.,(2,2),(2.1,2.3),.PIECEWISE_BEZIER_KNOTS.);
#2508 = CARTESIAN_POINT('',(-2.,9.999999999998E-02,0.2000001));
#2509 = CARTESIAN_POINT('',(-2.,0.3,0.2000001));
#2510 = ORIENTED_EDGE('',*,*,#2511,.F.);
#2511 = EDGE_CURVE('',#1600,#2505,#2512,.T.);
#2512 = B_SPLINE_CURVE_WITH_KNOTS('',1,(#2513,#2514),.UNSPECIFIED.,.F.,
  .F.,(2,2),(-0.8,-0.61),.PIECEWISE_BEZIER_KNOTS.);
#2513 = CARTESIAN_POINT('',(-2.,9.999999999998E-02,1.00001E-02));
#2514 = CARTESIAN_POINT('',(-2.,9.999999999998E-02,0.2000001));
#2515 = ORIENTED_EDGE('',*,*,#1599,.T.);
#2516 = ORIENTED_EDGE('',*,*,#2517,.F.);
#2517 = EDGE_CURVE('',#2518,#1593,#2520,.T.);
#2518 = VERTEX_POINT('',#2519);
#2519 = CARTESIAN_POINT('',(-2.,-0.1,0.2000001));
#2520 = B_SPLINE_CURVE_WITH_KNOTS('',1,(#2521,#2522),.UNSPECIFIED.,.F.,
  .F.,(2,2),(0.61,0.8),.PIECEWISE_BEZIER_KNOTS.);
#2521 = CARTESIAN_POINT('',(-2.,-0.1,0.2000001));
#2522 = CARTESIAN_POINT('',(-2.,-0.1,1.00001E-02));
#2523 = ORIENTED_EDGE('',*,*,#2524,.F.);
#2524 = EDGE_CURVE('',#2525,#2518,#2527,.T.);
#2525 = VERTEX_POINT('',#2526);
#2526 = CARTESIAN_POINT('',(-2.,-0.3,0.2000001));
#2527 = B_SPLINE_CURVE_WITH_KNOTS('',1,(#2528,#2529),.UNSPECIFIED.,.F.,
  .F.,(2,2),(1.7,1.9),.PIECEWISE_BEZIER_KNOTS.);
#2528 = CARTESIAN_POINT('',(-2.,-0.3,0.2000001));
#2529 = CARTESIAN_POINT('',(-2.,-0.1,0.2000001));
#2530 = ORIENTED_EDGE('',*,*,#2531,.F.);
#2531 = EDGE_CURVE('',#1572,#2525,#2532,.T.);
#2532 = B_SPLINE_CURVE_WITH_KNOTS('',1,(#2533,#2534),.UNSPECIFIED.,.F.,
  .F.,(2,2),(-0.8,-0.61),.PIECEWISE_BEZIER_KNOTS.);
#2533 = CARTESIAN_POINT('',(-2.,-0.3,1.00001E-02));
#2534 = CARTESIAN_POINT('',(-2.,-0.3,0.2000001));
#2535 = ORIENTED_EDGE('',*,*,#1571,.T.);
#2536 = ORIENTED_EDGE('',*,*,#2537,.F.);
#2537 = EDGE_CURVE('',#2538,#1565,#2540,.T.);
#2538 = VERTEX_POINT('',#2539);
#2539 = CARTESIAN_POINT('',(-2.,-0.5,0.2000001));
#2540 = B_SPLINE_CURVE_WITH_KNOTS('',1,(#2541,#2542),.UNSPECIFIED.,.F.,
  .F.,(2,2),(0.61,0.8),.PIECEWISE_BEZIER_KNOTS.);
#2541 = CARTESIAN_POINT('',(-2.,-0.5,0.2000001));
#2542 = CARTESIAN_POINT('',(-2.,-0.5,1.00001E-02));
#2543 = ORIENTED_EDGE('',*,*,#2544,.F.);
#2544 = EDGE_CURVE('',#2545,#2538,#2547,.T.);
#2545 = VERTEX_POINT('',#2546);
#2546 = CARTESIAN_POINT('',(-2.,-0.7,0.2000001));
#2547 = B_SPLINE_CURVE_WITH_KNOTS('',1,(#2548,#2549),.UNSPECIFIED.,.F.,
  .F.,(2,2),(1.3,1.5),.PIECEWISE_BEZIER_KNOTS.);
#2548 = CARTESIAN_POINT('',(-2.,-0.7,0.2000001));
#2549 = CARTESIAN_POINT('',(-2.,-0.5,0.2000001));
#2550 = ORIENTED_EDGE('',*,*,#2551,.F.);
#2551 = EDGE_CURVE('',#1544,#2545,#2552,.T.);
#2552 = B_SPLINE_CURVE_WITH_KNOTS('',1,(#2553,#2554),.UNSPECIFIED.,.F.,
  .F.,(2,2),(-0.8,-0.61),.PIECEWISE_BEZIER_KNOTS.);
#2553 = CARTESIAN_POINT('',(-2.,-0.7,1.00001E-02));
#2554 = CARTESIAN_POINT('',(-2.,-0.7,0.2000001));
#2555 = ORIENTED_EDGE('',*,*,#1543,.T.);
#2556 = ORIENTED_EDGE('',*,*,#2557,.F.);
#2557 = EDGE_CURVE('',#2558,#1537,#2560,.T.);
#2558 = VERTEX_POINT('',#2559);
#2559 = CARTESIAN_POINT('',(-2.,-0.9,0.2000001));
#2560 = B_SPLINE_CURVE_WITH_KNOTS('',1,(#2561,#2562),.UNSPECIFIED.,.F.,
  .F.,(2,2),(0.61,0.8),.PIECEWISE_BEZIER_KNOTS.);
#2561 = CARTESIAN_POINT('',(-2.,-0.9,0.2000001));
#2562 = CARTESIAN_POINT('',(-2.,-0.9,1.00001E-02));
#2563 = ORIENTED_EDGE('',*,*,#2564,.F.);
#2564 = EDGE_CURVE('',#2565,#2558,#2567,.T.);
#2565 = VERTEX_POINT('',#2566);
#2566 = CARTESIAN_POINT('',(-2.,-1.1,0.2000001));
#2567 = B_SPLINE_CURVE_WITH_KNOTS('',1,(#2568,#2569),.UNSPECIFIED.,.F.,
  .F.,(2,2),(0.9,1.1),.PIECEWISE_BEZIER_KNOTS.);
#2568 = CARTESIAN_POINT('',(-2.,-1.1,0.2000001));
#2569 = CARTESIAN_POINT('',(-2.,-0.9,0.2000001));
#2570 = ORIENTED_EDGE('',*,*,#2571,.F.);
#2571 = EDGE_CURVE('',#1516,#2565,#2572,.T.);
#2572 = B_SPLINE_CURVE_WITH_KNOTS('',1,(#2573,#2574),.UNSPECIFIED.,.F.,
  .F.,(2,2),(-0.8,-0.61),.PIECEWISE_BEZIER_KNOTS.);
#2573 = CARTESIAN_POINT('',(-2.,-1.1,1.00001E-02));
#2574 = CARTESIAN_POINT('',(-2.,-1.1,0.2000001));
#2575 = ORIENTED_EDGE('',*,*,#1515,.T.);
#2576 = ORIENTED_EDGE('',*,*,#2577,.F.);
#2577 = EDGE_CURVE('',#2578,#1509,#2580,.T.);
#2578 = VERTEX_POINT('',#2579);
#2579 = CARTESIAN_POINT('',(-2.,-1.3,0.2000001));
#2580 = B_SPLINE_CURVE_WITH_KNOTS('',1,(#2581,#2582),.UNSPECIFIED.,.F.,
  .F.,(2,2),(0.61,0.8),.PIECEWISE_BEZIER_KNOTS.);
#2581 = CARTESIAN_POINT('',(-2.,-1.3,0.2000001));
#2582 = CARTESIAN_POINT('',(-2.,-1.3,1.00001E-02));
#2583 = ORIENTED_EDGE('',*,*,#2584,.F.);
#2584 = EDGE_CURVE('',#2418,#2578,#2585,.T.);
#2585 = B_SPLINE_CURVE_WITH_KNOTS('',1,(#2586,#2587),.UNSPECIFIED.,.F.,
  .F.,(2,2),(0.5,0.7),.PIECEWISE_BEZIER_KNOTS.);
#2586 = CARTESIAN_POINT('',(-2.,-1.5,0.2000001));
#2587 = CARTESIAN_POINT('',(-2.,-1.3,0.2000001));
#2588 = B_SPLINE_SURFACE_WITH_KNOTS('',1,1,(
    (#2589,#2590)
    ,(#2591,#2592
    )),.UNSPECIFIED.,.F.,.F.,.F.,(2,2),(2,2),(0.,0.8),(0.,4.),
  .PIECEWISE_BEZIER_KNOTS.);
#2589 = CARTESIAN_POINT('',(-2.,-2.,0.8100001));
#2590 = CARTESIAN_POINT('',(-2.,2.,0.8100001));
#2591 = CARTESIAN_POINT('',(-2.,-2.,1.00001E-02));
#2592 = CARTESIAN_POINT('',(-2.,2.,1.00001E-02));
#2593 = ADVANCED_FACE('',(#2594),#2764,.F.);
#2594 = FACE_BOUND('',#2595,.T.);
#2595 = EDGE_LOOP('',(#2596,#2603,#2604,#2605,#2606,#2611,#2612,#2619,
    #2626,#2631,#2632,#2639,#2646,#2651,#2652,#2659,#2666,#2671,#2672,
    #2679,#2686,#2691,#2692,#2699,#2706,#2711,#2712,#2719,#2726,#2731,
    #2732,#2739,#2746,#2751,#2752,#2759));
#2596 = ORIENTED_EDGE('',*,*,#2597,.F.);
#2597 = EDGE_CURVE('',#1719,#2598,#2600,.T.);
#2598 = VERTEX_POINT('',#2599);
#2599 = CARTESIAN_POINT('',(-1.5,2.,0.2000001));
#2600 = B_SPLINE_CURVE_WITH_KNOTS('',1,(#2601,#2602),.UNSPECIFIED.,.F.,
  .F.,(2,2),(-0.8,-0.61),.PIECEWISE_BEZIER_KNOTS.);
#2601 = CARTESIAN_POINT('',(-1.5,2.,1.00001E-02));
#2602 = CARTESIAN_POINT('',(-1.5,2.,0.2000001));
#2603 = ORIENTED_EDGE('',*,*,#1718,.T.);
#2604 = ORIENTED_EDGE('',*,*,#2431,.F.);
#2605 = ORIENTED_EDGE('',*,*,#521,.F.);
#2606 = ORIENTED_EDGE('',*,*,#2607,.T.);
#2607 = EDGE_CURVE('',#515,#1943,#2608,.T.);
#2608 = B_SPLINE_CURVE_WITH_KNOTS('',1,(#2609,#2610),.UNSPECIFIED.,.F.,
  .F.,(2,2),(-0.,0.8),.PIECEWISE_BEZIER_KNOTS.);
#2609 = CARTESIAN_POINT('',(2.,2.,0.8100001));
#2610 = CARTESIAN_POINT('',(2.,2.,1.00001E-02));
#2611 = ORIENTED_EDGE('',*,*,#1942,.T.);
#2612 = ORIENTED_EDGE('',*,*,#2613,.F.);
#2613 = EDGE_CURVE('',#2614,#1936,#2616,.T.);
#2614 = VERTEX_POINT('',#2615);
#2615 = CARTESIAN_POINT('',(1.5,2.,0.2000001));
#2616 = B_SPLINE_CURVE_WITH_KNOTS('',1,(#2617,#2618),.UNSPECIFIED.,.F.,
  .F.,(2,2),(0.61,0.8),.PIECEWISE_BEZIER_KNOTS.);
#2617 = CARTESIAN_POINT('',(1.5,2.,0.2000001));
#2618 = CARTESIAN_POINT('',(1.5,2.,1.00001E-02));
#2619 = ORIENTED_EDGE('',*,*,#2620,.F.);
#2620 = EDGE_CURVE('',#2621,#2614,#2623,.T.);
#2621 = VERTEX_POINT('',#2622);
#2622 = CARTESIAN_POINT('',(1.3,2.,0.2000001));
#2623 = B_SPLINE_CURVE_WITH_KNOTS('',1,(#2624,#2625),.UNSPECIFIED.,.F.,
  .F.,(2,2),(3.3,3.5),.PIECEWISE_BEZIER_KNOTS.);
#2624 = CARTESIAN_POINT('',(1.3,2.,0.2000001));
#2625 = CARTESIAN_POINT('',(1.5,2.,0.2000001));
#2626 = ORIENTED_EDGE('',*,*,#2627,.F.);
#2627 = EDGE_CURVE('',#1915,#2621,#2628,.T.);
#2628 = B_SPLINE_CURVE_WITH_KNOTS('',1,(#2629,#2630),.UNSPECIFIED.,.F.,
  .F.,(2,2),(-0.8,-0.61),.PIECEWISE_BEZIER_KNOTS.);
#2629 = CARTESIAN_POINT('',(1.3,2.,1.00001E-02));
#2630 = CARTESIAN_POINT('',(1.3,2.,0.2000001));
#2631 = ORIENTED_EDGE('',*,*,#1914,.T.);
#2632 = ORIENTED_EDGE('',*,*,#2633,.F.);
#2633 = EDGE_CURVE('',#2634,#1908,#2636,.T.);
#2634 = VERTEX_POINT('',#2635);
#2635 = CARTESIAN_POINT('',(1.1,2.,0.2000001));
#2636 = B_SPLINE_CURVE_WITH_KNOTS('',1,(#2637,#2638),.UNSPECIFIED.,.F.,
  .F.,(2,2),(0.61,0.8),.PIECEWISE_BEZIER_KNOTS.);
#2637 = CARTESIAN_POINT('',(1.1,2.,0.2000001));
#2638 = CARTESIAN_POINT('',(1.1,2.,1.00001E-02));
#2639 = ORIENTED_EDGE('',*,*,#2640,.F.);
#2640 = EDGE_CURVE('',#2641,#2634,#2643,.T.);
#2641 = VERTEX_POINT('',#2642);
#2642 = CARTESIAN_POINT('',(0.9,2.,0.2000001));
#2643 = B_SPLINE_CURVE_WITH_KNOTS('',1,(#2644,#2645),.UNSPECIFIED.,.F.,
  .F.,(2,2),(2.9,3.1),.PIECEWISE_BEZIER_KNOTS.);
#2644 = CARTESIAN_POINT('',(0.9,2.,0.2000001));
#2645 = CARTESIAN_POINT('',(1.1,2.,0.2000001));
#2646 = ORIENTED_EDGE('',*,*,#2647,.F.);
#2647 = EDGE_CURVE('',#1887,#2641,#2648,.T.);
#2648 = B_SPLINE_CURVE_WITH_KNOTS('',1,(#2649,#2650),.UNSPECIFIED.,.F.,
  .F.,(2,2),(-0.8,-0.61),.PIECEWISE_BEZIER_KNOTS.);
#2649 = CARTESIAN_POINT('',(0.9,2.,1.00001E-02));
#2650 = CARTESIAN_POINT('',(0.9,2.,0.2000001));
#2651 = ORIENTED_EDGE('',*,*,#1886,.T.);
#2652 = ORIENTED_EDGE('',*,*,#2653,.F.);
#2653 = EDGE_CURVE('',#2654,#1880,#2656,.T.);
#2654 = VERTEX_POINT('',#2655);
#2655 = CARTESIAN_POINT('',(0.7,2.,0.2000001));
#2656 = B_SPLINE_CURVE_WITH_KNOTS('',1,(#2657,#2658),.UNSPECIFIED.,.F.,
  .F.,(2,2),(0.61,0.8),.PIECEWISE_BEZIER_KNOTS.);
#2657 = CARTESIAN_POINT('',(0.7,2.,0.2000001));
#2658 = CARTESIAN_POINT('',(0.7,2.,1.00001E-02));
#2659 = ORIENTED_EDGE('',*,*,#2660,.F.);
#2660 = EDGE_CURVE('',#2661,#2654,#2663,.T.);
#2661 = VERTEX_POINT('',#2662);
#2662 = CARTESIAN_POINT('',(0.5,2.,0.2000001));
#2663 = B_SPLINE_CURVE_WITH_KNOTS('',1,(#2664,#2665),.UNSPECIFIED.,.F.,
  .F.,(2,2),(2.5,2.7),.PIECEWISE_BEZIER_KNOTS.);
#2664 = CARTESIAN_POINT('',(0.5,2.,0.2000001));
#2665 = CARTESIAN_POINT('',(0.7,2.,0.2000001));
#2666 = ORIENTED_EDGE('',*,*,#2667,.F.);
#2667 = EDGE_CURVE('',#1859,#2661,#2668,.T.);
#2668 = B_SPLINE_CURVE_WITH_KNOTS('',1,(#2669,#2670),.UNSPECIFIED.,.F.,
  .F.,(2,2),(-0.8,-0.61),.PIECEWISE_BEZIER_KNOTS.);
#2669 = CARTESIAN_POINT('',(0.5,2.,1.00001E-02));
#2670 = CARTESIAN_POINT('',(0.5,2.,0.2000001));
#2671 = ORIENTED_EDGE('',*,*,#1858,.T.);
#2672 = ORIENTED_EDGE('',*,*,#2673,.F.);
#2673 = EDGE_CURVE('',#2674,#1852,#2676,.T.);
#2674 = VERTEX_POINT('',#2675);
#2675 = CARTESIAN_POINT('',(0.3,2.,0.2000001));
#2676 = B_SPLINE_CURVE_WITH_KNOTS('',1,(#2677,#2678),.UNSPECIFIED.,.F.,
  .F.,(2,2),(0.61,0.8),.PIECEWISE_BEZIER_KNOTS.);
#2677 = CARTESIAN_POINT('',(0.3,2.,0.2000001));
#2678 = CARTESIAN_POINT('',(0.3,2.,1.00001E-02));
#2679 = ORIENTED_EDGE('',*,*,#2680,.F.);
#2680 = EDGE_CURVE('',#2681,#2674,#2683,.T.);
#2681 = VERTEX_POINT('',#2682);
#2682 = CARTESIAN_POINT('',(0.1,2.,0.2000001));
#2683 = B_SPLINE_CURVE_WITH_KNOTS('',1,(#2684,#2685),.UNSPECIFIED.,.F.,
  .F.,(2,2),(2.1,2.3),.PIECEWISE_BEZIER_KNOTS.);
#2684 = CARTESIAN_POINT('',(0.1,2.,0.2000001));
#2685 = CARTESIAN_POINT('',(0.3,2.,0.2000001));
#2686 = ORIENTED_EDGE('',*,*,#2687,.F.);
#2687 = EDGE_CURVE('',#1831,#2681,#2688,.T.);
#2688 = B_SPLINE_CURVE_WITH_KNOTS('',1,(#2689,#2690),.UNSPECIFIED.,.F.,
  .F.,(2,2),(-0.8,-0.61),.PIECEWISE_BEZIER_KNOTS.);
#2689 = CARTESIAN_POINT('',(0.1,2.,1.00001E-02));
#2690 = CARTESIAN_POINT('',(0.1,2.,0.2000001));
#2691 = ORIENTED_EDGE('',*,*,#1830,.T.);
#2692 = ORIENTED_EDGE('',*,*,#2693,.F.);
#2693 = EDGE_CURVE('',#2694,#1824,#2696,.T.);
#2694 = VERTEX_POINT('',#2695);
#2695 = CARTESIAN_POINT('',(-9.999999999999E-02,2.,0.2000001));
#2696 = B_SPLINE_CURVE_WITH_KNOTS('',1,(#2697,#2698),.UNSPECIFIED.,.F.,
  .F.,(2,2),(0.61,0.8),.PIECEWISE_BEZIER_KNOTS.);
#2697 = CARTESIAN_POINT('',(-9.999999999999E-02,2.,0.2000001));
#2698 = CARTESIAN_POINT('',(-9.999999999999E-02,2.,1.00001E-02));
#2699 = ORIENTED_EDGE('',*,*,#2700,.F.);
#2700 = EDGE_CURVE('',#2701,#2694,#2703,.T.);
#2701 = VERTEX_POINT('',#2702);
#2702 = CARTESIAN_POINT('',(-0.3,2.,0.2000001));
#2703 = B_SPLINE_CURVE_WITH_KNOTS('',1,(#2704,#2705),.UNSPECIFIED.,.F.,
  .F.,(2,2),(1.7,1.9),.PIECEWISE_BEZIER_KNOTS.);
#2704 = CARTESIAN_POINT('',(-0.3,2.,0.2000001));
#2705 = CARTESIAN_POINT('',(-9.999999999999E-02,2.,0.2000001));
#2706 = ORIENTED_EDGE('',*,*,#2707,.F.);
#2707 = EDGE_CURVE('',#1803,#2701,#2708,.T.);
#2708 = B_SPLINE_CURVE_WITH_KNOTS('',1,(#2709,#2710),.UNSPECIFIED.,.F.,
  .F.,(2,2),(-0.8,-0.61),.PIECEWISE_BEZIER_KNOTS.);
#2709 = CARTESIAN_POINT('',(-0.3,2.,1.00001E-02));
#2710 = CARTESIAN_POINT('',(-0.3,2.,0.2000001));
#2711 = ORIENTED_EDGE('',*,*,#1802,.T.);
#2712 = ORIENTED_EDGE('',*,*,#2713,.F.);
#2713 = EDGE_CURVE('',#2714,#1796,#2716,.T.);
#2714 = VERTEX_POINT('',#2715);
#2715 = CARTESIAN_POINT('',(-0.5,2.,0.2000001));
#2716 = B_SPLINE_CURVE_WITH_KNOTS('',1,(#2717,#2718),.UNSPECIFIED.,.F.,
  .F.,(2,2),(0.61,0.8),.PIECEWISE_BEZIER_KNOTS.);
#2717 = CARTESIAN_POINT('',(-0.5,2.,0.2000001));
#2718 = CARTESIAN_POINT('',(-0.5,2.,1.00001E-02));
#2719 = ORIENTED_EDGE('',*,*,#2720,.F.);
#2720 = EDGE_CURVE('',#2721,#2714,#2723,.T.);
#2721 = VERTEX_POINT('',#2722);
#2722 = CARTESIAN_POINT('',(-0.7,2.,0.2000001));
#2723 = B_SPLINE_CURVE_WITH_KNOTS('',1,(#2724,#2725),.UNSPECIFIED.,.F.,
  .F.,(2,2),(1.3,1.5),.PIECEWISE_BEZIER_KNOTS.);
#2724 = CARTESIAN_POINT('',(-0.7,2.,0.2000001));
#2725 = CARTESIAN_POINT('',(-0.5,2.,0.2000001));
#2726 = ORIENTED_EDGE('',*,*,#2727,.F.);
#2727 = EDGE_CURVE('',#1775,#2721,#2728,.T.);
#2728 = B_SPLINE_CURVE_WITH_KNOTS('',1,(#2729,#2730),.UNSPECIFIED.,.F.,
  .F.,(2,2),(-0.8,-0.61),.PIECEWISE_BEZIER_KNOTS.);
#2729 = CARTESIAN_POINT('',(-0.7,2.,1.00001E-02));
#2730 = CARTESIAN_POINT('',(-0.7,2.,0.2000001));
#2731 = ORIENTED_EDGE('',*,*,#1774,.T.);
#2732 = ORIENTED_EDGE('',*,*,#2733,.F.);
#2733 = EDGE_CURVE('',#2734,#1768,#2736,.T.);
#2734 = VERTEX_POINT('',#2735);
#2735 = CARTESIAN_POINT('',(-0.9,2.,0.2000001));
#2736 = B_SPLINE_CURVE_WITH_KNOTS('',1,(#2737,#2738),.UNSPECIFIED.,.F.,
  .F.,(2,2),(0.61,0.8),.PIECEWISE_BEZIER_KNOTS.);
#2737 = CARTESIAN_POINT('',(-0.9,2.,0.2000001));
#2738 = CARTESIAN_POINT('',(-0.9,2.,1.00001E-02));
#2739 = ORIENTED_EDGE('',*,*,#2740,.F.);
#2740 = EDGE_CURVE('',#2741,#2734,#2743,.T.);
#2741 = VERTEX_POINT('',#2742);
#2742 = CARTESIAN_POINT('',(-1.1,2.,0.2000001));
#2743 = B_SPLINE_CURVE_WITH_KNOTS('',1,(#2744,#2745),.UNSPECIFIED.,.F.,
  .F.,(2,2),(0.9,1.1),.PIECEWISE_BEZIER_KNOTS.);
#2744 = CARTESIAN_POINT('',(-1.1,2.,0.2000001));
#2745 = CARTESIAN_POINT('',(-0.9,2.,0.2000001));
#2746 = ORIENTED_EDGE('',*,*,#2747,.F.);
#2747 = EDGE_CURVE('',#1747,#2741,#2748,.T.);
#2748 = B_SPLINE_CURVE_WITH_KNOTS('',1,(#2749,#2750),.UNSPECIFIED.,.F.,
  .F.,(2,2),(-0.8,-0.61),.PIECEWISE_BEZIER_KNOTS.);
#2749 = CARTESIAN_POINT('',(-1.1,2.,1.00001E-02));
#2750 = CARTESIAN_POINT('',(-1.1,2.,0.2000001));
#2751 = ORIENTED_EDGE('',*,*,#1746,.T.);
#2752 = ORIENTED_EDGE('',*,*,#2753,.F.);
#2753 = EDGE_CURVE('',#2754,#1740,#2756,.T.);
#2754 = VERTEX_POINT('',#2755);
#2755 = CARTESIAN_POINT('',(-1.3,2.,0.2000001));
#2756 = B_SPLINE_CURVE_WITH_KNOTS('',1,(#2757,#2758),.UNSPECIFIED.,.F.,
  .F.,(2,2),(0.61,0.8),.PIECEWISE_BEZIER_KNOTS.);
#2757 = CARTESIAN_POINT('',(-1.3,2.,0.2000001));
#2758 = CARTESIAN_POINT('',(-1.3,2.,1.00001E-02));
#2759 = ORIENTED_EDGE('',*,*,#2760,.F.);
#2760 = EDGE_CURVE('',#2598,#2754,#2761,.T.);
#2761 = B_SPLINE_CURVE_WITH_KNOTS('',1,(#2762,#2763),.UNSPECIFIED.,.F.,
  .F.,(2,2),(0.5,0.7),.PIECEWISE_BEZIER_KNOTS.);
#2762 = CARTESIAN_POINT('',(-1.5,2.,0.2000001));
#2763 = CARTESIAN_POINT('',(-1.3,2.,0.2000001));
#2764 = B_SPLINE_SURFACE_WITH_KNOTS('',1,1,(
    (#2765,#2766)
    ,(#2767,#2768
    )),.UNSPECIFIED.,.F.,.F.,.F.,(2,2),(2,2),(0.,0.8),(0.,4.),
  .PIECEWISE_BEZIER_KNOTS.);
#2765 = CARTESIAN_POINT('',(-2.,2.,0.8100001));
#2766 = CARTESIAN_POINT('',(2.,2.,0.8100001));
#2767 = CARTESIAN_POINT('',(-2.,2.,1.00001E-02));
#2768 = CARTESIAN_POINT('',(2.,2.,1.00001E-02));
#2769 = ADVANCED_FACE('',(#2770),#2940,.F.);
#2770 = FACE_BOUND('',#2771,.T.);
#2771 = EDGE_LOOP('',(#2772,#2779,#2780,#2781,#2782,#2787,#2788,#2795,
    #2802,#2807,#2808,#2815,#2822,#2827,#2828,#2835,#2842,#2847,#2848,
    #2855,#2862,#2867,#2868,#2875,#2882,#2887,#2888,#2895,#2902,#2907,
    #2908,#2915,#2922,#2927,#2928,#2935));
#2772 = ORIENTED_EDGE('',*,*,#2773,.F.);
#2773 = EDGE_CURVE('',#1950,#2774,#2776,.T.);
#2774 = VERTEX_POINT('',#2775);
#2775 = CARTESIAN_POINT('',(2.,1.5,0.2000001));
#2776 = B_SPLINE_CURVE_WITH_KNOTS('',1,(#2777,#2778),.UNSPECIFIED.,.F.,
  .F.,(2,2),(-0.8,-0.61),.PIECEWISE_BEZIER_KNOTS.);
#2777 = CARTESIAN_POINT('',(2.,1.5,1.00001E-02));
#2778 = CARTESIAN_POINT('',(2.,1.5,0.2000001));
#2779 = ORIENTED_EDGE('',*,*,#1949,.T.);
#2780 = ORIENTED_EDGE('',*,*,#2607,.F.);
#2781 = ORIENTED_EDGE('',*,*,#512,.F.);
#2782 = ORIENTED_EDGE('',*,*,#2783,.T.);
#2783 = EDGE_CURVE('',#513,#2174,#2784,.T.);
#2784 = B_SPLINE_CURVE_WITH_KNOTS('',1,(#2785,#2786),.UNSPECIFIED.,.F.,
  .F.,(2,2),(-0.,0.8),.PIECEWISE_BEZIER_KNOTS.);
#2785 = CARTESIAN_POINT('',(2.,-2.,0.8100001));
#2786 = CARTESIAN_POINT('',(2.,-2.,1.00001E-02));
#2787 = ORIENTED_EDGE('',*,*,#2173,.T.);
#2788 = ORIENTED_EDGE('',*,*,#2789,.F.);
#2789 = EDGE_CURVE('',#2790,#2167,#2792,.T.);
#2790 = VERTEX_POINT('',#2791);
#2791 = CARTESIAN_POINT('',(2.,-1.5,0.2000001));
#2792 = B_SPLINE_CURVE_WITH_KNOTS('',1,(#2793,#2794),.UNSPECIFIED.,.F.,
  .F.,(2,2),(0.61,0.8),.PIECEWISE_BEZIER_KNOTS.);
#2793 = CARTESIAN_POINT('',(2.,-1.5,0.2000001));
#2794 = CARTESIAN_POINT('',(2.,-1.5,1.00001E-02));
#2795 = ORIENTED_EDGE('',*,*,#2796,.F.);
#2796 = EDGE_CURVE('',#2797,#2790,#2799,.T.);
#2797 = VERTEX_POINT('',#2798);
#2798 = CARTESIAN_POINT('',(2.,-1.3,0.2000001));
#2799 = B_SPLINE_CURVE_WITH_KNOTS('',1,(#2800,#2801),.UNSPECIFIED.,.F.,
  .F.,(2,2),(-0.7,-0.5),.PIECEWISE_BEZIER_KNOTS.);
#2800 = CARTESIAN_POINT('',(2.,-1.3,0.2000001));
#2801 = CARTESIAN_POINT('',(2.,-1.5,0.2000001));
#2802 = ORIENTED_EDGE('',*,*,#2803,.F.);
#2803 = EDGE_CURVE('',#2146,#2797,#2804,.T.);
#2804 = B_SPLINE_CURVE_WITH_KNOTS('',1,(#2805,#2806),.UNSPECIFIED.,.F.,
  .F.,(2,2),(-0.8,-0.61),.PIECEWISE_BEZIER_KNOTS.);
#2805 = CARTESIAN_POINT('',(2.,-1.3,1.00001E-02));
#2806 = CARTESIAN_POINT('',(2.,-1.3,0.2000001));
#2807 = ORIENTED_EDGE('',*,*,#2145,.T.);
#2808 = ORIENTED_EDGE('',*,*,#2809,.F.);
#2809 = EDGE_CURVE('',#2810,#2139,#2812,.T.);
#2810 = VERTEX_POINT('',#2811);
#2811 = CARTESIAN_POINT('',(2.,-1.1,0.2000001));
#2812 = B_SPLINE_CURVE_WITH_KNOTS('',1,(#2813,#2814),.UNSPECIFIED.,.F.,
  .F.,(2,2),(0.61,0.8),.PIECEWISE_BEZIER_KNOTS.);
#2813 = CARTESIAN_POINT('',(2.,-1.1,0.2000001));
#2814 = CARTESIAN_POINT('',(2.,-1.1,1.00001E-02));
#2815 = ORIENTED_EDGE('',*,*,#2816,.F.);
#2816 = EDGE_CURVE('',#2817,#2810,#2819,.T.);
#2817 = VERTEX_POINT('',#2818);
#2818 = CARTESIAN_POINT('',(2.,-0.9,0.2000001));
#2819 = B_SPLINE_CURVE_WITH_KNOTS('',1,(#2820,#2821),.UNSPECIFIED.,.F.,
  .F.,(2,2),(-1.1,-0.9),.PIECEWISE_BEZIER_KNOTS.);
#2820 = CARTESIAN_POINT('',(2.,-0.9,0.2000001));
#2821 = CARTESIAN_POINT('',(2.,-1.1,0.2000001));
#2822 = ORIENTED_EDGE('',*,*,#2823,.F.);
#2823 = EDGE_CURVE('',#2118,#2817,#2824,.T.);
#2824 = B_SPLINE_CURVE_WITH_KNOTS('',1,(#2825,#2826),.UNSPECIFIED.,.F.,
  .F.,(2,2),(-0.8,-0.61),.PIECEWISE_BEZIER_KNOTS.);
#2825 = CARTESIAN_POINT('',(2.,-0.9,1.00001E-02));
#2826 = CARTESIAN_POINT('',(2.,-0.9,0.2000001));
#2827 = ORIENTED_EDGE('',*,*,#2117,.T.);
#2828 = ORIENTED_EDGE('',*,*,#2829,.F.);
#2829 = EDGE_CURVE('',#2830,#2111,#2832,.T.);
#2830 = VERTEX_POINT('',#2831);
#2831 = CARTESIAN_POINT('',(2.,-0.7,0.2000001));
#2832 = B_SPLINE_CURVE_WITH_KNOTS('',1,(#2833,#2834),.UNSPECIFIED.,.F.,
  .F.,(2,2),(0.61,0.8),.PIECEWISE_BEZIER_KNOTS.);
#2833 = CARTESIAN_POINT('',(2.,-0.7,0.2000001));
#2834 = CARTESIAN_POINT('',(2.,-0.7,1.00001E-02));
#2835 = ORIENTED_EDGE('',*,*,#2836,.F.);
#2836 = EDGE_CURVE('',#2837,#2830,#2839,.T.);
#2837 = VERTEX_POINT('',#2838);
#2838 = CARTESIAN_POINT('',(2.,-0.5,0.2000001));
#2839 = B_SPLINE_CURVE_WITH_KNOTS('',1,(#2840,#2841),.UNSPECIFIED.,.F.,
  .F.,(2,2),(-1.5,-1.3),.PIECEWISE_BEZIER_KNOTS.);
#2840 = CARTESIAN_POINT('',(2.,-0.5,0.2000001));
#2841 = CARTESIAN_POINT('',(2.,-0.7,0.2000001));
#2842 = ORIENTED_EDGE('',*,*,#2843,.F.);
#2843 = EDGE_CURVE('',#2090,#2837,#2844,.T.);
#2844 = B_SPLINE_CURVE_WITH_KNOTS('',1,(#2845,#2846),.UNSPECIFIED.,.F.,
  .F.,(2,2),(-0.8,-0.61),.PIECEWISE_BEZIER_KNOTS.);
#2845 = CARTESIAN_POINT('',(2.,-0.5,1.00001E-02));
#2846 = CARTESIAN_POINT('',(2.,-0.5,0.2000001));
#2847 = ORIENTED_EDGE('',*,*,#2089,.T.);
#2848 = ORIENTED_EDGE('',*,*,#2849,.F.);
#2849 = EDGE_CURVE('',#2850,#2083,#2852,.T.);
#2850 = VERTEX_POINT('',#2851);
#2851 = CARTESIAN_POINT('',(2.,-0.3,0.2000001));
#2852 = B_SPLINE_CURVE_WITH_KNOTS('',1,(#2853,#2854),.UNSPECIFIED.,.F.,
  .F.,(2,2),(0.61,0.8),.PIECEWISE_BEZIER_KNOTS.);
#2853 = CARTESIAN_POINT('',(2.,-0.3,0.2000001));
#2854 = CARTESIAN_POINT('',(2.,-0.3,1.00001E-02));
#2855 = ORIENTED_EDGE('',*,*,#2856,.F.);
#2856 = EDGE_CURVE('',#2857,#2850,#2859,.T.);
#2857 = VERTEX_POINT('',#2858);
#2858 = CARTESIAN_POINT('',(2.,-9.999999999999E-02,0.2000001));
#2859 = B_SPLINE_CURVE_WITH_KNOTS('',1,(#2860,#2861),.UNSPECIFIED.,.F.,
  .F.,(2,2),(-1.9,-1.7),.PIECEWISE_BEZIER_KNOTS.);
#2860 = CARTESIAN_POINT('',(2.,-9.999999999999E-02,0.2000001));
#2861 = CARTESIAN_POINT('',(2.,-0.3,0.2000001));
#2862 = ORIENTED_EDGE('',*,*,#2863,.F.);
#2863 = EDGE_CURVE('',#2062,#2857,#2864,.T.);
#2864 = B_SPLINE_CURVE_WITH_KNOTS('',1,(#2865,#2866),.UNSPECIFIED.,.F.,
  .F.,(2,2),(-0.8,-0.61),.PIECEWISE_BEZIER_KNOTS.);
#2865 = CARTESIAN_POINT('',(2.,-9.999999999999E-02,1.00001E-02));
#2866 = CARTESIAN_POINT('',(2.,-9.999999999999E-02,0.2000001));
#2867 = ORIENTED_EDGE('',*,*,#2061,.T.);
#2868 = ORIENTED_EDGE('',*,*,#2869,.F.);
#2869 = EDGE_CURVE('',#2870,#2055,#2872,.T.);
#2870 = VERTEX_POINT('',#2871);
#2871 = CARTESIAN_POINT('',(2.,0.1,0.2000001));
#2872 = B_SPLINE_CURVE_WITH_KNOTS('',1,(#2873,#2874),.UNSPECIFIED.,.F.,
  .F.,(2,2),(0.61,0.8),.PIECEWISE_BEZIER_KNOTS.);
#2873 = CARTESIAN_POINT('',(2.,0.1,0.2000001));
#2874 = CARTESIAN_POINT('',(2.,0.1,1.00001E-02));
#2875 = ORIENTED_EDGE('',*,*,#2876,.F.);
#2876 = EDGE_CURVE('',#2877,#2870,#2879,.T.);
#2877 = VERTEX_POINT('',#2878);
#2878 = CARTESIAN_POINT('',(2.,0.3,0.2000001));
#2879 = B_SPLINE_CURVE_WITH_KNOTS('',1,(#2880,#2881),.UNSPECIFIED.,.F.,
  .F.,(2,2),(-2.3,-2.1),.PIECEWISE_BEZIER_KNOTS.);
#2880 = CARTESIAN_POINT('',(2.,0.3,0.2000001));
#2881 = CARTESIAN_POINT('',(2.,0.1,0.2000001));
#2882 = ORIENTED_EDGE('',*,*,#2883,.F.);
#2883 = EDGE_CURVE('',#2034,#2877,#2884,.T.);
#2884 = B_SPLINE_CURVE_WITH_KNOTS('',1,(#2885,#2886),.UNSPECIFIED.,.F.,
  .F.,(2,2),(-0.8,-0.61),.PIECEWISE_BEZIER_KNOTS.);
#2885 = CARTESIAN_POINT('',(2.,0.3,1.00001E-02));
#2886 = CARTESIAN_POINT('',(2.,0.3,0.2000001));
#2887 = ORIENTED_EDGE('',*,*,#2033,.T.);
#2888 = ORIENTED_EDGE('',*,*,#2889,.F.);
#2889 = EDGE_CURVE('',#2890,#2027,#2892,.T.);
#2890 = VERTEX_POINT('',#2891);
#2891 = CARTESIAN_POINT('',(2.,0.5,0.2000001));
#2892 = B_SPLINE_CURVE_WITH_KNOTS('',1,(#2893,#2894),.UNSPECIFIED.,.F.,
  .F.,(2,2),(0.61,0.8),.PIECEWISE_BEZIER_KNOTS.);
#2893 = CARTESIAN_POINT('',(2.,0.5,0.2000001));
#2894 = CARTESIAN_POINT('',(2.,0.5,1.00001E-02));
#2895 = ORIENTED_EDGE('',*,*,#2896,.F.);
#2896 = EDGE_CURVE('',#2897,#2890,#2899,.T.);
#2897 = VERTEX_POINT('',#2898);
#2898 = CARTESIAN_POINT('',(2.,0.7,0.2000001));
#2899 = B_SPLINE_CURVE_WITH_KNOTS('',1,(#2900,#2901),.UNSPECIFIED.,.F.,
  .F.,(2,2),(-2.7,-2.5),.PIECEWISE_BEZIER_KNOTS.);
#2900 = CARTESIAN_POINT('',(2.,0.7,0.2000001));
#2901 = CARTESIAN_POINT('',(2.,0.5,0.2000001));
#2902 = ORIENTED_EDGE('',*,*,#2903,.F.);
#2903 = EDGE_CURVE('',#2006,#2897,#2904,.T.);
#2904 = B_SPLINE_CURVE_WITH_KNOTS('',1,(#2905,#2906),.UNSPECIFIED.,.F.,
  .F.,(2,2),(-0.8,-0.61),.PIECEWISE_BEZIER_KNOTS.);
#2905 = CARTESIAN_POINT('',(2.,0.7,1.00001E-02));
#2906 = CARTESIAN_POINT('',(2.,0.7,0.2000001));
#2907 = ORIENTED_EDGE('',*,*,#2005,.T.);
#2908 = ORIENTED_EDGE('',*,*,#2909,.F.);
#2909 = EDGE_CURVE('',#2910,#1999,#2912,.T.);
#2910 = VERTEX_POINT('',#2911);
#2911 = CARTESIAN_POINT('',(2.,0.9,0.2000001));
#2912 = B_SPLINE_CURVE_WITH_KNOTS('',1,(#2913,#2914),.UNSPECIFIED.,.F.,
  .F.,(2,2),(0.61,0.8),.PIECEWISE_BEZIER_KNOTS.);
#2913 = CARTESIAN_POINT('',(2.,0.9,0.2000001));
#2914 = CARTESIAN_POINT('',(2.,0.9,1.00001E-02));
#2915 = ORIENTED_EDGE('',*,*,#2916,.F.);
#2916 = EDGE_CURVE('',#2917,#2910,#2919,.T.);
#2917 = VERTEX_POINT('',#2918);
#2918 = CARTESIAN_POINT('',(2.,1.1,0.2000001));
#2919 = B_SPLINE_CURVE_WITH_KNOTS('',1,(#2920,#2921),.UNSPECIFIED.,.F.,
  .F.,(2,2),(-3.1,-2.9),.PIECEWISE_BEZIER_KNOTS.);
#2920 = CARTESIAN_POINT('',(2.,1.1,0.2000001));
#2921 = CARTESIAN_POINT('',(2.,0.9,0.2000001));
#2922 = ORIENTED_EDGE('',*,*,#2923,.F.);
#2923 = EDGE_CURVE('',#1978,#2917,#2924,.T.);
#2924 = B_SPLINE_CURVE_WITH_KNOTS('',1,(#2925,#2926),.UNSPECIFIED.,.F.,
  .F.,(2,2),(-0.8,-0.61),.PIECEWISE_BEZIER_KNOTS.);
#2925 = CARTESIAN_POINT('',(2.,1.1,1.00001E-02));
#2926 = CARTESIAN_POINT('',(2.,1.1,0.2000001));
#2927 = ORIENTED_EDGE('',*,*,#1977,.T.);
#2928 = ORIENTED_EDGE('',*,*,#2929,.F.);
#2929 = EDGE_CURVE('',#2930,#1971,#2932,.T.);
#2930 = VERTEX_POINT('',#2931);
#2931 = CARTESIAN_POINT('',(2.,1.3,0.2000001));
#2932 = B_SPLINE_CURVE_WITH_KNOTS('',1,(#2933,#2934),.UNSPECIFIED.,.F.,
  .F.,(2,2),(0.61,0.8),.PIECEWISE_BEZIER_KNOTS.);
#2933 = CARTESIAN_POINT('',(2.,1.3,0.2000001));
#2934 = CARTESIAN_POINT('',(2.,1.3,1.00001E-02));
#2935 = ORIENTED_EDGE('',*,*,#2936,.F.);
#2936 = EDGE_CURVE('',#2774,#2930,#2937,.T.);
#2937 = B_SPLINE_CURVE_WITH_KNOTS('',1,(#2938,#2939),.UNSPECIFIED.,.F.,
  .F.,(2,2),(-3.5,-3.3),.PIECEWISE_BEZIER_KNOTS.);
#2938 = CARTESIAN_POINT('',(2.,1.5,0.2000001));
#2939 = CARTESIAN_POINT('',(2.,1.3,0.2000001));
#2940 = B_SPLINE_SURFACE_WITH_KNOTS('',1,1,(
    (#2941,#2942)
    ,(#2943,#2944
    )),.UNSPECIFIED.,.F.,.F.,.F.,(2,2),(2,2),(-0.8,0.),(0.,4.),
  .PIECEWISE_BEZIER_KNOTS.);
#2941 = CARTESIAN_POINT('',(2.,-2.,1.00001E-02));
#2942 = CARTESIAN_POINT('',(2.,2.,1.00001E-02));
#2943 = CARTESIAN_POINT('',(2.,-2.,0.8100001));
#2944 = CARTESIAN_POINT('',(2.,2.,0.8100001));
#2945 = ADVANCED_FACE('',(#2946),#3112,.F.);
#2946 = FACE_BOUND('',#2947,.T.);
#2947 = EDGE_LOOP('',(#2948,#2955,#2956,#2957,#2958,#2959,#2960,#2967,
    #2974,#2979,#2980,#2987,#2994,#2999,#3000,#3007,#3014,#3019,#3020,
    #3027,#3034,#3039,#3040,#3047,#3054,#3059,#3060,#3067,#3074,#3079,
    #3080,#3087,#3094,#3099,#3100,#3107));
#2948 = ORIENTED_EDGE('',*,*,#2949,.F.);
#2949 = EDGE_CURVE('',#2181,#2950,#2952,.T.);
#2950 = VERTEX_POINT('',#2951);
#2951 = CARTESIAN_POINT('',(1.5,-2.,0.2000001));
#2952 = B_SPLINE_CURVE_WITH_KNOTS('',1,(#2953,#2954),.UNSPECIFIED.,.F.,
  .F.,(2,2),(-0.8,-0.61),.PIECEWISE_BEZIER_KNOTS.);
#2953 = CARTESIAN_POINT('',(1.5,-2.,1.00001E-02));
#2954 = CARTESIAN_POINT('',(1.5,-2.,0.2000001));
#2955 = ORIENTED_EDGE('',*,*,#2180,.T.);
#2956 = ORIENTED_EDGE('',*,*,#2783,.F.);
#2957 = ORIENTED_EDGE('',*,*,#535,.F.);
#2958 = ORIENTED_EDGE('',*,*,#2425,.T.);
#2959 = ORIENTED_EDGE('',*,*,#2404,.T.);
#2960 = ORIENTED_EDGE('',*,*,#2961,.F.);
#2961 = EDGE_CURVE('',#2962,#2398,#2964,.T.);
#2962 = VERTEX_POINT('',#2963);
#2963 = CARTESIAN_POINT('',(-1.5,-2.,0.2000001));
#2964 = B_SPLINE_CURVE_WITH_KNOTS('',1,(#2965,#2966),.UNSPECIFIED.,.F.,
  .F.,(2,2),(0.61,0.8),.PIECEWISE_BEZIER_KNOTS.);
#2965 = CARTESIAN_POINT('',(-1.5,-2.,0.2000001));
#2966 = CARTESIAN_POINT('',(-1.5,-2.,1.00001E-02));
#2967 = ORIENTED_EDGE('',*,*,#2968,.F.);
#2968 = EDGE_CURVE('',#2969,#2962,#2971,.T.);
#2969 = VERTEX_POINT('',#2970);
#2970 = CARTESIAN_POINT('',(-1.3,-2.,0.2000001));
#2971 = B_SPLINE_CURVE_WITH_KNOTS('',1,(#2972,#2973),.UNSPECIFIED.,.F.,
  .F.,(2,2),(-0.7,-0.5),.PIECEWISE_BEZIER_KNOTS.);
#2972 = CARTESIAN_POINT('',(-1.3,-2.,0.2000001));
#2973 = CARTESIAN_POINT('',(-1.5,-2.,0.2000001));
#2974 = ORIENTED_EDGE('',*,*,#2975,.F.);
#2975 = EDGE_CURVE('',#2377,#2969,#2976,.T.);
#2976 = B_SPLINE_CURVE_WITH_KNOTS('',1,(#2977,#2978),.UNSPECIFIED.,.F.,
  .F.,(2,2),(-0.8,-0.61),.PIECEWISE_BEZIER_KNOTS.);
#2977 = CARTESIAN_POINT('',(-1.3,-2.,1.00001E-02));
#2978 = CARTESIAN_POINT('',(-1.3,-2.,0.2000001));
#2979 = ORIENTED_EDGE('',*,*,#2376,.T.);
#2980 = ORIENTED_EDGE('',*,*,#2981,.F.);
#2981 = EDGE_CURVE('',#2982,#2370,#2984,.T.);
#2982 = VERTEX_POINT('',#2983);
#2983 = CARTESIAN_POINT('',(-1.1,-2.,0.2000001));
#2984 = B_SPLINE_CURVE_WITH_KNOTS('',1,(#2985,#2986),.UNSPECIFIED.,.F.,
  .F.,(2,2),(0.61,0.8),.PIECEWISE_BEZIER_KNOTS.);
#2985 = CARTESIAN_POINT('',(-1.1,-2.,0.2000001));
#2986 = CARTESIAN_POINT('',(-1.1,-2.,1.00001E-02));
#2987 = ORIENTED_EDGE('',*,*,#2988,.F.);
#2988 = EDGE_CURVE('',#2989,#2982,#2991,.T.);
#2989 = VERTEX_POINT('',#2990);
#2990 = CARTESIAN_POINT('',(-0.9,-2.,0.2000001));
#2991 = B_SPLINE_CURVE_WITH_KNOTS('',1,(#2992,#2993),.UNSPECIFIED.,.F.,
  .F.,(2,2),(-1.1,-0.9),.PIECEWISE_BEZIER_KNOTS.);
#2992 = CARTESIAN_POINT('',(-0.9,-2.,0.2000001));
#2993 = CARTESIAN_POINT('',(-1.1,-2.,0.2000001));
#2994 = ORIENTED_EDGE('',*,*,#2995,.F.);
#2995 = EDGE_CURVE('',#2349,#2989,#2996,.T.);
#2996 = B_SPLINE_CURVE_WITH_KNOTS('',1,(#2997,#2998),.UNSPECIFIED.,.F.,
  .F.,(2,2),(-0.8,-0.61),.PIECEWISE_BEZIER_KNOTS.);
#2997 = CARTESIAN_POINT('',(-0.9,-2.,1.00001E-02));
#2998 = CARTESIAN_POINT('',(-0.9,-2.,0.2000001));
#2999 = ORIENTED_EDGE('',*,*,#2348,.T.);
#3000 = ORIENTED_EDGE('',*,*,#3001,.F.);
#3001 = EDGE_CURVE('',#3002,#2342,#3004,.T.);
#3002 = VERTEX_POINT('',#3003);
#3003 = CARTESIAN_POINT('',(-0.7,-2.,0.2000001));
#3004 = B_SPLINE_CURVE_WITH_KNOTS('',1,(#3005,#3006),.UNSPECIFIED.,.F.,
  .F.,(2,2),(0.61,0.8),.PIECEWISE_BEZIER_KNOTS.);
#3005 = CARTESIAN_POINT('',(-0.7,-2.,0.2000001));
#3006 = CARTESIAN_POINT('',(-0.7,-2.,1.00001E-02));
#3007 = ORIENTED_EDGE('',*,*,#3008,.F.);
#3008 = EDGE_CURVE('',#3009,#3002,#3011,.T.);
#3009 = VERTEX_POINT('',#3010);
#3010 = CARTESIAN_POINT('',(-0.5,-2.,0.2000001));
#3011 = B_SPLINE_CURVE_WITH_KNOTS('',1,(#3012,#3013),.UNSPECIFIED.,.F.,
  .F.,(2,2),(-1.5,-1.3),.PIECEWISE_BEZIER_KNOTS.);
#3012 = CARTESIAN_POINT('',(-0.5,-2.,0.2000001));
#3013 = CARTESIAN_POINT('',(-0.7,-2.,0.2000001));
#3014 = ORIENTED_EDGE('',*,*,#3015,.F.);
#3015 = EDGE_CURVE('',#2321,#3009,#3016,.T.);
#3016 = B_SPLINE_CURVE_WITH_KNOTS('',1,(#3017,#3018),.UNSPECIFIED.,.F.,
  .F.,(2,2),(-0.8,-0.61),.PIECEWISE_BEZIER_KNOTS.);
#3017 = CARTESIAN_POINT('',(-0.5,-2.,1.00001E-02));
#3018 = CARTESIAN_POINT('',(-0.5,-2.,0.2000001));
#3019 = ORIENTED_EDGE('',*,*,#2320,.T.);
#3020 = ORIENTED_EDGE('',*,*,#3021,.F.);
#3021 = EDGE_CURVE('',#3022,#2314,#3024,.T.);
#3022 = VERTEX_POINT('',#3023);
#3023 = CARTESIAN_POINT('',(-0.3,-2.,0.2000001));
#3024 = B_SPLINE_CURVE_WITH_KNOTS('',1,(#3025,#3026),.UNSPECIFIED.,.F.,
  .F.,(2,2),(0.61,0.8),.PIECEWISE_BEZIER_KNOTS.);
#3025 = CARTESIAN_POINT('',(-0.3,-2.,0.2000001));
#3026 = CARTESIAN_POINT('',(-0.3,-2.,1.00001E-02));
#3027 = ORIENTED_EDGE('',*,*,#3028,.F.);
#3028 = EDGE_CURVE('',#3029,#3022,#3031,.T.);
#3029 = VERTEX_POINT('',#3030);
#3030 = CARTESIAN_POINT('',(-9.999999999999E-02,-2.,0.2000001));
#3031 = B_SPLINE_CURVE_WITH_KNOTS('',1,(#3032,#3033),.UNSPECIFIED.,.F.,
  .F.,(2,2),(-1.9,-1.7),.PIECEWISE_BEZIER_KNOTS.);
#3032 = CARTESIAN_POINT('',(-9.999999999999E-02,-2.,0.2000001));
#3033 = CARTESIAN_POINT('',(-0.3,-2.,0.2000001));
#3034 = ORIENTED_EDGE('',*,*,#3035,.F.);
#3035 = EDGE_CURVE('',#2293,#3029,#3036,.T.);
#3036 = B_SPLINE_CURVE_WITH_KNOTS('',1,(#3037,#3038),.UNSPECIFIED.,.F.,
  .F.,(2,2),(-0.8,-0.61),.PIECEWISE_BEZIER_KNOTS.);
#3037 = CARTESIAN_POINT('',(-9.999999999999E-02,-2.,1.00001E-02));
#3038 = CARTESIAN_POINT('',(-9.999999999999E-02,-2.,0.2000001));
#3039 = ORIENTED_EDGE('',*,*,#2292,.T.);
#3040 = ORIENTED_EDGE('',*,*,#3041,.F.);
#3041 = EDGE_CURVE('',#3042,#2286,#3044,.T.);
#3042 = VERTEX_POINT('',#3043);
#3043 = CARTESIAN_POINT('',(0.1,-2.,0.2000001));
#3044 = B_SPLINE_CURVE_WITH_KNOTS('',1,(#3045,#3046),.UNSPECIFIED.,.F.,
  .F.,(2,2),(0.61,0.8),.PIECEWISE_BEZIER_KNOTS.);
#3045 = CARTESIAN_POINT('',(0.1,-2.,0.2000001));
#3046 = CARTESIAN_POINT('',(0.1,-2.,1.00001E-02));
#3047 = ORIENTED_EDGE('',*,*,#3048,.F.);
#3048 = EDGE_CURVE('',#3049,#3042,#3051,.T.);
#3049 = VERTEX_POINT('',#3050);
#3050 = CARTESIAN_POINT('',(0.3,-2.,0.2000001));
#3051 = B_SPLINE_CURVE_WITH_KNOTS('',1,(#3052,#3053),.UNSPECIFIED.,.F.,
  .F.,(2,2),(-2.3,-2.1),.PIECEWISE_BEZIER_KNOTS.);
#3052 = CARTESIAN_POINT('',(0.3,-2.,0.2000001));
#3053 = CARTESIAN_POINT('',(0.1,-2.,0.2000001));
#3054 = ORIENTED_EDGE('',*,*,#3055,.F.);
#3055 = EDGE_CURVE('',#2265,#3049,#3056,.T.);
#3056 = B_SPLINE_CURVE_WITH_KNOTS('',1,(#3057,#3058),.UNSPECIFIED.,.F.,
  .F.,(2,2),(-0.8,-0.61),.PIECEWISE_BEZIER_KNOTS.);
#3057 = CARTESIAN_POINT('',(0.3,-2.,1.00001E-02));
#3058 = CARTESIAN_POINT('',(0.3,-2.,0.2000001));
#3059 = ORIENTED_EDGE('',*,*,#2264,.T.);
#3060 = ORIENTED_EDGE('',*,*,#3061,.F.);
#3061 = EDGE_CURVE('',#3062,#2258,#3064,.T.);
#3062 = VERTEX_POINT('',#3063);
#3063 = CARTESIAN_POINT('',(0.5,-2.,0.2000001));
#3064 = B_SPLINE_CURVE_WITH_KNOTS('',1,(#3065,#3066),.UNSPECIFIED.,.F.,
  .F.,(2,2),(0.61,0.8),.PIECEWISE_BEZIER_KNOTS.);
#3065 = CARTESIAN_POINT('',(0.5,-2.,0.2000001));
#3066 = CARTESIAN_POINT('',(0.5,-2.,1.00001E-02));
#3067 = ORIENTED_EDGE('',*,*,#3068,.F.);
#3068 = EDGE_CURVE('',#3069,#3062,#3071,.T.);
#3069 = VERTEX_POINT('',#3070);
#3070 = CARTESIAN_POINT('',(0.7,-2.,0.2000001));
#3071 = B_SPLINE_CURVE_WITH_KNOTS('',1,(#3072,#3073),.UNSPECIFIED.,.F.,
  .F.,(2,2),(-2.7,-2.5),.PIECEWISE_BEZIER_KNOTS.);
#3072 = CARTESIAN_POINT('',(0.7,-2.,0.2000001));
#3073 = CARTESIAN_POINT('',(0.5,-2.,0.2000001));
#3074 = ORIENTED_EDGE('',*,*,#3075,.F.);
#3075 = EDGE_CURVE('',#2237,#3069,#3076,.T.);
#3076 = B_SPLINE_CURVE_WITH_KNOTS('',1,(#3077,#3078),.UNSPECIFIED.,.F.,
  .F.,(2,2),(-0.8,-0.61),.PIECEWISE_BEZIER_KNOTS.);
#3077 = CARTESIAN_POINT('',(0.7,-2.,1.00001E-02));
#3078 = CARTESIAN_POINT('',(0.7,-2.,0.2000001));
#3079 = ORIENTED_EDGE('',*,*,#2236,.T.);
#3080 = ORIENTED_EDGE('',*,*,#3081,.F.);
#3081 = EDGE_CURVE('',#3082,#2230,#3084,.T.);
#3082 = VERTEX_POINT('',#3083);
#3083 = CARTESIAN_POINT('',(0.9,-2.,0.2000001));
#3084 = B_SPLINE_CURVE_WITH_KNOTS('',1,(#3085,#3086),.UNSPECIFIED.,.F.,
  .F.,(2,2),(0.61,0.8),.PIECEWISE_BEZIER_KNOTS.);
#3085 = CARTESIAN_POINT('',(0.9,-2.,0.2000001));
#3086 = CARTESIAN_POINT('',(0.9,-2.,1.00001E-02));
#3087 = ORIENTED_EDGE('',*,*,#3088,.F.);
#3088 = EDGE_CURVE('',#3089,#3082,#3091,.T.);
#3089 = VERTEX_POINT('',#3090);
#3090 = CARTESIAN_POINT('',(1.1,-2.,0.2000001));
#3091 = B_SPLINE_CURVE_WITH_KNOTS('',1,(#3092,#3093),.UNSPECIFIED.,.F.,
  .F.,(2,2),(-3.1,-2.9),.PIECEWISE_BEZIER_KNOTS.);
#3092 = CARTESIAN_POINT('',(1.1,-2.,0.2000001));
#3093 = CARTESIAN_POINT('',(0.9,-2.,0.2000001));
#3094 = ORIENTED_EDGE('',*,*,#3095,.F.);
#3095 = EDGE_CURVE('',#2209,#3089,#3096,.T.);
#3096 = B_SPLINE_CURVE_WITH_KNOTS('',1,(#3097,#3098),.UNSPECIFIED.,.F.,
  .F.,(2,2),(-0.8,-0.61),.PIECEWISE_BEZIER_KNOTS.);
#3097 = CARTESIAN_POINT('',(1.1,-2.,1.00001E-02));
#3098 = CARTESIAN_POINT('',(1.1,-2.,0.2000001));
#3099 = ORIENTED_EDGE('',*,*,#2208,.T.);
#3100 = ORIENTED_EDGE('',*,*,#3101,.F.);
#3101 = EDGE_CURVE('',#3102,#2202,#3104,.T.);
#3102 = VERTEX_POINT('',#3103);
#3103 = CARTESIAN_POINT('',(1.3,-2.,0.2000001));
#3104 = B_SPLINE_CURVE_WITH_KNOTS('',1,(#3105,#3106),.UNSPECIFIED.,.F.,
  .F.,(2,2),(0.61,0.8),.PIECEWISE_BEZIER_KNOTS.);
#3105 = CARTESIAN_POINT('',(1.3,-2.,0.2000001));
#3106 = CARTESIAN_POINT('',(1.3,-2.,1.00001E-02));
#3107 = ORIENTED_EDGE('',*,*,#3108,.F.);
#3108 = EDGE_CURVE('',#2950,#3102,#3109,.T.);
#3109 = B_SPLINE_CURVE_WITH_KNOTS('',1,(#3110,#3111),.UNSPECIFIED.,.F.,
  .F.,(2,2),(-3.5,-3.3),.PIECEWISE_BEZIER_KNOTS.);
#3110 = CARTESIAN_POINT('',(1.5,-2.,0.2000001));
#3111 = CARTESIAN_POINT('',(1.3,-2.,0.2000001));
#3112 = B_SPLINE_SURFACE_WITH_KNOTS('',1,1,(
    (#3113,#3114)
    ,(#3115,#3116
    )),.UNSPECIFIED.,.F.,.F.,.F.,(2,2),(2,2),(-0.8,0.),(0.,4.),
  .PIECEWISE_BEZIER_KNOTS.);
#3113 = CARTESIAN_POINT('',(-2.,-2.,1.00001E-02));
#3114 = CARTESIAN_POINT('',(2.,-2.,1.00001E-02));
#3115 = CARTESIAN_POINT('',(-2.,-2.,0.8100001));
#3116 = CARTESIAN_POINT('',(2.,-2.,0.8100001));
#3117 = ADVANCED_FACE('',(#3118),#3131,.F.);
#3118 = FACE_BOUND('',#3119,.F.);
#3119 = EDGE_LOOP('',(#3120,#3121,#3122,#3130));
#3120 = ORIENTED_EDGE('',*,*,#542,.F.);
#3121 = ORIENTED_EDGE('',*,*,#21,.F.);
#3122 = ORIENTED_EDGE('',*,*,#3123,.T.);
#3123 = EDGE_CURVE('',#22,#41,#3124,.T.);
#3124 = ( BOUNDED_CURVE() B_SPLINE_CURVE(2,(#3125,#3126,#3127,#3128,
#3129),.UNSPECIFIED.,.F.,.F.) B_SPLINE_CURVE_WITH_KNOTS((3,2,3),(0.,
1.570796326795,3.14159265359),.PIECEWISE_BEZIER_KNOTS.) CURVE() 
GEOMETRIC_REPRESENTATION_ITEM() RATIONAL_B_SPLINE_CURVE((1.,
0.707106781187,1.,0.707106781187,1.)) REPRESENTATION_ITEM('') );
#3125 = CARTESIAN_POINT('',(-1.305765178523,-1.58613742915,0.7900001));
#3126 = CARTESIAN_POINT('',(-1.305765178523,-1.383776953959,0.7900001));
#3127 = CARTESIAN_POINT('',(-1.508125653714,-1.383776953959,0.7900001));
#3128 = CARTESIAN_POINT('',(-1.710486128906,-1.383776953959,0.7900001));
#3129 = CARTESIAN_POINT('',(-1.710486128906,-1.58613742915,0.7900001));
#3130 = ORIENTED_EDGE('',*,*,#40,.T.);
#3131 = ( BOUNDED_SURFACE() B_SPLINE_SURFACE(2,1,(
    (#3132,#3133)
    ,(#3134,#3135)
    ,(#3136,#3137)
    ,(#3138,#3139)
    ,(#3140,#3141
)),.UNSPECIFIED.,.F.,.F.,.F.) B_SPLINE_SURFACE_WITH_KNOTS((3,2,3),(2,2),
  (0.,1.570796326795,3.14159265359),(0.,2.E-02),
.PIECEWISE_BEZIER_KNOTS.) GEOMETRIC_REPRESENTATION_ITEM() 
RATIONAL_B_SPLINE_SURFACE((
    (1.,1.)
    ,(0.707106781187,0.707106781187)
    ,(1.,1.)
    ,(0.707106781187,0.707106781187)
,(1.,1.))) REPRESENTATION_ITEM('') SURFACE() );
#3132 = CARTESIAN_POINT('',(-1.305765178523,-1.58613742915,0.7900001));
#3133 = CARTESIAN_POINT('',(-1.305765178523,-1.58613742915,0.8100001));
#3134 = CARTESIAN_POINT('',(-1.305765178523,-1.383776953959,0.7900001));
#3135 = CARTESIAN_POINT('',(-1.305765178523,-1.383776953959,0.8100001));
#3136 = CARTESIAN_POINT('',(-1.508125653714,-1.383776953959,0.7900001));
#3137 = CARTESIAN_POINT('',(-1.508125653714,-1.383776953959,0.8100001));
#3138 = CARTESIAN_POINT('',(-1.710486128906,-1.383776953959,0.7900001));
#3139 = CARTESIAN_POINT('',(-1.710486128906,-1.383776953959,0.8100001));
#3140 = CARTESIAN_POINT('',(-1.710486128906,-1.58613742915,0.7900001));
#3141 = CARTESIAN_POINT('',(-1.710486128906,-1.58613742915,0.8100001));
#3142 = ADVANCED_FACE('',(#3143),#3147,.T.);
#3143 = FACE_BOUND('',#3144,.T.);
#3144 = EDGE_LOOP('',(#3145,#3146));
#3145 = ORIENTED_EDGE('',*,*,#3123,.T.);
#3146 = ORIENTED_EDGE('',*,*,#47,.T.);
#3147 = B_SPLINE_SURFACE_WITH_KNOTS('',1,1,(
    (#3148,#3149)
    ,(#3150,#3151
    )),.UNSPECIFIED.,.F.,.F.,.F.,(2,2),(2,2),(-0.202360475191,
    0.202360475191),(-0.202360475191,0.202360475191),
  .PIECEWISE_BEZIER_KNOTS.);
#3148 = CARTESIAN_POINT('',(-1.710486128906,-1.788497904342,0.7900001));
#3149 = CARTESIAN_POINT('',(-1.710486128906,-1.383776953959,0.7900001));
#3150 = CARTESIAN_POINT('',(-1.305765178523,-1.788497904342,0.7900001));
#3151 = CARTESIAN_POINT('',(-1.305765178523,-1.383776953959,0.7900001));
#3152 = ADVANCED_FACE('',(#3153),#3175,.F.);
#3153 = FACE_BOUND('',#3154,.T.);
#3154 = EDGE_LOOP('',(#3155,#3162,#3163,#3170));
#3155 = ORIENTED_EDGE('',*,*,#3156,.T.);
#3156 = EDGE_CURVE('',#3157,#2969,#3159,.T.);
#3157 = VERTEX_POINT('',#3158);
#3158 = CARTESIAN_POINT('',(-1.3,-2.01,0.2000001));
#3159 = B_SPLINE_CURVE_WITH_KNOTS('',1,(#3160,#3161),.UNSPECIFIED.,.F.,
  .F.,(2,2),(-0.4,-0.39),.PIECEWISE_BEZIER_KNOTS.);
#3160 = CARTESIAN_POINT('',(-1.3,-2.01,0.2000001));
#3161 = CARTESIAN_POINT('',(-1.3,-2.,0.2000001));
#3162 = ORIENTED_EDGE('',*,*,#2968,.T.);
#3163 = ORIENTED_EDGE('',*,*,#3164,.T.);
#3164 = EDGE_CURVE('',#2962,#3165,#3167,.T.);
#3165 = VERTEX_POINT('',#3166);
#3166 = CARTESIAN_POINT('',(-1.5,-2.01,0.2000001));
#3167 = B_SPLINE_CURVE_WITH_KNOTS('',1,(#3168,#3169),.UNSPECIFIED.,.F.,
  .F.,(2,2),(0.39,0.4),.PIECEWISE_BEZIER_KNOTS.);
#3168 = CARTESIAN_POINT('',(-1.5,-2.,0.2000001));
#3169 = CARTESIAN_POINT('',(-1.5,-2.01,0.2000001));
#3170 = ORIENTED_EDGE('',*,*,#3171,.T.);
#3171 = EDGE_CURVE('',#3165,#3157,#3172,.T.);
#3172 = B_SPLINE_CURVE_WITH_KNOTS('',1,(#3173,#3174),.UNSPECIFIED.,.F.,
  .F.,(2,2),(-0.2,0.),.PIECEWISE_BEZIER_KNOTS.);
#3173 = CARTESIAN_POINT('',(-1.5,-2.01,0.2000001));
#3174 = CARTESIAN_POINT('',(-1.3,-2.01,0.2000001));
#3175 = B_SPLINE_SURFACE_WITH_KNOTS('',1,1,(
    (#3176,#3177)
    ,(#3178,#3179
    )),.UNSPECIFIED.,.F.,.F.,.F.,(2,2),(2,2),(1.3,1.5),(-2.01,-2.),
  .PIECEWISE_BEZIER_KNOTS.);
#3176 = CARTESIAN_POINT('',(-1.3,-2.01,0.2000001));
#3177 = CARTESIAN_POINT('',(-1.3,-2.,0.2000001));
#3178 = CARTESIAN_POINT('',(-1.5,-2.01,0.2000001));
#3179 = CARTESIAN_POINT('',(-1.5,-2.,0.2000001));
#3180 = ADVANCED_FACE('',(#3181),#3205,.F.);
#3181 = FACE_BOUND('',#3182,.T.);
#3182 = EDGE_LOOP('',(#3183,#3184,#3185,#3186,#3193,#3200));
#3183 = ORIENTED_EDGE('',*,*,#2383,.F.);
#3184 = ORIENTED_EDGE('',*,*,#2975,.T.);
#3185 = ORIENTED_EDGE('',*,*,#3156,.F.);
#3186 = ORIENTED_EDGE('',*,*,#3187,.T.);
#3187 = EDGE_CURVE('',#3157,#3188,#3190,.T.);
#3188 = VERTEX_POINT('',#3189);
#3189 = CARTESIAN_POINT('',(-1.3,-2.01,1.E-07));
#3190 = B_SPLINE_CURVE_WITH_KNOTS('',1,(#3191,#3192),.UNSPECIFIED.,.F.,
  .F.,(2,2),(-0.,0.2),.PIECEWISE_BEZIER_KNOTS.);
#3191 = CARTESIAN_POINT('',(-1.3,-2.01,0.2000001));
#3192 = CARTESIAN_POINT('',(-1.3,-2.01,1.E-07));
#3193 = ORIENTED_EDGE('',*,*,#3194,.T.);
#3194 = EDGE_CURVE('',#3188,#3195,#3197,.T.);
#3195 = VERTEX_POINT('',#3196);
#3196 = CARTESIAN_POINT('',(-1.3,-1.61,1.E-07));
#3197 = B_SPLINE_CURVE_WITH_KNOTS('',1,(#3198,#3199),.UNSPECIFIED.,.F.,
  .F.,(2,2),(-0.4,0.),.PIECEWISE_BEZIER_KNOTS.);
#3198 = CARTESIAN_POINT('',(-1.3,-2.01,1.E-07));
#3199 = CARTESIAN_POINT('',(-1.3,-1.61,1.E-07));
#3200 = ORIENTED_EDGE('',*,*,#3201,.F.);
#3201 = EDGE_CURVE('',#2384,#3195,#3202,.T.);
#3202 = B_SPLINE_CURVE_WITH_KNOTS('',1,(#3203,#3204),.UNSPECIFIED.,.F.,
  .F.,(2,2),(0.19,0.2),.PIECEWISE_BEZIER_KNOTS.);
#3203 = CARTESIAN_POINT('',(-1.3,-1.61,1.00001E-02));
#3204 = CARTESIAN_POINT('',(-1.3,-1.61,1.E-07));
#3205 = B_SPLINE_SURFACE_WITH_KNOTS('',1,1,(
    (#3206,#3207)
    ,(#3208,#3209
    )),.UNSPECIFIED.,.F.,.F.,.F.,(2,2),(2,2),(0.,0.4),(-0.2,0.),
  .PIECEWISE_BEZIER_KNOTS.);
#3206 = CARTESIAN_POINT('',(-1.3,-1.61,1.E-07));
#3207 = CARTESIAN_POINT('',(-1.3,-1.61,0.2000001));
#3208 = CARTESIAN_POINT('',(-1.3,-2.01,1.E-07));
#3209 = CARTESIAN_POINT('',(-1.3,-2.01,0.2000001));
#3210 = ADVANCED_FACE('',(#3211),#3235,.F.);
#3211 = FACE_BOUND('',#3212,.T.);
#3212 = EDGE_LOOP('',(#3213,#3214,#3215,#3216,#3223,#3230));
#3213 = ORIENTED_EDGE('',*,*,#3164,.F.);
#3214 = ORIENTED_EDGE('',*,*,#2961,.T.);
#3215 = ORIENTED_EDGE('',*,*,#2397,.F.);
#3216 = ORIENTED_EDGE('',*,*,#3217,.T.);
#3217 = EDGE_CURVE('',#2391,#3218,#3220,.T.);
#3218 = VERTEX_POINT('',#3219);
#3219 = CARTESIAN_POINT('',(-1.5,-1.61,1.E-07));
#3220 = B_SPLINE_CURVE_WITH_KNOTS('',1,(#3221,#3222),.UNSPECIFIED.,.F.,
  .F.,(2,2),(0.19,0.2),.PIECEWISE_BEZIER_KNOTS.);
#3221 = CARTESIAN_POINT('',(-1.5,-1.61,1.00001E-02));
#3222 = CARTESIAN_POINT('',(-1.5,-1.61,1.E-07));
#3223 = ORIENTED_EDGE('',*,*,#3224,.T.);
#3224 = EDGE_CURVE('',#3218,#3225,#3227,.T.);
#3225 = VERTEX_POINT('',#3226);
#3226 = CARTESIAN_POINT('',(-1.5,-2.01,1.E-07));
#3227 = B_SPLINE_CURVE_WITH_KNOTS('',1,(#3228,#3229),.UNSPECIFIED.,.F.,
  .F.,(2,2),(0.,0.4),.PIECEWISE_BEZIER_KNOTS.);
#3228 = CARTESIAN_POINT('',(-1.5,-1.61,1.E-07));
#3229 = CARTESIAN_POINT('',(-1.5,-2.01,1.E-07));
#3230 = ORIENTED_EDGE('',*,*,#3231,.F.);
#3231 = EDGE_CURVE('',#3165,#3225,#3232,.T.);
#3232 = B_SPLINE_CURVE_WITH_KNOTS('',1,(#3233,#3234),.UNSPECIFIED.,.F.,
  .F.,(2,2),(-0.,0.2),.PIECEWISE_BEZIER_KNOTS.);
#3233 = CARTESIAN_POINT('',(-1.5,-2.01,0.2000001));
#3234 = CARTESIAN_POINT('',(-1.5,-2.01,1.E-07));
#3235 = B_SPLINE_SURFACE_WITH_KNOTS('',1,1,(
    (#3236,#3237)
    ,(#3238,#3239
    )),.UNSPECIFIED.,.F.,.F.,.F.,(2,2),(2,2),(-0.4,0.),(-0.2,0.),
  .PIECEWISE_BEZIER_KNOTS.);
#3236 = CARTESIAN_POINT('',(-1.5,-2.01,1.E-07));
#3237 = CARTESIAN_POINT('',(-1.5,-2.01,0.2000001));
#3238 = CARTESIAN_POINT('',(-1.5,-1.61,1.E-07));
#3239 = CARTESIAN_POINT('',(-1.5,-1.61,0.2000001));
#3240 = ADVANCED_FACE('',(#3241),#3251,.F.);
#3241 = FACE_BOUND('',#3242,.T.);
#3242 = EDGE_LOOP('',(#3243,#3244,#3245,#3250));
#3243 = ORIENTED_EDGE('',*,*,#2390,.F.);
#3244 = ORIENTED_EDGE('',*,*,#3201,.T.);
#3245 = ORIENTED_EDGE('',*,*,#3246,.T.);
#3246 = EDGE_CURVE('',#3195,#3218,#3247,.T.);
#3247 = B_SPLINE_CURVE_WITH_KNOTS('',1,(#3248,#3249),.UNSPECIFIED.,.F.,
  .F.,(2,2),(0.,0.2),.PIECEWISE_BEZIER_KNOTS.);
#3248 = CARTESIAN_POINT('',(-1.3,-1.61,1.E-07));
#3249 = CARTESIAN_POINT('',(-1.5,-1.61,1.E-07));
#3250 = ORIENTED_EDGE('',*,*,#3217,.F.);
#3251 = B_SPLINE_SURFACE_WITH_KNOTS('',1,1,(
    (#3252,#3253)
    ,(#3254,#3255
    )),.UNSPECIFIED.,.F.,.F.,.F.,(2,2),(2,2),(-0.2,0.),(-0.2,-0.19),
  .PIECEWISE_BEZIER_KNOTS.);
#3252 = CARTESIAN_POINT('',(-1.5,-1.61,1.E-07));
#3253 = CARTESIAN_POINT('',(-1.5,-1.61,1.00001E-02));
#3254 = CARTESIAN_POINT('',(-1.3,-1.61,1.E-07));
#3255 = CARTESIAN_POINT('',(-1.3,-1.61,1.00001E-02));
#3256 = ADVANCED_FACE('',(#3257),#3267,.F.);
#3257 = FACE_BOUND('',#3258,.T.);
#3258 = EDGE_LOOP('',(#3259,#3264,#3265,#3266));
#3259 = ORIENTED_EDGE('',*,*,#3260,.T.);
#3260 = EDGE_CURVE('',#3225,#3188,#3261,.T.);
#3261 = B_SPLINE_CURVE_WITH_KNOTS('',1,(#3262,#3263),.UNSPECIFIED.,.F.,
  .F.,(2,2),(-0.2,0.),.PIECEWISE_BEZIER_KNOTS.);
#3262 = CARTESIAN_POINT('',(-1.5,-2.01,1.E-07));
#3263 = CARTESIAN_POINT('',(-1.3,-2.01,1.E-07));
#3264 = ORIENTED_EDGE('',*,*,#3187,.F.);
#3265 = ORIENTED_EDGE('',*,*,#3171,.F.);
#3266 = ORIENTED_EDGE('',*,*,#3231,.T.);
#3267 = B_SPLINE_SURFACE_WITH_KNOTS('',1,1,(
    (#3268,#3269)
    ,(#3270,#3271
    )),.UNSPECIFIED.,.F.,.F.,.F.,(2,2),(2,2),(-0.2,0.),(-0.2,0.),
  .PIECEWISE_BEZIER_KNOTS.);
#3268 = CARTESIAN_POINT('',(-1.5,-2.01,1.E-07));
#3269 = CARTESIAN_POINT('',(-1.3,-2.01,1.E-07));
#3270 = CARTESIAN_POINT('',(-1.5,-2.01,0.2000001));
#3271 = CARTESIAN_POINT('',(-1.3,-2.01,0.2000001));
#3272 = ADVANCED_FACE('',(#3273),#3279,.T.);
#3273 = FACE_BOUND('',#3274,.T.);
#3274 = EDGE_LOOP('',(#3275,#3276,#3277,#3278));
#3275 = ORIENTED_EDGE('',*,*,#3194,.F.);
#3276 = ORIENTED_EDGE('',*,*,#3260,.F.);
#3277 = ORIENTED_EDGE('',*,*,#3224,.F.);
#3278 = ORIENTED_EDGE('',*,*,#3246,.F.);
#3279 = B_SPLINE_SURFACE_WITH_KNOTS('',1,1,(
    (#3280,#3281)
    ,(#3282,#3283
    )),.UNSPECIFIED.,.F.,.F.,.F.,(2,2),(2,2),(1.3,1.5),(-2.01,-1.61),
  .PIECEWISE_BEZIER_KNOTS.);
#3280 = CARTESIAN_POINT('',(-1.3,-2.01,1.E-07));
#3281 = CARTESIAN_POINT('',(-1.3,-1.61,1.E-07));
#3282 = CARTESIAN_POINT('',(-1.5,-2.01,1.E-07));
#3283 = CARTESIAN_POINT('',(-1.5,-1.61,1.E-07));
#3284 = ADVANCED_FACE('',(#3285),#3307,.F.);
#3285 = FACE_BOUND('',#3286,.T.);
#3286 = EDGE_LOOP('',(#3287,#3294,#3295,#3302));
#3287 = ORIENTED_EDGE('',*,*,#3288,.T.);
#3288 = EDGE_CURVE('',#3289,#2989,#3291,.T.);
#3289 = VERTEX_POINT('',#3290);
#3290 = CARTESIAN_POINT('',(-0.9,-2.01,0.2000001));
#3291 = B_SPLINE_CURVE_WITH_KNOTS('',1,(#3292,#3293),.UNSPECIFIED.,.F.,
  .F.,(2,2),(-0.4,-0.39),.PIECEWISE_BEZIER_KNOTS.);
#3292 = CARTESIAN_POINT('',(-0.9,-2.01,0.2000001));
#3293 = CARTESIAN_POINT('',(-0.9,-2.,0.2000001));
#3294 = ORIENTED_EDGE('',*,*,#2988,.T.);
#3295 = ORIENTED_EDGE('',*,*,#3296,.T.);
#3296 = EDGE_CURVE('',#2982,#3297,#3299,.T.);
#3297 = VERTEX_POINT('',#3298);
#3298 = CARTESIAN_POINT('',(-1.1,-2.01,0.2000001));
#3299 = B_SPLINE_CURVE_WITH_KNOTS('',1,(#3300,#3301),.UNSPECIFIED.,.F.,
  .F.,(2,2),(0.39,0.4),.PIECEWISE_BEZIER_KNOTS.);
#3300 = CARTESIAN_POINT('',(-1.1,-2.,0.2000001));
#3301 = CARTESIAN_POINT('',(-1.1,-2.01,0.2000001));
#3302 = ORIENTED_EDGE('',*,*,#3303,.T.);
#3303 = EDGE_CURVE('',#3297,#3289,#3304,.T.);
#3304 = B_SPLINE_CURVE_WITH_KNOTS('',1,(#3305,#3306),.UNSPECIFIED.,.F.,
  .F.,(2,2),(-0.2,0.),.PIECEWISE_BEZIER_KNOTS.);
#3305 = CARTESIAN_POINT('',(-1.1,-2.01,0.2000001));
#3306 = CARTESIAN_POINT('',(-0.9,-2.01,0.2000001));
#3307 = B_SPLINE_SURFACE_WITH_KNOTS('',1,1,(
    (#3308,#3309)
    ,(#3310,#3311
    )),.UNSPECIFIED.,.F.,.F.,.F.,(2,2),(2,2),(1.3,1.5),(-2.01,-2.),
  .PIECEWISE_BEZIER_KNOTS.);
#3308 = CARTESIAN_POINT('',(-0.9,-2.01,0.2000001));
#3309 = CARTESIAN_POINT('',(-0.9,-2.,0.2000001));
#3310 = CARTESIAN_POINT('',(-1.1,-2.01,0.2000001));
#3311 = CARTESIAN_POINT('',(-1.1,-2.,0.2000001));
#3312 = ADVANCED_FACE('',(#3313),#3337,.F.);
#3313 = FACE_BOUND('',#3314,.T.);
#3314 = EDGE_LOOP('',(#3315,#3316,#3317,#3318,#3325,#3332));
#3315 = ORIENTED_EDGE('',*,*,#2355,.F.);
#3316 = ORIENTED_EDGE('',*,*,#2995,.T.);
#3317 = ORIENTED_EDGE('',*,*,#3288,.F.);
#3318 = ORIENTED_EDGE('',*,*,#3319,.T.);
#3319 = EDGE_CURVE('',#3289,#3320,#3322,.T.);
#3320 = VERTEX_POINT('',#3321);
#3321 = CARTESIAN_POINT('',(-0.9,-2.01,1.E-07));
#3322 = B_SPLINE_CURVE_WITH_KNOTS('',1,(#3323,#3324),.UNSPECIFIED.,.F.,
  .F.,(2,2),(-0.,0.2),.PIECEWISE_BEZIER_KNOTS.);
#3323 = CARTESIAN_POINT('',(-0.9,-2.01,0.2000001));
#3324 = CARTESIAN_POINT('',(-0.9,-2.01,1.E-07));
#3325 = ORIENTED_EDGE('',*,*,#3326,.T.);
#3326 = EDGE_CURVE('',#3320,#3327,#3329,.T.);
#3327 = VERTEX_POINT('',#3328);
#3328 = CARTESIAN_POINT('',(-0.9,-1.61,1.E-07));
#3329 = B_SPLINE_CURVE_WITH_KNOTS('',1,(#3330,#3331),.UNSPECIFIED.,.F.,
  .F.,(2,2),(-0.4,0.),.PIECEWISE_BEZIER_KNOTS.);
#3330 = CARTESIAN_POINT('',(-0.9,-2.01,1.E-07));
#3331 = CARTESIAN_POINT('',(-0.9,-1.61,1.E-07));
#3332 = ORIENTED_EDGE('',*,*,#3333,.F.);
#3333 = EDGE_CURVE('',#2356,#3327,#3334,.T.);
#3334 = B_SPLINE_CURVE_WITH_KNOTS('',1,(#3335,#3336),.UNSPECIFIED.,.F.,
  .F.,(2,2),(0.19,0.2),.PIECEWISE_BEZIER_KNOTS.);
#3335 = CARTESIAN_POINT('',(-0.9,-1.61,1.00001E-02));
#3336 = CARTESIAN_POINT('',(-0.9,-1.61,1.E-07));
#3337 = B_SPLINE_SURFACE_WITH_KNOTS('',1,1,(
    (#3338,#3339)
    ,(#3340,#3341
    )),.UNSPECIFIED.,.F.,.F.,.F.,(2,2),(2,2),(0.,0.4),(-0.2,0.),
  .PIECEWISE_BEZIER_KNOTS.);
#3338 = CARTESIAN_POINT('',(-0.9,-1.61,1.E-07));
#3339 = CARTESIAN_POINT('',(-0.9,-1.61,0.2000001));
#3340 = CARTESIAN_POINT('',(-0.9,-2.01,1.E-07));
#3341 = CARTESIAN_POINT('',(-0.9,-2.01,0.2000001));
#3342 = ADVANCED_FACE('',(#3343),#3367,.F.);
#3343 = FACE_BOUND('',#3344,.T.);
#3344 = EDGE_LOOP('',(#3345,#3346,#3347,#3348,#3355,#3362));
#3345 = ORIENTED_EDGE('',*,*,#3296,.F.);
#3346 = ORIENTED_EDGE('',*,*,#2981,.T.);
#3347 = ORIENTED_EDGE('',*,*,#2369,.F.);
#3348 = ORIENTED_EDGE('',*,*,#3349,.T.);
#3349 = EDGE_CURVE('',#2363,#3350,#3352,.T.);
#3350 = VERTEX_POINT('',#3351);
#3351 = CARTESIAN_POINT('',(-1.1,-1.61,1.E-07));
#3352 = B_SPLINE_CURVE_WITH_KNOTS('',1,(#3353,#3354),.UNSPECIFIED.,.F.,
  .F.,(2,2),(0.19,0.2),.PIECEWISE_BEZIER_KNOTS.);
#3353 = CARTESIAN_POINT('',(-1.1,-1.61,1.00001E-02));
#3354 = CARTESIAN_POINT('',(-1.1,-1.61,1.E-07));
#3355 = ORIENTED_EDGE('',*,*,#3356,.T.);
#3356 = EDGE_CURVE('',#3350,#3357,#3359,.T.);
#3357 = VERTEX_POINT('',#3358);
#3358 = CARTESIAN_POINT('',(-1.1,-2.01,1.E-07));
#3359 = B_SPLINE_CURVE_WITH_KNOTS('',1,(#3360,#3361),.UNSPECIFIED.,.F.,
  .F.,(2,2),(0.,0.4),.PIECEWISE_BEZIER_KNOTS.);
#3360 = CARTESIAN_POINT('',(-1.1,-1.61,1.E-07));
#3361 = CARTESIAN_POINT('',(-1.1,-2.01,1.E-07));
#3362 = ORIENTED_EDGE('',*,*,#3363,.F.);
#3363 = EDGE_CURVE('',#3297,#3357,#3364,.T.);
#3364 = B_SPLINE_CURVE_WITH_KNOTS('',1,(#3365,#3366),.UNSPECIFIED.,.F.,
  .F.,(2,2),(-0.,0.2),.PIECEWISE_BEZIER_KNOTS.);
#3365 = CARTESIAN_POINT('',(-1.1,-2.01,0.2000001));
#3366 = CARTESIAN_POINT('',(-1.1,-2.01,1.E-07));
#3367 = B_SPLINE_SURFACE_WITH_KNOTS('',1,1,(
    (#3368,#3369)
    ,(#3370,#3371
    )),.UNSPECIFIED.,.F.,.F.,.F.,(2,2),(2,2),(-0.4,0.),(-0.2,0.),
  .PIECEWISE_BEZIER_KNOTS.);
#3368 = CARTESIAN_POINT('',(-1.1,-2.01,1.E-07));
#3369 = CARTESIAN_POINT('',(-1.1,-2.01,0.2000001));
#3370 = CARTESIAN_POINT('',(-1.1,-1.61,1.E-07));
#3371 = CARTESIAN_POINT('',(-1.1,-1.61,0.2000001));
#3372 = ADVANCED_FACE('',(#3373),#3383,.F.);
#3373 = FACE_BOUND('',#3374,.T.);
#3374 = EDGE_LOOP('',(#3375,#3376,#3377,#3382));
#3375 = ORIENTED_EDGE('',*,*,#2362,.F.);
#3376 = ORIENTED_EDGE('',*,*,#3333,.T.);
#3377 = ORIENTED_EDGE('',*,*,#3378,.T.);
#3378 = EDGE_CURVE('',#3327,#3350,#3379,.T.);
#3379 = B_SPLINE_CURVE_WITH_KNOTS('',1,(#3380,#3381),.UNSPECIFIED.,.F.,
  .F.,(2,2),(0.,0.2),.PIECEWISE_BEZIER_KNOTS.);
#3380 = CARTESIAN_POINT('',(-0.9,-1.61,1.E-07));
#3381 = CARTESIAN_POINT('',(-1.1,-1.61,1.E-07));
#3382 = ORIENTED_EDGE('',*,*,#3349,.F.);
#3383 = B_SPLINE_SURFACE_WITH_KNOTS('',1,1,(
    (#3384,#3385)
    ,(#3386,#3387
    )),.UNSPECIFIED.,.F.,.F.,.F.,(2,2),(2,2),(-0.2,0.),(-0.2,-0.19),
  .PIECEWISE_BEZIER_KNOTS.);
#3384 = CARTESIAN_POINT('',(-1.1,-1.61,1.E-07));
#3385 = CARTESIAN_POINT('',(-1.1,-1.61,1.00001E-02));
#3386 = CARTESIAN_POINT('',(-0.9,-1.61,1.E-07));
#3387 = CARTESIAN_POINT('',(-0.9,-1.61,1.00001E-02));
#3388 = ADVANCED_FACE('',(#3389),#3399,.F.);
#3389 = FACE_BOUND('',#3390,.T.);
#3390 = EDGE_LOOP('',(#3391,#3396,#3397,#3398));
#3391 = ORIENTED_EDGE('',*,*,#3392,.T.);
#3392 = EDGE_CURVE('',#3357,#3320,#3393,.T.);
#3393 = B_SPLINE_CURVE_WITH_KNOTS('',1,(#3394,#3395),.UNSPECIFIED.,.F.,
  .F.,(2,2),(-0.2,0.),.PIECEWISE_BEZIER_KNOTS.);
#3394 = CARTESIAN_POINT('',(-1.1,-2.01,1.E-07));
#3395 = CARTESIAN_POINT('',(-0.9,-2.01,1.E-07));
#3396 = ORIENTED_EDGE('',*,*,#3319,.F.);
#3397 = ORIENTED_EDGE('',*,*,#3303,.F.);
#3398 = ORIENTED_EDGE('',*,*,#3363,.T.);
#3399 = B_SPLINE_SURFACE_WITH_KNOTS('',1,1,(
    (#3400,#3401)
    ,(#3402,#3403
    )),.UNSPECIFIED.,.F.,.F.,.F.,(2,2),(2,2),(-0.2,0.),(-0.2,0.),
  .PIECEWISE_BEZIER_KNOTS.);
#3400 = CARTESIAN_POINT('',(-1.1,-2.01,1.E-07));
#3401 = CARTESIAN_POINT('',(-0.9,-2.01,1.E-07));
#3402 = CARTESIAN_POINT('',(-1.1,-2.01,0.2000001));
#3403 = CARTESIAN_POINT('',(-0.9,-2.01,0.2000001));
#3404 = ADVANCED_FACE('',(#3405),#3411,.T.);
#3405 = FACE_BOUND('',#3406,.T.);
#3406 = EDGE_LOOP('',(#3407,#3408,#3409,#3410));
#3407 = ORIENTED_EDGE('',*,*,#3326,.F.);
#3408 = ORIENTED_EDGE('',*,*,#3392,.F.);
#3409 = ORIENTED_EDGE('',*,*,#3356,.F.);
#3410 = ORIENTED_EDGE('',*,*,#3378,.F.);
#3411 = B_SPLINE_SURFACE_WITH_KNOTS('',1,1,(
    (#3412,#3413)
    ,(#3414,#3415
    )),.UNSPECIFIED.,.F.,.F.,.F.,(2,2),(2,2),(1.3,1.5),(-2.01,-1.61),
  .PIECEWISE_BEZIER_KNOTS.);
#3412 = CARTESIAN_POINT('',(-0.9,-2.01,1.E-07));
#3413 = CARTESIAN_POINT('',(-0.9,-1.61,1.E-07));
#3414 = CARTESIAN_POINT('',(-1.1,-2.01,1.E-07));
#3415 = CARTESIAN_POINT('',(-1.1,-1.61,1.E-07));
#3416 = ADVANCED_FACE('',(#3417),#3439,.F.);
#3417 = FACE_BOUND('',#3418,.T.);
#3418 = EDGE_LOOP('',(#3419,#3426,#3427,#3434));
#3419 = ORIENTED_EDGE('',*,*,#3420,.T.);
#3420 = EDGE_CURVE('',#3421,#3009,#3423,.T.);
#3421 = VERTEX_POINT('',#3422);
#3422 = CARTESIAN_POINT('',(-0.5,-2.01,0.2000001));
#3423 = B_SPLINE_CURVE_WITH_KNOTS('',1,(#3424,#3425),.UNSPECIFIED.,.F.,
  .F.,(2,2),(-0.4,-0.39),.PIECEWISE_BEZIER_KNOTS.);
#3424 = CARTESIAN_POINT('',(-0.5,-2.01,0.2000001));
#3425 = CARTESIAN_POINT('',(-0.5,-2.,0.2000001));
#3426 = ORIENTED_EDGE('',*,*,#3008,.T.);
#3427 = ORIENTED_EDGE('',*,*,#3428,.T.);
#3428 = EDGE_CURVE('',#3002,#3429,#3431,.T.);
#3429 = VERTEX_POINT('',#3430);
#3430 = CARTESIAN_POINT('',(-0.7,-2.01,0.2000001));
#3431 = B_SPLINE_CURVE_WITH_KNOTS('',1,(#3432,#3433),.UNSPECIFIED.,.F.,
  .F.,(2,2),(0.39,0.4),.PIECEWISE_BEZIER_KNOTS.);
#3432 = CARTESIAN_POINT('',(-0.7,-2.,0.2000001));
#3433 = CARTESIAN_POINT('',(-0.7,-2.01,0.2000001));
#3434 = ORIENTED_EDGE('',*,*,#3435,.T.);
#3435 = EDGE_CURVE('',#3429,#3421,#3436,.T.);
#3436 = B_SPLINE_CURVE_WITH_KNOTS('',1,(#3437,#3438),.UNSPECIFIED.,.F.,
  .F.,(2,2),(-0.2,0.),.PIECEWISE_BEZIER_KNOTS.);
#3437 = CARTESIAN_POINT('',(-0.7,-2.01,0.2000001));
#3438 = CARTESIAN_POINT('',(-0.5,-2.01,0.2000001));
#3439 = B_SPLINE_SURFACE_WITH_KNOTS('',1,1,(
    (#3440,#3441)
    ,(#3442,#3443
    )),.UNSPECIFIED.,.F.,.F.,.F.,(2,2),(2,2),(1.3,1.5),(-2.01,-2.),
  .PIECEWISE_BEZIER_KNOTS.);
#3440 = CARTESIAN_POINT('',(-0.5,-2.01,0.2000001));
#3441 = CARTESIAN_POINT('',(-0.5,-2.,0.2000001));
#3442 = CARTESIAN_POINT('',(-0.7,-2.01,0.2000001));
#3443 = CARTESIAN_POINT('',(-0.7,-2.,0.2000001));
#3444 = ADVANCED_FACE('',(#3445),#3469,.F.);
#3445 = FACE_BOUND('',#3446,.T.);
#3446 = EDGE_LOOP('',(#3447,#3448,#3449,#3450,#3457,#3464));
#3447 = ORIENTED_EDGE('',*,*,#2327,.F.);
#3448 = ORIENTED_EDGE('',*,*,#3015,.T.);
#3449 = ORIENTED_EDGE('',*,*,#3420,.F.);
#3450 = ORIENTED_EDGE('',*,*,#3451,.T.);
#3451 = EDGE_CURVE('',#3421,#3452,#3454,.T.);
#3452 = VERTEX_POINT('',#3453);
#3453 = CARTESIAN_POINT('',(-0.5,-2.01,1.E-07));
#3454 = B_SPLINE_CURVE_WITH_KNOTS('',1,(#3455,#3456),.UNSPECIFIED.,.F.,
  .F.,(2,2),(-0.,0.2),.PIECEWISE_BEZIER_KNOTS.);
#3455 = CARTESIAN_POINT('',(-0.5,-2.01,0.2000001));
#3456 = CARTESIAN_POINT('',(-0.5,-2.01,1.E-07));
#3457 = ORIENTED_EDGE('',*,*,#3458,.T.);
#3458 = EDGE_CURVE('',#3452,#3459,#3461,.T.);
#3459 = VERTEX_POINT('',#3460);
#3460 = CARTESIAN_POINT('',(-0.5,-1.61,1.E-07));
#3461 = B_SPLINE_CURVE_WITH_KNOTS('',1,(#3462,#3463),.UNSPECIFIED.,.F.,
  .F.,(2,2),(-0.4,0.),.PIECEWISE_BEZIER_KNOTS.);
#3462 = CARTESIAN_POINT('',(-0.5,-2.01,1.E-07));
#3463 = CARTESIAN_POINT('',(-0.5,-1.61,1.E-07));
#3464 = ORIENTED_EDGE('',*,*,#3465,.F.);
#3465 = EDGE_CURVE('',#2328,#3459,#3466,.T.);
#3466 = B_SPLINE_CURVE_WITH_KNOTS('',1,(#3467,#3468),.UNSPECIFIED.,.F.,
  .F.,(2,2),(0.19,0.2),.PIECEWISE_BEZIER_KNOTS.);
#3467 = CARTESIAN_POINT('',(-0.5,-1.61,1.00001E-02));
#3468 = CARTESIAN_POINT('',(-0.5,-1.61,1.E-07));
#3469 = B_SPLINE_SURFACE_WITH_KNOTS('',1,1,(
    (#3470,#3471)
    ,(#3472,#3473
    )),.UNSPECIFIED.,.F.,.F.,.F.,(2,2),(2,2),(0.,0.4),(-0.2,0.),
  .PIECEWISE_BEZIER_KNOTS.);
#3470 = CARTESIAN_POINT('',(-0.5,-1.61,1.E-07));
#3471 = CARTESIAN_POINT('',(-0.5,-1.61,0.2000001));
#3472 = CARTESIAN_POINT('',(-0.5,-2.01,1.E-07));
#3473 = CARTESIAN_POINT('',(-0.5,-2.01,0.2000001));
#3474 = ADVANCED_FACE('',(#3475),#3499,.F.);
#3475 = FACE_BOUND('',#3476,.T.);
#3476 = EDGE_LOOP('',(#3477,#3478,#3479,#3480,#3487,#3494));
#3477 = ORIENTED_EDGE('',*,*,#3428,.F.);
#3478 = ORIENTED_EDGE('',*,*,#3001,.T.);
#3479 = ORIENTED_EDGE('',*,*,#2341,.F.);
#3480 = ORIENTED_EDGE('',*,*,#3481,.T.);
#3481 = EDGE_CURVE('',#2335,#3482,#3484,.T.);
#3482 = VERTEX_POINT('',#3483);
#3483 = CARTESIAN_POINT('',(-0.7,-1.61,1.E-07));
#3484 = B_SPLINE_CURVE_WITH_KNOTS('',1,(#3485,#3486),.UNSPECIFIED.,.F.,
  .F.,(2,2),(0.19,0.2),.PIECEWISE_BEZIER_KNOTS.);
#3485 = CARTESIAN_POINT('',(-0.7,-1.61,1.00001E-02));
#3486 = CARTESIAN_POINT('',(-0.7,-1.61,1.E-07));
#3487 = ORIENTED_EDGE('',*,*,#3488,.T.);
#3488 = EDGE_CURVE('',#3482,#3489,#3491,.T.);
#3489 = VERTEX_POINT('',#3490);
#3490 = CARTESIAN_POINT('',(-0.7,-2.01,1.E-07));
#3491 = B_SPLINE_CURVE_WITH_KNOTS('',1,(#3492,#3493),.UNSPECIFIED.,.F.,
  .F.,(2,2),(0.,0.4),.PIECEWISE_BEZIER_KNOTS.);
#3492 = CARTESIAN_POINT('',(-0.7,-1.61,1.E-07));
#3493 = CARTESIAN_POINT('',(-0.7,-2.01,1.E-07));
#3494 = ORIENTED_EDGE('',*,*,#3495,.F.);
#3495 = EDGE_CURVE('',#3429,#3489,#3496,.T.);
#3496 = B_SPLINE_CURVE_WITH_KNOTS('',1,(#3497,#3498),.UNSPECIFIED.,.F.,
  .F.,(2,2),(-0.,0.2),.PIECEWISE_BEZIER_KNOTS.);
#3497 = CARTESIAN_POINT('',(-0.7,-2.01,0.2000001));
#3498 = CARTESIAN_POINT('',(-0.7,-2.01,1.E-07));
#3499 = B_SPLINE_SURFACE_WITH_KNOTS('',1,1,(
    (#3500,#3501)
    ,(#3502,#3503
    )),.UNSPECIFIED.,.F.,.F.,.F.,(2,2),(2,2),(-0.4,0.),(-0.2,0.),
  .PIECEWISE_BEZIER_KNOTS.);
#3500 = CARTESIAN_POINT('',(-0.7,-2.01,1.E-07));
#3501 = CARTESIAN_POINT('',(-0.7,-2.01,0.2000001));
#3502 = CARTESIAN_POINT('',(-0.7,-1.61,1.E-07));
#3503 = CARTESIAN_POINT('',(-0.7,-1.61,0.2000001));
#3504 = ADVANCED_FACE('',(#3505),#3515,.F.);
#3505 = FACE_BOUND('',#3506,.T.);
#3506 = EDGE_LOOP('',(#3507,#3508,#3509,#3514));
#3507 = ORIENTED_EDGE('',*,*,#2334,.F.);
#3508 = ORIENTED_EDGE('',*,*,#3465,.T.);
#3509 = ORIENTED_EDGE('',*,*,#3510,.T.);
#3510 = EDGE_CURVE('',#3459,#3482,#3511,.T.);
#3511 = B_SPLINE_CURVE_WITH_KNOTS('',1,(#3512,#3513),.UNSPECIFIED.,.F.,
  .F.,(2,2),(0.,0.2),.PIECEWISE_BEZIER_KNOTS.);
#3512 = CARTESIAN_POINT('',(-0.5,-1.61,1.E-07));
#3513 = CARTESIAN_POINT('',(-0.7,-1.61,1.E-07));
#3514 = ORIENTED_EDGE('',*,*,#3481,.F.);
#3515 = B_SPLINE_SURFACE_WITH_KNOTS('',1,1,(
    (#3516,#3517)
    ,(#3518,#3519
    )),.UNSPECIFIED.,.F.,.F.,.F.,(2,2),(2,2),(-0.2,0.),(-0.2,-0.19),
  .PIECEWISE_BEZIER_KNOTS.);
#3516 = CARTESIAN_POINT('',(-0.7,-1.61,1.E-07));
#3517 = CARTESIAN_POINT('',(-0.7,-1.61,1.00001E-02));
#3518 = CARTESIAN_POINT('',(-0.5,-1.61,1.E-07));
#3519 = CARTESIAN_POINT('',(-0.5,-1.61,1.00001E-02));
#3520 = ADVANCED_FACE('',(#3521),#3531,.F.);
#3521 = FACE_BOUND('',#3522,.T.);
#3522 = EDGE_LOOP('',(#3523,#3528,#3529,#3530));
#3523 = ORIENTED_EDGE('',*,*,#3524,.T.);
#3524 = EDGE_CURVE('',#3489,#3452,#3525,.T.);
#3525 = B_SPLINE_CURVE_WITH_KNOTS('',1,(#3526,#3527),.UNSPECIFIED.,.F.,
  .F.,(2,2),(-0.2,0.),.PIECEWISE_BEZIER_KNOTS.);
#3526 = CARTESIAN_POINT('',(-0.7,-2.01,1.E-07));
#3527 = CARTESIAN_POINT('',(-0.5,-2.01,1.E-07));
#3528 = ORIENTED_EDGE('',*,*,#3451,.F.);
#3529 = ORIENTED_EDGE('',*,*,#3435,.F.);
#3530 = ORIENTED_EDGE('',*,*,#3495,.T.);
#3531 = B_SPLINE_SURFACE_WITH_KNOTS('',1,1,(
    (#3532,#3533)
    ,(#3534,#3535
    )),.UNSPECIFIED.,.F.,.F.,.F.,(2,2),(2,2),(-0.2,0.),(-0.2,0.),
  .PIECEWISE_BEZIER_KNOTS.);
#3532 = CARTESIAN_POINT('',(-0.7,-2.01,1.E-07));
#3533 = CARTESIAN_POINT('',(-0.5,-2.01,1.E-07));
#3534 = CARTESIAN_POINT('',(-0.7,-2.01,0.2000001));
#3535 = CARTESIAN_POINT('',(-0.5,-2.01,0.2000001));
#3536 = ADVANCED_FACE('',(#3537),#3543,.T.);
#3537 = FACE_BOUND('',#3538,.T.);
#3538 = EDGE_LOOP('',(#3539,#3540,#3541,#3542));
#3539 = ORIENTED_EDGE('',*,*,#3458,.F.);
#3540 = ORIENTED_EDGE('',*,*,#3524,.F.);
#3541 = ORIENTED_EDGE('',*,*,#3488,.F.);
#3542 = ORIENTED_EDGE('',*,*,#3510,.F.);
#3543 = B_SPLINE_SURFACE_WITH_KNOTS('',1,1,(
    (#3544,#3545)
    ,(#3546,#3547
    )),.UNSPECIFIED.,.F.,.F.,.F.,(2,2),(2,2),(1.3,1.5),(-2.01,-1.61),
  .PIECEWISE_BEZIER_KNOTS.);
#3544 = CARTESIAN_POINT('',(-0.5,-2.01,1.E-07));
#3545 = CARTESIAN_POINT('',(-0.5,-1.61,1.E-07));
#3546 = CARTESIAN_POINT('',(-0.7,-2.01,1.E-07));
#3547 = CARTESIAN_POINT('',(-0.7,-1.61,1.E-07));
#3548 = ADVANCED_FACE('',(#3549),#3571,.F.);
#3549 = FACE_BOUND('',#3550,.T.);
#3550 = EDGE_LOOP('',(#3551,#3558,#3559,#3566));
#3551 = ORIENTED_EDGE('',*,*,#3552,.T.);
#3552 = EDGE_CURVE('',#3553,#3029,#3555,.T.);
#3553 = VERTEX_POINT('',#3554);
#3554 = CARTESIAN_POINT('',(-9.999999999999E-02,-2.01,0.2000001));
#3555 = B_SPLINE_CURVE_WITH_KNOTS('',1,(#3556,#3557),.UNSPECIFIED.,.F.,
  .F.,(2,2),(-0.4,-0.39),.PIECEWISE_BEZIER_KNOTS.);
#3556 = CARTESIAN_POINT('',(-9.999999999999E-02,-2.01,0.2000001));
#3557 = CARTESIAN_POINT('',(-9.999999999999E-02,-2.,0.2000001));
#3558 = ORIENTED_EDGE('',*,*,#3028,.T.);
#3559 = ORIENTED_EDGE('',*,*,#3560,.T.);
#3560 = EDGE_CURVE('',#3022,#3561,#3563,.T.);
#3561 = VERTEX_POINT('',#3562);
#3562 = CARTESIAN_POINT('',(-0.3,-2.01,0.2000001));
#3563 = B_SPLINE_CURVE_WITH_KNOTS('',1,(#3564,#3565),.UNSPECIFIED.,.F.,
  .F.,(2,2),(0.39,0.4),.PIECEWISE_BEZIER_KNOTS.);
#3564 = CARTESIAN_POINT('',(-0.3,-2.,0.2000001));
#3565 = CARTESIAN_POINT('',(-0.3,-2.01,0.2000001));
#3566 = ORIENTED_EDGE('',*,*,#3567,.T.);
#3567 = EDGE_CURVE('',#3561,#3553,#3568,.T.);
#3568 = B_SPLINE_CURVE_WITH_KNOTS('',1,(#3569,#3570),.UNSPECIFIED.,.F.,
  .F.,(2,2),(-0.2,0.),.PIECEWISE_BEZIER_KNOTS.);
#3569 = CARTESIAN_POINT('',(-0.3,-2.01,0.2000001));
#3570 = CARTESIAN_POINT('',(-9.999999999999E-02,-2.01,0.2000001));
#3571 = B_SPLINE_SURFACE_WITH_KNOTS('',1,1,(
    (#3572,#3573)
    ,(#3574,#3575
    )),.UNSPECIFIED.,.F.,.F.,.F.,(2,2),(2,2),(1.3,1.5),(-2.01,-2.),
  .PIECEWISE_BEZIER_KNOTS.);
#3572 = CARTESIAN_POINT('',(-9.999999999999E-02,-2.01,0.2000001));
#3573 = CARTESIAN_POINT('',(-9.999999999999E-02,-2.,0.2000001));
#3574 = CARTESIAN_POINT('',(-0.3,-2.01,0.2000001));
#3575 = CARTESIAN_POINT('',(-0.3,-2.,0.2000001));
#3576 = ADVANCED_FACE('',(#3577),#3601,.F.);
#3577 = FACE_BOUND('',#3578,.T.);
#3578 = EDGE_LOOP('',(#3579,#3580,#3581,#3582,#3589,#3596));
#3579 = ORIENTED_EDGE('',*,*,#2299,.F.);
#3580 = ORIENTED_EDGE('',*,*,#3035,.T.);
#3581 = ORIENTED_EDGE('',*,*,#3552,.F.);
#3582 = ORIENTED_EDGE('',*,*,#3583,.T.);
#3583 = EDGE_CURVE('',#3553,#3584,#3586,.T.);
#3584 = VERTEX_POINT('',#3585);
#3585 = CARTESIAN_POINT('',(-9.999999999999E-02,-2.01,1.E-07));
#3586 = B_SPLINE_CURVE_WITH_KNOTS('',1,(#3587,#3588),.UNSPECIFIED.,.F.,
  .F.,(2,2),(-0.,0.2),.PIECEWISE_BEZIER_KNOTS.);
#3587 = CARTESIAN_POINT('',(-9.999999999999E-02,-2.01,0.2000001));
#3588 = CARTESIAN_POINT('',(-9.999999999999E-02,-2.01,1.E-07));
#3589 = ORIENTED_EDGE('',*,*,#3590,.T.);
#3590 = EDGE_CURVE('',#3584,#3591,#3593,.T.);
#3591 = VERTEX_POINT('',#3592);
#3592 = CARTESIAN_POINT('',(-1.E-01,-1.61,1.E-07));
#3593 = B_SPLINE_CURVE_WITH_KNOTS('',1,(#3594,#3595),.UNSPECIFIED.,.F.,
  .F.,(2,2),(-0.4,0.),.PIECEWISE_BEZIER_KNOTS.);
#3594 = CARTESIAN_POINT('',(-9.999999999999E-02,-2.01,1.E-07));
#3595 = CARTESIAN_POINT('',(-1.E-01,-1.61,1.E-07));
#3596 = ORIENTED_EDGE('',*,*,#3597,.F.);
#3597 = EDGE_CURVE('',#2300,#3591,#3598,.T.);
#3598 = B_SPLINE_CURVE_WITH_KNOTS('',1,(#3599,#3600),.UNSPECIFIED.,.F.,
  .F.,(2,2),(0.19,0.2),.PIECEWISE_BEZIER_KNOTS.);
#3599 = CARTESIAN_POINT('',(-1.E-01,-1.61,1.00001E-02));
#3600 = CARTESIAN_POINT('',(-1.E-01,-1.61,1.E-07));
#3601 = B_SPLINE_SURFACE_WITH_KNOTS('',1,1,(
    (#3602,#3603)
    ,(#3604,#3605
    )),.UNSPECIFIED.,.F.,.F.,.F.,(2,2),(2,2),(0.,0.4),(-0.2,0.),
  .PIECEWISE_BEZIER_KNOTS.);
#3602 = CARTESIAN_POINT('',(-1.E-01,-1.61,1.E-07));
#3603 = CARTESIAN_POINT('',(-1.E-01,-1.61,0.2000001));
#3604 = CARTESIAN_POINT('',(-9.999999999999E-02,-2.01,1.E-07));
#3605 = CARTESIAN_POINT('',(-9.999999999999E-02,-2.01,0.2000001));
#3606 = ADVANCED_FACE('',(#3607),#3631,.F.);
#3607 = FACE_BOUND('',#3608,.T.);
#3608 = EDGE_LOOP('',(#3609,#3610,#3611,#3612,#3619,#3626));
#3609 = ORIENTED_EDGE('',*,*,#3560,.F.);
#3610 = ORIENTED_EDGE('',*,*,#3021,.T.);
#3611 = ORIENTED_EDGE('',*,*,#2313,.F.);
#3612 = ORIENTED_EDGE('',*,*,#3613,.T.);
#3613 = EDGE_CURVE('',#2307,#3614,#3616,.T.);
#3614 = VERTEX_POINT('',#3615);
#3615 = CARTESIAN_POINT('',(-0.3,-1.61,1.E-07));
#3616 = B_SPLINE_CURVE_WITH_KNOTS('',1,(#3617,#3618),.UNSPECIFIED.,.F.,
  .F.,(2,2),(0.19,0.2),.PIECEWISE_BEZIER_KNOTS.);
#3617 = CARTESIAN_POINT('',(-0.3,-1.61,1.00001E-02));
#3618 = CARTESIAN_POINT('',(-0.3,-1.61,1.E-07));
#3619 = ORIENTED_EDGE('',*,*,#3620,.T.);
#3620 = EDGE_CURVE('',#3614,#3621,#3623,.T.);
#3621 = VERTEX_POINT('',#3622);
#3622 = CARTESIAN_POINT('',(-0.3,-2.01,1.E-07));
#3623 = B_SPLINE_CURVE_WITH_KNOTS('',1,(#3624,#3625),.UNSPECIFIED.,.F.,
  .F.,(2,2),(0.,0.4),.PIECEWISE_BEZIER_KNOTS.);
#3624 = CARTESIAN_POINT('',(-0.3,-1.61,1.E-07));
#3625 = CARTESIAN_POINT('',(-0.3,-2.01,1.E-07));
#3626 = ORIENTED_EDGE('',*,*,#3627,.F.);
#3627 = EDGE_CURVE('',#3561,#3621,#3628,.T.);
#3628 = B_SPLINE_CURVE_WITH_KNOTS('',1,(#3629,#3630),.UNSPECIFIED.,.F.,
  .F.,(2,2),(-0.,0.2),.PIECEWISE_BEZIER_KNOTS.);
#3629 = CARTESIAN_POINT('',(-0.3,-2.01,0.2000001));
#3630 = CARTESIAN_POINT('',(-0.3,-2.01,1.E-07));
#3631 = B_SPLINE_SURFACE_WITH_KNOTS('',1,1,(
    (#3632,#3633)
    ,(#3634,#3635
    )),.UNSPECIFIED.,.F.,.F.,.F.,(2,2),(2,2),(-0.4,0.),(-0.2,0.),
  .PIECEWISE_BEZIER_KNOTS.);
#3632 = CARTESIAN_POINT('',(-0.3,-2.01,1.E-07));
#3633 = CARTESIAN_POINT('',(-0.3,-2.01,0.2000001));
#3634 = CARTESIAN_POINT('',(-0.3,-1.61,1.E-07));
#3635 = CARTESIAN_POINT('',(-0.3,-1.61,0.2000001));
#3636 = ADVANCED_FACE('',(#3637),#3647,.F.);
#3637 = FACE_BOUND('',#3638,.T.);
#3638 = EDGE_LOOP('',(#3639,#3640,#3641,#3646));
#3639 = ORIENTED_EDGE('',*,*,#2306,.F.);
#3640 = ORIENTED_EDGE('',*,*,#3597,.T.);
#3641 = ORIENTED_EDGE('',*,*,#3642,.T.);
#3642 = EDGE_CURVE('',#3591,#3614,#3643,.T.);
#3643 = B_SPLINE_CURVE_WITH_KNOTS('',1,(#3644,#3645),.UNSPECIFIED.,.F.,
  .F.,(2,2),(0.,0.2),.PIECEWISE_BEZIER_KNOTS.);
#3644 = CARTESIAN_POINT('',(-1.E-01,-1.61,1.E-07));
#3645 = CARTESIAN_POINT('',(-0.3,-1.61,1.E-07));
#3646 = ORIENTED_EDGE('',*,*,#3613,.F.);
#3647 = B_SPLINE_SURFACE_WITH_KNOTS('',1,1,(
    (#3648,#3649)
    ,(#3650,#3651
    )),.UNSPECIFIED.,.F.,.F.,.F.,(2,2),(2,2),(-0.2,0.),(-0.2,-0.19),
  .PIECEWISE_BEZIER_KNOTS.);
#3648 = CARTESIAN_POINT('',(-0.3,-1.61,1.E-07));
#3649 = CARTESIAN_POINT('',(-0.3,-1.61,1.00001E-02));
#3650 = CARTESIAN_POINT('',(-1.E-01,-1.61,1.E-07));
#3651 = CARTESIAN_POINT('',(-1.E-01,-1.61,1.00001E-02));
#3652 = ADVANCED_FACE('',(#3653),#3663,.F.);
#3653 = FACE_BOUND('',#3654,.T.);
#3654 = EDGE_LOOP('',(#3655,#3660,#3661,#3662));
#3655 = ORIENTED_EDGE('',*,*,#3656,.T.);
#3656 = EDGE_CURVE('',#3621,#3584,#3657,.T.);
#3657 = B_SPLINE_CURVE_WITH_KNOTS('',1,(#3658,#3659),.UNSPECIFIED.,.F.,
  .F.,(2,2),(-0.2,0.),.PIECEWISE_BEZIER_KNOTS.);
#3658 = CARTESIAN_POINT('',(-0.3,-2.01,1.E-07));
#3659 = CARTESIAN_POINT('',(-9.999999999999E-02,-2.01,1.E-07));
#3660 = ORIENTED_EDGE('',*,*,#3583,.F.);
#3661 = ORIENTED_EDGE('',*,*,#3567,.F.);
#3662 = ORIENTED_EDGE('',*,*,#3627,.T.);
#3663 = B_SPLINE_SURFACE_WITH_KNOTS('',1,1,(
    (#3664,#3665)
    ,(#3666,#3667
    )),.UNSPECIFIED.,.F.,.F.,.F.,(2,2),(2,2),(-0.2,0.),(-0.2,0.),
  .PIECEWISE_BEZIER_KNOTS.);
#3664 = CARTESIAN_POINT('',(-0.3,-2.01,1.E-07));
#3665 = CARTESIAN_POINT('',(-9.999999999999E-02,-2.01,1.E-07));
#3666 = CARTESIAN_POINT('',(-0.3,-2.01,0.2000001));
#3667 = CARTESIAN_POINT('',(-9.999999999999E-02,-2.01,0.2000001));
#3668 = ADVANCED_FACE('',(#3669),#3675,.T.);
#3669 = FACE_BOUND('',#3670,.T.);
#3670 = EDGE_LOOP('',(#3671,#3672,#3673,#3674));
#3671 = ORIENTED_EDGE('',*,*,#3590,.F.);
#3672 = ORIENTED_EDGE('',*,*,#3656,.F.);
#3673 = ORIENTED_EDGE('',*,*,#3620,.F.);
#3674 = ORIENTED_EDGE('',*,*,#3642,.F.);
#3675 = B_SPLINE_SURFACE_WITH_KNOTS('',1,1,(
    (#3676,#3677)
    ,(#3678,#3679
    )),.UNSPECIFIED.,.F.,.F.,.F.,(2,2),(2,2),(1.3,1.5),(-2.01,-1.61),
  .PIECEWISE_BEZIER_KNOTS.);
#3676 = CARTESIAN_POINT('',(-9.999999999999E-02,-2.01,1.E-07));
#3677 = CARTESIAN_POINT('',(-9.999999999999E-02,-1.61,1.E-07));
#3678 = CARTESIAN_POINT('',(-0.3,-2.01,1.E-07));
#3679 = CARTESIAN_POINT('',(-0.3,-1.61,1.E-07));
#3680 = ADVANCED_FACE('',(#3681),#3703,.F.);
#3681 = FACE_BOUND('',#3682,.T.);
#3682 = EDGE_LOOP('',(#3683,#3690,#3691,#3698));
#3683 = ORIENTED_EDGE('',*,*,#3684,.T.);
#3684 = EDGE_CURVE('',#3685,#3049,#3687,.T.);
#3685 = VERTEX_POINT('',#3686);
#3686 = CARTESIAN_POINT('',(0.3,-2.01,0.2000001));
#3687 = B_SPLINE_CURVE_WITH_KNOTS('',1,(#3688,#3689),.UNSPECIFIED.,.F.,
  .F.,(2,2),(-0.4,-0.39),.PIECEWISE_BEZIER_KNOTS.);
#3688 = CARTESIAN_POINT('',(0.3,-2.01,0.2000001));
#3689 = CARTESIAN_POINT('',(0.3,-2.,0.2000001));
#3690 = ORIENTED_EDGE('',*,*,#3048,.T.);
#3691 = ORIENTED_EDGE('',*,*,#3692,.T.);
#3692 = EDGE_CURVE('',#3042,#3693,#3695,.T.);
#3693 = VERTEX_POINT('',#3694);
#3694 = CARTESIAN_POINT('',(0.1,-2.01,0.2000001));
#3695 = B_SPLINE_CURVE_WITH_KNOTS('',1,(#3696,#3697),.UNSPECIFIED.,.F.,
  .F.,(2,2),(0.39,0.4),.PIECEWISE_BEZIER_KNOTS.);
#3696 = CARTESIAN_POINT('',(0.1,-2.,0.2000001));
#3697 = CARTESIAN_POINT('',(0.1,-2.01,0.2000001));
#3698 = ORIENTED_EDGE('',*,*,#3699,.T.);
#3699 = EDGE_CURVE('',#3693,#3685,#3700,.T.);
#3700 = B_SPLINE_CURVE_WITH_KNOTS('',1,(#3701,#3702),.UNSPECIFIED.,.F.,
  .F.,(2,2),(-0.2,0.),.PIECEWISE_BEZIER_KNOTS.);
#3701 = CARTESIAN_POINT('',(0.1,-2.01,0.2000001));
#3702 = CARTESIAN_POINT('',(0.3,-2.01,0.2000001));
#3703 = B_SPLINE_SURFACE_WITH_KNOTS('',1,1,(
    (#3704,#3705)
    ,(#3706,#3707
    )),.UNSPECIFIED.,.F.,.F.,.F.,(2,2),(2,2),(1.3,1.5),(-2.01,-2.),
  .PIECEWISE_BEZIER_KNOTS.);
#3704 = CARTESIAN_POINT('',(0.3,-2.01,0.2000001));
#3705 = CARTESIAN_POINT('',(0.3,-2.,0.2000001));
#3706 = CARTESIAN_POINT('',(0.1,-2.01,0.2000001));
#3707 = CARTESIAN_POINT('',(0.1,-2.,0.2000001));
#3708 = ADVANCED_FACE('',(#3709),#3733,.F.);
#3709 = FACE_BOUND('',#3710,.T.);
#3710 = EDGE_LOOP('',(#3711,#3712,#3713,#3714,#3721,#3728));
#3711 = ORIENTED_EDGE('',*,*,#2271,.F.);
#3712 = ORIENTED_EDGE('',*,*,#3055,.T.);
#3713 = ORIENTED_EDGE('',*,*,#3684,.F.);
#3714 = ORIENTED_EDGE('',*,*,#3715,.T.);
#3715 = EDGE_CURVE('',#3685,#3716,#3718,.T.);
#3716 = VERTEX_POINT('',#3717);
#3717 = CARTESIAN_POINT('',(0.3,-2.01,1.E-07));
#3718 = B_SPLINE_CURVE_WITH_KNOTS('',1,(#3719,#3720),.UNSPECIFIED.,.F.,
  .F.,(2,2),(-0.,0.2),.PIECEWISE_BEZIER_KNOTS.);
#3719 = CARTESIAN_POINT('',(0.3,-2.01,0.2000001));
#3720 = CARTESIAN_POINT('',(0.3,-2.01,1.E-07));
#3721 = ORIENTED_EDGE('',*,*,#3722,.T.);
#3722 = EDGE_CURVE('',#3716,#3723,#3725,.T.);
#3723 = VERTEX_POINT('',#3724);
#3724 = CARTESIAN_POINT('',(0.3,-1.61,1.E-07));
#3725 = B_SPLINE_CURVE_WITH_KNOTS('',1,(#3726,#3727),.UNSPECIFIED.,.F.,
  .F.,(2,2),(-0.4,0.),.PIECEWISE_BEZIER_KNOTS.);
#3726 = CARTESIAN_POINT('',(0.3,-2.01,1.E-07));
#3727 = CARTESIAN_POINT('',(0.3,-1.61,1.E-07));
#3728 = ORIENTED_EDGE('',*,*,#3729,.F.);
#3729 = EDGE_CURVE('',#2272,#3723,#3730,.T.);
#3730 = B_SPLINE_CURVE_WITH_KNOTS('',1,(#3731,#3732),.UNSPECIFIED.,.F.,
  .F.,(2,2),(0.19,0.2),.PIECEWISE_BEZIER_KNOTS.);
#3731 = CARTESIAN_POINT('',(0.3,-1.61,1.00001E-02));
#3732 = CARTESIAN_POINT('',(0.3,-1.61,1.E-07));
#3733 = B_SPLINE_SURFACE_WITH_KNOTS('',1,1,(
    (#3734,#3735)
    ,(#3736,#3737
    )),.UNSPECIFIED.,.F.,.F.,.F.,(2,2),(2,2),(0.,0.4),(-0.2,0.),
  .PIECEWISE_BEZIER_KNOTS.);
#3734 = CARTESIAN_POINT('',(0.3,-1.61,1.E-07));
#3735 = CARTESIAN_POINT('',(0.3,-1.61,0.2000001));
#3736 = CARTESIAN_POINT('',(0.3,-2.01,1.E-07));
#3737 = CARTESIAN_POINT('',(0.3,-2.01,0.2000001));
#3738 = ADVANCED_FACE('',(#3739),#3763,.F.);
#3739 = FACE_BOUND('',#3740,.T.);
#3740 = EDGE_LOOP('',(#3741,#3742,#3743,#3744,#3751,#3758));
#3741 = ORIENTED_EDGE('',*,*,#3692,.F.);
#3742 = ORIENTED_EDGE('',*,*,#3041,.T.);
#3743 = ORIENTED_EDGE('',*,*,#2285,.F.);
#3744 = ORIENTED_EDGE('',*,*,#3745,.T.);
#3745 = EDGE_CURVE('',#2279,#3746,#3748,.T.);
#3746 = VERTEX_POINT('',#3747);
#3747 = CARTESIAN_POINT('',(0.1,-1.61,1.E-07));
#3748 = B_SPLINE_CURVE_WITH_KNOTS('',1,(#3749,#3750),.UNSPECIFIED.,.F.,
  .F.,(2,2),(0.19,0.2),.PIECEWISE_BEZIER_KNOTS.);
#3749 = CARTESIAN_POINT('',(0.1,-1.61,1.00001E-02));
#3750 = CARTESIAN_POINT('',(0.1,-1.61,1.E-07));
#3751 = ORIENTED_EDGE('',*,*,#3752,.T.);
#3752 = EDGE_CURVE('',#3746,#3753,#3755,.T.);
#3753 = VERTEX_POINT('',#3754);
#3754 = CARTESIAN_POINT('',(0.1,-2.01,1.E-07));
#3755 = B_SPLINE_CURVE_WITH_KNOTS('',1,(#3756,#3757),.UNSPECIFIED.,.F.,
  .F.,(2,2),(0.,0.4),.PIECEWISE_BEZIER_KNOTS.);
#3756 = CARTESIAN_POINT('',(0.1,-1.61,1.E-07));
#3757 = CARTESIAN_POINT('',(0.1,-2.01,1.E-07));
#3758 = ORIENTED_EDGE('',*,*,#3759,.F.);
#3759 = EDGE_CURVE('',#3693,#3753,#3760,.T.);
#3760 = B_SPLINE_CURVE_WITH_KNOTS('',1,(#3761,#3762),.UNSPECIFIED.,.F.,
  .F.,(2,2),(-0.,0.2),.PIECEWISE_BEZIER_KNOTS.);
#3761 = CARTESIAN_POINT('',(0.1,-2.01,0.2000001));
#3762 = CARTESIAN_POINT('',(0.1,-2.01,1.E-07));
#3763 = B_SPLINE_SURFACE_WITH_KNOTS('',1,1,(
    (#3764,#3765)
    ,(#3766,#3767
    )),.UNSPECIFIED.,.F.,.F.,.F.,(2,2),(2,2),(-0.4,0.),(-0.2,0.),
  .PIECEWISE_BEZIER_KNOTS.);
#3764 = CARTESIAN_POINT('',(0.1,-2.01,1.E-07));
#3765 = CARTESIAN_POINT('',(0.1,-2.01,0.2000001));
#3766 = CARTESIAN_POINT('',(0.1,-1.61,1.E-07));
#3767 = CARTESIAN_POINT('',(0.1,-1.61,0.2000001));
#3768 = ADVANCED_FACE('',(#3769),#3779,.F.);
#3769 = FACE_BOUND('',#3770,.T.);
#3770 = EDGE_LOOP('',(#3771,#3772,#3773,#3778));
#3771 = ORIENTED_EDGE('',*,*,#2278,.F.);
#3772 = ORIENTED_EDGE('',*,*,#3729,.T.);
#3773 = ORIENTED_EDGE('',*,*,#3774,.T.);
#3774 = EDGE_CURVE('',#3723,#3746,#3775,.T.);
#3775 = B_SPLINE_CURVE_WITH_KNOTS('',1,(#3776,#3777),.UNSPECIFIED.,.F.,
  .F.,(2,2),(0.,0.2),.PIECEWISE_BEZIER_KNOTS.);
#3776 = CARTESIAN_POINT('',(0.3,-1.61,1.E-07));
#3777 = CARTESIAN_POINT('',(0.1,-1.61,1.E-07));
#3778 = ORIENTED_EDGE('',*,*,#3745,.F.);
#3779 = B_SPLINE_SURFACE_WITH_KNOTS('',1,1,(
    (#3780,#3781)
    ,(#3782,#3783
    )),.UNSPECIFIED.,.F.,.F.,.F.,(2,2),(2,2),(-0.2,0.),(-0.2,-0.19),
  .PIECEWISE_BEZIER_KNOTS.);
#3780 = CARTESIAN_POINT('',(0.1,-1.61,1.E-07));
#3781 = CARTESIAN_POINT('',(0.1,-1.61,1.00001E-02));
#3782 = CARTESIAN_POINT('',(0.3,-1.61,1.E-07));
#3783 = CARTESIAN_POINT('',(0.3,-1.61,1.00001E-02));
#3784 = ADVANCED_FACE('',(#3785),#3795,.F.);
#3785 = FACE_BOUND('',#3786,.T.);
#3786 = EDGE_LOOP('',(#3787,#3792,#3793,#3794));
#3787 = ORIENTED_EDGE('',*,*,#3788,.T.);
#3788 = EDGE_CURVE('',#3753,#3716,#3789,.T.);
#3789 = B_SPLINE_CURVE_WITH_KNOTS('',1,(#3790,#3791),.UNSPECIFIED.,.F.,
  .F.,(2,2),(-0.2,0.),.PIECEWISE_BEZIER_KNOTS.);
#3790 = CARTESIAN_POINT('',(0.1,-2.01,1.E-07));
#3791 = CARTESIAN_POINT('',(0.3,-2.01,1.E-07));
#3792 = ORIENTED_EDGE('',*,*,#3715,.F.);
#3793 = ORIENTED_EDGE('',*,*,#3699,.F.);
#3794 = ORIENTED_EDGE('',*,*,#3759,.T.);
#3795 = B_SPLINE_SURFACE_WITH_KNOTS('',1,1,(
    (#3796,#3797)
    ,(#3798,#3799
    )),.UNSPECIFIED.,.F.,.F.,.F.,(2,2),(2,2),(-0.2,0.),(-0.2,0.),
  .PIECEWISE_BEZIER_KNOTS.);
#3796 = CARTESIAN_POINT('',(0.1,-2.01,1.E-07));
#3797 = CARTESIAN_POINT('',(0.3,-2.01,1.E-07));
#3798 = CARTESIAN_POINT('',(0.1,-2.01,0.2000001));
#3799 = CARTESIAN_POINT('',(0.3,-2.01,0.2000001));
#3800 = ADVANCED_FACE('',(#3801),#3807,.T.);
#3801 = FACE_BOUND('',#3802,.T.);
#3802 = EDGE_LOOP('',(#3803,#3804,#3805,#3806));
#3803 = ORIENTED_EDGE('',*,*,#3722,.F.);
#3804 = ORIENTED_EDGE('',*,*,#3788,.F.);
#3805 = ORIENTED_EDGE('',*,*,#3752,.F.);
#3806 = ORIENTED_EDGE('',*,*,#3774,.F.);
#3807 = B_SPLINE_SURFACE_WITH_KNOTS('',1,1,(
    (#3808,#3809)
    ,(#3810,#3811
    )),.UNSPECIFIED.,.F.,.F.,.F.,(2,2),(2,2),(1.3,1.5),(-2.01,-1.61),
  .PIECEWISE_BEZIER_KNOTS.);
#3808 = CARTESIAN_POINT('',(0.3,-2.01,1.E-07));
#3809 = CARTESIAN_POINT('',(0.3,-1.61,1.E-07));
#3810 = CARTESIAN_POINT('',(0.1,-2.01,1.E-07));
#3811 = CARTESIAN_POINT('',(0.1,-1.61,1.E-07));
#3812 = ADVANCED_FACE('',(#3813),#3835,.F.);
#3813 = FACE_BOUND('',#3814,.T.);
#3814 = EDGE_LOOP('',(#3815,#3822,#3823,#3830));
#3815 = ORIENTED_EDGE('',*,*,#3816,.T.);
#3816 = EDGE_CURVE('',#3817,#3069,#3819,.T.);
#3817 = VERTEX_POINT('',#3818);
#3818 = CARTESIAN_POINT('',(0.7,-2.01,0.2000001));
#3819 = B_SPLINE_CURVE_WITH_KNOTS('',1,(#3820,#3821),.UNSPECIFIED.,.F.,
  .F.,(2,2),(-0.4,-0.39),.PIECEWISE_BEZIER_KNOTS.);
#3820 = CARTESIAN_POINT('',(0.7,-2.01,0.2000001));
#3821 = CARTESIAN_POINT('',(0.7,-2.,0.2000001));
#3822 = ORIENTED_EDGE('',*,*,#3068,.T.);
#3823 = ORIENTED_EDGE('',*,*,#3824,.T.);
#3824 = EDGE_CURVE('',#3062,#3825,#3827,.T.);
#3825 = VERTEX_POINT('',#3826);
#3826 = CARTESIAN_POINT('',(0.5,-2.01,0.2000001));
#3827 = B_SPLINE_CURVE_WITH_KNOTS('',1,(#3828,#3829),.UNSPECIFIED.,.F.,
  .F.,(2,2),(0.39,0.4),.PIECEWISE_BEZIER_KNOTS.);
#3828 = CARTESIAN_POINT('',(0.5,-2.,0.2000001));
#3829 = CARTESIAN_POINT('',(0.5,-2.01,0.2000001));
#3830 = ORIENTED_EDGE('',*,*,#3831,.T.);
#3831 = EDGE_CURVE('',#3825,#3817,#3832,.T.);
#3832 = B_SPLINE_CURVE_WITH_KNOTS('',1,(#3833,#3834),.UNSPECIFIED.,.F.,
  .F.,(2,2),(-0.2,0.),.PIECEWISE_BEZIER_KNOTS.);
#3833 = CARTESIAN_POINT('',(0.5,-2.01,0.2000001));
#3834 = CARTESIAN_POINT('',(0.7,-2.01,0.2000001));
#3835 = B_SPLINE_SURFACE_WITH_KNOTS('',1,1,(
    (#3836,#3837)
    ,(#3838,#3839
    )),.UNSPECIFIED.,.F.,.F.,.F.,(2,2),(2,2),(1.3,1.5),(-2.01,-2.),
  .PIECEWISE_BEZIER_KNOTS.);
#3836 = CARTESIAN_POINT('',(0.7,-2.01,0.2000001));
#3837 = CARTESIAN_POINT('',(0.7,-2.,0.2000001));
#3838 = CARTESIAN_POINT('',(0.5,-2.01,0.2000001));
#3839 = CARTESIAN_POINT('',(0.5,-2.,0.2000001));
#3840 = ADVANCED_FACE('',(#3841),#3865,.F.);
#3841 = FACE_BOUND('',#3842,.T.);
#3842 = EDGE_LOOP('',(#3843,#3844,#3845,#3846,#3853,#3860));
#3843 = ORIENTED_EDGE('',*,*,#2243,.F.);
#3844 = ORIENTED_EDGE('',*,*,#3075,.T.);
#3845 = ORIENTED_EDGE('',*,*,#3816,.F.);
#3846 = ORIENTED_EDGE('',*,*,#3847,.T.);
#3847 = EDGE_CURVE('',#3817,#3848,#3850,.T.);
#3848 = VERTEX_POINT('',#3849);
#3849 = CARTESIAN_POINT('',(0.7,-2.01,1.E-07));
#3850 = B_SPLINE_CURVE_WITH_KNOTS('',1,(#3851,#3852),.UNSPECIFIED.,.F.,
  .F.,(2,2),(-0.,0.2),.PIECEWISE_BEZIER_KNOTS.);
#3851 = CARTESIAN_POINT('',(0.7,-2.01,0.2000001));
#3852 = CARTESIAN_POINT('',(0.7,-2.01,1.E-07));
#3853 = ORIENTED_EDGE('',*,*,#3854,.T.);
#3854 = EDGE_CURVE('',#3848,#3855,#3857,.T.);
#3855 = VERTEX_POINT('',#3856);
#3856 = CARTESIAN_POINT('',(0.7,-1.61,1.E-07));
#3857 = B_SPLINE_CURVE_WITH_KNOTS('',1,(#3858,#3859),.UNSPECIFIED.,.F.,
  .F.,(2,2),(-0.4,0.),.PIECEWISE_BEZIER_KNOTS.);
#3858 = CARTESIAN_POINT('',(0.7,-2.01,1.E-07));
#3859 = CARTESIAN_POINT('',(0.7,-1.61,1.E-07));
#3860 = ORIENTED_EDGE('',*,*,#3861,.F.);
#3861 = EDGE_CURVE('',#2244,#3855,#3862,.T.);
#3862 = B_SPLINE_CURVE_WITH_KNOTS('',1,(#3863,#3864),.UNSPECIFIED.,.F.,
  .F.,(2,2),(0.19,0.2),.PIECEWISE_BEZIER_KNOTS.);
#3863 = CARTESIAN_POINT('',(0.7,-1.61,1.00001E-02));
#3864 = CARTESIAN_POINT('',(0.7,-1.61,1.E-07));
#3865 = B_SPLINE_SURFACE_WITH_KNOTS('',1,1,(
    (#3866,#3867)
    ,(#3868,#3869
    )),.UNSPECIFIED.,.F.,.F.,.F.,(2,2),(2,2),(0.,0.4),(-0.2,0.),
  .PIECEWISE_BEZIER_KNOTS.);
#3866 = CARTESIAN_POINT('',(0.7,-1.61,1.E-07));
#3867 = CARTESIAN_POINT('',(0.7,-1.61,0.2000001));
#3868 = CARTESIAN_POINT('',(0.7,-2.01,1.E-07));
#3869 = CARTESIAN_POINT('',(0.7,-2.01,0.2000001));
#3870 = ADVANCED_FACE('',(#3871),#3895,.F.);
#3871 = FACE_BOUND('',#3872,.T.);
#3872 = EDGE_LOOP('',(#3873,#3874,#3875,#3876,#3883,#3890));
#3873 = ORIENTED_EDGE('',*,*,#3824,.F.);
#3874 = ORIENTED_EDGE('',*,*,#3061,.T.);
#3875 = ORIENTED_EDGE('',*,*,#2257,.F.);
#3876 = ORIENTED_EDGE('',*,*,#3877,.T.);
#3877 = EDGE_CURVE('',#2251,#3878,#3880,.T.);
#3878 = VERTEX_POINT('',#3879);
#3879 = CARTESIAN_POINT('',(0.5,-1.61,1.E-07));
#3880 = B_SPLINE_CURVE_WITH_KNOTS('',1,(#3881,#3882),.UNSPECIFIED.,.F.,
  .F.,(2,2),(0.19,0.2),.PIECEWISE_BEZIER_KNOTS.);
#3881 = CARTESIAN_POINT('',(0.5,-1.61,1.00001E-02));
#3882 = CARTESIAN_POINT('',(0.5,-1.61,1.E-07));
#3883 = ORIENTED_EDGE('',*,*,#3884,.T.);
#3884 = EDGE_CURVE('',#3878,#3885,#3887,.T.);
#3885 = VERTEX_POINT('',#3886);
#3886 = CARTESIAN_POINT('',(0.5,-2.01,1.E-07));
#3887 = B_SPLINE_CURVE_WITH_KNOTS('',1,(#3888,#3889),.UNSPECIFIED.,.F.,
  .F.,(2,2),(0.,0.4),.PIECEWISE_BEZIER_KNOTS.);
#3888 = CARTESIAN_POINT('',(0.5,-1.61,1.E-07));
#3889 = CARTESIAN_POINT('',(0.5,-2.01,1.E-07));
#3890 = ORIENTED_EDGE('',*,*,#3891,.F.);
#3891 = EDGE_CURVE('',#3825,#3885,#3892,.T.);
#3892 = B_SPLINE_CURVE_WITH_KNOTS('',1,(#3893,#3894),.UNSPECIFIED.,.F.,
  .F.,(2,2),(-0.,0.2),.PIECEWISE_BEZIER_KNOTS.);
#3893 = CARTESIAN_POINT('',(0.5,-2.01,0.2000001));
#3894 = CARTESIAN_POINT('',(0.5,-2.01,1.E-07));
#3895 = B_SPLINE_SURFACE_WITH_KNOTS('',1,1,(
    (#3896,#3897)
    ,(#3898,#3899
    )),.UNSPECIFIED.,.F.,.F.,.F.,(2,2),(2,2),(-0.4,0.),(-0.2,0.),
  .PIECEWISE_BEZIER_KNOTS.);
#3896 = CARTESIAN_POINT('',(0.5,-2.01,1.E-07));
#3897 = CARTESIAN_POINT('',(0.5,-2.01,0.2000001));
#3898 = CARTESIAN_POINT('',(0.5,-1.61,1.E-07));
#3899 = CARTESIAN_POINT('',(0.5,-1.61,0.2000001));
#3900 = ADVANCED_FACE('',(#3901),#3911,.F.);
#3901 = FACE_BOUND('',#3902,.T.);
#3902 = EDGE_LOOP('',(#3903,#3904,#3905,#3910));
#3903 = ORIENTED_EDGE('',*,*,#2250,.F.);
#3904 = ORIENTED_EDGE('',*,*,#3861,.T.);
#3905 = ORIENTED_EDGE('',*,*,#3906,.T.);
#3906 = EDGE_CURVE('',#3855,#3878,#3907,.T.);
#3907 = B_SPLINE_CURVE_WITH_KNOTS('',1,(#3908,#3909),.UNSPECIFIED.,.F.,
  .F.,(2,2),(0.,0.2),.PIECEWISE_BEZIER_KNOTS.);
#3908 = CARTESIAN_POINT('',(0.7,-1.61,1.E-07));
#3909 = CARTESIAN_POINT('',(0.5,-1.61,1.E-07));
#3910 = ORIENTED_EDGE('',*,*,#3877,.F.);
#3911 = B_SPLINE_SURFACE_WITH_KNOTS('',1,1,(
    (#3912,#3913)
    ,(#3914,#3915
    )),.UNSPECIFIED.,.F.,.F.,.F.,(2,2),(2,2),(-0.2,0.),(-0.2,-0.19),
  .PIECEWISE_BEZIER_KNOTS.);
#3912 = CARTESIAN_POINT('',(0.5,-1.61,1.E-07));
#3913 = CARTESIAN_POINT('',(0.5,-1.61,1.00001E-02));
#3914 = CARTESIAN_POINT('',(0.7,-1.61,1.E-07));
#3915 = CARTESIAN_POINT('',(0.7,-1.61,1.00001E-02));
#3916 = ADVANCED_FACE('',(#3917),#3927,.F.);
#3917 = FACE_BOUND('',#3918,.T.);
#3918 = EDGE_LOOP('',(#3919,#3924,#3925,#3926));
#3919 = ORIENTED_EDGE('',*,*,#3920,.T.);
#3920 = EDGE_CURVE('',#3885,#3848,#3921,.T.);
#3921 = B_SPLINE_CURVE_WITH_KNOTS('',1,(#3922,#3923),.UNSPECIFIED.,.F.,
  .F.,(2,2),(-0.2,0.),.PIECEWISE_BEZIER_KNOTS.);
#3922 = CARTESIAN_POINT('',(0.5,-2.01,1.E-07));
#3923 = CARTESIAN_POINT('',(0.7,-2.01,1.E-07));
#3924 = ORIENTED_EDGE('',*,*,#3847,.F.);
#3925 = ORIENTED_EDGE('',*,*,#3831,.F.);
#3926 = ORIENTED_EDGE('',*,*,#3891,.T.);
#3927 = B_SPLINE_SURFACE_WITH_KNOTS('',1,1,(
    (#3928,#3929)
    ,(#3930,#3931
    )),.UNSPECIFIED.,.F.,.F.,.F.,(2,2),(2,2),(-0.2,0.),(-0.2,0.),
  .PIECEWISE_BEZIER_KNOTS.);
#3928 = CARTESIAN_POINT('',(0.5,-2.01,1.E-07));
#3929 = CARTESIAN_POINT('',(0.7,-2.01,1.E-07));
#3930 = CARTESIAN_POINT('',(0.5,-2.01,0.2000001));
#3931 = CARTESIAN_POINT('',(0.7,-2.01,0.2000001));
#3932 = ADVANCED_FACE('',(#3933),#3939,.T.);
#3933 = FACE_BOUND('',#3934,.T.);
#3934 = EDGE_LOOP('',(#3935,#3936,#3937,#3938));
#3935 = ORIENTED_EDGE('',*,*,#3854,.F.);
#3936 = ORIENTED_EDGE('',*,*,#3920,.F.);
#3937 = ORIENTED_EDGE('',*,*,#3884,.F.);
#3938 = ORIENTED_EDGE('',*,*,#3906,.F.);
#3939 = B_SPLINE_SURFACE_WITH_KNOTS('',1,1,(
    (#3940,#3941)
    ,(#3942,#3943
    )),.UNSPECIFIED.,.F.,.F.,.F.,(2,2),(2,2),(1.3,1.5),(-2.01,-1.61),
  .PIECEWISE_BEZIER_KNOTS.);
#3940 = CARTESIAN_POINT('',(0.7,-2.01,1.E-07));
#3941 = CARTESIAN_POINT('',(0.7,-1.61,1.E-07));
#3942 = CARTESIAN_POINT('',(0.5,-2.01,1.E-07));
#3943 = CARTESIAN_POINT('',(0.5,-1.61,1.E-07));
#3944 = ADVANCED_FACE('',(#3945),#3967,.F.);
#3945 = FACE_BOUND('',#3946,.T.);
#3946 = EDGE_LOOP('',(#3947,#3954,#3955,#3962));
#3947 = ORIENTED_EDGE('',*,*,#3948,.T.);
#3948 = EDGE_CURVE('',#3949,#3089,#3951,.T.);
#3949 = VERTEX_POINT('',#3950);
#3950 = CARTESIAN_POINT('',(1.1,-2.01,0.2000001));
#3951 = B_SPLINE_CURVE_WITH_KNOTS('',1,(#3952,#3953),.UNSPECIFIED.,.F.,
  .F.,(2,2),(-0.4,-0.39),.PIECEWISE_BEZIER_KNOTS.);
#3952 = CARTESIAN_POINT('',(1.1,-2.01,0.2000001));
#3953 = CARTESIAN_POINT('',(1.1,-2.,0.2000001));
#3954 = ORIENTED_EDGE('',*,*,#3088,.T.);
#3955 = ORIENTED_EDGE('',*,*,#3956,.T.);
#3956 = EDGE_CURVE('',#3082,#3957,#3959,.T.);
#3957 = VERTEX_POINT('',#3958);
#3958 = CARTESIAN_POINT('',(0.9,-2.01,0.2000001));
#3959 = B_SPLINE_CURVE_WITH_KNOTS('',1,(#3960,#3961),.UNSPECIFIED.,.F.,
  .F.,(2,2),(0.39,0.4),.PIECEWISE_BEZIER_KNOTS.);
#3960 = CARTESIAN_POINT('',(0.9,-2.,0.2000001));
#3961 = CARTESIAN_POINT('',(0.9,-2.01,0.2000001));
#3962 = ORIENTED_EDGE('',*,*,#3963,.T.);
#3963 = EDGE_CURVE('',#3957,#3949,#3964,.T.);
#3964 = B_SPLINE_CURVE_WITH_KNOTS('',1,(#3965,#3966),.UNSPECIFIED.,.F.,
  .F.,(2,2),(-0.2,0.),.PIECEWISE_BEZIER_KNOTS.);
#3965 = CARTESIAN_POINT('',(0.9,-2.01,0.2000001));
#3966 = CARTESIAN_POINT('',(1.1,-2.01,0.2000001));
#3967 = B_SPLINE_SURFACE_WITH_KNOTS('',1,1,(
    (#3968,#3969)
    ,(#3970,#3971
    )),.UNSPECIFIED.,.F.,.F.,.F.,(2,2),(2,2),(1.3,1.5),(-2.01,-2.),
  .PIECEWISE_BEZIER_KNOTS.);
#3968 = CARTESIAN_POINT('',(1.1,-2.01,0.2000001));
#3969 = CARTESIAN_POINT('',(1.1,-2.,0.2000001));
#3970 = CARTESIAN_POINT('',(0.9,-2.01,0.2000001));
#3971 = CARTESIAN_POINT('',(0.9,-2.,0.2000001));
#3972 = ADVANCED_FACE('',(#3973),#3997,.F.);
#3973 = FACE_BOUND('',#3974,.T.);
#3974 = EDGE_LOOP('',(#3975,#3976,#3977,#3978,#3985,#3992));
#3975 = ORIENTED_EDGE('',*,*,#2215,.F.);
#3976 = ORIENTED_EDGE('',*,*,#3095,.T.);
#3977 = ORIENTED_EDGE('',*,*,#3948,.F.);
#3978 = ORIENTED_EDGE('',*,*,#3979,.T.);
#3979 = EDGE_CURVE('',#3949,#3980,#3982,.T.);
#3980 = VERTEX_POINT('',#3981);
#3981 = CARTESIAN_POINT('',(1.1,-2.01,1.E-07));
#3982 = B_SPLINE_CURVE_WITH_KNOTS('',1,(#3983,#3984),.UNSPECIFIED.,.F.,
  .F.,(2,2),(-0.,0.2),.PIECEWISE_BEZIER_KNOTS.);
#3983 = CARTESIAN_POINT('',(1.1,-2.01,0.2000001));
#3984 = CARTESIAN_POINT('',(1.1,-2.01,1.E-07));
#3985 = ORIENTED_EDGE('',*,*,#3986,.T.);
#3986 = EDGE_CURVE('',#3980,#3987,#3989,.T.);
#3987 = VERTEX_POINT('',#3988);
#3988 = CARTESIAN_POINT('',(1.1,-1.61,1.E-07));
#3989 = B_SPLINE_CURVE_WITH_KNOTS('',1,(#3990,#3991),.UNSPECIFIED.,.F.,
  .F.,(2,2),(-0.4,0.),.PIECEWISE_BEZIER_KNOTS.);
#3990 = CARTESIAN_POINT('',(1.1,-2.01,1.E-07));
#3991 = CARTESIAN_POINT('',(1.1,-1.61,1.E-07));
#3992 = ORIENTED_EDGE('',*,*,#3993,.F.);
#3993 = EDGE_CURVE('',#2216,#3987,#3994,.T.);
#3994 = B_SPLINE_CURVE_WITH_KNOTS('',1,(#3995,#3996),.UNSPECIFIED.,.F.,
  .F.,(2,2),(0.19,0.2),.PIECEWISE_BEZIER_KNOTS.);
#3995 = CARTESIAN_POINT('',(1.1,-1.61,1.00001E-02));
#3996 = CARTESIAN_POINT('',(1.1,-1.61,1.E-07));
#3997 = B_SPLINE_SURFACE_WITH_KNOTS('',1,1,(
    (#3998,#3999)
    ,(#4000,#4001
    )),.UNSPECIFIED.,.F.,.F.,.F.,(2,2),(2,2),(0.,0.4),(-0.2,0.),
  .PIECEWISE_BEZIER_KNOTS.);
#3998 = CARTESIAN_POINT('',(1.1,-1.61,1.E-07));
#3999 = CARTESIAN_POINT('',(1.1,-1.61,0.2000001));
#4000 = CARTESIAN_POINT('',(1.1,-2.01,1.E-07));
#4001 = CARTESIAN_POINT('',(1.1,-2.01,0.2000001));
#4002 = ADVANCED_FACE('',(#4003),#4027,.F.);
#4003 = FACE_BOUND('',#4004,.T.);
#4004 = EDGE_LOOP('',(#4005,#4006,#4007,#4008,#4015,#4022));
#4005 = ORIENTED_EDGE('',*,*,#3956,.F.);
#4006 = ORIENTED_EDGE('',*,*,#3081,.T.);
#4007 = ORIENTED_EDGE('',*,*,#2229,.F.);
#4008 = ORIENTED_EDGE('',*,*,#4009,.T.);
#4009 = EDGE_CURVE('',#2223,#4010,#4012,.T.);
#4010 = VERTEX_POINT('',#4011);
#4011 = CARTESIAN_POINT('',(0.9,-1.61,1.E-07));
#4012 = B_SPLINE_CURVE_WITH_KNOTS('',1,(#4013,#4014),.UNSPECIFIED.,.F.,
  .F.,(2,2),(0.19,0.2),.PIECEWISE_BEZIER_KNOTS.);
#4013 = CARTESIAN_POINT('',(0.9,-1.61,1.00001E-02));
#4014 = CARTESIAN_POINT('',(0.9,-1.61,1.E-07));
#4015 = ORIENTED_EDGE('',*,*,#4016,.T.);
#4016 = EDGE_CURVE('',#4010,#4017,#4019,.T.);
#4017 = VERTEX_POINT('',#4018);
#4018 = CARTESIAN_POINT('',(0.9,-2.01,1.E-07));
#4019 = B_SPLINE_CURVE_WITH_KNOTS('',1,(#4020,#4021),.UNSPECIFIED.,.F.,
  .F.,(2,2),(0.,0.4),.PIECEWISE_BEZIER_KNOTS.);
#4020 = CARTESIAN_POINT('',(0.9,-1.61,1.E-07));
#4021 = CARTESIAN_POINT('',(0.9,-2.01,1.E-07));
#4022 = ORIENTED_EDGE('',*,*,#4023,.F.);
#4023 = EDGE_CURVE('',#3957,#4017,#4024,.T.);
#4024 = B_SPLINE_CURVE_WITH_KNOTS('',1,(#4025,#4026),.UNSPECIFIED.,.F.,
  .F.,(2,2),(-0.,0.2),.PIECEWISE_BEZIER_KNOTS.);
#4025 = CARTESIAN_POINT('',(0.9,-2.01,0.2000001));
#4026 = CARTESIAN_POINT('',(0.9,-2.01,1.E-07));
#4027 = B_SPLINE_SURFACE_WITH_KNOTS('',1,1,(
    (#4028,#4029)
    ,(#4030,#4031
    )),.UNSPECIFIED.,.F.,.F.,.F.,(2,2),(2,2),(-0.4,0.),(-0.2,0.),
  .PIECEWISE_BEZIER_KNOTS.);
#4028 = CARTESIAN_POINT('',(0.9,-2.01,1.E-07));
#4029 = CARTESIAN_POINT('',(0.9,-2.01,0.2000001));
#4030 = CARTESIAN_POINT('',(0.9,-1.61,1.E-07));
#4031 = CARTESIAN_POINT('',(0.9,-1.61,0.2000001));
#4032 = ADVANCED_FACE('',(#4033),#4043,.F.);
#4033 = FACE_BOUND('',#4034,.T.);
#4034 = EDGE_LOOP('',(#4035,#4036,#4037,#4042));
#4035 = ORIENTED_EDGE('',*,*,#2222,.F.);
#4036 = ORIENTED_EDGE('',*,*,#3993,.T.);
#4037 = ORIENTED_EDGE('',*,*,#4038,.T.);
#4038 = EDGE_CURVE('',#3987,#4010,#4039,.T.);
#4039 = B_SPLINE_CURVE_WITH_KNOTS('',1,(#4040,#4041),.UNSPECIFIED.,.F.,
  .F.,(2,2),(0.,0.2),.PIECEWISE_BEZIER_KNOTS.);
#4040 = CARTESIAN_POINT('',(1.1,-1.61,1.E-07));
#4041 = CARTESIAN_POINT('',(0.9,-1.61,1.E-07));
#4042 = ORIENTED_EDGE('',*,*,#4009,.F.);
#4043 = B_SPLINE_SURFACE_WITH_KNOTS('',1,1,(
    (#4044,#4045)
    ,(#4046,#4047
    )),.UNSPECIFIED.,.F.,.F.,.F.,(2,2),(2,2),(-0.2,0.),(-0.2,-0.19),
  .PIECEWISE_BEZIER_KNOTS.);
#4044 = CARTESIAN_POINT('',(0.9,-1.61,1.E-07));
#4045 = CARTESIAN_POINT('',(0.9,-1.61,1.00001E-02));
#4046 = CARTESIAN_POINT('',(1.1,-1.61,1.E-07));
#4047 = CARTESIAN_POINT('',(1.1,-1.61,1.00001E-02));
#4048 = ADVANCED_FACE('',(#4049),#4059,.F.);
#4049 = FACE_BOUND('',#4050,.T.);
#4050 = EDGE_LOOP('',(#4051,#4056,#4057,#4058));
#4051 = ORIENTED_EDGE('',*,*,#4052,.T.);
#4052 = EDGE_CURVE('',#4017,#3980,#4053,.T.);
#4053 = B_SPLINE_CURVE_WITH_KNOTS('',1,(#4054,#4055),.UNSPECIFIED.,.F.,
  .F.,(2,2),(-0.2,0.),.PIECEWISE_BEZIER_KNOTS.);
#4054 = CARTESIAN_POINT('',(0.9,-2.01,1.E-07));
#4055 = CARTESIAN_POINT('',(1.1,-2.01,1.E-07));
#4056 = ORIENTED_EDGE('',*,*,#3979,.F.);
#4057 = ORIENTED_EDGE('',*,*,#3963,.F.);
#4058 = ORIENTED_EDGE('',*,*,#4023,.T.);
#4059 = B_SPLINE_SURFACE_WITH_KNOTS('',1,1,(
    (#4060,#4061)
    ,(#4062,#4063
    )),.UNSPECIFIED.,.F.,.F.,.F.,(2,2),(2,2),(-0.2,0.),(-0.2,0.),
  .PIECEWISE_BEZIER_KNOTS.);
#4060 = CARTESIAN_POINT('',(0.9,-2.01,1.E-07));
#4061 = CARTESIAN_POINT('',(1.1,-2.01,1.E-07));
#4062 = CARTESIAN_POINT('',(0.9,-2.01,0.2000001));
#4063 = CARTESIAN_POINT('',(1.1,-2.01,0.2000001));
#4064 = ADVANCED_FACE('',(#4065),#4071,.T.);
#4065 = FACE_BOUND('',#4066,.T.);
#4066 = EDGE_LOOP('',(#4067,#4068,#4069,#4070));
#4067 = ORIENTED_EDGE('',*,*,#3986,.F.);
#4068 = ORIENTED_EDGE('',*,*,#4052,.F.);
#4069 = ORIENTED_EDGE('',*,*,#4016,.F.);
#4070 = ORIENTED_EDGE('',*,*,#4038,.F.);
#4071 = B_SPLINE_SURFACE_WITH_KNOTS('',1,1,(
    (#4072,#4073)
    ,(#4074,#4075
    )),.UNSPECIFIED.,.F.,.F.,.F.,(2,2),(2,2),(1.3,1.5),(-2.01,-1.61),
  .PIECEWISE_BEZIER_KNOTS.);
#4072 = CARTESIAN_POINT('',(1.1,-2.01,1.E-07));
#4073 = CARTESIAN_POINT('',(1.1,-1.61,1.E-07));
#4074 = CARTESIAN_POINT('',(0.9,-2.01,1.E-07));
#4075 = CARTESIAN_POINT('',(0.9,-1.61,1.E-07));
#4076 = ADVANCED_FACE('',(#4077),#4099,.F.);
#4077 = FACE_BOUND('',#4078,.T.);
#4078 = EDGE_LOOP('',(#4079,#4086,#4087,#4094));
#4079 = ORIENTED_EDGE('',*,*,#4080,.T.);
#4080 = EDGE_CURVE('',#4081,#2950,#4083,.T.);
#4081 = VERTEX_POINT('',#4082);
#4082 = CARTESIAN_POINT('',(1.5,-2.01,0.2000001));
#4083 = B_SPLINE_CURVE_WITH_KNOTS('',1,(#4084,#4085),.UNSPECIFIED.,.F.,
  .F.,(2,2),(-0.4,-0.39),.PIECEWISE_BEZIER_KNOTS.);
#4084 = CARTESIAN_POINT('',(1.5,-2.01,0.2000001));
#4085 = CARTESIAN_POINT('',(1.5,-2.,0.2000001));
#4086 = ORIENTED_EDGE('',*,*,#3108,.T.);
#4087 = ORIENTED_EDGE('',*,*,#4088,.T.);
#4088 = EDGE_CURVE('',#3102,#4089,#4091,.T.);
#4089 = VERTEX_POINT('',#4090);
#4090 = CARTESIAN_POINT('',(1.3,-2.01,0.2000001));
#4091 = B_SPLINE_CURVE_WITH_KNOTS('',1,(#4092,#4093),.UNSPECIFIED.,.F.,
  .F.,(2,2),(0.39,0.4),.PIECEWISE_BEZIER_KNOTS.);
#4092 = CARTESIAN_POINT('',(1.3,-2.,0.2000001));
#4093 = CARTESIAN_POINT('',(1.3,-2.01,0.2000001));
#4094 = ORIENTED_EDGE('',*,*,#4095,.T.);
#4095 = EDGE_CURVE('',#4089,#4081,#4096,.T.);
#4096 = B_SPLINE_CURVE_WITH_KNOTS('',1,(#4097,#4098),.UNSPECIFIED.,.F.,
  .F.,(2,2),(-0.2,0.),.PIECEWISE_BEZIER_KNOTS.);
#4097 = CARTESIAN_POINT('',(1.3,-2.01,0.2000001));
#4098 = CARTESIAN_POINT('',(1.5,-2.01,0.2000001));
#4099 = B_SPLINE_SURFACE_WITH_KNOTS('',1,1,(
    (#4100,#4101)
    ,(#4102,#4103
    )),.UNSPECIFIED.,.F.,.F.,.F.,(2,2),(2,2),(1.3,1.5),(-2.01,-2.),
  .PIECEWISE_BEZIER_KNOTS.);
#4100 = CARTESIAN_POINT('',(1.5,-2.01,0.2000001));
#4101 = CARTESIAN_POINT('',(1.5,-2.,0.2000001));
#4102 = CARTESIAN_POINT('',(1.3,-2.01,0.2000001));
#4103 = CARTESIAN_POINT('',(1.3,-2.,0.2000001));
#4104 = ADVANCED_FACE('',(#4105),#4129,.F.);
#4105 = FACE_BOUND('',#4106,.T.);
#4106 = EDGE_LOOP('',(#4107,#4108,#4109,#4110,#4117,#4124));
#4107 = ORIENTED_EDGE('',*,*,#2187,.F.);
#4108 = ORIENTED_EDGE('',*,*,#2949,.T.);
#4109 = ORIENTED_EDGE('',*,*,#4080,.F.);
#4110 = ORIENTED_EDGE('',*,*,#4111,.T.);
#4111 = EDGE_CURVE('',#4081,#4112,#4114,.T.);
#4112 = VERTEX_POINT('',#4113);
#4113 = CARTESIAN_POINT('',(1.5,-2.01,1.E-07));
#4114 = B_SPLINE_CURVE_WITH_KNOTS('',1,(#4115,#4116),.UNSPECIFIED.,.F.,
  .F.,(2,2),(-0.,0.2),.PIECEWISE_BEZIER_KNOTS.);
#4115 = CARTESIAN_POINT('',(1.5,-2.01,0.2000001));
#4116 = CARTESIAN_POINT('',(1.5,-2.01,1.E-07));
#4117 = ORIENTED_EDGE('',*,*,#4118,.T.);
#4118 = EDGE_CURVE('',#4112,#4119,#4121,.T.);
#4119 = VERTEX_POINT('',#4120);
#4120 = CARTESIAN_POINT('',(1.5,-1.61,1.E-07));
#4121 = B_SPLINE_CURVE_WITH_KNOTS('',1,(#4122,#4123),.UNSPECIFIED.,.F.,
  .F.,(2,2),(-0.4,0.),.PIECEWISE_BEZIER_KNOTS.);
#4122 = CARTESIAN_POINT('',(1.5,-2.01,1.E-07));
#4123 = CARTESIAN_POINT('',(1.5,-1.61,1.E-07));
#4124 = ORIENTED_EDGE('',*,*,#4125,.F.);
#4125 = EDGE_CURVE('',#2188,#4119,#4126,.T.);
#4126 = B_SPLINE_CURVE_WITH_KNOTS('',1,(#4127,#4128),.UNSPECIFIED.,.F.,
  .F.,(2,2),(0.19,0.2),.PIECEWISE_BEZIER_KNOTS.);
#4127 = CARTESIAN_POINT('',(1.5,-1.61,1.00001E-02));
#4128 = CARTESIAN_POINT('',(1.5,-1.61,1.E-07));
#4129 = B_SPLINE_SURFACE_WITH_KNOTS('',1,1,(
    (#4130,#4131)
    ,(#4132,#4133
    )),.UNSPECIFIED.,.F.,.F.,.F.,(2,2),(2,2),(0.,0.4),(-0.2,0.),
  .PIECEWISE_BEZIER_KNOTS.);
#4130 = CARTESIAN_POINT('',(1.5,-1.61,1.E-07));
#4131 = CARTESIAN_POINT('',(1.5,-1.61,0.2000001));
#4132 = CARTESIAN_POINT('',(1.5,-2.01,1.E-07));
#4133 = CARTESIAN_POINT('',(1.5,-2.01,0.2000001));
#4134 = ADVANCED_FACE('',(#4135),#4159,.F.);
#4135 = FACE_BOUND('',#4136,.T.);
#4136 = EDGE_LOOP('',(#4137,#4138,#4139,#4140,#4147,#4154));
#4137 = ORIENTED_EDGE('',*,*,#4088,.F.);
#4138 = ORIENTED_EDGE('',*,*,#3101,.T.);
#4139 = ORIENTED_EDGE('',*,*,#2201,.F.);
#4140 = ORIENTED_EDGE('',*,*,#4141,.T.);
#4141 = EDGE_CURVE('',#2195,#4142,#4144,.T.);
#4142 = VERTEX_POINT('',#4143);
#4143 = CARTESIAN_POINT('',(1.3,-1.61,1.E-07));
#4144 = B_SPLINE_CURVE_WITH_KNOTS('',1,(#4145,#4146),.UNSPECIFIED.,.F.,
  .F.,(2,2),(0.19,0.2),.PIECEWISE_BEZIER_KNOTS.);
#4145 = CARTESIAN_POINT('',(1.3,-1.61,1.00001E-02));
#4146 = CARTESIAN_POINT('',(1.3,-1.61,1.E-07));
#4147 = ORIENTED_EDGE('',*,*,#4148,.T.);
#4148 = EDGE_CURVE('',#4142,#4149,#4151,.T.);
#4149 = VERTEX_POINT('',#4150);
#4150 = CARTESIAN_POINT('',(1.3,-2.01,1.E-07));
#4151 = B_SPLINE_CURVE_WITH_KNOTS('',1,(#4152,#4153),.UNSPECIFIED.,.F.,
  .F.,(2,2),(0.,0.4),.PIECEWISE_BEZIER_KNOTS.);
#4152 = CARTESIAN_POINT('',(1.3,-1.61,1.E-07));
#4153 = CARTESIAN_POINT('',(1.3,-2.01,1.E-07));
#4154 = ORIENTED_EDGE('',*,*,#4155,.F.);
#4155 = EDGE_CURVE('',#4089,#4149,#4156,.T.);
#4156 = B_SPLINE_CURVE_WITH_KNOTS('',1,(#4157,#4158),.UNSPECIFIED.,.F.,
  .F.,(2,2),(-0.,0.2),.PIECEWISE_BEZIER_KNOTS.);
#4157 = CARTESIAN_POINT('',(1.3,-2.01,0.2000001));
#4158 = CARTESIAN_POINT('',(1.3,-2.01,1.E-07));
#4159 = B_SPLINE_SURFACE_WITH_KNOTS('',1,1,(
    (#4160,#4161)
    ,(#4162,#4163
    )),.UNSPECIFIED.,.F.,.F.,.F.,(2,2),(2,2),(-0.4,0.),(-0.2,0.),
  .PIECEWISE_BEZIER_KNOTS.);
#4160 = CARTESIAN_POINT('',(1.3,-2.01,1.E-07));
#4161 = CARTESIAN_POINT('',(1.3,-2.01,0.2000001));
#4162 = CARTESIAN_POINT('',(1.3,-1.61,1.E-07));
#4163 = CARTESIAN_POINT('',(1.3,-1.61,0.2000001));
#4164 = ADVANCED_FACE('',(#4165),#4175,.F.);
#4165 = FACE_BOUND('',#4166,.T.);
#4166 = EDGE_LOOP('',(#4167,#4168,#4169,#4174));
#4167 = ORIENTED_EDGE('',*,*,#2194,.F.);
#4168 = ORIENTED_EDGE('',*,*,#4125,.T.);
#4169 = ORIENTED_EDGE('',*,*,#4170,.T.);
#4170 = EDGE_CURVE('',#4119,#4142,#4171,.T.);
#4171 = B_SPLINE_CURVE_WITH_KNOTS('',1,(#4172,#4173),.UNSPECIFIED.,.F.,
  .F.,(2,2),(0.,0.2),.PIECEWISE_BEZIER_KNOTS.);
#4172 = CARTESIAN_POINT('',(1.5,-1.61,1.E-07));
#4173 = CARTESIAN_POINT('',(1.3,-1.61,1.E-07));
#4174 = ORIENTED_EDGE('',*,*,#4141,.F.);
#4175 = B_SPLINE_SURFACE_WITH_KNOTS('',1,1,(
    (#4176,#4177)
    ,(#4178,#4179
    )),.UNSPECIFIED.,.F.,.F.,.F.,(2,2),(2,2),(-0.2,0.),(-0.2,-0.19),
  .PIECEWISE_BEZIER_KNOTS.);
#4176 = CARTESIAN_POINT('',(1.3,-1.61,1.E-07));
#4177 = CARTESIAN_POINT('',(1.3,-1.61,1.00001E-02));
#4178 = CARTESIAN_POINT('',(1.5,-1.61,1.E-07));
#4179 = CARTESIAN_POINT('',(1.5,-1.61,1.00001E-02));
#4180 = ADVANCED_FACE('',(#4181),#4191,.F.);
#4181 = FACE_BOUND('',#4182,.T.);
#4182 = EDGE_LOOP('',(#4183,#4188,#4189,#4190));
#4183 = ORIENTED_EDGE('',*,*,#4184,.T.);
#4184 = EDGE_CURVE('',#4149,#4112,#4185,.T.);
#4185 = B_SPLINE_CURVE_WITH_KNOTS('',1,(#4186,#4187),.UNSPECIFIED.,.F.,
  .F.,(2,2),(-0.2,0.),.PIECEWISE_BEZIER_KNOTS.);
#4186 = CARTESIAN_POINT('',(1.3,-2.01,1.E-07));
#4187 = CARTESIAN_POINT('',(1.5,-2.01,1.E-07));
#4188 = ORIENTED_EDGE('',*,*,#4111,.F.);
#4189 = ORIENTED_EDGE('',*,*,#4095,.F.);
#4190 = ORIENTED_EDGE('',*,*,#4155,.T.);
#4191 = B_SPLINE_SURFACE_WITH_KNOTS('',1,1,(
    (#4192,#4193)
    ,(#4194,#4195
    )),.UNSPECIFIED.,.F.,.F.,.F.,(2,2),(2,2),(-0.2,0.),(-0.2,0.),
  .PIECEWISE_BEZIER_KNOTS.);
#4192 = CARTESIAN_POINT('',(1.3,-2.01,1.E-07));
#4193 = CARTESIAN_POINT('',(1.5,-2.01,1.E-07));
#4194 = CARTESIAN_POINT('',(1.3,-2.01,0.2000001));
#4195 = CARTESIAN_POINT('',(1.5,-2.01,0.2000001));
#4196 = ADVANCED_FACE('',(#4197),#4203,.T.);
#4197 = FACE_BOUND('',#4198,.T.);
#4198 = EDGE_LOOP('',(#4199,#4200,#4201,#4202));
#4199 = ORIENTED_EDGE('',*,*,#4118,.F.);
#4200 = ORIENTED_EDGE('',*,*,#4184,.F.);
#4201 = ORIENTED_EDGE('',*,*,#4148,.F.);
#4202 = ORIENTED_EDGE('',*,*,#4170,.F.);
#4203 = B_SPLINE_SURFACE_WITH_KNOTS('',1,1,(
    (#4204,#4205)
    ,(#4206,#4207
    )),.UNSPECIFIED.,.F.,.F.,.F.,(2,2),(2,2),(1.3,1.5),(-2.01,-1.61),
  .PIECEWISE_BEZIER_KNOTS.);
#4204 = CARTESIAN_POINT('',(1.5,-2.01,1.E-07));
#4205 = CARTESIAN_POINT('',(1.5,-1.61,1.E-07));
#4206 = CARTESIAN_POINT('',(1.3,-2.01,1.E-07));
#4207 = CARTESIAN_POINT('',(1.3,-1.61,1.E-07));
#4208 = ADVANCED_FACE('',(#4209),#4231,.F.);
#4209 = FACE_BOUND('',#4210,.T.);
#4210 = EDGE_LOOP('',(#4211,#4218,#4219,#4226));
#4211 = ORIENTED_EDGE('',*,*,#4212,.T.);
#4212 = EDGE_CURVE('',#4213,#2797,#4215,.T.);
#4213 = VERTEX_POINT('',#4214);
#4214 = CARTESIAN_POINT('',(2.01,-1.3,0.2000001));
#4215 = B_SPLINE_CURVE_WITH_KNOTS('',1,(#4216,#4217),.UNSPECIFIED.,.F.,
  .F.,(2,2),(-0.4,-0.39),.PIECEWISE_BEZIER_KNOTS.);
#4216 = CARTESIAN_POINT('',(2.01,-1.3,0.2000001));
#4217 = CARTESIAN_POINT('',(2.,-1.3,0.2000001));
#4218 = ORIENTED_EDGE('',*,*,#2796,.T.);
#4219 = ORIENTED_EDGE('',*,*,#4220,.T.);
#4220 = EDGE_CURVE('',#2790,#4221,#4223,.T.);
#4221 = VERTEX_POINT('',#4222);
#4222 = CARTESIAN_POINT('',(2.01,-1.5,0.2000001));
#4223 = B_SPLINE_CURVE_WITH_KNOTS('',1,(#4224,#4225),.UNSPECIFIED.,.F.,
  .F.,(2,2),(0.39,0.4),.PIECEWISE_BEZIER_KNOTS.);
#4224 = CARTESIAN_POINT('',(2.,-1.5,0.2000001));
#4225 = CARTESIAN_POINT('',(2.01,-1.5,0.2000001));
#4226 = ORIENTED_EDGE('',*,*,#4227,.T.);
#4227 = EDGE_CURVE('',#4221,#4213,#4228,.T.);
#4228 = B_SPLINE_CURVE_WITH_KNOTS('',1,(#4229,#4230),.UNSPECIFIED.,.F.,
  .F.,(2,2),(-0.2,0.),.PIECEWISE_BEZIER_KNOTS.);
#4229 = CARTESIAN_POINT('',(2.01,-1.5,0.2000001));
#4230 = CARTESIAN_POINT('',(2.01,-1.3,0.2000001));
#4231 = B_SPLINE_SURFACE_WITH_KNOTS('',1,1,(
    (#4232,#4233)
    ,(#4234,#4235
    )),.UNSPECIFIED.,.F.,.F.,.F.,(2,2),(2,2),(1.3,1.5),(-2.01,-2.),
  .PIECEWISE_BEZIER_KNOTS.);
#4232 = CARTESIAN_POINT('',(2.01,-1.3,0.2000001));
#4233 = CARTESIAN_POINT('',(2.,-1.3,0.2000001));
#4234 = CARTESIAN_POINT('',(2.01,-1.5,0.2000001));
#4235 = CARTESIAN_POINT('',(2.,-1.5,0.2000001));
#4236 = ADVANCED_FACE('',(#4237),#4261,.F.);
#4237 = FACE_BOUND('',#4238,.T.);
#4238 = EDGE_LOOP('',(#4239,#4240,#4241,#4242,#4249,#4256));
#4239 = ORIENTED_EDGE('',*,*,#2152,.F.);
#4240 = ORIENTED_EDGE('',*,*,#2803,.T.);
#4241 = ORIENTED_EDGE('',*,*,#4212,.F.);
#4242 = ORIENTED_EDGE('',*,*,#4243,.T.);
#4243 = EDGE_CURVE('',#4213,#4244,#4246,.T.);
#4244 = VERTEX_POINT('',#4245);
#4245 = CARTESIAN_POINT('',(2.01,-1.3,1.E-07));
#4246 = B_SPLINE_CURVE_WITH_KNOTS('',1,(#4247,#4248),.UNSPECIFIED.,.F.,
  .F.,(2,2),(-0.,0.2),.PIECEWISE_BEZIER_KNOTS.);
#4247 = CARTESIAN_POINT('',(2.01,-1.3,0.2000001));
#4248 = CARTESIAN_POINT('',(2.01,-1.3,1.E-07));
#4249 = ORIENTED_EDGE('',*,*,#4250,.T.);
#4250 = EDGE_CURVE('',#4244,#4251,#4253,.T.);
#4251 = VERTEX_POINT('',#4252);
#4252 = CARTESIAN_POINT('',(1.61,-1.3,1.E-07));
#4253 = B_SPLINE_CURVE_WITH_KNOTS('',1,(#4254,#4255),.UNSPECIFIED.,.F.,
  .F.,(2,2),(-0.4,0.),.PIECEWISE_BEZIER_KNOTS.);
#4254 = CARTESIAN_POINT('',(2.01,-1.3,1.E-07));
#4255 = CARTESIAN_POINT('',(1.61,-1.3,1.E-07));
#4256 = ORIENTED_EDGE('',*,*,#4257,.F.);
#4257 = EDGE_CURVE('',#2153,#4251,#4258,.T.);
#4258 = B_SPLINE_CURVE_WITH_KNOTS('',1,(#4259,#4260),.UNSPECIFIED.,.F.,
  .F.,(2,2),(0.19,0.2),.PIECEWISE_BEZIER_KNOTS.);
#4259 = CARTESIAN_POINT('',(1.61,-1.3,1.00001E-02));
#4260 = CARTESIAN_POINT('',(1.61,-1.3,1.E-07));
#4261 = B_SPLINE_SURFACE_WITH_KNOTS('',1,1,(
    (#4262,#4263)
    ,(#4264,#4265
    )),.UNSPECIFIED.,.F.,.F.,.F.,(2,2),(2,2),(0.,0.4),(-0.2,0.),
  .PIECEWISE_BEZIER_KNOTS.);
#4262 = CARTESIAN_POINT('',(1.61,-1.3,1.E-07));
#4263 = CARTESIAN_POINT('',(1.61,-1.3,0.2000001));
#4264 = CARTESIAN_POINT('',(2.01,-1.3,1.E-07));
#4265 = CARTESIAN_POINT('',(2.01,-1.3,0.2000001));
#4266 = ADVANCED_FACE('',(#4267),#4283,.F.);
#4267 = FACE_BOUND('',#4268,.T.);
#4268 = EDGE_LOOP('',(#4269,#4270,#4271,#4278));
#4269 = ORIENTED_EDGE('',*,*,#2159,.F.);
#4270 = ORIENTED_EDGE('',*,*,#4257,.T.);
#4271 = ORIENTED_EDGE('',*,*,#4272,.T.);
#4272 = EDGE_CURVE('',#4251,#4273,#4275,.T.);
#4273 = VERTEX_POINT('',#4274);
#4274 = CARTESIAN_POINT('',(1.61,-1.5,1.E-07));
#4275 = B_SPLINE_CURVE_WITH_KNOTS('',1,(#4276,#4277),.UNSPECIFIED.,.F.,
  .F.,(2,2),(0.,0.2),.PIECEWISE_BEZIER_KNOTS.);
#4276 = CARTESIAN_POINT('',(1.61,-1.3,1.E-07));
#4277 = CARTESIAN_POINT('',(1.61,-1.5,1.E-07));
#4278 = ORIENTED_EDGE('',*,*,#4279,.F.);
#4279 = EDGE_CURVE('',#2160,#4273,#4280,.T.);
#4280 = B_SPLINE_CURVE_WITH_KNOTS('',1,(#4281,#4282),.UNSPECIFIED.,.F.,
  .F.,(2,2),(0.19,0.2),.PIECEWISE_BEZIER_KNOTS.);
#4281 = CARTESIAN_POINT('',(1.61,-1.5,1.00001E-02));
#4282 = CARTESIAN_POINT('',(1.61,-1.5,1.E-07));
#4283 = B_SPLINE_SURFACE_WITH_KNOTS('',1,1,(
    (#4284,#4285)
    ,(#4286,#4287
    )),.UNSPECIFIED.,.F.,.F.,.F.,(2,2),(2,2),(-0.2,0.),(-0.2,-0.19),
  .PIECEWISE_BEZIER_KNOTS.);
#4284 = CARTESIAN_POINT('',(1.61,-1.5,1.E-07));
#4285 = CARTESIAN_POINT('',(1.61,-1.5,1.00001E-02));
#4286 = CARTESIAN_POINT('',(1.61,-1.3,1.E-07));
#4287 = CARTESIAN_POINT('',(1.61,-1.3,1.00001E-02));
#4288 = ADVANCED_FACE('',(#4289),#4307,.F.);
#4289 = FACE_BOUND('',#4290,.T.);
#4290 = EDGE_LOOP('',(#4291,#4292,#4293,#4300,#4305,#4306));
#4291 = ORIENTED_EDGE('',*,*,#2166,.F.);
#4292 = ORIENTED_EDGE('',*,*,#4279,.T.);
#4293 = ORIENTED_EDGE('',*,*,#4294,.T.);
#4294 = EDGE_CURVE('',#4273,#4295,#4297,.T.);
#4295 = VERTEX_POINT('',#4296);
#4296 = CARTESIAN_POINT('',(2.01,-1.5,1.E-07));
#4297 = B_SPLINE_CURVE_WITH_KNOTS('',1,(#4298,#4299),.UNSPECIFIED.,.F.,
  .F.,(2,2),(0.,0.4),.PIECEWISE_BEZIER_KNOTS.);
#4298 = CARTESIAN_POINT('',(1.61,-1.5,1.E-07));
#4299 = CARTESIAN_POINT('',(2.01,-1.5,1.E-07));
#4300 = ORIENTED_EDGE('',*,*,#4301,.F.);
#4301 = EDGE_CURVE('',#4221,#4295,#4302,.T.);
#4302 = B_SPLINE_CURVE_WITH_KNOTS('',1,(#4303,#4304),.UNSPECIFIED.,.F.,
  .F.,(2,2),(-0.,0.2),.PIECEWISE_BEZIER_KNOTS.);
#4303 = CARTESIAN_POINT('',(2.01,-1.5,0.2000001));
#4304 = CARTESIAN_POINT('',(2.01,-1.5,1.E-07));
#4305 = ORIENTED_EDGE('',*,*,#4220,.F.);
#4306 = ORIENTED_EDGE('',*,*,#2789,.T.);
#4307 = B_SPLINE_SURFACE_WITH_KNOTS('',1,1,(
    (#4308,#4309)
    ,(#4310,#4311
    )),.UNSPECIFIED.,.F.,.F.,.F.,(2,2),(2,2),(-0.4,0.),(-0.2,0.),
  .PIECEWISE_BEZIER_KNOTS.);
#4308 = CARTESIAN_POINT('',(2.01,-1.5,1.E-07));
#4309 = CARTESIAN_POINT('',(2.01,-1.5,0.2000001));
#4310 = CARTESIAN_POINT('',(1.61,-1.5,1.E-07));
#4311 = CARTESIAN_POINT('',(1.61,-1.5,0.2000001));
#4312 = ADVANCED_FACE('',(#4313),#4323,.F.);
#4313 = FACE_BOUND('',#4314,.T.);
#4314 = EDGE_LOOP('',(#4315,#4320,#4321,#4322));
#4315 = ORIENTED_EDGE('',*,*,#4316,.T.);
#4316 = EDGE_CURVE('',#4295,#4244,#4317,.T.);
#4317 = B_SPLINE_CURVE_WITH_KNOTS('',1,(#4318,#4319),.UNSPECIFIED.,.F.,
  .F.,(2,2),(-0.2,0.),.PIECEWISE_BEZIER_KNOTS.);
#4318 = CARTESIAN_POINT('',(2.01,-1.5,1.E-07));
#4319 = CARTESIAN_POINT('',(2.01,-1.3,1.E-07));
#4320 = ORIENTED_EDGE('',*,*,#4243,.F.);
#4321 = ORIENTED_EDGE('',*,*,#4227,.F.);
#4322 = ORIENTED_EDGE('',*,*,#4301,.T.);
#4323 = B_SPLINE_SURFACE_WITH_KNOTS('',1,1,(
    (#4324,#4325)
    ,(#4326,#4327
    )),.UNSPECIFIED.,.F.,.F.,.F.,(2,2),(2,2),(0.,0.2),(-0.2,0.),
  .PIECEWISE_BEZIER_KNOTS.);
#4324 = CARTESIAN_POINT('',(2.01,-1.3,1.E-07));
#4325 = CARTESIAN_POINT('',(2.01,-1.3,0.2000001));
#4326 = CARTESIAN_POINT('',(2.01,-1.5,1.E-07));
#4327 = CARTESIAN_POINT('',(2.01,-1.5,0.2000001));
#4328 = ADVANCED_FACE('',(#4329),#4335,.T.);
#4329 = FACE_BOUND('',#4330,.T.);
#4330 = EDGE_LOOP('',(#4331,#4332,#4333,#4334));
#4331 = ORIENTED_EDGE('',*,*,#4250,.F.);
#4332 = ORIENTED_EDGE('',*,*,#4316,.F.);
#4333 = ORIENTED_EDGE('',*,*,#4294,.F.);
#4334 = ORIENTED_EDGE('',*,*,#4272,.F.);
#4335 = B_SPLINE_SURFACE_WITH_KNOTS('',1,1,(
    (#4336,#4337)
    ,(#4338,#4339
    )),.UNSPECIFIED.,.F.,.F.,.F.,(2,2),(2,2),(1.3,1.5),(-2.01,-1.61),
  .PIECEWISE_BEZIER_KNOTS.);
#4336 = CARTESIAN_POINT('',(2.01,-1.3,1.E-07));
#4337 = CARTESIAN_POINT('',(1.61,-1.3,1.E-07));
#4338 = CARTESIAN_POINT('',(2.01,-1.5,1.E-07));
#4339 = CARTESIAN_POINT('',(1.61,-1.5,1.E-07));
#4340 = ADVANCED_FACE('',(#4341),#4363,.F.);
#4341 = FACE_BOUND('',#4342,.T.);
#4342 = EDGE_LOOP('',(#4343,#4350,#4351,#4358));
#4343 = ORIENTED_EDGE('',*,*,#4344,.T.);
#4344 = EDGE_CURVE('',#4345,#2817,#4347,.T.);
#4345 = VERTEX_POINT('',#4346);
#4346 = CARTESIAN_POINT('',(2.01,-0.9,0.2000001));
#4347 = B_SPLINE_CURVE_WITH_KNOTS('',1,(#4348,#4349),.UNSPECIFIED.,.F.,
  .F.,(2,2),(-0.4,-0.39),.PIECEWISE_BEZIER_KNOTS.);
#4348 = CARTESIAN_POINT('',(2.01,-0.9,0.2000001));
#4349 = CARTESIAN_POINT('',(2.,-0.9,0.2000001));
#4350 = ORIENTED_EDGE('',*,*,#2816,.T.);
#4351 = ORIENTED_EDGE('',*,*,#4352,.T.);
#4352 = EDGE_CURVE('',#2810,#4353,#4355,.T.);
#4353 = VERTEX_POINT('',#4354);
#4354 = CARTESIAN_POINT('',(2.01,-1.1,0.2000001));
#4355 = B_SPLINE_CURVE_WITH_KNOTS('',1,(#4356,#4357),.UNSPECIFIED.,.F.,
  .F.,(2,2),(0.39,0.4),.PIECEWISE_BEZIER_KNOTS.);
#4356 = CARTESIAN_POINT('',(2.,-1.1,0.2000001));
#4357 = CARTESIAN_POINT('',(2.01,-1.1,0.2000001));
#4358 = ORIENTED_EDGE('',*,*,#4359,.T.);
#4359 = EDGE_CURVE('',#4353,#4345,#4360,.T.);
#4360 = B_SPLINE_CURVE_WITH_KNOTS('',1,(#4361,#4362),.UNSPECIFIED.,.F.,
  .F.,(2,2),(-0.2,0.),.PIECEWISE_BEZIER_KNOTS.);
#4361 = CARTESIAN_POINT('',(2.01,-1.1,0.2000001));
#4362 = CARTESIAN_POINT('',(2.01,-0.9,0.2000001));
#4363 = B_SPLINE_SURFACE_WITH_KNOTS('',1,1,(
    (#4364,#4365)
    ,(#4366,#4367
    )),.UNSPECIFIED.,.F.,.F.,.F.,(2,2),(2,2),(1.3,1.5),(-2.01,-2.),
  .PIECEWISE_BEZIER_KNOTS.);
#4364 = CARTESIAN_POINT('',(2.01,-0.9,0.2000001));
#4365 = CARTESIAN_POINT('',(2.,-0.9,0.2000001));
#4366 = CARTESIAN_POINT('',(2.01,-1.1,0.2000001));
#4367 = CARTESIAN_POINT('',(2.,-1.1,0.2000001));
#4368 = ADVANCED_FACE('',(#4369),#4393,.F.);
#4369 = FACE_BOUND('',#4370,.T.);
#4370 = EDGE_LOOP('',(#4371,#4372,#4373,#4374,#4381,#4388));
#4371 = ORIENTED_EDGE('',*,*,#2124,.F.);
#4372 = ORIENTED_EDGE('',*,*,#2823,.T.);
#4373 = ORIENTED_EDGE('',*,*,#4344,.F.);
#4374 = ORIENTED_EDGE('',*,*,#4375,.T.);
#4375 = EDGE_CURVE('',#4345,#4376,#4378,.T.);
#4376 = VERTEX_POINT('',#4377);
#4377 = CARTESIAN_POINT('',(2.01,-0.9,1.E-07));
#4378 = B_SPLINE_CURVE_WITH_KNOTS('',1,(#4379,#4380),.UNSPECIFIED.,.F.,
  .F.,(2,2),(-0.,0.2),.PIECEWISE_BEZIER_KNOTS.);
#4379 = CARTESIAN_POINT('',(2.01,-0.9,0.2000001));
#4380 = CARTESIAN_POINT('',(2.01,-0.9,1.E-07));
#4381 = ORIENTED_EDGE('',*,*,#4382,.T.);
#4382 = EDGE_CURVE('',#4376,#4383,#4385,.T.);
#4383 = VERTEX_POINT('',#4384);
#4384 = CARTESIAN_POINT('',(1.61,-0.9,1.E-07));
#4385 = B_SPLINE_CURVE_WITH_KNOTS('',1,(#4386,#4387),.UNSPECIFIED.,.F.,
  .F.,(2,2),(-0.4,0.),.PIECEWISE_BEZIER_KNOTS.);
#4386 = CARTESIAN_POINT('',(2.01,-0.9,1.E-07));
#4387 = CARTESIAN_POINT('',(1.61,-0.9,1.E-07));
#4388 = ORIENTED_EDGE('',*,*,#4389,.F.);
#4389 = EDGE_CURVE('',#2125,#4383,#4390,.T.);
#4390 = B_SPLINE_CURVE_WITH_KNOTS('',1,(#4391,#4392),.UNSPECIFIED.,.F.,
  .F.,(2,2),(0.19,0.2),.PIECEWISE_BEZIER_KNOTS.);
#4391 = CARTESIAN_POINT('',(1.61,-0.9,1.00001E-02));
#4392 = CARTESIAN_POINT('',(1.61,-0.9,1.E-07));
#4393 = B_SPLINE_SURFACE_WITH_KNOTS('',1,1,(
    (#4394,#4395)
    ,(#4396,#4397
    )),.UNSPECIFIED.,.F.,.F.,.F.,(2,2),(2,2),(0.,0.4),(-0.2,0.),
  .PIECEWISE_BEZIER_KNOTS.);
#4394 = CARTESIAN_POINT('',(1.61,-0.9,1.E-07));
#4395 = CARTESIAN_POINT('',(1.61,-0.9,0.2000001));
#4396 = CARTESIAN_POINT('',(2.01,-0.9,1.E-07));
#4397 = CARTESIAN_POINT('',(2.01,-0.9,0.2000001));
#4398 = ADVANCED_FACE('',(#4399),#4415,.F.);
#4399 = FACE_BOUND('',#4400,.T.);
#4400 = EDGE_LOOP('',(#4401,#4402,#4403,#4410));
#4401 = ORIENTED_EDGE('',*,*,#2131,.F.);
#4402 = ORIENTED_EDGE('',*,*,#4389,.T.);
#4403 = ORIENTED_EDGE('',*,*,#4404,.T.);
#4404 = EDGE_CURVE('',#4383,#4405,#4407,.T.);
#4405 = VERTEX_POINT('',#4406);
#4406 = CARTESIAN_POINT('',(1.61,-1.1,1.E-07));
#4407 = B_SPLINE_CURVE_WITH_KNOTS('',1,(#4408,#4409),.UNSPECIFIED.,.F.,
  .F.,(2,2),(0.,0.2),.PIECEWISE_BEZIER_KNOTS.);
#4408 = CARTESIAN_POINT('',(1.61,-0.9,1.E-07));
#4409 = CARTESIAN_POINT('',(1.61,-1.1,1.E-07));
#4410 = ORIENTED_EDGE('',*,*,#4411,.F.);
#4411 = EDGE_CURVE('',#2132,#4405,#4412,.T.);
#4412 = B_SPLINE_CURVE_WITH_KNOTS('',1,(#4413,#4414),.UNSPECIFIED.,.F.,
  .F.,(2,2),(0.19,0.2),.PIECEWISE_BEZIER_KNOTS.);
#4413 = CARTESIAN_POINT('',(1.61,-1.1,1.00001E-02));
#4414 = CARTESIAN_POINT('',(1.61,-1.1,1.E-07));
#4415 = B_SPLINE_SURFACE_WITH_KNOTS('',1,1,(
    (#4416,#4417)
    ,(#4418,#4419
    )),.UNSPECIFIED.,.F.,.F.,.F.,(2,2),(2,2),(-0.2,0.),(-0.2,-0.19),
  .PIECEWISE_BEZIER_KNOTS.);
#4416 = CARTESIAN_POINT('',(1.61,-1.1,1.E-07));
#4417 = CARTESIAN_POINT('',(1.61,-1.1,1.00001E-02));
#4418 = CARTESIAN_POINT('',(1.61,-0.9,1.E-07));
#4419 = CARTESIAN_POINT('',(1.61,-0.9,1.00001E-02));
#4420 = ADVANCED_FACE('',(#4421),#4439,.F.);
#4421 = FACE_BOUND('',#4422,.T.);
#4422 = EDGE_LOOP('',(#4423,#4424,#4425,#4432,#4437,#4438));
#4423 = ORIENTED_EDGE('',*,*,#2138,.F.);
#4424 = ORIENTED_EDGE('',*,*,#4411,.T.);
#4425 = ORIENTED_EDGE('',*,*,#4426,.T.);
#4426 = EDGE_CURVE('',#4405,#4427,#4429,.T.);
#4427 = VERTEX_POINT('',#4428);
#4428 = CARTESIAN_POINT('',(2.01,-1.1,1.E-07));
#4429 = B_SPLINE_CURVE_WITH_KNOTS('',1,(#4430,#4431),.UNSPECIFIED.,.F.,
  .F.,(2,2),(0.,0.4),.PIECEWISE_BEZIER_KNOTS.);
#4430 = CARTESIAN_POINT('',(1.61,-1.1,1.E-07));
#4431 = CARTESIAN_POINT('',(2.01,-1.1,1.E-07));
#4432 = ORIENTED_EDGE('',*,*,#4433,.F.);
#4433 = EDGE_CURVE('',#4353,#4427,#4434,.T.);
#4434 = B_SPLINE_CURVE_WITH_KNOTS('',1,(#4435,#4436),.UNSPECIFIED.,.F.,
  .F.,(2,2),(-0.,0.2),.PIECEWISE_BEZIER_KNOTS.);
#4435 = CARTESIAN_POINT('',(2.01,-1.1,0.2000001));
#4436 = CARTESIAN_POINT('',(2.01,-1.1,1.E-07));
#4437 = ORIENTED_EDGE('',*,*,#4352,.F.);
#4438 = ORIENTED_EDGE('',*,*,#2809,.T.);
#4439 = B_SPLINE_SURFACE_WITH_KNOTS('',1,1,(
    (#4440,#4441)
    ,(#4442,#4443
    )),.UNSPECIFIED.,.F.,.F.,.F.,(2,2),(2,2),(-0.4,0.),(-0.2,0.),
  .PIECEWISE_BEZIER_KNOTS.);
#4440 = CARTESIAN_POINT('',(2.01,-1.1,1.E-07));
#4441 = CARTESIAN_POINT('',(2.01,-1.1,0.2000001));
#4442 = CARTESIAN_POINT('',(1.61,-1.1,1.E-07));
#4443 = CARTESIAN_POINT('',(1.61,-1.1,0.2000001));
#4444 = ADVANCED_FACE('',(#4445),#4455,.F.);
#4445 = FACE_BOUND('',#4446,.T.);
#4446 = EDGE_LOOP('',(#4447,#4452,#4453,#4454));
#4447 = ORIENTED_EDGE('',*,*,#4448,.T.);
#4448 = EDGE_CURVE('',#4427,#4376,#4449,.T.);
#4449 = B_SPLINE_CURVE_WITH_KNOTS('',1,(#4450,#4451),.UNSPECIFIED.,.F.,
  .F.,(2,2),(-0.2,0.),.PIECEWISE_BEZIER_KNOTS.);
#4450 = CARTESIAN_POINT('',(2.01,-1.1,1.E-07));
#4451 = CARTESIAN_POINT('',(2.01,-0.9,1.E-07));
#4452 = ORIENTED_EDGE('',*,*,#4375,.F.);
#4453 = ORIENTED_EDGE('',*,*,#4359,.F.);
#4454 = ORIENTED_EDGE('',*,*,#4433,.T.);
#4455 = B_SPLINE_SURFACE_WITH_KNOTS('',1,1,(
    (#4456,#4457)
    ,(#4458,#4459
    )),.UNSPECIFIED.,.F.,.F.,.F.,(2,2),(2,2),(0.,0.2),(-0.2,0.),
  .PIECEWISE_BEZIER_KNOTS.);
#4456 = CARTESIAN_POINT('',(2.01,-0.9,1.E-07));
#4457 = CARTESIAN_POINT('',(2.01,-0.9,0.2000001));
#4458 = CARTESIAN_POINT('',(2.01,-1.1,1.E-07));
#4459 = CARTESIAN_POINT('',(2.01,-1.1,0.2000001));
#4460 = ADVANCED_FACE('',(#4461),#4467,.T.);
#4461 = FACE_BOUND('',#4462,.T.);
#4462 = EDGE_LOOP('',(#4463,#4464,#4465,#4466));
#4463 = ORIENTED_EDGE('',*,*,#4382,.F.);
#4464 = ORIENTED_EDGE('',*,*,#4448,.F.);
#4465 = ORIENTED_EDGE('',*,*,#4426,.F.);
#4466 = ORIENTED_EDGE('',*,*,#4404,.F.);
#4467 = B_SPLINE_SURFACE_WITH_KNOTS('',1,1,(
    (#4468,#4469)
    ,(#4470,#4471
    )),.UNSPECIFIED.,.F.,.F.,.F.,(2,2),(2,2),(1.3,1.5),(-2.01,-1.61),
  .PIECEWISE_BEZIER_KNOTS.);
#4468 = CARTESIAN_POINT('',(2.01,-0.9,1.E-07));
#4469 = CARTESIAN_POINT('',(1.61,-0.9,1.E-07));
#4470 = CARTESIAN_POINT('',(2.01,-1.1,1.E-07));
#4471 = CARTESIAN_POINT('',(1.61,-1.1,1.E-07));
#4472 = ADVANCED_FACE('',(#4473),#4495,.F.);
#4473 = FACE_BOUND('',#4474,.T.);
#4474 = EDGE_LOOP('',(#4475,#4482,#4483,#4490));
#4475 = ORIENTED_EDGE('',*,*,#4476,.T.);
#4476 = EDGE_CURVE('',#4477,#2837,#4479,.T.);
#4477 = VERTEX_POINT('',#4478);
#4478 = CARTESIAN_POINT('',(2.01,-0.5,0.2000001));
#4479 = B_SPLINE_CURVE_WITH_KNOTS('',1,(#4480,#4481),.UNSPECIFIED.,.F.,
  .F.,(2,2),(-0.4,-0.39),.PIECEWISE_BEZIER_KNOTS.);
#4480 = CARTESIAN_POINT('',(2.01,-0.5,0.2000001));
#4481 = CARTESIAN_POINT('',(2.,-0.5,0.2000001));
#4482 = ORIENTED_EDGE('',*,*,#2836,.T.);
#4483 = ORIENTED_EDGE('',*,*,#4484,.T.);
#4484 = EDGE_CURVE('',#2830,#4485,#4487,.T.);
#4485 = VERTEX_POINT('',#4486);
#4486 = CARTESIAN_POINT('',(2.01,-0.7,0.2000001));
#4487 = B_SPLINE_CURVE_WITH_KNOTS('',1,(#4488,#4489),.UNSPECIFIED.,.F.,
  .F.,(2,2),(0.39,0.4),.PIECEWISE_BEZIER_KNOTS.);
#4488 = CARTESIAN_POINT('',(2.,-0.7,0.2000001));
#4489 = CARTESIAN_POINT('',(2.01,-0.7,0.2000001));
#4490 = ORIENTED_EDGE('',*,*,#4491,.T.);
#4491 = EDGE_CURVE('',#4485,#4477,#4492,.T.);
#4492 = B_SPLINE_CURVE_WITH_KNOTS('',1,(#4493,#4494),.UNSPECIFIED.,.F.,
  .F.,(2,2),(-0.2,0.),.PIECEWISE_BEZIER_KNOTS.);
#4493 = CARTESIAN_POINT('',(2.01,-0.7,0.2000001));
#4494 = CARTESIAN_POINT('',(2.01,-0.5,0.2000001));
#4495 = B_SPLINE_SURFACE_WITH_KNOTS('',1,1,(
    (#4496,#4497)
    ,(#4498,#4499
    )),.UNSPECIFIED.,.F.,.F.,.F.,(2,2),(2,2),(1.3,1.5),(-2.01,-2.),
  .PIECEWISE_BEZIER_KNOTS.);
#4496 = CARTESIAN_POINT('',(2.01,-0.5,0.2000001));
#4497 = CARTESIAN_POINT('',(2.,-0.5,0.2000001));
#4498 = CARTESIAN_POINT('',(2.01,-0.7,0.2000001));
#4499 = CARTESIAN_POINT('',(2.,-0.7,0.2000001));
#4500 = ADVANCED_FACE('',(#4501),#4525,.F.);
#4501 = FACE_BOUND('',#4502,.T.);
#4502 = EDGE_LOOP('',(#4503,#4504,#4505,#4506,#4513,#4520));
#4503 = ORIENTED_EDGE('',*,*,#2096,.F.);
#4504 = ORIENTED_EDGE('',*,*,#2843,.T.);
#4505 = ORIENTED_EDGE('',*,*,#4476,.F.);
#4506 = ORIENTED_EDGE('',*,*,#4507,.T.);
#4507 = EDGE_CURVE('',#4477,#4508,#4510,.T.);
#4508 = VERTEX_POINT('',#4509);
#4509 = CARTESIAN_POINT('',(2.01,-0.5,1.E-07));
#4510 = B_SPLINE_CURVE_WITH_KNOTS('',1,(#4511,#4512),.UNSPECIFIED.,.F.,
  .F.,(2,2),(-0.,0.2),.PIECEWISE_BEZIER_KNOTS.);
#4511 = CARTESIAN_POINT('',(2.01,-0.5,0.2000001));
#4512 = CARTESIAN_POINT('',(2.01,-0.5,1.E-07));
#4513 = ORIENTED_EDGE('',*,*,#4514,.T.);
#4514 = EDGE_CURVE('',#4508,#4515,#4517,.T.);
#4515 = VERTEX_POINT('',#4516);
#4516 = CARTESIAN_POINT('',(1.61,-0.5,1.E-07));
#4517 = B_SPLINE_CURVE_WITH_KNOTS('',1,(#4518,#4519),.UNSPECIFIED.,.F.,
  .F.,(2,2),(-0.4,0.),.PIECEWISE_BEZIER_KNOTS.);
#4518 = CARTESIAN_POINT('',(2.01,-0.5,1.E-07));
#4519 = CARTESIAN_POINT('',(1.61,-0.5,1.E-07));
#4520 = ORIENTED_EDGE('',*,*,#4521,.F.);
#4521 = EDGE_CURVE('',#2097,#4515,#4522,.T.);
#4522 = B_SPLINE_CURVE_WITH_KNOTS('',1,(#4523,#4524),.UNSPECIFIED.,.F.,
  .F.,(2,2),(0.19,0.2),.PIECEWISE_BEZIER_KNOTS.);
#4523 = CARTESIAN_POINT('',(1.61,-0.5,1.00001E-02));
#4524 = CARTESIAN_POINT('',(1.61,-0.5,1.E-07));
#4525 = B_SPLINE_SURFACE_WITH_KNOTS('',1,1,(
    (#4526,#4527)
    ,(#4528,#4529
    )),.UNSPECIFIED.,.F.,.F.,.F.,(2,2),(2,2),(0.,0.4),(-0.2,0.),
  .PIECEWISE_BEZIER_KNOTS.);
#4526 = CARTESIAN_POINT('',(1.61,-0.5,1.E-07));
#4527 = CARTESIAN_POINT('',(1.61,-0.5,0.2000001));
#4528 = CARTESIAN_POINT('',(2.01,-0.5,1.E-07));
#4529 = CARTESIAN_POINT('',(2.01,-0.5,0.2000001));
#4530 = ADVANCED_FACE('',(#4531),#4547,.F.);
#4531 = FACE_BOUND('',#4532,.T.);
#4532 = EDGE_LOOP('',(#4533,#4534,#4535,#4542));
#4533 = ORIENTED_EDGE('',*,*,#2103,.F.);
#4534 = ORIENTED_EDGE('',*,*,#4521,.T.);
#4535 = ORIENTED_EDGE('',*,*,#4536,.T.);
#4536 = EDGE_CURVE('',#4515,#4537,#4539,.T.);
#4537 = VERTEX_POINT('',#4538);
#4538 = CARTESIAN_POINT('',(1.61,-0.7,1.E-07));
#4539 = B_SPLINE_CURVE_WITH_KNOTS('',1,(#4540,#4541),.UNSPECIFIED.,.F.,
  .F.,(2,2),(0.,0.2),.PIECEWISE_BEZIER_KNOTS.);
#4540 = CARTESIAN_POINT('',(1.61,-0.5,1.E-07));
#4541 = CARTESIAN_POINT('',(1.61,-0.7,1.E-07));
#4542 = ORIENTED_EDGE('',*,*,#4543,.F.);
#4543 = EDGE_CURVE('',#2104,#4537,#4544,.T.);
#4544 = B_SPLINE_CURVE_WITH_KNOTS('',1,(#4545,#4546),.UNSPECIFIED.,.F.,
  .F.,(2,2),(0.19,0.2),.PIECEWISE_BEZIER_KNOTS.);
#4545 = CARTESIAN_POINT('',(1.61,-0.7,1.00001E-02));
#4546 = CARTESIAN_POINT('',(1.61,-0.7,1.E-07));
#4547 = B_SPLINE_SURFACE_WITH_KNOTS('',1,1,(
    (#4548,#4549)
    ,(#4550,#4551
    )),.UNSPECIFIED.,.F.,.F.,.F.,(2,2),(2,2),(-0.2,0.),(-0.2,-0.19),
  .PIECEWISE_BEZIER_KNOTS.);
#4548 = CARTESIAN_POINT('',(1.61,-0.7,1.E-07));
#4549 = CARTESIAN_POINT('',(1.61,-0.7,1.00001E-02));
#4550 = CARTESIAN_POINT('',(1.61,-0.5,1.E-07));
#4551 = CARTESIAN_POINT('',(1.61,-0.5,1.00001E-02));
#4552 = ADVANCED_FACE('',(#4553),#4571,.F.);
#4553 = FACE_BOUND('',#4554,.T.);
#4554 = EDGE_LOOP('',(#4555,#4556,#4557,#4564,#4569,#4570));
#4555 = ORIENTED_EDGE('',*,*,#2110,.F.);
#4556 = ORIENTED_EDGE('',*,*,#4543,.T.);
#4557 = ORIENTED_EDGE('',*,*,#4558,.T.);
#4558 = EDGE_CURVE('',#4537,#4559,#4561,.T.);
#4559 = VERTEX_POINT('',#4560);
#4560 = CARTESIAN_POINT('',(2.01,-0.7,1.E-07));
#4561 = B_SPLINE_CURVE_WITH_KNOTS('',1,(#4562,#4563),.UNSPECIFIED.,.F.,
  .F.,(2,2),(0.,0.4),.PIECEWISE_BEZIER_KNOTS.);
#4562 = CARTESIAN_POINT('',(1.61,-0.7,1.E-07));
#4563 = CARTESIAN_POINT('',(2.01,-0.7,1.E-07));
#4564 = ORIENTED_EDGE('',*,*,#4565,.F.);
#4565 = EDGE_CURVE('',#4485,#4559,#4566,.T.);
#4566 = B_SPLINE_CURVE_WITH_KNOTS('',1,(#4567,#4568),.UNSPECIFIED.,.F.,
  .F.,(2,2),(-0.,0.2),.PIECEWISE_BEZIER_KNOTS.);
#4567 = CARTESIAN_POINT('',(2.01,-0.7,0.2000001));
#4568 = CARTESIAN_POINT('',(2.01,-0.7,1.E-07));
#4569 = ORIENTED_EDGE('',*,*,#4484,.F.);
#4570 = ORIENTED_EDGE('',*,*,#2829,.T.);
#4571 = B_SPLINE_SURFACE_WITH_KNOTS('',1,1,(
    (#4572,#4573)
    ,(#4574,#4575
    )),.UNSPECIFIED.,.F.,.F.,.F.,(2,2),(2,2),(-0.4,0.),(-0.2,0.),
  .PIECEWISE_BEZIER_KNOTS.);
#4572 = CARTESIAN_POINT('',(2.01,-0.7,1.E-07));
#4573 = CARTESIAN_POINT('',(2.01,-0.7,0.2000001));
#4574 = CARTESIAN_POINT('',(1.61,-0.7,1.E-07));
#4575 = CARTESIAN_POINT('',(1.61,-0.7,0.2000001));
#4576 = ADVANCED_FACE('',(#4577),#4587,.F.);
#4577 = FACE_BOUND('',#4578,.T.);
#4578 = EDGE_LOOP('',(#4579,#4584,#4585,#4586));
#4579 = ORIENTED_EDGE('',*,*,#4580,.T.);
#4580 = EDGE_CURVE('',#4559,#4508,#4581,.T.);
#4581 = B_SPLINE_CURVE_WITH_KNOTS('',1,(#4582,#4583),.UNSPECIFIED.,.F.,
  .F.,(2,2),(-0.2,0.),.PIECEWISE_BEZIER_KNOTS.);
#4582 = CARTESIAN_POINT('',(2.01,-0.7,1.E-07));
#4583 = CARTESIAN_POINT('',(2.01,-0.5,1.E-07));
#4584 = ORIENTED_EDGE('',*,*,#4507,.F.);
#4585 = ORIENTED_EDGE('',*,*,#4491,.F.);
#4586 = ORIENTED_EDGE('',*,*,#4565,.T.);
#4587 = B_SPLINE_SURFACE_WITH_KNOTS('',1,1,(
    (#4588,#4589)
    ,(#4590,#4591
    )),.UNSPECIFIED.,.F.,.F.,.F.,(2,2),(2,2),(0.,0.2),(-0.2,0.),
  .PIECEWISE_BEZIER_KNOTS.);
#4588 = CARTESIAN_POINT('',(2.01,-0.5,1.E-07));
#4589 = CARTESIAN_POINT('',(2.01,-0.5,0.2000001));
#4590 = CARTESIAN_POINT('',(2.01,-0.7,1.E-07));
#4591 = CARTESIAN_POINT('',(2.01,-0.7,0.2000001));
#4592 = ADVANCED_FACE('',(#4593),#4599,.T.);
#4593 = FACE_BOUND('',#4594,.T.);
#4594 = EDGE_LOOP('',(#4595,#4596,#4597,#4598));
#4595 = ORIENTED_EDGE('',*,*,#4514,.F.);
#4596 = ORIENTED_EDGE('',*,*,#4580,.F.);
#4597 = ORIENTED_EDGE('',*,*,#4558,.F.);
#4598 = ORIENTED_EDGE('',*,*,#4536,.F.);
#4599 = B_SPLINE_SURFACE_WITH_KNOTS('',1,1,(
    (#4600,#4601)
    ,(#4602,#4603
    )),.UNSPECIFIED.,.F.,.F.,.F.,(2,2),(2,2),(1.3,1.5),(-2.01,-1.61),
  .PIECEWISE_BEZIER_KNOTS.);
#4600 = CARTESIAN_POINT('',(2.01,-0.5,1.E-07));
#4601 = CARTESIAN_POINT('',(1.61,-0.5,1.E-07));
#4602 = CARTESIAN_POINT('',(2.01,-0.7,1.E-07));
#4603 = CARTESIAN_POINT('',(1.61,-0.7,1.E-07));
#4604 = ADVANCED_FACE('',(#4605),#4627,.F.);
#4605 = FACE_BOUND('',#4606,.T.);
#4606 = EDGE_LOOP('',(#4607,#4614,#4615,#4622));
#4607 = ORIENTED_EDGE('',*,*,#4608,.T.);
#4608 = EDGE_CURVE('',#4609,#2857,#4611,.T.);
#4609 = VERTEX_POINT('',#4610);
#4610 = CARTESIAN_POINT('',(2.01,-9.999999999999E-02,0.2000001));
#4611 = B_SPLINE_CURVE_WITH_KNOTS('',1,(#4612,#4613),.UNSPECIFIED.,.F.,
  .F.,(2,2),(-0.4,-0.39),.PIECEWISE_BEZIER_KNOTS.);
#4612 = CARTESIAN_POINT('',(2.01,-9.999999999999E-02,0.2000001));
#4613 = CARTESIAN_POINT('',(2.,-9.999999999999E-02,0.2000001));
#4614 = ORIENTED_EDGE('',*,*,#2856,.T.);
#4615 = ORIENTED_EDGE('',*,*,#4616,.T.);
#4616 = EDGE_CURVE('',#2850,#4617,#4619,.T.);
#4617 = VERTEX_POINT('',#4618);
#4618 = CARTESIAN_POINT('',(2.01,-0.3,0.2000001));
#4619 = B_SPLINE_CURVE_WITH_KNOTS('',1,(#4620,#4621),.UNSPECIFIED.,.F.,
  .F.,(2,2),(0.39,0.4),.PIECEWISE_BEZIER_KNOTS.);
#4620 = CARTESIAN_POINT('',(2.,-0.3,0.2000001));
#4621 = CARTESIAN_POINT('',(2.01,-0.3,0.2000001));
#4622 = ORIENTED_EDGE('',*,*,#4623,.T.);
#4623 = EDGE_CURVE('',#4617,#4609,#4624,.T.);
#4624 = B_SPLINE_CURVE_WITH_KNOTS('',1,(#4625,#4626),.UNSPECIFIED.,.F.,
  .F.,(2,2),(-0.2,0.),.PIECEWISE_BEZIER_KNOTS.);
#4625 = CARTESIAN_POINT('',(2.01,-0.3,0.2000001));
#4626 = CARTESIAN_POINT('',(2.01,-9.999999999999E-02,0.2000001));
#4627 = B_SPLINE_SURFACE_WITH_KNOTS('',1,1,(
    (#4628,#4629)
    ,(#4630,#4631
    )),.UNSPECIFIED.,.F.,.F.,.F.,(2,2),(2,2),(1.3,1.5),(-2.01,-2.),
  .PIECEWISE_BEZIER_KNOTS.);
#4628 = CARTESIAN_POINT('',(2.01,-9.999999999999E-02,0.2000001));
#4629 = CARTESIAN_POINT('',(2.,-9.999999999999E-02,0.2000001));
#4630 = CARTESIAN_POINT('',(2.01,-0.3,0.2000001));
#4631 = CARTESIAN_POINT('',(2.,-0.3,0.2000001));
#4632 = ADVANCED_FACE('',(#4633),#4657,.F.);
#4633 = FACE_BOUND('',#4634,.T.);
#4634 = EDGE_LOOP('',(#4635,#4636,#4637,#4638,#4645,#4652));
#4635 = ORIENTED_EDGE('',*,*,#2068,.F.);
#4636 = ORIENTED_EDGE('',*,*,#2863,.T.);
#4637 = ORIENTED_EDGE('',*,*,#4608,.F.);
#4638 = ORIENTED_EDGE('',*,*,#4639,.T.);
#4639 = EDGE_CURVE('',#4609,#4640,#4642,.T.);
#4640 = VERTEX_POINT('',#4641);
#4641 = CARTESIAN_POINT('',(2.01,-9.999999999999E-02,1.E-07));
#4642 = B_SPLINE_CURVE_WITH_KNOTS('',1,(#4643,#4644),.UNSPECIFIED.,.F.,
  .F.,(2,2),(-0.,0.2),.PIECEWISE_BEZIER_KNOTS.);
#4643 = CARTESIAN_POINT('',(2.01,-9.999999999999E-02,0.2000001));
#4644 = CARTESIAN_POINT('',(2.01,-9.999999999999E-02,1.E-07));
#4645 = ORIENTED_EDGE('',*,*,#4646,.T.);
#4646 = EDGE_CURVE('',#4640,#4647,#4649,.T.);
#4647 = VERTEX_POINT('',#4648);
#4648 = CARTESIAN_POINT('',(1.61,-9.999999999999E-02,1.E-07));
#4649 = B_SPLINE_CURVE_WITH_KNOTS('',1,(#4650,#4651),.UNSPECIFIED.,.F.,
  .F.,(2,2),(-0.4,0.),.PIECEWISE_BEZIER_KNOTS.);
#4650 = CARTESIAN_POINT('',(2.01,-9.999999999999E-02,1.E-07));
#4651 = CARTESIAN_POINT('',(1.61,-9.999999999999E-02,1.E-07));
#4652 = ORIENTED_EDGE('',*,*,#4653,.F.);
#4653 = EDGE_CURVE('',#2069,#4647,#4654,.T.);
#4654 = B_SPLINE_CURVE_WITH_KNOTS('',1,(#4655,#4656),.UNSPECIFIED.,.F.,
  .F.,(2,2),(0.19,0.2),.PIECEWISE_BEZIER_KNOTS.);
#4655 = CARTESIAN_POINT('',(1.61,-9.999999999999E-02,1.00001E-02));
#4656 = CARTESIAN_POINT('',(1.61,-9.999999999999E-02,1.E-07));
#4657 = B_SPLINE_SURFACE_WITH_KNOTS('',1,1,(
    (#4658,#4659)
    ,(#4660,#4661
    )),.UNSPECIFIED.,.F.,.F.,.F.,(2,2),(2,2),(0.,0.4),(-0.2,0.),
  .PIECEWISE_BEZIER_KNOTS.);
#4658 = CARTESIAN_POINT('',(1.61,-9.999999999999E-02,1.E-07));
#4659 = CARTESIAN_POINT('',(1.61,-9.999999999999E-02,0.2000001));
#4660 = CARTESIAN_POINT('',(2.01,-9.999999999999E-02,1.E-07));
#4661 = CARTESIAN_POINT('',(2.01,-9.999999999999E-02,0.2000001));
#4662 = ADVANCED_FACE('',(#4663),#4679,.F.);
#4663 = FACE_BOUND('',#4664,.T.);
#4664 = EDGE_LOOP('',(#4665,#4666,#4667,#4674));
#4665 = ORIENTED_EDGE('',*,*,#2075,.F.);
#4666 = ORIENTED_EDGE('',*,*,#4653,.T.);
#4667 = ORIENTED_EDGE('',*,*,#4668,.T.);
#4668 = EDGE_CURVE('',#4647,#4669,#4671,.T.);
#4669 = VERTEX_POINT('',#4670);
#4670 = CARTESIAN_POINT('',(1.61,-0.3,1.E-07));
#4671 = B_SPLINE_CURVE_WITH_KNOTS('',1,(#4672,#4673),.UNSPECIFIED.,.F.,
  .F.,(2,2),(0.,0.2),.PIECEWISE_BEZIER_KNOTS.);
#4672 = CARTESIAN_POINT('',(1.61,-9.999999999999E-02,1.E-07));
#4673 = CARTESIAN_POINT('',(1.61,-0.3,1.E-07));
#4674 = ORIENTED_EDGE('',*,*,#4675,.F.);
#4675 = EDGE_CURVE('',#2076,#4669,#4676,.T.);
#4676 = B_SPLINE_CURVE_WITH_KNOTS('',1,(#4677,#4678),.UNSPECIFIED.,.F.,
  .F.,(2,2),(0.19,0.2),.PIECEWISE_BEZIER_KNOTS.);
#4677 = CARTESIAN_POINT('',(1.61,-0.3,1.00001E-02));
#4678 = CARTESIAN_POINT('',(1.61,-0.3,1.E-07));
#4679 = B_SPLINE_SURFACE_WITH_KNOTS('',1,1,(
    (#4680,#4681)
    ,(#4682,#4683
    )),.UNSPECIFIED.,.F.,.F.,.F.,(2,2),(2,2),(-0.2,0.),(-0.2,-0.19),
  .PIECEWISE_BEZIER_KNOTS.);
#4680 = CARTESIAN_POINT('',(1.61,-0.3,1.E-07));
#4681 = CARTESIAN_POINT('',(1.61,-0.3,1.00001E-02));
#4682 = CARTESIAN_POINT('',(1.61,-9.999999999999E-02,1.E-07));
#4683 = CARTESIAN_POINT('',(1.61,-9.999999999999E-02,1.00001E-02));
#4684 = ADVANCED_FACE('',(#4685),#4703,.F.);
#4685 = FACE_BOUND('',#4686,.T.);
#4686 = EDGE_LOOP('',(#4687,#4688,#4689,#4696,#4701,#4702));
#4687 = ORIENTED_EDGE('',*,*,#2082,.F.);
#4688 = ORIENTED_EDGE('',*,*,#4675,.T.);
#4689 = ORIENTED_EDGE('',*,*,#4690,.T.);
#4690 = EDGE_CURVE('',#4669,#4691,#4693,.T.);
#4691 = VERTEX_POINT('',#4692);
#4692 = CARTESIAN_POINT('',(2.01,-0.3,1.E-07));
#4693 = B_SPLINE_CURVE_WITH_KNOTS('',1,(#4694,#4695),.UNSPECIFIED.,.F.,
  .F.,(2,2),(0.,0.4),.PIECEWISE_BEZIER_KNOTS.);
#4694 = CARTESIAN_POINT('',(1.61,-0.3,1.E-07));
#4695 = CARTESIAN_POINT('',(2.01,-0.3,1.E-07));
#4696 = ORIENTED_EDGE('',*,*,#4697,.F.);
#4697 = EDGE_CURVE('',#4617,#4691,#4698,.T.);
#4698 = B_SPLINE_CURVE_WITH_KNOTS('',1,(#4699,#4700),.UNSPECIFIED.,.F.,
  .F.,(2,2),(-0.,0.2),.PIECEWISE_BEZIER_KNOTS.);
#4699 = CARTESIAN_POINT('',(2.01,-0.3,0.2000001));
#4700 = CARTESIAN_POINT('',(2.01,-0.3,1.E-07));
#4701 = ORIENTED_EDGE('',*,*,#4616,.F.);
#4702 = ORIENTED_EDGE('',*,*,#2849,.T.);
#4703 = B_SPLINE_SURFACE_WITH_KNOTS('',1,1,(
    (#4704,#4705)
    ,(#4706,#4707
    )),.UNSPECIFIED.,.F.,.F.,.F.,(2,2),(2,2),(-0.4,0.),(-0.2,0.),
  .PIECEWISE_BEZIER_KNOTS.);
#4704 = CARTESIAN_POINT('',(2.01,-0.3,1.E-07));
#4705 = CARTESIAN_POINT('',(2.01,-0.3,0.2000001));
#4706 = CARTESIAN_POINT('',(1.61,-0.3,1.E-07));
#4707 = CARTESIAN_POINT('',(1.61,-0.3,0.2000001));
#4708 = ADVANCED_FACE('',(#4709),#4719,.F.);
#4709 = FACE_BOUND('',#4710,.T.);
#4710 = EDGE_LOOP('',(#4711,#4716,#4717,#4718));
#4711 = ORIENTED_EDGE('',*,*,#4712,.T.);
#4712 = EDGE_CURVE('',#4691,#4640,#4713,.T.);
#4713 = B_SPLINE_CURVE_WITH_KNOTS('',1,(#4714,#4715),.UNSPECIFIED.,.F.,
  .F.,(2,2),(-0.2,0.),.PIECEWISE_BEZIER_KNOTS.);
#4714 = CARTESIAN_POINT('',(2.01,-0.3,1.E-07));
#4715 = CARTESIAN_POINT('',(2.01,-9.999999999999E-02,1.E-07));
#4716 = ORIENTED_EDGE('',*,*,#4639,.F.);
#4717 = ORIENTED_EDGE('',*,*,#4623,.F.);
#4718 = ORIENTED_EDGE('',*,*,#4697,.T.);
#4719 = B_SPLINE_SURFACE_WITH_KNOTS('',1,1,(
    (#4720,#4721)
    ,(#4722,#4723
    )),.UNSPECIFIED.,.F.,.F.,.F.,(2,2),(2,2),(0.,0.2),(-0.2,0.),
  .PIECEWISE_BEZIER_KNOTS.);
#4720 = CARTESIAN_POINT('',(2.01,-9.999999999999E-02,1.E-07));
#4721 = CARTESIAN_POINT('',(2.01,-9.999999999999E-02,0.2000001));
#4722 = CARTESIAN_POINT('',(2.01,-0.3,1.E-07));
#4723 = CARTESIAN_POINT('',(2.01,-0.3,0.2000001));
#4724 = ADVANCED_FACE('',(#4725),#4731,.T.);
#4725 = FACE_BOUND('',#4726,.T.);
#4726 = EDGE_LOOP('',(#4727,#4728,#4729,#4730));
#4727 = ORIENTED_EDGE('',*,*,#4646,.F.);
#4728 = ORIENTED_EDGE('',*,*,#4712,.F.);
#4729 = ORIENTED_EDGE('',*,*,#4690,.F.);
#4730 = ORIENTED_EDGE('',*,*,#4668,.F.);
#4731 = B_SPLINE_SURFACE_WITH_KNOTS('',1,1,(
    (#4732,#4733)
    ,(#4734,#4735
    )),.UNSPECIFIED.,.F.,.F.,.F.,(2,2),(2,2),(1.3,1.5),(-2.01,-1.61),
  .PIECEWISE_BEZIER_KNOTS.);
#4732 = CARTESIAN_POINT('',(2.01,-9.999999999999E-02,1.E-07));
#4733 = CARTESIAN_POINT('',(1.61,-9.999999999999E-02,1.E-07));
#4734 = CARTESIAN_POINT('',(2.01,-0.3,1.E-07));
#4735 = CARTESIAN_POINT('',(1.61,-0.3,1.E-07));
#4736 = ADVANCED_FACE('',(#4737),#4759,.F.);
#4737 = FACE_BOUND('',#4738,.T.);
#4738 = EDGE_LOOP('',(#4739,#4746,#4747,#4754));
#4739 = ORIENTED_EDGE('',*,*,#4740,.T.);
#4740 = EDGE_CURVE('',#4741,#2877,#4743,.T.);
#4741 = VERTEX_POINT('',#4742);
#4742 = CARTESIAN_POINT('',(2.01,0.3,0.2000001));
#4743 = B_SPLINE_CURVE_WITH_KNOTS('',1,(#4744,#4745),.UNSPECIFIED.,.F.,
  .F.,(2,2),(-0.4,-0.39),.PIECEWISE_BEZIER_KNOTS.);
#4744 = CARTESIAN_POINT('',(2.01,0.3,0.2000001));
#4745 = CARTESIAN_POINT('',(2.,0.3,0.2000001));
#4746 = ORIENTED_EDGE('',*,*,#2876,.T.);
#4747 = ORIENTED_EDGE('',*,*,#4748,.T.);
#4748 = EDGE_CURVE('',#2870,#4749,#4751,.T.);
#4749 = VERTEX_POINT('',#4750);
#4750 = CARTESIAN_POINT('',(2.01,0.1,0.2000001));
#4751 = B_SPLINE_CURVE_WITH_KNOTS('',1,(#4752,#4753),.UNSPECIFIED.,.F.,
  .F.,(2,2),(0.39,0.4),.PIECEWISE_BEZIER_KNOTS.);
#4752 = CARTESIAN_POINT('',(2.,0.1,0.2000001));
#4753 = CARTESIAN_POINT('',(2.01,0.1,0.2000001));
#4754 = ORIENTED_EDGE('',*,*,#4755,.T.);
#4755 = EDGE_CURVE('',#4749,#4741,#4756,.T.);
#4756 = B_SPLINE_CURVE_WITH_KNOTS('',1,(#4757,#4758),.UNSPECIFIED.,.F.,
  .F.,(2,2),(-0.2,0.),.PIECEWISE_BEZIER_KNOTS.);
#4757 = CARTESIAN_POINT('',(2.01,0.1,0.2000001));
#4758 = CARTESIAN_POINT('',(2.01,0.3,0.2000001));
#4759 = B_SPLINE_SURFACE_WITH_KNOTS('',1,1,(
    (#4760,#4761)
    ,(#4762,#4763
    )),.UNSPECIFIED.,.F.,.F.,.F.,(2,2),(2,2),(1.3,1.5),(-2.01,-2.),
  .PIECEWISE_BEZIER_KNOTS.);
#4760 = CARTESIAN_POINT('',(2.01,0.3,0.2000001));
#4761 = CARTESIAN_POINT('',(2.,0.3,0.2000001));
#4762 = CARTESIAN_POINT('',(2.01,0.1,0.2000001));
#4763 = CARTESIAN_POINT('',(2.,0.1,0.2000001));
#4764 = ADVANCED_FACE('',(#4765),#4789,.F.);
#4765 = FACE_BOUND('',#4766,.T.);
#4766 = EDGE_LOOP('',(#4767,#4768,#4769,#4770,#4777,#4784));
#4767 = ORIENTED_EDGE('',*,*,#2040,.F.);
#4768 = ORIENTED_EDGE('',*,*,#2883,.T.);
#4769 = ORIENTED_EDGE('',*,*,#4740,.F.);
#4770 = ORIENTED_EDGE('',*,*,#4771,.T.);
#4771 = EDGE_CURVE('',#4741,#4772,#4774,.T.);
#4772 = VERTEX_POINT('',#4773);
#4773 = CARTESIAN_POINT('',(2.01,0.3,1.E-07));
#4774 = B_SPLINE_CURVE_WITH_KNOTS('',1,(#4775,#4776),.UNSPECIFIED.,.F.,
  .F.,(2,2),(-0.,0.2),.PIECEWISE_BEZIER_KNOTS.);
#4775 = CARTESIAN_POINT('',(2.01,0.3,0.2000001));
#4776 = CARTESIAN_POINT('',(2.01,0.3,1.E-07));
#4777 = ORIENTED_EDGE('',*,*,#4778,.T.);
#4778 = EDGE_CURVE('',#4772,#4779,#4781,.T.);
#4779 = VERTEX_POINT('',#4780);
#4780 = CARTESIAN_POINT('',(1.61,0.3,1.E-07));
#4781 = B_SPLINE_CURVE_WITH_KNOTS('',1,(#4782,#4783),.UNSPECIFIED.,.F.,
  .F.,(2,2),(-0.4,0.),.PIECEWISE_BEZIER_KNOTS.);
#4782 = CARTESIAN_POINT('',(2.01,0.3,1.E-07));
#4783 = CARTESIAN_POINT('',(1.61,0.3,1.E-07));
#4784 = ORIENTED_EDGE('',*,*,#4785,.F.);
#4785 = EDGE_CURVE('',#2041,#4779,#4786,.T.);
#4786 = B_SPLINE_CURVE_WITH_KNOTS('',1,(#4787,#4788),.UNSPECIFIED.,.F.,
  .F.,(2,2),(0.19,0.2),.PIECEWISE_BEZIER_KNOTS.);
#4787 = CARTESIAN_POINT('',(1.61,0.3,1.00001E-02));
#4788 = CARTESIAN_POINT('',(1.61,0.3,1.E-07));
#4789 = B_SPLINE_SURFACE_WITH_KNOTS('',1,1,(
    (#4790,#4791)
    ,(#4792,#4793
    )),.UNSPECIFIED.,.F.,.F.,.F.,(2,2),(2,2),(0.,0.4),(-0.2,0.),
  .PIECEWISE_BEZIER_KNOTS.);
#4790 = CARTESIAN_POINT('',(1.61,0.3,1.E-07));
#4791 = CARTESIAN_POINT('',(1.61,0.3,0.2000001));
#4792 = CARTESIAN_POINT('',(2.01,0.3,1.E-07));
#4793 = CARTESIAN_POINT('',(2.01,0.3,0.2000001));
#4794 = ADVANCED_FACE('',(#4795),#4811,.F.);
#4795 = FACE_BOUND('',#4796,.T.);
#4796 = EDGE_LOOP('',(#4797,#4798,#4799,#4806));
#4797 = ORIENTED_EDGE('',*,*,#2047,.F.);
#4798 = ORIENTED_EDGE('',*,*,#4785,.T.);
#4799 = ORIENTED_EDGE('',*,*,#4800,.T.);
#4800 = EDGE_CURVE('',#4779,#4801,#4803,.T.);
#4801 = VERTEX_POINT('',#4802);
#4802 = CARTESIAN_POINT('',(1.61,0.1,1.E-07));
#4803 = B_SPLINE_CURVE_WITH_KNOTS('',1,(#4804,#4805),.UNSPECIFIED.,.F.,
  .F.,(2,2),(0.,0.2),.PIECEWISE_BEZIER_KNOTS.);
#4804 = CARTESIAN_POINT('',(1.61,0.3,1.E-07));
#4805 = CARTESIAN_POINT('',(1.61,0.1,1.E-07));
#4806 = ORIENTED_EDGE('',*,*,#4807,.F.);
#4807 = EDGE_CURVE('',#2048,#4801,#4808,.T.);
#4808 = B_SPLINE_CURVE_WITH_KNOTS('',1,(#4809,#4810),.UNSPECIFIED.,.F.,
  .F.,(2,2),(0.19,0.2),.PIECEWISE_BEZIER_KNOTS.);
#4809 = CARTESIAN_POINT('',(1.61,0.1,1.00001E-02));
#4810 = CARTESIAN_POINT('',(1.61,0.1,1.E-07));
#4811 = B_SPLINE_SURFACE_WITH_KNOTS('',1,1,(
    (#4812,#4813)
    ,(#4814,#4815
    )),.UNSPECIFIED.,.F.,.F.,.F.,(2,2),(2,2),(-0.2,0.),(-0.2,-0.19),
  .PIECEWISE_BEZIER_KNOTS.);
#4812 = CARTESIAN_POINT('',(1.61,0.1,1.E-07));
#4813 = CARTESIAN_POINT('',(1.61,0.1,1.00001E-02));
#4814 = CARTESIAN_POINT('',(1.61,0.3,1.E-07));
#4815 = CARTESIAN_POINT('',(1.61,0.3,1.00001E-02));
#4816 = ADVANCED_FACE('',(#4817),#4835,.F.);
#4817 = FACE_BOUND('',#4818,.T.);
#4818 = EDGE_LOOP('',(#4819,#4820,#4821,#4828,#4833,#4834));
#4819 = ORIENTED_EDGE('',*,*,#2054,.F.);
#4820 = ORIENTED_EDGE('',*,*,#4807,.T.);
#4821 = ORIENTED_EDGE('',*,*,#4822,.T.);
#4822 = EDGE_CURVE('',#4801,#4823,#4825,.T.);
#4823 = VERTEX_POINT('',#4824);
#4824 = CARTESIAN_POINT('',(2.01,0.1,1.E-07));
#4825 = B_SPLINE_CURVE_WITH_KNOTS('',1,(#4826,#4827),.UNSPECIFIED.,.F.,
  .F.,(2,2),(0.,0.4),.PIECEWISE_BEZIER_KNOTS.);
#4826 = CARTESIAN_POINT('',(1.61,0.1,1.E-07));
#4827 = CARTESIAN_POINT('',(2.01,0.1,1.E-07));
#4828 = ORIENTED_EDGE('',*,*,#4829,.F.);
#4829 = EDGE_CURVE('',#4749,#4823,#4830,.T.);
#4830 = B_SPLINE_CURVE_WITH_KNOTS('',1,(#4831,#4832),.UNSPECIFIED.,.F.,
  .F.,(2,2),(-0.,0.2),.PIECEWISE_BEZIER_KNOTS.);
#4831 = CARTESIAN_POINT('',(2.01,0.1,0.2000001));
#4832 = CARTESIAN_POINT('',(2.01,0.1,1.E-07));
#4833 = ORIENTED_EDGE('',*,*,#4748,.F.);
#4834 = ORIENTED_EDGE('',*,*,#2869,.T.);
#4835 = B_SPLINE_SURFACE_WITH_KNOTS('',1,1,(
    (#4836,#4837)
    ,(#4838,#4839
    )),.UNSPECIFIED.,.F.,.F.,.F.,(2,2),(2,2),(-0.4,0.),(-0.2,0.),
  .PIECEWISE_BEZIER_KNOTS.);
#4836 = CARTESIAN_POINT('',(2.01,0.1,1.E-07));
#4837 = CARTESIAN_POINT('',(2.01,0.1,0.2000001));
#4838 = CARTESIAN_POINT('',(1.61,0.1,1.E-07));
#4839 = CARTESIAN_POINT('',(1.61,0.1,0.2000001));
#4840 = ADVANCED_FACE('',(#4841),#4851,.F.);
#4841 = FACE_BOUND('',#4842,.T.);
#4842 = EDGE_LOOP('',(#4843,#4848,#4849,#4850));
#4843 = ORIENTED_EDGE('',*,*,#4844,.T.);
#4844 = EDGE_CURVE('',#4823,#4772,#4845,.T.);
#4845 = B_SPLINE_CURVE_WITH_KNOTS('',1,(#4846,#4847),.UNSPECIFIED.,.F.,
  .F.,(2,2),(-0.2,0.),.PIECEWISE_BEZIER_KNOTS.);
#4846 = CARTESIAN_POINT('',(2.01,0.1,1.E-07));
#4847 = CARTESIAN_POINT('',(2.01,0.3,1.E-07));
#4848 = ORIENTED_EDGE('',*,*,#4771,.F.);
#4849 = ORIENTED_EDGE('',*,*,#4755,.F.);
#4850 = ORIENTED_EDGE('',*,*,#4829,.T.);
#4851 = B_SPLINE_SURFACE_WITH_KNOTS('',1,1,(
    (#4852,#4853)
    ,(#4854,#4855
    )),.UNSPECIFIED.,.F.,.F.,.F.,(2,2),(2,2),(0.,0.2),(-0.2,0.),
  .PIECEWISE_BEZIER_KNOTS.);
#4852 = CARTESIAN_POINT('',(2.01,0.3,1.E-07));
#4853 = CARTESIAN_POINT('',(2.01,0.3,0.2000001));
#4854 = CARTESIAN_POINT('',(2.01,0.1,1.E-07));
#4855 = CARTESIAN_POINT('',(2.01,0.1,0.2000001));
#4856 = ADVANCED_FACE('',(#4857),#4863,.T.);
#4857 = FACE_BOUND('',#4858,.T.);
#4858 = EDGE_LOOP('',(#4859,#4860,#4861,#4862));
#4859 = ORIENTED_EDGE('',*,*,#4778,.F.);
#4860 = ORIENTED_EDGE('',*,*,#4844,.F.);
#4861 = ORIENTED_EDGE('',*,*,#4822,.F.);
#4862 = ORIENTED_EDGE('',*,*,#4800,.F.);
#4863 = B_SPLINE_SURFACE_WITH_KNOTS('',1,1,(
    (#4864,#4865)
    ,(#4866,#4867
    )),.UNSPECIFIED.,.F.,.F.,.F.,(2,2),(2,2),(1.3,1.5),(-2.01,-1.61),
  .PIECEWISE_BEZIER_KNOTS.);
#4864 = CARTESIAN_POINT('',(2.01,0.3,1.E-07));
#4865 = CARTESIAN_POINT('',(1.61,0.3,1.E-07));
#4866 = CARTESIAN_POINT('',(2.01,0.1,1.E-07));
#4867 = CARTESIAN_POINT('',(1.61,0.1,1.E-07));
#4868 = ADVANCED_FACE('',(#4869),#4891,.F.);
#4869 = FACE_BOUND('',#4870,.T.);
#4870 = EDGE_LOOP('',(#4871,#4878,#4879,#4886));
#4871 = ORIENTED_EDGE('',*,*,#4872,.T.);
#4872 = EDGE_CURVE('',#4873,#2897,#4875,.T.);
#4873 = VERTEX_POINT('',#4874);
#4874 = CARTESIAN_POINT('',(2.01,0.7,0.2000001));
#4875 = B_SPLINE_CURVE_WITH_KNOTS('',1,(#4876,#4877),.UNSPECIFIED.,.F.,
  .F.,(2,2),(-0.4,-0.39),.PIECEWISE_BEZIER_KNOTS.);
#4876 = CARTESIAN_POINT('',(2.01,0.7,0.2000001));
#4877 = CARTESIAN_POINT('',(2.,0.7,0.2000001));
#4878 = ORIENTED_EDGE('',*,*,#2896,.T.);
#4879 = ORIENTED_EDGE('',*,*,#4880,.T.);
#4880 = EDGE_CURVE('',#2890,#4881,#4883,.T.);
#4881 = VERTEX_POINT('',#4882);
#4882 = CARTESIAN_POINT('',(2.01,0.5,0.2000001));
#4883 = B_SPLINE_CURVE_WITH_KNOTS('',1,(#4884,#4885),.UNSPECIFIED.,.F.,
  .F.,(2,2),(0.39,0.4),.PIECEWISE_BEZIER_KNOTS.);
#4884 = CARTESIAN_POINT('',(2.,0.5,0.2000001));
#4885 = CARTESIAN_POINT('',(2.01,0.5,0.2000001));
#4886 = ORIENTED_EDGE('',*,*,#4887,.T.);
#4887 = EDGE_CURVE('',#4881,#4873,#4888,.T.);
#4888 = B_SPLINE_CURVE_WITH_KNOTS('',1,(#4889,#4890),.UNSPECIFIED.,.F.,
  .F.,(2,2),(-0.2,0.),.PIECEWISE_BEZIER_KNOTS.);
#4889 = CARTESIAN_POINT('',(2.01,0.5,0.2000001));
#4890 = CARTESIAN_POINT('',(2.01,0.7,0.2000001));
#4891 = B_SPLINE_SURFACE_WITH_KNOTS('',1,1,(
    (#4892,#4893)
    ,(#4894,#4895
    )),.UNSPECIFIED.,.F.,.F.,.F.,(2,2),(2,2),(1.3,1.5),(-2.01,-2.),
  .PIECEWISE_BEZIER_KNOTS.);
#4892 = CARTESIAN_POINT('',(2.01,0.7,0.2000001));
#4893 = CARTESIAN_POINT('',(2.,0.7,0.2000001));
#4894 = CARTESIAN_POINT('',(2.01,0.5,0.2000001));
#4895 = CARTESIAN_POINT('',(2.,0.5,0.2000001));
#4896 = ADVANCED_FACE('',(#4897),#4921,.F.);
#4897 = FACE_BOUND('',#4898,.T.);
#4898 = EDGE_LOOP('',(#4899,#4900,#4901,#4902,#4909,#4916));
#4899 = ORIENTED_EDGE('',*,*,#2012,.F.);
#4900 = ORIENTED_EDGE('',*,*,#2903,.T.);
#4901 = ORIENTED_EDGE('',*,*,#4872,.F.);
#4902 = ORIENTED_EDGE('',*,*,#4903,.T.);
#4903 = EDGE_CURVE('',#4873,#4904,#4906,.T.);
#4904 = VERTEX_POINT('',#4905);
#4905 = CARTESIAN_POINT('',(2.01,0.7,1.E-07));
#4906 = B_SPLINE_CURVE_WITH_KNOTS('',1,(#4907,#4908),.UNSPECIFIED.,.F.,
  .F.,(2,2),(-0.,0.2),.PIECEWISE_BEZIER_KNOTS.);
#4907 = CARTESIAN_POINT('',(2.01,0.7,0.2000001));
#4908 = CARTESIAN_POINT('',(2.01,0.7,1.E-07));
#4909 = ORIENTED_EDGE('',*,*,#4910,.T.);
#4910 = EDGE_CURVE('',#4904,#4911,#4913,.T.);
#4911 = VERTEX_POINT('',#4912);
#4912 = CARTESIAN_POINT('',(1.61,0.7,1.E-07));
#4913 = B_SPLINE_CURVE_WITH_KNOTS('',1,(#4914,#4915),.UNSPECIFIED.,.F.,
  .F.,(2,2),(-0.4,0.),.PIECEWISE_BEZIER_KNOTS.);
#4914 = CARTESIAN_POINT('',(2.01,0.7,1.E-07));
#4915 = CARTESIAN_POINT('',(1.61,0.7,1.E-07));
#4916 = ORIENTED_EDGE('',*,*,#4917,.F.);
#4917 = EDGE_CURVE('',#2013,#4911,#4918,.T.);
#4918 = B_SPLINE_CURVE_WITH_KNOTS('',1,(#4919,#4920),.UNSPECIFIED.,.F.,
  .F.,(2,2),(0.19,0.2),.PIECEWISE_BEZIER_KNOTS.);
#4919 = CARTESIAN_POINT('',(1.61,0.7,1.00001E-02));
#4920 = CARTESIAN_POINT('',(1.61,0.7,1.E-07));
#4921 = B_SPLINE_SURFACE_WITH_KNOTS('',1,1,(
    (#4922,#4923)
    ,(#4924,#4925
    )),.UNSPECIFIED.,.F.,.F.,.F.,(2,2),(2,2),(0.,0.4),(-0.2,0.),
  .PIECEWISE_BEZIER_KNOTS.);
#4922 = CARTESIAN_POINT('',(1.61,0.7,1.E-07));
#4923 = CARTESIAN_POINT('',(1.61,0.7,0.2000001));
#4924 = CARTESIAN_POINT('',(2.01,0.7,1.E-07));
#4925 = CARTESIAN_POINT('',(2.01,0.7,0.2000001));
#4926 = ADVANCED_FACE('',(#4927),#4943,.F.);
#4927 = FACE_BOUND('',#4928,.T.);
#4928 = EDGE_LOOP('',(#4929,#4930,#4931,#4938));
#4929 = ORIENTED_EDGE('',*,*,#2019,.F.);
#4930 = ORIENTED_EDGE('',*,*,#4917,.T.);
#4931 = ORIENTED_EDGE('',*,*,#4932,.T.);
#4932 = EDGE_CURVE('',#4911,#4933,#4935,.T.);
#4933 = VERTEX_POINT('',#4934);
#4934 = CARTESIAN_POINT('',(1.61,0.5,1.E-07));
#4935 = B_SPLINE_CURVE_WITH_KNOTS('',1,(#4936,#4937),.UNSPECIFIED.,.F.,
  .F.,(2,2),(0.,0.2),.PIECEWISE_BEZIER_KNOTS.);
#4936 = CARTESIAN_POINT('',(1.61,0.7,1.E-07));
#4937 = CARTESIAN_POINT('',(1.61,0.5,1.E-07));
#4938 = ORIENTED_EDGE('',*,*,#4939,.F.);
#4939 = EDGE_CURVE('',#2020,#4933,#4940,.T.);
#4940 = B_SPLINE_CURVE_WITH_KNOTS('',1,(#4941,#4942),.UNSPECIFIED.,.F.,
  .F.,(2,2),(0.19,0.2),.PIECEWISE_BEZIER_KNOTS.);
#4941 = CARTESIAN_POINT('',(1.61,0.5,1.00001E-02));
#4942 = CARTESIAN_POINT('',(1.61,0.5,1.E-07));
#4943 = B_SPLINE_SURFACE_WITH_KNOTS('',1,1,(
    (#4944,#4945)
    ,(#4946,#4947
    )),.UNSPECIFIED.,.F.,.F.,.F.,(2,2),(2,2),(-0.2,0.),(-0.2,-0.19),
  .PIECEWISE_BEZIER_KNOTS.);
#4944 = CARTESIAN_POINT('',(1.61,0.5,1.E-07));
#4945 = CARTESIAN_POINT('',(1.61,0.5,1.00001E-02));
#4946 = CARTESIAN_POINT('',(1.61,0.7,1.E-07));
#4947 = CARTESIAN_POINT('',(1.61,0.7,1.00001E-02));
#4948 = ADVANCED_FACE('',(#4949),#4967,.F.);
#4949 = FACE_BOUND('',#4950,.T.);
#4950 = EDGE_LOOP('',(#4951,#4952,#4953,#4960,#4965,#4966));
#4951 = ORIENTED_EDGE('',*,*,#2026,.F.);
#4952 = ORIENTED_EDGE('',*,*,#4939,.T.);
#4953 = ORIENTED_EDGE('',*,*,#4954,.T.);
#4954 = EDGE_CURVE('',#4933,#4955,#4957,.T.);
#4955 = VERTEX_POINT('',#4956);
#4956 = CARTESIAN_POINT('',(2.01,0.5,1.E-07));
#4957 = B_SPLINE_CURVE_WITH_KNOTS('',1,(#4958,#4959),.UNSPECIFIED.,.F.,
  .F.,(2,2),(0.,0.4),.PIECEWISE_BEZIER_KNOTS.);
#4958 = CARTESIAN_POINT('',(1.61,0.5,1.E-07));
#4959 = CARTESIAN_POINT('',(2.01,0.5,1.E-07));
#4960 = ORIENTED_EDGE('',*,*,#4961,.F.);
#4961 = EDGE_CURVE('',#4881,#4955,#4962,.T.);
#4962 = B_SPLINE_CURVE_WITH_KNOTS('',1,(#4963,#4964),.UNSPECIFIED.,.F.,
  .F.,(2,2),(-0.,0.2),.PIECEWISE_BEZIER_KNOTS.);
#4963 = CARTESIAN_POINT('',(2.01,0.5,0.2000001));
#4964 = CARTESIAN_POINT('',(2.01,0.5,1.E-07));
#4965 = ORIENTED_EDGE('',*,*,#4880,.F.);
#4966 = ORIENTED_EDGE('',*,*,#2889,.T.);
#4967 = B_SPLINE_SURFACE_WITH_KNOTS('',1,1,(
    (#4968,#4969)
    ,(#4970,#4971
    )),.UNSPECIFIED.,.F.,.F.,.F.,(2,2),(2,2),(-0.4,0.),(-0.2,0.),
  .PIECEWISE_BEZIER_KNOTS.);
#4968 = CARTESIAN_POINT('',(2.01,0.5,1.E-07));
#4969 = CARTESIAN_POINT('',(2.01,0.5,0.2000001));
#4970 = CARTESIAN_POINT('',(1.61,0.5,1.E-07));
#4971 = CARTESIAN_POINT('',(1.61,0.5,0.2000001));
#4972 = ADVANCED_FACE('',(#4973),#4983,.F.);
#4973 = FACE_BOUND('',#4974,.T.);
#4974 = EDGE_LOOP('',(#4975,#4980,#4981,#4982));
#4975 = ORIENTED_EDGE('',*,*,#4976,.T.);
#4976 = EDGE_CURVE('',#4955,#4904,#4977,.T.);
#4977 = B_SPLINE_CURVE_WITH_KNOTS('',1,(#4978,#4979),.UNSPECIFIED.,.F.,
  .F.,(2,2),(-0.2,0.),.PIECEWISE_BEZIER_KNOTS.);
#4978 = CARTESIAN_POINT('',(2.01,0.5,1.E-07));
#4979 = CARTESIAN_POINT('',(2.01,0.7,1.E-07));
#4980 = ORIENTED_EDGE('',*,*,#4903,.F.);
#4981 = ORIENTED_EDGE('',*,*,#4887,.F.);
#4982 = ORIENTED_EDGE('',*,*,#4961,.T.);
#4983 = B_SPLINE_SURFACE_WITH_KNOTS('',1,1,(
    (#4984,#4985)
    ,(#4986,#4987
    )),.UNSPECIFIED.,.F.,.F.,.F.,(2,2),(2,2),(0.,0.2),(-0.2,0.),
  .PIECEWISE_BEZIER_KNOTS.);
#4984 = CARTESIAN_POINT('',(2.01,0.7,1.E-07));
#4985 = CARTESIAN_POINT('',(2.01,0.7,0.2000001));
#4986 = CARTESIAN_POINT('',(2.01,0.5,1.E-07));
#4987 = CARTESIAN_POINT('',(2.01,0.5,0.2000001));
#4988 = ADVANCED_FACE('',(#4989),#4995,.T.);
#4989 = FACE_BOUND('',#4990,.T.);
#4990 = EDGE_LOOP('',(#4991,#4992,#4993,#4994));
#4991 = ORIENTED_EDGE('',*,*,#4910,.F.);
#4992 = ORIENTED_EDGE('',*,*,#4976,.F.);
#4993 = ORIENTED_EDGE('',*,*,#4954,.F.);
#4994 = ORIENTED_EDGE('',*,*,#4932,.F.);
#4995 = B_SPLINE_SURFACE_WITH_KNOTS('',1,1,(
    (#4996,#4997)
    ,(#4998,#4999
    )),.UNSPECIFIED.,.F.,.F.,.F.,(2,2),(2,2),(1.3,1.5),(-2.01,-1.61),
  .PIECEWISE_BEZIER_KNOTS.);
#4996 = CARTESIAN_POINT('',(2.01,0.7,1.E-07));
#4997 = CARTESIAN_POINT('',(1.61,0.7,1.E-07));
#4998 = CARTESIAN_POINT('',(2.01,0.5,1.E-07));
#4999 = CARTESIAN_POINT('',(1.61,0.5,1.E-07));
#5000 = ADVANCED_FACE('',(#5001),#5023,.F.);
#5001 = FACE_BOUND('',#5002,.T.);
#5002 = EDGE_LOOP('',(#5003,#5010,#5011,#5018));
#5003 = ORIENTED_EDGE('',*,*,#5004,.T.);
#5004 = EDGE_CURVE('',#5005,#2917,#5007,.T.);
#5005 = VERTEX_POINT('',#5006);
#5006 = CARTESIAN_POINT('',(2.01,1.1,0.2000001));
#5007 = B_SPLINE_CURVE_WITH_KNOTS('',1,(#5008,#5009),.UNSPECIFIED.,.F.,
  .F.,(2,2),(-0.4,-0.39),.PIECEWISE_BEZIER_KNOTS.);
#5008 = CARTESIAN_POINT('',(2.01,1.1,0.2000001));
#5009 = CARTESIAN_POINT('',(2.,1.1,0.2000001));
#5010 = ORIENTED_EDGE('',*,*,#2916,.T.);
#5011 = ORIENTED_EDGE('',*,*,#5012,.T.);
#5012 = EDGE_CURVE('',#2910,#5013,#5015,.T.);
#5013 = VERTEX_POINT('',#5014);
#5014 = CARTESIAN_POINT('',(2.01,0.9,0.2000001));
#5015 = B_SPLINE_CURVE_WITH_KNOTS('',1,(#5016,#5017),.UNSPECIFIED.,.F.,
  .F.,(2,2),(0.39,0.4),.PIECEWISE_BEZIER_KNOTS.);
#5016 = CARTESIAN_POINT('',(2.,0.9,0.2000001));
#5017 = CARTESIAN_POINT('',(2.01,0.9,0.2000001));
#5018 = ORIENTED_EDGE('',*,*,#5019,.T.);
#5019 = EDGE_CURVE('',#5013,#5005,#5020,.T.);
#5020 = B_SPLINE_CURVE_WITH_KNOTS('',1,(#5021,#5022),.UNSPECIFIED.,.F.,
  .F.,(2,2),(-0.2,0.),.PIECEWISE_BEZIER_KNOTS.);
#5021 = CARTESIAN_POINT('',(2.01,0.9,0.2000001));
#5022 = CARTESIAN_POINT('',(2.01,1.1,0.2000001));
#5023 = B_SPLINE_SURFACE_WITH_KNOTS('',1,1,(
    (#5024,#5025)
    ,(#5026,#5027
    )),.UNSPECIFIED.,.F.,.F.,.F.,(2,2),(2,2),(1.3,1.5),(-2.01,-2.),
  .PIECEWISE_BEZIER_KNOTS.);
#5024 = CARTESIAN_POINT('',(2.01,1.1,0.2000001));
#5025 = CARTESIAN_POINT('',(2.,1.1,0.2000001));
#5026 = CARTESIAN_POINT('',(2.01,0.9,0.2000001));
#5027 = CARTESIAN_POINT('',(2.,0.9,0.2000001));
#5028 = ADVANCED_FACE('',(#5029),#5053,.F.);
#5029 = FACE_BOUND('',#5030,.T.);
#5030 = EDGE_LOOP('',(#5031,#5032,#5033,#5034,#5041,#5048));
#5031 = ORIENTED_EDGE('',*,*,#1984,.F.);
#5032 = ORIENTED_EDGE('',*,*,#2923,.T.);
#5033 = ORIENTED_EDGE('',*,*,#5004,.F.);
#5034 = ORIENTED_EDGE('',*,*,#5035,.T.);
#5035 = EDGE_CURVE('',#5005,#5036,#5038,.T.);
#5036 = VERTEX_POINT('',#5037);
#5037 = CARTESIAN_POINT('',(2.01,1.1,1.E-07));
#5038 = B_SPLINE_CURVE_WITH_KNOTS('',1,(#5039,#5040),.UNSPECIFIED.,.F.,
  .F.,(2,2),(-0.,0.2),.PIECEWISE_BEZIER_KNOTS.);
#5039 = CARTESIAN_POINT('',(2.01,1.1,0.2000001));
#5040 = CARTESIAN_POINT('',(2.01,1.1,1.E-07));
#5041 = ORIENTED_EDGE('',*,*,#5042,.T.);
#5042 = EDGE_CURVE('',#5036,#5043,#5045,.T.);
#5043 = VERTEX_POINT('',#5044);
#5044 = CARTESIAN_POINT('',(1.61,1.1,1.E-07));
#5045 = B_SPLINE_CURVE_WITH_KNOTS('',1,(#5046,#5047),.UNSPECIFIED.,.F.,
  .F.,(2,2),(-0.4,0.),.PIECEWISE_BEZIER_KNOTS.);
#5046 = CARTESIAN_POINT('',(2.01,1.1,1.E-07));
#5047 = CARTESIAN_POINT('',(1.61,1.1,1.E-07));
#5048 = ORIENTED_EDGE('',*,*,#5049,.F.);
#5049 = EDGE_CURVE('',#1985,#5043,#5050,.T.);
#5050 = B_SPLINE_CURVE_WITH_KNOTS('',1,(#5051,#5052),.UNSPECIFIED.,.F.,
  .F.,(2,2),(0.19,0.2),.PIECEWISE_BEZIER_KNOTS.);
#5051 = CARTESIAN_POINT('',(1.61,1.1,1.00001E-02));
#5052 = CARTESIAN_POINT('',(1.61,1.1,1.E-07));
#5053 = B_SPLINE_SURFACE_WITH_KNOTS('',1,1,(
    (#5054,#5055)
    ,(#5056,#5057
    )),.UNSPECIFIED.,.F.,.F.,.F.,(2,2),(2,2),(0.,0.4),(-0.2,0.),
  .PIECEWISE_BEZIER_KNOTS.);
#5054 = CARTESIAN_POINT('',(1.61,1.1,1.E-07));
#5055 = CARTESIAN_POINT('',(1.61,1.1,0.2000001));
#5056 = CARTESIAN_POINT('',(2.01,1.1,1.E-07));
#5057 = CARTESIAN_POINT('',(2.01,1.1,0.2000001));
#5058 = ADVANCED_FACE('',(#5059),#5075,.F.);
#5059 = FACE_BOUND('',#5060,.T.);
#5060 = EDGE_LOOP('',(#5061,#5062,#5063,#5070));
#5061 = ORIENTED_EDGE('',*,*,#1991,.F.);
#5062 = ORIENTED_EDGE('',*,*,#5049,.T.);
#5063 = ORIENTED_EDGE('',*,*,#5064,.T.);
#5064 = EDGE_CURVE('',#5043,#5065,#5067,.T.);
#5065 = VERTEX_POINT('',#5066);
#5066 = CARTESIAN_POINT('',(1.61,0.9,1.E-07));
#5067 = B_SPLINE_CURVE_WITH_KNOTS('',1,(#5068,#5069),.UNSPECIFIED.,.F.,
  .F.,(2,2),(0.,0.2),.PIECEWISE_BEZIER_KNOTS.);
#5068 = CARTESIAN_POINT('',(1.61,1.1,1.E-07));
#5069 = CARTESIAN_POINT('',(1.61,0.9,1.E-07));
#5070 = ORIENTED_EDGE('',*,*,#5071,.F.);
#5071 = EDGE_CURVE('',#1992,#5065,#5072,.T.);
#5072 = B_SPLINE_CURVE_WITH_KNOTS('',1,(#5073,#5074),.UNSPECIFIED.,.F.,
  .F.,(2,2),(0.19,0.2),.PIECEWISE_BEZIER_KNOTS.);
#5073 = CARTESIAN_POINT('',(1.61,0.9,1.00001E-02));
#5074 = CARTESIAN_POINT('',(1.61,0.9,1.E-07));
#5075 = B_SPLINE_SURFACE_WITH_KNOTS('',1,1,(
    (#5076,#5077)
    ,(#5078,#5079
    )),.UNSPECIFIED.,.F.,.F.,.F.,(2,2),(2,2),(-0.2,0.),(-0.2,-0.19),
  .PIECEWISE_BEZIER_KNOTS.);
#5076 = CARTESIAN_POINT('',(1.61,0.9,1.E-07));
#5077 = CARTESIAN_POINT('',(1.61,0.9,1.00001E-02));
#5078 = CARTESIAN_POINT('',(1.61,1.1,1.E-07));
#5079 = CARTESIAN_POINT('',(1.61,1.1,1.00001E-02));
#5080 = ADVANCED_FACE('',(#5081),#5099,.F.);
#5081 = FACE_BOUND('',#5082,.T.);
#5082 = EDGE_LOOP('',(#5083,#5084,#5085,#5092,#5097,#5098));
#5083 = ORIENTED_EDGE('',*,*,#1998,.F.);
#5084 = ORIENTED_EDGE('',*,*,#5071,.T.);
#5085 = ORIENTED_EDGE('',*,*,#5086,.T.);
#5086 = EDGE_CURVE('',#5065,#5087,#5089,.T.);
#5087 = VERTEX_POINT('',#5088);
#5088 = CARTESIAN_POINT('',(2.01,0.9,1.E-07));
#5089 = B_SPLINE_CURVE_WITH_KNOTS('',1,(#5090,#5091),.UNSPECIFIED.,.F.,
  .F.,(2,2),(0.,0.4),.PIECEWISE_BEZIER_KNOTS.);
#5090 = CARTESIAN_POINT('',(1.61,0.9,1.E-07));
#5091 = CARTESIAN_POINT('',(2.01,0.9,1.E-07));
#5092 = ORIENTED_EDGE('',*,*,#5093,.F.);
#5093 = EDGE_CURVE('',#5013,#5087,#5094,.T.);
#5094 = B_SPLINE_CURVE_WITH_KNOTS('',1,(#5095,#5096),.UNSPECIFIED.,.F.,
  .F.,(2,2),(-0.,0.2),.PIECEWISE_BEZIER_KNOTS.);
#5095 = CARTESIAN_POINT('',(2.01,0.9,0.2000001));
#5096 = CARTESIAN_POINT('',(2.01,0.9,1.E-07));
#5097 = ORIENTED_EDGE('',*,*,#5012,.F.);
#5098 = ORIENTED_EDGE('',*,*,#2909,.T.);
#5099 = B_SPLINE_SURFACE_WITH_KNOTS('',1,1,(
    (#5100,#5101)
    ,(#5102,#5103
    )),.UNSPECIFIED.,.F.,.F.,.F.,(2,2),(2,2),(-0.4,0.),(-0.2,0.),
  .PIECEWISE_BEZIER_KNOTS.);
#5100 = CARTESIAN_POINT('',(2.01,0.9,1.E-07));
#5101 = CARTESIAN_POINT('',(2.01,0.9,0.2000001));
#5102 = CARTESIAN_POINT('',(1.61,0.9,1.E-07));
#5103 = CARTESIAN_POINT('',(1.61,0.9,0.2000001));
#5104 = ADVANCED_FACE('',(#5105),#5115,.F.);
#5105 = FACE_BOUND('',#5106,.T.);
#5106 = EDGE_LOOP('',(#5107,#5112,#5113,#5114));
#5107 = ORIENTED_EDGE('',*,*,#5108,.T.);
#5108 = EDGE_CURVE('',#5087,#5036,#5109,.T.);
#5109 = B_SPLINE_CURVE_WITH_KNOTS('',1,(#5110,#5111),.UNSPECIFIED.,.F.,
  .F.,(2,2),(-0.2,0.),.PIECEWISE_BEZIER_KNOTS.);
#5110 = CARTESIAN_POINT('',(2.01,0.9,1.E-07));
#5111 = CARTESIAN_POINT('',(2.01,1.1,1.E-07));
#5112 = ORIENTED_EDGE('',*,*,#5035,.F.);
#5113 = ORIENTED_EDGE('',*,*,#5019,.F.);
#5114 = ORIENTED_EDGE('',*,*,#5093,.T.);
#5115 = B_SPLINE_SURFACE_WITH_KNOTS('',1,1,(
    (#5116,#5117)
    ,(#5118,#5119
    )),.UNSPECIFIED.,.F.,.F.,.F.,(2,2),(2,2),(0.,0.2),(-0.2,0.),
  .PIECEWISE_BEZIER_KNOTS.);
#5116 = CARTESIAN_POINT('',(2.01,1.1,1.E-07));
#5117 = CARTESIAN_POINT('',(2.01,1.1,0.2000001));
#5118 = CARTESIAN_POINT('',(2.01,0.9,1.E-07));
#5119 = CARTESIAN_POINT('',(2.01,0.9,0.2000001));
#5120 = ADVANCED_FACE('',(#5121),#5127,.T.);
#5121 = FACE_BOUND('',#5122,.T.);
#5122 = EDGE_LOOP('',(#5123,#5124,#5125,#5126));
#5123 = ORIENTED_EDGE('',*,*,#5042,.F.);
#5124 = ORIENTED_EDGE('',*,*,#5108,.F.);
#5125 = ORIENTED_EDGE('',*,*,#5086,.F.);
#5126 = ORIENTED_EDGE('',*,*,#5064,.F.);
#5127 = B_SPLINE_SURFACE_WITH_KNOTS('',1,1,(
    (#5128,#5129)
    ,(#5130,#5131
    )),.UNSPECIFIED.,.F.,.F.,.F.,(2,2),(2,2),(1.3,1.5),(-2.01,-1.61),
  .PIECEWISE_BEZIER_KNOTS.);
#5128 = CARTESIAN_POINT('',(2.01,1.1,1.E-07));
#5129 = CARTESIAN_POINT('',(1.61,1.1,1.E-07));
#5130 = CARTESIAN_POINT('',(2.01,0.9,1.E-07));
#5131 = CARTESIAN_POINT('',(1.61,0.9,1.E-07));
#5132 = ADVANCED_FACE('',(#5133),#5155,.F.);
#5133 = FACE_BOUND('',#5134,.T.);
#5134 = EDGE_LOOP('',(#5135,#5142,#5143,#5150));
#5135 = ORIENTED_EDGE('',*,*,#5136,.T.);
#5136 = EDGE_CURVE('',#5137,#2774,#5139,.T.);
#5137 = VERTEX_POINT('',#5138);
#5138 = CARTESIAN_POINT('',(2.01,1.5,0.2000001));
#5139 = B_SPLINE_CURVE_WITH_KNOTS('',1,(#5140,#5141),.UNSPECIFIED.,.F.,
  .F.,(2,2),(-0.4,-0.39),.PIECEWISE_BEZIER_KNOTS.);
#5140 = CARTESIAN_POINT('',(2.01,1.5,0.2000001));
#5141 = CARTESIAN_POINT('',(2.,1.5,0.2000001));
#5142 = ORIENTED_EDGE('',*,*,#2936,.T.);
#5143 = ORIENTED_EDGE('',*,*,#5144,.T.);
#5144 = EDGE_CURVE('',#2930,#5145,#5147,.T.);
#5145 = VERTEX_POINT('',#5146);
#5146 = CARTESIAN_POINT('',(2.01,1.3,0.2000001));
#5147 = B_SPLINE_CURVE_WITH_KNOTS('',1,(#5148,#5149),.UNSPECIFIED.,.F.,
  .F.,(2,2),(0.39,0.4),.PIECEWISE_BEZIER_KNOTS.);
#5148 = CARTESIAN_POINT('',(2.,1.3,0.2000001));
#5149 = CARTESIAN_POINT('',(2.01,1.3,0.2000001));
#5150 = ORIENTED_EDGE('',*,*,#5151,.T.);
#5151 = EDGE_CURVE('',#5145,#5137,#5152,.T.);
#5152 = B_SPLINE_CURVE_WITH_KNOTS('',1,(#5153,#5154),.UNSPECIFIED.,.F.,
  .F.,(2,2),(-0.2,0.),.PIECEWISE_BEZIER_KNOTS.);
#5153 = CARTESIAN_POINT('',(2.01,1.3,0.2000001));
#5154 = CARTESIAN_POINT('',(2.01,1.5,0.2000001));
#5155 = B_SPLINE_SURFACE_WITH_KNOTS('',1,1,(
    (#5156,#5157)
    ,(#5158,#5159
    )),.UNSPECIFIED.,.F.,.F.,.F.,(2,2),(2,2),(1.3,1.5),(-2.01,-2.),
  .PIECEWISE_BEZIER_KNOTS.);
#5156 = CARTESIAN_POINT('',(2.01,1.5,0.2000001));
#5157 = CARTESIAN_POINT('',(2.,1.5,0.2000001));
#5158 = CARTESIAN_POINT('',(2.01,1.3,0.2000001));
#5159 = CARTESIAN_POINT('',(2.,1.3,0.2000001));
#5160 = ADVANCED_FACE('',(#5161),#5185,.F.);
#5161 = FACE_BOUND('',#5162,.T.);
#5162 = EDGE_LOOP('',(#5163,#5164,#5165,#5166,#5173,#5180));
#5163 = ORIENTED_EDGE('',*,*,#1956,.F.);
#5164 = ORIENTED_EDGE('',*,*,#2773,.T.);
#5165 = ORIENTED_EDGE('',*,*,#5136,.F.);
#5166 = ORIENTED_EDGE('',*,*,#5167,.T.);
#5167 = EDGE_CURVE('',#5137,#5168,#5170,.T.);
#5168 = VERTEX_POINT('',#5169);
#5169 = CARTESIAN_POINT('',(2.01,1.5,1.E-07));
#5170 = B_SPLINE_CURVE_WITH_KNOTS('',1,(#5171,#5172),.UNSPECIFIED.,.F.,
  .F.,(2,2),(-0.,0.2),.PIECEWISE_BEZIER_KNOTS.);
#5171 = CARTESIAN_POINT('',(2.01,1.5,0.2000001));
#5172 = CARTESIAN_POINT('',(2.01,1.5,1.E-07));
#5173 = ORIENTED_EDGE('',*,*,#5174,.T.);
#5174 = EDGE_CURVE('',#5168,#5175,#5177,.T.);
#5175 = VERTEX_POINT('',#5176);
#5176 = CARTESIAN_POINT('',(1.61,1.5,1.E-07));
#5177 = B_SPLINE_CURVE_WITH_KNOTS('',1,(#5178,#5179),.UNSPECIFIED.,.F.,
  .F.,(2,2),(-0.4,0.),.PIECEWISE_BEZIER_KNOTS.);
#5178 = CARTESIAN_POINT('',(2.01,1.5,1.E-07));
#5179 = CARTESIAN_POINT('',(1.61,1.5,1.E-07));
#5180 = ORIENTED_EDGE('',*,*,#5181,.F.);
#5181 = EDGE_CURVE('',#1957,#5175,#5182,.T.);
#5182 = B_SPLINE_CURVE_WITH_KNOTS('',1,(#5183,#5184),.UNSPECIFIED.,.F.,
  .F.,(2,2),(0.19,0.2),.PIECEWISE_BEZIER_KNOTS.);
#5183 = CARTESIAN_POINT('',(1.61,1.5,1.00001E-02));
#5184 = CARTESIAN_POINT('',(1.61,1.5,1.E-07));
#5185 = B_SPLINE_SURFACE_WITH_KNOTS('',1,1,(
    (#5186,#5187)
    ,(#5188,#5189
    )),.UNSPECIFIED.,.F.,.F.,.F.,(2,2),(2,2),(0.,0.4),(-0.2,0.),
  .PIECEWISE_BEZIER_KNOTS.);
#5186 = CARTESIAN_POINT('',(1.61,1.5,1.E-07));
#5187 = CARTESIAN_POINT('',(1.61,1.5,0.2000001));
#5188 = CARTESIAN_POINT('',(2.01,1.5,1.E-07));
#5189 = CARTESIAN_POINT('',(2.01,1.5,0.2000001));
#5190 = ADVANCED_FACE('',(#5191),#5207,.F.);
#5191 = FACE_BOUND('',#5192,.T.);
#5192 = EDGE_LOOP('',(#5193,#5194,#5195,#5202));
#5193 = ORIENTED_EDGE('',*,*,#1963,.F.);
#5194 = ORIENTED_EDGE('',*,*,#5181,.T.);
#5195 = ORIENTED_EDGE('',*,*,#5196,.T.);
#5196 = EDGE_CURVE('',#5175,#5197,#5199,.T.);
#5197 = VERTEX_POINT('',#5198);
#5198 = CARTESIAN_POINT('',(1.61,1.3,1.E-07));
#5199 = B_SPLINE_CURVE_WITH_KNOTS('',1,(#5200,#5201),.UNSPECIFIED.,.F.,
  .F.,(2,2),(0.,0.2),.PIECEWISE_BEZIER_KNOTS.);
#5200 = CARTESIAN_POINT('',(1.61,1.5,1.E-07));
#5201 = CARTESIAN_POINT('',(1.61,1.3,1.E-07));
#5202 = ORIENTED_EDGE('',*,*,#5203,.F.);
#5203 = EDGE_CURVE('',#1964,#5197,#5204,.T.);
#5204 = B_SPLINE_CURVE_WITH_KNOTS('',1,(#5205,#5206),.UNSPECIFIED.,.F.,
  .F.,(2,2),(0.19,0.2),.PIECEWISE_BEZIER_KNOTS.);
#5205 = CARTESIAN_POINT('',(1.61,1.3,1.00001E-02));
#5206 = CARTESIAN_POINT('',(1.61,1.3,1.E-07));
#5207 = B_SPLINE_SURFACE_WITH_KNOTS('',1,1,(
    (#5208,#5209)
    ,(#5210,#5211
    )),.UNSPECIFIED.,.F.,.F.,.F.,(2,2),(2,2),(-0.2,0.),(-0.2,-0.19),
  .PIECEWISE_BEZIER_KNOTS.);
#5208 = CARTESIAN_POINT('',(1.61,1.3,1.E-07));
#5209 = CARTESIAN_POINT('',(1.61,1.3,1.00001E-02));
#5210 = CARTESIAN_POINT('',(1.61,1.5,1.E-07));
#5211 = CARTESIAN_POINT('',(1.61,1.5,1.00001E-02));
#5212 = ADVANCED_FACE('',(#5213),#5231,.F.);
#5213 = FACE_BOUND('',#5214,.T.);
#5214 = EDGE_LOOP('',(#5215,#5216,#5217,#5224,#5229,#5230));
#5215 = ORIENTED_EDGE('',*,*,#1970,.F.);
#5216 = ORIENTED_EDGE('',*,*,#5203,.T.);
#5217 = ORIENTED_EDGE('',*,*,#5218,.T.);
#5218 = EDGE_CURVE('',#5197,#5219,#5221,.T.);
#5219 = VERTEX_POINT('',#5220);
#5220 = CARTESIAN_POINT('',(2.01,1.3,1.E-07));
#5221 = B_SPLINE_CURVE_WITH_KNOTS('',1,(#5222,#5223),.UNSPECIFIED.,.F.,
  .F.,(2,2),(0.,0.4),.PIECEWISE_BEZIER_KNOTS.);
#5222 = CARTESIAN_POINT('',(1.61,1.3,1.E-07));
#5223 = CARTESIAN_POINT('',(2.01,1.3,1.E-07));
#5224 = ORIENTED_EDGE('',*,*,#5225,.F.);
#5225 = EDGE_CURVE('',#5145,#5219,#5226,.T.);
#5226 = B_SPLINE_CURVE_WITH_KNOTS('',1,(#5227,#5228),.UNSPECIFIED.,.F.,
  .F.,(2,2),(-0.,0.2),.PIECEWISE_BEZIER_KNOTS.);
#5227 = CARTESIAN_POINT('',(2.01,1.3,0.2000001));
#5228 = CARTESIAN_POINT('',(2.01,1.3,1.E-07));
#5229 = ORIENTED_EDGE('',*,*,#5144,.F.);
#5230 = ORIENTED_EDGE('',*,*,#2929,.T.);
#5231 = B_SPLINE_SURFACE_WITH_KNOTS('',1,1,(
    (#5232,#5233)
    ,(#5234,#5235
    )),.UNSPECIFIED.,.F.,.F.,.F.,(2,2),(2,2),(-0.4,0.),(-0.2,0.),
  .PIECEWISE_BEZIER_KNOTS.);
#5232 = CARTESIAN_POINT('',(2.01,1.3,1.E-07));
#5233 = CARTESIAN_POINT('',(2.01,1.3,0.2000001));
#5234 = CARTESIAN_POINT('',(1.61,1.3,1.E-07));
#5235 = CARTESIAN_POINT('',(1.61,1.3,0.2000001));
#5236 = ADVANCED_FACE('',(#5237),#5247,.F.);
#5237 = FACE_BOUND('',#5238,.T.);
#5238 = EDGE_LOOP('',(#5239,#5244,#5245,#5246));
#5239 = ORIENTED_EDGE('',*,*,#5240,.T.);
#5240 = EDGE_CURVE('',#5219,#5168,#5241,.T.);
#5241 = B_SPLINE_CURVE_WITH_KNOTS('',1,(#5242,#5243),.UNSPECIFIED.,.F.,
  .F.,(2,2),(-0.2,0.),.PIECEWISE_BEZIER_KNOTS.);
#5242 = CARTESIAN_POINT('',(2.01,1.3,1.E-07));
#5243 = CARTESIAN_POINT('',(2.01,1.5,1.E-07));
#5244 = ORIENTED_EDGE('',*,*,#5167,.F.);
#5245 = ORIENTED_EDGE('',*,*,#5151,.F.);
#5246 = ORIENTED_EDGE('',*,*,#5225,.T.);
#5247 = B_SPLINE_SURFACE_WITH_KNOTS('',1,1,(
    (#5248,#5249)
    ,(#5250,#5251
    )),.UNSPECIFIED.,.F.,.F.,.F.,(2,2),(2,2),(0.,0.2),(-0.2,0.),
  .PIECEWISE_BEZIER_KNOTS.);
#5248 = CARTESIAN_POINT('',(2.01,1.5,1.E-07));
#5249 = CARTESIAN_POINT('',(2.01,1.5,0.2000001));
#5250 = CARTESIAN_POINT('',(2.01,1.3,1.E-07));
#5251 = CARTESIAN_POINT('',(2.01,1.3,0.2000001));
#5252 = ADVANCED_FACE('',(#5253),#5259,.T.);
#5253 = FACE_BOUND('',#5254,.T.);
#5254 = EDGE_LOOP('',(#5255,#5256,#5257,#5258));
#5255 = ORIENTED_EDGE('',*,*,#5174,.F.);
#5256 = ORIENTED_EDGE('',*,*,#5240,.F.);
#5257 = ORIENTED_EDGE('',*,*,#5218,.F.);
#5258 = ORIENTED_EDGE('',*,*,#5196,.F.);
#5259 = B_SPLINE_SURFACE_WITH_KNOTS('',1,1,(
    (#5260,#5261)
    ,(#5262,#5263
    )),.UNSPECIFIED.,.F.,.F.,.F.,(2,2),(2,2),(1.3,1.5),(-2.01,-1.61),
  .PIECEWISE_BEZIER_KNOTS.);
#5260 = CARTESIAN_POINT('',(2.01,1.5,1.E-07));
#5261 = CARTESIAN_POINT('',(1.61,1.5,1.E-07));
#5262 = CARTESIAN_POINT('',(2.01,1.3,1.E-07));
#5263 = CARTESIAN_POINT('',(1.61,1.3,1.E-07));
#5264 = ADVANCED_FACE('',(#5265),#5287,.F.);
#5265 = FACE_BOUND('',#5266,.T.);
#5266 = EDGE_LOOP('',(#5267,#5274,#5275,#5282));
#5267 = ORIENTED_EDGE('',*,*,#5268,.T.);
#5268 = EDGE_CURVE('',#5269,#2621,#5271,.T.);
#5269 = VERTEX_POINT('',#5270);
#5270 = CARTESIAN_POINT('',(1.3,2.01,0.2000001));
#5271 = B_SPLINE_CURVE_WITH_KNOTS('',1,(#5272,#5273),.UNSPECIFIED.,.F.,
  .F.,(2,2),(-0.4,-0.39),.PIECEWISE_BEZIER_KNOTS.);
#5272 = CARTESIAN_POINT('',(1.3,2.01,0.2000001));
#5273 = CARTESIAN_POINT('',(1.3,2.,0.2000001));
#5274 = ORIENTED_EDGE('',*,*,#2620,.T.);
#5275 = ORIENTED_EDGE('',*,*,#5276,.T.);
#5276 = EDGE_CURVE('',#2614,#5277,#5279,.T.);
#5277 = VERTEX_POINT('',#5278);
#5278 = CARTESIAN_POINT('',(1.5,2.01,0.2000001));
#5279 = B_SPLINE_CURVE_WITH_KNOTS('',1,(#5280,#5281),.UNSPECIFIED.,.F.,
  .F.,(2,2),(0.39,0.4),.PIECEWISE_BEZIER_KNOTS.);
#5280 = CARTESIAN_POINT('',(1.5,2.,0.2000001));
#5281 = CARTESIAN_POINT('',(1.5,2.01,0.2000001));
#5282 = ORIENTED_EDGE('',*,*,#5283,.T.);
#5283 = EDGE_CURVE('',#5277,#5269,#5284,.T.);
#5284 = B_SPLINE_CURVE_WITH_KNOTS('',1,(#5285,#5286),.UNSPECIFIED.,.F.,
  .F.,(2,2),(-0.2,0.),.PIECEWISE_BEZIER_KNOTS.);
#5285 = CARTESIAN_POINT('',(1.5,2.01,0.2000001));
#5286 = CARTESIAN_POINT('',(1.3,2.01,0.2000001));
#5287 = B_SPLINE_SURFACE_WITH_KNOTS('',1,1,(
    (#5288,#5289)
    ,(#5290,#5291
    )),.UNSPECIFIED.,.F.,.F.,.F.,(2,2),(2,2),(1.3,1.5),(-2.01,-2.),
  .PIECEWISE_BEZIER_KNOTS.);
#5288 = CARTESIAN_POINT('',(1.3,2.01,0.2000001));
#5289 = CARTESIAN_POINT('',(1.3,2.,0.2000001));
#5290 = CARTESIAN_POINT('',(1.5,2.01,0.2000001));
#5291 = CARTESIAN_POINT('',(1.5,2.,0.2000001));
#5292 = ADVANCED_FACE('',(#5293),#5317,.F.);
#5293 = FACE_BOUND('',#5294,.T.);
#5294 = EDGE_LOOP('',(#5295,#5296,#5297,#5298,#5305,#5312));
#5295 = ORIENTED_EDGE('',*,*,#1921,.F.);
#5296 = ORIENTED_EDGE('',*,*,#2627,.T.);
#5297 = ORIENTED_EDGE('',*,*,#5268,.F.);
#5298 = ORIENTED_EDGE('',*,*,#5299,.T.);
#5299 = EDGE_CURVE('',#5269,#5300,#5302,.T.);
#5300 = VERTEX_POINT('',#5301);
#5301 = CARTESIAN_POINT('',(1.3,2.01,1.E-07));
#5302 = B_SPLINE_CURVE_WITH_KNOTS('',1,(#5303,#5304),.UNSPECIFIED.,.F.,
  .F.,(2,2),(-0.,0.2),.PIECEWISE_BEZIER_KNOTS.);
#5303 = CARTESIAN_POINT('',(1.3,2.01,0.2000001));
#5304 = CARTESIAN_POINT('',(1.3,2.01,1.E-07));
#5305 = ORIENTED_EDGE('',*,*,#5306,.T.);
#5306 = EDGE_CURVE('',#5300,#5307,#5309,.T.);
#5307 = VERTEX_POINT('',#5308);
#5308 = CARTESIAN_POINT('',(1.3,1.61,1.E-07));
#5309 = B_SPLINE_CURVE_WITH_KNOTS('',1,(#5310,#5311),.UNSPECIFIED.,.F.,
  .F.,(2,2),(-0.4,0.),.PIECEWISE_BEZIER_KNOTS.);
#5310 = CARTESIAN_POINT('',(1.3,2.01,1.E-07));
#5311 = CARTESIAN_POINT('',(1.3,1.61,1.E-07));
#5312 = ORIENTED_EDGE('',*,*,#5313,.F.);
#5313 = EDGE_CURVE('',#1922,#5307,#5314,.T.);
#5314 = B_SPLINE_CURVE_WITH_KNOTS('',1,(#5315,#5316),.UNSPECIFIED.,.F.,
  .F.,(2,2),(0.19,0.2),.PIECEWISE_BEZIER_KNOTS.);
#5315 = CARTESIAN_POINT('',(1.3,1.61,1.00001E-02));
#5316 = CARTESIAN_POINT('',(1.3,1.61,1.E-07));
#5317 = B_SPLINE_SURFACE_WITH_KNOTS('',1,1,(
    (#5318,#5319)
    ,(#5320,#5321
    )),.UNSPECIFIED.,.F.,.F.,.F.,(2,2),(2,2),(0.,0.4),(-0.2,0.),
  .PIECEWISE_BEZIER_KNOTS.);
#5318 = CARTESIAN_POINT('',(1.3,1.61,1.E-07));
#5319 = CARTESIAN_POINT('',(1.3,1.61,0.2000001));
#5320 = CARTESIAN_POINT('',(1.3,2.01,1.E-07));
#5321 = CARTESIAN_POINT('',(1.3,2.01,0.2000001));
#5322 = ADVANCED_FACE('',(#5323),#5339,.F.);
#5323 = FACE_BOUND('',#5324,.T.);
#5324 = EDGE_LOOP('',(#5325,#5326,#5327,#5334));
#5325 = ORIENTED_EDGE('',*,*,#1928,.F.);
#5326 = ORIENTED_EDGE('',*,*,#5313,.T.);
#5327 = ORIENTED_EDGE('',*,*,#5328,.T.);
#5328 = EDGE_CURVE('',#5307,#5329,#5331,.T.);
#5329 = VERTEX_POINT('',#5330);
#5330 = CARTESIAN_POINT('',(1.5,1.61,1.E-07));
#5331 = B_SPLINE_CURVE_WITH_KNOTS('',1,(#5332,#5333),.UNSPECIFIED.,.F.,
  .F.,(2,2),(0.,0.2),.PIECEWISE_BEZIER_KNOTS.);
#5332 = CARTESIAN_POINT('',(1.3,1.61,1.E-07));
#5333 = CARTESIAN_POINT('',(1.5,1.61,1.E-07));
#5334 = ORIENTED_EDGE('',*,*,#5335,.F.);
#5335 = EDGE_CURVE('',#1929,#5329,#5336,.T.);
#5336 = B_SPLINE_CURVE_WITH_KNOTS('',1,(#5337,#5338),.UNSPECIFIED.,.F.,
  .F.,(2,2),(0.19,0.2),.PIECEWISE_BEZIER_KNOTS.);
#5337 = CARTESIAN_POINT('',(1.5,1.61,1.00001E-02));
#5338 = CARTESIAN_POINT('',(1.5,1.61,1.E-07));
#5339 = B_SPLINE_SURFACE_WITH_KNOTS('',1,1,(
    (#5340,#5341)
    ,(#5342,#5343
    )),.UNSPECIFIED.,.F.,.F.,.F.,(2,2),(2,2),(-0.2,0.),(-0.2,-0.19),
  .PIECEWISE_BEZIER_KNOTS.);
#5340 = CARTESIAN_POINT('',(1.5,1.61,1.E-07));
#5341 = CARTESIAN_POINT('',(1.5,1.61,1.00001E-02));
#5342 = CARTESIAN_POINT('',(1.3,1.61,1.E-07));
#5343 = CARTESIAN_POINT('',(1.3,1.61,1.00001E-02));
#5344 = ADVANCED_FACE('',(#5345),#5363,.F.);
#5345 = FACE_BOUND('',#5346,.T.);
#5346 = EDGE_LOOP('',(#5347,#5348,#5349,#5356,#5361,#5362));
#5347 = ORIENTED_EDGE('',*,*,#1935,.F.);
#5348 = ORIENTED_EDGE('',*,*,#5335,.T.);
#5349 = ORIENTED_EDGE('',*,*,#5350,.T.);
#5350 = EDGE_CURVE('',#5329,#5351,#5353,.T.);
#5351 = VERTEX_POINT('',#5352);
#5352 = CARTESIAN_POINT('',(1.5,2.01,1.E-07));
#5353 = B_SPLINE_CURVE_WITH_KNOTS('',1,(#5354,#5355),.UNSPECIFIED.,.F.,
  .F.,(2,2),(0.,0.4),.PIECEWISE_BEZIER_KNOTS.);
#5354 = CARTESIAN_POINT('',(1.5,1.61,1.E-07));
#5355 = CARTESIAN_POINT('',(1.5,2.01,1.E-07));
#5356 = ORIENTED_EDGE('',*,*,#5357,.F.);
#5357 = EDGE_CURVE('',#5277,#5351,#5358,.T.);
#5358 = B_SPLINE_CURVE_WITH_KNOTS('',1,(#5359,#5360),.UNSPECIFIED.,.F.,
  .F.,(2,2),(-0.,0.2),.PIECEWISE_BEZIER_KNOTS.);
#5359 = CARTESIAN_POINT('',(1.5,2.01,0.2000001));
#5360 = CARTESIAN_POINT('',(1.5,2.01,1.E-07));
#5361 = ORIENTED_EDGE('',*,*,#5276,.F.);
#5362 = ORIENTED_EDGE('',*,*,#2613,.T.);
#5363 = B_SPLINE_SURFACE_WITH_KNOTS('',1,1,(
    (#5364,#5365)
    ,(#5366,#5367
    )),.UNSPECIFIED.,.F.,.F.,.F.,(2,2),(2,2),(-0.4,0.),(-0.2,0.),
  .PIECEWISE_BEZIER_KNOTS.);
#5364 = CARTESIAN_POINT('',(1.5,2.01,1.E-07));
#5365 = CARTESIAN_POINT('',(1.5,2.01,0.2000001));
#5366 = CARTESIAN_POINT('',(1.5,1.61,1.E-07));
#5367 = CARTESIAN_POINT('',(1.5,1.61,0.2000001));
#5368 = ADVANCED_FACE('',(#5369),#5379,.F.);
#5369 = FACE_BOUND('',#5370,.T.);
#5370 = EDGE_LOOP('',(#5371,#5376,#5377,#5378));
#5371 = ORIENTED_EDGE('',*,*,#5372,.T.);
#5372 = EDGE_CURVE('',#5351,#5300,#5373,.T.);
#5373 = B_SPLINE_CURVE_WITH_KNOTS('',1,(#5374,#5375),.UNSPECIFIED.,.F.,
  .F.,(2,2),(-0.2,0.),.PIECEWISE_BEZIER_KNOTS.);
#5374 = CARTESIAN_POINT('',(1.5,2.01,1.E-07));
#5375 = CARTESIAN_POINT('',(1.3,2.01,1.E-07));
#5376 = ORIENTED_EDGE('',*,*,#5299,.F.);
#5377 = ORIENTED_EDGE('',*,*,#5283,.F.);
#5378 = ORIENTED_EDGE('',*,*,#5357,.T.);
#5379 = B_SPLINE_SURFACE_WITH_KNOTS('',1,1,(
    (#5380,#5381)
    ,(#5382,#5383
    )),.UNSPECIFIED.,.F.,.F.,.F.,(2,2),(2,2),(0.,0.2),(0.,0.2),
  .PIECEWISE_BEZIER_KNOTS.);
#5380 = CARTESIAN_POINT('',(1.3,2.01,0.2000001));
#5381 = CARTESIAN_POINT('',(1.5,2.01,0.2000001));
#5382 = CARTESIAN_POINT('',(1.3,2.01,1.E-07));
#5383 = CARTESIAN_POINT('',(1.5,2.01,1.E-07));
#5384 = ADVANCED_FACE('',(#5385),#5391,.T.);
#5385 = FACE_BOUND('',#5386,.T.);
#5386 = EDGE_LOOP('',(#5387,#5388,#5389,#5390));
#5387 = ORIENTED_EDGE('',*,*,#5306,.F.);
#5388 = ORIENTED_EDGE('',*,*,#5372,.F.);
#5389 = ORIENTED_EDGE('',*,*,#5350,.F.);
#5390 = ORIENTED_EDGE('',*,*,#5328,.F.);
#5391 = B_SPLINE_SURFACE_WITH_KNOTS('',1,1,(
    (#5392,#5393)
    ,(#5394,#5395
    )),.UNSPECIFIED.,.F.,.F.,.F.,(2,2),(2,2),(1.3,1.5),(-2.01,-1.61),
  .PIECEWISE_BEZIER_KNOTS.);
#5392 = CARTESIAN_POINT('',(1.3,2.01,1.E-07));
#5393 = CARTESIAN_POINT('',(1.3,1.61,1.E-07));
#5394 = CARTESIAN_POINT('',(1.5,2.01,1.E-07));
#5395 = CARTESIAN_POINT('',(1.5,1.61,1.E-07));
#5396 = ADVANCED_FACE('',(#5397),#5419,.F.);
#5397 = FACE_BOUND('',#5398,.T.);
#5398 = EDGE_LOOP('',(#5399,#5406,#5407,#5414));
#5399 = ORIENTED_EDGE('',*,*,#5400,.T.);
#5400 = EDGE_CURVE('',#5401,#2641,#5403,.T.);
#5401 = VERTEX_POINT('',#5402);
#5402 = CARTESIAN_POINT('',(0.9,2.01,0.2000001));
#5403 = B_SPLINE_CURVE_WITH_KNOTS('',1,(#5404,#5405),.UNSPECIFIED.,.F.,
  .F.,(2,2),(-0.4,-0.39),.PIECEWISE_BEZIER_KNOTS.);
#5404 = CARTESIAN_POINT('',(0.9,2.01,0.2000001));
#5405 = CARTESIAN_POINT('',(0.9,2.,0.2000001));
#5406 = ORIENTED_EDGE('',*,*,#2640,.T.);
#5407 = ORIENTED_EDGE('',*,*,#5408,.T.);
#5408 = EDGE_CURVE('',#2634,#5409,#5411,.T.);
#5409 = VERTEX_POINT('',#5410);
#5410 = CARTESIAN_POINT('',(1.1,2.01,0.2000001));
#5411 = B_SPLINE_CURVE_WITH_KNOTS('',1,(#5412,#5413),.UNSPECIFIED.,.F.,
  .F.,(2,2),(0.39,0.4),.PIECEWISE_BEZIER_KNOTS.);
#5412 = CARTESIAN_POINT('',(1.1,2.,0.2000001));
#5413 = CARTESIAN_POINT('',(1.1,2.01,0.2000001));
#5414 = ORIENTED_EDGE('',*,*,#5415,.T.);
#5415 = EDGE_CURVE('',#5409,#5401,#5416,.T.);
#5416 = B_SPLINE_CURVE_WITH_KNOTS('',1,(#5417,#5418),.UNSPECIFIED.,.F.,
  .F.,(2,2),(-0.2,0.),.PIECEWISE_BEZIER_KNOTS.);
#5417 = CARTESIAN_POINT('',(1.1,2.01,0.2000001));
#5418 = CARTESIAN_POINT('',(0.9,2.01,0.2000001));
#5419 = B_SPLINE_SURFACE_WITH_KNOTS('',1,1,(
    (#5420,#5421)
    ,(#5422,#5423
    )),.UNSPECIFIED.,.F.,.F.,.F.,(2,2),(2,2),(1.3,1.5),(-2.01,-2.),
  .PIECEWISE_BEZIER_KNOTS.);
#5420 = CARTESIAN_POINT('',(0.9,2.01,0.2000001));
#5421 = CARTESIAN_POINT('',(0.9,2.,0.2000001));
#5422 = CARTESIAN_POINT('',(1.1,2.01,0.2000001));
#5423 = CARTESIAN_POINT('',(1.1,2.,0.2000001));
#5424 = ADVANCED_FACE('',(#5425),#5449,.F.);
#5425 = FACE_BOUND('',#5426,.T.);
#5426 = EDGE_LOOP('',(#5427,#5428,#5429,#5430,#5437,#5444));
#5427 = ORIENTED_EDGE('',*,*,#1893,.F.);
#5428 = ORIENTED_EDGE('',*,*,#2647,.T.);
#5429 = ORIENTED_EDGE('',*,*,#5400,.F.);
#5430 = ORIENTED_EDGE('',*,*,#5431,.T.);
#5431 = EDGE_CURVE('',#5401,#5432,#5434,.T.);
#5432 = VERTEX_POINT('',#5433);
#5433 = CARTESIAN_POINT('',(0.9,2.01,1.E-07));
#5434 = B_SPLINE_CURVE_WITH_KNOTS('',1,(#5435,#5436),.UNSPECIFIED.,.F.,
  .F.,(2,2),(-0.,0.2),.PIECEWISE_BEZIER_KNOTS.);
#5435 = CARTESIAN_POINT('',(0.9,2.01,0.2000001));
#5436 = CARTESIAN_POINT('',(0.9,2.01,1.E-07));
#5437 = ORIENTED_EDGE('',*,*,#5438,.T.);
#5438 = EDGE_CURVE('',#5432,#5439,#5441,.T.);
#5439 = VERTEX_POINT('',#5440);
#5440 = CARTESIAN_POINT('',(0.9,1.61,1.E-07));
#5441 = B_SPLINE_CURVE_WITH_KNOTS('',1,(#5442,#5443),.UNSPECIFIED.,.F.,
  .F.,(2,2),(-0.4,0.),.PIECEWISE_BEZIER_KNOTS.);
#5442 = CARTESIAN_POINT('',(0.9,2.01,1.E-07));
#5443 = CARTESIAN_POINT('',(0.9,1.61,1.E-07));
#5444 = ORIENTED_EDGE('',*,*,#5445,.F.);
#5445 = EDGE_CURVE('',#1894,#5439,#5446,.T.);
#5446 = B_SPLINE_CURVE_WITH_KNOTS('',1,(#5447,#5448),.UNSPECIFIED.,.F.,
  .F.,(2,2),(0.19,0.2),.PIECEWISE_BEZIER_KNOTS.);
#5447 = CARTESIAN_POINT('',(0.9,1.61,1.00001E-02));
#5448 = CARTESIAN_POINT('',(0.9,1.61,1.E-07));
#5449 = B_SPLINE_SURFACE_WITH_KNOTS('',1,1,(
    (#5450,#5451)
    ,(#5452,#5453
    )),.UNSPECIFIED.,.F.,.F.,.F.,(2,2),(2,2),(0.,0.4),(-0.2,0.),
  .PIECEWISE_BEZIER_KNOTS.);
#5450 = CARTESIAN_POINT('',(0.9,1.61,1.E-07));
#5451 = CARTESIAN_POINT('',(0.9,1.61,0.2000001));
#5452 = CARTESIAN_POINT('',(0.9,2.01,1.E-07));
#5453 = CARTESIAN_POINT('',(0.9,2.01,0.2000001));
#5454 = ADVANCED_FACE('',(#5455),#5471,.F.);
#5455 = FACE_BOUND('',#5456,.T.);
#5456 = EDGE_LOOP('',(#5457,#5458,#5459,#5466));
#5457 = ORIENTED_EDGE('',*,*,#1900,.F.);
#5458 = ORIENTED_EDGE('',*,*,#5445,.T.);
#5459 = ORIENTED_EDGE('',*,*,#5460,.T.);
#5460 = EDGE_CURVE('',#5439,#5461,#5463,.T.);
#5461 = VERTEX_POINT('',#5462);
#5462 = CARTESIAN_POINT('',(1.1,1.61,1.E-07));
#5463 = B_SPLINE_CURVE_WITH_KNOTS('',1,(#5464,#5465),.UNSPECIFIED.,.F.,
  .F.,(2,2),(0.,0.2),.PIECEWISE_BEZIER_KNOTS.);
#5464 = CARTESIAN_POINT('',(0.9,1.61,1.E-07));
#5465 = CARTESIAN_POINT('',(1.1,1.61,1.E-07));
#5466 = ORIENTED_EDGE('',*,*,#5467,.F.);
#5467 = EDGE_CURVE('',#1901,#5461,#5468,.T.);
#5468 = B_SPLINE_CURVE_WITH_KNOTS('',1,(#5469,#5470),.UNSPECIFIED.,.F.,
  .F.,(2,2),(0.19,0.2),.PIECEWISE_BEZIER_KNOTS.);
#5469 = CARTESIAN_POINT('',(1.1,1.61,1.00001E-02));
#5470 = CARTESIAN_POINT('',(1.1,1.61,1.E-07));
#5471 = B_SPLINE_SURFACE_WITH_KNOTS('',1,1,(
    (#5472,#5473)
    ,(#5474,#5475
    )),.UNSPECIFIED.,.F.,.F.,.F.,(2,2),(2,2),(-0.2,0.),(-0.2,-0.19),
  .PIECEWISE_BEZIER_KNOTS.);
#5472 = CARTESIAN_POINT('',(1.1,1.61,1.E-07));
#5473 = CARTESIAN_POINT('',(1.1,1.61,1.00001E-02));
#5474 = CARTESIAN_POINT('',(0.9,1.61,1.E-07));
#5475 = CARTESIAN_POINT('',(0.9,1.61,1.00001E-02));
#5476 = ADVANCED_FACE('',(#5477),#5495,.F.);
#5477 = FACE_BOUND('',#5478,.T.);
#5478 = EDGE_LOOP('',(#5479,#5480,#5481,#5488,#5493,#5494));
#5479 = ORIENTED_EDGE('',*,*,#1907,.F.);
#5480 = ORIENTED_EDGE('',*,*,#5467,.T.);
#5481 = ORIENTED_EDGE('',*,*,#5482,.T.);
#5482 = EDGE_CURVE('',#5461,#5483,#5485,.T.);
#5483 = VERTEX_POINT('',#5484);
#5484 = CARTESIAN_POINT('',(1.1,2.01,1.E-07));
#5485 = B_SPLINE_CURVE_WITH_KNOTS('',1,(#5486,#5487),.UNSPECIFIED.,.F.,
  .F.,(2,2),(0.,0.4),.PIECEWISE_BEZIER_KNOTS.);
#5486 = CARTESIAN_POINT('',(1.1,1.61,1.E-07));
#5487 = CARTESIAN_POINT('',(1.1,2.01,1.E-07));
#5488 = ORIENTED_EDGE('',*,*,#5489,.F.);
#5489 = EDGE_CURVE('',#5409,#5483,#5490,.T.);
#5490 = B_SPLINE_CURVE_WITH_KNOTS('',1,(#5491,#5492),.UNSPECIFIED.,.F.,
  .F.,(2,2),(-0.,0.2),.PIECEWISE_BEZIER_KNOTS.);
#5491 = CARTESIAN_POINT('',(1.1,2.01,0.2000001));
#5492 = CARTESIAN_POINT('',(1.1,2.01,1.E-07));
#5493 = ORIENTED_EDGE('',*,*,#5408,.F.);
#5494 = ORIENTED_EDGE('',*,*,#2633,.T.);
#5495 = B_SPLINE_SURFACE_WITH_KNOTS('',1,1,(
    (#5496,#5497)
    ,(#5498,#5499
    )),.UNSPECIFIED.,.F.,.F.,.F.,(2,2),(2,2),(-0.4,0.),(-0.2,0.),
  .PIECEWISE_BEZIER_KNOTS.);
#5496 = CARTESIAN_POINT('',(1.1,2.01,1.E-07));
#5497 = CARTESIAN_POINT('',(1.1,2.01,0.2000001));
#5498 = CARTESIAN_POINT('',(1.1,1.61,1.E-07));
#5499 = CARTESIAN_POINT('',(1.1,1.61,0.2000001));
#5500 = ADVANCED_FACE('',(#5501),#5511,.F.);
#5501 = FACE_BOUND('',#5502,.T.);
#5502 = EDGE_LOOP('',(#5503,#5508,#5509,#5510));
#5503 = ORIENTED_EDGE('',*,*,#5504,.T.);
#5504 = EDGE_CURVE('',#5483,#5432,#5505,.T.);
#5505 = B_SPLINE_CURVE_WITH_KNOTS('',1,(#5506,#5507),.UNSPECIFIED.,.F.,
  .F.,(2,2),(-0.2,0.),.PIECEWISE_BEZIER_KNOTS.);
#5506 = CARTESIAN_POINT('',(1.1,2.01,1.E-07));
#5507 = CARTESIAN_POINT('',(0.9,2.01,1.E-07));
#5508 = ORIENTED_EDGE('',*,*,#5431,.F.);
#5509 = ORIENTED_EDGE('',*,*,#5415,.F.);
#5510 = ORIENTED_EDGE('',*,*,#5489,.T.);
#5511 = B_SPLINE_SURFACE_WITH_KNOTS('',1,1,(
    (#5512,#5513)
    ,(#5514,#5515
    )),.UNSPECIFIED.,.F.,.F.,.F.,(2,2),(2,2),(0.,0.2),(0.,0.2),
  .PIECEWISE_BEZIER_KNOTS.);
#5512 = CARTESIAN_POINT('',(0.9,2.01,0.2000001));
#5513 = CARTESIAN_POINT('',(1.1,2.01,0.2000001));
#5514 = CARTESIAN_POINT('',(0.9,2.01,1.E-07));
#5515 = CARTESIAN_POINT('',(1.1,2.01,1.E-07));
#5516 = ADVANCED_FACE('',(#5517),#5523,.T.);
#5517 = FACE_BOUND('',#5518,.T.);
#5518 = EDGE_LOOP('',(#5519,#5520,#5521,#5522));
#5519 = ORIENTED_EDGE('',*,*,#5438,.F.);
#5520 = ORIENTED_EDGE('',*,*,#5504,.F.);
#5521 = ORIENTED_EDGE('',*,*,#5482,.F.);
#5522 = ORIENTED_EDGE('',*,*,#5460,.F.);
#5523 = B_SPLINE_SURFACE_WITH_KNOTS('',1,1,(
    (#5524,#5525)
    ,(#5526,#5527
    )),.UNSPECIFIED.,.F.,.F.,.F.,(2,2),(2,2),(1.3,1.5),(-2.01,-1.61),
  .PIECEWISE_BEZIER_KNOTS.);
#5524 = CARTESIAN_POINT('',(0.9,2.01,1.E-07));
#5525 = CARTESIAN_POINT('',(0.9,1.61,1.E-07));
#5526 = CARTESIAN_POINT('',(1.1,2.01,1.E-07));
#5527 = CARTESIAN_POINT('',(1.1,1.61,1.E-07));
#5528 = ADVANCED_FACE('',(#5529),#5551,.F.);
#5529 = FACE_BOUND('',#5530,.T.);
#5530 = EDGE_LOOP('',(#5531,#5538,#5539,#5546));
#5531 = ORIENTED_EDGE('',*,*,#5532,.T.);
#5532 = EDGE_CURVE('',#5533,#2661,#5535,.T.);
#5533 = VERTEX_POINT('',#5534);
#5534 = CARTESIAN_POINT('',(0.5,2.01,0.2000001));
#5535 = B_SPLINE_CURVE_WITH_KNOTS('',1,(#5536,#5537),.UNSPECIFIED.,.F.,
  .F.,(2,2),(-0.4,-0.39),.PIECEWISE_BEZIER_KNOTS.);
#5536 = CARTESIAN_POINT('',(0.5,2.01,0.2000001));
#5537 = CARTESIAN_POINT('',(0.5,2.,0.2000001));
#5538 = ORIENTED_EDGE('',*,*,#2660,.T.);
#5539 = ORIENTED_EDGE('',*,*,#5540,.T.);
#5540 = EDGE_CURVE('',#2654,#5541,#5543,.T.);
#5541 = VERTEX_POINT('',#5542);
#5542 = CARTESIAN_POINT('',(0.7,2.01,0.2000001));
#5543 = B_SPLINE_CURVE_WITH_KNOTS('',1,(#5544,#5545),.UNSPECIFIED.,.F.,
  .F.,(2,2),(0.39,0.4),.PIECEWISE_BEZIER_KNOTS.);
#5544 = CARTESIAN_POINT('',(0.7,2.,0.2000001));
#5545 = CARTESIAN_POINT('',(0.7,2.01,0.2000001));
#5546 = ORIENTED_EDGE('',*,*,#5547,.T.);
#5547 = EDGE_CURVE('',#5541,#5533,#5548,.T.);
#5548 = B_SPLINE_CURVE_WITH_KNOTS('',1,(#5549,#5550),.UNSPECIFIED.,.F.,
  .F.,(2,2),(-0.2,0.),.PIECEWISE_BEZIER_KNOTS.);
#5549 = CARTESIAN_POINT('',(0.7,2.01,0.2000001));
#5550 = CARTESIAN_POINT('',(0.5,2.01,0.2000001));
#5551 = B_SPLINE_SURFACE_WITH_KNOTS('',1,1,(
    (#5552,#5553)
    ,(#5554,#5555
    )),.UNSPECIFIED.,.F.,.F.,.F.,(2,2),(2,2),(1.3,1.5),(-2.01,-2.),
  .PIECEWISE_BEZIER_KNOTS.);
#5552 = CARTESIAN_POINT('',(0.5,2.01,0.2000001));
#5553 = CARTESIAN_POINT('',(0.5,2.,0.2000001));
#5554 = CARTESIAN_POINT('',(0.7,2.01,0.2000001));
#5555 = CARTESIAN_POINT('',(0.7,2.,0.2000001));
#5556 = ADVANCED_FACE('',(#5557),#5581,.F.);
#5557 = FACE_BOUND('',#5558,.T.);
#5558 = EDGE_LOOP('',(#5559,#5560,#5561,#5562,#5569,#5576));
#5559 = ORIENTED_EDGE('',*,*,#1865,.F.);
#5560 = ORIENTED_EDGE('',*,*,#2667,.T.);
#5561 = ORIENTED_EDGE('',*,*,#5532,.F.);
#5562 = ORIENTED_EDGE('',*,*,#5563,.T.);
#5563 = EDGE_CURVE('',#5533,#5564,#5566,.T.);
#5564 = VERTEX_POINT('',#5565);
#5565 = CARTESIAN_POINT('',(0.5,2.01,1.E-07));
#5566 = B_SPLINE_CURVE_WITH_KNOTS('',1,(#5567,#5568),.UNSPECIFIED.,.F.,
  .F.,(2,2),(-0.,0.2),.PIECEWISE_BEZIER_KNOTS.);
#5567 = CARTESIAN_POINT('',(0.5,2.01,0.2000001));
#5568 = CARTESIAN_POINT('',(0.5,2.01,1.E-07));
#5569 = ORIENTED_EDGE('',*,*,#5570,.T.);
#5570 = EDGE_CURVE('',#5564,#5571,#5573,.T.);
#5571 = VERTEX_POINT('',#5572);
#5572 = CARTESIAN_POINT('',(0.5,1.61,1.E-07));
#5573 = B_SPLINE_CURVE_WITH_KNOTS('',1,(#5574,#5575),.UNSPECIFIED.,.F.,
  .F.,(2,2),(-0.4,0.),.PIECEWISE_BEZIER_KNOTS.);
#5574 = CARTESIAN_POINT('',(0.5,2.01,1.E-07));
#5575 = CARTESIAN_POINT('',(0.5,1.61,1.E-07));
#5576 = ORIENTED_EDGE('',*,*,#5577,.F.);
#5577 = EDGE_CURVE('',#1866,#5571,#5578,.T.);
#5578 = B_SPLINE_CURVE_WITH_KNOTS('',1,(#5579,#5580),.UNSPECIFIED.,.F.,
  .F.,(2,2),(0.19,0.2),.PIECEWISE_BEZIER_KNOTS.);
#5579 = CARTESIAN_POINT('',(0.5,1.61,1.00001E-02));
#5580 = CARTESIAN_POINT('',(0.5,1.61,1.E-07));
#5581 = B_SPLINE_SURFACE_WITH_KNOTS('',1,1,(
    (#5582,#5583)
    ,(#5584,#5585
    )),.UNSPECIFIED.,.F.,.F.,.F.,(2,2),(2,2),(0.,0.4),(-0.2,0.),
  .PIECEWISE_BEZIER_KNOTS.);
#5582 = CARTESIAN_POINT('',(0.5,1.61,1.E-07));
#5583 = CARTESIAN_POINT('',(0.5,1.61,0.2000001));
#5584 = CARTESIAN_POINT('',(0.5,2.01,1.E-07));
#5585 = CARTESIAN_POINT('',(0.5,2.01,0.2000001));
#5586 = ADVANCED_FACE('',(#5587),#5603,.F.);
#5587 = FACE_BOUND('',#5588,.T.);
#5588 = EDGE_LOOP('',(#5589,#5590,#5591,#5598));
#5589 = ORIENTED_EDGE('',*,*,#1872,.F.);
#5590 = ORIENTED_EDGE('',*,*,#5577,.T.);
#5591 = ORIENTED_EDGE('',*,*,#5592,.T.);
#5592 = EDGE_CURVE('',#5571,#5593,#5595,.T.);
#5593 = VERTEX_POINT('',#5594);
#5594 = CARTESIAN_POINT('',(0.7,1.61,1.E-07));
#5595 = B_SPLINE_CURVE_WITH_KNOTS('',1,(#5596,#5597),.UNSPECIFIED.,.F.,
  .F.,(2,2),(0.,0.2),.PIECEWISE_BEZIER_KNOTS.);
#5596 = CARTESIAN_POINT('',(0.5,1.61,1.E-07));
#5597 = CARTESIAN_POINT('',(0.7,1.61,1.E-07));
#5598 = ORIENTED_EDGE('',*,*,#5599,.F.);
#5599 = EDGE_CURVE('',#1873,#5593,#5600,.T.);
#5600 = B_SPLINE_CURVE_WITH_KNOTS('',1,(#5601,#5602),.UNSPECIFIED.,.F.,
  .F.,(2,2),(0.19,0.2),.PIECEWISE_BEZIER_KNOTS.);
#5601 = CARTESIAN_POINT('',(0.7,1.61,1.00001E-02));
#5602 = CARTESIAN_POINT('',(0.7,1.61,1.E-07));
#5603 = B_SPLINE_SURFACE_WITH_KNOTS('',1,1,(
    (#5604,#5605)
    ,(#5606,#5607
    )),.UNSPECIFIED.,.F.,.F.,.F.,(2,2),(2,2),(-0.2,0.),(-0.2,-0.19),
  .PIECEWISE_BEZIER_KNOTS.);
#5604 = CARTESIAN_POINT('',(0.7,1.61,1.E-07));
#5605 = CARTESIAN_POINT('',(0.7,1.61,1.00001E-02));
#5606 = CARTESIAN_POINT('',(0.5,1.61,1.E-07));
#5607 = CARTESIAN_POINT('',(0.5,1.61,1.00001E-02));
#5608 = ADVANCED_FACE('',(#5609),#5627,.F.);
#5609 = FACE_BOUND('',#5610,.T.);
#5610 = EDGE_LOOP('',(#5611,#5612,#5613,#5620,#5625,#5626));
#5611 = ORIENTED_EDGE('',*,*,#1879,.F.);
#5612 = ORIENTED_EDGE('',*,*,#5599,.T.);
#5613 = ORIENTED_EDGE('',*,*,#5614,.T.);
#5614 = EDGE_CURVE('',#5593,#5615,#5617,.T.);
#5615 = VERTEX_POINT('',#5616);
#5616 = CARTESIAN_POINT('',(0.7,2.01,1.E-07));
#5617 = B_SPLINE_CURVE_WITH_KNOTS('',1,(#5618,#5619),.UNSPECIFIED.,.F.,
  .F.,(2,2),(0.,0.4),.PIECEWISE_BEZIER_KNOTS.);
#5618 = CARTESIAN_POINT('',(0.7,1.61,1.E-07));
#5619 = CARTESIAN_POINT('',(0.7,2.01,1.E-07));
#5620 = ORIENTED_EDGE('',*,*,#5621,.F.);
#5621 = EDGE_CURVE('',#5541,#5615,#5622,.T.);
#5622 = B_SPLINE_CURVE_WITH_KNOTS('',1,(#5623,#5624),.UNSPECIFIED.,.F.,
  .F.,(2,2),(-0.,0.2),.PIECEWISE_BEZIER_KNOTS.);
#5623 = CARTESIAN_POINT('',(0.7,2.01,0.2000001));
#5624 = CARTESIAN_POINT('',(0.7,2.01,1.E-07));
#5625 = ORIENTED_EDGE('',*,*,#5540,.F.);
#5626 = ORIENTED_EDGE('',*,*,#2653,.T.);
#5627 = B_SPLINE_SURFACE_WITH_KNOTS('',1,1,(
    (#5628,#5629)
    ,(#5630,#5631
    )),.UNSPECIFIED.,.F.,.F.,.F.,(2,2),(2,2),(-0.4,0.),(-0.2,0.),
  .PIECEWISE_BEZIER_KNOTS.);
#5628 = CARTESIAN_POINT('',(0.7,2.01,1.E-07));
#5629 = CARTESIAN_POINT('',(0.7,2.01,0.2000001));
#5630 = CARTESIAN_POINT('',(0.7,1.61,1.E-07));
#5631 = CARTESIAN_POINT('',(0.7,1.61,0.2000001));
#5632 = ADVANCED_FACE('',(#5633),#5643,.F.);
#5633 = FACE_BOUND('',#5634,.T.);
#5634 = EDGE_LOOP('',(#5635,#5640,#5641,#5642));
#5635 = ORIENTED_EDGE('',*,*,#5636,.T.);
#5636 = EDGE_CURVE('',#5615,#5564,#5637,.T.);
#5637 = B_SPLINE_CURVE_WITH_KNOTS('',1,(#5638,#5639),.UNSPECIFIED.,.F.,
  .F.,(2,2),(-0.2,0.),.PIECEWISE_BEZIER_KNOTS.);
#5638 = CARTESIAN_POINT('',(0.7,2.01,1.E-07));
#5639 = CARTESIAN_POINT('',(0.5,2.01,1.E-07));
#5640 = ORIENTED_EDGE('',*,*,#5563,.F.);
#5641 = ORIENTED_EDGE('',*,*,#5547,.F.);
#5642 = ORIENTED_EDGE('',*,*,#5621,.T.);
#5643 = B_SPLINE_SURFACE_WITH_KNOTS('',1,1,(
    (#5644,#5645)
    ,(#5646,#5647
    )),.UNSPECIFIED.,.F.,.F.,.F.,(2,2),(2,2),(0.,0.2),(0.,0.2),
  .PIECEWISE_BEZIER_KNOTS.);
#5644 = CARTESIAN_POINT('',(0.5,2.01,0.2000001));
#5645 = CARTESIAN_POINT('',(0.7,2.01,0.2000001));
#5646 = CARTESIAN_POINT('',(0.5,2.01,1.E-07));
#5647 = CARTESIAN_POINT('',(0.7,2.01,1.E-07));
#5648 = ADVANCED_FACE('',(#5649),#5655,.T.);
#5649 = FACE_BOUND('',#5650,.T.);
#5650 = EDGE_LOOP('',(#5651,#5652,#5653,#5654));
#5651 = ORIENTED_EDGE('',*,*,#5570,.F.);
#5652 = ORIENTED_EDGE('',*,*,#5636,.F.);
#5653 = ORIENTED_EDGE('',*,*,#5614,.F.);
#5654 = ORIENTED_EDGE('',*,*,#5592,.F.);
#5655 = B_SPLINE_SURFACE_WITH_KNOTS('',1,1,(
    (#5656,#5657)
    ,(#5658,#5659
    )),.UNSPECIFIED.,.F.,.F.,.F.,(2,2),(2,2),(1.3,1.5),(-2.01,-1.61),
  .PIECEWISE_BEZIER_KNOTS.);
#5656 = CARTESIAN_POINT('',(0.5,2.01,1.E-07));
#5657 = CARTESIAN_POINT('',(0.5,1.61,1.E-07));
#5658 = CARTESIAN_POINT('',(0.7,2.01,1.E-07));
#5659 = CARTESIAN_POINT('',(0.7,1.61,1.E-07));
#5660 = ADVANCED_FACE('',(#5661),#5683,.F.);
#5661 = FACE_BOUND('',#5662,.T.);
#5662 = EDGE_LOOP('',(#5663,#5670,#5671,#5678));
#5663 = ORIENTED_EDGE('',*,*,#5664,.T.);
#5664 = EDGE_CURVE('',#5665,#2681,#5667,.T.);
#5665 = VERTEX_POINT('',#5666);
#5666 = CARTESIAN_POINT('',(0.1,2.01,0.2000001));
#5667 = B_SPLINE_CURVE_WITH_KNOTS('',1,(#5668,#5669),.UNSPECIFIED.,.F.,
  .F.,(2,2),(-0.4,-0.39),.PIECEWISE_BEZIER_KNOTS.);
#5668 = CARTESIAN_POINT('',(0.1,2.01,0.2000001));
#5669 = CARTESIAN_POINT('',(0.1,2.,0.2000001));
#5670 = ORIENTED_EDGE('',*,*,#2680,.T.);
#5671 = ORIENTED_EDGE('',*,*,#5672,.T.);
#5672 = EDGE_CURVE('',#2674,#5673,#5675,.T.);
#5673 = VERTEX_POINT('',#5674);
#5674 = CARTESIAN_POINT('',(0.3,2.01,0.2000001));
#5675 = B_SPLINE_CURVE_WITH_KNOTS('',1,(#5676,#5677),.UNSPECIFIED.,.F.,
  .F.,(2,2),(0.39,0.4),.PIECEWISE_BEZIER_KNOTS.);
#5676 = CARTESIAN_POINT('',(0.3,2.,0.2000001));
#5677 = CARTESIAN_POINT('',(0.3,2.01,0.2000001));
#5678 = ORIENTED_EDGE('',*,*,#5679,.T.);
#5679 = EDGE_CURVE('',#5673,#5665,#5680,.T.);
#5680 = B_SPLINE_CURVE_WITH_KNOTS('',1,(#5681,#5682),.UNSPECIFIED.,.F.,
  .F.,(2,2),(-0.2,0.),.PIECEWISE_BEZIER_KNOTS.);
#5681 = CARTESIAN_POINT('',(0.3,2.01,0.2000001));
#5682 = CARTESIAN_POINT('',(0.1,2.01,0.2000001));
#5683 = B_SPLINE_SURFACE_WITH_KNOTS('',1,1,(
    (#5684,#5685)
    ,(#5686,#5687
    )),.UNSPECIFIED.,.F.,.F.,.F.,(2,2),(2,2),(1.3,1.5),(-2.01,-2.),
  .PIECEWISE_BEZIER_KNOTS.);
#5684 = CARTESIAN_POINT('',(0.1,2.01,0.2000001));
#5685 = CARTESIAN_POINT('',(0.1,2.,0.2000001));
#5686 = CARTESIAN_POINT('',(0.3,2.01,0.2000001));
#5687 = CARTESIAN_POINT('',(0.3,2.,0.2000001));
#5688 = ADVANCED_FACE('',(#5689),#5713,.F.);
#5689 = FACE_BOUND('',#5690,.T.);
#5690 = EDGE_LOOP('',(#5691,#5692,#5693,#5694,#5701,#5708));
#5691 = ORIENTED_EDGE('',*,*,#1837,.F.);
#5692 = ORIENTED_EDGE('',*,*,#2687,.T.);
#5693 = ORIENTED_EDGE('',*,*,#5664,.F.);
#5694 = ORIENTED_EDGE('',*,*,#5695,.T.);
#5695 = EDGE_CURVE('',#5665,#5696,#5698,.T.);
#5696 = VERTEX_POINT('',#5697);
#5697 = CARTESIAN_POINT('',(0.1,2.01,1.E-07));
#5698 = B_SPLINE_CURVE_WITH_KNOTS('',1,(#5699,#5700),.UNSPECIFIED.,.F.,
  .F.,(2,2),(-0.,0.2),.PIECEWISE_BEZIER_KNOTS.);
#5699 = CARTESIAN_POINT('',(0.1,2.01,0.2000001));
#5700 = CARTESIAN_POINT('',(0.1,2.01,1.E-07));
#5701 = ORIENTED_EDGE('',*,*,#5702,.T.);
#5702 = EDGE_CURVE('',#5696,#5703,#5705,.T.);
#5703 = VERTEX_POINT('',#5704);
#5704 = CARTESIAN_POINT('',(0.1,1.61,1.E-07));
#5705 = B_SPLINE_CURVE_WITH_KNOTS('',1,(#5706,#5707),.UNSPECIFIED.,.F.,
  .F.,(2,2),(-0.4,0.),.PIECEWISE_BEZIER_KNOTS.);
#5706 = CARTESIAN_POINT('',(0.1,2.01,1.E-07));
#5707 = CARTESIAN_POINT('',(0.1,1.61,1.E-07));
#5708 = ORIENTED_EDGE('',*,*,#5709,.F.);
#5709 = EDGE_CURVE('',#1838,#5703,#5710,.T.);
#5710 = B_SPLINE_CURVE_WITH_KNOTS('',1,(#5711,#5712),.UNSPECIFIED.,.F.,
  .F.,(2,2),(0.19,0.2),.PIECEWISE_BEZIER_KNOTS.);
#5711 = CARTESIAN_POINT('',(0.1,1.61,1.00001E-02));
#5712 = CARTESIAN_POINT('',(0.1,1.61,1.E-07));
#5713 = B_SPLINE_SURFACE_WITH_KNOTS('',1,1,(
    (#5714,#5715)
    ,(#5716,#5717
    )),.UNSPECIFIED.,.F.,.F.,.F.,(2,2),(2,2),(0.,0.4),(-0.2,0.),
  .PIECEWISE_BEZIER_KNOTS.);
#5714 = CARTESIAN_POINT('',(0.1,1.61,1.E-07));
#5715 = CARTESIAN_POINT('',(0.1,1.61,0.2000001));
#5716 = CARTESIAN_POINT('',(0.1,2.01,1.E-07));
#5717 = CARTESIAN_POINT('',(0.1,2.01,0.2000001));
#5718 = ADVANCED_FACE('',(#5719),#5735,.F.);
#5719 = FACE_BOUND('',#5720,.T.);
#5720 = EDGE_LOOP('',(#5721,#5722,#5723,#5730));
#5721 = ORIENTED_EDGE('',*,*,#1844,.F.);
#5722 = ORIENTED_EDGE('',*,*,#5709,.T.);
#5723 = ORIENTED_EDGE('',*,*,#5724,.T.);
#5724 = EDGE_CURVE('',#5703,#5725,#5727,.T.);
#5725 = VERTEX_POINT('',#5726);
#5726 = CARTESIAN_POINT('',(0.3,1.61,1.E-07));
#5727 = B_SPLINE_CURVE_WITH_KNOTS('',1,(#5728,#5729),.UNSPECIFIED.,.F.,
  .F.,(2,2),(0.,0.2),.PIECEWISE_BEZIER_KNOTS.);
#5728 = CARTESIAN_POINT('',(0.1,1.61,1.E-07));
#5729 = CARTESIAN_POINT('',(0.3,1.61,1.E-07));
#5730 = ORIENTED_EDGE('',*,*,#5731,.F.);
#5731 = EDGE_CURVE('',#1845,#5725,#5732,.T.);
#5732 = B_SPLINE_CURVE_WITH_KNOTS('',1,(#5733,#5734),.UNSPECIFIED.,.F.,
  .F.,(2,2),(0.19,0.2),.PIECEWISE_BEZIER_KNOTS.);
#5733 = CARTESIAN_POINT('',(0.3,1.61,1.00001E-02));
#5734 = CARTESIAN_POINT('',(0.3,1.61,1.E-07));
#5735 = B_SPLINE_SURFACE_WITH_KNOTS('',1,1,(
    (#5736,#5737)
    ,(#5738,#5739
    )),.UNSPECIFIED.,.F.,.F.,.F.,(2,2),(2,2),(-0.2,0.),(-0.2,-0.19),
  .PIECEWISE_BEZIER_KNOTS.);
#5736 = CARTESIAN_POINT('',(0.3,1.61,1.E-07));
#5737 = CARTESIAN_POINT('',(0.3,1.61,1.00001E-02));
#5738 = CARTESIAN_POINT('',(0.1,1.61,1.E-07));
#5739 = CARTESIAN_POINT('',(0.1,1.61,1.00001E-02));
#5740 = ADVANCED_FACE('',(#5741),#5759,.F.);
#5741 = FACE_BOUND('',#5742,.T.);
#5742 = EDGE_LOOP('',(#5743,#5744,#5745,#5752,#5757,#5758));
#5743 = ORIENTED_EDGE('',*,*,#1851,.F.);
#5744 = ORIENTED_EDGE('',*,*,#5731,.T.);
#5745 = ORIENTED_EDGE('',*,*,#5746,.T.);
#5746 = EDGE_CURVE('',#5725,#5747,#5749,.T.);
#5747 = VERTEX_POINT('',#5748);
#5748 = CARTESIAN_POINT('',(0.3,2.01,1.E-07));
#5749 = B_SPLINE_CURVE_WITH_KNOTS('',1,(#5750,#5751),.UNSPECIFIED.,.F.,
  .F.,(2,2),(0.,0.4),.PIECEWISE_BEZIER_KNOTS.);
#5750 = CARTESIAN_POINT('',(0.3,1.61,1.E-07));
#5751 = CARTESIAN_POINT('',(0.3,2.01,1.E-07));
#5752 = ORIENTED_EDGE('',*,*,#5753,.F.);
#5753 = EDGE_CURVE('',#5673,#5747,#5754,.T.);
#5754 = B_SPLINE_CURVE_WITH_KNOTS('',1,(#5755,#5756),.UNSPECIFIED.,.F.,
  .F.,(2,2),(-0.,0.2),.PIECEWISE_BEZIER_KNOTS.);
#5755 = CARTESIAN_POINT('',(0.3,2.01,0.2000001));
#5756 = CARTESIAN_POINT('',(0.3,2.01,1.E-07));
#5757 = ORIENTED_EDGE('',*,*,#5672,.F.);
#5758 = ORIENTED_EDGE('',*,*,#2673,.T.);
#5759 = B_SPLINE_SURFACE_WITH_KNOTS('',1,1,(
    (#5760,#5761)
    ,(#5762,#5763
    )),.UNSPECIFIED.,.F.,.F.,.F.,(2,2),(2,2),(-0.4,0.),(-0.2,0.),
  .PIECEWISE_BEZIER_KNOTS.);
#5760 = CARTESIAN_POINT('',(0.3,2.01,1.E-07));
#5761 = CARTESIAN_POINT('',(0.3,2.01,0.2000001));
#5762 = CARTESIAN_POINT('',(0.3,1.61,1.E-07));
#5763 = CARTESIAN_POINT('',(0.3,1.61,0.2000001));
#5764 = ADVANCED_FACE('',(#5765),#5775,.F.);
#5765 = FACE_BOUND('',#5766,.T.);
#5766 = EDGE_LOOP('',(#5767,#5772,#5773,#5774));
#5767 = ORIENTED_EDGE('',*,*,#5768,.T.);
#5768 = EDGE_CURVE('',#5747,#5696,#5769,.T.);
#5769 = B_SPLINE_CURVE_WITH_KNOTS('',1,(#5770,#5771),.UNSPECIFIED.,.F.,
  .F.,(2,2),(-0.2,0.),.PIECEWISE_BEZIER_KNOTS.);
#5770 = CARTESIAN_POINT('',(0.3,2.01,1.E-07));
#5771 = CARTESIAN_POINT('',(0.1,2.01,1.E-07));
#5772 = ORIENTED_EDGE('',*,*,#5695,.F.);
#5773 = ORIENTED_EDGE('',*,*,#5679,.F.);
#5774 = ORIENTED_EDGE('',*,*,#5753,.T.);
#5775 = B_SPLINE_SURFACE_WITH_KNOTS('',1,1,(
    (#5776,#5777)
    ,(#5778,#5779
    )),.UNSPECIFIED.,.F.,.F.,.F.,(2,2),(2,2),(0.,0.2),(0.,0.2),
  .PIECEWISE_BEZIER_KNOTS.);
#5776 = CARTESIAN_POINT('',(0.1,2.01,0.2000001));
#5777 = CARTESIAN_POINT('',(0.3,2.01,0.2000001));
#5778 = CARTESIAN_POINT('',(0.1,2.01,1.E-07));
#5779 = CARTESIAN_POINT('',(0.3,2.01,1.E-07));
#5780 = ADVANCED_FACE('',(#5781),#5787,.T.);
#5781 = FACE_BOUND('',#5782,.T.);
#5782 = EDGE_LOOP('',(#5783,#5784,#5785,#5786));
#5783 = ORIENTED_EDGE('',*,*,#5702,.F.);
#5784 = ORIENTED_EDGE('',*,*,#5768,.F.);
#5785 = ORIENTED_EDGE('',*,*,#5746,.F.);
#5786 = ORIENTED_EDGE('',*,*,#5724,.F.);
#5787 = B_SPLINE_SURFACE_WITH_KNOTS('',1,1,(
    (#5788,#5789)
    ,(#5790,#5791
    )),.UNSPECIFIED.,.F.,.F.,.F.,(2,2),(2,2),(1.3,1.5),(-2.01,-1.61),
  .PIECEWISE_BEZIER_KNOTS.);
#5788 = CARTESIAN_POINT('',(0.1,2.01,1.E-07));
#5789 = CARTESIAN_POINT('',(0.1,1.61,1.E-07));
#5790 = CARTESIAN_POINT('',(0.3,2.01,1.E-07));
#5791 = CARTESIAN_POINT('',(0.3,1.61,1.E-07));
#5792 = ADVANCED_FACE('',(#5793),#5815,.F.);
#5793 = FACE_BOUND('',#5794,.T.);
#5794 = EDGE_LOOP('',(#5795,#5802,#5803,#5810));
#5795 = ORIENTED_EDGE('',*,*,#5796,.T.);
#5796 = EDGE_CURVE('',#5797,#2701,#5799,.T.);
#5797 = VERTEX_POINT('',#5798);
#5798 = CARTESIAN_POINT('',(-0.3,2.01,0.2000001));
#5799 = B_SPLINE_CURVE_WITH_KNOTS('',1,(#5800,#5801),.UNSPECIFIED.,.F.,
  .F.,(2,2),(-0.4,-0.39),.PIECEWISE_BEZIER_KNOTS.);
#5800 = CARTESIAN_POINT('',(-0.3,2.01,0.2000001));
#5801 = CARTESIAN_POINT('',(-0.3,2.,0.2000001));
#5802 = ORIENTED_EDGE('',*,*,#2700,.T.);
#5803 = ORIENTED_EDGE('',*,*,#5804,.T.);
#5804 = EDGE_CURVE('',#2694,#5805,#5807,.T.);
#5805 = VERTEX_POINT('',#5806);
#5806 = CARTESIAN_POINT('',(-9.999999999999E-02,2.01,0.2000001));
#5807 = B_SPLINE_CURVE_WITH_KNOTS('',1,(#5808,#5809),.UNSPECIFIED.,.F.,
  .F.,(2,2),(0.39,0.4),.PIECEWISE_BEZIER_KNOTS.);
#5808 = CARTESIAN_POINT('',(-9.999999999999E-02,2.,0.2000001));
#5809 = CARTESIAN_POINT('',(-9.999999999999E-02,2.01,0.2000001));
#5810 = ORIENTED_EDGE('',*,*,#5811,.T.);
#5811 = EDGE_CURVE('',#5805,#5797,#5812,.T.);
#5812 = B_SPLINE_CURVE_WITH_KNOTS('',1,(#5813,#5814),.UNSPECIFIED.,.F.,
  .F.,(2,2),(-0.2,0.),.PIECEWISE_BEZIER_KNOTS.);
#5813 = CARTESIAN_POINT('',(-9.999999999999E-02,2.01,0.2000001));
#5814 = CARTESIAN_POINT('',(-0.3,2.01,0.2000001));
#5815 = B_SPLINE_SURFACE_WITH_KNOTS('',1,1,(
    (#5816,#5817)
    ,(#5818,#5819
    )),.UNSPECIFIED.,.F.,.F.,.F.,(2,2),(2,2),(1.3,1.5),(-2.01,-2.),
  .PIECEWISE_BEZIER_KNOTS.);
#5816 = CARTESIAN_POINT('',(-0.3,2.01,0.2000001));
#5817 = CARTESIAN_POINT('',(-0.3,2.,0.2000001));
#5818 = CARTESIAN_POINT('',(-9.999999999999E-02,2.01,0.2000001));
#5819 = CARTESIAN_POINT('',(-9.999999999999E-02,2.,0.2000001));
#5820 = ADVANCED_FACE('',(#5821),#5845,.F.);
#5821 = FACE_BOUND('',#5822,.T.);
#5822 = EDGE_LOOP('',(#5823,#5824,#5825,#5826,#5833,#5840));
#5823 = ORIENTED_EDGE('',*,*,#1809,.F.);
#5824 = ORIENTED_EDGE('',*,*,#2707,.T.);
#5825 = ORIENTED_EDGE('',*,*,#5796,.F.);
#5826 = ORIENTED_EDGE('',*,*,#5827,.T.);
#5827 = EDGE_CURVE('',#5797,#5828,#5830,.T.);
#5828 = VERTEX_POINT('',#5829);
#5829 = CARTESIAN_POINT('',(-0.3,2.01,1.E-07));
#5830 = B_SPLINE_CURVE_WITH_KNOTS('',1,(#5831,#5832),.UNSPECIFIED.,.F.,
  .F.,(2,2),(-0.,0.2),.PIECEWISE_BEZIER_KNOTS.);
#5831 = CARTESIAN_POINT('',(-0.3,2.01,0.2000001));
#5832 = CARTESIAN_POINT('',(-0.3,2.01,1.E-07));
#5833 = ORIENTED_EDGE('',*,*,#5834,.T.);
#5834 = EDGE_CURVE('',#5828,#5835,#5837,.T.);
#5835 = VERTEX_POINT('',#5836);
#5836 = CARTESIAN_POINT('',(-0.3,1.61,1.E-07));
#5837 = B_SPLINE_CURVE_WITH_KNOTS('',1,(#5838,#5839),.UNSPECIFIED.,.F.,
  .F.,(2,2),(-0.4,0.),.PIECEWISE_BEZIER_KNOTS.);
#5838 = CARTESIAN_POINT('',(-0.3,2.01,1.E-07));
#5839 = CARTESIAN_POINT('',(-0.3,1.61,1.E-07));
#5840 = ORIENTED_EDGE('',*,*,#5841,.F.);
#5841 = EDGE_CURVE('',#1810,#5835,#5842,.T.);
#5842 = B_SPLINE_CURVE_WITH_KNOTS('',1,(#5843,#5844),.UNSPECIFIED.,.F.,
  .F.,(2,2),(0.19,0.2),.PIECEWISE_BEZIER_KNOTS.);
#5843 = CARTESIAN_POINT('',(-0.3,1.61,1.00001E-02));
#5844 = CARTESIAN_POINT('',(-0.3,1.61,1.E-07));
#5845 = B_SPLINE_SURFACE_WITH_KNOTS('',1,1,(
    (#5846,#5847)
    ,(#5848,#5849
    )),.UNSPECIFIED.,.F.,.F.,.F.,(2,2),(2,2),(0.,0.4),(-0.2,0.),
  .PIECEWISE_BEZIER_KNOTS.);
#5846 = CARTESIAN_POINT('',(-0.3,1.61,1.E-07));
#5847 = CARTESIAN_POINT('',(-0.3,1.61,0.2000001));
#5848 = CARTESIAN_POINT('',(-0.3,2.01,1.E-07));
#5849 = CARTESIAN_POINT('',(-0.3,2.01,0.2000001));
#5850 = ADVANCED_FACE('',(#5851),#5867,.F.);
#5851 = FACE_BOUND('',#5852,.T.);
#5852 = EDGE_LOOP('',(#5853,#5854,#5855,#5862));
#5853 = ORIENTED_EDGE('',*,*,#1816,.F.);
#5854 = ORIENTED_EDGE('',*,*,#5841,.T.);
#5855 = ORIENTED_EDGE('',*,*,#5856,.T.);
#5856 = EDGE_CURVE('',#5835,#5857,#5859,.T.);
#5857 = VERTEX_POINT('',#5858);
#5858 = CARTESIAN_POINT('',(-9.999999999999E-02,1.61,1.E-07));
#5859 = B_SPLINE_CURVE_WITH_KNOTS('',1,(#5860,#5861),.UNSPECIFIED.,.F.,
  .F.,(2,2),(0.,0.2),.PIECEWISE_BEZIER_KNOTS.);
#5860 = CARTESIAN_POINT('',(-0.3,1.61,1.E-07));
#5861 = CARTESIAN_POINT('',(-9.999999999999E-02,1.61,1.E-07));
#5862 = ORIENTED_EDGE('',*,*,#5863,.F.);
#5863 = EDGE_CURVE('',#1817,#5857,#5864,.T.);
#5864 = B_SPLINE_CURVE_WITH_KNOTS('',1,(#5865,#5866),.UNSPECIFIED.,.F.,
  .F.,(2,2),(0.19,0.2),.PIECEWISE_BEZIER_KNOTS.);
#5865 = CARTESIAN_POINT('',(-9.999999999999E-02,1.61,1.00001E-02));
#5866 = CARTESIAN_POINT('',(-9.999999999999E-02,1.61,1.E-07));
#5867 = B_SPLINE_SURFACE_WITH_KNOTS('',1,1,(
    (#5868,#5869)
    ,(#5870,#5871
    )),.UNSPECIFIED.,.F.,.F.,.F.,(2,2),(2,2),(-0.2,0.),(-0.2,-0.19),
  .PIECEWISE_BEZIER_KNOTS.);
#5868 = CARTESIAN_POINT('',(-9.999999999999E-02,1.61,1.E-07));
#5869 = CARTESIAN_POINT('',(-9.999999999999E-02,1.61,1.00001E-02));
#5870 = CARTESIAN_POINT('',(-0.3,1.61,1.E-07));
#5871 = CARTESIAN_POINT('',(-0.3,1.61,1.00001E-02));
#5872 = ADVANCED_FACE('',(#5873),#5891,.F.);
#5873 = FACE_BOUND('',#5874,.T.);
#5874 = EDGE_LOOP('',(#5875,#5876,#5877,#5884,#5889,#5890));
#5875 = ORIENTED_EDGE('',*,*,#1823,.F.);
#5876 = ORIENTED_EDGE('',*,*,#5863,.T.);
#5877 = ORIENTED_EDGE('',*,*,#5878,.T.);
#5878 = EDGE_CURVE('',#5857,#5879,#5881,.T.);
#5879 = VERTEX_POINT('',#5880);
#5880 = CARTESIAN_POINT('',(-9.999999999999E-02,2.01,1.E-07));
#5881 = B_SPLINE_CURVE_WITH_KNOTS('',1,(#5882,#5883),.UNSPECIFIED.,.F.,
  .F.,(2,2),(0.,0.4),.PIECEWISE_BEZIER_KNOTS.);
#5882 = CARTESIAN_POINT('',(-9.999999999999E-02,1.61,1.E-07));
#5883 = CARTESIAN_POINT('',(-9.999999999999E-02,2.01,1.E-07));
#5884 = ORIENTED_EDGE('',*,*,#5885,.F.);
#5885 = EDGE_CURVE('',#5805,#5879,#5886,.T.);
#5886 = B_SPLINE_CURVE_WITH_KNOTS('',1,(#5887,#5888),.UNSPECIFIED.,.F.,
  .F.,(2,2),(-0.,0.2),.PIECEWISE_BEZIER_KNOTS.);
#5887 = CARTESIAN_POINT('',(-9.999999999999E-02,2.01,0.2000001));
#5888 = CARTESIAN_POINT('',(-9.999999999999E-02,2.01,1.E-07));
#5889 = ORIENTED_EDGE('',*,*,#5804,.F.);
#5890 = ORIENTED_EDGE('',*,*,#2693,.T.);
#5891 = B_SPLINE_SURFACE_WITH_KNOTS('',1,1,(
    (#5892,#5893)
    ,(#5894,#5895
    )),.UNSPECIFIED.,.F.,.F.,.F.,(2,2),(2,2),(-0.4,0.),(-0.2,0.),
  .PIECEWISE_BEZIER_KNOTS.);
#5892 = CARTESIAN_POINT('',(-9.999999999999E-02,2.01,1.E-07));
#5893 = CARTESIAN_POINT('',(-9.999999999999E-02,2.01,0.2000001));
#5894 = CARTESIAN_POINT('',(-9.999999999999E-02,1.61,1.E-07));
#5895 = CARTESIAN_POINT('',(-9.999999999999E-02,1.61,0.2000001));
#5896 = ADVANCED_FACE('',(#5897),#5907,.F.);
#5897 = FACE_BOUND('',#5898,.T.);
#5898 = EDGE_LOOP('',(#5899,#5904,#5905,#5906));
#5899 = ORIENTED_EDGE('',*,*,#5900,.T.);
#5900 = EDGE_CURVE('',#5879,#5828,#5901,.T.);
#5901 = B_SPLINE_CURVE_WITH_KNOTS('',1,(#5902,#5903),.UNSPECIFIED.,.F.,
  .F.,(2,2),(-0.2,0.),.PIECEWISE_BEZIER_KNOTS.);
#5902 = CARTESIAN_POINT('',(-9.999999999999E-02,2.01,1.E-07));
#5903 = CARTESIAN_POINT('',(-0.3,2.01,1.E-07));
#5904 = ORIENTED_EDGE('',*,*,#5827,.F.);
#5905 = ORIENTED_EDGE('',*,*,#5811,.F.);
#5906 = ORIENTED_EDGE('',*,*,#5885,.T.);
#5907 = B_SPLINE_SURFACE_WITH_KNOTS('',1,1,(
    (#5908,#5909)
    ,(#5910,#5911
    )),.UNSPECIFIED.,.F.,.F.,.F.,(2,2),(2,2),(0.,0.2),(0.,0.2),
  .PIECEWISE_BEZIER_KNOTS.);
#5908 = CARTESIAN_POINT('',(-0.3,2.01,0.2000001));
#5909 = CARTESIAN_POINT('',(-9.999999999999E-02,2.01,0.2000001));
#5910 = CARTESIAN_POINT('',(-0.3,2.01,1.E-07));
#5911 = CARTESIAN_POINT('',(-9.999999999999E-02,2.01,1.E-07));
#5912 = ADVANCED_FACE('',(#5913),#5919,.T.);
#5913 = FACE_BOUND('',#5914,.T.);
#5914 = EDGE_LOOP('',(#5915,#5916,#5917,#5918));
#5915 = ORIENTED_EDGE('',*,*,#5834,.F.);
#5916 = ORIENTED_EDGE('',*,*,#5900,.F.);
#5917 = ORIENTED_EDGE('',*,*,#5878,.F.);
#5918 = ORIENTED_EDGE('',*,*,#5856,.F.);
#5919 = B_SPLINE_SURFACE_WITH_KNOTS('',1,1,(
    (#5920,#5921)
    ,(#5922,#5923
    )),.UNSPECIFIED.,.F.,.F.,.F.,(2,2),(2,2),(1.3,1.5),(-2.01,-1.61),
  .PIECEWISE_BEZIER_KNOTS.);
#5920 = CARTESIAN_POINT('',(-0.3,2.01,1.E-07));
#5921 = CARTESIAN_POINT('',(-0.3,1.61,1.E-07));
#5922 = CARTESIAN_POINT('',(-9.999999999999E-02,2.01,1.E-07));
#5923 = CARTESIAN_POINT('',(-9.999999999999E-02,1.61,1.E-07));
#5924 = ADVANCED_FACE('',(#5925),#5947,.F.);
#5925 = FACE_BOUND('',#5926,.T.);
#5926 = EDGE_LOOP('',(#5927,#5934,#5935,#5942));
#5927 = ORIENTED_EDGE('',*,*,#5928,.T.);
#5928 = EDGE_CURVE('',#5929,#2721,#5931,.T.);
#5929 = VERTEX_POINT('',#5930);
#5930 = CARTESIAN_POINT('',(-0.7,2.01,0.2000001));
#5931 = B_SPLINE_CURVE_WITH_KNOTS('',1,(#5932,#5933),.UNSPECIFIED.,.F.,
  .F.,(2,2),(-0.4,-0.39),.PIECEWISE_BEZIER_KNOTS.);
#5932 = CARTESIAN_POINT('',(-0.7,2.01,0.2000001));
#5933 = CARTESIAN_POINT('',(-0.7,2.,0.2000001));
#5934 = ORIENTED_EDGE('',*,*,#2720,.T.);
#5935 = ORIENTED_EDGE('',*,*,#5936,.T.);
#5936 = EDGE_CURVE('',#2714,#5937,#5939,.T.);
#5937 = VERTEX_POINT('',#5938);
#5938 = CARTESIAN_POINT('',(-0.5,2.01,0.2000001));
#5939 = B_SPLINE_CURVE_WITH_KNOTS('',1,(#5940,#5941),.UNSPECIFIED.,.F.,
  .F.,(2,2),(0.39,0.4),.PIECEWISE_BEZIER_KNOTS.);
#5940 = CARTESIAN_POINT('',(-0.5,2.,0.2000001));
#5941 = CARTESIAN_POINT('',(-0.5,2.01,0.2000001));
#5942 = ORIENTED_EDGE('',*,*,#5943,.T.);
#5943 = EDGE_CURVE('',#5937,#5929,#5944,.T.);
#5944 = B_SPLINE_CURVE_WITH_KNOTS('',1,(#5945,#5946),.UNSPECIFIED.,.F.,
  .F.,(2,2),(-0.2,0.),.PIECEWISE_BEZIER_KNOTS.);
#5945 = CARTESIAN_POINT('',(-0.5,2.01,0.2000001));
#5946 = CARTESIAN_POINT('',(-0.7,2.01,0.2000001));
#5947 = B_SPLINE_SURFACE_WITH_KNOTS('',1,1,(
    (#5948,#5949)
    ,(#5950,#5951
    )),.UNSPECIFIED.,.F.,.F.,.F.,(2,2),(2,2),(1.3,1.5),(-2.01,-2.),
  .PIECEWISE_BEZIER_KNOTS.);
#5948 = CARTESIAN_POINT('',(-0.7,2.01,0.2000001));
#5949 = CARTESIAN_POINT('',(-0.7,2.,0.2000001));
#5950 = CARTESIAN_POINT('',(-0.5,2.01,0.2000001));
#5951 = CARTESIAN_POINT('',(-0.5,2.,0.2000001));
#5952 = ADVANCED_FACE('',(#5953),#5977,.F.);
#5953 = FACE_BOUND('',#5954,.T.);
#5954 = EDGE_LOOP('',(#5955,#5956,#5957,#5958,#5965,#5972));
#5955 = ORIENTED_EDGE('',*,*,#1781,.F.);
#5956 = ORIENTED_EDGE('',*,*,#2727,.T.);
#5957 = ORIENTED_EDGE('',*,*,#5928,.F.);
#5958 = ORIENTED_EDGE('',*,*,#5959,.T.);
#5959 = EDGE_CURVE('',#5929,#5960,#5962,.T.);
#5960 = VERTEX_POINT('',#5961);
#5961 = CARTESIAN_POINT('',(-0.7,2.01,1.E-07));
#5962 = B_SPLINE_CURVE_WITH_KNOTS('',1,(#5963,#5964),.UNSPECIFIED.,.F.,
  .F.,(2,2),(-0.,0.2),.PIECEWISE_BEZIER_KNOTS.);
#5963 = CARTESIAN_POINT('',(-0.7,2.01,0.2000001));
#5964 = CARTESIAN_POINT('',(-0.7,2.01,1.E-07));
#5965 = ORIENTED_EDGE('',*,*,#5966,.T.);
#5966 = EDGE_CURVE('',#5960,#5967,#5969,.T.);
#5967 = VERTEX_POINT('',#5968);
#5968 = CARTESIAN_POINT('',(-0.7,1.61,1.E-07));
#5969 = B_SPLINE_CURVE_WITH_KNOTS('',1,(#5970,#5971),.UNSPECIFIED.,.F.,
  .F.,(2,2),(-0.4,0.),.PIECEWISE_BEZIER_KNOTS.);
#5970 = CARTESIAN_POINT('',(-0.7,2.01,1.E-07));
#5971 = CARTESIAN_POINT('',(-0.7,1.61,1.E-07));
#5972 = ORIENTED_EDGE('',*,*,#5973,.F.);
#5973 = EDGE_CURVE('',#1782,#5967,#5974,.T.);
#5974 = B_SPLINE_CURVE_WITH_KNOTS('',1,(#5975,#5976),.UNSPECIFIED.,.F.,
  .F.,(2,2),(0.19,0.2),.PIECEWISE_BEZIER_KNOTS.);
#5975 = CARTESIAN_POINT('',(-0.7,1.61,1.00001E-02));
#5976 = CARTESIAN_POINT('',(-0.7,1.61,1.E-07));
#5977 = B_SPLINE_SURFACE_WITH_KNOTS('',1,1,(
    (#5978,#5979)
    ,(#5980,#5981
    )),.UNSPECIFIED.,.F.,.F.,.F.,(2,2),(2,2),(0.,0.4),(-0.2,0.),
  .PIECEWISE_BEZIER_KNOTS.);
#5978 = CARTESIAN_POINT('',(-0.7,1.61,1.E-07));
#5979 = CARTESIAN_POINT('',(-0.7,1.61,0.2000001));
#5980 = CARTESIAN_POINT('',(-0.7,2.01,1.E-07));
#5981 = CARTESIAN_POINT('',(-0.7,2.01,0.2000001));
#5982 = ADVANCED_FACE('',(#5983),#5999,.F.);
#5983 = FACE_BOUND('',#5984,.T.);
#5984 = EDGE_LOOP('',(#5985,#5986,#5987,#5994));
#5985 = ORIENTED_EDGE('',*,*,#1788,.F.);
#5986 = ORIENTED_EDGE('',*,*,#5973,.T.);
#5987 = ORIENTED_EDGE('',*,*,#5988,.T.);
#5988 = EDGE_CURVE('',#5967,#5989,#5991,.T.);
#5989 = VERTEX_POINT('',#5990);
#5990 = CARTESIAN_POINT('',(-0.5,1.61,1.E-07));
#5991 = B_SPLINE_CURVE_WITH_KNOTS('',1,(#5992,#5993),.UNSPECIFIED.,.F.,
  .F.,(2,2),(0.,0.2),.PIECEWISE_BEZIER_KNOTS.);
#5992 = CARTESIAN_POINT('',(-0.7,1.61,1.E-07));
#5993 = CARTESIAN_POINT('',(-0.5,1.61,1.E-07));
#5994 = ORIENTED_EDGE('',*,*,#5995,.F.);
#5995 = EDGE_CURVE('',#1789,#5989,#5996,.T.);
#5996 = B_SPLINE_CURVE_WITH_KNOTS('',1,(#5997,#5998),.UNSPECIFIED.,.F.,
  .F.,(2,2),(0.19,0.2),.PIECEWISE_BEZIER_KNOTS.);
#5997 = CARTESIAN_POINT('',(-0.5,1.61,1.00001E-02));
#5998 = CARTESIAN_POINT('',(-0.5,1.61,1.E-07));
#5999 = B_SPLINE_SURFACE_WITH_KNOTS('',1,1,(
    (#6000,#6001)
    ,(#6002,#6003
    )),.UNSPECIFIED.,.F.,.F.,.F.,(2,2),(2,2),(-0.2,0.),(-0.2,-0.19),
  .PIECEWISE_BEZIER_KNOTS.);
#6000 = CARTESIAN_POINT('',(-0.5,1.61,1.E-07));
#6001 = CARTESIAN_POINT('',(-0.5,1.61,1.00001E-02));
#6002 = CARTESIAN_POINT('',(-0.7,1.61,1.E-07));
#6003 = CARTESIAN_POINT('',(-0.7,1.61,1.00001E-02));
#6004 = ADVANCED_FACE('',(#6005),#6023,.F.);
#6005 = FACE_BOUND('',#6006,.T.);
#6006 = EDGE_LOOP('',(#6007,#6008,#6009,#6016,#6021,#6022));
#6007 = ORIENTED_EDGE('',*,*,#1795,.F.);
#6008 = ORIENTED_EDGE('',*,*,#5995,.T.);
#6009 = ORIENTED_EDGE('',*,*,#6010,.T.);
#6010 = EDGE_CURVE('',#5989,#6011,#6013,.T.);
#6011 = VERTEX_POINT('',#6012);
#6012 = CARTESIAN_POINT('',(-0.5,2.01,1.E-07));
#6013 = B_SPLINE_CURVE_WITH_KNOTS('',1,(#6014,#6015),.UNSPECIFIED.,.F.,
  .F.,(2,2),(0.,0.4),.PIECEWISE_BEZIER_KNOTS.);
#6014 = CARTESIAN_POINT('',(-0.5,1.61,1.E-07));
#6015 = CARTESIAN_POINT('',(-0.5,2.01,1.E-07));
#6016 = ORIENTED_EDGE('',*,*,#6017,.F.);
#6017 = EDGE_CURVE('',#5937,#6011,#6018,.T.);
#6018 = B_SPLINE_CURVE_WITH_KNOTS('',1,(#6019,#6020),.UNSPECIFIED.,.F.,
  .F.,(2,2),(-0.,0.2),.PIECEWISE_BEZIER_KNOTS.);
#6019 = CARTESIAN_POINT('',(-0.5,2.01,0.2000001));
#6020 = CARTESIAN_POINT('',(-0.5,2.01,1.E-07));
#6021 = ORIENTED_EDGE('',*,*,#5936,.F.);
#6022 = ORIENTED_EDGE('',*,*,#2713,.T.);
#6023 = B_SPLINE_SURFACE_WITH_KNOTS('',1,1,(
    (#6024,#6025)
    ,(#6026,#6027
    )),.UNSPECIFIED.,.F.,.F.,.F.,(2,2),(2,2),(-0.4,0.),(-0.2,0.),
  .PIECEWISE_BEZIER_KNOTS.);
#6024 = CARTESIAN_POINT('',(-0.5,2.01,1.E-07));
#6025 = CARTESIAN_POINT('',(-0.5,2.01,0.2000001));
#6026 = CARTESIAN_POINT('',(-0.5,1.61,1.E-07));
#6027 = CARTESIAN_POINT('',(-0.5,1.61,0.2000001));
#6028 = ADVANCED_FACE('',(#6029),#6039,.F.);
#6029 = FACE_BOUND('',#6030,.T.);
#6030 = EDGE_LOOP('',(#6031,#6036,#6037,#6038));
#6031 = ORIENTED_EDGE('',*,*,#6032,.T.);
#6032 = EDGE_CURVE('',#6011,#5960,#6033,.T.);
#6033 = B_SPLINE_CURVE_WITH_KNOTS('',1,(#6034,#6035),.UNSPECIFIED.,.F.,
  .F.,(2,2),(-0.2,0.),.PIECEWISE_BEZIER_KNOTS.);
#6034 = CARTESIAN_POINT('',(-0.5,2.01,1.E-07));
#6035 = CARTESIAN_POINT('',(-0.7,2.01,1.E-07));
#6036 = ORIENTED_EDGE('',*,*,#5959,.F.);
#6037 = ORIENTED_EDGE('',*,*,#5943,.F.);
#6038 = ORIENTED_EDGE('',*,*,#6017,.T.);
#6039 = B_SPLINE_SURFACE_WITH_KNOTS('',1,1,(
    (#6040,#6041)
    ,(#6042,#6043
    )),.UNSPECIFIED.,.F.,.F.,.F.,(2,2),(2,2),(0.,0.2),(0.,0.2),
  .PIECEWISE_BEZIER_KNOTS.);
#6040 = CARTESIAN_POINT('',(-0.7,2.01,0.2000001));
#6041 = CARTESIAN_POINT('',(-0.5,2.01,0.2000001));
#6042 = CARTESIAN_POINT('',(-0.7,2.01,1.E-07));
#6043 = CARTESIAN_POINT('',(-0.5,2.01,1.E-07));
#6044 = ADVANCED_FACE('',(#6045),#6051,.T.);
#6045 = FACE_BOUND('',#6046,.T.);
#6046 = EDGE_LOOP('',(#6047,#6048,#6049,#6050));
#6047 = ORIENTED_EDGE('',*,*,#5966,.F.);
#6048 = ORIENTED_EDGE('',*,*,#6032,.F.);
#6049 = ORIENTED_EDGE('',*,*,#6010,.F.);
#6050 = ORIENTED_EDGE('',*,*,#5988,.F.);
#6051 = B_SPLINE_SURFACE_WITH_KNOTS('',1,1,(
    (#6052,#6053)
    ,(#6054,#6055
    )),.UNSPECIFIED.,.F.,.F.,.F.,(2,2),(2,2),(1.3,1.5),(-2.01,-1.61),
  .PIECEWISE_BEZIER_KNOTS.);
#6052 = CARTESIAN_POINT('',(-0.7,2.01,1.E-07));
#6053 = CARTESIAN_POINT('',(-0.7,1.61,1.E-07));
#6054 = CARTESIAN_POINT('',(-0.5,2.01,1.E-07));
#6055 = CARTESIAN_POINT('',(-0.5,1.61,1.E-07));
#6056 = ADVANCED_FACE('',(#6057),#6079,.F.);
#6057 = FACE_BOUND('',#6058,.T.);
#6058 = EDGE_LOOP('',(#6059,#6066,#6067,#6074));
#6059 = ORIENTED_EDGE('',*,*,#6060,.T.);
#6060 = EDGE_CURVE('',#6061,#2741,#6063,.T.);
#6061 = VERTEX_POINT('',#6062);
#6062 = CARTESIAN_POINT('',(-1.1,2.01,0.2000001));
#6063 = B_SPLINE_CURVE_WITH_KNOTS('',1,(#6064,#6065),.UNSPECIFIED.,.F.,
  .F.,(2,2),(-0.4,-0.39),.PIECEWISE_BEZIER_KNOTS.);
#6064 = CARTESIAN_POINT('',(-1.1,2.01,0.2000001));
#6065 = CARTESIAN_POINT('',(-1.1,2.,0.2000001));
#6066 = ORIENTED_EDGE('',*,*,#2740,.T.);
#6067 = ORIENTED_EDGE('',*,*,#6068,.T.);
#6068 = EDGE_CURVE('',#2734,#6069,#6071,.T.);
#6069 = VERTEX_POINT('',#6070);
#6070 = CARTESIAN_POINT('',(-0.9,2.01,0.2000001));
#6071 = B_SPLINE_CURVE_WITH_KNOTS('',1,(#6072,#6073),.UNSPECIFIED.,.F.,
  .F.,(2,2),(0.39,0.4),.PIECEWISE_BEZIER_KNOTS.);
#6072 = CARTESIAN_POINT('',(-0.9,2.,0.2000001));
#6073 = CARTESIAN_POINT('',(-0.9,2.01,0.2000001));
#6074 = ORIENTED_EDGE('',*,*,#6075,.T.);
#6075 = EDGE_CURVE('',#6069,#6061,#6076,.T.);
#6076 = B_SPLINE_CURVE_WITH_KNOTS('',1,(#6077,#6078),.UNSPECIFIED.,.F.,
  .F.,(2,2),(-0.2,0.),.PIECEWISE_BEZIER_KNOTS.);
#6077 = CARTESIAN_POINT('',(-0.9,2.01,0.2000001));
#6078 = CARTESIAN_POINT('',(-1.1,2.01,0.2000001));
#6079 = B_SPLINE_SURFACE_WITH_KNOTS('',1,1,(
    (#6080,#6081)
    ,(#6082,#6083
    )),.UNSPECIFIED.,.F.,.F.,.F.,(2,2),(2,2),(1.3,1.5),(-2.01,-2.),
  .PIECEWISE_BEZIER_KNOTS.);
#6080 = CARTESIAN_POINT('',(-1.1,2.01,0.2000001));
#6081 = CARTESIAN_POINT('',(-1.1,2.,0.2000001));
#6082 = CARTESIAN_POINT('',(-0.9,2.01,0.2000001));
#6083 = CARTESIAN_POINT('',(-0.9,2.,0.2000001));
#6084 = ADVANCED_FACE('',(#6085),#6109,.F.);
#6085 = FACE_BOUND('',#6086,.T.);
#6086 = EDGE_LOOP('',(#6087,#6088,#6089,#6090,#6097,#6104));
#6087 = ORIENTED_EDGE('',*,*,#1753,.F.);
#6088 = ORIENTED_EDGE('',*,*,#2747,.T.);
#6089 = ORIENTED_EDGE('',*,*,#6060,.F.);
#6090 = ORIENTED_EDGE('',*,*,#6091,.T.);
#6091 = EDGE_CURVE('',#6061,#6092,#6094,.T.);
#6092 = VERTEX_POINT('',#6093);
#6093 = CARTESIAN_POINT('',(-1.1,2.01,1.E-07));
#6094 = B_SPLINE_CURVE_WITH_KNOTS('',1,(#6095,#6096),.UNSPECIFIED.,.F.,
  .F.,(2,2),(-0.,0.2),.PIECEWISE_BEZIER_KNOTS.);
#6095 = CARTESIAN_POINT('',(-1.1,2.01,0.2000001));
#6096 = CARTESIAN_POINT('',(-1.1,2.01,1.E-07));
#6097 = ORIENTED_EDGE('',*,*,#6098,.T.);
#6098 = EDGE_CURVE('',#6092,#6099,#6101,.T.);
#6099 = VERTEX_POINT('',#6100);
#6100 = CARTESIAN_POINT('',(-1.1,1.61,1.E-07));
#6101 = B_SPLINE_CURVE_WITH_KNOTS('',1,(#6102,#6103),.UNSPECIFIED.,.F.,
  .F.,(2,2),(-0.4,0.),.PIECEWISE_BEZIER_KNOTS.);
#6102 = CARTESIAN_POINT('',(-1.1,2.01,1.E-07));
#6103 = CARTESIAN_POINT('',(-1.1,1.61,1.E-07));
#6104 = ORIENTED_EDGE('',*,*,#6105,.F.);
#6105 = EDGE_CURVE('',#1754,#6099,#6106,.T.);
#6106 = B_SPLINE_CURVE_WITH_KNOTS('',1,(#6107,#6108),.UNSPECIFIED.,.F.,
  .F.,(2,2),(0.19,0.2),.PIECEWISE_BEZIER_KNOTS.);
#6107 = CARTESIAN_POINT('',(-1.1,1.61,1.00001E-02));
#6108 = CARTESIAN_POINT('',(-1.1,1.61,1.E-07));
#6109 = B_SPLINE_SURFACE_WITH_KNOTS('',1,1,(
    (#6110,#6111)
    ,(#6112,#6113
    )),.UNSPECIFIED.,.F.,.F.,.F.,(2,2),(2,2),(0.,0.4),(-0.2,0.),
  .PIECEWISE_BEZIER_KNOTS.);
#6110 = CARTESIAN_POINT('',(-1.1,1.61,1.E-07));
#6111 = CARTESIAN_POINT('',(-1.1,1.61,0.2000001));
#6112 = CARTESIAN_POINT('',(-1.1,2.01,1.E-07));
#6113 = CARTESIAN_POINT('',(-1.1,2.01,0.2000001));
#6114 = ADVANCED_FACE('',(#6115),#6131,.F.);
#6115 = FACE_BOUND('',#6116,.T.);
#6116 = EDGE_LOOP('',(#6117,#6118,#6119,#6126));
#6117 = ORIENTED_EDGE('',*,*,#1760,.F.);
#6118 = ORIENTED_EDGE('',*,*,#6105,.T.);
#6119 = ORIENTED_EDGE('',*,*,#6120,.T.);
#6120 = EDGE_CURVE('',#6099,#6121,#6123,.T.);
#6121 = VERTEX_POINT('',#6122);
#6122 = CARTESIAN_POINT('',(-0.9,1.61,1.E-07));
#6123 = B_SPLINE_CURVE_WITH_KNOTS('',1,(#6124,#6125),.UNSPECIFIED.,.F.,
  .F.,(2,2),(0.,0.2),.PIECEWISE_BEZIER_KNOTS.);
#6124 = CARTESIAN_POINT('',(-1.1,1.61,1.E-07));
#6125 = CARTESIAN_POINT('',(-0.9,1.61,1.E-07));
#6126 = ORIENTED_EDGE('',*,*,#6127,.F.);
#6127 = EDGE_CURVE('',#1761,#6121,#6128,.T.);
#6128 = B_SPLINE_CURVE_WITH_KNOTS('',1,(#6129,#6130),.UNSPECIFIED.,.F.,
  .F.,(2,2),(0.19,0.2),.PIECEWISE_BEZIER_KNOTS.);
#6129 = CARTESIAN_POINT('',(-0.9,1.61,1.00001E-02));
#6130 = CARTESIAN_POINT('',(-0.9,1.61,1.E-07));
#6131 = B_SPLINE_SURFACE_WITH_KNOTS('',1,1,(
    (#6132,#6133)
    ,(#6134,#6135
    )),.UNSPECIFIED.,.F.,.F.,.F.,(2,2),(2,2),(-0.2,0.),(-0.2,-0.19),
  .PIECEWISE_BEZIER_KNOTS.);
#6132 = CARTESIAN_POINT('',(-0.9,1.61,1.E-07));
#6133 = CARTESIAN_POINT('',(-0.9,1.61,1.00001E-02));
#6134 = CARTESIAN_POINT('',(-1.1,1.61,1.E-07));
#6135 = CARTESIAN_POINT('',(-1.1,1.61,1.00001E-02));
#6136 = ADVANCED_FACE('',(#6137),#6155,.F.);
#6137 = FACE_BOUND('',#6138,.T.);
#6138 = EDGE_LOOP('',(#6139,#6140,#6141,#6148,#6153,#6154));
#6139 = ORIENTED_EDGE('',*,*,#1767,.F.);
#6140 = ORIENTED_EDGE('',*,*,#6127,.T.);
#6141 = ORIENTED_EDGE('',*,*,#6142,.T.);
#6142 = EDGE_CURVE('',#6121,#6143,#6145,.T.);
#6143 = VERTEX_POINT('',#6144);
#6144 = CARTESIAN_POINT('',(-0.9,2.01,1.E-07));
#6145 = B_SPLINE_CURVE_WITH_KNOTS('',1,(#6146,#6147),.UNSPECIFIED.,.F.,
  .F.,(2,2),(0.,0.4),.PIECEWISE_BEZIER_KNOTS.);
#6146 = CARTESIAN_POINT('',(-0.9,1.61,1.E-07));
#6147 = CARTESIAN_POINT('',(-0.9,2.01,1.E-07));
#6148 = ORIENTED_EDGE('',*,*,#6149,.F.);
#6149 = EDGE_CURVE('',#6069,#6143,#6150,.T.);
#6150 = B_SPLINE_CURVE_WITH_KNOTS('',1,(#6151,#6152),.UNSPECIFIED.,.F.,
  .F.,(2,2),(-0.,0.2),.PIECEWISE_BEZIER_KNOTS.);
#6151 = CARTESIAN_POINT('',(-0.9,2.01,0.2000001));
#6152 = CARTESIAN_POINT('',(-0.9,2.01,1.E-07));
#6153 = ORIENTED_EDGE('',*,*,#6068,.F.);
#6154 = ORIENTED_EDGE('',*,*,#2733,.T.);
#6155 = B_SPLINE_SURFACE_WITH_KNOTS('',1,1,(
    (#6156,#6157)
    ,(#6158,#6159
    )),.UNSPECIFIED.,.F.,.F.,.F.,(2,2),(2,2),(-0.4,0.),(-0.2,0.),
  .PIECEWISE_BEZIER_KNOTS.);
#6156 = CARTESIAN_POINT('',(-0.9,2.01,1.E-07));
#6157 = CARTESIAN_POINT('',(-0.9,2.01,0.2000001));
#6158 = CARTESIAN_POINT('',(-0.9,1.61,1.E-07));
#6159 = CARTESIAN_POINT('',(-0.9,1.61,0.2000001));
#6160 = ADVANCED_FACE('',(#6161),#6171,.F.);
#6161 = FACE_BOUND('',#6162,.T.);
#6162 = EDGE_LOOP('',(#6163,#6168,#6169,#6170));
#6163 = ORIENTED_EDGE('',*,*,#6164,.T.);
#6164 = EDGE_CURVE('',#6143,#6092,#6165,.T.);
#6165 = B_SPLINE_CURVE_WITH_KNOTS('',1,(#6166,#6167),.UNSPECIFIED.,.F.,
  .F.,(2,2),(-0.2,0.),.PIECEWISE_BEZIER_KNOTS.);
#6166 = CARTESIAN_POINT('',(-0.9,2.01,1.E-07));
#6167 = CARTESIAN_POINT('',(-1.1,2.01,1.E-07));
#6168 = ORIENTED_EDGE('',*,*,#6091,.F.);
#6169 = ORIENTED_EDGE('',*,*,#6075,.F.);
#6170 = ORIENTED_EDGE('',*,*,#6149,.T.);
#6171 = B_SPLINE_SURFACE_WITH_KNOTS('',1,1,(
    (#6172,#6173)
    ,(#6174,#6175
    )),.UNSPECIFIED.,.F.,.F.,.F.,(2,2),(2,2),(0.,0.2),(0.,0.2),
  .PIECEWISE_BEZIER_KNOTS.);
#6172 = CARTESIAN_POINT('',(-1.1,2.01,0.2000001));
#6173 = CARTESIAN_POINT('',(-0.9,2.01,0.2000001));
#6174 = CARTESIAN_POINT('',(-1.1,2.01,1.E-07));
#6175 = CARTESIAN_POINT('',(-0.9,2.01,1.E-07));
#6176 = ADVANCED_FACE('',(#6177),#6183,.T.);
#6177 = FACE_BOUND('',#6178,.T.);
#6178 = EDGE_LOOP('',(#6179,#6180,#6181,#6182));
#6179 = ORIENTED_EDGE('',*,*,#6098,.F.);
#6180 = ORIENTED_EDGE('',*,*,#6164,.F.);
#6181 = ORIENTED_EDGE('',*,*,#6142,.F.);
#6182 = ORIENTED_EDGE('',*,*,#6120,.F.);
#6183 = B_SPLINE_SURFACE_WITH_KNOTS('',1,1,(
    (#6184,#6185)
    ,(#6186,#6187
    )),.UNSPECIFIED.,.F.,.F.,.F.,(2,2),(2,2),(1.3,1.5),(-2.01,-1.61),
  .PIECEWISE_BEZIER_KNOTS.);
#6184 = CARTESIAN_POINT('',(-1.1,2.01,1.E-07));
#6185 = CARTESIAN_POINT('',(-1.1,1.61,1.E-07));
#6186 = CARTESIAN_POINT('',(-0.9,2.01,1.E-07));
#6187 = CARTESIAN_POINT('',(-0.9,1.61,1.E-07));
#6188 = ADVANCED_FACE('',(#6189),#6211,.F.);
#6189 = FACE_BOUND('',#6190,.T.);
#6190 = EDGE_LOOP('',(#6191,#6198,#6199,#6206));
#6191 = ORIENTED_EDGE('',*,*,#6192,.T.);
#6192 = EDGE_CURVE('',#6193,#2598,#6195,.T.);
#6193 = VERTEX_POINT('',#6194);
#6194 = CARTESIAN_POINT('',(-1.5,2.01,0.2000001));
#6195 = B_SPLINE_CURVE_WITH_KNOTS('',1,(#6196,#6197),.UNSPECIFIED.,.F.,
  .F.,(2,2),(-0.4,-0.39),.PIECEWISE_BEZIER_KNOTS.);
#6196 = CARTESIAN_POINT('',(-1.5,2.01,0.2000001));
#6197 = CARTESIAN_POINT('',(-1.5,2.,0.2000001));
#6198 = ORIENTED_EDGE('',*,*,#2760,.T.);
#6199 = ORIENTED_EDGE('',*,*,#6200,.T.);
#6200 = EDGE_CURVE('',#2754,#6201,#6203,.T.);
#6201 = VERTEX_POINT('',#6202);
#6202 = CARTESIAN_POINT('',(-1.3,2.01,0.2000001));
#6203 = B_SPLINE_CURVE_WITH_KNOTS('',1,(#6204,#6205),.UNSPECIFIED.,.F.,
  .F.,(2,2),(0.39,0.4),.PIECEWISE_BEZIER_KNOTS.);
#6204 = CARTESIAN_POINT('',(-1.3,2.,0.2000001));
#6205 = CARTESIAN_POINT('',(-1.3,2.01,0.2000001));
#6206 = ORIENTED_EDGE('',*,*,#6207,.T.);
#6207 = EDGE_CURVE('',#6201,#6193,#6208,.T.);
#6208 = B_SPLINE_CURVE_WITH_KNOTS('',1,(#6209,#6210),.UNSPECIFIED.,.F.,
  .F.,(2,2),(-0.2,0.),.PIECEWISE_BEZIER_KNOTS.);
#6209 = CARTESIAN_POINT('',(-1.3,2.01,0.2000001));
#6210 = CARTESIAN_POINT('',(-1.5,2.01,0.2000001));
#6211 = B_SPLINE_SURFACE_WITH_KNOTS('',1,1,(
    (#6212,#6213)
    ,(#6214,#6215
    )),.UNSPECIFIED.,.F.,.F.,.F.,(2,2),(2,2),(1.3,1.5),(-2.01,-2.),
  .PIECEWISE_BEZIER_KNOTS.);
#6212 = CARTESIAN_POINT('',(-1.5,2.01,0.2000001));
#6213 = CARTESIAN_POINT('',(-1.5,2.,0.2000001));
#6214 = CARTESIAN_POINT('',(-1.3,2.01,0.2000001));
#6215 = CARTESIAN_POINT('',(-1.3,2.,0.2000001));
#6216 = ADVANCED_FACE('',(#6217),#6241,.F.);
#6217 = FACE_BOUND('',#6218,.T.);
#6218 = EDGE_LOOP('',(#6219,#6220,#6221,#6222,#6229,#6236));
#6219 = ORIENTED_EDGE('',*,*,#1725,.F.);
#6220 = ORIENTED_EDGE('',*,*,#2597,.T.);
#6221 = ORIENTED_EDGE('',*,*,#6192,.F.);
#6222 = ORIENTED_EDGE('',*,*,#6223,.T.);
#6223 = EDGE_CURVE('',#6193,#6224,#6226,.T.);
#6224 = VERTEX_POINT('',#6225);
#6225 = CARTESIAN_POINT('',(-1.5,2.01,1.E-07));
#6226 = B_SPLINE_CURVE_WITH_KNOTS('',1,(#6227,#6228),.UNSPECIFIED.,.F.,
  .F.,(2,2),(-0.,0.2),.PIECEWISE_BEZIER_KNOTS.);
#6227 = CARTESIAN_POINT('',(-1.5,2.01,0.2000001));
#6228 = CARTESIAN_POINT('',(-1.5,2.01,1.E-07));
#6229 = ORIENTED_EDGE('',*,*,#6230,.T.);
#6230 = EDGE_CURVE('',#6224,#6231,#6233,.T.);
#6231 = VERTEX_POINT('',#6232);
#6232 = CARTESIAN_POINT('',(-1.5,1.61,1.E-07));
#6233 = B_SPLINE_CURVE_WITH_KNOTS('',1,(#6234,#6235),.UNSPECIFIED.,.F.,
  .F.,(2,2),(-0.4,0.),.PIECEWISE_BEZIER_KNOTS.);
#6234 = CARTESIAN_POINT('',(-1.5,2.01,1.E-07));
#6235 = CARTESIAN_POINT('',(-1.5,1.61,1.E-07));
#6236 = ORIENTED_EDGE('',*,*,#6237,.F.);
#6237 = EDGE_CURVE('',#1726,#6231,#6238,.T.);
#6238 = B_SPLINE_CURVE_WITH_KNOTS('',1,(#6239,#6240),.UNSPECIFIED.,.F.,
  .F.,(2,2),(0.19,0.2),.PIECEWISE_BEZIER_KNOTS.);
#6239 = CARTESIAN_POINT('',(-1.5,1.61,1.00001E-02));
#6240 = CARTESIAN_POINT('',(-1.5,1.61,1.E-07));
#6241 = B_SPLINE_SURFACE_WITH_KNOTS('',1,1,(
    (#6242,#6243)
    ,(#6244,#6245
    )),.UNSPECIFIED.,.F.,.F.,.F.,(2,2),(2,2),(0.,0.4),(-0.2,0.),
  .PIECEWISE_BEZIER_KNOTS.);
#6242 = CARTESIAN_POINT('',(-1.5,1.61,1.E-07));
#6243 = CARTESIAN_POINT('',(-1.5,1.61,0.2000001));
#6244 = CARTESIAN_POINT('',(-1.5,2.01,1.E-07));
#6245 = CARTESIAN_POINT('',(-1.5,2.01,0.2000001));
#6246 = ADVANCED_FACE('',(#6247),#6263,.F.);
#6247 = FACE_BOUND('',#6248,.T.);
#6248 = EDGE_LOOP('',(#6249,#6250,#6251,#6258));
#6249 = ORIENTED_EDGE('',*,*,#1732,.F.);
#6250 = ORIENTED_EDGE('',*,*,#6237,.T.);
#6251 = ORIENTED_EDGE('',*,*,#6252,.T.);
#6252 = EDGE_CURVE('',#6231,#6253,#6255,.T.);
#6253 = VERTEX_POINT('',#6254);
#6254 = CARTESIAN_POINT('',(-1.3,1.61,1.E-07));
#6255 = B_SPLINE_CURVE_WITH_KNOTS('',1,(#6256,#6257),.UNSPECIFIED.,.F.,
  .F.,(2,2),(0.,0.2),.PIECEWISE_BEZIER_KNOTS.);
#6256 = CARTESIAN_POINT('',(-1.5,1.61,1.E-07));
#6257 = CARTESIAN_POINT('',(-1.3,1.61,1.E-07));
#6258 = ORIENTED_EDGE('',*,*,#6259,.F.);
#6259 = EDGE_CURVE('',#1733,#6253,#6260,.T.);
#6260 = B_SPLINE_CURVE_WITH_KNOTS('',1,(#6261,#6262),.UNSPECIFIED.,.F.,
  .F.,(2,2),(0.19,0.2),.PIECEWISE_BEZIER_KNOTS.);
#6261 = CARTESIAN_POINT('',(-1.3,1.61,1.00001E-02));
#6262 = CARTESIAN_POINT('',(-1.3,1.61,1.E-07));
#6263 = B_SPLINE_SURFACE_WITH_KNOTS('',1,1,(
    (#6264,#6265)
    ,(#6266,#6267
    )),.UNSPECIFIED.,.F.,.F.,.F.,(2,2),(2,2),(-0.2,0.),(-0.2,-0.19),
  .PIECEWISE_BEZIER_KNOTS.);
#6264 = CARTESIAN_POINT('',(-1.3,1.61,1.E-07));
#6265 = CARTESIAN_POINT('',(-1.3,1.61,1.00001E-02));
#6266 = CARTESIAN_POINT('',(-1.5,1.61,1.E-07));
#6267 = CARTESIAN_POINT('',(-1.5,1.61,1.00001E-02));
#6268 = ADVANCED_FACE('',(#6269),#6287,.F.);
#6269 = FACE_BOUND('',#6270,.T.);
#6270 = EDGE_LOOP('',(#6271,#6272,#6273,#6280,#6285,#6286));
#6271 = ORIENTED_EDGE('',*,*,#1739,.F.);
#6272 = ORIENTED_EDGE('',*,*,#6259,.T.);
#6273 = ORIENTED_EDGE('',*,*,#6274,.T.);
#6274 = EDGE_CURVE('',#6253,#6275,#6277,.T.);
#6275 = VERTEX_POINT('',#6276);
#6276 = CARTESIAN_POINT('',(-1.3,2.01,1.E-07));
#6277 = B_SPLINE_CURVE_WITH_KNOTS('',1,(#6278,#6279),.UNSPECIFIED.,.F.,
  .F.,(2,2),(0.,0.4),.PIECEWISE_BEZIER_KNOTS.);
#6278 = CARTESIAN_POINT('',(-1.3,1.61,1.E-07));
#6279 = CARTESIAN_POINT('',(-1.3,2.01,1.E-07));
#6280 = ORIENTED_EDGE('',*,*,#6281,.F.);
#6281 = EDGE_CURVE('',#6201,#6275,#6282,.T.);
#6282 = B_SPLINE_CURVE_WITH_KNOTS('',1,(#6283,#6284),.UNSPECIFIED.,.F.,
  .F.,(2,2),(-0.,0.2),.PIECEWISE_BEZIER_KNOTS.);
#6283 = CARTESIAN_POINT('',(-1.3,2.01,0.2000001));
#6284 = CARTESIAN_POINT('',(-1.3,2.01,1.E-07));
#6285 = ORIENTED_EDGE('',*,*,#6200,.F.);
#6286 = ORIENTED_EDGE('',*,*,#2753,.T.);
#6287 = B_SPLINE_SURFACE_WITH_KNOTS('',1,1,(
    (#6288,#6289)
    ,(#6290,#6291
    )),.UNSPECIFIED.,.F.,.F.,.F.,(2,2),(2,2),(-0.4,0.),(-0.2,0.),
  .PIECEWISE_BEZIER_KNOTS.);
#6288 = CARTESIAN_POINT('',(-1.3,2.01,1.E-07));
#6289 = CARTESIAN_POINT('',(-1.3,2.01,0.2000001));
#6290 = CARTESIAN_POINT('',(-1.3,1.61,1.E-07));
#6291 = CARTESIAN_POINT('',(-1.3,1.61,0.2000001));
#6292 = ADVANCED_FACE('',(#6293),#6303,.F.);
#6293 = FACE_BOUND('',#6294,.T.);
#6294 = EDGE_LOOP('',(#6295,#6300,#6301,#6302));
#6295 = ORIENTED_EDGE('',*,*,#6296,.T.);
#6296 = EDGE_CURVE('',#6275,#6224,#6297,.T.);
#6297 = B_SPLINE_CURVE_WITH_KNOTS('',1,(#6298,#6299),.UNSPECIFIED.,.F.,
  .F.,(2,2),(-0.2,0.),.PIECEWISE_BEZIER_KNOTS.);
#6298 = CARTESIAN_POINT('',(-1.3,2.01,1.E-07));
#6299 = CARTESIAN_POINT('',(-1.5,2.01,1.E-07));
#6300 = ORIENTED_EDGE('',*,*,#6223,.F.);
#6301 = ORIENTED_EDGE('',*,*,#6207,.F.);
#6302 = ORIENTED_EDGE('',*,*,#6281,.T.);
#6303 = B_SPLINE_SURFACE_WITH_KNOTS('',1,1,(
    (#6304,#6305)
    ,(#6306,#6307
    )),.UNSPECIFIED.,.F.,.F.,.F.,(2,2),(2,2),(0.,0.2),(0.,0.2),
  .PIECEWISE_BEZIER_KNOTS.);
#6304 = CARTESIAN_POINT('',(-1.5,2.01,0.2000001));
#6305 = CARTESIAN_POINT('',(-1.3,2.01,0.2000001));
#6306 = CARTESIAN_POINT('',(-1.5,2.01,1.E-07));
#6307 = CARTESIAN_POINT('',(-1.3,2.01,1.E-07));
#6308 = ADVANCED_FACE('',(#6309),#6315,.T.);
#6309 = FACE_BOUND('',#6310,.T.);
#6310 = EDGE_LOOP('',(#6311,#6312,#6313,#6314));
#6311 = ORIENTED_EDGE('',*,*,#6230,.F.);
#6312 = ORIENTED_EDGE('',*,*,#6296,.F.);
#6313 = ORIENTED_EDGE('',*,*,#6274,.F.);
#6314 = ORIENTED_EDGE('',*,*,#6252,.F.);
#6315 = B_SPLINE_SURFACE_WITH_KNOTS('',1,1,(
    (#6316,#6317)
    ,(#6318,#6319
    )),.UNSPECIFIED.,.F.,.F.,.F.,(2,2),(2,2),(1.3,1.5),(-2.01,-1.61),
  .PIECEWISE_BEZIER_KNOTS.);
#6316 = CARTESIAN_POINT('',(-1.5,2.01,1.E-07));
#6317 = CARTESIAN_POINT('',(-1.5,1.61,1.E-07));
#6318 = CARTESIAN_POINT('',(-1.3,2.01,1.E-07));
#6319 = CARTESIAN_POINT('',(-1.3,1.61,1.E-07));
#6320 = ADVANCED_FACE('',(#6321),#6343,.F.);
#6321 = FACE_BOUND('',#6322,.T.);
#6322 = EDGE_LOOP('',(#6323,#6330,#6331,#6338));
#6323 = ORIENTED_EDGE('',*,*,#6324,.T.);
#6324 = EDGE_CURVE('',#6325,#2445,#6327,.T.);
#6325 = VERTEX_POINT('',#6326);
#6326 = CARTESIAN_POINT('',(-2.01,1.3,0.2000001));
#6327 = B_SPLINE_CURVE_WITH_KNOTS('',1,(#6328,#6329),.UNSPECIFIED.,.F.,
  .F.,(2,2),(-0.4,-0.39),.PIECEWISE_BEZIER_KNOTS.);
#6328 = CARTESIAN_POINT('',(-2.01,1.3,0.2000001));
#6329 = CARTESIAN_POINT('',(-2.,1.3,0.2000001));
#6330 = ORIENTED_EDGE('',*,*,#2444,.T.);
#6331 = ORIENTED_EDGE('',*,*,#6332,.T.);
#6332 = EDGE_CURVE('',#2438,#6333,#6335,.T.);
#6333 = VERTEX_POINT('',#6334);
#6334 = CARTESIAN_POINT('',(-2.01,1.5,0.2000001));
#6335 = B_SPLINE_CURVE_WITH_KNOTS('',1,(#6336,#6337),.UNSPECIFIED.,.F.,
  .F.,(2,2),(0.39,0.4),.PIECEWISE_BEZIER_KNOTS.);
#6336 = CARTESIAN_POINT('',(-2.,1.5,0.2000001));
#6337 = CARTESIAN_POINT('',(-2.01,1.5,0.2000001));
#6338 = ORIENTED_EDGE('',*,*,#6339,.T.);
#6339 = EDGE_CURVE('',#6333,#6325,#6340,.T.);
#6340 = B_SPLINE_CURVE_WITH_KNOTS('',1,(#6341,#6342),.UNSPECIFIED.,.F.,
  .F.,(2,2),(-0.2,0.),.PIECEWISE_BEZIER_KNOTS.);
#6341 = CARTESIAN_POINT('',(-2.01,1.5,0.2000001));
#6342 = CARTESIAN_POINT('',(-2.01,1.3,0.2000001));
#6343 = B_SPLINE_SURFACE_WITH_KNOTS('',1,1,(
    (#6344,#6345)
    ,(#6346,#6347
    )),.UNSPECIFIED.,.F.,.F.,.F.,(2,2),(2,2),(1.3,1.5),(-2.01,-2.),
  .PIECEWISE_BEZIER_KNOTS.);
#6344 = CARTESIAN_POINT('',(-2.01,1.3,0.2000001));
#6345 = CARTESIAN_POINT('',(-2.,1.3,0.2000001));
#6346 = CARTESIAN_POINT('',(-2.01,1.5,0.2000001));
#6347 = CARTESIAN_POINT('',(-2.,1.5,0.2000001));
#6348 = ADVANCED_FACE('',(#6349),#6373,.F.);
#6349 = FACE_BOUND('',#6350,.T.);
#6350 = EDGE_LOOP('',(#6351,#6352,#6353,#6354,#6361,#6368));
#6351 = ORIENTED_EDGE('',*,*,#1690,.F.);
#6352 = ORIENTED_EDGE('',*,*,#2451,.T.);
#6353 = ORIENTED_EDGE('',*,*,#6324,.F.);
#6354 = ORIENTED_EDGE('',*,*,#6355,.T.);
#6355 = EDGE_CURVE('',#6325,#6356,#6358,.T.);
#6356 = VERTEX_POINT('',#6357);
#6357 = CARTESIAN_POINT('',(-2.01,1.3,1.E-07));
#6358 = B_SPLINE_CURVE_WITH_KNOTS('',1,(#6359,#6360),.UNSPECIFIED.,.F.,
  .F.,(2,2),(-0.,0.2),.PIECEWISE_BEZIER_KNOTS.);
#6359 = CARTESIAN_POINT('',(-2.01,1.3,0.2000001));
#6360 = CARTESIAN_POINT('',(-2.01,1.3,1.E-07));
#6361 = ORIENTED_EDGE('',*,*,#6362,.T.);
#6362 = EDGE_CURVE('',#6356,#6363,#6365,.T.);
#6363 = VERTEX_POINT('',#6364);
#6364 = CARTESIAN_POINT('',(-1.61,1.3,1.E-07));
#6365 = B_SPLINE_CURVE_WITH_KNOTS('',1,(#6366,#6367),.UNSPECIFIED.,.F.,
  .F.,(2,2),(-0.4,0.),.PIECEWISE_BEZIER_KNOTS.);
#6366 = CARTESIAN_POINT('',(-2.01,1.3,1.E-07));
#6367 = CARTESIAN_POINT('',(-1.61,1.3,1.E-07));
#6368 = ORIENTED_EDGE('',*,*,#6369,.F.);
#6369 = EDGE_CURVE('',#1691,#6363,#6370,.T.);
#6370 = B_SPLINE_CURVE_WITH_KNOTS('',1,(#6371,#6372),.UNSPECIFIED.,.F.,
  .F.,(2,2),(0.19,0.2),.PIECEWISE_BEZIER_KNOTS.);
#6371 = CARTESIAN_POINT('',(-1.61,1.3,1.00001E-02));
#6372 = CARTESIAN_POINT('',(-1.61,1.3,1.E-07));
#6373 = B_SPLINE_SURFACE_WITH_KNOTS('',1,1,(
    (#6374,#6375)
    ,(#6376,#6377
    )),.UNSPECIFIED.,.F.,.F.,.F.,(2,2),(2,2),(0.,0.4),(-0.2,0.),
  .PIECEWISE_BEZIER_KNOTS.);
#6374 = CARTESIAN_POINT('',(-1.61,1.3,1.E-07));
#6375 = CARTESIAN_POINT('',(-1.61,1.3,0.2000001));
#6376 = CARTESIAN_POINT('',(-2.01,1.3,1.E-07));
#6377 = CARTESIAN_POINT('',(-2.01,1.3,0.2000001));
#6378 = ADVANCED_FACE('',(#6379),#6395,.F.);
#6379 = FACE_BOUND('',#6380,.T.);
#6380 = EDGE_LOOP('',(#6381,#6382,#6383,#6390));
#6381 = ORIENTED_EDGE('',*,*,#1697,.F.);
#6382 = ORIENTED_EDGE('',*,*,#6369,.T.);
#6383 = ORIENTED_EDGE('',*,*,#6384,.T.);
#6384 = EDGE_CURVE('',#6363,#6385,#6387,.T.);
#6385 = VERTEX_POINT('',#6386);
#6386 = CARTESIAN_POINT('',(-1.61,1.5,1.E-07));
#6387 = B_SPLINE_CURVE_WITH_KNOTS('',1,(#6388,#6389),.UNSPECIFIED.,.F.,
  .F.,(2,2),(0.,0.2),.PIECEWISE_BEZIER_KNOTS.);
#6388 = CARTESIAN_POINT('',(-1.61,1.3,1.E-07));
#6389 = CARTESIAN_POINT('',(-1.61,1.5,1.E-07));
#6390 = ORIENTED_EDGE('',*,*,#6391,.F.);
#6391 = EDGE_CURVE('',#1698,#6385,#6392,.T.);
#6392 = B_SPLINE_CURVE_WITH_KNOTS('',1,(#6393,#6394),.UNSPECIFIED.,.F.,
  .F.,(2,2),(0.19,0.2),.PIECEWISE_BEZIER_KNOTS.);
#6393 = CARTESIAN_POINT('',(-1.61,1.5,1.00001E-02));
#6394 = CARTESIAN_POINT('',(-1.61,1.5,1.E-07));
#6395 = B_SPLINE_SURFACE_WITH_KNOTS('',1,1,(
    (#6396,#6397)
    ,(#6398,#6399
    )),.UNSPECIFIED.,.F.,.F.,.F.,(2,2),(2,2),(-0.2,0.),(-0.2,-0.19),
  .PIECEWISE_BEZIER_KNOTS.);
#6396 = CARTESIAN_POINT('',(-1.61,1.5,1.E-07));
#6397 = CARTESIAN_POINT('',(-1.61,1.5,1.00001E-02));
#6398 = CARTESIAN_POINT('',(-1.61,1.3,1.E-07));
#6399 = CARTESIAN_POINT('',(-1.61,1.3,1.00001E-02));
#6400 = ADVANCED_FACE('',(#6401),#6419,.F.);
#6401 = FACE_BOUND('',#6402,.T.);
#6402 = EDGE_LOOP('',(#6403,#6404,#6405,#6412,#6417,#6418));
#6403 = ORIENTED_EDGE('',*,*,#1704,.F.);
#6404 = ORIENTED_EDGE('',*,*,#6391,.T.);
#6405 = ORIENTED_EDGE('',*,*,#6406,.T.);
#6406 = EDGE_CURVE('',#6385,#6407,#6409,.T.);
#6407 = VERTEX_POINT('',#6408);
#6408 = CARTESIAN_POINT('',(-2.01,1.5,1.E-07));
#6409 = B_SPLINE_CURVE_WITH_KNOTS('',1,(#6410,#6411),.UNSPECIFIED.,.F.,
  .F.,(2,2),(0.,0.4),.PIECEWISE_BEZIER_KNOTS.);
#6410 = CARTESIAN_POINT('',(-1.61,1.5,1.E-07));
#6411 = CARTESIAN_POINT('',(-2.01,1.5,1.E-07));
#6412 = ORIENTED_EDGE('',*,*,#6413,.F.);
#6413 = EDGE_CURVE('',#6333,#6407,#6414,.T.);
#6414 = B_SPLINE_CURVE_WITH_KNOTS('',1,(#6415,#6416),.UNSPECIFIED.,.F.,
  .F.,(2,2),(-0.,0.2),.PIECEWISE_BEZIER_KNOTS.);
#6415 = CARTESIAN_POINT('',(-2.01,1.5,0.2000001));
#6416 = CARTESIAN_POINT('',(-2.01,1.5,1.E-07));
#6417 = ORIENTED_EDGE('',*,*,#6332,.F.);
#6418 = ORIENTED_EDGE('',*,*,#2437,.T.);
#6419 = B_SPLINE_SURFACE_WITH_KNOTS('',1,1,(
    (#6420,#6421)
    ,(#6422,#6423
    )),.UNSPECIFIED.,.F.,.F.,.F.,(2,2),(2,2),(-0.4,0.),(-0.2,0.),
  .PIECEWISE_BEZIER_KNOTS.);
#6420 = CARTESIAN_POINT('',(-2.01,1.5,1.E-07));
#6421 = CARTESIAN_POINT('',(-2.01,1.5,0.2000001));
#6422 = CARTESIAN_POINT('',(-1.61,1.5,1.E-07));
#6423 = CARTESIAN_POINT('',(-1.61,1.5,0.2000001));
#6424 = ADVANCED_FACE('',(#6425),#6435,.F.);
#6425 = FACE_BOUND('',#6426,.T.);
#6426 = EDGE_LOOP('',(#6427,#6432,#6433,#6434));
#6427 = ORIENTED_EDGE('',*,*,#6428,.T.);
#6428 = EDGE_CURVE('',#6407,#6356,#6429,.T.);
#6429 = B_SPLINE_CURVE_WITH_KNOTS('',1,(#6430,#6431),.UNSPECIFIED.,.F.,
  .F.,(2,2),(-0.2,0.),.PIECEWISE_BEZIER_KNOTS.);
#6430 = CARTESIAN_POINT('',(-2.01,1.5,1.E-07));
#6431 = CARTESIAN_POINT('',(-2.01,1.3,1.E-07));
#6432 = ORIENTED_EDGE('',*,*,#6355,.F.);
#6433 = ORIENTED_EDGE('',*,*,#6339,.F.);
#6434 = ORIENTED_EDGE('',*,*,#6413,.T.);
#6435 = B_SPLINE_SURFACE_WITH_KNOTS('',1,1,(
    (#6436,#6437)
    ,(#6438,#6439
    )),.UNSPECIFIED.,.F.,.F.,.F.,(2,2),(2,2),(0.,0.2),(-0.2,0.),
  .PIECEWISE_BEZIER_KNOTS.);
#6436 = CARTESIAN_POINT('',(-2.01,1.3,1.E-07));
#6437 = CARTESIAN_POINT('',(-2.01,1.3,0.2000001));
#6438 = CARTESIAN_POINT('',(-2.01,1.5,1.E-07));
#6439 = CARTESIAN_POINT('',(-2.01,1.5,0.2000001));
#6440 = ADVANCED_FACE('',(#6441),#6447,.T.);
#6441 = FACE_BOUND('',#6442,.T.);
#6442 = EDGE_LOOP('',(#6443,#6444,#6445,#6446));
#6443 = ORIENTED_EDGE('',*,*,#6362,.F.);
#6444 = ORIENTED_EDGE('',*,*,#6428,.F.);
#6445 = ORIENTED_EDGE('',*,*,#6406,.F.);
#6446 = ORIENTED_EDGE('',*,*,#6384,.F.);
#6447 = B_SPLINE_SURFACE_WITH_KNOTS('',1,1,(
    (#6448,#6449)
    ,(#6450,#6451
    )),.UNSPECIFIED.,.F.,.F.,.F.,(2,2),(2,2),(1.3,1.5),(-2.01,-1.61),
  .PIECEWISE_BEZIER_KNOTS.);
#6448 = CARTESIAN_POINT('',(-2.01,1.3,1.E-07));
#6449 = CARTESIAN_POINT('',(-1.61,1.3,1.E-07));
#6450 = CARTESIAN_POINT('',(-2.01,1.5,1.E-07));
#6451 = CARTESIAN_POINT('',(-1.61,1.5,1.E-07));
#6452 = ADVANCED_FACE('',(#6453),#6475,.F.);
#6453 = FACE_BOUND('',#6454,.T.);
#6454 = EDGE_LOOP('',(#6455,#6462,#6463,#6470));
#6455 = ORIENTED_EDGE('',*,*,#6456,.T.);
#6456 = EDGE_CURVE('',#6457,#2465,#6459,.T.);
#6457 = VERTEX_POINT('',#6458);
#6458 = CARTESIAN_POINT('',(-2.01,0.9,0.2000001));
#6459 = B_SPLINE_CURVE_WITH_KNOTS('',1,(#6460,#6461),.UNSPECIFIED.,.F.,
  .F.,(2,2),(-0.4,-0.39),.PIECEWISE_BEZIER_KNOTS.);
#6460 = CARTESIAN_POINT('',(-2.01,0.9,0.2000001));
#6461 = CARTESIAN_POINT('',(-2.,0.9,0.2000001));
#6462 = ORIENTED_EDGE('',*,*,#2464,.T.);
#6463 = ORIENTED_EDGE('',*,*,#6464,.T.);
#6464 = EDGE_CURVE('',#2458,#6465,#6467,.T.);
#6465 = VERTEX_POINT('',#6466);
#6466 = CARTESIAN_POINT('',(-2.01,1.1,0.2000001));
#6467 = B_SPLINE_CURVE_WITH_KNOTS('',1,(#6468,#6469),.UNSPECIFIED.,.F.,
  .F.,(2,2),(0.39,0.4),.PIECEWISE_BEZIER_KNOTS.);
#6468 = CARTESIAN_POINT('',(-2.,1.1,0.2000001));
#6469 = CARTESIAN_POINT('',(-2.01,1.1,0.2000001));
#6470 = ORIENTED_EDGE('',*,*,#6471,.T.);
#6471 = EDGE_CURVE('',#6465,#6457,#6472,.T.);
#6472 = B_SPLINE_CURVE_WITH_KNOTS('',1,(#6473,#6474),.UNSPECIFIED.,.F.,
  .F.,(2,2),(-0.2,0.),.PIECEWISE_BEZIER_KNOTS.);
#6473 = CARTESIAN_POINT('',(-2.01,1.1,0.2000001));
#6474 = CARTESIAN_POINT('',(-2.01,0.9,0.2000001));
#6475 = B_SPLINE_SURFACE_WITH_KNOTS('',1,1,(
    (#6476,#6477)
    ,(#6478,#6479
    )),.UNSPECIFIED.,.F.,.F.,.F.,(2,2),(2,2),(1.3,1.5),(-2.01,-2.),
  .PIECEWISE_BEZIER_KNOTS.);
#6476 = CARTESIAN_POINT('',(-2.01,0.9,0.2000001));
#6477 = CARTESIAN_POINT('',(-2.,0.9,0.2000001));
#6478 = CARTESIAN_POINT('',(-2.01,1.1,0.2000001));
#6479 = CARTESIAN_POINT('',(-2.,1.1,0.2000001));
#6480 = ADVANCED_FACE('',(#6481),#6505,.F.);
#6481 = FACE_BOUND('',#6482,.T.);
#6482 = EDGE_LOOP('',(#6483,#6484,#6485,#6486,#6493,#6500));
#6483 = ORIENTED_EDGE('',*,*,#1662,.F.);
#6484 = ORIENTED_EDGE('',*,*,#2471,.T.);
#6485 = ORIENTED_EDGE('',*,*,#6456,.F.);
#6486 = ORIENTED_EDGE('',*,*,#6487,.T.);
#6487 = EDGE_CURVE('',#6457,#6488,#6490,.T.);
#6488 = VERTEX_POINT('',#6489);
#6489 = CARTESIAN_POINT('',(-2.01,0.9,1.E-07));
#6490 = B_SPLINE_CURVE_WITH_KNOTS('',1,(#6491,#6492),.UNSPECIFIED.,.F.,
  .F.,(2,2),(-0.,0.2),.PIECEWISE_BEZIER_KNOTS.);
#6491 = CARTESIAN_POINT('',(-2.01,0.9,0.2000001));
#6492 = CARTESIAN_POINT('',(-2.01,0.9,1.E-07));
#6493 = ORIENTED_EDGE('',*,*,#6494,.T.);
#6494 = EDGE_CURVE('',#6488,#6495,#6497,.T.);
#6495 = VERTEX_POINT('',#6496);
#6496 = CARTESIAN_POINT('',(-1.61,0.9,1.E-07));
#6497 = B_SPLINE_CURVE_WITH_KNOTS('',1,(#6498,#6499),.UNSPECIFIED.,.F.,
  .F.,(2,2),(-0.4,0.),.PIECEWISE_BEZIER_KNOTS.);
#6498 = CARTESIAN_POINT('',(-2.01,0.9,1.E-07));
#6499 = CARTESIAN_POINT('',(-1.61,0.9,1.E-07));
#6500 = ORIENTED_EDGE('',*,*,#6501,.F.);
#6501 = EDGE_CURVE('',#1663,#6495,#6502,.T.);
#6502 = B_SPLINE_CURVE_WITH_KNOTS('',1,(#6503,#6504),.UNSPECIFIED.,.F.,
  .F.,(2,2),(0.19,0.2),.PIECEWISE_BEZIER_KNOTS.);
#6503 = CARTESIAN_POINT('',(-1.61,0.9,1.00001E-02));
#6504 = CARTESIAN_POINT('',(-1.61,0.9,1.E-07));
#6505 = B_SPLINE_SURFACE_WITH_KNOTS('',1,1,(
    (#6506,#6507)
    ,(#6508,#6509
    )),.UNSPECIFIED.,.F.,.F.,.F.,(2,2),(2,2),(0.,0.4),(-0.2,0.),
  .PIECEWISE_BEZIER_KNOTS.);
#6506 = CARTESIAN_POINT('',(-1.61,0.9,1.E-07));
#6507 = CARTESIAN_POINT('',(-1.61,0.9,0.2000001));
#6508 = CARTESIAN_POINT('',(-2.01,0.9,1.E-07));
#6509 = CARTESIAN_POINT('',(-2.01,0.9,0.2000001));
#6510 = ADVANCED_FACE('',(#6511),#6527,.F.);
#6511 = FACE_BOUND('',#6512,.T.);
#6512 = EDGE_LOOP('',(#6513,#6514,#6515,#6522));
#6513 = ORIENTED_EDGE('',*,*,#1669,.F.);
#6514 = ORIENTED_EDGE('',*,*,#6501,.T.);
#6515 = ORIENTED_EDGE('',*,*,#6516,.T.);
#6516 = EDGE_CURVE('',#6495,#6517,#6519,.T.);
#6517 = VERTEX_POINT('',#6518);
#6518 = CARTESIAN_POINT('',(-1.61,1.1,1.E-07));
#6519 = B_SPLINE_CURVE_WITH_KNOTS('',1,(#6520,#6521),.UNSPECIFIED.,.F.,
  .F.,(2,2),(0.,0.2),.PIECEWISE_BEZIER_KNOTS.);
#6520 = CARTESIAN_POINT('',(-1.61,0.9,1.E-07));
#6521 = CARTESIAN_POINT('',(-1.61,1.1,1.E-07));
#6522 = ORIENTED_EDGE('',*,*,#6523,.F.);
#6523 = EDGE_CURVE('',#1670,#6517,#6524,.T.);
#6524 = B_SPLINE_CURVE_WITH_KNOTS('',1,(#6525,#6526),.UNSPECIFIED.,.F.,
  .F.,(2,2),(0.19,0.2),.PIECEWISE_BEZIER_KNOTS.);
#6525 = CARTESIAN_POINT('',(-1.61,1.1,1.00001E-02));
#6526 = CARTESIAN_POINT('',(-1.61,1.1,1.E-07));
#6527 = B_SPLINE_SURFACE_WITH_KNOTS('',1,1,(
    (#6528,#6529)
    ,(#6530,#6531
    )),.UNSPECIFIED.,.F.,.F.,.F.,(2,2),(2,2),(-0.2,0.),(-0.2,-0.19),
  .PIECEWISE_BEZIER_KNOTS.);
#6528 = CARTESIAN_POINT('',(-1.61,1.1,1.E-07));
#6529 = CARTESIAN_POINT('',(-1.61,1.1,1.00001E-02));
#6530 = CARTESIAN_POINT('',(-1.61,0.9,1.E-07));
#6531 = CARTESIAN_POINT('',(-1.61,0.9,1.00001E-02));
#6532 = ADVANCED_FACE('',(#6533),#6551,.F.);
#6533 = FACE_BOUND('',#6534,.T.);
#6534 = EDGE_LOOP('',(#6535,#6536,#6537,#6544,#6549,#6550));
#6535 = ORIENTED_EDGE('',*,*,#1676,.F.);
#6536 = ORIENTED_EDGE('',*,*,#6523,.T.);
#6537 = ORIENTED_EDGE('',*,*,#6538,.T.);
#6538 = EDGE_CURVE('',#6517,#6539,#6541,.T.);
#6539 = VERTEX_POINT('',#6540);
#6540 = CARTESIAN_POINT('',(-2.01,1.1,1.E-07));
#6541 = B_SPLINE_CURVE_WITH_KNOTS('',1,(#6542,#6543),.UNSPECIFIED.,.F.,
  .F.,(2,2),(0.,0.4),.PIECEWISE_BEZIER_KNOTS.);
#6542 = CARTESIAN_POINT('',(-1.61,1.1,1.E-07));
#6543 = CARTESIAN_POINT('',(-2.01,1.1,1.E-07));
#6544 = ORIENTED_EDGE('',*,*,#6545,.F.);
#6545 = EDGE_CURVE('',#6465,#6539,#6546,.T.);
#6546 = B_SPLINE_CURVE_WITH_KNOTS('',1,(#6547,#6548),.UNSPECIFIED.,.F.,
  .F.,(2,2),(-0.,0.2),.PIECEWISE_BEZIER_KNOTS.);
#6547 = CARTESIAN_POINT('',(-2.01,1.1,0.2000001));
#6548 = CARTESIAN_POINT('',(-2.01,1.1,1.E-07));
#6549 = ORIENTED_EDGE('',*,*,#6464,.F.);
#6550 = ORIENTED_EDGE('',*,*,#2457,.T.);
#6551 = B_SPLINE_SURFACE_WITH_KNOTS('',1,1,(
    (#6552,#6553)
    ,(#6554,#6555
    )),.UNSPECIFIED.,.F.,.F.,.F.,(2,2),(2,2),(-0.4,0.),(-0.2,0.),
  .PIECEWISE_BEZIER_KNOTS.);
#6552 = CARTESIAN_POINT('',(-2.01,1.1,1.E-07));
#6553 = CARTESIAN_POINT('',(-2.01,1.1,0.2000001));
#6554 = CARTESIAN_POINT('',(-1.61,1.1,1.E-07));
#6555 = CARTESIAN_POINT('',(-1.61,1.1,0.2000001));
#6556 = ADVANCED_FACE('',(#6557),#6567,.F.);
#6557 = FACE_BOUND('',#6558,.T.);
#6558 = EDGE_LOOP('',(#6559,#6564,#6565,#6566));
#6559 = ORIENTED_EDGE('',*,*,#6560,.T.);
#6560 = EDGE_CURVE('',#6539,#6488,#6561,.T.);
#6561 = B_SPLINE_CURVE_WITH_KNOTS('',1,(#6562,#6563),.UNSPECIFIED.,.F.,
  .F.,(2,2),(-0.2,0.),.PIECEWISE_BEZIER_KNOTS.);
#6562 = CARTESIAN_POINT('',(-2.01,1.1,1.E-07));
#6563 = CARTESIAN_POINT('',(-2.01,0.9,1.E-07));
#6564 = ORIENTED_EDGE('',*,*,#6487,.F.);
#6565 = ORIENTED_EDGE('',*,*,#6471,.F.);
#6566 = ORIENTED_EDGE('',*,*,#6545,.T.);
#6567 = B_SPLINE_SURFACE_WITH_KNOTS('',1,1,(
    (#6568,#6569)
    ,(#6570,#6571
    )),.UNSPECIFIED.,.F.,.F.,.F.,(2,2),(2,2),(0.,0.2),(-0.2,0.),
  .PIECEWISE_BEZIER_KNOTS.);
#6568 = CARTESIAN_POINT('',(-2.01,0.9,1.E-07));
#6569 = CARTESIAN_POINT('',(-2.01,0.9,0.2000001));
#6570 = CARTESIAN_POINT('',(-2.01,1.1,1.E-07));
#6571 = CARTESIAN_POINT('',(-2.01,1.1,0.2000001));
#6572 = ADVANCED_FACE('',(#6573),#6579,.T.);
#6573 = FACE_BOUND('',#6574,.T.);
#6574 = EDGE_LOOP('',(#6575,#6576,#6577,#6578));
#6575 = ORIENTED_EDGE('',*,*,#6494,.F.);
#6576 = ORIENTED_EDGE('',*,*,#6560,.F.);
#6577 = ORIENTED_EDGE('',*,*,#6538,.F.);
#6578 = ORIENTED_EDGE('',*,*,#6516,.F.);
#6579 = B_SPLINE_SURFACE_WITH_KNOTS('',1,1,(
    (#6580,#6581)
    ,(#6582,#6583
    )),.UNSPECIFIED.,.F.,.F.,.F.,(2,2),(2,2),(1.3,1.5),(-2.01,-1.61),
  .PIECEWISE_BEZIER_KNOTS.);
#6580 = CARTESIAN_POINT('',(-2.01,0.9,1.E-07));
#6581 = CARTESIAN_POINT('',(-1.61,0.9,1.E-07));
#6582 = CARTESIAN_POINT('',(-2.01,1.1,1.E-07));
#6583 = CARTESIAN_POINT('',(-1.61,1.1,1.E-07));
#6584 = ADVANCED_FACE('',(#6585),#6607,.F.);
#6585 = FACE_BOUND('',#6586,.T.);
#6586 = EDGE_LOOP('',(#6587,#6594,#6595,#6602));
#6587 = ORIENTED_EDGE('',*,*,#6588,.T.);
#6588 = EDGE_CURVE('',#6589,#2485,#6591,.T.);
#6589 = VERTEX_POINT('',#6590);
#6590 = CARTESIAN_POINT('',(-2.01,0.5,0.2000001));
#6591 = B_SPLINE_CURVE_WITH_KNOTS('',1,(#6592,#6593),.UNSPECIFIED.,.F.,
  .F.,(2,2),(-0.4,-0.39),.PIECEWISE_BEZIER_KNOTS.);
#6592 = CARTESIAN_POINT('',(-2.01,0.5,0.2000001));
#6593 = CARTESIAN_POINT('',(-2.,0.5,0.2000001));
#6594 = ORIENTED_EDGE('',*,*,#2484,.T.);
#6595 = ORIENTED_EDGE('',*,*,#6596,.T.);
#6596 = EDGE_CURVE('',#2478,#6597,#6599,.T.);
#6597 = VERTEX_POINT('',#6598);
#6598 = CARTESIAN_POINT('',(-2.01,0.7,0.2000001));
#6599 = B_SPLINE_CURVE_WITH_KNOTS('',1,(#6600,#6601),.UNSPECIFIED.,.F.,
  .F.,(2,2),(0.39,0.4),.PIECEWISE_BEZIER_KNOTS.);
#6600 = CARTESIAN_POINT('',(-2.,0.7,0.2000001));
#6601 = CARTESIAN_POINT('',(-2.01,0.7,0.2000001));
#6602 = ORIENTED_EDGE('',*,*,#6603,.T.);
#6603 = EDGE_CURVE('',#6597,#6589,#6604,.T.);
#6604 = B_SPLINE_CURVE_WITH_KNOTS('',1,(#6605,#6606),.UNSPECIFIED.,.F.,
  .F.,(2,2),(-0.2,0.),.PIECEWISE_BEZIER_KNOTS.);
#6605 = CARTESIAN_POINT('',(-2.01,0.7,0.2000001));
#6606 = CARTESIAN_POINT('',(-2.01,0.5,0.2000001));
#6607 = B_SPLINE_SURFACE_WITH_KNOTS('',1,1,(
    (#6608,#6609)
    ,(#6610,#6611
    )),.UNSPECIFIED.,.F.,.F.,.F.,(2,2),(2,2),(1.3,1.5),(-2.01,-2.),
  .PIECEWISE_BEZIER_KNOTS.);
#6608 = CARTESIAN_POINT('',(-2.01,0.5,0.2000001));
#6609 = CARTESIAN_POINT('',(-2.,0.5,0.2000001));
#6610 = CARTESIAN_POINT('',(-2.01,0.7,0.2000001));
#6611 = CARTESIAN_POINT('',(-2.,0.7,0.2000001));
#6612 = ADVANCED_FACE('',(#6613),#6637,.F.);
#6613 = FACE_BOUND('',#6614,.T.);
#6614 = EDGE_LOOP('',(#6615,#6616,#6617,#6618,#6625,#6632));
#6615 = ORIENTED_EDGE('',*,*,#1634,.F.);
#6616 = ORIENTED_EDGE('',*,*,#2491,.T.);
#6617 = ORIENTED_EDGE('',*,*,#6588,.F.);
#6618 = ORIENTED_EDGE('',*,*,#6619,.T.);
#6619 = EDGE_CURVE('',#6589,#6620,#6622,.T.);
#6620 = VERTEX_POINT('',#6621);
#6621 = CARTESIAN_POINT('',(-2.01,0.5,1.E-07));
#6622 = B_SPLINE_CURVE_WITH_KNOTS('',1,(#6623,#6624),.UNSPECIFIED.,.F.,
  .F.,(2,2),(-0.,0.2),.PIECEWISE_BEZIER_KNOTS.);
#6623 = CARTESIAN_POINT('',(-2.01,0.5,0.2000001));
#6624 = CARTESIAN_POINT('',(-2.01,0.5,1.E-07));
#6625 = ORIENTED_EDGE('',*,*,#6626,.T.);
#6626 = EDGE_CURVE('',#6620,#6627,#6629,.T.);
#6627 = VERTEX_POINT('',#6628);
#6628 = CARTESIAN_POINT('',(-1.61,0.5,1.E-07));
#6629 = B_SPLINE_CURVE_WITH_KNOTS('',1,(#6630,#6631),.UNSPECIFIED.,.F.,
  .F.,(2,2),(-0.4,0.),.PIECEWISE_BEZIER_KNOTS.);
#6630 = CARTESIAN_POINT('',(-2.01,0.5,1.E-07));
#6631 = CARTESIAN_POINT('',(-1.61,0.5,1.E-07));
#6632 = ORIENTED_EDGE('',*,*,#6633,.F.);
#6633 = EDGE_CURVE('',#1635,#6627,#6634,.T.);
#6634 = B_SPLINE_CURVE_WITH_KNOTS('',1,(#6635,#6636),.UNSPECIFIED.,.F.,
  .F.,(2,2),(0.19,0.2),.PIECEWISE_BEZIER_KNOTS.);
#6635 = CARTESIAN_POINT('',(-1.61,0.5,1.00001E-02));
#6636 = CARTESIAN_POINT('',(-1.61,0.5,1.E-07));
#6637 = B_SPLINE_SURFACE_WITH_KNOTS('',1,1,(
    (#6638,#6639)
    ,(#6640,#6641
    )),.UNSPECIFIED.,.F.,.F.,.F.,(2,2),(2,2),(0.,0.4),(-0.2,0.),
  .PIECEWISE_BEZIER_KNOTS.);
#6638 = CARTESIAN_POINT('',(-1.61,0.5,1.E-07));
#6639 = CARTESIAN_POINT('',(-1.61,0.5,0.2000001));
#6640 = CARTESIAN_POINT('',(-2.01,0.5,1.E-07));
#6641 = CARTESIAN_POINT('',(-2.01,0.5,0.2000001));
#6642 = ADVANCED_FACE('',(#6643),#6659,.F.);
#6643 = FACE_BOUND('',#6644,.T.);
#6644 = EDGE_LOOP('',(#6645,#6646,#6647,#6654));
#6645 = ORIENTED_EDGE('',*,*,#1641,.F.);
#6646 = ORIENTED_EDGE('',*,*,#6633,.T.);
#6647 = ORIENTED_EDGE('',*,*,#6648,.T.);
#6648 = EDGE_CURVE('',#6627,#6649,#6651,.T.);
#6649 = VERTEX_POINT('',#6650);
#6650 = CARTESIAN_POINT('',(-1.61,0.7,1.E-07));
#6651 = B_SPLINE_CURVE_WITH_KNOTS('',1,(#6652,#6653),.UNSPECIFIED.,.F.,
  .F.,(2,2),(0.,0.2),.PIECEWISE_BEZIER_KNOTS.);
#6652 = CARTESIAN_POINT('',(-1.61,0.5,1.E-07));
#6653 = CARTESIAN_POINT('',(-1.61,0.7,1.E-07));
#6654 = ORIENTED_EDGE('',*,*,#6655,.F.);
#6655 = EDGE_CURVE('',#1642,#6649,#6656,.T.);
#6656 = B_SPLINE_CURVE_WITH_KNOTS('',1,(#6657,#6658),.UNSPECIFIED.,.F.,
  .F.,(2,2),(0.19,0.2),.PIECEWISE_BEZIER_KNOTS.);
#6657 = CARTESIAN_POINT('',(-1.61,0.7,1.00001E-02));
#6658 = CARTESIAN_POINT('',(-1.61,0.7,1.E-07));
#6659 = B_SPLINE_SURFACE_WITH_KNOTS('',1,1,(
    (#6660,#6661)
    ,(#6662,#6663
    )),.UNSPECIFIED.,.F.,.F.,.F.,(2,2),(2,2),(-0.2,0.),(-0.2,-0.19),
  .PIECEWISE_BEZIER_KNOTS.);
#6660 = CARTESIAN_POINT('',(-1.61,0.7,1.E-07));
#6661 = CARTESIAN_POINT('',(-1.61,0.7,1.00001E-02));
#6662 = CARTESIAN_POINT('',(-1.61,0.5,1.E-07));
#6663 = CARTESIAN_POINT('',(-1.61,0.5,1.00001E-02));
#6664 = ADVANCED_FACE('',(#6665),#6683,.F.);
#6665 = FACE_BOUND('',#6666,.T.);
#6666 = EDGE_LOOP('',(#6667,#6668,#6669,#6676,#6681,#6682));
#6667 = ORIENTED_EDGE('',*,*,#1648,.F.);
#6668 = ORIENTED_EDGE('',*,*,#6655,.T.);
#6669 = ORIENTED_EDGE('',*,*,#6670,.T.);
#6670 = EDGE_CURVE('',#6649,#6671,#6673,.T.);
#6671 = VERTEX_POINT('',#6672);
#6672 = CARTESIAN_POINT('',(-2.01,0.7,1.E-07));
#6673 = B_SPLINE_CURVE_WITH_KNOTS('',1,(#6674,#6675),.UNSPECIFIED.,.F.,
  .F.,(2,2),(0.,0.4),.PIECEWISE_BEZIER_KNOTS.);
#6674 = CARTESIAN_POINT('',(-1.61,0.7,1.E-07));
#6675 = CARTESIAN_POINT('',(-2.01,0.7,1.E-07));
#6676 = ORIENTED_EDGE('',*,*,#6677,.F.);
#6677 = EDGE_CURVE('',#6597,#6671,#6678,.T.);
#6678 = B_SPLINE_CURVE_WITH_KNOTS('',1,(#6679,#6680),.UNSPECIFIED.,.F.,
  .F.,(2,2),(-0.,0.2),.PIECEWISE_BEZIER_KNOTS.);
#6679 = CARTESIAN_POINT('',(-2.01,0.7,0.2000001));
#6680 = CARTESIAN_POINT('',(-2.01,0.7,1.E-07));
#6681 = ORIENTED_EDGE('',*,*,#6596,.F.);
#6682 = ORIENTED_EDGE('',*,*,#2477,.T.);
#6683 = B_SPLINE_SURFACE_WITH_KNOTS('',1,1,(
    (#6684,#6685)
    ,(#6686,#6687
    )),.UNSPECIFIED.,.F.,.F.,.F.,(2,2),(2,2),(-0.4,0.),(-0.2,0.),
  .PIECEWISE_BEZIER_KNOTS.);
#6684 = CARTESIAN_POINT('',(-2.01,0.7,1.E-07));
#6685 = CARTESIAN_POINT('',(-2.01,0.7,0.2000001));
#6686 = CARTESIAN_POINT('',(-1.61,0.7,1.E-07));
#6687 = CARTESIAN_POINT('',(-1.61,0.7,0.2000001));
#6688 = ADVANCED_FACE('',(#6689),#6699,.F.);
#6689 = FACE_BOUND('',#6690,.T.);
#6690 = EDGE_LOOP('',(#6691,#6696,#6697,#6698));
#6691 = ORIENTED_EDGE('',*,*,#6692,.T.);
#6692 = EDGE_CURVE('',#6671,#6620,#6693,.T.);
#6693 = B_SPLINE_CURVE_WITH_KNOTS('',1,(#6694,#6695),.UNSPECIFIED.,.F.,
  .F.,(2,2),(-0.2,0.),.PIECEWISE_BEZIER_KNOTS.);
#6694 = CARTESIAN_POINT('',(-2.01,0.7,1.E-07));
#6695 = CARTESIAN_POINT('',(-2.01,0.5,1.E-07));
#6696 = ORIENTED_EDGE('',*,*,#6619,.F.);
#6697 = ORIENTED_EDGE('',*,*,#6603,.F.);
#6698 = ORIENTED_EDGE('',*,*,#6677,.T.);
#6699 = B_SPLINE_SURFACE_WITH_KNOTS('',1,1,(
    (#6700,#6701)
    ,(#6702,#6703
    )),.UNSPECIFIED.,.F.,.F.,.F.,(2,2),(2,2),(0.,0.2),(-0.2,0.),
  .PIECEWISE_BEZIER_KNOTS.);
#6700 = CARTESIAN_POINT('',(-2.01,0.5,1.E-07));
#6701 = CARTESIAN_POINT('',(-2.01,0.5,0.2000001));
#6702 = CARTESIAN_POINT('',(-2.01,0.7,1.E-07));
#6703 = CARTESIAN_POINT('',(-2.01,0.7,0.2000001));
#6704 = ADVANCED_FACE('',(#6705),#6711,.T.);
#6705 = FACE_BOUND('',#6706,.T.);
#6706 = EDGE_LOOP('',(#6707,#6708,#6709,#6710));
#6707 = ORIENTED_EDGE('',*,*,#6626,.F.);
#6708 = ORIENTED_EDGE('',*,*,#6692,.F.);
#6709 = ORIENTED_EDGE('',*,*,#6670,.F.);
#6710 = ORIENTED_EDGE('',*,*,#6648,.F.);
#6711 = B_SPLINE_SURFACE_WITH_KNOTS('',1,1,(
    (#6712,#6713)
    ,(#6714,#6715
    )),.UNSPECIFIED.,.F.,.F.,.F.,(2,2),(2,2),(1.3,1.5),(-2.01,-1.61),
  .PIECEWISE_BEZIER_KNOTS.);
#6712 = CARTESIAN_POINT('',(-2.01,0.5,1.E-07));
#6713 = CARTESIAN_POINT('',(-1.61,0.5,1.E-07));
#6714 = CARTESIAN_POINT('',(-2.01,0.7,1.E-07));
#6715 = CARTESIAN_POINT('',(-1.61,0.7,1.E-07));
#6716 = ADVANCED_FACE('',(#6717),#6739,.F.);
#6717 = FACE_BOUND('',#6718,.T.);
#6718 = EDGE_LOOP('',(#6719,#6726,#6727,#6734));
#6719 = ORIENTED_EDGE('',*,*,#6720,.T.);
#6720 = EDGE_CURVE('',#6721,#2505,#6723,.T.);
#6721 = VERTEX_POINT('',#6722);
#6722 = CARTESIAN_POINT('',(-2.01,9.999999999998E-02,0.2000001));
#6723 = B_SPLINE_CURVE_WITH_KNOTS('',1,(#6724,#6725),.UNSPECIFIED.,.F.,
  .F.,(2,2),(-0.4,-0.39),.PIECEWISE_BEZIER_KNOTS.);
#6724 = CARTESIAN_POINT('',(-2.01,9.999999999998E-02,0.2000001));
#6725 = CARTESIAN_POINT('',(-2.,9.999999999998E-02,0.2000001));
#6726 = ORIENTED_EDGE('',*,*,#2504,.T.);
#6727 = ORIENTED_EDGE('',*,*,#6728,.T.);
#6728 = EDGE_CURVE('',#2498,#6729,#6731,.T.);
#6729 = VERTEX_POINT('',#6730);
#6730 = CARTESIAN_POINT('',(-2.01,0.3,0.2000001));
#6731 = B_SPLINE_CURVE_WITH_KNOTS('',1,(#6732,#6733),.UNSPECIFIED.,.F.,
  .F.,(2,2),(0.39,0.4),.PIECEWISE_BEZIER_KNOTS.);
#6732 = CARTESIAN_POINT('',(-2.,0.3,0.2000001));
#6733 = CARTESIAN_POINT('',(-2.01,0.3,0.2000001));
#6734 = ORIENTED_EDGE('',*,*,#6735,.T.);
#6735 = EDGE_CURVE('',#6729,#6721,#6736,.T.);
#6736 = B_SPLINE_CURVE_WITH_KNOTS('',1,(#6737,#6738),.UNSPECIFIED.,.F.,
  .F.,(2,2),(-0.2,0.),.PIECEWISE_BEZIER_KNOTS.);
#6737 = CARTESIAN_POINT('',(-2.01,0.3,0.2000001));
#6738 = CARTESIAN_POINT('',(-2.01,9.999999999998E-02,0.2000001));
#6739 = B_SPLINE_SURFACE_WITH_KNOTS('',1,1,(
    (#6740,#6741)
    ,(#6742,#6743
    )),.UNSPECIFIED.,.F.,.F.,.F.,(2,2),(2,2),(1.3,1.5),(-2.01,-2.),
  .PIECEWISE_BEZIER_KNOTS.);
#6740 = CARTESIAN_POINT('',(-2.01,9.999999999998E-02,0.2000001));
#6741 = CARTESIAN_POINT('',(-2.,9.999999999998E-02,0.2000001));
#6742 = CARTESIAN_POINT('',(-2.01,0.3,0.2000001));
#6743 = CARTESIAN_POINT('',(-2.,0.3,0.2000001));
#6744 = ADVANCED_FACE('',(#6745),#6769,.F.);
#6745 = FACE_BOUND('',#6746,.T.);
#6746 = EDGE_LOOP('',(#6747,#6748,#6749,#6750,#6757,#6764));
#6747 = ORIENTED_EDGE('',*,*,#1606,.F.);
#6748 = ORIENTED_EDGE('',*,*,#2511,.T.);
#6749 = ORIENTED_EDGE('',*,*,#6720,.F.);
#6750 = ORIENTED_EDGE('',*,*,#6751,.T.);
#6751 = EDGE_CURVE('',#6721,#6752,#6754,.T.);
#6752 = VERTEX_POINT('',#6753);
#6753 = CARTESIAN_POINT('',(-2.01,9.999999999998E-02,1.E-07));
#6754 = B_SPLINE_CURVE_WITH_KNOTS('',1,(#6755,#6756),.UNSPECIFIED.,.F.,
  .F.,(2,2),(-0.,0.2),.PIECEWISE_BEZIER_KNOTS.);
#6755 = CARTESIAN_POINT('',(-2.01,9.999999999998E-02,0.2000001));
#6756 = CARTESIAN_POINT('',(-2.01,9.999999999998E-02,1.E-07));
#6757 = ORIENTED_EDGE('',*,*,#6758,.T.);
#6758 = EDGE_CURVE('',#6752,#6759,#6761,.T.);
#6759 = VERTEX_POINT('',#6760);
#6760 = CARTESIAN_POINT('',(-1.61,9.999999999998E-02,1.E-07));
#6761 = B_SPLINE_CURVE_WITH_KNOTS('',1,(#6762,#6763),.UNSPECIFIED.,.F.,
  .F.,(2,2),(-0.4,0.),.PIECEWISE_BEZIER_KNOTS.);
#6762 = CARTESIAN_POINT('',(-2.01,9.999999999998E-02,1.E-07));
#6763 = CARTESIAN_POINT('',(-1.61,9.999999999998E-02,1.E-07));
#6764 = ORIENTED_EDGE('',*,*,#6765,.F.);
#6765 = EDGE_CURVE('',#1607,#6759,#6766,.T.);
#6766 = B_SPLINE_CURVE_WITH_KNOTS('',1,(#6767,#6768),.UNSPECIFIED.,.F.,
  .F.,(2,2),(0.19,0.2),.PIECEWISE_BEZIER_KNOTS.);
#6767 = CARTESIAN_POINT('',(-1.61,9.999999999998E-02,1.00001E-02));
#6768 = CARTESIAN_POINT('',(-1.61,9.999999999998E-02,1.E-07));
#6769 = B_SPLINE_SURFACE_WITH_KNOTS('',1,1,(
    (#6770,#6771)
    ,(#6772,#6773
    )),.UNSPECIFIED.,.F.,.F.,.F.,(2,2),(2,2),(0.,0.4),(-0.2,0.),
  .PIECEWISE_BEZIER_KNOTS.);
#6770 = CARTESIAN_POINT('',(-1.61,9.999999999998E-02,1.E-07));
#6771 = CARTESIAN_POINT('',(-1.61,9.999999999998E-02,0.2000001));
#6772 = CARTESIAN_POINT('',(-2.01,9.999999999998E-02,1.E-07));
#6773 = CARTESIAN_POINT('',(-2.01,9.999999999998E-02,0.2000001));
#6774 = ADVANCED_FACE('',(#6775),#6791,.F.);
#6775 = FACE_BOUND('',#6776,.T.);
#6776 = EDGE_LOOP('',(#6777,#6778,#6779,#6786));
#6777 = ORIENTED_EDGE('',*,*,#1613,.F.);
#6778 = ORIENTED_EDGE('',*,*,#6765,.T.);
#6779 = ORIENTED_EDGE('',*,*,#6780,.T.);
#6780 = EDGE_CURVE('',#6759,#6781,#6783,.T.);
#6781 = VERTEX_POINT('',#6782);
#6782 = CARTESIAN_POINT('',(-1.61,0.3,1.E-07));
#6783 = B_SPLINE_CURVE_WITH_KNOTS('',1,(#6784,#6785),.UNSPECIFIED.,.F.,
  .F.,(2,2),(0.,0.2),.PIECEWISE_BEZIER_KNOTS.);
#6784 = CARTESIAN_POINT('',(-1.61,9.999999999998E-02,1.E-07));
#6785 = CARTESIAN_POINT('',(-1.61,0.3,1.E-07));
#6786 = ORIENTED_EDGE('',*,*,#6787,.F.);
#6787 = EDGE_CURVE('',#1614,#6781,#6788,.T.);
#6788 = B_SPLINE_CURVE_WITH_KNOTS('',1,(#6789,#6790),.UNSPECIFIED.,.F.,
  .F.,(2,2),(0.19,0.2),.PIECEWISE_BEZIER_KNOTS.);
#6789 = CARTESIAN_POINT('',(-1.61,0.3,1.00001E-02));
#6790 = CARTESIAN_POINT('',(-1.61,0.3,1.E-07));
#6791 = B_SPLINE_SURFACE_WITH_KNOTS('',1,1,(
    (#6792,#6793)
    ,(#6794,#6795
    )),.UNSPECIFIED.,.F.,.F.,.F.,(2,2),(2,2),(-0.2,0.),(-0.2,-0.19),
  .PIECEWISE_BEZIER_KNOTS.);
#6792 = CARTESIAN_POINT('',(-1.61,0.3,1.E-07));
#6793 = CARTESIAN_POINT('',(-1.61,0.3,1.00001E-02));
#6794 = CARTESIAN_POINT('',(-1.61,9.999999999998E-02,1.E-07));
#6795 = CARTESIAN_POINT('',(-1.61,9.999999999998E-02,1.00001E-02));
#6796 = ADVANCED_FACE('',(#6797),#6815,.F.);
#6797 = FACE_BOUND('',#6798,.T.);
#6798 = EDGE_LOOP('',(#6799,#6800,#6801,#6808,#6813,#6814));
#6799 = ORIENTED_EDGE('',*,*,#1620,.F.);
#6800 = ORIENTED_EDGE('',*,*,#6787,.T.);
#6801 = ORIENTED_EDGE('',*,*,#6802,.T.);
#6802 = EDGE_CURVE('',#6781,#6803,#6805,.T.);
#6803 = VERTEX_POINT('',#6804);
#6804 = CARTESIAN_POINT('',(-2.01,0.3,1.E-07));
#6805 = B_SPLINE_CURVE_WITH_KNOTS('',1,(#6806,#6807),.UNSPECIFIED.,.F.,
  .F.,(2,2),(0.,0.4),.PIECEWISE_BEZIER_KNOTS.);
#6806 = CARTESIAN_POINT('',(-1.61,0.3,1.E-07));
#6807 = CARTESIAN_POINT('',(-2.01,0.3,1.E-07));
#6808 = ORIENTED_EDGE('',*,*,#6809,.F.);
#6809 = EDGE_CURVE('',#6729,#6803,#6810,.T.);
#6810 = B_SPLINE_CURVE_WITH_KNOTS('',1,(#6811,#6812),.UNSPECIFIED.,.F.,
  .F.,(2,2),(-0.,0.2),.PIECEWISE_BEZIER_KNOTS.);
#6811 = CARTESIAN_POINT('',(-2.01,0.3,0.2000001));
#6812 = CARTESIAN_POINT('',(-2.01,0.3,1.E-07));
#6813 = ORIENTED_EDGE('',*,*,#6728,.F.);
#6814 = ORIENTED_EDGE('',*,*,#2497,.T.);
#6815 = B_SPLINE_SURFACE_WITH_KNOTS('',1,1,(
    (#6816,#6817)
    ,(#6818,#6819
    )),.UNSPECIFIED.,.F.,.F.,.F.,(2,2),(2,2),(-0.4,0.),(-0.2,0.),
  .PIECEWISE_BEZIER_KNOTS.);
#6816 = CARTESIAN_POINT('',(-2.01,0.3,1.E-07));
#6817 = CARTESIAN_POINT('',(-2.01,0.3,0.2000001));
#6818 = CARTESIAN_POINT('',(-1.61,0.3,1.E-07));
#6819 = CARTESIAN_POINT('',(-1.61,0.3,0.2000001));
#6820 = ADVANCED_FACE('',(#6821),#6831,.F.);
#6821 = FACE_BOUND('',#6822,.T.);
#6822 = EDGE_LOOP('',(#6823,#6828,#6829,#6830));
#6823 = ORIENTED_EDGE('',*,*,#6824,.T.);
#6824 = EDGE_CURVE('',#6803,#6752,#6825,.T.);
#6825 = B_SPLINE_CURVE_WITH_KNOTS('',1,(#6826,#6827),.UNSPECIFIED.,.F.,
  .F.,(2,2),(-0.2,0.),.PIECEWISE_BEZIER_KNOTS.);
#6826 = CARTESIAN_POINT('',(-2.01,0.3,1.E-07));
#6827 = CARTESIAN_POINT('',(-2.01,9.999999999998E-02,1.E-07));
#6828 = ORIENTED_EDGE('',*,*,#6751,.F.);
#6829 = ORIENTED_EDGE('',*,*,#6735,.F.);
#6830 = ORIENTED_EDGE('',*,*,#6809,.T.);
#6831 = B_SPLINE_SURFACE_WITH_KNOTS('',1,1,(
    (#6832,#6833)
    ,(#6834,#6835
    )),.UNSPECIFIED.,.F.,.F.,.F.,(2,2),(2,2),(0.,0.2),(-0.2,0.),
  .PIECEWISE_BEZIER_KNOTS.);
#6832 = CARTESIAN_POINT('',(-2.01,9.999999999998E-02,1.E-07));
#6833 = CARTESIAN_POINT('',(-2.01,9.999999999998E-02,0.2000001));
#6834 = CARTESIAN_POINT('',(-2.01,0.3,1.E-07));
#6835 = CARTESIAN_POINT('',(-2.01,0.3,0.2000001));
#6836 = ADVANCED_FACE('',(#6837),#6843,.T.);
#6837 = FACE_BOUND('',#6838,.T.);
#6838 = EDGE_LOOP('',(#6839,#6840,#6841,#6842));
#6839 = ORIENTED_EDGE('',*,*,#6758,.F.);
#6840 = ORIENTED_EDGE('',*,*,#6824,.F.);
#6841 = ORIENTED_EDGE('',*,*,#6802,.F.);
#6842 = ORIENTED_EDGE('',*,*,#6780,.F.);
#6843 = B_SPLINE_SURFACE_WITH_KNOTS('',1,1,(
    (#6844,#6845)
    ,(#6846,#6847
    )),.UNSPECIFIED.,.F.,.F.,.F.,(2,2),(2,2),(1.3,1.5),(-2.01,-1.61),
  .PIECEWISE_BEZIER_KNOTS.);
#6844 = CARTESIAN_POINT('',(-2.01,9.999999999998E-02,1.E-07));
#6845 = CARTESIAN_POINT('',(-1.61,9.999999999998E-02,1.E-07));
#6846 = CARTESIAN_POINT('',(-2.01,0.3,1.E-07));
#6847 = CARTESIAN_POINT('',(-1.61,0.3,1.E-07));
#6848 = ADVANCED_FACE('',(#6849),#6871,.F.);
#6849 = FACE_BOUND('',#6850,.T.);
#6850 = EDGE_LOOP('',(#6851,#6858,#6859,#6866));
#6851 = ORIENTED_EDGE('',*,*,#6852,.T.);
#6852 = EDGE_CURVE('',#6853,#2525,#6855,.T.);
#6853 = VERTEX_POINT('',#6854);
#6854 = CARTESIAN_POINT('',(-2.01,-0.3,0.2000001));
#6855 = B_SPLINE_CURVE_WITH_KNOTS('',1,(#6856,#6857),.UNSPECIFIED.,.F.,
  .F.,(2,2),(-0.4,-0.39),.PIECEWISE_BEZIER_KNOTS.);
#6856 = CARTESIAN_POINT('',(-2.01,-0.3,0.2000001));
#6857 = CARTESIAN_POINT('',(-2.,-0.3,0.2000001));
#6858 = ORIENTED_EDGE('',*,*,#2524,.T.);
#6859 = ORIENTED_EDGE('',*,*,#6860,.T.);
#6860 = EDGE_CURVE('',#2518,#6861,#6863,.T.);
#6861 = VERTEX_POINT('',#6862);
#6862 = CARTESIAN_POINT('',(-2.01,-0.1,0.2000001));
#6863 = B_SPLINE_CURVE_WITH_KNOTS('',1,(#6864,#6865),.UNSPECIFIED.,.F.,
  .F.,(2,2),(0.39,0.4),.PIECEWISE_BEZIER_KNOTS.);
#6864 = CARTESIAN_POINT('',(-2.,-0.1,0.2000001));
#6865 = CARTESIAN_POINT('',(-2.01,-0.1,0.2000001));
#6866 = ORIENTED_EDGE('',*,*,#6867,.T.);
#6867 = EDGE_CURVE('',#6861,#6853,#6868,.T.);
#6868 = B_SPLINE_CURVE_WITH_KNOTS('',1,(#6869,#6870),.UNSPECIFIED.,.F.,
  .F.,(2,2),(-0.2,0.),.PIECEWISE_BEZIER_KNOTS.);
#6869 = CARTESIAN_POINT('',(-2.01,-0.1,0.2000001));
#6870 = CARTESIAN_POINT('',(-2.01,-0.3,0.2000001));
#6871 = B_SPLINE_SURFACE_WITH_KNOTS('',1,1,(
    (#6872,#6873)
    ,(#6874,#6875
    )),.UNSPECIFIED.,.F.,.F.,.F.,(2,2),(2,2),(1.3,1.5),(-2.01,-2.),
  .PIECEWISE_BEZIER_KNOTS.);
#6872 = CARTESIAN_POINT('',(-2.01,-0.3,0.2000001));
#6873 = CARTESIAN_POINT('',(-2.,-0.3,0.2000001));
#6874 = CARTESIAN_POINT('',(-2.01,-0.1,0.2000001));
#6875 = CARTESIAN_POINT('',(-2.,-0.1,0.2000001));
#6876 = ADVANCED_FACE('',(#6877),#6901,.F.);
#6877 = FACE_BOUND('',#6878,.T.);
#6878 = EDGE_LOOP('',(#6879,#6880,#6881,#6882,#6889,#6896));
#6879 = ORIENTED_EDGE('',*,*,#1578,.F.);
#6880 = ORIENTED_EDGE('',*,*,#2531,.T.);
#6881 = ORIENTED_EDGE('',*,*,#6852,.F.);
#6882 = ORIENTED_EDGE('',*,*,#6883,.T.);
#6883 = EDGE_CURVE('',#6853,#6884,#6886,.T.);
#6884 = VERTEX_POINT('',#6885);
#6885 = CARTESIAN_POINT('',(-2.01,-0.3,1.E-07));
#6886 = B_SPLINE_CURVE_WITH_KNOTS('',1,(#6887,#6888),.UNSPECIFIED.,.F.,
  .F.,(2,2),(-0.,0.2),.PIECEWISE_BEZIER_KNOTS.);
#6887 = CARTESIAN_POINT('',(-2.01,-0.3,0.2000001));
#6888 = CARTESIAN_POINT('',(-2.01,-0.3,1.E-07));
#6889 = ORIENTED_EDGE('',*,*,#6890,.T.);
#6890 = EDGE_CURVE('',#6884,#6891,#6893,.T.);
#6891 = VERTEX_POINT('',#6892);
#6892 = CARTESIAN_POINT('',(-1.61,-0.3,1.E-07));
#6893 = B_SPLINE_CURVE_WITH_KNOTS('',1,(#6894,#6895),.UNSPECIFIED.,.F.,
  .F.,(2,2),(-0.4,0.),.PIECEWISE_BEZIER_KNOTS.);
#6894 = CARTESIAN_POINT('',(-2.01,-0.3,1.E-07));
#6895 = CARTESIAN_POINT('',(-1.61,-0.3,1.E-07));
#6896 = ORIENTED_EDGE('',*,*,#6897,.F.);
#6897 = EDGE_CURVE('',#1579,#6891,#6898,.T.);
#6898 = B_SPLINE_CURVE_WITH_KNOTS('',1,(#6899,#6900),.UNSPECIFIED.,.F.,
  .F.,(2,2),(0.19,0.2),.PIECEWISE_BEZIER_KNOTS.);
#6899 = CARTESIAN_POINT('',(-1.61,-0.3,1.00001E-02));
#6900 = CARTESIAN_POINT('',(-1.61,-0.3,1.E-07));
#6901 = B_SPLINE_SURFACE_WITH_KNOTS('',1,1,(
    (#6902,#6903)
    ,(#6904,#6905
    )),.UNSPECIFIED.,.F.,.F.,.F.,(2,2),(2,2),(0.,0.4),(-0.2,0.),
  .PIECEWISE_BEZIER_KNOTS.);
#6902 = CARTESIAN_POINT('',(-1.61,-0.3,1.E-07));
#6903 = CARTESIAN_POINT('',(-1.61,-0.3,0.2000001));
#6904 = CARTESIAN_POINT('',(-2.01,-0.3,1.E-07));
#6905 = CARTESIAN_POINT('',(-2.01,-0.3,0.2000001));
#6906 = ADVANCED_FACE('',(#6907),#6923,.F.);
#6907 = FACE_BOUND('',#6908,.T.);
#6908 = EDGE_LOOP('',(#6909,#6910,#6911,#6918));
#6909 = ORIENTED_EDGE('',*,*,#1585,.F.);
#6910 = ORIENTED_EDGE('',*,*,#6897,.T.);
#6911 = ORIENTED_EDGE('',*,*,#6912,.T.);
#6912 = EDGE_CURVE('',#6891,#6913,#6915,.T.);
#6913 = VERTEX_POINT('',#6914);
#6914 = CARTESIAN_POINT('',(-1.61,-0.1,1.E-07));
#6915 = B_SPLINE_CURVE_WITH_KNOTS('',1,(#6916,#6917),.UNSPECIFIED.,.F.,
  .F.,(2,2),(0.,0.2),.PIECEWISE_BEZIER_KNOTS.);
#6916 = CARTESIAN_POINT('',(-1.61,-0.3,1.E-07));
#6917 = CARTESIAN_POINT('',(-1.61,-0.1,1.E-07));
#6918 = ORIENTED_EDGE('',*,*,#6919,.F.);
#6919 = EDGE_CURVE('',#1586,#6913,#6920,.T.);
#6920 = B_SPLINE_CURVE_WITH_KNOTS('',1,(#6921,#6922),.UNSPECIFIED.,.F.,
  .F.,(2,2),(0.19,0.2),.PIECEWISE_BEZIER_KNOTS.);
#6921 = CARTESIAN_POINT('',(-1.61,-0.1,1.00001E-02));
#6922 = CARTESIAN_POINT('',(-1.61,-0.1,1.E-07));
#6923 = B_SPLINE_SURFACE_WITH_KNOTS('',1,1,(
    (#6924,#6925)
    ,(#6926,#6927
    )),.UNSPECIFIED.,.F.,.F.,.F.,(2,2),(2,2),(-0.2,0.),(-0.2,-0.19),
  .PIECEWISE_BEZIER_KNOTS.);
#6924 = CARTESIAN_POINT('',(-1.61,-0.1,1.E-07));
#6925 = CARTESIAN_POINT('',(-1.61,-0.1,1.00001E-02));
#6926 = CARTESIAN_POINT('',(-1.61,-0.3,1.E-07));
#6927 = CARTESIAN_POINT('',(-1.61,-0.3,1.00001E-02));
#6928 = ADVANCED_FACE('',(#6929),#6947,.F.);
#6929 = FACE_BOUND('',#6930,.T.);
#6930 = EDGE_LOOP('',(#6931,#6932,#6933,#6940,#6945,#6946));
#6931 = ORIENTED_EDGE('',*,*,#1592,.F.);
#6932 = ORIENTED_EDGE('',*,*,#6919,.T.);
#6933 = ORIENTED_EDGE('',*,*,#6934,.T.);
#6934 = EDGE_CURVE('',#6913,#6935,#6937,.T.);
#6935 = VERTEX_POINT('',#6936);
#6936 = CARTESIAN_POINT('',(-2.01,-0.1,1.E-07));
#6937 = B_SPLINE_CURVE_WITH_KNOTS('',1,(#6938,#6939),.UNSPECIFIED.,.F.,
  .F.,(2,2),(0.,0.4),.PIECEWISE_BEZIER_KNOTS.);
#6938 = CARTESIAN_POINT('',(-1.61,-0.1,1.E-07));
#6939 = CARTESIAN_POINT('',(-2.01,-0.1,1.E-07));
#6940 = ORIENTED_EDGE('',*,*,#6941,.F.);
#6941 = EDGE_CURVE('',#6861,#6935,#6942,.T.);
#6942 = B_SPLINE_CURVE_WITH_KNOTS('',1,(#6943,#6944),.UNSPECIFIED.,.F.,
  .F.,(2,2),(-0.,0.2),.PIECEWISE_BEZIER_KNOTS.);
#6943 = CARTESIAN_POINT('',(-2.01,-0.1,0.2000001));
#6944 = CARTESIAN_POINT('',(-2.01,-0.1,1.E-07));
#6945 = ORIENTED_EDGE('',*,*,#6860,.F.);
#6946 = ORIENTED_EDGE('',*,*,#2517,.T.);
#6947 = B_SPLINE_SURFACE_WITH_KNOTS('',1,1,(
    (#6948,#6949)
    ,(#6950,#6951
    )),.UNSPECIFIED.,.F.,.F.,.F.,(2,2),(2,2),(-0.4,0.),(-0.2,0.),
  .PIECEWISE_BEZIER_KNOTS.);
#6948 = CARTESIAN_POINT('',(-2.01,-0.1,1.E-07));
#6949 = CARTESIAN_POINT('',(-2.01,-0.1,0.2000001));
#6950 = CARTESIAN_POINT('',(-1.61,-0.1,1.E-07));
#6951 = CARTESIAN_POINT('',(-1.61,-0.1,0.2000001));
#6952 = ADVANCED_FACE('',(#6953),#6963,.F.);
#6953 = FACE_BOUND('',#6954,.T.);
#6954 = EDGE_LOOP('',(#6955,#6960,#6961,#6962));
#6955 = ORIENTED_EDGE('',*,*,#6956,.T.);
#6956 = EDGE_CURVE('',#6935,#6884,#6957,.T.);
#6957 = B_SPLINE_CURVE_WITH_KNOTS('',1,(#6958,#6959),.UNSPECIFIED.,.F.,
  .F.,(2,2),(-0.2,0.),.PIECEWISE_BEZIER_KNOTS.);
#6958 = CARTESIAN_POINT('',(-2.01,-0.1,1.E-07));
#6959 = CARTESIAN_POINT('',(-2.01,-0.3,1.E-07));
#6960 = ORIENTED_EDGE('',*,*,#6883,.F.);
#6961 = ORIENTED_EDGE('',*,*,#6867,.F.);
#6962 = ORIENTED_EDGE('',*,*,#6941,.T.);
#6963 = B_SPLINE_SURFACE_WITH_KNOTS('',1,1,(
    (#6964,#6965)
    ,(#6966,#6967
    )),.UNSPECIFIED.,.F.,.F.,.F.,(2,2),(2,2),(0.,0.2),(-0.2,0.),
  .PIECEWISE_BEZIER_KNOTS.);
#6964 = CARTESIAN_POINT('',(-2.01,-0.3,1.E-07));
#6965 = CARTESIAN_POINT('',(-2.01,-0.3,0.2000001));
#6966 = CARTESIAN_POINT('',(-2.01,-0.1,1.E-07));
#6967 = CARTESIAN_POINT('',(-2.01,-0.1,0.2000001));
#6968 = ADVANCED_FACE('',(#6969),#6975,.T.);
#6969 = FACE_BOUND('',#6970,.T.);
#6970 = EDGE_LOOP('',(#6971,#6972,#6973,#6974));
#6971 = ORIENTED_EDGE('',*,*,#6890,.F.);
#6972 = ORIENTED_EDGE('',*,*,#6956,.F.);
#6973 = ORIENTED_EDGE('',*,*,#6934,.F.);
#6974 = ORIENTED_EDGE('',*,*,#6912,.F.);
#6975 = B_SPLINE_SURFACE_WITH_KNOTS('',1,1,(
    (#6976,#6977)
    ,(#6978,#6979
    )),.UNSPECIFIED.,.F.,.F.,.F.,(2,2),(2,2),(1.3,1.5),(-2.01,-1.61),
  .PIECEWISE_BEZIER_KNOTS.);
#6976 = CARTESIAN_POINT('',(-2.01,-0.3,1.E-07));
#6977 = CARTESIAN_POINT('',(-1.61,-0.3,1.E-07));
#6978 = CARTESIAN_POINT('',(-2.01,-0.1,1.E-07));
#6979 = CARTESIAN_POINT('',(-1.61,-0.1,1.E-07));
#6980 = ADVANCED_FACE('',(#6981),#7003,.F.);
#6981 = FACE_BOUND('',#6982,.T.);
#6982 = EDGE_LOOP('',(#6983,#6990,#6991,#6998));
#6983 = ORIENTED_EDGE('',*,*,#6984,.T.);
#6984 = EDGE_CURVE('',#6985,#2545,#6987,.T.);
#6985 = VERTEX_POINT('',#6986);
#6986 = CARTESIAN_POINT('',(-2.01,-0.7,0.2000001));
#6987 = B_SPLINE_CURVE_WITH_KNOTS('',1,(#6988,#6989),.UNSPECIFIED.,.F.,
  .F.,(2,2),(-0.4,-0.39),.PIECEWISE_BEZIER_KNOTS.);
#6988 = CARTESIAN_POINT('',(-2.01,-0.7,0.2000001));
#6989 = CARTESIAN_POINT('',(-2.,-0.7,0.2000001));
#6990 = ORIENTED_EDGE('',*,*,#2544,.T.);
#6991 = ORIENTED_EDGE('',*,*,#6992,.T.);
#6992 = EDGE_CURVE('',#2538,#6993,#6995,.T.);
#6993 = VERTEX_POINT('',#6994);
#6994 = CARTESIAN_POINT('',(-2.01,-0.5,0.2000001));
#6995 = B_SPLINE_CURVE_WITH_KNOTS('',1,(#6996,#6997),.UNSPECIFIED.,.F.,
  .F.,(2,2),(0.39,0.4),.PIECEWISE_BEZIER_KNOTS.);
#6996 = CARTESIAN_POINT('',(-2.,-0.5,0.2000001));
#6997 = CARTESIAN_POINT('',(-2.01,-0.5,0.2000001));
#6998 = ORIENTED_EDGE('',*,*,#6999,.T.);
#6999 = EDGE_CURVE('',#6993,#6985,#7000,.T.);
#7000 = B_SPLINE_CURVE_WITH_KNOTS('',1,(#7001,#7002),.UNSPECIFIED.,.F.,
  .F.,(2,2),(-0.2,0.),.PIECEWISE_BEZIER_KNOTS.);
#7001 = CARTESIAN_POINT('',(-2.01,-0.5,0.2000001));
#7002 = CARTESIAN_POINT('',(-2.01,-0.7,0.2000001));
#7003 = B_SPLINE_SURFACE_WITH_KNOTS('',1,1,(
    (#7004,#7005)
    ,(#7006,#7007
    )),.UNSPECIFIED.,.F.,.F.,.F.,(2,2),(2,2),(1.3,1.5),(-2.01,-2.),
  .PIECEWISE_BEZIER_KNOTS.);
#7004 = CARTESIAN_POINT('',(-2.01,-0.7,0.2000001));
#7005 = CARTESIAN_POINT('',(-2.,-0.7,0.2000001));
#7006 = CARTESIAN_POINT('',(-2.01,-0.5,0.2000001));
#7007 = CARTESIAN_POINT('',(-2.,-0.5,0.2000001));
#7008 = ADVANCED_FACE('',(#7009),#7033,.F.);
#7009 = FACE_BOUND('',#7010,.T.);
#7010 = EDGE_LOOP('',(#7011,#7012,#7013,#7014,#7021,#7028));
#7011 = ORIENTED_EDGE('',*,*,#1550,.F.);
#7012 = ORIENTED_EDGE('',*,*,#2551,.T.);
#7013 = ORIENTED_EDGE('',*,*,#6984,.F.);
#7014 = ORIENTED_EDGE('',*,*,#7015,.T.);
#7015 = EDGE_CURVE('',#6985,#7016,#7018,.T.);
#7016 = VERTEX_POINT('',#7017);
#7017 = CARTESIAN_POINT('',(-2.01,-0.7,1.E-07));
#7018 = B_SPLINE_CURVE_WITH_KNOTS('',1,(#7019,#7020),.UNSPECIFIED.,.F.,
  .F.,(2,2),(-0.,0.2),.PIECEWISE_BEZIER_KNOTS.);
#7019 = CARTESIAN_POINT('',(-2.01,-0.7,0.2000001));
#7020 = CARTESIAN_POINT('',(-2.01,-0.7,1.E-07));
#7021 = ORIENTED_EDGE('',*,*,#7022,.T.);
#7022 = EDGE_CURVE('',#7016,#7023,#7025,.T.);
#7023 = VERTEX_POINT('',#7024);
#7024 = CARTESIAN_POINT('',(-1.61,-0.7,1.E-07));
#7025 = B_SPLINE_CURVE_WITH_KNOTS('',1,(#7026,#7027),.UNSPECIFIED.,.F.,
  .F.,(2,2),(-0.4,0.),.PIECEWISE_BEZIER_KNOTS.);
#7026 = CARTESIAN_POINT('',(-2.01,-0.7,1.E-07));
#7027 = CARTESIAN_POINT('',(-1.61,-0.7,1.E-07));
#7028 = ORIENTED_EDGE('',*,*,#7029,.F.);
#7029 = EDGE_CURVE('',#1551,#7023,#7030,.T.);
#7030 = B_SPLINE_CURVE_WITH_KNOTS('',1,(#7031,#7032),.UNSPECIFIED.,.F.,
  .F.,(2,2),(0.19,0.2),.PIECEWISE_BEZIER_KNOTS.);
#7031 = CARTESIAN_POINT('',(-1.61,-0.7,1.00001E-02));
#7032 = CARTESIAN_POINT('',(-1.61,-0.7,1.E-07));
#7033 = B_SPLINE_SURFACE_WITH_KNOTS('',1,1,(
    (#7034,#7035)
    ,(#7036,#7037
    )),.UNSPECIFIED.,.F.,.F.,.F.,(2,2),(2,2),(0.,0.4),(-0.2,0.),
  .PIECEWISE_BEZIER_KNOTS.);
#7034 = CARTESIAN_POINT('',(-1.61,-0.7,1.E-07));
#7035 = CARTESIAN_POINT('',(-1.61,-0.7,0.2000001));
#7036 = CARTESIAN_POINT('',(-2.01,-0.7,1.E-07));
#7037 = CARTESIAN_POINT('',(-2.01,-0.7,0.2000001));
#7038 = ADVANCED_FACE('',(#7039),#7055,.F.);
#7039 = FACE_BOUND('',#7040,.T.);
#7040 = EDGE_LOOP('',(#7041,#7042,#7043,#7050));
#7041 = ORIENTED_EDGE('',*,*,#1557,.F.);
#7042 = ORIENTED_EDGE('',*,*,#7029,.T.);
#7043 = ORIENTED_EDGE('',*,*,#7044,.T.);
#7044 = EDGE_CURVE('',#7023,#7045,#7047,.T.);
#7045 = VERTEX_POINT('',#7046);
#7046 = CARTESIAN_POINT('',(-1.61,-0.5,1.E-07));
#7047 = B_SPLINE_CURVE_WITH_KNOTS('',1,(#7048,#7049),.UNSPECIFIED.,.F.,
  .F.,(2,2),(0.,0.2),.PIECEWISE_BEZIER_KNOTS.);
#7048 = CARTESIAN_POINT('',(-1.61,-0.7,1.E-07));
#7049 = CARTESIAN_POINT('',(-1.61,-0.5,1.E-07));
#7050 = ORIENTED_EDGE('',*,*,#7051,.F.);
#7051 = EDGE_CURVE('',#1558,#7045,#7052,.T.);
#7052 = B_SPLINE_CURVE_WITH_KNOTS('',1,(#7053,#7054),.UNSPECIFIED.,.F.,
  .F.,(2,2),(0.19,0.2),.PIECEWISE_BEZIER_KNOTS.);
#7053 = CARTESIAN_POINT('',(-1.61,-0.5,1.00001E-02));
#7054 = CARTESIAN_POINT('',(-1.61,-0.5,1.E-07));
#7055 = B_SPLINE_SURFACE_WITH_KNOTS('',1,1,(
    (#7056,#7057)
    ,(#7058,#7059
    )),.UNSPECIFIED.,.F.,.F.,.F.,(2,2),(2,2),(-0.2,0.),(-0.2,-0.19),
  .PIECEWISE_BEZIER_KNOTS.);
#7056 = CARTESIAN_POINT('',(-1.61,-0.5,1.E-07));
#7057 = CARTESIAN_POINT('',(-1.61,-0.5,1.00001E-02));
#7058 = CARTESIAN_POINT('',(-1.61,-0.7,1.E-07));
#7059 = CARTESIAN_POINT('',(-1.61,-0.7,1.00001E-02));
#7060 = ADVANCED_FACE('',(#7061),#7079,.F.);
#7061 = FACE_BOUND('',#7062,.T.);
#7062 = EDGE_LOOP('',(#7063,#7064,#7065,#7072,#7077,#7078));
#7063 = ORIENTED_EDGE('',*,*,#1564,.F.);
#7064 = ORIENTED_EDGE('',*,*,#7051,.T.);
#7065 = ORIENTED_EDGE('',*,*,#7066,.T.);
#7066 = EDGE_CURVE('',#7045,#7067,#7069,.T.);
#7067 = VERTEX_POINT('',#7068);
#7068 = CARTESIAN_POINT('',(-2.01,-0.5,1.E-07));
#7069 = B_SPLINE_CURVE_WITH_KNOTS('',1,(#7070,#7071),.UNSPECIFIED.,.F.,
  .F.,(2,2),(0.,0.4),.PIECEWISE_BEZIER_KNOTS.);
#7070 = CARTESIAN_POINT('',(-1.61,-0.5,1.E-07));
#7071 = CARTESIAN_POINT('',(-2.01,-0.5,1.E-07));
#7072 = ORIENTED_EDGE('',*,*,#7073,.F.);
#7073 = EDGE_CURVE('',#6993,#7067,#7074,.T.);
#7074 = B_SPLINE_CURVE_WITH_KNOTS('',1,(#7075,#7076),.UNSPECIFIED.,.F.,
  .F.,(2,2),(-0.,0.2),.PIECEWISE_BEZIER_KNOTS.);
#7075 = CARTESIAN_POINT('',(-2.01,-0.5,0.2000001));
#7076 = CARTESIAN_POINT('',(-2.01,-0.5,1.E-07));
#7077 = ORIENTED_EDGE('',*,*,#6992,.F.);
#7078 = ORIENTED_EDGE('',*,*,#2537,.T.);
#7079 = B_SPLINE_SURFACE_WITH_KNOTS('',1,1,(
    (#7080,#7081)
    ,(#7082,#7083
    )),.UNSPECIFIED.,.F.,.F.,.F.,(2,2),(2,2),(-0.4,0.),(-0.2,0.),
  .PIECEWISE_BEZIER_KNOTS.);
#7080 = CARTESIAN_POINT('',(-2.01,-0.5,1.E-07));
#7081 = CARTESIAN_POINT('',(-2.01,-0.5,0.2000001));
#7082 = CARTESIAN_POINT('',(-1.61,-0.5,1.E-07));
#7083 = CARTESIAN_POINT('',(-1.61,-0.5,0.2000001));
#7084 = ADVANCED_FACE('',(#7085),#7095,.F.);
#7085 = FACE_BOUND('',#7086,.T.);
#7086 = EDGE_LOOP('',(#7087,#7092,#7093,#7094));
#7087 = ORIENTED_EDGE('',*,*,#7088,.T.);
#7088 = EDGE_CURVE('',#7067,#7016,#7089,.T.);
#7089 = B_SPLINE_CURVE_WITH_KNOTS('',1,(#7090,#7091),.UNSPECIFIED.,.F.,
  .F.,(2,2),(-0.2,0.),.PIECEWISE_BEZIER_KNOTS.);
#7090 = CARTESIAN_POINT('',(-2.01,-0.5,1.E-07));
#7091 = CARTESIAN_POINT('',(-2.01,-0.7,1.E-07));
#7092 = ORIENTED_EDGE('',*,*,#7015,.F.);
#7093 = ORIENTED_EDGE('',*,*,#6999,.F.);
#7094 = ORIENTED_EDGE('',*,*,#7073,.T.);
#7095 = B_SPLINE_SURFACE_WITH_KNOTS('',1,1,(
    (#7096,#7097)
    ,(#7098,#7099
    )),.UNSPECIFIED.,.F.,.F.,.F.,(2,2),(2,2),(0.,0.2),(-0.2,0.),
  .PIECEWISE_BEZIER_KNOTS.);
#7096 = CARTESIAN_POINT('',(-2.01,-0.7,1.E-07));
#7097 = CARTESIAN_POINT('',(-2.01,-0.7,0.2000001));
#7098 = CARTESIAN_POINT('',(-2.01,-0.5,1.E-07));
#7099 = CARTESIAN_POINT('',(-2.01,-0.5,0.2000001));
#7100 = ADVANCED_FACE('',(#7101),#7107,.T.);
#7101 = FACE_BOUND('',#7102,.T.);
#7102 = EDGE_LOOP('',(#7103,#7104,#7105,#7106));
#7103 = ORIENTED_EDGE('',*,*,#7022,.F.);
#7104 = ORIENTED_EDGE('',*,*,#7088,.F.);
#7105 = ORIENTED_EDGE('',*,*,#7066,.F.);
#7106 = ORIENTED_EDGE('',*,*,#7044,.F.);
#7107 = B_SPLINE_SURFACE_WITH_KNOTS('',1,1,(
    (#7108,#7109)
    ,(#7110,#7111
    )),.UNSPECIFIED.,.F.,.F.,.F.,(2,2),(2,2),(1.3,1.5),(-2.01,-1.61),
  .PIECEWISE_BEZIER_KNOTS.);
#7108 = CARTESIAN_POINT('',(-2.01,-0.7,1.E-07));
#7109 = CARTESIAN_POINT('',(-1.61,-0.7,1.E-07));
#7110 = CARTESIAN_POINT('',(-2.01,-0.5,1.E-07));
#7111 = CARTESIAN_POINT('',(-1.61,-0.5,1.E-07));
#7112 = ADVANCED_FACE('',(#7113),#7135,.F.);
#7113 = FACE_BOUND('',#7114,.T.);
#7114 = EDGE_LOOP('',(#7115,#7122,#7123,#7130));
#7115 = ORIENTED_EDGE('',*,*,#7116,.T.);
#7116 = EDGE_CURVE('',#7117,#2565,#7119,.T.);
#7117 = VERTEX_POINT('',#7118);
#7118 = CARTESIAN_POINT('',(-2.01,-1.1,0.2000001));
#7119 = B_SPLINE_CURVE_WITH_KNOTS('',1,(#7120,#7121),.UNSPECIFIED.,.F.,
  .F.,(2,2),(-0.4,-0.39),.PIECEWISE_BEZIER_KNOTS.);
#7120 = CARTESIAN_POINT('',(-2.01,-1.1,0.2000001));
#7121 = CARTESIAN_POINT('',(-2.,-1.1,0.2000001));
#7122 = ORIENTED_EDGE('',*,*,#2564,.T.);
#7123 = ORIENTED_EDGE('',*,*,#7124,.T.);
#7124 = EDGE_CURVE('',#2558,#7125,#7127,.T.);
#7125 = VERTEX_POINT('',#7126);
#7126 = CARTESIAN_POINT('',(-2.01,-0.9,0.2000001));
#7127 = B_SPLINE_CURVE_WITH_KNOTS('',1,(#7128,#7129),.UNSPECIFIED.,.F.,
  .F.,(2,2),(0.39,0.4),.PIECEWISE_BEZIER_KNOTS.);
#7128 = CARTESIAN_POINT('',(-2.,-0.9,0.2000001));
#7129 = CARTESIAN_POINT('',(-2.01,-0.9,0.2000001));
#7130 = ORIENTED_EDGE('',*,*,#7131,.T.);
#7131 = EDGE_CURVE('',#7125,#7117,#7132,.T.);
#7132 = B_SPLINE_CURVE_WITH_KNOTS('',1,(#7133,#7134),.UNSPECIFIED.,.F.,
  .F.,(2,2),(-0.2,0.),.PIECEWISE_BEZIER_KNOTS.);
#7133 = CARTESIAN_POINT('',(-2.01,-0.9,0.2000001));
#7134 = CARTESIAN_POINT('',(-2.01,-1.1,0.2000001));
#7135 = B_SPLINE_SURFACE_WITH_KNOTS('',1,1,(
    (#7136,#7137)
    ,(#7138,#7139
    )),.UNSPECIFIED.,.F.,.F.,.F.,(2,2),(2,2),(1.3,1.5),(-2.01,-2.),
  .PIECEWISE_BEZIER_KNOTS.);
#7136 = CARTESIAN_POINT('',(-2.01,-1.1,0.2000001));
#7137 = CARTESIAN_POINT('',(-2.,-1.1,0.2000001));
#7138 = CARTESIAN_POINT('',(-2.01,-0.9,0.2000001));
#7139 = CARTESIAN_POINT('',(-2.,-0.9,0.2000001));
#7140 = ADVANCED_FACE('',(#7141),#7165,.F.);
#7141 = FACE_BOUND('',#7142,.T.);
#7142 = EDGE_LOOP('',(#7143,#7144,#7145,#7146,#7153,#7160));
#7143 = ORIENTED_EDGE('',*,*,#1522,.F.);
#7144 = ORIENTED_EDGE('',*,*,#2571,.T.);
#7145 = ORIENTED_EDGE('',*,*,#7116,.F.);
#7146 = ORIENTED_EDGE('',*,*,#7147,.T.);
#7147 = EDGE_CURVE('',#7117,#7148,#7150,.T.);
#7148 = VERTEX_POINT('',#7149);
#7149 = CARTESIAN_POINT('',(-2.01,-1.1,1.E-07));
#7150 = B_SPLINE_CURVE_WITH_KNOTS('',1,(#7151,#7152),.UNSPECIFIED.,.F.,
  .F.,(2,2),(-0.,0.2),.PIECEWISE_BEZIER_KNOTS.);
#7151 = CARTESIAN_POINT('',(-2.01,-1.1,0.2000001));
#7152 = CARTESIAN_POINT('',(-2.01,-1.1,1.E-07));
#7153 = ORIENTED_EDGE('',*,*,#7154,.T.);
#7154 = EDGE_CURVE('',#7148,#7155,#7157,.T.);
#7155 = VERTEX_POINT('',#7156);
#7156 = CARTESIAN_POINT('',(-1.61,-1.1,1.E-07));
#7157 = B_SPLINE_CURVE_WITH_KNOTS('',1,(#7158,#7159),.UNSPECIFIED.,.F.,
  .F.,(2,2),(-0.4,0.),.PIECEWISE_BEZIER_KNOTS.);
#7158 = CARTESIAN_POINT('',(-2.01,-1.1,1.E-07));
#7159 = CARTESIAN_POINT('',(-1.61,-1.1,1.E-07));
#7160 = ORIENTED_EDGE('',*,*,#7161,.F.);
#7161 = EDGE_CURVE('',#1523,#7155,#7162,.T.);
#7162 = B_SPLINE_CURVE_WITH_KNOTS('',1,(#7163,#7164),.UNSPECIFIED.,.F.,
  .F.,(2,2),(0.19,0.2),.PIECEWISE_BEZIER_KNOTS.);
#7163 = CARTESIAN_POINT('',(-1.61,-1.1,1.00001E-02));
#7164 = CARTESIAN_POINT('',(-1.61,-1.1,1.E-07));
#7165 = B_SPLINE_SURFACE_WITH_KNOTS('',1,1,(
    (#7166,#7167)
    ,(#7168,#7169
    )),.UNSPECIFIED.,.F.,.F.,.F.,(2,2),(2,2),(0.,0.4),(-0.2,0.),
  .PIECEWISE_BEZIER_KNOTS.);
#7166 = CARTESIAN_POINT('',(-1.61,-1.1,1.E-07));
#7167 = CARTESIAN_POINT('',(-1.61,-1.1,0.2000001));
#7168 = CARTESIAN_POINT('',(-2.01,-1.1,1.E-07));
#7169 = CARTESIAN_POINT('',(-2.01,-1.1,0.2000001));
#7170 = ADVANCED_FACE('',(#7171),#7187,.F.);
#7171 = FACE_BOUND('',#7172,.T.);
#7172 = EDGE_LOOP('',(#7173,#7174,#7175,#7182));
#7173 = ORIENTED_EDGE('',*,*,#1529,.F.);
#7174 = ORIENTED_EDGE('',*,*,#7161,.T.);
#7175 = ORIENTED_EDGE('',*,*,#7176,.T.);
#7176 = EDGE_CURVE('',#7155,#7177,#7179,.T.);
#7177 = VERTEX_POINT('',#7178);
#7178 = CARTESIAN_POINT('',(-1.61,-0.9,1.E-07));
#7179 = B_SPLINE_CURVE_WITH_KNOTS('',1,(#7180,#7181),.UNSPECIFIED.,.F.,
  .F.,(2,2),(0.,0.2),.PIECEWISE_BEZIER_KNOTS.);
#7180 = CARTESIAN_POINT('',(-1.61,-1.1,1.E-07));
#7181 = CARTESIAN_POINT('',(-1.61,-0.9,1.E-07));
#7182 = ORIENTED_EDGE('',*,*,#7183,.F.);
#7183 = EDGE_CURVE('',#1530,#7177,#7184,.T.);
#7184 = B_SPLINE_CURVE_WITH_KNOTS('',1,(#7185,#7186),.UNSPECIFIED.,.F.,
  .F.,(2,2),(0.19,0.2),.PIECEWISE_BEZIER_KNOTS.);
#7185 = CARTESIAN_POINT('',(-1.61,-0.9,1.00001E-02));
#7186 = CARTESIAN_POINT('',(-1.61,-0.9,1.E-07));
#7187 = B_SPLINE_SURFACE_WITH_KNOTS('',1,1,(
    (#7188,#7189)
    ,(#7190,#7191
    )),.UNSPECIFIED.,.F.,.F.,.F.,(2,2),(2,2),(-0.2,0.),(-0.2,-0.19),
  .PIECEWISE_BEZIER_KNOTS.);
#7188 = CARTESIAN_POINT('',(-1.61,-0.9,1.E-07));
#7189 = CARTESIAN_POINT('',(-1.61,-0.9,1.00001E-02));
#7190 = CARTESIAN_POINT('',(-1.61,-1.1,1.E-07));
#7191 = CARTESIAN_POINT('',(-1.61,-1.1,1.00001E-02));
#7192 = ADVANCED_FACE('',(#7193),#7211,.F.);
#7193 = FACE_BOUND('',#7194,.T.);
#7194 = EDGE_LOOP('',(#7195,#7196,#7197,#7204,#7209,#7210));
#7195 = ORIENTED_EDGE('',*,*,#1536,.F.);
#7196 = ORIENTED_EDGE('',*,*,#7183,.T.);
#7197 = ORIENTED_EDGE('',*,*,#7198,.T.);
#7198 = EDGE_CURVE('',#7177,#7199,#7201,.T.);
#7199 = VERTEX_POINT('',#7200);
#7200 = CARTESIAN_POINT('',(-2.01,-0.9,1.E-07));
#7201 = B_SPLINE_CURVE_WITH_KNOTS('',1,(#7202,#7203),.UNSPECIFIED.,.F.,
  .F.,(2,2),(0.,0.4),.PIECEWISE_BEZIER_KNOTS.);
#7202 = CARTESIAN_POINT('',(-1.61,-0.9,1.E-07));
#7203 = CARTESIAN_POINT('',(-2.01,-0.9,1.E-07));
#7204 = ORIENTED_EDGE('',*,*,#7205,.F.);
#7205 = EDGE_CURVE('',#7125,#7199,#7206,.T.);
#7206 = B_SPLINE_CURVE_WITH_KNOTS('',1,(#7207,#7208),.UNSPECIFIED.,.F.,
  .F.,(2,2),(-0.,0.2),.PIECEWISE_BEZIER_KNOTS.);
#7207 = CARTESIAN_POINT('',(-2.01,-0.9,0.2000001));
#7208 = CARTESIAN_POINT('',(-2.01,-0.9,1.E-07));
#7209 = ORIENTED_EDGE('',*,*,#7124,.F.);
#7210 = ORIENTED_EDGE('',*,*,#2557,.T.);
#7211 = B_SPLINE_SURFACE_WITH_KNOTS('',1,1,(
    (#7212,#7213)
    ,(#7214,#7215
    )),.UNSPECIFIED.,.F.,.F.,.F.,(2,2),(2,2),(-0.4,0.),(-0.2,0.),
  .PIECEWISE_BEZIER_KNOTS.);
#7212 = CARTESIAN_POINT('',(-2.01,-0.9,1.E-07));
#7213 = CARTESIAN_POINT('',(-2.01,-0.9,0.2000001));
#7214 = CARTESIAN_POINT('',(-1.61,-0.9,1.E-07));
#7215 = CARTESIAN_POINT('',(-1.61,-0.9,0.2000001));
#7216 = ADVANCED_FACE('',(#7217),#7227,.F.);
#7217 = FACE_BOUND('',#7218,.T.);
#7218 = EDGE_LOOP('',(#7219,#7224,#7225,#7226));
#7219 = ORIENTED_EDGE('',*,*,#7220,.T.);
#7220 = EDGE_CURVE('',#7199,#7148,#7221,.T.);
#7221 = B_SPLINE_CURVE_WITH_KNOTS('',1,(#7222,#7223),.UNSPECIFIED.,.F.,
  .F.,(2,2),(-0.2,0.),.PIECEWISE_BEZIER_KNOTS.);
#7222 = CARTESIAN_POINT('',(-2.01,-0.9,1.E-07));
#7223 = CARTESIAN_POINT('',(-2.01,-1.1,1.E-07));
#7224 = ORIENTED_EDGE('',*,*,#7147,.F.);
#7225 = ORIENTED_EDGE('',*,*,#7131,.F.);
#7226 = ORIENTED_EDGE('',*,*,#7205,.T.);
#7227 = B_SPLINE_SURFACE_WITH_KNOTS('',1,1,(
    (#7228,#7229)
    ,(#7230,#7231
    )),.UNSPECIFIED.,.F.,.F.,.F.,(2,2),(2,2),(0.,0.2),(-0.2,0.),
  .PIECEWISE_BEZIER_KNOTS.);
#7228 = CARTESIAN_POINT('',(-2.01,-1.1,1.E-07));
#7229 = CARTESIAN_POINT('',(-2.01,-1.1,0.2000001));
#7230 = CARTESIAN_POINT('',(-2.01,-0.9,1.E-07));
#7231 = CARTESIAN_POINT('',(-2.01,-0.9,0.2000001));
#7232 = ADVANCED_FACE('',(#7233),#7239,.T.);
#7233 = FACE_BOUND('',#7234,.T.);
#7234 = EDGE_LOOP('',(#7235,#7236,#7237,#7238));
#7235 = ORIENTED_EDGE('',*,*,#7154,.F.);
#7236 = ORIENTED_EDGE('',*,*,#7220,.F.);
#7237 = ORIENTED_EDGE('',*,*,#7198,.F.);
#7238 = ORIENTED_EDGE('',*,*,#7176,.F.);
#7239 = B_SPLINE_SURFACE_WITH_KNOTS('',1,1,(
    (#7240,#7241)
    ,(#7242,#7243
    )),.UNSPECIFIED.,.F.,.F.,.F.,(2,2),(2,2),(1.3,1.5),(-2.01,-1.61),
  .PIECEWISE_BEZIER_KNOTS.);
#7240 = CARTESIAN_POINT('',(-2.01,-1.1,1.E-07));
#7241 = CARTESIAN_POINT('',(-1.61,-1.1,1.E-07));
#7242 = CARTESIAN_POINT('',(-2.01,-0.9,1.E-07));
#7243 = CARTESIAN_POINT('',(-1.61,-0.9,1.E-07));
#7244 = ADVANCED_FACE('',(#7245),#7267,.F.);
#7245 = FACE_BOUND('',#7246,.T.);
#7246 = EDGE_LOOP('',(#7247,#7254,#7255,#7262));
#7247 = ORIENTED_EDGE('',*,*,#7248,.T.);
#7248 = EDGE_CURVE('',#7249,#2418,#7251,.T.);
#7249 = VERTEX_POINT('',#7250);
#7250 = CARTESIAN_POINT('',(-2.01,-1.5,0.2000001));
#7251 = B_SPLINE_CURVE_WITH_KNOTS('',1,(#7252,#7253),.UNSPECIFIED.,.F.,
  .F.,(2,2),(-0.4,-0.39),.PIECEWISE_BEZIER_KNOTS.);
#7252 = CARTESIAN_POINT('',(-2.01,-1.5,0.2000001));
#7253 = CARTESIAN_POINT('',(-2.,-1.5,0.2000001));
#7254 = ORIENTED_EDGE('',*,*,#2584,.T.);
#7255 = ORIENTED_EDGE('',*,*,#7256,.T.);
#7256 = EDGE_CURVE('',#2578,#7257,#7259,.T.);
#7257 = VERTEX_POINT('',#7258);
#7258 = CARTESIAN_POINT('',(-2.01,-1.3,0.2000001));
#7259 = B_SPLINE_CURVE_WITH_KNOTS('',1,(#7260,#7261),.UNSPECIFIED.,.F.,
  .F.,(2,2),(0.39,0.4),.PIECEWISE_BEZIER_KNOTS.);
#7260 = CARTESIAN_POINT('',(-2.,-1.3,0.2000001));
#7261 = CARTESIAN_POINT('',(-2.01,-1.3,0.2000001));
#7262 = ORIENTED_EDGE('',*,*,#7263,.T.);
#7263 = EDGE_CURVE('',#7257,#7249,#7264,.T.);
#7264 = B_SPLINE_CURVE_WITH_KNOTS('',1,(#7265,#7266),.UNSPECIFIED.,.F.,
  .F.,(2,2),(-0.2,0.),.PIECEWISE_BEZIER_KNOTS.);
#7265 = CARTESIAN_POINT('',(-2.01,-1.3,0.2000001));
#7266 = CARTESIAN_POINT('',(-2.01,-1.5,0.2000001));
#7267 = B_SPLINE_SURFACE_WITH_KNOTS('',1,1,(
    (#7268,#7269)
    ,(#7270,#7271
    )),.UNSPECIFIED.,.F.,.F.,.F.,(2,2),(2,2),(1.3,1.5),(-2.01,-2.),
  .PIECEWISE_BEZIER_KNOTS.);
#7268 = CARTESIAN_POINT('',(-2.01,-1.5,0.2000001));
#7269 = CARTESIAN_POINT('',(-2.,-1.5,0.2000001));
#7270 = CARTESIAN_POINT('',(-2.01,-1.3,0.2000001));
#7271 = CARTESIAN_POINT('',(-2.,-1.3,0.2000001));
#7272 = ADVANCED_FACE('',(#7273),#7297,.F.);
#7273 = FACE_BOUND('',#7274,.T.);
#7274 = EDGE_LOOP('',(#7275,#7276,#7277,#7278,#7285,#7292));
#7275 = ORIENTED_EDGE('',*,*,#1494,.F.);
#7276 = ORIENTED_EDGE('',*,*,#2417,.T.);
#7277 = ORIENTED_EDGE('',*,*,#7248,.F.);
#7278 = ORIENTED_EDGE('',*,*,#7279,.T.);
#7279 = EDGE_CURVE('',#7249,#7280,#7282,.T.);
#7280 = VERTEX_POINT('',#7281);
#7281 = CARTESIAN_POINT('',(-2.01,-1.5,1.E-07));
#7282 = B_SPLINE_CURVE_WITH_KNOTS('',1,(#7283,#7284),.UNSPECIFIED.,.F.,
  .F.,(2,2),(-0.,0.2),.PIECEWISE_BEZIER_KNOTS.);
#7283 = CARTESIAN_POINT('',(-2.01,-1.5,0.2000001));
#7284 = CARTESIAN_POINT('',(-2.01,-1.5,1.E-07));
#7285 = ORIENTED_EDGE('',*,*,#7286,.T.);
#7286 = EDGE_CURVE('',#7280,#7287,#7289,.T.);
#7287 = VERTEX_POINT('',#7288);
#7288 = CARTESIAN_POINT('',(-1.61,-1.5,1.E-07));
#7289 = B_SPLINE_CURVE_WITH_KNOTS('',1,(#7290,#7291),.UNSPECIFIED.,.F.,
  .F.,(2,2),(-0.4,0.),.PIECEWISE_BEZIER_KNOTS.);
#7290 = CARTESIAN_POINT('',(-2.01,-1.5,1.E-07));
#7291 = CARTESIAN_POINT('',(-1.61,-1.5,1.E-07));
#7292 = ORIENTED_EDGE('',*,*,#7293,.F.);
#7293 = EDGE_CURVE('',#1495,#7287,#7294,.T.);
#7294 = B_SPLINE_CURVE_WITH_KNOTS('',1,(#7295,#7296),.UNSPECIFIED.,.F.,
  .F.,(2,2),(0.19,0.2),.PIECEWISE_BEZIER_KNOTS.);
#7295 = CARTESIAN_POINT('',(-1.61,-1.5,1.00001E-02));
#7296 = CARTESIAN_POINT('',(-1.61,-1.5,1.E-07));
#7297 = B_SPLINE_SURFACE_WITH_KNOTS('',1,1,(
    (#7298,#7299)
    ,(#7300,#7301
    )),.UNSPECIFIED.,.F.,.F.,.F.,(2,2),(2,2),(0.,0.4),(-0.2,0.),
  .PIECEWISE_BEZIER_KNOTS.);
#7298 = CARTESIAN_POINT('',(-1.61,-1.5,1.E-07));
#7299 = CARTESIAN_POINT('',(-1.61,-1.5,0.2000001));
#7300 = CARTESIAN_POINT('',(-2.01,-1.5,1.E-07));
#7301 = CARTESIAN_POINT('',(-2.01,-1.5,0.2000001));
#7302 = ADVANCED_FACE('',(#7303),#7319,.F.);
#7303 = FACE_BOUND('',#7304,.T.);
#7304 = EDGE_LOOP('',(#7305,#7306,#7307,#7314));
#7305 = ORIENTED_EDGE('',*,*,#1501,.F.);
#7306 = ORIENTED_EDGE('',*,*,#7293,.T.);
#7307 = ORIENTED_EDGE('',*,*,#7308,.T.);
#7308 = EDGE_CURVE('',#7287,#7309,#7311,.T.);
#7309 = VERTEX_POINT('',#7310);
#7310 = CARTESIAN_POINT('',(-1.61,-1.3,1.E-07));
#7311 = B_SPLINE_CURVE_WITH_KNOTS('',1,(#7312,#7313),.UNSPECIFIED.,.F.,
  .F.,(2,2),(0.,0.2),.PIECEWISE_BEZIER_KNOTS.);
#7312 = CARTESIAN_POINT('',(-1.61,-1.5,1.E-07));
#7313 = CARTESIAN_POINT('',(-1.61,-1.3,1.E-07));
#7314 = ORIENTED_EDGE('',*,*,#7315,.F.);
#7315 = EDGE_CURVE('',#1502,#7309,#7316,.T.);
#7316 = B_SPLINE_CURVE_WITH_KNOTS('',1,(#7317,#7318),.UNSPECIFIED.,.F.,
  .F.,(2,2),(0.19,0.2),.PIECEWISE_BEZIER_KNOTS.);
#7317 = CARTESIAN_POINT('',(-1.61,-1.3,1.00001E-02));
#7318 = CARTESIAN_POINT('',(-1.61,-1.3,1.E-07));
#7319 = B_SPLINE_SURFACE_WITH_KNOTS('',1,1,(
    (#7320,#7321)
    ,(#7322,#7323
    )),.UNSPECIFIED.,.F.,.F.,.F.,(2,2),(2,2),(-0.2,0.),(-0.2,-0.19),
  .PIECEWISE_BEZIER_KNOTS.);
#7320 = CARTESIAN_POINT('',(-1.61,-1.3,1.E-07));
#7321 = CARTESIAN_POINT('',(-1.61,-1.3,1.00001E-02));
#7322 = CARTESIAN_POINT('',(-1.61,-1.5,1.E-07));
#7323 = CARTESIAN_POINT('',(-1.61,-1.5,1.00001E-02));
#7324 = ADVANCED_FACE('',(#7325),#7343,.F.);
#7325 = FACE_BOUND('',#7326,.T.);
#7326 = EDGE_LOOP('',(#7327,#7328,#7329,#7336,#7341,#7342));
#7327 = ORIENTED_EDGE('',*,*,#1508,.F.);
#7328 = ORIENTED_EDGE('',*,*,#7315,.T.);
#7329 = ORIENTED_EDGE('',*,*,#7330,.T.);
#7330 = EDGE_CURVE('',#7309,#7331,#7333,.T.);
#7331 = VERTEX_POINT('',#7332);
#7332 = CARTESIAN_POINT('',(-2.01,-1.3,1.E-07));
#7333 = B_SPLINE_CURVE_WITH_KNOTS('',1,(#7334,#7335),.UNSPECIFIED.,.F.,
  .F.,(2,2),(0.,0.4),.PIECEWISE_BEZIER_KNOTS.);
#7334 = CARTESIAN_POINT('',(-1.61,-1.3,1.E-07));
#7335 = CARTESIAN_POINT('',(-2.01,-1.3,1.E-07));
#7336 = ORIENTED_EDGE('',*,*,#7337,.F.);
#7337 = EDGE_CURVE('',#7257,#7331,#7338,.T.);
#7338 = B_SPLINE_CURVE_WITH_KNOTS('',1,(#7339,#7340),.UNSPECIFIED.,.F.,
  .F.,(2,2),(-0.,0.2),.PIECEWISE_BEZIER_KNOTS.);
#7339 = CARTESIAN_POINT('',(-2.01,-1.3,0.2000001));
#7340 = CARTESIAN_POINT('',(-2.01,-1.3,1.E-07));
#7341 = ORIENTED_EDGE('',*,*,#7256,.F.);
#7342 = ORIENTED_EDGE('',*,*,#2577,.T.);
#7343 = B_SPLINE_SURFACE_WITH_KNOTS('',1,1,(
    (#7344,#7345)
    ,(#7346,#7347
    )),.UNSPECIFIED.,.F.,.F.,.F.,(2,2),(2,2),(-0.4,0.),(-0.2,0.),
  .PIECEWISE_BEZIER_KNOTS.);
#7344 = CARTESIAN_POINT('',(-2.01,-1.3,1.E-07));
#7345 = CARTESIAN_POINT('',(-2.01,-1.3,0.2000001));
#7346 = CARTESIAN_POINT('',(-1.61,-1.3,1.E-07));
#7347 = CARTESIAN_POINT('',(-1.61,-1.3,0.2000001));
#7348 = ADVANCED_FACE('',(#7349),#7359,.F.);
#7349 = FACE_BOUND('',#7350,.T.);
#7350 = EDGE_LOOP('',(#7351,#7356,#7357,#7358));
#7351 = ORIENTED_EDGE('',*,*,#7352,.T.);
#7352 = EDGE_CURVE('',#7331,#7280,#7353,.T.);
#7353 = B_SPLINE_CURVE_WITH_KNOTS('',1,(#7354,#7355),.UNSPECIFIED.,.F.,
  .F.,(2,2),(-0.2,0.),.PIECEWISE_BEZIER_KNOTS.);
#7354 = CARTESIAN_POINT('',(-2.01,-1.3,1.E-07));
#7355 = CARTESIAN_POINT('',(-2.01,-1.5,1.E-07));
#7356 = ORIENTED_EDGE('',*,*,#7279,.F.);
#7357 = ORIENTED_EDGE('',*,*,#7263,.F.);
#7358 = ORIENTED_EDGE('',*,*,#7337,.T.);
#7359 = B_SPLINE_SURFACE_WITH_KNOTS('',1,1,(
    (#7360,#7361)
    ,(#7362,#7363
    )),.UNSPECIFIED.,.F.,.F.,.F.,(2,2),(2,2),(0.,0.2),(-0.2,0.),
  .PIECEWISE_BEZIER_KNOTS.);
#7360 = CARTESIAN_POINT('',(-2.01,-1.5,1.E-07));
#7361 = CARTESIAN_POINT('',(-2.01,-1.5,0.2000001));
#7362 = CARTESIAN_POINT('',(-2.01,-1.3,1.E-07));
#7363 = CARTESIAN_POINT('',(-2.01,-1.3,0.2000001));
#7364 = ADVANCED_FACE('',(#7365),#7371,.T.);
#7365 = FACE_BOUND('',#7366,.T.);
#7366 = EDGE_LOOP('',(#7367,#7368,#7369,#7370));
#7367 = ORIENTED_EDGE('',*,*,#7286,.F.);
#7368 = ORIENTED_EDGE('',*,*,#7352,.F.);
#7369 = ORIENTED_EDGE('',*,*,#7330,.F.);
#7370 = ORIENTED_EDGE('',*,*,#7308,.F.);
#7371 = B_SPLINE_SURFACE_WITH_KNOTS('',1,1,(
    (#7372,#7373)
    ,(#7374,#7375
    )),.UNSPECIFIED.,.F.,.F.,.F.,(2,2),(2,2),(1.3,1.5),(-2.01,-1.61),
  .PIECEWISE_BEZIER_KNOTS.);
#7372 = CARTESIAN_POINT('',(-2.01,-1.5,1.E-07));
#7373 = CARTESIAN_POINT('',(-1.61,-1.5,1.E-07));
#7374 = CARTESIAN_POINT('',(-2.01,-1.3,1.E-07));
#7375 = CARTESIAN_POINT('',(-1.61,-1.3,1.E-07));
#7376 = ADVANCED_FACE('',(#7377),#7399,.F.);
#7377 = FACE_BOUND('',#7378,.T.);
#7378 = EDGE_LOOP('',(#7379,#7380,#7387,#7394));
#7379 = ORIENTED_EDGE('',*,*,#553,.T.);
#7380 = ORIENTED_EDGE('',*,*,#7381,.F.);
#7381 = EDGE_CURVE('',#7382,#556,#7384,.T.);
#7382 = VERTEX_POINT('',#7383);
#7383 = CARTESIAN_POINT('',(1.282562421479,1.645971676731,0.8200001));
#7384 = B_SPLINE_CURVE_WITH_KNOTS('',1,(#7385,#7386),.UNSPECIFIED.,.F.,
  .F.,(2,2),(-0.,1.E-02),.PIECEWISE_BEZIER_KNOTS.);
#7385 = CARTESIAN_POINT('',(1.282562421479,1.645971676731,0.8200001));
#7386 = CARTESIAN_POINT('',(1.282562421479,1.645971676731,0.8100001));
#7387 = ORIENTED_EDGE('',*,*,#7388,.F.);
#7388 = EDGE_CURVE('',#7389,#7382,#7391,.T.);
#7389 = VERTEX_POINT('',#7390);
#7390 = CARTESIAN_POINT('',(1.282562421479,1.636697036118,0.8200001));
#7391 = B_SPLINE_CURVE_WITH_KNOTS('',1,(#7392,#7393),.UNSPECIFIED.,.F.,
  .F.,(2,2),(-9.274640613514E-03,0.),.PIECEWISE_BEZIER_KNOTS.);
#7392 = CARTESIAN_POINT('',(1.282562421479,1.636697036118,0.8200001));
#7393 = CARTESIAN_POINT('',(1.282562421479,1.645971676731,0.8200001));
#7394 = ORIENTED_EDGE('',*,*,#7395,.T.);
#7395 = EDGE_CURVE('',#7389,#554,#7396,.T.);
#7396 = B_SPLINE_CURVE_WITH_KNOTS('',1,(#7397,#7398),.UNSPECIFIED.,.F.,
  .F.,(2,2),(-0.,1.E-02),.PIECEWISE_BEZIER_KNOTS.);
#7397 = CARTESIAN_POINT('',(1.282562421479,1.636697036118,0.8200001));
#7398 = CARTESIAN_POINT('',(1.282562421479,1.636697036118,0.8100001));
#7399 = B_SPLINE_SURFACE_WITH_KNOTS('',1,1,(
    (#7400,#7401)
    ,(#7402,#7403)),.UNSPECIFIED.,.F.,.F.,.F.,(2,2),(2,2),(-1.E-02,0.),(
    -9.274640613514E-03,0.),.PIECEWISE_BEZIER_KNOTS.);
#7400 = CARTESIAN_POINT('',(1.282562421479,1.636697036118,0.8100001));
#7401 = CARTESIAN_POINT('',(1.282562421479,1.645971676731,0.8100001));
#7402 = CARTESIAN_POINT('',(1.282562421479,1.636697036118,0.8200001));
#7403 = CARTESIAN_POINT('',(1.282562421479,1.645971676731,0.8200001));
#7404 = ADVANCED_FACE('',(#7405),#7421,.F.);
#7405 = FACE_BOUND('',#7406,.T.);
#7406 = EDGE_LOOP('',(#7407,#7408,#7415,#7420));
#7407 = ORIENTED_EDGE('',*,*,#590,.T.);
#7408 = ORIENTED_EDGE('',*,*,#7409,.F.);
#7409 = EDGE_CURVE('',#7410,#584,#7412,.T.);
#7410 = VERTEX_POINT('',#7411);
#7411 = CARTESIAN_POINT('',(1.250163564807,1.645971676731,0.8200001));
#7412 = B_SPLINE_CURVE_WITH_KNOTS('',1,(#7413,#7414),.UNSPECIFIED.,.F.,
  .F.,(2,2),(-0.,1.E-02),.PIECEWISE_BEZIER_KNOTS.);
#7413 = CARTESIAN_POINT('',(1.250163564807,1.645971676731,0.8200001));
#7414 = CARTESIAN_POINT('',(1.250163564807,1.645971676731,0.8100001));
#7415 = ORIENTED_EDGE('',*,*,#7416,.F.);
#7416 = EDGE_CURVE('',#7382,#7410,#7417,.T.);
#7417 = B_SPLINE_CURVE_WITH_KNOTS('',1,(#7418,#7419),.UNSPECIFIED.,.F.,
  .F.,(2,2),(-3.239885667266E-02,-0.),.PIECEWISE_BEZIER_KNOTS.);
#7418 = CARTESIAN_POINT('',(1.282562421479,1.645971676731,0.8200001));
#7419 = CARTESIAN_POINT('',(1.250163564807,1.645971676731,0.8200001));
#7420 = ORIENTED_EDGE('',*,*,#7381,.T.);
#7421 = B_SPLINE_SURFACE_WITH_KNOTS('',1,1,(
    (#7422,#7423)
    ,(#7424,#7425
    )),.UNSPECIFIED.,.F.,.F.,.F.,(2,2),(2,2),(0.,1.E-02),(0.,
    3.239885667266E-02),.PIECEWISE_BEZIER_KNOTS.);
#7422 = CARTESIAN_POINT('',(1.250163564807,1.645971676731,0.8200001));
#7423 = CARTESIAN_POINT('',(1.282562421479,1.645971676731,0.8200001));
#7424 = CARTESIAN_POINT('',(1.250163564807,1.645971676731,0.8100001));
#7425 = CARTESIAN_POINT('',(1.282562421479,1.645971676731,0.8100001));
#7426 = ADVANCED_FACE('',(#7427),#7443,.F.);
#7427 = FACE_BOUND('',#7428,.T.);
#7428 = EDGE_LOOP('',(#7429,#7430,#7437,#7442));
#7429 = ORIENTED_EDGE('',*,*,#583,.T.);
#7430 = ORIENTED_EDGE('',*,*,#7431,.F.);
#7431 = EDGE_CURVE('',#7432,#577,#7434,.T.);
#7432 = VERTEX_POINT('',#7433);
#7433 = CARTESIAN_POINT('',(1.250163564807,1.71804769549,0.8200001));
#7434 = B_SPLINE_CURVE_WITH_KNOTS('',1,(#7435,#7436),.UNSPECIFIED.,.F.,
  .F.,(2,2),(-0.,1.E-02),.PIECEWISE_BEZIER_KNOTS.);
#7435 = CARTESIAN_POINT('',(1.250163564807,1.71804769549,0.8200001));
#7436 = CARTESIAN_POINT('',(1.250163564807,1.71804769549,0.8100001));
#7437 = ORIENTED_EDGE('',*,*,#7438,.F.);
#7438 = EDGE_CURVE('',#7410,#7432,#7439,.T.);
#7439 = B_SPLINE_CURVE_WITH_KNOTS('',1,(#7440,#7441),.UNSPECIFIED.,.F.,
  .F.,(2,2),(-7.207601875902E-02,0.),.PIECEWISE_BEZIER_KNOTS.);
#7440 = CARTESIAN_POINT('',(1.250163564807,1.645971676731,0.8200001));
#7441 = CARTESIAN_POINT('',(1.250163564807,1.71804769549,0.8200001));
#7442 = ORIENTED_EDGE('',*,*,#7409,.T.);
#7443 = B_SPLINE_SURFACE_WITH_KNOTS('',1,1,(
    (#7444,#7445)
    ,(#7446,#7447)),.UNSPECIFIED.,.F.,.F.,.F.,(2,2),(2,2),(-1.E-02,0.),(
    -7.207601875902E-02,0.),.PIECEWISE_BEZIER_KNOTS.);
#7444 = CARTESIAN_POINT('',(1.250163564807,1.645971676731,0.8100001));
#7445 = CARTESIAN_POINT('',(1.250163564807,1.71804769549,0.8100001));
#7446 = CARTESIAN_POINT('',(1.250163564807,1.645971676731,0.8200001));
#7447 = CARTESIAN_POINT('',(1.250163564807,1.71804769549,0.8200001));
#7448 = ADVANCED_FACE('',(#7449),#7465,.F.);
#7449 = FACE_BOUND('',#7450,.T.);
#7450 = EDGE_LOOP('',(#7451,#7452,#7459,#7464));
#7451 = ORIENTED_EDGE('',*,*,#576,.T.);
#7452 = ORIENTED_EDGE('',*,*,#7453,.F.);
#7453 = EDGE_CURVE('',#7454,#570,#7456,.T.);
#7454 = VERTEX_POINT('',#7455);
#7455 = CARTESIAN_POINT('',(1.239662009852,1.71804769549,0.8200001));
#7456 = B_SPLINE_CURVE_WITH_KNOTS('',1,(#7457,#7458),.UNSPECIFIED.,.F.,
  .F.,(2,2),(-0.,1.E-02),.PIECEWISE_BEZIER_KNOTS.);
#7457 = CARTESIAN_POINT('',(1.239662009852,1.71804769549,0.8200001));
#7458 = CARTESIAN_POINT('',(1.239662009852,1.71804769549,0.8100001));
#7459 = ORIENTED_EDGE('',*,*,#7460,.F.);
#7460 = EDGE_CURVE('',#7432,#7454,#7461,.T.);
#7461 = B_SPLINE_CURVE_WITH_KNOTS('',1,(#7462,#7463),.UNSPECIFIED.,.F.,
  .F.,(2,2),(-1.050155495476E-02,-0.),.PIECEWISE_BEZIER_KNOTS.);
#7462 = CARTESIAN_POINT('',(1.250163564807,1.71804769549,0.8200001));
#7463 = CARTESIAN_POINT('',(1.239662009852,1.71804769549,0.8200001));
#7464 = ORIENTED_EDGE('',*,*,#7431,.T.);
#7465 = B_SPLINE_SURFACE_WITH_KNOTS('',1,1,(
    (#7466,#7467)
    ,(#7468,#7469
    )),.UNSPECIFIED.,.F.,.F.,.F.,(2,2),(2,2),(0.,1.E-02),(0.,
    1.050155495476E-02),.PIECEWISE_BEZIER_KNOTS.);
#7466 = CARTESIAN_POINT('',(1.239662009852,1.71804769549,0.8200001));
#7467 = CARTESIAN_POINT('',(1.250163564807,1.71804769549,0.8200001));
#7468 = CARTESIAN_POINT('',(1.239662009852,1.71804769549,0.8100001));
#7469 = CARTESIAN_POINT('',(1.250163564807,1.71804769549,0.8100001));
#7470 = ADVANCED_FACE('',(#7471),#7487,.F.);
#7471 = FACE_BOUND('',#7472,.T.);
#7472 = EDGE_LOOP('',(#7473,#7474,#7481,#7486));
#7473 = ORIENTED_EDGE('',*,*,#569,.T.);
#7474 = ORIENTED_EDGE('',*,*,#7475,.F.);
#7475 = EDGE_CURVE('',#7476,#563,#7478,.T.);
#7476 = VERTEX_POINT('',#7477);
#7477 = CARTESIAN_POINT('',(1.239662009852,1.636697036118,0.8200001));
#7478 = B_SPLINE_CURVE_WITH_KNOTS('',1,(#7479,#7480),.UNSPECIFIED.,.F.,
  .F.,(2,2),(-0.,1.E-02),.PIECEWISE_BEZIER_KNOTS.);
#7479 = CARTESIAN_POINT('',(1.239662009852,1.636697036118,0.8200001));
#7480 = CARTESIAN_POINT('',(1.239662009852,1.636697036118,0.8100001));
#7481 = ORIENTED_EDGE('',*,*,#7482,.F.);
#7482 = EDGE_CURVE('',#7454,#7476,#7483,.T.);
#7483 = B_SPLINE_CURVE_WITH_KNOTS('',1,(#7484,#7485),.UNSPECIFIED.,.F.,
  .F.,(2,2),(-8.135065937253E-02,-0.),.PIECEWISE_BEZIER_KNOTS.);
#7484 = CARTESIAN_POINT('',(1.239662009852,1.71804769549,0.8200001));
#7485 = CARTESIAN_POINT('',(1.239662009852,1.636697036118,0.8200001));
#7486 = ORIENTED_EDGE('',*,*,#7453,.T.);
#7487 = B_SPLINE_SURFACE_WITH_KNOTS('',1,1,(
    (#7488,#7489)
    ,(#7490,#7491
    )),.UNSPECIFIED.,.F.,.F.,.F.,(2,2),(2,2),(0.,1.E-02),(0.,
    8.135065937253E-02),.PIECEWISE_BEZIER_KNOTS.);
#7488 = CARTESIAN_POINT('',(1.239662009852,1.636697036118,0.8200001));
#7489 = CARTESIAN_POINT('',(1.239662009852,1.71804769549,0.8200001));
#7490 = CARTESIAN_POINT('',(1.239662009852,1.636697036118,0.8100001));
#7491 = CARTESIAN_POINT('',(1.239662009852,1.71804769549,0.8100001));
#7492 = ADVANCED_FACE('',(#7493),#7503,.F.);
#7493 = FACE_BOUND('',#7494,.T.);
#7494 = EDGE_LOOP('',(#7495,#7496,#7497,#7502));
#7495 = ORIENTED_EDGE('',*,*,#562,.T.);
#7496 = ORIENTED_EDGE('',*,*,#7395,.F.);
#7497 = ORIENTED_EDGE('',*,*,#7498,.F.);
#7498 = EDGE_CURVE('',#7476,#7389,#7499,.T.);
#7499 = B_SPLINE_CURVE_WITH_KNOTS('',1,(#7500,#7501),.UNSPECIFIED.,.F.,
  .F.,(2,2),(-4.290041162742E-02,0.),.PIECEWISE_BEZIER_KNOTS.);
#7500 = CARTESIAN_POINT('',(1.239662009852,1.636697036118,0.8200001));
#7501 = CARTESIAN_POINT('',(1.282562421479,1.636697036118,0.8200001));
#7502 = ORIENTED_EDGE('',*,*,#7475,.T.);
#7503 = B_SPLINE_SURFACE_WITH_KNOTS('',1,1,(
    (#7504,#7505)
    ,(#7506,#7507)),.UNSPECIFIED.,.F.,.F.,.F.,(2,2),(2,2),(-1.E-02,0.),(
    -4.290041162742E-02,0.),.PIECEWISE_BEZIER_KNOTS.);
#7504 = CARTESIAN_POINT('',(1.239662009852,1.636697036118,0.8100001));
#7505 = CARTESIAN_POINT('',(1.282562421479,1.636697036118,0.8100001));
#7506 = CARTESIAN_POINT('',(1.239662009852,1.636697036118,0.8200001));
#7507 = CARTESIAN_POINT('',(1.282562421479,1.636697036118,0.8200001));
#7508 = ADVANCED_FACE('',(#7509),#7517,.F.);
#7509 = FACE_BOUND('',#7510,.T.);
#7510 = EDGE_LOOP('',(#7511,#7512,#7513,#7514,#7515,#7516));
#7511 = ORIENTED_EDGE('',*,*,#7388,.T.);
#7512 = ORIENTED_EDGE('',*,*,#7416,.T.);
#7513 = ORIENTED_EDGE('',*,*,#7438,.T.);
#7514 = ORIENTED_EDGE('',*,*,#7460,.T.);
#7515 = ORIENTED_EDGE('',*,*,#7482,.T.);
#7516 = ORIENTED_EDGE('',*,*,#7498,.T.);
#7517 = B_SPLINE_SURFACE_WITH_KNOTS('',1,1,(
    (#7518,#7519)
    ,(#7520,#7521
    )),.UNSPECIFIED.,.F.,.F.,.F.,(2,2),(2,2),(-1.282562421479,
    -1.239662009852),(1.636697036118,1.71804769549),
  .PIECEWISE_BEZIER_KNOTS.);
#7518 = CARTESIAN_POINT('',(1.282562421479,1.636697036118,0.8200001));
#7519 = CARTESIAN_POINT('',(1.282562421479,1.71804769549,0.8200001));
#7520 = CARTESIAN_POINT('',(1.239662009852,1.636697036118,0.8200001));
#7521 = CARTESIAN_POINT('',(1.239662009852,1.71804769549,0.8200001));
#7522 = ADVANCED_FACE('',(#7523),#7547,.F.);
#7523 = FACE_BOUND('',#7524,.F.);
#7524 = EDGE_LOOP('',(#7525,#7532,#7541,#7546));
#7525 = ORIENTED_EDGE('',*,*,#7526,.F.);
#7526 = EDGE_CURVE('',#7527,#389,#7529,.T.);
#7527 = VERTEX_POINT('',#7528);
#7528 = CARTESIAN_POINT('',(1.324277509082,1.635324555668,0.8200001));
#7529 = B_SPLINE_CURVE_WITH_KNOTS('',1,(#7530,#7531),.UNSPECIFIED.,.F.,
  .F.,(2,2),(-0.,1.E-02),.PIECEWISE_BEZIER_KNOTS.);
#7530 = CARTESIAN_POINT('',(1.324277509082,1.635324555668,0.8200001));
#7531 = CARTESIAN_POINT('',(1.324277509082,1.635324555668,0.8100001));
#7532 = ORIENTED_EDGE('',*,*,#7533,.T.);
#7533 = EDGE_CURVE('',#7527,#7534,#7536,.T.);
#7534 = VERTEX_POINT('',#7535);
#7535 = CARTESIAN_POINT('',(1.346798665549,1.640065851767,0.8200001));
#7536 = B_SPLINE_CURVE_WITH_KNOTS('',3,(#7537,#7538,#7539,#7540),
  .UNSPECIFIED.,.F.,.F.,(4,4),(0.,1.),.PIECEWISE_BEZIER_KNOTS.);
#7537 = CARTESIAN_POINT('',(1.324277509082,1.635324555668,0.8200001));
#7538 = CARTESIAN_POINT('',(1.333302607795,1.635324555668,0.8200001));
#7539 = CARTESIAN_POINT('',(1.340809659951,1.636904987701,0.8200001));
#7540 = CARTESIAN_POINT('',(1.346798665549,1.640065851767,0.8200001));
#7541 = ORIENTED_EDGE('',*,*,#7542,.T.);
#7542 = EDGE_CURVE('',#7534,#391,#7543,.T.);
#7543 = B_SPLINE_CURVE_WITH_KNOTS('',1,(#7544,#7545),.UNSPECIFIED.,.F.,
  .F.,(2,2),(-0.,1.E-02),.PIECEWISE_BEZIER_KNOTS.);
#7544 = CARTESIAN_POINT('',(1.346798665549,1.640065851767,0.8200001));
#7545 = CARTESIAN_POINT('',(1.346798665549,1.640065851767,0.8100001));
#7546 = ORIENTED_EDGE('',*,*,#388,.F.);
#7547 = B_SPLINE_SURFACE_WITH_KNOTS('',3,1,(
    (#7548,#7549)
    ,(#7550,#7551)
    ,(#7552,#7553)
    ,(#7554,#7555
    )),.UNSPECIFIED.,.F.,.F.,.F.,(4,4),(2,2),(0.,1.),(0.,1.),
  .PIECEWISE_BEZIER_KNOTS.);
#7548 = CARTESIAN_POINT('',(1.324277509082,1.635324555668,0.8200001));
#7549 = CARTESIAN_POINT('',(1.324277509082,1.635324555668,0.8100001));
#7550 = CARTESIAN_POINT('',(1.333302607795,1.635324555668,0.8200001));
#7551 = CARTESIAN_POINT('',(1.333302607795,1.635324555668,0.8100001));
#7552 = CARTESIAN_POINT('',(1.340809659951,1.636904987701,0.8200001));
#7553 = CARTESIAN_POINT('',(1.340809659951,1.636904987701,0.8100001));
#7554 = CARTESIAN_POINT('',(1.346798665549,1.640065851767,0.8200001));
#7555 = CARTESIAN_POINT('',(1.346798665549,1.640065851767,0.8100001));
#7556 = ADVANCED_FACE('',(#7557),#7573,.F.);
#7557 = FACE_BOUND('',#7558,.T.);
#7558 = EDGE_LOOP('',(#7559,#7560,#7567,#7572));
#7559 = ORIENTED_EDGE('',*,*,#505,.T.);
#7560 = ORIENTED_EDGE('',*,*,#7561,.F.);
#7561 = EDGE_CURVE('',#7562,#497,#7564,.T.);
#7562 = VERTEX_POINT('',#7563);
#7563 = CARTESIAN_POINT('',(1.346798665549,1.650130708397,0.8200001));
#7564 = B_SPLINE_CURVE_WITH_KNOTS('',1,(#7565,#7566),.UNSPECIFIED.,.F.,
  .F.,(2,2),(-0.,1.E-02),.PIECEWISE_BEZIER_KNOTS.);
#7565 = CARTESIAN_POINT('',(1.346798665549,1.650130708397,0.8200001));
#7566 = CARTESIAN_POINT('',(1.346798665549,1.650130708397,0.8100001));
#7567 = ORIENTED_EDGE('',*,*,#7568,.F.);
#7568 = EDGE_CURVE('',#7534,#7562,#7569,.T.);
#7569 = B_SPLINE_CURVE_WITH_KNOTS('',1,(#7570,#7571),.UNSPECIFIED.,.F.,
  .F.,(2,2),(-1.006485663012E-02,0.),.PIECEWISE_BEZIER_KNOTS.);
#7570 = CARTESIAN_POINT('',(1.346798665549,1.640065851767,0.8200001));
#7571 = CARTESIAN_POINT('',(1.346798665549,1.650130708397,0.8200001));
#7572 = ORIENTED_EDGE('',*,*,#7542,.T.);
#7573 = B_SPLINE_SURFACE_WITH_KNOTS('',1,1,(
    (#7574,#7575)
    ,(#7576,#7577)),.UNSPECIFIED.,.F.,.F.,.F.,(2,2),(2,2),(-1.E-02,0.),(
    -1.006485663012E-02,0.),.PIECEWISE_BEZIER_KNOTS.);
#7574 = CARTESIAN_POINT('',(1.346798665549,1.640065851767,0.8100001));
#7575 = CARTESIAN_POINT('',(1.346798665549,1.650130708397,0.8100001));
#7576 = CARTESIAN_POINT('',(1.346798665549,1.640065851767,0.8200001));
#7577 = CARTESIAN_POINT('',(1.346798665549,1.650130708397,0.8200001));
#7578 = ADVANCED_FACE('',(#7579),#7597,.F.);
#7579 = FACE_BOUND('',#7580,.F.);
#7580 = EDGE_LOOP('',(#7581,#7582,#7591,#7596));
#7581 = ORIENTED_EDGE('',*,*,#7561,.F.);
#7582 = ORIENTED_EDGE('',*,*,#7583,.T.);
#7583 = EDGE_CURVE('',#7562,#7584,#7586,.T.);
#7584 = VERTEX_POINT('',#7585);
#7585 = CARTESIAN_POINT('',(1.32579555564,1.644682376915,0.8200001));
#7586 = B_SPLINE_CURVE_WITH_KNOTS('',3,(#7587,#7588,#7589,#7590),
  .UNSPECIFIED.,.F.,.F.,(4,4),(12.,13.),.PIECEWISE_BEZIER_KNOTS.);
#7587 = CARTESIAN_POINT('',(1.346798665549,1.650130708397,0.8200001));
#7588 = CARTESIAN_POINT('',(1.340851250268,1.646512350848,0.8200001));
#7589 = CARTESIAN_POINT('',(1.333843281912,1.644682376915,0.8200001));
#7590 = CARTESIAN_POINT('',(1.32579555564,1.644682376915,0.8200001));
#7591 = ORIENTED_EDGE('',*,*,#7592,.T.);
#7592 = EDGE_CURVE('',#7584,#488,#7593,.T.);
#7593 = B_SPLINE_CURVE_WITH_KNOTS('',1,(#7594,#7595),.UNSPECIFIED.,.F.,
  .F.,(2,2),(-0.,1.E-02),.PIECEWISE_BEZIER_KNOTS.);
#7594 = CARTESIAN_POINT('',(1.32579555564,1.644682376915,0.8200001));
#7595 = CARTESIAN_POINT('',(1.32579555564,1.644682376915,0.8100001));
#7596 = ORIENTED_EDGE('',*,*,#496,.F.);
#7597 = B_SPLINE_SURFACE_WITH_KNOTS('',3,1,(
    (#7598,#7599)
    ,(#7600,#7601)
    ,(#7602,#7603)
    ,(#7604,#7605
    )),.UNSPECIFIED.,.F.,.F.,.F.,(4,4),(2,2),(12.,13.),(0.,1.),
  .PIECEWISE_BEZIER_KNOTS.);
#7598 = CARTESIAN_POINT('',(1.346798665549,1.650130708397,0.8200001));
#7599 = CARTESIAN_POINT('',(1.346798665549,1.650130708397,0.8100001));
#7600 = CARTESIAN_POINT('',(1.340851250268,1.646512350848,0.8200001));
#7601 = CARTESIAN_POINT('',(1.340851250268,1.646512350848,0.8100001));
#7602 = CARTESIAN_POINT('',(1.333843281912,1.644682376915,0.8200001));
#7603 = CARTESIAN_POINT('',(1.333843281912,1.644682376915,0.8100001));
#7604 = CARTESIAN_POINT('',(1.32579555564,1.644682376915,0.8200001));
#7605 = CARTESIAN_POINT('',(1.32579555564,1.644682376915,0.8100001));
#7606 = ADVANCED_FACE('',(#7607),#7625,.F.);
#7607 = FACE_BOUND('',#7608,.F.);
#7608 = EDGE_LOOP('',(#7609,#7610,#7619,#7624));
#7609 = ORIENTED_EDGE('',*,*,#7592,.F.);
#7610 = ORIENTED_EDGE('',*,*,#7611,.T.);
#7611 = EDGE_CURVE('',#7584,#7612,#7614,.T.);
#7612 = VERTEX_POINT('',#7613);
#7613 = CARTESIAN_POINT('',(1.304896421522,1.653249982146,0.8200001));
#7614 = B_SPLINE_CURVE_WITH_KNOTS('',3,(#7615,#7616,#7617,#7618),
  .UNSPECIFIED.,.F.,.F.,(4,4),(11.,12.),.PIECEWISE_BEZIER_KNOTS.);
#7615 = CARTESIAN_POINT('',(1.32579555564,1.644682376915,0.8200001));
#7616 = CARTESIAN_POINT('',(1.317186360093,1.644682376915,0.8200001));
#7617 = CARTESIAN_POINT('',(1.310219982053,1.647552108764,0.8200001));
#7618 = CARTESIAN_POINT('',(1.304896421522,1.653249982146,0.8200001));
#7619 = ORIENTED_EDGE('',*,*,#7620,.T.);
#7620 = EDGE_CURVE('',#7612,#479,#7621,.T.);
#7621 = B_SPLINE_CURVE_WITH_KNOTS('',1,(#7622,#7623),.UNSPECIFIED.,.F.,
  .F.,(2,2),(-0.,1.E-02),.PIECEWISE_BEZIER_KNOTS.);
#7622 = CARTESIAN_POINT('',(1.304896421522,1.653249982146,0.8200001));
#7623 = CARTESIAN_POINT('',(1.304896421522,1.653249982146,0.8100001));
#7624 = ORIENTED_EDGE('',*,*,#487,.F.);
#7625 = B_SPLINE_SURFACE_WITH_KNOTS('',3,1,(
    (#7626,#7627)
    ,(#7628,#7629)
    ,(#7630,#7631)
    ,(#7632,#7633
    )),.UNSPECIFIED.,.F.,.F.,.F.,(4,4),(2,2),(11.,12.),(0.,1.),
  .PIECEWISE_BEZIER_KNOTS.);
#7626 = CARTESIAN_POINT('',(1.32579555564,1.644682376915,0.8200001));
#7627 = CARTESIAN_POINT('',(1.32579555564,1.644682376915,0.8100001));
#7628 = CARTESIAN_POINT('',(1.317186360093,1.644682376915,0.8200001));
#7629 = CARTESIAN_POINT('',(1.317186360093,1.644682376915,0.8100001));
#7630 = CARTESIAN_POINT('',(1.310219982053,1.647552108764,0.8200001));
#7631 = CARTESIAN_POINT('',(1.310219982053,1.647552108764,0.8100001));
#7632 = CARTESIAN_POINT('',(1.304896421522,1.653249982146,0.8200001));
#7633 = CARTESIAN_POINT('',(1.304896421522,1.653249982146,0.8100001));
#7634 = ADVANCED_FACE('',(#7635),#7653,.F.);
#7635 = FACE_BOUND('',#7636,.F.);
#7636 = EDGE_LOOP('',(#7637,#7638,#7647,#7652));
#7637 = ORIENTED_EDGE('',*,*,#7620,.F.);
#7638 = ORIENTED_EDGE('',*,*,#7639,.T.);
#7639 = EDGE_CURVE('',#7612,#7640,#7642,.T.);
#7640 = VERTEX_POINT('',#7641);
#7641 = CARTESIAN_POINT('',(1.296911080725,1.676457378838,0.8200001));
#7642 = B_SPLINE_CURVE_WITH_KNOTS('',3,(#7643,#7644,#7645,#7646),
  .UNSPECIFIED.,.F.,.F.,(4,4),(10.,11.),.PIECEWISE_BEZIER_KNOTS.);
#7643 = CARTESIAN_POINT('',(1.304896421522,1.653249982146,0.8200001));
#7644 = CARTESIAN_POINT('',(1.29957286099,1.658989445844,0.8200001));
#7645 = CARTESIAN_POINT('',(1.296911080725,1.666725244741,0.8200001));
#7646 = CARTESIAN_POINT('',(1.296911080725,1.676457378838,0.8200001));
#7647 = ORIENTED_EDGE('',*,*,#7648,.T.);
#7648 = EDGE_CURVE('',#7640,#470,#7649,.T.);
#7649 = B_SPLINE_CURVE_WITH_KNOTS('',1,(#7650,#7651),.UNSPECIFIED.,.F.,
  .F.,(2,2),(-0.,1.E-02),.PIECEWISE_BEZIER_KNOTS.);
#7650 = CARTESIAN_POINT('',(1.296911080725,1.676457378838,0.8200001));
#7651 = CARTESIAN_POINT('',(1.296911080725,1.676457378838,0.8100001));
#7652 = ORIENTED_EDGE('',*,*,#478,.F.);
#7653 = B_SPLINE_SURFACE_WITH_KNOTS('',3,1,(
    (#7654,#7655)
    ,(#7656,#7657)
    ,(#7658,#7659)
    ,(#7660,#7661
    )),.UNSPECIFIED.,.F.,.F.,.F.,(4,4),(2,2),(10.,11.),(0.,1.),
  .PIECEWISE_BEZIER_KNOTS.);
#7654 = CARTESIAN_POINT('',(1.304896421522,1.653249982146,0.8200001));
#7655 = CARTESIAN_POINT('',(1.304896421522,1.653249982146,0.8100001));
#7656 = CARTESIAN_POINT('',(1.29957286099,1.658989445844,0.8200001));
#7657 = CARTESIAN_POINT('',(1.29957286099,1.658989445844,0.8100001));
#7658 = CARTESIAN_POINT('',(1.296911080725,1.666725244741,0.8200001));
#7659 = CARTESIAN_POINT('',(1.296911080725,1.666725244741,0.8100001));
#7660 = CARTESIAN_POINT('',(1.296911080725,1.676457378838,0.8200001));
#7661 = CARTESIAN_POINT('',(1.296911080725,1.676457378838,0.8100001));
#7662 = ADVANCED_FACE('',(#7663),#7681,.F.);
#7663 = FACE_BOUND('',#7664,.F.);
#7664 = EDGE_LOOP('',(#7665,#7666,#7675,#7680));
#7665 = ORIENTED_EDGE('',*,*,#7648,.F.);
#7666 = ORIENTED_EDGE('',*,*,#7667,.T.);
#7667 = EDGE_CURVE('',#7640,#7668,#7670,.T.);
#7668 = VERTEX_POINT('',#7669);
#7669 = CARTESIAN_POINT('',(1.305457890797,1.70091248503,0.8200001));
#7670 = B_SPLINE_CURVE_WITH_KNOTS('',3,(#7671,#7672,#7673,#7674),
  .UNSPECIFIED.,.F.,.F.,(4,4),(9.,10.),.PIECEWISE_BEZIER_KNOTS.);
#7671 = CARTESIAN_POINT('',(1.296911080725,1.676457378838,0.8200001));
#7672 = CARTESIAN_POINT('',(1.296911080725,1.686688596734,0.8200001));
#7673 = CARTESIAN_POINT('',(1.299760017415,1.694840298798,0.8200001));
#7674 = CARTESIAN_POINT('',(1.305457890797,1.70091248503,0.8200001));
#7675 = ORIENTED_EDGE('',*,*,#7676,.T.);
#7676 = EDGE_CURVE('',#7668,#461,#7677,.T.);
#7677 = B_SPLINE_CURVE_WITH_KNOTS('',1,(#7678,#7679),.UNSPECIFIED.,.F.,
  .F.,(2,2),(-0.,1.E-02),.PIECEWISE_BEZIER_KNOTS.);
#7678 = CARTESIAN_POINT('',(1.305457890797,1.70091248503,0.8200001));
#7679 = CARTESIAN_POINT('',(1.305457890797,1.70091248503,0.8100001));
#7680 = ORIENTED_EDGE('',*,*,#469,.F.);
#7681 = B_SPLINE_SURFACE_WITH_KNOTS('',3,1,(
    (#7682,#7683)
    ,(#7684,#7685)
    ,(#7686,#7687)
    ,(#7688,#7689
    )),.UNSPECIFIED.,.F.,.F.,.F.,(4,4),(2,2),(9.,10.),(0.,1.),
  .PIECEWISE_BEZIER_KNOTS.);
#7682 = CARTESIAN_POINT('',(1.296911080725,1.676457378838,0.8200001));
#7683 = CARTESIAN_POINT('',(1.296911080725,1.676457378838,0.8100001));
#7684 = CARTESIAN_POINT('',(1.296911080725,1.686688596734,0.8200001));
#7685 = CARTESIAN_POINT('',(1.296911080725,1.686688596734,0.8100001));
#7686 = CARTESIAN_POINT('',(1.299760017415,1.694840298798,0.8200001));
#7687 = CARTESIAN_POINT('',(1.299760017415,1.694840298798,0.8100001));
#7688 = CARTESIAN_POINT('',(1.305457890797,1.70091248503,0.8200001));
#7689 = CARTESIAN_POINT('',(1.305457890797,1.70091248503,0.8100001));
#7690 = ADVANCED_FACE('',(#7691),#7709,.F.);
#7691 = FACE_BOUND('',#7692,.F.);
#7692 = EDGE_LOOP('',(#7693,#7694,#7703,#7708));
#7693 = ORIENTED_EDGE('',*,*,#7676,.F.);
#7694 = ORIENTED_EDGE('',*,*,#7695,.T.);
#7695 = EDGE_CURVE('',#7668,#7696,#7698,.T.);
#7696 = VERTEX_POINT('',#7697);
#7697 = CARTESIAN_POINT('',(1.327625529572,1.709937583743,0.8200001));
#7698 = B_SPLINE_CURVE_WITH_KNOTS('',3,(#7699,#7700,#7701,#7702),
  .UNSPECIFIED.,.F.,.F.,(4,4),(8.,9.),.PIECEWISE_BEZIER_KNOTS.);
#7699 = CARTESIAN_POINT('',(1.305457890797,1.70091248503,0.8200001));
#7700 = CARTESIAN_POINT('',(1.311176559336,1.706943080944,0.8200001));
#7701 = CARTESIAN_POINT('',(1.318558840542,1.709937583743,0.8200001));
#7702 = CARTESIAN_POINT('',(1.327625529572,1.709937583743,0.8200001));
#7703 = ORIENTED_EDGE('',*,*,#7704,.T.);
#7704 = EDGE_CURVE('',#7696,#452,#7705,.T.);
#7705 = B_SPLINE_CURVE_WITH_KNOTS('',1,(#7706,#7707),.UNSPECIFIED.,.F.,
  .F.,(2,2),(-0.,1.E-02),.PIECEWISE_BEZIER_KNOTS.);
#7706 = CARTESIAN_POINT('',(1.327625529572,1.709937583743,0.8200001));
#7707 = CARTESIAN_POINT('',(1.327625529572,1.709937583743,0.8100001));
#7708 = ORIENTED_EDGE('',*,*,#460,.F.);
#7709 = B_SPLINE_SURFACE_WITH_KNOTS('',3,1,(
    (#7710,#7711)
    ,(#7712,#7713)
    ,(#7714,#7715)
    ,(#7716,#7717
    )),.UNSPECIFIED.,.F.,.F.,.F.,(4,4),(2,2),(8.,9.),(0.,1.),
  .PIECEWISE_BEZIER_KNOTS.);
#7710 = CARTESIAN_POINT('',(1.305457890797,1.70091248503,0.8200001));
#7711 = CARTESIAN_POINT('',(1.305457890797,1.70091248503,0.8100001));
#7712 = CARTESIAN_POINT('',(1.311176559336,1.706943080944,0.8200001));
#7713 = CARTESIAN_POINT('',(1.311176559336,1.706943080944,0.8100001));
#7714 = CARTESIAN_POINT('',(1.318558840542,1.709937583743,0.8200001));
#7715 = CARTESIAN_POINT('',(1.318558840542,1.709937583743,0.8100001));
#7716 = CARTESIAN_POINT('',(1.327625529572,1.709937583743,0.8200001));
#7717 = CARTESIAN_POINT('',(1.327625529572,1.709937583743,0.8100001));
#7718 = ADVANCED_FACE('',(#7719),#7737,.F.);
#7719 = FACE_BOUND('',#7720,.F.);
#7720 = EDGE_LOOP('',(#7721,#7722,#7731,#7736));
#7721 = ORIENTED_EDGE('',*,*,#7704,.F.);
#7722 = ORIENTED_EDGE('',*,*,#7723,.T.);
#7723 = EDGE_CURVE('',#7696,#7724,#7726,.T.);
#7724 = VERTEX_POINT('',#7725);
#7725 = CARTESIAN_POINT('',(1.346798665549,1.705113107012,0.8200001));
#7726 = B_SPLINE_CURVE_WITH_KNOTS('',3,(#7727,#7728,#7729,#7730),
  .UNSPECIFIED.,.F.,.F.,(4,4),(7.,8.),.PIECEWISE_BEZIER_KNOTS.);
#7727 = CARTESIAN_POINT('',(1.327625529572,1.709937583743,0.8200001));
#7728 = CARTESIAN_POINT('',(1.334591907612,1.709937583743,0.8200001));
#7729 = CARTESIAN_POINT('',(1.340976021218,1.70835715171,0.8200001));
#7730 = CARTESIAN_POINT('',(1.346798665549,1.705113107012,0.8200001));
#7731 = ORIENTED_EDGE('',*,*,#7732,.T.);
#7732 = EDGE_CURVE('',#7724,#445,#7733,.T.);
#7733 = B_SPLINE_CURVE_WITH_KNOTS('',1,(#7734,#7735),.UNSPECIFIED.,.F.,
  .F.,(2,2),(-0.,1.E-02),.PIECEWISE_BEZIER_KNOTS.);
#7734 = CARTESIAN_POINT('',(1.346798665549,1.705113107012,0.8200001));
#7735 = CARTESIAN_POINT('',(1.346798665549,1.705113107012,0.8100001));
#7736 = ORIENTED_EDGE('',*,*,#451,.F.);
#7737 = B_SPLINE_SURFACE_WITH_KNOTS('',3,1,(
    (#7738,#7739)
    ,(#7740,#7741)
    ,(#7742,#7743)
    ,(#7744,#7745
    )),.UNSPECIFIED.,.F.,.F.,.F.,(4,4),(2,2),(7.,8.),(0.,1.),
  .PIECEWISE_BEZIER_KNOTS.);
#7738 = CARTESIAN_POINT('',(1.327625529572,1.709937583743,0.8200001));
#7739 = CARTESIAN_POINT('',(1.327625529572,1.709937583743,0.8100001));
#7740 = CARTESIAN_POINT('',(1.334591907612,1.709937583743,0.8200001));
#7741 = CARTESIAN_POINT('',(1.334591907612,1.709937583743,0.8100001));
#7742 = CARTESIAN_POINT('',(1.340976021218,1.70835715171,0.8200001));
#7743 = CARTESIAN_POINT('',(1.340976021218,1.70835715171,0.8100001));
#7744 = CARTESIAN_POINT('',(1.346798665549,1.705113107012,0.8200001));
#7745 = CARTESIAN_POINT('',(1.346798665549,1.705113107012,0.8100001));
#7746 = ADVANCED_FACE('',(#7747),#7763,.F.);
#7747 = FACE_BOUND('',#7748,.T.);
#7748 = EDGE_LOOP('',(#7749,#7750,#7757,#7762));
#7749 = ORIENTED_EDGE('',*,*,#444,.T.);
#7750 = ORIENTED_EDGE('',*,*,#7751,.F.);
#7751 = EDGE_CURVE('',#7752,#436,#7754,.T.);
#7752 = VERTEX_POINT('',#7753);
#7753 = CARTESIAN_POINT('',(1.346798665549,1.716092950608,0.8200001));
#7754 = B_SPLINE_CURVE_WITH_KNOTS('',1,(#7755,#7756),.UNSPECIFIED.,.F.,
  .F.,(2,2),(-0.,1.E-02),.PIECEWISE_BEZIER_KNOTS.);
#7755 = CARTESIAN_POINT('',(1.346798665549,1.716092950608,0.8200001));
#7756 = CARTESIAN_POINT('',(1.346798665549,1.716092950608,0.8100001));
#7757 = ORIENTED_EDGE('',*,*,#7758,.F.);
#7758 = EDGE_CURVE('',#7724,#7752,#7759,.T.);
#7759 = B_SPLINE_CURVE_WITH_KNOTS('',1,(#7760,#7761),.UNSPECIFIED.,.F.,
  .F.,(2,2),(-1.097984359599E-02,0.),.PIECEWISE_BEZIER_KNOTS.);
#7760 = CARTESIAN_POINT('',(1.346798665549,1.705113107012,0.8200001));
#7761 = CARTESIAN_POINT('',(1.346798665549,1.716092950608,0.8200001));
#7762 = ORIENTED_EDGE('',*,*,#7732,.T.);
#7763 = B_SPLINE_SURFACE_WITH_KNOTS('',1,1,(
    (#7764,#7765)
    ,(#7766,#7767)),.UNSPECIFIED.,.F.,.F.,.F.,(2,2),(2,2),(-1.E-02,0.),(
    -1.097984359599E-02,0.),.PIECEWISE_BEZIER_KNOTS.);
#7764 = CARTESIAN_POINT('',(1.346798665549,1.705113107012,0.8100001));
#7765 = CARTESIAN_POINT('',(1.346798665549,1.716092950608,0.8100001));
#7766 = CARTESIAN_POINT('',(1.346798665549,1.705113107012,0.8200001));
#7767 = CARTESIAN_POINT('',(1.346798665549,1.716092950608,0.8200001));
#7768 = ADVANCED_FACE('',(#7769),#7787,.F.);
#7769 = FACE_BOUND('',#7770,.F.);
#7770 = EDGE_LOOP('',(#7771,#7772,#7781,#7786));
#7771 = ORIENTED_EDGE('',*,*,#7751,.F.);
#7772 = ORIENTED_EDGE('',*,*,#7773,.T.);
#7773 = EDGE_CURVE('',#7752,#7774,#7776,.T.);
#7774 = VERTEX_POINT('',#7775);
#7775 = CARTESIAN_POINT('',(1.327521553781,1.71942017594,0.8200001));
#7776 = B_SPLINE_CURVE_WITH_KNOTS('',3,(#7777,#7778,#7779,#7780),
  .UNSPECIFIED.,.F.,.F.,(4,4),(5.,6.),.PIECEWISE_BEZIER_KNOTS.);
#7777 = CARTESIAN_POINT('',(1.346798665549,1.716092950608,0.8200001));
#7778 = CARTESIAN_POINT('',(1.341724646918,1.718297237391,0.8200001));
#7779 = CARTESIAN_POINT('',(1.335298942995,1.71942017594,0.8200001));
#7780 = CARTESIAN_POINT('',(1.327521553781,1.71942017594,0.8200001));
#7781 = ORIENTED_EDGE('',*,*,#7782,.T.);
#7782 = EDGE_CURVE('',#7774,#427,#7783,.T.);
#7783 = B_SPLINE_CURVE_WITH_KNOTS('',1,(#7784,#7785),.UNSPECIFIED.,.F.,
  .F.,(2,2),(-0.,1.E-02),.PIECEWISE_BEZIER_KNOTS.);
#7784 = CARTESIAN_POINT('',(1.327521553781,1.71942017594,0.8200001));
#7785 = CARTESIAN_POINT('',(1.327521553781,1.71942017594,0.8100001));
#7786 = ORIENTED_EDGE('',*,*,#435,.F.);
#7787 = B_SPLINE_SURFACE_WITH_KNOTS('',3,1,(
    (#7788,#7789)
    ,(#7790,#7791)
    ,(#7792,#7793)
    ,(#7794,#7795
    )),.UNSPECIFIED.,.F.,.F.,.F.,(4,4),(2,2),(5.,6.),(0.,1.),
  .PIECEWISE_BEZIER_KNOTS.);
#7788 = CARTESIAN_POINT('',(1.346798665549,1.716092950608,0.8200001));
#7789 = CARTESIAN_POINT('',(1.346798665549,1.716092950608,0.8100001));
#7790 = CARTESIAN_POINT('',(1.341724646918,1.718297237391,0.8200001));
#7791 = CARTESIAN_POINT('',(1.341724646918,1.718297237391,0.8100001));
#7792 = CARTESIAN_POINT('',(1.335298942995,1.71942017594,0.8200001));
#7793 = CARTESIAN_POINT('',(1.335298942995,1.71942017594,0.8100001));
#7794 = CARTESIAN_POINT('',(1.327521553781,1.71942017594,0.8200001));
#7795 = CARTESIAN_POINT('',(1.327521553781,1.71942017594,0.8100001));
#7796 = ADVANCED_FACE('',(#7797),#7815,.F.);
#7797 = FACE_BOUND('',#7798,.F.);
#7798 = EDGE_LOOP('',(#7799,#7800,#7809,#7814));
#7799 = ORIENTED_EDGE('',*,*,#7782,.F.);
#7800 = ORIENTED_EDGE('',*,*,#7801,.T.);
#7801 = EDGE_CURVE('',#7774,#7802,#7804,.T.);
#7802 = VERTEX_POINT('',#7803);
#7803 = CARTESIAN_POINT('',(1.297638911266,1.707442164744,0.8200001));
#7804 = B_SPLINE_CURVE_WITH_KNOTS('',3,(#7805,#7806,#7807,#7808),
  .UNSPECIFIED.,.F.,.F.,(4,4),(4.,5.),.PIECEWISE_BEZIER_KNOTS.);
#7805 = CARTESIAN_POINT('',(1.327521553781,1.71942017594,0.8200001));
#7806 = CARTESIAN_POINT('',(1.315439566793,1.71942017594,0.8200001));
#7807 = CARTESIAN_POINT('',(1.305478685955,1.715427505541,0.8200001));
#7808 = CARTESIAN_POINT('',(1.297638911266,1.707442164744,0.8200001));
#7809 = ORIENTED_EDGE('',*,*,#7810,.T.);
#7810 = EDGE_CURVE('',#7802,#418,#7811,.T.);
#7811 = B_SPLINE_CURVE_WITH_KNOTS('',1,(#7812,#7813),.UNSPECIFIED.,.F.,
  .F.,(2,2),(-0.,1.E-02),.PIECEWISE_BEZIER_KNOTS.);
#7812 = CARTESIAN_POINT('',(1.297638911266,1.707442164744,0.8200001));
#7813 = CARTESIAN_POINT('',(1.297638911266,1.707442164744,0.8100001));
#7814 = ORIENTED_EDGE('',*,*,#426,.F.);
#7815 = B_SPLINE_SURFACE_WITH_KNOTS('',3,1,(
    (#7816,#7817)
    ,(#7818,#7819)
    ,(#7820,#7821)
    ,(#7822,#7823
    )),.UNSPECIFIED.,.F.,.F.,.F.,(4,4),(2,2),(4.,5.),(0.,1.),
  .PIECEWISE_BEZIER_KNOTS.);
#7816 = CARTESIAN_POINT('',(1.327521553781,1.71942017594,0.8200001));
#7817 = CARTESIAN_POINT('',(1.327521553781,1.71942017594,0.8100001));
#7818 = CARTESIAN_POINT('',(1.315439566793,1.71942017594,0.8200001));
#7819 = CARTESIAN_POINT('',(1.315439566793,1.71942017594,0.8100001));
#7820 = CARTESIAN_POINT('',(1.305478685955,1.715427505541,0.8200001));
#7821 = CARTESIAN_POINT('',(1.305478685955,1.715427505541,0.8100001));
#7822 = CARTESIAN_POINT('',(1.297638911266,1.707442164744,0.8200001));
#7823 = CARTESIAN_POINT('',(1.297638911266,1.707442164744,0.8100001));
#7824 = ADVANCED_FACE('',(#7825),#7843,.F.);
#7825 = FACE_BOUND('',#7826,.F.);
#7826 = EDGE_LOOP('',(#7827,#7828,#7837,#7842));
#7827 = ORIENTED_EDGE('',*,*,#7810,.F.);
#7828 = ORIENTED_EDGE('',*,*,#7829,.T.);
#7829 = EDGE_CURVE('',#7802,#7830,#7832,.T.);
#7830 = VERTEX_POINT('',#7831);
#7831 = CARTESIAN_POINT('',(1.285889646811,1.675833524088,0.8200001));
#7832 = B_SPLINE_CURVE_WITH_KNOTS('',3,(#7833,#7834,#7835,#7836),
  .UNSPECIFIED.,.F.,.F.,(4,4),(3.,4.),.PIECEWISE_BEZIER_KNOTS.);
#7833 = CARTESIAN_POINT('',(1.297638911266,1.707442164744,0.8200001));
#7834 = CARTESIAN_POINT('',(1.289799136577,1.699456823947,0.8200001));
#7835 = CARTESIAN_POINT('',(1.285889646811,1.688934473833,0.8200001));
#7836 = CARTESIAN_POINT('',(1.285889646811,1.675833524088,0.8200001));
#7837 = ORIENTED_EDGE('',*,*,#7838,.T.);
#7838 = EDGE_CURVE('',#7830,#409,#7839,.T.);
#7839 = B_SPLINE_CURVE_WITH_KNOTS('',1,(#7840,#7841),.UNSPECIFIED.,.F.,
  .F.,(2,2),(-0.,1.E-02),.PIECEWISE_BEZIER_KNOTS.);
#7840 = CARTESIAN_POINT('',(1.285889646811,1.675833524088,0.8200001));
#7841 = CARTESIAN_POINT('',(1.285889646811,1.675833524088,0.8100001));
#7842 = ORIENTED_EDGE('',*,*,#417,.F.);
#7843 = B_SPLINE_SURFACE_WITH_KNOTS('',3,1,(
    (#7844,#7845)
    ,(#7846,#7847)
    ,(#7848,#7849)
    ,(#7850,#7851
    )),.UNSPECIFIED.,.F.,.F.,.F.,(4,4),(2,2),(3.,4.),(0.,1.),
  .PIECEWISE_BEZIER_KNOTS.);
#7844 = CARTESIAN_POINT('',(1.297638911266,1.707442164744,0.8200001));
#7845 = CARTESIAN_POINT('',(1.297638911266,1.707442164744,0.8100001));
#7846 = CARTESIAN_POINT('',(1.289799136577,1.699456823947,0.8200001));
#7847 = CARTESIAN_POINT('',(1.289799136577,1.699456823947,0.8100001));
#7848 = CARTESIAN_POINT('',(1.285889646811,1.688934473833,0.8200001));
#7849 = CARTESIAN_POINT('',(1.285889646811,1.688934473833,0.8100001));
#7850 = CARTESIAN_POINT('',(1.285889646811,1.675833524088,0.8200001));
#7851 = CARTESIAN_POINT('',(1.285889646811,1.675833524088,0.8100001));
#7852 = ADVANCED_FACE('',(#7853),#7871,.F.);
#7853 = FACE_BOUND('',#7854,.F.);
#7854 = EDGE_LOOP('',(#7855,#7856,#7865,#7870));
#7855 = ORIENTED_EDGE('',*,*,#7838,.F.);
#7856 = ORIENTED_EDGE('',*,*,#7857,.T.);
#7857 = EDGE_CURVE('',#7830,#7858,#7860,.T.);
#7858 = VERTEX_POINT('',#7859);
#7859 = CARTESIAN_POINT('',(1.296328816291,1.646429170215,0.8200001));
#7860 = B_SPLINE_CURVE_WITH_KNOTS('',3,(#7861,#7862,#7863,#7864),
  .UNSPECIFIED.,.F.,.F.,(4,4),(2.,3.),.PIECEWISE_BEZIER_KNOTS.);
#7861 = CARTESIAN_POINT('',(1.285889646811,1.675833524088,0.8200001));
#7862 = CARTESIAN_POINT('',(1.285889646811,1.663647561309,0.8200001));
#7863 = CARTESIAN_POINT('',(1.289362438252,1.653832246579,0.8200001));
#7864 = CARTESIAN_POINT('',(1.296328816291,1.646429170215,0.8200001));
#7865 = ORIENTED_EDGE('',*,*,#7866,.T.);
#7866 = EDGE_CURVE('',#7858,#400,#7867,.T.);
#7867 = B_SPLINE_CURVE_WITH_KNOTS('',1,(#7868,#7869),.UNSPECIFIED.,.F.,
  .F.,(2,2),(-0.,1.E-02),.PIECEWISE_BEZIER_KNOTS.);
#7868 = CARTESIAN_POINT('',(1.296328816291,1.646429170215,0.8200001));
#7869 = CARTESIAN_POINT('',(1.296328816291,1.646429170215,0.8100001));
#7870 = ORIENTED_EDGE('',*,*,#408,.F.);
#7871 = B_SPLINE_SURFACE_WITH_KNOTS('',3,1,(
    (#7872,#7873)
    ,(#7874,#7875)
    ,(#7876,#7877)
    ,(#7878,#7879
    )),.UNSPECIFIED.,.F.,.F.,.F.,(4,4),(2,2),(2.,3.),(0.,1.),
  .PIECEWISE_BEZIER_KNOTS.);
#7872 = CARTESIAN_POINT('',(1.285889646811,1.675833524088,0.8200001));
#7873 = CARTESIAN_POINT('',(1.285889646811,1.675833524088,0.8100001));
#7874 = CARTESIAN_POINT('',(1.285889646811,1.663647561309,0.8200001));
#7875 = CARTESIAN_POINT('',(1.285889646811,1.663647561309,0.8100001));
#7876 = CARTESIAN_POINT('',(1.289362438252,1.653832246579,0.8200001));
#7877 = CARTESIAN_POINT('',(1.289362438252,1.653832246579,0.8100001));
#7878 = CARTESIAN_POINT('',(1.296328816291,1.646429170215,0.8200001));
#7879 = CARTESIAN_POINT('',(1.296328816291,1.646429170215,0.8100001));
#7880 = ADVANCED_FACE('',(#7881),#7893,.F.);
#7881 = FACE_BOUND('',#7882,.F.);
#7882 = EDGE_LOOP('',(#7883,#7884,#7891,#7892));
#7883 = ORIENTED_EDGE('',*,*,#7866,.F.);
#7884 = ORIENTED_EDGE('',*,*,#7885,.T.);
#7885 = EDGE_CURVE('',#7858,#7527,#7886,.T.);
#7886 = B_SPLINE_CURVE_WITH_KNOTS('',3,(#7887,#7888,#7889,#7890),
  .UNSPECIFIED.,.F.,.F.,(4,4),(1.,2.),.PIECEWISE_BEZIER_KNOTS.);
#7887 = CARTESIAN_POINT('',(1.296328816291,1.646429170215,0.8200001));
#7888 = CARTESIAN_POINT('',(1.303295194331,1.63902609385,0.8200001));
#7889 = CARTESIAN_POINT('',(1.312611425261,1.635324555668,0.8200001));
#7890 = CARTESIAN_POINT('',(1.324277509082,1.635324555668,0.8200001));
#7891 = ORIENTED_EDGE('',*,*,#7526,.T.);
#7892 = ORIENTED_EDGE('',*,*,#399,.F.);
#7893 = B_SPLINE_SURFACE_WITH_KNOTS('',3,1,(
    (#7894,#7895)
    ,(#7896,#7897)
    ,(#7898,#7899)
    ,(#7900,#7901
    )),.UNSPECIFIED.,.F.,.F.,.F.,(4,4),(2,2),(1.,2.),(0.,1.),
  .PIECEWISE_BEZIER_KNOTS.);
#7894 = CARTESIAN_POINT('',(1.296328816291,1.646429170215,0.8200001));
#7895 = CARTESIAN_POINT('',(1.296328816291,1.646429170215,0.8100001));
#7896 = CARTESIAN_POINT('',(1.303295194331,1.63902609385,0.8200001));
#7897 = CARTESIAN_POINT('',(1.303295194331,1.63902609385,0.8100001));
#7898 = CARTESIAN_POINT('',(1.312611425261,1.635324555668,0.8200001));
#7899 = CARTESIAN_POINT('',(1.312611425261,1.635324555668,0.8100001));
#7900 = CARTESIAN_POINT('',(1.324277509082,1.635324555668,0.8200001));
#7901 = CARTESIAN_POINT('',(1.324277509082,1.635324555668,0.8100001));
#7902 = ADVANCED_FACE('',(#7903),#7919,.T.);
#7903 = FACE_BOUND('',#7904,.T.);
#7904 = EDGE_LOOP('',(#7905,#7906,#7907,#7908,#7909,#7910,#7911,#7912,
    #7913,#7914,#7915,#7916,#7917,#7918));
#7905 = ORIENTED_EDGE('',*,*,#7533,.T.);
#7906 = ORIENTED_EDGE('',*,*,#7568,.T.);
#7907 = ORIENTED_EDGE('',*,*,#7583,.T.);
#7908 = ORIENTED_EDGE('',*,*,#7611,.T.);
#7909 = ORIENTED_EDGE('',*,*,#7639,.T.);
#7910 = ORIENTED_EDGE('',*,*,#7667,.T.);
#7911 = ORIENTED_EDGE('',*,*,#7695,.T.);
#7912 = ORIENTED_EDGE('',*,*,#7723,.T.);
#7913 = ORIENTED_EDGE('',*,*,#7758,.T.);
#7914 = ORIENTED_EDGE('',*,*,#7773,.T.);
#7915 = ORIENTED_EDGE('',*,*,#7801,.T.);
#7916 = ORIENTED_EDGE('',*,*,#7829,.T.);
#7917 = ORIENTED_EDGE('',*,*,#7857,.T.);
#7918 = ORIENTED_EDGE('',*,*,#7885,.T.);
#7919 = B_SPLINE_SURFACE_WITH_KNOTS('',1,1,(
    (#7920,#7921)
    ,(#7922,#7923
    )),.UNSPECIFIED.,.F.,.F.,.F.,(2,2),(2,2),(-5.078697542257E-02,
    1.012204331545E-02),(-1.185324024567E-03,8.291029624724E-02),
  .PIECEWISE_BEZIER_KNOTS.);
#7920 = CARTESIAN_POINT('',(1.285889646811,1.635324555668,0.8200001));
#7921 = CARTESIAN_POINT('',(1.285889646811,1.71942017594,0.8200001));
#7922 = CARTESIAN_POINT('',(1.346798665549,1.635324555668,0.8200001));
#7923 = CARTESIAN_POINT('',(1.346798665549,1.71942017594,0.8200001));
#7924 = ADVANCED_FACE('',(#7925),#7947,.F.);
#7925 = FACE_BOUND('',#7926,.T.);
#7926 = EDGE_LOOP('',(#7927,#7928,#7935,#7942));
#7927 = ORIENTED_EDGE('',*,*,#597,.T.);
#7928 = ORIENTED_EDGE('',*,*,#7929,.F.);
#7929 = EDGE_CURVE('',#7930,#600,#7932,.T.);
#7930 = VERTEX_POINT('',#7931);
#7931 = CARTESIAN_POINT('',(1.406834287637,1.645971676731,0.8200001));
#7932 = B_SPLINE_CURVE_WITH_KNOTS('',1,(#7933,#7934),.UNSPECIFIED.,.F.,
  .F.,(2,2),(-0.,1.E-02),.PIECEWISE_BEZIER_KNOTS.);
#7933 = CARTESIAN_POINT('',(1.406834287637,1.645971676731,0.8200001));
#7934 = CARTESIAN_POINT('',(1.406834287637,1.645971676731,0.8100001));
#7935 = ORIENTED_EDGE('',*,*,#7936,.F.);
#7936 = EDGE_CURVE('',#7937,#7930,#7939,.T.);
#7937 = VERTEX_POINT('',#7938);
#7938 = CARTESIAN_POINT('',(1.406834287637,1.636697036118,0.8200001));
#7939 = B_SPLINE_CURVE_WITH_KNOTS('',1,(#7940,#7941),.UNSPECIFIED.,.F.,
  .F.,(2,2),(-9.274640613514E-03,0.),.PIECEWISE_BEZIER_KNOTS.);
#7940 = CARTESIAN_POINT('',(1.406834287637,1.636697036118,0.8200001));
#7941 = CARTESIAN_POINT('',(1.406834287637,1.645971676731,0.8200001));
#7942 = ORIENTED_EDGE('',*,*,#7943,.T.);
#7943 = EDGE_CURVE('',#7937,#598,#7944,.T.);
#7944 = B_SPLINE_CURVE_WITH_KNOTS('',1,(#7945,#7946),.UNSPECIFIED.,.F.,
  .F.,(2,2),(-0.,1.E-02),.PIECEWISE_BEZIER_KNOTS.);
#7945 = CARTESIAN_POINT('',(1.406834287637,1.636697036118,0.8200001));
#7946 = CARTESIAN_POINT('',(1.406834287637,1.636697036118,0.8100001));
#7947 = B_SPLINE_SURFACE_WITH_KNOTS('',1,1,(
    (#7948,#7949)
    ,(#7950,#7951)),.UNSPECIFIED.,.F.,.F.,.F.,(2,2),(2,2),(-1.E-02,0.),(
    -9.274640613514E-03,0.),.PIECEWISE_BEZIER_KNOTS.);
#7948 = CARTESIAN_POINT('',(1.406834287637,1.636697036118,0.8100001));
#7949 = CARTESIAN_POINT('',(1.406834287637,1.645971676731,0.8100001));
#7950 = CARTESIAN_POINT('',(1.406834287637,1.636697036118,0.8200001));
#7951 = CARTESIAN_POINT('',(1.406834287637,1.645971676731,0.8200001));
#7952 = ADVANCED_FACE('',(#7953),#7969,.F.);
#7953 = FACE_BOUND('',#7954,.T.);
#7954 = EDGE_LOOP('',(#7955,#7956,#7963,#7968));
#7955 = ORIENTED_EDGE('',*,*,#676,.T.);
#7956 = ORIENTED_EDGE('',*,*,#7957,.F.);
#7957 = EDGE_CURVE('',#7958,#670,#7960,.T.);
#7958 = VERTEX_POINT('',#7959);
#7959 = CARTESIAN_POINT('',(1.373582829474,1.645971676731,0.8200001));
#7960 = B_SPLINE_CURVE_WITH_KNOTS('',1,(#7961,#7962),.UNSPECIFIED.,.F.,
  .F.,(2,2),(-0.,1.E-02),.PIECEWISE_BEZIER_KNOTS.);
#7961 = CARTESIAN_POINT('',(1.373582829474,1.645971676731,0.8200001));
#7962 = CARTESIAN_POINT('',(1.373582829474,1.645971676731,0.8100001));
#7963 = ORIENTED_EDGE('',*,*,#7964,.F.);
#7964 = EDGE_CURVE('',#7930,#7958,#7965,.T.);
#7965 = B_SPLINE_CURVE_WITH_KNOTS('',1,(#7966,#7967),.UNSPECIFIED.,.F.,
  .F.,(2,2),(-3.325145816363E-02,-0.),.PIECEWISE_BEZIER_KNOTS.);
#7966 = CARTESIAN_POINT('',(1.406834287637,1.645971676731,0.8200001));
#7967 = CARTESIAN_POINT('',(1.373582829474,1.645971676731,0.8200001));
#7968 = ORIENTED_EDGE('',*,*,#7929,.T.);
#7969 = B_SPLINE_SURFACE_WITH_KNOTS('',1,1,(
    (#7970,#7971)
    ,(#7972,#7973
    )),.UNSPECIFIED.,.F.,.F.,.F.,(2,2),(2,2),(0.,1.E-02),(0.,
    3.325145816363E-02),.PIECEWISE_BEZIER_KNOTS.);
#7970 = CARTESIAN_POINT('',(1.373582829474,1.645971676731,0.8200001));
#7971 = CARTESIAN_POINT('',(1.406834287637,1.645971676731,0.8200001));
#7972 = CARTESIAN_POINT('',(1.373582829474,1.645971676731,0.8100001));
#7973 = CARTESIAN_POINT('',(1.406834287637,1.645971676731,0.8100001));
#7974 = ADVANCED_FACE('',(#7975),#7991,.F.);
#7975 = FACE_BOUND('',#7976,.T.);
#7976 = EDGE_LOOP('',(#7977,#7978,#7985,#7990));
#7977 = ORIENTED_EDGE('',*,*,#669,.T.);
#7978 = ORIENTED_EDGE('',*,*,#7979,.F.);
#7979 = EDGE_CURVE('',#7980,#663,#7982,.T.);
#7980 = VERTEX_POINT('',#7981);
#7981 = CARTESIAN_POINT('',(1.373582829474,1.673338105089,0.8200001));
#7982 = B_SPLINE_CURVE_WITH_KNOTS('',1,(#7983,#7984),.UNSPECIFIED.,.F.,
  .F.,(2,2),(-0.,1.E-02),.PIECEWISE_BEZIER_KNOTS.);
#7983 = CARTESIAN_POINT('',(1.373582829474,1.673338105089,0.8200001));
#7984 = CARTESIAN_POINT('',(1.373582829474,1.673338105089,0.8100001));
#7985 = ORIENTED_EDGE('',*,*,#7986,.F.);
#7986 = EDGE_CURVE('',#7958,#7980,#7987,.T.);
#7987 = B_SPLINE_CURVE_WITH_KNOTS('',1,(#7988,#7989),.UNSPECIFIED.,.F.,
  .F.,(2,2),(-2.736642835733E-02,0.),.PIECEWISE_BEZIER_KNOTS.);
#7988 = CARTESIAN_POINT('',(1.373582829474,1.645971676731,0.8200001));
#7989 = CARTESIAN_POINT('',(1.373582829474,1.673338105089,0.8200001));
#7990 = ORIENTED_EDGE('',*,*,#7957,.T.);
#7991 = B_SPLINE_SURFACE_WITH_KNOTS('',1,1,(
    (#7992,#7993)
    ,(#7994,#7995)),.UNSPECIFIED.,.F.,.F.,.F.,(2,2),(2,2),(-1.E-02,0.),(
    -2.736642835733E-02,0.),.PIECEWISE_BEZIER_KNOTS.);
#7992 = CARTESIAN_POINT('',(1.373582829474,1.645971676731,0.8100001));
#7993 = CARTESIAN_POINT('',(1.373582829474,1.673338105089,0.8100001));
#7994 = CARTESIAN_POINT('',(1.373582829474,1.645971676731,0.8200001));
#7995 = CARTESIAN_POINT('',(1.373582829474,1.673338105089,0.8200001));
#7996 = ADVANCED_FACE('',(#7997),#8013,.F.);
#7997 = FACE_BOUND('',#7998,.T.);
#7998 = EDGE_LOOP('',(#7999,#8000,#8007,#8012));
#7999 = ORIENTED_EDGE('',*,*,#662,.T.);
#8000 = ORIENTED_EDGE('',*,*,#8001,.F.);
#8001 = EDGE_CURVE('',#8002,#656,#8004,.T.);
#8002 = VERTEX_POINT('',#8003);
#8003 = CARTESIAN_POINT('',(1.402675255972,1.673338105089,0.8200001));
#8004 = B_SPLINE_CURVE_WITH_KNOTS('',1,(#8005,#8006),.UNSPECIFIED.,.F.,
  .F.,(2,2),(-0.,1.E-02),.PIECEWISE_BEZIER_KNOTS.);
#8005 = CARTESIAN_POINT('',(1.402675255972,1.673338105089,0.8200001));
#8006 = CARTESIAN_POINT('',(1.402675255972,1.673338105089,0.8100001));
#8007 = ORIENTED_EDGE('',*,*,#8008,.F.);
#8008 = EDGE_CURVE('',#7980,#8002,#8009,.T.);
#8009 = B_SPLINE_CURVE_WITH_KNOTS('',1,(#8010,#8011),.UNSPECIFIED.,.F.,
  .F.,(2,2),(-2.909242649839E-02,0.),.PIECEWISE_BEZIER_KNOTS.);
#8010 = CARTESIAN_POINT('',(1.373582829474,1.673338105089,0.8200001));
#8011 = CARTESIAN_POINT('',(1.402675255972,1.673338105089,0.8200001));
#8012 = ORIENTED_EDGE('',*,*,#7979,.T.);
#8013 = B_SPLINE_SURFACE_WITH_KNOTS('',1,1,(
    (#8014,#8015)
    ,(#8016,#8017)),.UNSPECIFIED.,.F.,.F.,.F.,(2,2),(2,2),(-1.E-02,0.),(
    -2.909242649839E-02,0.),.PIECEWISE_BEZIER_KNOTS.);
#8014 = CARTESIAN_POINT('',(1.373582829474,1.673338105089,0.8100001));
#8015 = CARTESIAN_POINT('',(1.402675255972,1.673338105089,0.8100001));
#8016 = CARTESIAN_POINT('',(1.373582829474,1.673338105089,0.8200001));
#8017 = CARTESIAN_POINT('',(1.402675255972,1.673338105089,0.8200001));
#8018 = ADVANCED_FACE('',(#8019),#8035,.F.);
#8019 = FACE_BOUND('',#8020,.T.);
#8020 = EDGE_LOOP('',(#8021,#8022,#8029,#8034));
#8021 = ORIENTED_EDGE('',*,*,#655,.T.);
#8022 = ORIENTED_EDGE('',*,*,#8023,.F.);
#8023 = EDGE_CURVE('',#8024,#649,#8026,.T.);
#8024 = VERTEX_POINT('',#8025);
#8025 = CARTESIAN_POINT('',(1.402675255972,1.682654336019,0.8200001));
#8026 = B_SPLINE_CURVE_WITH_KNOTS('',1,(#8027,#8028),.UNSPECIFIED.,.F.,
  .F.,(2,2),(-0.,1.E-02),.PIECEWISE_BEZIER_KNOTS.);
#8027 = CARTESIAN_POINT('',(1.402675255972,1.682654336019,0.8200001));
#8028 = CARTESIAN_POINT('',(1.402675255972,1.682654336019,0.8100001));
#8029 = ORIENTED_EDGE('',*,*,#8030,.F.);
#8030 = EDGE_CURVE('',#8002,#8024,#8031,.T.);
#8031 = B_SPLINE_CURVE_WITH_KNOTS('',1,(#8032,#8033),.UNSPECIFIED.,.F.,
  .F.,(2,2),(-9.316230930119E-03,0.),.PIECEWISE_BEZIER_KNOTS.);
#8032 = CARTESIAN_POINT('',(1.402675255972,1.673338105089,0.8200001));
#8033 = CARTESIAN_POINT('',(1.402675255972,1.682654336019,0.8200001));
#8034 = ORIENTED_EDGE('',*,*,#8001,.T.);
#8035 = B_SPLINE_SURFACE_WITH_KNOTS('',1,1,(
    (#8036,#8037)
    ,(#8038,#8039)),.UNSPECIFIED.,.F.,.F.,.F.,(2,2),(2,2),(-1.E-02,0.),(
    -9.316230930119E-03,0.),.PIECEWISE_BEZIER_KNOTS.);
#8036 = CARTESIAN_POINT('',(1.402675255972,1.673338105089,0.8100001));
#8037 = CARTESIAN_POINT('',(1.402675255972,1.682654336019,0.8100001));
#8038 = CARTESIAN_POINT('',(1.402675255972,1.673338105089,0.8200001));
#8039 = CARTESIAN_POINT('',(1.402675255972,1.682654336019,0.8200001));
#8040 = ADVANCED_FACE('',(#8041),#8057,.F.);
#8041 = FACE_BOUND('',#8042,.T.);
#8042 = EDGE_LOOP('',(#8043,#8044,#8051,#8056));
#8043 = ORIENTED_EDGE('',*,*,#648,.T.);
#8044 = ORIENTED_EDGE('',*,*,#8045,.F.);
#8045 = EDGE_CURVE('',#8046,#642,#8048,.T.);
#8046 = VERTEX_POINT('',#8047);
#8047 = CARTESIAN_POINT('',(1.373582829474,1.682654336019,0.8200001));
#8048 = B_SPLINE_CURVE_WITH_KNOTS('',1,(#8049,#8050),.UNSPECIFIED.,.F.,
  .F.,(2,2),(-0.,1.E-02),.PIECEWISE_BEZIER_KNOTS.);
#8049 = CARTESIAN_POINT('',(1.373582829474,1.682654336019,0.8200001));
#8050 = CARTESIAN_POINT('',(1.373582829474,1.682654336019,0.8100001));
#8051 = ORIENTED_EDGE('',*,*,#8052,.F.);
#8052 = EDGE_CURVE('',#8024,#8046,#8053,.T.);
#8053 = B_SPLINE_CURVE_WITH_KNOTS('',1,(#8054,#8055),.UNSPECIFIED.,.F.,
  .F.,(2,2),(-2.909242649839E-02,-0.),.PIECEWISE_BEZIER_KNOTS.);
#8054 = CARTESIAN_POINT('',(1.402675255972,1.682654336019,0.8200001));
#8055 = CARTESIAN_POINT('',(1.373582829474,1.682654336019,0.8200001));
#8056 = ORIENTED_EDGE('',*,*,#8023,.T.);
#8057 = B_SPLINE_SURFACE_WITH_KNOTS('',1,1,(
    (#8058,#8059)
    ,(#8060,#8061
    )),.UNSPECIFIED.,.F.,.F.,.F.,(2,2),(2,2),(0.,1.E-02),(0.,
    2.909242649839E-02),.PIECEWISE_BEZIER_KNOTS.);
#8058 = CARTESIAN_POINT('',(1.373582829474,1.682654336019,0.8200001));
#8059 = CARTESIAN_POINT('',(1.402675255972,1.682654336019,0.8200001));
#8060 = CARTESIAN_POINT('',(1.373582829474,1.682654336019,0.8100001));
#8061 = CARTESIAN_POINT('',(1.402675255972,1.682654336019,0.8100001));
#8062 = ADVANCED_FACE('',(#8063),#8079,.F.);
#8063 = FACE_BOUND('',#8064,.T.);
#8064 = EDGE_LOOP('',(#8065,#8066,#8073,#8078));
#8065 = ORIENTED_EDGE('',*,*,#641,.T.);
#8066 = ORIENTED_EDGE('',*,*,#8067,.F.);
#8067 = EDGE_CURVE('',#8068,#635,#8070,.T.);
#8068 = VERTEX_POINT('',#8069);
#8069 = CARTESIAN_POINT('',(1.373582829474,1.708689874244,0.8200001));
#8070 = B_SPLINE_CURVE_WITH_KNOTS('',1,(#8071,#8072),.UNSPECIFIED.,.F.,
  .F.,(2,2),(-0.,1.E-02),.PIECEWISE_BEZIER_KNOTS.);
#8071 = CARTESIAN_POINT('',(1.373582829474,1.708689874244,0.8200001));
#8072 = CARTESIAN_POINT('',(1.373582829474,1.708689874244,0.8100001));
#8073 = ORIENTED_EDGE('',*,*,#8074,.F.);
#8074 = EDGE_CURVE('',#8046,#8068,#8075,.T.);
#8075 = B_SPLINE_CURVE_WITH_KNOTS('',1,(#8076,#8077),.UNSPECIFIED.,.F.,
  .F.,(2,2),(-2.603553822485E-02,0.),.PIECEWISE_BEZIER_KNOTS.);
#8076 = CARTESIAN_POINT('',(1.373582829474,1.682654336019,0.8200001));
#8077 = CARTESIAN_POINT('',(1.373582829474,1.708689874244,0.8200001));
#8078 = ORIENTED_EDGE('',*,*,#8045,.T.);
#8079 = B_SPLINE_SURFACE_WITH_KNOTS('',1,1,(
    (#8080,#8081)
    ,(#8082,#8083)),.UNSPECIFIED.,.F.,.F.,.F.,(2,2),(2,2),(-1.E-02,0.),(
    -2.603553822485E-02,0.),.PIECEWISE_BEZIER_KNOTS.);
#8080 = CARTESIAN_POINT('',(1.373582829474,1.682654336019,0.8100001));
#8081 = CARTESIAN_POINT('',(1.373582829474,1.708689874244,0.8100001));
#8082 = CARTESIAN_POINT('',(1.373582829474,1.682654336019,0.8200001));
#8083 = CARTESIAN_POINT('',(1.373582829474,1.708689874244,0.8200001));
#8084 = ADVANCED_FACE('',(#8085),#8101,.F.);
#8085 = FACE_BOUND('',#8086,.T.);
#8086 = EDGE_LOOP('',(#8087,#8088,#8095,#8100));
#8087 = ORIENTED_EDGE('',*,*,#634,.T.);
#8088 = ORIENTED_EDGE('',*,*,#8089,.F.);
#8089 = EDGE_CURVE('',#8090,#628,#8092,.T.);
#8090 = VERTEX_POINT('',#8091);
#8091 = CARTESIAN_POINT('',(1.404983518546,1.708689874244,0.8200001));
#8092 = B_SPLINE_CURVE_WITH_KNOTS('',1,(#8093,#8094),.UNSPECIFIED.,.F.,
  .F.,(2,2),(-0.,1.E-02),.PIECEWISE_BEZIER_KNOTS.);
#8093 = CARTESIAN_POINT('',(1.404983518546,1.708689874244,0.8200001));
#8094 = CARTESIAN_POINT('',(1.404983518546,1.708689874244,0.8100001));
#8095 = ORIENTED_EDGE('',*,*,#8096,.F.);
#8096 = EDGE_CURVE('',#8068,#8090,#8097,.T.);
#8097 = B_SPLINE_CURVE_WITH_KNOTS('',1,(#8098,#8099),.UNSPECIFIED.,.F.,
  .F.,(2,2),(-3.140068907276E-02,0.),.PIECEWISE_BEZIER_KNOTS.);
#8098 = CARTESIAN_POINT('',(1.373582829474,1.708689874244,0.8200001));
#8099 = CARTESIAN_POINT('',(1.404983518546,1.708689874244,0.8200001));
#8100 = ORIENTED_EDGE('',*,*,#8067,.T.);
#8101 = B_SPLINE_SURFACE_WITH_KNOTS('',1,1,(
    (#8102,#8103)
    ,(#8104,#8105)),.UNSPECIFIED.,.F.,.F.,.F.,(2,2),(2,2),(-1.E-02,0.),(
    -3.140068907276E-02,0.),.PIECEWISE_BEZIER_KNOTS.);
#8102 = CARTESIAN_POINT('',(1.373582829474,1.708689874244,0.8100001));
#8103 = CARTESIAN_POINT('',(1.404983518546,1.708689874244,0.8100001));
#8104 = CARTESIAN_POINT('',(1.373582829474,1.708689874244,0.8200001));
#8105 = CARTESIAN_POINT('',(1.404983518546,1.708689874244,0.8200001));
#8106 = ADVANCED_FACE('',(#8107),#8123,.F.);
#8107 = FACE_BOUND('',#8108,.T.);
#8108 = EDGE_LOOP('',(#8109,#8110,#8117,#8122));
#8109 = ORIENTED_EDGE('',*,*,#627,.T.);
#8110 = ORIENTED_EDGE('',*,*,#8111,.F.);
#8111 = EDGE_CURVE('',#8112,#621,#8114,.T.);
#8112 = VERTEX_POINT('',#8113);
#8113 = CARTESIAN_POINT('',(1.404983518546,1.71804769549,0.8200001));
#8114 = B_SPLINE_CURVE_WITH_KNOTS('',1,(#8115,#8116),.UNSPECIFIED.,.F.,
  .F.,(2,2),(-0.,1.E-02),.PIECEWISE_BEZIER_KNOTS.);
#8115 = CARTESIAN_POINT('',(1.404983518546,1.71804769549,0.8200001));
#8116 = CARTESIAN_POINT('',(1.404983518546,1.71804769549,0.8100001));
#8117 = ORIENTED_EDGE('',*,*,#8118,.F.);
#8118 = EDGE_CURVE('',#8090,#8112,#8119,.T.);
#8119 = B_SPLINE_CURVE_WITH_KNOTS('',1,(#8120,#8121),.UNSPECIFIED.,.F.,
  .F.,(2,2),(-9.357821246724E-03,0.),.PIECEWISE_BEZIER_KNOTS.);
#8120 = CARTESIAN_POINT('',(1.404983518546,1.708689874244,0.8200001));
#8121 = CARTESIAN_POINT('',(1.404983518546,1.71804769549,0.8200001));
#8122 = ORIENTED_EDGE('',*,*,#8089,.T.);
#8123 = B_SPLINE_SURFACE_WITH_KNOTS('',1,1,(
    (#8124,#8125)
    ,(#8126,#8127)),.UNSPECIFIED.,.F.,.F.,.F.,(2,2),(2,2),(-1.E-02,0.),(
    -9.357821246724E-03,0.),.PIECEWISE_BEZIER_KNOTS.);
#8124 = CARTESIAN_POINT('',(1.404983518546,1.708689874244,0.8100001));
#8125 = CARTESIAN_POINT('',(1.404983518546,1.71804769549,0.8100001));
#8126 = CARTESIAN_POINT('',(1.404983518546,1.708689874244,0.8200001));
#8127 = CARTESIAN_POINT('',(1.404983518546,1.71804769549,0.8200001));
#8128 = ADVANCED_FACE('',(#8129),#8145,.F.);
#8129 = FACE_BOUND('',#8130,.T.);
#8130 = EDGE_LOOP('',(#8131,#8132,#8139,#8144));
#8131 = ORIENTED_EDGE('',*,*,#620,.T.);
#8132 = ORIENTED_EDGE('',*,*,#8133,.F.);
#8133 = EDGE_CURVE('',#8134,#614,#8136,.T.);
#8134 = VERTEX_POINT('',#8135);
#8135 = CARTESIAN_POINT('',(1.363081274519,1.71804769549,0.8200001));
#8136 = B_SPLINE_CURVE_WITH_KNOTS('',1,(#8137,#8138),.UNSPECIFIED.,.F.,
  .F.,(2,2),(-0.,1.E-02),.PIECEWISE_BEZIER_KNOTS.);
#8137 = CARTESIAN_POINT('',(1.363081274519,1.71804769549,0.8200001));
#8138 = CARTESIAN_POINT('',(1.363081274519,1.71804769549,0.8100001));
#8139 = ORIENTED_EDGE('',*,*,#8140,.F.);
#8140 = EDGE_CURVE('',#8112,#8134,#8141,.T.);
#8141 = B_SPLINE_CURVE_WITH_KNOTS('',1,(#8142,#8143),.UNSPECIFIED.,.F.,
  .F.,(2,2),(-4.190224402751E-02,-0.),.PIECEWISE_BEZIER_KNOTS.);
#8142 = CARTESIAN_POINT('',(1.404983518546,1.71804769549,0.8200001));
#8143 = CARTESIAN_POINT('',(1.363081274519,1.71804769549,0.8200001));
#8144 = ORIENTED_EDGE('',*,*,#8111,.T.);
#8145 = B_SPLINE_SURFACE_WITH_KNOTS('',1,1,(
    (#8146,#8147)
    ,(#8148,#8149
    )),.UNSPECIFIED.,.F.,.F.,.F.,(2,2),(2,2),(0.,1.E-02),(0.,
    4.190224402751E-02),.PIECEWISE_BEZIER_KNOTS.);
#8146 = CARTESIAN_POINT('',(1.363081274519,1.71804769549,0.8200001));
#8147 = CARTESIAN_POINT('',(1.404983518546,1.71804769549,0.8200001));
#8148 = CARTESIAN_POINT('',(1.363081274519,1.71804769549,0.8100001));
#8149 = CARTESIAN_POINT('',(1.404983518546,1.71804769549,0.8100001));
#8150 = ADVANCED_FACE('',(#8151),#8167,.F.);
#8151 = FACE_BOUND('',#8152,.T.);
#8152 = EDGE_LOOP('',(#8153,#8154,#8161,#8166));
#8153 = ORIENTED_EDGE('',*,*,#613,.T.);
#8154 = ORIENTED_EDGE('',*,*,#8155,.F.);
#8155 = EDGE_CURVE('',#8156,#607,#8158,.T.);
#8156 = VERTEX_POINT('',#8157);
#8157 = CARTESIAN_POINT('',(1.363081274519,1.636697036118,0.8200001));
#8158 = B_SPLINE_CURVE_WITH_KNOTS('',1,(#8159,#8160),.UNSPECIFIED.,.F.,
  .F.,(2,2),(-0.,1.E-02),.PIECEWISE_BEZIER_KNOTS.);
#8159 = CARTESIAN_POINT('',(1.363081274519,1.636697036118,0.8200001));
#8160 = CARTESIAN_POINT('',(1.363081274519,1.636697036118,0.8100001));
#8161 = ORIENTED_EDGE('',*,*,#8162,.F.);
#8162 = EDGE_CURVE('',#8134,#8156,#8163,.T.);
#8163 = B_SPLINE_CURVE_WITH_KNOTS('',1,(#8164,#8165),.UNSPECIFIED.,.F.,
  .F.,(2,2),(-8.135065937253E-02,-0.),.PIECEWISE_BEZIER_KNOTS.);
#8164 = CARTESIAN_POINT('',(1.363081274519,1.71804769549,0.8200001));
#8165 = CARTESIAN_POINT('',(1.363081274519,1.636697036118,0.8200001));
#8166 = ORIENTED_EDGE('',*,*,#8133,.T.);
#8167 = B_SPLINE_SURFACE_WITH_KNOTS('',1,1,(
    (#8168,#8169)
    ,(#8170,#8171
    )),.UNSPECIFIED.,.F.,.F.,.F.,(2,2),(2,2),(0.,1.E-02),(0.,
    8.135065937253E-02),.PIECEWISE_BEZIER_KNOTS.);
#8168 = CARTESIAN_POINT('',(1.363081274519,1.636697036118,0.8200001));
#8169 = CARTESIAN_POINT('',(1.363081274519,1.71804769549,0.8200001));
#8170 = CARTESIAN_POINT('',(1.363081274519,1.636697036118,0.8100001));
#8171 = CARTESIAN_POINT('',(1.363081274519,1.71804769549,0.8100001));
#8172 = ADVANCED_FACE('',(#8173),#8183,.F.);
#8173 = FACE_BOUND('',#8174,.T.);
#8174 = EDGE_LOOP('',(#8175,#8176,#8177,#8182));
#8175 = ORIENTED_EDGE('',*,*,#606,.T.);
#8176 = ORIENTED_EDGE('',*,*,#7943,.F.);
#8177 = ORIENTED_EDGE('',*,*,#8178,.F.);
#8178 = EDGE_CURVE('',#8156,#7937,#8179,.T.);
#8179 = B_SPLINE_CURVE_WITH_KNOTS('',1,(#8180,#8181),.UNSPECIFIED.,.F.,
  .F.,(2,2),(-4.375301311838E-02,0.),.PIECEWISE_BEZIER_KNOTS.);
#8180 = CARTESIAN_POINT('',(1.363081274519,1.636697036118,0.8200001));
#8181 = CARTESIAN_POINT('',(1.406834287637,1.636697036118,0.8200001));
#8182 = ORIENTED_EDGE('',*,*,#8155,.T.);
#8183 = B_SPLINE_SURFACE_WITH_KNOTS('',1,1,(
    (#8184,#8185)
    ,(#8186,#8187)),.UNSPECIFIED.,.F.,.F.,.F.,(2,2),(2,2),(-1.E-02,0.),(
    -4.375301311838E-02,0.),.PIECEWISE_BEZIER_KNOTS.);
#8184 = CARTESIAN_POINT('',(1.363081274519,1.636697036118,0.8100001));
#8185 = CARTESIAN_POINT('',(1.406834287637,1.636697036118,0.8100001));
#8186 = CARTESIAN_POINT('',(1.363081274519,1.636697036118,0.8200001));
#8187 = CARTESIAN_POINT('',(1.406834287637,1.636697036118,0.8200001));
#8188 = ADVANCED_FACE('',(#8189),#8203,.F.);
#8189 = FACE_BOUND('',#8190,.T.);
#8190 = EDGE_LOOP('',(#8191,#8192,#8193,#8194,#8195,#8196,#8197,#8198,
    #8199,#8200,#8201,#8202));
#8191 = ORIENTED_EDGE('',*,*,#7936,.T.);
#8192 = ORIENTED_EDGE('',*,*,#7964,.T.);
#8193 = ORIENTED_EDGE('',*,*,#7986,.T.);
#8194 = ORIENTED_EDGE('',*,*,#8008,.T.);
#8195 = ORIENTED_EDGE('',*,*,#8030,.T.);
#8196 = ORIENTED_EDGE('',*,*,#8052,.T.);
#8197 = ORIENTED_EDGE('',*,*,#8074,.T.);
#8198 = ORIENTED_EDGE('',*,*,#8096,.T.);
#8199 = ORIENTED_EDGE('',*,*,#8118,.T.);
#8200 = ORIENTED_EDGE('',*,*,#8140,.T.);
#8201 = ORIENTED_EDGE('',*,*,#8162,.T.);
#8202 = ORIENTED_EDGE('',*,*,#8178,.T.);
#8203 = B_SPLINE_SURFACE_WITH_KNOTS('',1,1,(
    (#8204,#8205)
    ,(#8206,#8207
    )),.UNSPECIFIED.,.F.,.F.,.F.,(2,2),(2,2),(-1.406834287637,
    -1.363081274519),(1.636697036118,1.71804769549),
  .PIECEWISE_BEZIER_KNOTS.);
#8204 = CARTESIAN_POINT('',(1.406834287637,1.636697036118,0.8200001));
#8205 = CARTESIAN_POINT('',(1.406834287637,1.71804769549,0.8200001));
#8206 = CARTESIAN_POINT('',(1.363081274519,1.636697036118,0.8200001));
#8207 = CARTESIAN_POINT('',(1.363081274519,1.71804769549,0.8200001));
#8208 = ADVANCED_FACE('',(#8209,#8268),#8327,.T.);
#8209 = FACE_BOUND('',#8210,.T.);
#8210 = EDGE_LOOP('',(#8211,#8220,#8229,#8238,#8247,#8256,#8263));
#8211 = ORIENTED_EDGE('',*,*,#8212,.T.);
#8212 = EDGE_CURVE('',#8213,#8215,#8217,.T.);
#8213 = VERTEX_POINT('',#8214);
#8214 = CARTESIAN_POINT('',(1.422201909641,1.636697036118,0.8200001));
#8215 = VERTEX_POINT('',#8216);
#8216 = CARTESIAN_POINT('',(1.4445775,1.636697036118,0.8200001));
#8217 = B_SPLINE_CURVE_WITH_KNOTS('',1,(#8218,#8219),.UNSPECIFIED.,.F.,
  .F.,(2,2),(-2.237559035915E-02,0.),.PIECEWISE_BEZIER_KNOTS.);
#8218 = CARTESIAN_POINT('',(1.422201909641,1.636697036118,0.8200001));
#8219 = CARTESIAN_POINT('',(1.4445775,1.636697036118,0.8200001));
#8220 = ORIENTED_EDGE('',*,*,#8221,.T.);
#8221 = EDGE_CURVE('',#8215,#8222,#8224,.T.);
#8222 = VERTEX_POINT('',#8223);
#8223 = CARTESIAN_POINT('',(1.476165345498,1.64809278288,0.8200001));
#8224 = B_SPLINE_CURVE_WITH_KNOTS('',3,(#8225,#8226,#8227,#8228),
  .UNSPECIFIED.,.F.,.F.,(4,4),(5.,6.),.PIECEWISE_BEZIER_KNOTS.);
#8225 = CARTESIAN_POINT('',(1.4445775,1.636697036118,0.8200001));
#8226 = CARTESIAN_POINT('',(1.457449703004,1.636697036118,0.8200001));
#8227 = CARTESIAN_POINT('',(1.467992848275,1.640481754933,0.8200001));
#8228 = CARTESIAN_POINT('',(1.476165345498,1.64809278288,0.8200001));
#8229 = ORIENTED_EDGE('',*,*,#8230,.T.);
#8230 = EDGE_CURVE('',#8222,#8231,#8233,.T.);
#8231 = VERTEX_POINT('',#8232);
#8232 = CARTESIAN_POINT('',(1.48843448891,1.678412123721,0.8200001));
#8233 = B_SPLINE_CURVE_WITH_KNOTS('',3,(#8234,#8235,#8236,#8237),
  .UNSPECIFIED.,.F.,.F.,(4,4),(4.,5.),.PIECEWISE_BEZIER_KNOTS.);
#8234 = CARTESIAN_POINT('',(1.476165345498,1.64809278288,0.8200001));
#8235 = CARTESIAN_POINT('',(1.48433784272,1.655703810828,0.8200001));
#8236 = CARTESIAN_POINT('',(1.48843448891,1.665810257775,0.8200001));
#8237 = CARTESIAN_POINT('',(1.48843448891,1.678412123721,0.8200001));
#8238 = ORIENTED_EDGE('',*,*,#8239,.T.);
#8239 = EDGE_CURVE('',#8231,#8240,#8242,.T.);
#8240 = VERTEX_POINT('',#8241);
#8241 = CARTESIAN_POINT('',(1.476165345498,1.707275803477,0.8200001));
#8242 = B_SPLINE_CURVE_WITH_KNOTS('',3,(#8243,#8244,#8245,#8246),
  .UNSPECIFIED.,.F.,.F.,(4,4),(3.,4.),.PIECEWISE_BEZIER_KNOTS.);
#8243 = CARTESIAN_POINT('',(1.48843448891,1.678412123721,0.8200001));
#8244 = CARTESIAN_POINT('',(1.48843448891,1.690473315549,0.8200001));
#8245 = CARTESIAN_POINT('',(1.48433784272,1.700080678696,0.8200001));
#8246 = CARTESIAN_POINT('',(1.476165345498,1.707275803477,0.8200001));
#8247 = ORIENTED_EDGE('',*,*,#8248,.T.);
#8248 = EDGE_CURVE('',#8240,#8249,#8251,.T.);
#8249 = VERTEX_POINT('',#8250);
#8250 = CARTESIAN_POINT('',(1.445409306333,1.71804769549,0.8200001));
#8251 = B_SPLINE_CURVE_WITH_KNOTS('',3,(#8252,#8253,#8254,#8255),
  .UNSPECIFIED.,.F.,.F.,(4,4),(2.,3.),.PIECEWISE_BEZIER_KNOTS.);
#8252 = CARTESIAN_POINT('',(1.476165345498,1.707275803477,0.8200001));
#8253 = CARTESIAN_POINT('',(1.467992848275,1.714470928258,0.8200001));
#8254 = CARTESIAN_POINT('',(1.45774083522,1.71804769549,0.8200001));
#8255 = CARTESIAN_POINT('',(1.445409306333,1.71804769549,0.8200001));
#8256 = ORIENTED_EDGE('',*,*,#8257,.T.);
#8257 = EDGE_CURVE('',#8249,#8258,#8260,.T.);
#8258 = VERTEX_POINT('',#8259);
#8259 = CARTESIAN_POINT('',(1.422201909641,1.71804769549,0.8200001));
#8260 = B_SPLINE_CURVE_WITH_KNOTS('',1,(#8261,#8262),.UNSPECIFIED.,.F.,
  .F.,(2,2),(-2.320739669236E-02,-0.),.PIECEWISE_BEZIER_KNOTS.);
#8261 = CARTESIAN_POINT('',(1.445409306333,1.71804769549,0.8200001));
#8262 = CARTESIAN_POINT('',(1.422201909641,1.71804769549,0.8200001));
#8263 = ORIENTED_EDGE('',*,*,#8264,.T.);
#8264 = EDGE_CURVE('',#8258,#8213,#8265,.T.);
#8265 = B_SPLINE_CURVE_WITH_KNOTS('',1,(#8266,#8267),.UNSPECIFIED.,.F.,
  .F.,(2,2),(-8.135065937253E-02,-0.),.PIECEWISE_BEZIER_KNOTS.);
#8266 = CARTESIAN_POINT('',(1.422201909641,1.71804769549,0.8200001));
#8267 = CARTESIAN_POINT('',(1.422201909641,1.636697036118,0.8200001));
#8268 = FACE_BOUND('',#8269,.T.);
#8269 = EDGE_LOOP('',(#8270,#8279,#8286,#8295,#8304,#8313,#8322));
#8270 = ORIENTED_EDGE('',*,*,#8271,.F.);
#8271 = EDGE_CURVE('',#8272,#8274,#8276,.T.);
#8272 = VERTEX_POINT('',#8273);
#8273 = CARTESIAN_POINT('',(1.432703464596,1.708689874244,0.8200001));
#8274 = VERTEX_POINT('',#8275);
#8275 = CARTESIAN_POINT('',(1.432703464596,1.645971676731,0.8200001));
#8276 = B_SPLINE_CURVE_WITH_KNOTS('',1,(#8277,#8278),.UNSPECIFIED.,.F.,
  .F.,(2,2),(0.,6.27181975123E-02),.PIECEWISE_BEZIER_KNOTS.);
#8277 = CARTESIAN_POINT('',(1.432703464596,1.708689874244,0.8200001));
#8278 = CARTESIAN_POINT('',(1.432703464596,1.645971676731,0.8200001));
#8279 = ORIENTED_EDGE('',*,*,#8280,.F.);
#8280 = EDGE_CURVE('',#8281,#8272,#8283,.T.);
#8281 = VERTEX_POINT('',#8282);
#8282 = CARTESIAN_POINT('',(1.444993403166,1.708689874244,0.8200001));
#8283 = B_SPLINE_CURVE_WITH_KNOTS('',1,(#8284,#8285),.UNSPECIFIED.,.F.,
  .F.,(2,2),(0.,1.228993857017E-02),.PIECEWISE_BEZIER_KNOTS.);
#8284 = CARTESIAN_POINT('',(1.444993403166,1.708689874244,0.8200001));
#8285 = CARTESIAN_POINT('',(1.432703464596,1.708689874244,0.8200001));
#8286 = ORIENTED_EDGE('',*,*,#8287,.F.);
#8287 = EDGE_CURVE('',#8288,#8281,#8290,.T.);
#8288 = VERTEX_POINT('',#8289);
#8289 = CARTESIAN_POINT('',(1.468471136917,1.701037255979,0.8200001));
#8290 = B_SPLINE_CURVE_WITH_KNOTS('',3,(#8291,#8292,#8293,#8294),
  .UNSPECIFIED.,.F.,.F.,(4,4),(5.,6.),.PIECEWISE_BEZIER_KNOTS.);
#8291 = CARTESIAN_POINT('',(1.468471136917,1.701037255979,0.8200001));
#8292 = CARTESIAN_POINT('',(1.462523721635,1.706152864928,0.8200001));
#8293 = CARTESIAN_POINT('',(1.454683946946,1.708689874244,0.8200001));
#8294 = CARTESIAN_POINT('',(1.444993403166,1.708689874244,0.8200001));
#8295 = ORIENTED_EDGE('',*,*,#8296,.F.);
#8296 = EDGE_CURVE('',#8297,#8288,#8299,.T.);
#8297 = VERTEX_POINT('',#8298);
#8298 = CARTESIAN_POINT('',(1.477392259839,1.678120991504,0.8200001));
#8299 = B_SPLINE_CURVE_WITH_KNOTS('',3,(#8300,#8301,#8302,#8303),
  .UNSPECIFIED.,.F.,.F.,(4,4),(4.,5.),.PIECEWISE_BEZIER_KNOTS.);
#8300 = CARTESIAN_POINT('',(1.477392259839,1.678120991504,0.8200001));
#8301 = CARTESIAN_POINT('',(1.477392259839,1.688269028767,0.8200001));
#8302 = CARTESIAN_POINT('',(1.474418552198,1.695921647031,0.8200001));
#8303 = CARTESIAN_POINT('',(1.468471136917,1.701037255979,0.8200001));
#8304 = ORIENTED_EDGE('',*,*,#8305,.F.);
#8305 = EDGE_CURVE('',#8306,#8297,#8308,.T.);
#8306 = VERTEX_POINT('',#8307);
#8307 = CARTESIAN_POINT('',(1.468699883659,1.654456101328,0.8200001));
#8308 = B_SPLINE_CURVE_WITH_KNOTS('',3,(#8309,#8310,#8311,#8312),
  .UNSPECIFIED.,.F.,.F.,(4,4),(3.,4.),.PIECEWISE_BEZIER_KNOTS.);
#8309 = CARTESIAN_POINT('',(1.468699883659,1.654456101328,0.8200001));
#8310 = CARTESIAN_POINT('',(1.474501732832,1.660070794077,0.8200001));
#8311 = CARTESIAN_POINT('',(1.477392259839,1.66797295424,0.8200001));
#8312 = CARTESIAN_POINT('',(1.477392259839,1.678120991504,0.8200001));
#8313 = ORIENTED_EDGE('',*,*,#8314,.F.);
#8314 = EDGE_CURVE('',#8315,#8306,#8317,.T.);
#8315 = VERTEX_POINT('',#8316);
#8316 = CARTESIAN_POINT('',(1.444515114525,1.645971676731,0.8200001));
#8317 = B_SPLINE_CURVE_WITH_KNOTS('',3,(#8318,#8319,#8320,#8321),
  .UNSPECIFIED.,.F.,.F.,(4,4),(2.,3.),.PIECEWISE_BEZIER_KNOTS.);
#8318 = CARTESIAN_POINT('',(1.444515114525,1.645971676731,0.8200001));
#8319 = CARTESIAN_POINT('',(1.454850308213,1.645971676731,0.8200001));
#8320 = CARTESIAN_POINT('',(1.462918829644,1.648799818264,0.8200001));
#8321 = CARTESIAN_POINT('',(1.468699883659,1.654456101328,0.8200001));
#8322 = ORIENTED_EDGE('',*,*,#8323,.F.);
#8323 = EDGE_CURVE('',#8274,#8315,#8324,.T.);
#8324 = B_SPLINE_CURVE_WITH_KNOTS('',1,(#8325,#8326),.UNSPECIFIED.,.F.,
  .F.,(2,2),(0.,1.181164992921E-02),.PIECEWISE_BEZIER_KNOTS.);
#8325 = CARTESIAN_POINT('',(1.432703464596,1.645971676731,0.8200001));
#8326 = CARTESIAN_POINT('',(1.444515114525,1.645971676731,0.8200001));
#8327 = B_SPLINE_SURFACE_WITH_KNOTS('',1,1,(
    (#8328,#8329)
    ,(#8330,#8331
    )),.UNSPECIFIED.,.F.,.F.,.F.,(2,2),(2,2),(-4.0145053149E-02,
    2.608752612033E-02),(-7.866288515894E-02,2.687774213597E-03),
  .PIECEWISE_BEZIER_KNOTS.);
#8328 = CARTESIAN_POINT('',(1.422201909641,1.636697036118,0.8200001));
#8329 = CARTESIAN_POINT('',(1.422201909641,1.71804769549,0.8200001));
#8330 = CARTESIAN_POINT('',(1.48843448891,1.636697036118,0.8200001));
#8331 = CARTESIAN_POINT('',(1.48843448891,1.71804769549,0.8200001));
#8332 = ADVANCED_FACE('',(#8333),#8347,.F.);
#8333 = FACE_BOUND('',#8334,.T.);
#8334 = EDGE_LOOP('',(#8335,#8336,#8341,#8342));
#8335 = ORIENTED_EDGE('',*,*,#683,.T.);
#8336 = ORIENTED_EDGE('',*,*,#8337,.F.);
#8337 = EDGE_CURVE('',#8215,#686,#8338,.T.);
#8338 = B_SPLINE_CURVE_WITH_KNOTS('',1,(#8339,#8340),.UNSPECIFIED.,.F.,
  .F.,(2,2),(-0.,1.E-02),.PIECEWISE_BEZIER_KNOTS.);
#8339 = CARTESIAN_POINT('',(1.4445775,1.636697036118,0.8200001));
#8340 = CARTESIAN_POINT('',(1.4445775,1.636697036118,0.8100001));
#8341 = ORIENTED_EDGE('',*,*,#8212,.F.);
#8342 = ORIENTED_EDGE('',*,*,#8343,.T.);
#8343 = EDGE_CURVE('',#8213,#684,#8344,.T.);
#8344 = B_SPLINE_CURVE_WITH_KNOTS('',1,(#8345,#8346),.UNSPECIFIED.,.F.,
  .F.,(2,2),(-0.,1.E-02),.PIECEWISE_BEZIER_KNOTS.);
#8345 = CARTESIAN_POINT('',(1.422201909641,1.636697036118,0.8200001));
#8346 = CARTESIAN_POINT('',(1.422201909641,1.636697036118,0.8100001));
#8347 = B_SPLINE_SURFACE_WITH_KNOTS('',1,1,(
    (#8348,#8349)
    ,(#8350,#8351)),.UNSPECIFIED.,.F.,.F.,.F.,(2,2),(2,2),(-1.E-02,0.),(
    -2.237559035915E-02,0.),.PIECEWISE_BEZIER_KNOTS.);
#8348 = CARTESIAN_POINT('',(1.422201909641,1.636697036118,0.8100001));
#8349 = CARTESIAN_POINT('',(1.4445775,1.636697036118,0.8100001));
#8350 = CARTESIAN_POINT('',(1.422201909641,1.636697036118,0.8200001));
#8351 = CARTESIAN_POINT('',(1.4445775,1.636697036118,0.8200001));
#8352 = ADVANCED_FACE('',(#8353),#8363,.F.);
#8353 = FACE_BOUND('',#8354,.F.);
#8354 = EDGE_LOOP('',(#8355,#8356,#8357,#8362));
#8355 = ORIENTED_EDGE('',*,*,#8337,.F.);
#8356 = ORIENTED_EDGE('',*,*,#8221,.T.);
#8357 = ORIENTED_EDGE('',*,*,#8358,.T.);
#8358 = EDGE_CURVE('',#8222,#725,#8359,.T.);
#8359 = B_SPLINE_CURVE_WITH_KNOTS('',1,(#8360,#8361),.UNSPECIFIED.,.F.,
  .F.,(2,2),(-0.,1.E-02),.PIECEWISE_BEZIER_KNOTS.);
#8360 = CARTESIAN_POINT('',(1.476165345498,1.64809278288,0.8200001));
#8361 = CARTESIAN_POINT('',(1.476165345498,1.64809278288,0.8100001));
#8362 = ORIENTED_EDGE('',*,*,#733,.F.);
#8363 = B_SPLINE_SURFACE_WITH_KNOTS('',3,1,(
    (#8364,#8365)
    ,(#8366,#8367)
    ,(#8368,#8369)
    ,(#8370,#8371
    )),.UNSPECIFIED.,.F.,.F.,.F.,(4,4),(2,2),(5.,6.),(0.,1.),
  .PIECEWISE_BEZIER_KNOTS.);
#8364 = CARTESIAN_POINT('',(1.4445775,1.636697036118,0.8200001));
#8365 = CARTESIAN_POINT('',(1.4445775,1.636697036118,0.8100001));
#8366 = CARTESIAN_POINT('',(1.457449703004,1.636697036118,0.8200001));
#8367 = CARTESIAN_POINT('',(1.457449703004,1.636697036118,0.8100001));
#8368 = CARTESIAN_POINT('',(1.467992848275,1.640481754933,0.8200001));
#8369 = CARTESIAN_POINT('',(1.467992848275,1.640481754933,0.8100001));
#8370 = CARTESIAN_POINT('',(1.476165345498,1.64809278288,0.8200001));
#8371 = CARTESIAN_POINT('',(1.476165345498,1.64809278288,0.8100001));
#8372 = ADVANCED_FACE('',(#8373),#8383,.F.);
#8373 = FACE_BOUND('',#8374,.F.);
#8374 = EDGE_LOOP('',(#8375,#8376,#8377,#8382));
#8375 = ORIENTED_EDGE('',*,*,#8358,.F.);
#8376 = ORIENTED_EDGE('',*,*,#8230,.T.);
#8377 = ORIENTED_EDGE('',*,*,#8378,.T.);
#8378 = EDGE_CURVE('',#8231,#716,#8379,.T.);
#8379 = B_SPLINE_CURVE_WITH_KNOTS('',1,(#8380,#8381),.UNSPECIFIED.,.F.,
  .F.,(2,2),(-0.,1.E-02),.PIECEWISE_BEZIER_KNOTS.);
#8380 = CARTESIAN_POINT('',(1.48843448891,1.678412123721,0.8200001));
#8381 = CARTESIAN_POINT('',(1.48843448891,1.678412123721,0.8100001));
#8382 = ORIENTED_EDGE('',*,*,#724,.F.);
#8383 = B_SPLINE_SURFACE_WITH_KNOTS('',3,1,(
    (#8384,#8385)
    ,(#8386,#8387)
    ,(#8388,#8389)
    ,(#8390,#8391
    )),.UNSPECIFIED.,.F.,.F.,.F.,(4,4),(2,2),(4.,5.),(0.,1.),
  .PIECEWISE_BEZIER_KNOTS.);
#8384 = CARTESIAN_POINT('',(1.476165345498,1.64809278288,0.8200001));
#8385 = CARTESIAN_POINT('',(1.476165345498,1.64809278288,0.8100001));
#8386 = CARTESIAN_POINT('',(1.48433784272,1.655703810828,0.8200001));
#8387 = CARTESIAN_POINT('',(1.48433784272,1.655703810828,0.8100001));
#8388 = CARTESIAN_POINT('',(1.48843448891,1.665810257775,0.8200001));
#8389 = CARTESIAN_POINT('',(1.48843448891,1.665810257775,0.8100001));
#8390 = CARTESIAN_POINT('',(1.48843448891,1.678412123721,0.8200001));
#8391 = CARTESIAN_POINT('',(1.48843448891,1.678412123721,0.8100001));
#8392 = ADVANCED_FACE('',(#8393),#8403,.F.);
#8393 = FACE_BOUND('',#8394,.F.);
#8394 = EDGE_LOOP('',(#8395,#8396,#8397,#8402));
#8395 = ORIENTED_EDGE('',*,*,#8378,.F.);
#8396 = ORIENTED_EDGE('',*,*,#8239,.T.);
#8397 = ORIENTED_EDGE('',*,*,#8398,.T.);
#8398 = EDGE_CURVE('',#8240,#707,#8399,.T.);
#8399 = B_SPLINE_CURVE_WITH_KNOTS('',1,(#8400,#8401),.UNSPECIFIED.,.F.,
  .F.,(2,2),(-0.,1.E-02),.PIECEWISE_BEZIER_KNOTS.);
#8400 = CARTESIAN_POINT('',(1.476165345498,1.707275803477,0.8200001));
#8401 = CARTESIAN_POINT('',(1.476165345498,1.707275803477,0.8100001));
#8402 = ORIENTED_EDGE('',*,*,#715,.F.);
#8403 = B_SPLINE_SURFACE_WITH_KNOTS('',3,1,(
    (#8404,#8405)
    ,(#8406,#8407)
    ,(#8408,#8409)
    ,(#8410,#8411
    )),.UNSPECIFIED.,.F.,.F.,.F.,(4,4),(2,2),(3.,4.),(0.,1.),
  .PIECEWISE_BEZIER_KNOTS.);
#8404 = CARTESIAN_POINT('',(1.48843448891,1.678412123721,0.8200001));
#8405 = CARTESIAN_POINT('',(1.48843448891,1.678412123721,0.8100001));
#8406 = CARTESIAN_POINT('',(1.48843448891,1.690473315549,0.8200001));
#8407 = CARTESIAN_POINT('',(1.48843448891,1.690473315549,0.8100001));
#8408 = CARTESIAN_POINT('',(1.48433784272,1.700080678696,0.8200001));
#8409 = CARTESIAN_POINT('',(1.48433784272,1.700080678696,0.8100001));
#8410 = CARTESIAN_POINT('',(1.476165345498,1.707275803477,0.8200001));
#8411 = CARTESIAN_POINT('',(1.476165345498,1.707275803477,0.8100001));
#8412 = ADVANCED_FACE('',(#8413),#8423,.F.);
#8413 = FACE_BOUND('',#8414,.F.);
#8414 = EDGE_LOOP('',(#8415,#8416,#8417,#8422));
#8415 = ORIENTED_EDGE('',*,*,#8398,.F.);
#8416 = ORIENTED_EDGE('',*,*,#8248,.T.);
#8417 = ORIENTED_EDGE('',*,*,#8418,.T.);
#8418 = EDGE_CURVE('',#8249,#700,#8419,.T.);
#8419 = B_SPLINE_CURVE_WITH_KNOTS('',1,(#8420,#8421),.UNSPECIFIED.,.F.,
  .F.,(2,2),(-0.,1.E-02),.PIECEWISE_BEZIER_KNOTS.);
#8420 = CARTESIAN_POINT('',(1.445409306333,1.71804769549,0.8200001));
#8421 = CARTESIAN_POINT('',(1.445409306333,1.71804769549,0.8100001));
#8422 = ORIENTED_EDGE('',*,*,#706,.F.);
#8423 = B_SPLINE_SURFACE_WITH_KNOTS('',3,1,(
    (#8424,#8425)
    ,(#8426,#8427)
    ,(#8428,#8429)
    ,(#8430,#8431
    )),.UNSPECIFIED.,.F.,.F.,.F.,(4,4),(2,2),(2.,3.),(0.,1.),
  .PIECEWISE_BEZIER_KNOTS.);
#8424 = CARTESIAN_POINT('',(1.476165345498,1.707275803477,0.8200001));
#8425 = CARTESIAN_POINT('',(1.476165345498,1.707275803477,0.8100001));
#8426 = CARTESIAN_POINT('',(1.467992848275,1.714470928258,0.8200001));
#8427 = CARTESIAN_POINT('',(1.467992848275,1.714470928258,0.8100001));
#8428 = CARTESIAN_POINT('',(1.45774083522,1.71804769549,0.8200001));
#8429 = CARTESIAN_POINT('',(1.45774083522,1.71804769549,0.8100001));
#8430 = CARTESIAN_POINT('',(1.445409306333,1.71804769549,0.8200001));
#8431 = CARTESIAN_POINT('',(1.445409306333,1.71804769549,0.8100001));
#8432 = ADVANCED_FACE('',(#8433),#8443,.F.);
#8433 = FACE_BOUND('',#8434,.T.);
#8434 = EDGE_LOOP('',(#8435,#8436,#8441,#8442));
#8435 = ORIENTED_EDGE('',*,*,#699,.T.);
#8436 = ORIENTED_EDGE('',*,*,#8437,.F.);
#8437 = EDGE_CURVE('',#8258,#693,#8438,.T.);
#8438 = B_SPLINE_CURVE_WITH_KNOTS('',1,(#8439,#8440),.UNSPECIFIED.,.F.,
  .F.,(2,2),(-0.,1.E-02),.PIECEWISE_BEZIER_KNOTS.);
#8439 = CARTESIAN_POINT('',(1.422201909641,1.71804769549,0.8200001));
#8440 = CARTESIAN_POINT('',(1.422201909641,1.71804769549,0.8100001));
#8441 = ORIENTED_EDGE('',*,*,#8257,.F.);
#8442 = ORIENTED_EDGE('',*,*,#8418,.T.);
#8443 = B_SPLINE_SURFACE_WITH_KNOTS('',1,1,(
    (#8444,#8445)
    ,(#8446,#8447
    )),.UNSPECIFIED.,.F.,.F.,.F.,(2,2),(2,2),(0.,1.E-02),(0.,
    2.320739669236E-02),.PIECEWISE_BEZIER_KNOTS.);
#8444 = CARTESIAN_POINT('',(1.422201909641,1.71804769549,0.8200001));
#8445 = CARTESIAN_POINT('',(1.445409306333,1.71804769549,0.8200001));
#8446 = CARTESIAN_POINT('',(1.422201909641,1.71804769549,0.8100001));
#8447 = CARTESIAN_POINT('',(1.445409306333,1.71804769549,0.8100001));
#8448 = ADVANCED_FACE('',(#8449),#8455,.F.);
#8449 = FACE_BOUND('',#8450,.T.);
#8450 = EDGE_LOOP('',(#8451,#8452,#8453,#8454));
#8451 = ORIENTED_EDGE('',*,*,#692,.T.);
#8452 = ORIENTED_EDGE('',*,*,#8343,.F.);
#8453 = ORIENTED_EDGE('',*,*,#8264,.F.);
#8454 = ORIENTED_EDGE('',*,*,#8437,.T.);
#8455 = B_SPLINE_SURFACE_WITH_KNOTS('',1,1,(
    (#8456,#8457)
    ,(#8458,#8459
    )),.UNSPECIFIED.,.F.,.F.,.F.,(2,2),(2,2),(0.,1.E-02),(0.,
    8.135065937253E-02),.PIECEWISE_BEZIER_KNOTS.);
#8456 = CARTESIAN_POINT('',(1.422201909641,1.636697036118,0.8200001));
#8457 = CARTESIAN_POINT('',(1.422201909641,1.71804769549,0.8200001));
#8458 = CARTESIAN_POINT('',(1.422201909641,1.636697036118,0.8100001));
#8459 = CARTESIAN_POINT('',(1.422201909641,1.71804769549,0.8100001));
#8460 = ADVANCED_FACE('',(#8461),#8483,.T.);
#8461 = FACE_BOUND('',#8462,.T.);
#8462 = EDGE_LOOP('',(#8463,#8472,#8477,#8478));
#8463 = ORIENTED_EDGE('',*,*,#8464,.F.);
#8464 = EDGE_CURVE('',#8465,#8467,#8469,.T.);
#8465 = VERTEX_POINT('',#8466);
#8466 = CARTESIAN_POINT('',(1.444993403166,1.708689874244,0.8100001));
#8467 = VERTEX_POINT('',#8468);
#8468 = CARTESIAN_POINT('',(1.432703464596,1.708689874244,0.8100001));
#8469 = B_SPLINE_CURVE_WITH_KNOTS('',1,(#8470,#8471),.UNSPECIFIED.,.F.,
  .F.,(2,2),(0.,1.228993857017E-02),.PIECEWISE_BEZIER_KNOTS.);
#8470 = CARTESIAN_POINT('',(1.444993403166,1.708689874244,0.8100001));
#8471 = CARTESIAN_POINT('',(1.432703464596,1.708689874244,0.8100001));
#8472 = ORIENTED_EDGE('',*,*,#8473,.F.);
#8473 = EDGE_CURVE('',#8281,#8465,#8474,.T.);
#8474 = B_SPLINE_CURVE_WITH_KNOTS('',1,(#8475,#8476),.UNSPECIFIED.,.F.,
  .F.,(2,2),(-0.,1.E-02),.PIECEWISE_BEZIER_KNOTS.);
#8475 = CARTESIAN_POINT('',(1.444993403166,1.708689874244,0.8200001));
#8476 = CARTESIAN_POINT('',(1.444993403166,1.708689874244,0.8100001));
#8477 = ORIENTED_EDGE('',*,*,#8280,.T.);
#8478 = ORIENTED_EDGE('',*,*,#8479,.T.);
#8479 = EDGE_CURVE('',#8272,#8467,#8480,.T.);
#8480 = B_SPLINE_CURVE_WITH_KNOTS('',1,(#8481,#8482),.UNSPECIFIED.,.F.,
  .F.,(2,2),(-0.,1.E-02),.PIECEWISE_BEZIER_KNOTS.);
#8481 = CARTESIAN_POINT('',(1.432703464596,1.708689874244,0.8200001));
#8482 = CARTESIAN_POINT('',(1.432703464596,1.708689874244,0.8100001));
#8483 = B_SPLINE_SURFACE_WITH_KNOTS('',1,1,(
    (#8484,#8485)
    ,(#8486,#8487)),.UNSPECIFIED.,.F.,.F.,.F.,(2,2),(2,2),(0.,1.E-02),(
    -1.228993857017E-02,0.),.PIECEWISE_BEZIER_KNOTS.);
#8484 = CARTESIAN_POINT('',(1.432703464596,1.708689874244,0.8200001));
#8485 = CARTESIAN_POINT('',(1.444993403166,1.708689874244,0.8200001));
#8486 = CARTESIAN_POINT('',(1.432703464596,1.708689874244,0.8100001));
#8487 = CARTESIAN_POINT('',(1.444993403166,1.708689874244,0.8100001));
#8488 = ADVANCED_FACE('',(#8489),#8505,.T.);
#8489 = FACE_BOUND('',#8490,.T.);
#8490 = EDGE_LOOP('',(#8491,#8498,#8499,#8500));
#8491 = ORIENTED_EDGE('',*,*,#8492,.F.);
#8492 = EDGE_CURVE('',#8467,#8493,#8495,.T.);
#8493 = VERTEX_POINT('',#8494);
#8494 = CARTESIAN_POINT('',(1.432703464596,1.645971676731,0.8100001));
#8495 = B_SPLINE_CURVE_WITH_KNOTS('',1,(#8496,#8497),.UNSPECIFIED.,.F.,
  .F.,(2,2),(0.,6.27181975123E-02),.PIECEWISE_BEZIER_KNOTS.);
#8496 = CARTESIAN_POINT('',(1.432703464596,1.708689874244,0.8100001));
#8497 = CARTESIAN_POINT('',(1.432703464596,1.645971676731,0.8100001));
#8498 = ORIENTED_EDGE('',*,*,#8479,.F.);
#8499 = ORIENTED_EDGE('',*,*,#8271,.T.);
#8500 = ORIENTED_EDGE('',*,*,#8501,.T.);
#8501 = EDGE_CURVE('',#8274,#8493,#8502,.T.);
#8502 = B_SPLINE_CURVE_WITH_KNOTS('',1,(#8503,#8504),.UNSPECIFIED.,.F.,
  .F.,(2,2),(-0.,1.E-02),.PIECEWISE_BEZIER_KNOTS.);
#8503 = CARTESIAN_POINT('',(1.432703464596,1.645971676731,0.8200001));
#8504 = CARTESIAN_POINT('',(1.432703464596,1.645971676731,0.8100001));
#8505 = B_SPLINE_SURFACE_WITH_KNOTS('',1,1,(
    (#8506,#8507)
    ,(#8508,#8509
    )),.UNSPECIFIED.,.F.,.F.,.F.,(2,2),(2,2),(0.,1.E-02),(
    -6.27181975123E-02,0.),.PIECEWISE_BEZIER_KNOTS.);
#8506 = CARTESIAN_POINT('',(1.432703464596,1.645971676731,0.8200001));
#8507 = CARTESIAN_POINT('',(1.432703464596,1.708689874244,0.8200001));
#8508 = CARTESIAN_POINT('',(1.432703464596,1.645971676731,0.8100001));
#8509 = CARTESIAN_POINT('',(1.432703464596,1.708689874244,0.8100001));
#8510 = ADVANCED_FACE('',(#8511),#8527,.T.);
#8511 = FACE_BOUND('',#8512,.T.);
#8512 = EDGE_LOOP('',(#8513,#8520,#8521,#8522));
#8513 = ORIENTED_EDGE('',*,*,#8514,.F.);
#8514 = EDGE_CURVE('',#8493,#8515,#8517,.T.);
#8515 = VERTEX_POINT('',#8516);
#8516 = CARTESIAN_POINT('',(1.444515114525,1.645971676731,0.8100001));
#8517 = B_SPLINE_CURVE_WITH_KNOTS('',1,(#8518,#8519),.UNSPECIFIED.,.F.,
  .F.,(2,2),(0.,1.181164992921E-02),.PIECEWISE_BEZIER_KNOTS.);
#8518 = CARTESIAN_POINT('',(1.432703464596,1.645971676731,0.8100001));
#8519 = CARTESIAN_POINT('',(1.444515114525,1.645971676731,0.8100001));
#8520 = ORIENTED_EDGE('',*,*,#8501,.F.);
#8521 = ORIENTED_EDGE('',*,*,#8323,.T.);
#8522 = ORIENTED_EDGE('',*,*,#8523,.T.);
#8523 = EDGE_CURVE('',#8315,#8515,#8524,.T.);
#8524 = B_SPLINE_CURVE_WITH_KNOTS('',1,(#8525,#8526),.UNSPECIFIED.,.F.,
  .F.,(2,2),(-0.,1.E-02),.PIECEWISE_BEZIER_KNOTS.);
#8525 = CARTESIAN_POINT('',(1.444515114525,1.645971676731,0.8200001));
#8526 = CARTESIAN_POINT('',(1.444515114525,1.645971676731,0.8100001));
#8527 = B_SPLINE_SURFACE_WITH_KNOTS('',1,1,(
    (#8528,#8529)
    ,(#8530,#8531
    )),.UNSPECIFIED.,.F.,.F.,.F.,(2,2),(2,2),(-1.E-02,0.),(0.,
    1.181164992921E-02),.PIECEWISE_BEZIER_KNOTS.);
#8528 = CARTESIAN_POINT('',(1.432703464596,1.645971676731,0.8100001));
#8529 = CARTESIAN_POINT('',(1.444515114525,1.645971676731,0.8100001));
#8530 = CARTESIAN_POINT('',(1.432703464596,1.645971676731,0.8200001));
#8531 = CARTESIAN_POINT('',(1.444515114525,1.645971676731,0.8200001));
#8532 = ADVANCED_FACE('',(#8533),#8551,.T.);
#8533 = FACE_BOUND('',#8534,.T.);
#8534 = EDGE_LOOP('',(#8535,#8544,#8545,#8546));
#8535 = ORIENTED_EDGE('',*,*,#8536,.F.);
#8536 = EDGE_CURVE('',#8515,#8537,#8539,.T.);
#8537 = VERTEX_POINT('',#8538);
#8538 = CARTESIAN_POINT('',(1.468699883659,1.654456101328,0.8100001));
#8539 = B_SPLINE_CURVE_WITH_KNOTS('',3,(#8540,#8541,#8542,#8543),
  .UNSPECIFIED.,.F.,.F.,(4,4),(2.,3.),.PIECEWISE_BEZIER_KNOTS.);
#8540 = CARTESIAN_POINT('',(1.444515114525,1.645971676731,0.8100001));
#8541 = CARTESIAN_POINT('',(1.454850308213,1.645971676731,0.8100001));
#8542 = CARTESIAN_POINT('',(1.462918829644,1.648799818264,0.8100001));
#8543 = CARTESIAN_POINT('',(1.468699883659,1.654456101328,0.8100001));
#8544 = ORIENTED_EDGE('',*,*,#8523,.F.);
#8545 = ORIENTED_EDGE('',*,*,#8314,.T.);
#8546 = ORIENTED_EDGE('',*,*,#8547,.T.);
#8547 = EDGE_CURVE('',#8306,#8537,#8548,.T.);
#8548 = B_SPLINE_CURVE_WITH_KNOTS('',1,(#8549,#8550),.UNSPECIFIED.,.F.,
  .F.,(2,2),(-0.,1.E-02),.PIECEWISE_BEZIER_KNOTS.);
#8549 = CARTESIAN_POINT('',(1.468699883659,1.654456101328,0.8200001));
#8550 = CARTESIAN_POINT('',(1.468699883659,1.654456101328,0.8100001));
#8551 = B_SPLINE_SURFACE_WITH_KNOTS('',3,1,(
    (#8552,#8553)
    ,(#8554,#8555)
    ,(#8556,#8557)
    ,(#8558,#8559
    )),.UNSPECIFIED.,.F.,.F.,.F.,(4,4),(2,2),(2.,3.),(0.,1.),
  .PIECEWISE_BEZIER_KNOTS.);
#8552 = CARTESIAN_POINT('',(1.444515114525,1.645971676731,0.8200001));
#8553 = CARTESIAN_POINT('',(1.444515114525,1.645971676731,0.8100001));
#8554 = CARTESIAN_POINT('',(1.454850308213,1.645971676731,0.8200001));
#8555 = CARTESIAN_POINT('',(1.454850308213,1.645971676731,0.8100001));
#8556 = CARTESIAN_POINT('',(1.462918829644,1.648799818264,0.8200001));
#8557 = CARTESIAN_POINT('',(1.462918829644,1.648799818264,0.8100001));
#8558 = CARTESIAN_POINT('',(1.468699883659,1.654456101328,0.8200001));
#8559 = CARTESIAN_POINT('',(1.468699883659,1.654456101328,0.8100001));
#8560 = ADVANCED_FACE('',(#8561),#8579,.T.);
#8561 = FACE_BOUND('',#8562,.T.);
#8562 = EDGE_LOOP('',(#8563,#8572,#8573,#8574));
#8563 = ORIENTED_EDGE('',*,*,#8564,.F.);
#8564 = EDGE_CURVE('',#8537,#8565,#8567,.T.);
#8565 = VERTEX_POINT('',#8566);
#8566 = CARTESIAN_POINT('',(1.477392259839,1.678120991504,0.8100001));
#8567 = B_SPLINE_CURVE_WITH_KNOTS('',3,(#8568,#8569,#8570,#8571),
  .UNSPECIFIED.,.F.,.F.,(4,4),(3.,4.),.PIECEWISE_BEZIER_KNOTS.);
#8568 = CARTESIAN_POINT('',(1.468699883659,1.654456101328,0.8100001));
#8569 = CARTESIAN_POINT('',(1.474501732832,1.660070794077,0.8100001));
#8570 = CARTESIAN_POINT('',(1.477392259839,1.66797295424,0.8100001));
#8571 = CARTESIAN_POINT('',(1.477392259839,1.678120991504,0.8100001));
#8572 = ORIENTED_EDGE('',*,*,#8547,.F.);
#8573 = ORIENTED_EDGE('',*,*,#8305,.T.);
#8574 = ORIENTED_EDGE('',*,*,#8575,.T.);
#8575 = EDGE_CURVE('',#8297,#8565,#8576,.T.);
#8576 = B_SPLINE_CURVE_WITH_KNOTS('',1,(#8577,#8578),.UNSPECIFIED.,.F.,
  .F.,(2,2),(-0.,1.E-02),.PIECEWISE_BEZIER_KNOTS.);
#8577 = CARTESIAN_POINT('',(1.477392259839,1.678120991504,0.8200001));
#8578 = CARTESIAN_POINT('',(1.477392259839,1.678120991504,0.8100001));
#8579 = B_SPLINE_SURFACE_WITH_KNOTS('',3,1,(
    (#8580,#8581)
    ,(#8582,#8583)
    ,(#8584,#8585)
    ,(#8586,#8587
    )),.UNSPECIFIED.,.F.,.F.,.F.,(4,4),(2,2),(3.,4.),(0.,1.),
  .PIECEWISE_BEZIER_KNOTS.);
#8580 = CARTESIAN_POINT('',(1.468699883659,1.654456101328,0.8200001));
#8581 = CARTESIAN_POINT('',(1.468699883659,1.654456101328,0.8100001));
#8582 = CARTESIAN_POINT('',(1.474501732832,1.660070794077,0.8200001));
#8583 = CARTESIAN_POINT('',(1.474501732832,1.660070794077,0.8100001));
#8584 = CARTESIAN_POINT('',(1.477392259839,1.66797295424,0.8200001));
#8585 = CARTESIAN_POINT('',(1.477392259839,1.66797295424,0.8100001));
#8586 = CARTESIAN_POINT('',(1.477392259839,1.678120991504,0.8200001));
#8587 = CARTESIAN_POINT('',(1.477392259839,1.678120991504,0.8100001));
#8588 = ADVANCED_FACE('',(#8589),#8607,.T.);
#8589 = FACE_BOUND('',#8590,.T.);
#8590 = EDGE_LOOP('',(#8591,#8600,#8601,#8602));
#8591 = ORIENTED_EDGE('',*,*,#8592,.F.);
#8592 = EDGE_CURVE('',#8565,#8593,#8595,.T.);
#8593 = VERTEX_POINT('',#8594);
#8594 = CARTESIAN_POINT('',(1.468471136917,1.701037255979,0.8100001));
#8595 = B_SPLINE_CURVE_WITH_KNOTS('',3,(#8596,#8597,#8598,#8599),
  .UNSPECIFIED.,.F.,.F.,(4,4),(4.,5.),.PIECEWISE_BEZIER_KNOTS.);
#8596 = CARTESIAN_POINT('',(1.477392259839,1.678120991504,0.8100001));
#8597 = CARTESIAN_POINT('',(1.477392259839,1.688269028767,0.8100001));
#8598 = CARTESIAN_POINT('',(1.474418552198,1.695921647031,0.8100001));
#8599 = CARTESIAN_POINT('',(1.468471136917,1.701037255979,0.8100001));
#8600 = ORIENTED_EDGE('',*,*,#8575,.F.);
#8601 = ORIENTED_EDGE('',*,*,#8296,.T.);
#8602 = ORIENTED_EDGE('',*,*,#8603,.T.);
#8603 = EDGE_CURVE('',#8288,#8593,#8604,.T.);
#8604 = B_SPLINE_CURVE_WITH_KNOTS('',1,(#8605,#8606),.UNSPECIFIED.,.F.,
  .F.,(2,2),(-0.,1.E-02),.PIECEWISE_BEZIER_KNOTS.);
#8605 = CARTESIAN_POINT('',(1.468471136917,1.701037255979,0.8200001));
#8606 = CARTESIAN_POINT('',(1.468471136917,1.701037255979,0.8100001));
#8607 = B_SPLINE_SURFACE_WITH_KNOTS('',3,1,(
    (#8608,#8609)
    ,(#8610,#8611)
    ,(#8612,#8613)
    ,(#8614,#8615
    )),.UNSPECIFIED.,.F.,.F.,.F.,(4,4),(2,2),(4.,5.),(0.,1.),
  .PIECEWISE_BEZIER_KNOTS.);
#8608 = CARTESIAN_POINT('',(1.477392259839,1.678120991504,0.8200001));
#8609 = CARTESIAN_POINT('',(1.477392259839,1.678120991504,0.8100001));
#8610 = CARTESIAN_POINT('',(1.477392259839,1.688269028767,0.8200001));
#8611 = CARTESIAN_POINT('',(1.477392259839,1.688269028767,0.8100001));
#8612 = CARTESIAN_POINT('',(1.474418552198,1.695921647031,0.8200001));
#8613 = CARTESIAN_POINT('',(1.474418552198,1.695921647031,0.8100001));
#8614 = CARTESIAN_POINT('',(1.468471136917,1.701037255979,0.8200001));
#8615 = CARTESIAN_POINT('',(1.468471136917,1.701037255979,0.8100001));
#8616 = ADVANCED_FACE('',(#8617),#8629,.T.);
#8617 = FACE_BOUND('',#8618,.T.);
#8618 = EDGE_LOOP('',(#8619,#8626,#8627,#8628));
#8619 = ORIENTED_EDGE('',*,*,#8620,.F.);
#8620 = EDGE_CURVE('',#8593,#8465,#8621,.T.);
#8621 = B_SPLINE_CURVE_WITH_KNOTS('',3,(#8622,#8623,#8624,#8625),
  .UNSPECIFIED.,.F.,.F.,(4,4),(5.,6.),.PIECEWISE_BEZIER_KNOTS.);
#8622 = CARTESIAN_POINT('',(1.468471136917,1.701037255979,0.8100001));
#8623 = CARTESIAN_POINT('',(1.462523721635,1.706152864928,0.8100001));
#8624 = CARTESIAN_POINT('',(1.454683946946,1.708689874244,0.8100001));
#8625 = CARTESIAN_POINT('',(1.444993403166,1.708689874244,0.8100001));
#8626 = ORIENTED_EDGE('',*,*,#8603,.F.);
#8627 = ORIENTED_EDGE('',*,*,#8287,.T.);
#8628 = ORIENTED_EDGE('',*,*,#8473,.T.);
#8629 = B_SPLINE_SURFACE_WITH_KNOTS('',3,1,(
    (#8630,#8631)
    ,(#8632,#8633)
    ,(#8634,#8635)
    ,(#8636,#8637
    )),.UNSPECIFIED.,.F.,.F.,.F.,(4,4),(2,2),(5.,6.),(0.,1.),
  .PIECEWISE_BEZIER_KNOTS.);
#8630 = CARTESIAN_POINT('',(1.468471136917,1.701037255979,0.8200001));
#8631 = CARTESIAN_POINT('',(1.468471136917,1.701037255979,0.8100001));
#8632 = CARTESIAN_POINT('',(1.462523721635,1.706152864928,0.8200001));
#8633 = CARTESIAN_POINT('',(1.462523721635,1.706152864928,0.8100001));
#8634 = CARTESIAN_POINT('',(1.454683946946,1.708689874244,0.8200001));
#8635 = CARTESIAN_POINT('',(1.454683946946,1.708689874244,0.8100001));
#8636 = CARTESIAN_POINT('',(1.444993403166,1.708689874244,0.8200001));
#8637 = CARTESIAN_POINT('',(1.444993403166,1.708689874244,0.8100001));
#8638 = ADVANCED_FACE('',(#8639),#8648,.F.);
#8639 = FACE_BOUND('',#8640,.T.);
#8640 = EDGE_LOOP('',(#8641,#8642,#8643,#8644,#8645,#8646,#8647));
#8641 = ORIENTED_EDGE('',*,*,#8620,.T.);
#8642 = ORIENTED_EDGE('',*,*,#8464,.T.);
#8643 = ORIENTED_EDGE('',*,*,#8492,.T.);
#8644 = ORIENTED_EDGE('',*,*,#8514,.T.);
#8645 = ORIENTED_EDGE('',*,*,#8536,.T.);
#8646 = ORIENTED_EDGE('',*,*,#8564,.T.);
#8647 = ORIENTED_EDGE('',*,*,#8592,.T.);
#8648 = B_SPLINE_SURFACE_WITH_KNOTS('',1,1,(
    (#8649,#8650)
    ,(#8651,#8652
    )),.UNSPECIFIED.,.F.,.F.,.F.,(2,2),(2,2),(-1.477392259839,
    -1.432703464596),(1.645971676731,1.708689874244),
  .PIECEWISE_BEZIER_KNOTS.);
#8649 = CARTESIAN_POINT('',(1.477392259839,1.645971676731,0.8100001));
#8650 = CARTESIAN_POINT('',(1.477392259839,1.708689874244,0.8100001));
#8651 = CARTESIAN_POINT('',(1.432703464596,1.645971676731,0.8100001));
#8652 = CARTESIAN_POINT('',(1.432703464596,1.708689874244,0.8100001));
#8653 = ADVANCED_FACE('',(#8654,#8712),#8760,.F.);
#8654 = FACE_BOUND('',#8655,.T.);
#8655 = EDGE_LOOP('',(#8656,#8665,#8672,#8679,#8686,#8693,#8700,#8707));
#8656 = ORIENTED_EDGE('',*,*,#8657,.T.);
#8657 = EDGE_CURVE('',#8658,#8660,#8662,.T.);
#8658 = VERTEX_POINT('',#8659);
#8659 = CARTESIAN_POINT('',(1.566145995576,1.636697036118,0.8200001));
#8660 = VERTEX_POINT('',#8661);
#8661 = CARTESIAN_POINT('',(1.535161209669,1.71804769549,0.8200001));
#8662 = B_SPLINE_CURVE_WITH_KNOTS('',1,(#8663,#8664),.UNSPECIFIED.,.F.,
  .F.,(2,2),(-8.705163259821E-02,0.),.PIECEWISE_BEZIER_KNOTS.);
#8663 = CARTESIAN_POINT('',(1.566145995576,1.636697036118,0.8200001));
#8664 = CARTESIAN_POINT('',(1.535161209669,1.71804769549,0.8200001));
#8665 = ORIENTED_EDGE('',*,*,#8666,.T.);
#8666 = EDGE_CURVE('',#8660,#8667,#8669,.T.);
#8667 = VERTEX_POINT('',#8668);
#8668 = CARTESIAN_POINT('',(1.523931824173,1.71804769549,0.8200001));
#8669 = B_SPLINE_CURVE_WITH_KNOTS('',1,(#8670,#8671),.UNSPECIFIED.,.F.,
  .F.,(2,2),(-1.122938549618E-02,-0.),.PIECEWISE_BEZIER_KNOTS.);
#8670 = CARTESIAN_POINT('',(1.535161209669,1.71804769549,0.8200001));
#8671 = CARTESIAN_POINT('',(1.523931824173,1.71804769549,0.8200001));
#8672 = ORIENTED_EDGE('',*,*,#8673,.T.);
#8673 = EDGE_CURVE('',#8667,#8674,#8676,.T.);
#8674 = VERTEX_POINT('',#8675);
#8675 = CARTESIAN_POINT('',(1.492947038267,1.636697036118,0.8200001));
#8676 = B_SPLINE_CURVE_WITH_KNOTS('',1,(#8677,#8678),.UNSPECIFIED.,.F.,
  .F.,(2,2),(-8.705163259801E-02,-0.),.PIECEWISE_BEZIER_KNOTS.);
#8677 = CARTESIAN_POINT('',(1.523931824173,1.71804769549,0.8200001));
#8678 = CARTESIAN_POINT('',(1.492947038267,1.636697036118,0.8200001));
#8679 = ORIENTED_EDGE('',*,*,#8680,.T.);
#8680 = EDGE_CURVE('',#8674,#8681,#8683,.T.);
#8681 = VERTEX_POINT('',#8682);
#8682 = CARTESIAN_POINT('',(1.504550736613,1.636697036118,0.8200001));
#8683 = B_SPLINE_CURVE_WITH_KNOTS('',1,(#8684,#8685),.UNSPECIFIED.,.F.,
  .F.,(2,2),(-1.160369834563E-02,0.),.PIECEWISE_BEZIER_KNOTS.);
#8684 = CARTESIAN_POINT('',(1.492947038267,1.636697036118,0.8200001));
#8685 = CARTESIAN_POINT('',(1.504550736613,1.636697036118,0.8200001));
#8686 = ORIENTED_EDGE('',*,*,#8687,.T.);
#8687 = EDGE_CURVE('',#8681,#8688,#8690,.T.);
#8688 = VERTEX_POINT('',#8689);
#8689 = CARTESIAN_POINT('',(1.512369716144,1.658947855527,0.8200001));
#8690 = B_SPLINE_CURVE_WITH_KNOTS('',1,(#8691,#8692),.UNSPECIFIED.,.F.,
  .F.,(2,2),(-2.358464342083E-02,0.),.PIECEWISE_BEZIER_KNOTS.);
#8691 = CARTESIAN_POINT('',(1.504550736613,1.636697036118,0.8200001));
#8692 = CARTESIAN_POINT('',(1.512369716144,1.658947855527,0.8200001));
#8693 = ORIENTED_EDGE('',*,*,#8694,.T.);
#8694 = EDGE_CURVE('',#8688,#8695,#8697,.T.);
#8695 = VERTEX_POINT('',#8696);
#8696 = CARTESIAN_POINT('',(1.546245029057,1.658947855527,0.8200001));
#8697 = B_SPLINE_CURVE_WITH_KNOTS('',1,(#8698,#8699),.UNSPECIFIED.,.F.,
  .F.,(2,2),(-3.387531291382E-02,0.),.PIECEWISE_BEZIER_KNOTS.);
#8698 = CARTESIAN_POINT('',(1.512369716144,1.658947855527,0.8200001));
#8699 = CARTESIAN_POINT('',(1.546245029057,1.658947855527,0.8200001));
#8700 = ORIENTED_EDGE('',*,*,#8701,.T.);
#8701 = EDGE_CURVE('',#8695,#8702,#8704,.T.);
#8702 = VERTEX_POINT('',#8703);
#8703 = CARTESIAN_POINT('',(1.55454229723,1.636697036118,0.8200001));
#8704 = B_SPLINE_CURVE_WITH_KNOTS('',1,(#8705,#8706),.UNSPECIFIED.,.F.,
  .F.,(2,2),(-2.374749720513E-02,0.),.PIECEWISE_BEZIER_KNOTS.);
#8705 = CARTESIAN_POINT('',(1.546245029057,1.658947855527,0.8200001));
#8706 = CARTESIAN_POINT('',(1.55454229723,1.636697036118,0.8200001));
#8707 = ORIENTED_EDGE('',*,*,#8708,.T.);
#8708 = EDGE_CURVE('',#8702,#8658,#8709,.T.);
#8709 = B_SPLINE_CURVE_WITH_KNOTS('',1,(#8710,#8711),.UNSPECIFIED.,.F.,
  .F.,(2,2),(-1.160369834618E-02,0.),.PIECEWISE_BEZIER_KNOTS.);
#8710 = CARTESIAN_POINT('',(1.55454229723,1.636697036118,0.8200001));
#8711 = CARTESIAN_POINT('',(1.566145995576,1.636697036118,0.8200001));
#8712 = FACE_BOUND('',#8713,.T.);
#8713 = EDGE_LOOP('',(#8714,#8723,#8730,#8739,#8746,#8755));
#8714 = ORIENTED_EDGE('',*,*,#8715,.F.);
#8715 = EDGE_CURVE('',#8716,#8718,#8720,.T.);
#8716 = VERTEX_POINT('',#8717);
#8717 = CARTESIAN_POINT('',(1.515696941476,1.668139315507,0.8200001));
#8718 = VERTEX_POINT('',#8719);
#8719 = CARTESIAN_POINT('',(1.543000984358,1.668139315507,0.8200001));
#8720 = B_SPLINE_CURVE_WITH_KNOTS('',1,(#8721,#8722),.UNSPECIFIED.,.F.,
  .F.,(2,2),(0.,2.730404288242E-02),.PIECEWISE_BEZIER_KNOTS.);
#8721 = CARTESIAN_POINT('',(1.515696941476,1.668139315507,0.8200001));
#8722 = CARTESIAN_POINT('',(1.543000984358,1.668139315507,0.8200001));
#8723 = ORIENTED_EDGE('',*,*,#8724,.F.);
#8724 = EDGE_CURVE('',#8725,#8716,#8727,.T.);
#8725 = VERTEX_POINT('',#8726);
#8726 = CARTESIAN_POINT('',(1.527862109097,1.701952242946,0.8200001));
#8727 = B_SPLINE_CURVE_WITH_KNOTS('',1,(#8728,#8729),.UNSPECIFIED.,.F.,
  .F.,(2,2),(7.019710140593E-16,3.593473758352E-02),
  .PIECEWISE_BEZIER_KNOTS.);
#8728 = CARTESIAN_POINT('',(1.527862109097,1.701952242946,0.8200001));
#8729 = CARTESIAN_POINT('',(1.515696941476,1.668139315507,0.8200001));
#8730 = ORIENTED_EDGE('',*,*,#8731,.F.);
#8731 = EDGE_CURVE('',#8732,#8725,#8734,.T.);
#8732 = VERTEX_POINT('',#8733);
#8733 = CARTESIAN_POINT('',(1.52919299923,1.707650116327,0.8200001));
#8734 = B_SPLINE_CURVE_WITH_KNOTS('',3,(#8735,#8736,#8737,#8738),
  .UNSPECIFIED.,.F.,.F.,(4,4),(3.,4.),.PIECEWISE_BEZIER_KNOTS.);
#8735 = CARTESIAN_POINT('',(1.52919299923,1.707650116327,0.8200001));
#8736 = CARTESIAN_POINT('',(1.528797891222,1.705196287645,0.8200001));
#8737 = CARTESIAN_POINT('',(1.528361192897,1.703283133079,0.8200001));
#8738 = CARTESIAN_POINT('',(1.527862109097,1.701952242946,0.8200001));
#8739 = ORIENTED_EDGE('',*,*,#8740,.F.);
#8740 = EDGE_CURVE('',#8741,#8732,#8743,.T.);
#8741 = VERTEX_POINT('',#8742);
#8742 = CARTESIAN_POINT('',(1.529442541129,1.707650116327,0.8200001));
#8743 = B_SPLINE_CURVE_WITH_KNOTS('',1,(#8744,#8745),.UNSPECIFIED.,.F.,
  .F.,(2,2),(-2.22044604925E-16,2.495418996316E-04),
  .PIECEWISE_BEZIER_KNOTS.);
#8744 = CARTESIAN_POINT('',(1.529442541129,1.707650116327,0.8200001));
#8745 = CARTESIAN_POINT('',(1.52919299923,1.707650116327,0.8200001));
#8746 = ORIENTED_EDGE('',*,*,#8747,.F.);
#8747 = EDGE_CURVE('',#8748,#8741,#8750,.T.);
#8748 = VERTEX_POINT('',#8749);
#8749 = CARTESIAN_POINT('',(1.530711045788,1.701952242946,0.8200001));
#8750 = B_SPLINE_CURVE_WITH_KNOTS('',3,(#8751,#8752,#8753,#8754),
  .UNSPECIFIED.,.F.,.F.,(4,4),(1.,2.),.PIECEWISE_BEZIER_KNOTS.);
#8751 = CARTESIAN_POINT('',(1.530711045788,1.701952242946,0.8200001));
#8752 = CARTESIAN_POINT('',(1.530315937779,1.703075181495,0.8200001));
#8753 = CARTESIAN_POINT('',(1.529900034613,1.704946745745,0.8200001));
#8754 = CARTESIAN_POINT('',(1.529442541129,1.707650116327,0.8200001));
#8755 = ORIENTED_EDGE('',*,*,#8756,.F.);
#8756 = EDGE_CURVE('',#8718,#8748,#8757,.T.);
#8757 = B_SPLINE_CURVE_WITH_KNOTS('',1,(#8758,#8759),.UNSPECIFIED.,.F.,
  .F.,(2,2),(0.,3.597716848258E-02),.PIECEWISE_BEZIER_KNOTS.);
#8758 = CARTESIAN_POINT('',(1.543000984358,1.668139315507,0.8200001));
#8759 = CARTESIAN_POINT('',(1.530711045788,1.701952242946,0.8200001));
#8760 = B_SPLINE_SURFACE_WITH_KNOTS('',1,1,(
    (#8761,#8762)
    ,(#8763,#8764
    )),.UNSPECIFIED.,.F.,.F.,.F.,(2,2),(2,2),(-1.566145995576,
    -1.492947038267),(1.636697036118,1.71804769549),
  .PIECEWISE_BEZIER_KNOTS.);
#8761 = CARTESIAN_POINT('',(1.566145995576,1.636697036118,0.8200001));
#8762 = CARTESIAN_POINT('',(1.566145995576,1.71804769549,0.8200001));
#8763 = CARTESIAN_POINT('',(1.492947038267,1.636697036118,0.8200001));
#8764 = CARTESIAN_POINT('',(1.492947038267,1.71804769549,0.8200001));
#8765 = ADVANCED_FACE('',(#8766),#8780,.F.);
#8766 = FACE_BOUND('',#8767,.T.);
#8767 = EDGE_LOOP('',(#8768,#8769,#8774,#8775));
#8768 = ORIENTED_EDGE('',*,*,#742,.T.);
#8769 = ORIENTED_EDGE('',*,*,#8770,.F.);
#8770 = EDGE_CURVE('',#8660,#745,#8771,.T.);
#8771 = B_SPLINE_CURVE_WITH_KNOTS('',1,(#8772,#8773),.UNSPECIFIED.,.F.,
  .F.,(2,2),(-0.,1.E-02),.PIECEWISE_BEZIER_KNOTS.);
#8772 = CARTESIAN_POINT('',(1.535161209669,1.71804769549,0.8200001));
#8773 = CARTESIAN_POINT('',(1.535161209669,1.71804769549,0.8100001));
#8774 = ORIENTED_EDGE('',*,*,#8657,.F.);
#8775 = ORIENTED_EDGE('',*,*,#8776,.T.);
#8776 = EDGE_CURVE('',#8658,#743,#8777,.T.);
#8777 = B_SPLINE_CURVE_WITH_KNOTS('',1,(#8778,#8779),.UNSPECIFIED.,.F.,
  .F.,(2,2),(-0.,1.E-02),.PIECEWISE_BEZIER_KNOTS.);
#8778 = CARTESIAN_POINT('',(1.566145995576,1.636697036118,0.8200001));
#8779 = CARTESIAN_POINT('',(1.566145995576,1.636697036118,0.8100001));
#8780 = B_SPLINE_SURFACE_WITH_KNOTS('',1,1,(
    (#8781,#8782)
    ,(#8783,#8784
    )),.UNSPECIFIED.,.F.,.F.,.F.,(2,2),(2,2),(0.,8.705163259821E-02),(
    -1.E-02,0.),.PIECEWISE_BEZIER_KNOTS.);
#8781 = CARTESIAN_POINT('',(1.535161209669,1.71804769549,0.8100001));
#8782 = CARTESIAN_POINT('',(1.535161209669,1.71804769549,0.8200001));
#8783 = CARTESIAN_POINT('',(1.566145995576,1.636697036118,0.8100001));
#8784 = CARTESIAN_POINT('',(1.566145995576,1.636697036118,0.8200001));
#8785 = ADVANCED_FACE('',(#8786),#8796,.F.);
#8786 = FACE_BOUND('',#8787,.T.);
#8787 = EDGE_LOOP('',(#8788,#8789,#8794,#8795));
#8788 = ORIENTED_EDGE('',*,*,#793,.T.);
#8789 = ORIENTED_EDGE('',*,*,#8790,.F.);
#8790 = EDGE_CURVE('',#8667,#787,#8791,.T.);
#8791 = B_SPLINE_CURVE_WITH_KNOTS('',1,(#8792,#8793),.UNSPECIFIED.,.F.,
  .F.,(2,2),(-0.,1.E-02),.PIECEWISE_BEZIER_KNOTS.);
#8792 = CARTESIAN_POINT('',(1.523931824173,1.71804769549,0.8200001));
#8793 = CARTESIAN_POINT('',(1.523931824173,1.71804769549,0.8100001));
#8794 = ORIENTED_EDGE('',*,*,#8666,.F.);
#8795 = ORIENTED_EDGE('',*,*,#8770,.T.);
#8796 = B_SPLINE_SURFACE_WITH_KNOTS('',1,1,(
    (#8797,#8798)
    ,(#8799,#8800
    )),.UNSPECIFIED.,.F.,.F.,.F.,(2,2),(2,2),(0.,1.E-02),(0.,
    1.122938549618E-02),.PIECEWISE_BEZIER_KNOTS.);
#8797 = CARTESIAN_POINT('',(1.523931824173,1.71804769549,0.8200001));
#8798 = CARTESIAN_POINT('',(1.535161209669,1.71804769549,0.8200001));
#8799 = CARTESIAN_POINT('',(1.523931824173,1.71804769549,0.8100001));
#8800 = CARTESIAN_POINT('',(1.535161209669,1.71804769549,0.8100001));
#8801 = ADVANCED_FACE('',(#8802),#8812,.F.);
#8802 = FACE_BOUND('',#8803,.T.);
#8803 = EDGE_LOOP('',(#8804,#8805,#8810,#8811));
#8804 = ORIENTED_EDGE('',*,*,#786,.T.);
#8805 = ORIENTED_EDGE('',*,*,#8806,.F.);
#8806 = EDGE_CURVE('',#8674,#780,#8807,.T.);
#8807 = B_SPLINE_CURVE_WITH_KNOTS('',1,(#8808,#8809),.UNSPECIFIED.,.F.,
  .F.,(2,2),(-0.,1.E-02),.PIECEWISE_BEZIER_KNOTS.);
#8808 = CARTESIAN_POINT('',(1.492947038267,1.636697036118,0.8200001));
#8809 = CARTESIAN_POINT('',(1.492947038267,1.636697036118,0.8100001));
#8810 = ORIENTED_EDGE('',*,*,#8673,.F.);
#8811 = ORIENTED_EDGE('',*,*,#8790,.T.);
#8812 = B_SPLINE_SURFACE_WITH_KNOTS('',1,1,(
    (#8813,#8814)
    ,(#8815,#8816
    )),.UNSPECIFIED.,.F.,.F.,.F.,(2,2),(2,2),(0.,8.705163259801E-02),(
    -1.E-02,0.),.PIECEWISE_BEZIER_KNOTS.);
#8813 = CARTESIAN_POINT('',(1.492947038267,1.636697036118,0.8100001));
#8814 = CARTESIAN_POINT('',(1.492947038267,1.636697036118,0.8200001));
#8815 = CARTESIAN_POINT('',(1.523931824173,1.71804769549,0.8100001));
#8816 = CARTESIAN_POINT('',(1.523931824173,1.71804769549,0.8200001));
#8817 = ADVANCED_FACE('',(#8818),#8828,.F.);
#8818 = FACE_BOUND('',#8819,.T.);
#8819 = EDGE_LOOP('',(#8820,#8821,#8826,#8827));
#8820 = ORIENTED_EDGE('',*,*,#779,.T.);
#8821 = ORIENTED_EDGE('',*,*,#8822,.F.);
#8822 = EDGE_CURVE('',#8681,#773,#8823,.T.);
#8823 = B_SPLINE_CURVE_WITH_KNOTS('',1,(#8824,#8825),.UNSPECIFIED.,.F.,
  .F.,(2,2),(-0.,1.E-02),.PIECEWISE_BEZIER_KNOTS.);
#8824 = CARTESIAN_POINT('',(1.504550736613,1.636697036118,0.8200001));
#8825 = CARTESIAN_POINT('',(1.504550736613,1.636697036118,0.8100001));
#8826 = ORIENTED_EDGE('',*,*,#8680,.F.);
#8827 = ORIENTED_EDGE('',*,*,#8806,.T.);
#8828 = B_SPLINE_SURFACE_WITH_KNOTS('',1,1,(
    (#8829,#8830)
    ,(#8831,#8832)),.UNSPECIFIED.,.F.,.F.,.F.,(2,2),(2,2),(-1.E-02,0.),(
    -1.160369834563E-02,0.),.PIECEWISE_BEZIER_KNOTS.);
#8829 = CARTESIAN_POINT('',(1.492947038267,1.636697036118,0.8100001));
#8830 = CARTESIAN_POINT('',(1.504550736613,1.636697036118,0.8100001));
#8831 = CARTESIAN_POINT('',(1.492947038267,1.636697036118,0.8200001));
#8832 = CARTESIAN_POINT('',(1.504550736613,1.636697036118,0.8200001));
#8833 = ADVANCED_FACE('',(#8834),#8844,.F.);
#8834 = FACE_BOUND('',#8835,.T.);
#8835 = EDGE_LOOP('',(#8836,#8837,#8842,#8843));
#8836 = ORIENTED_EDGE('',*,*,#772,.T.);
#8837 = ORIENTED_EDGE('',*,*,#8838,.F.);
#8838 = EDGE_CURVE('',#8688,#766,#8839,.T.);
#8839 = B_SPLINE_CURVE_WITH_KNOTS('',1,(#8840,#8841),.UNSPECIFIED.,.F.,
  .F.,(2,2),(-0.,1.E-02),.PIECEWISE_BEZIER_KNOTS.);
#8840 = CARTESIAN_POINT('',(1.512369716144,1.658947855527,0.8200001));
#8841 = CARTESIAN_POINT('',(1.512369716144,1.658947855527,0.8100001));
#8842 = ORIENTED_EDGE('',*,*,#8687,.F.);
#8843 = ORIENTED_EDGE('',*,*,#8822,.T.);
#8844 = B_SPLINE_SURFACE_WITH_KNOTS('',1,1,(
    (#8845,#8846)
    ,(#8847,#8848
    )),.UNSPECIFIED.,.F.,.F.,.F.,(2,2),(2,2),(-0.,2.358464342083E-02),(
    -1.E-02,0.),.PIECEWISE_BEZIER_KNOTS.);
#8845 = CARTESIAN_POINT('',(1.512369716144,1.658947855527,0.8100001));
#8846 = CARTESIAN_POINT('',(1.512369716144,1.658947855527,0.8200001));
#8847 = CARTESIAN_POINT('',(1.504550736613,1.636697036118,0.8100001));
#8848 = CARTESIAN_POINT('',(1.504550736613,1.636697036118,0.8200001));
#8849 = ADVANCED_FACE('',(#8850),#8860,.F.);
#8850 = FACE_BOUND('',#8851,.T.);
#8851 = EDGE_LOOP('',(#8852,#8853,#8858,#8859));
#8852 = ORIENTED_EDGE('',*,*,#765,.T.);
#8853 = ORIENTED_EDGE('',*,*,#8854,.F.);
#8854 = EDGE_CURVE('',#8695,#759,#8855,.T.);
#8855 = B_SPLINE_CURVE_WITH_KNOTS('',1,(#8856,#8857),.UNSPECIFIED.,.F.,
  .F.,(2,2),(-0.,1.E-02),.PIECEWISE_BEZIER_KNOTS.);
#8856 = CARTESIAN_POINT('',(1.546245029057,1.658947855527,0.8200001));
#8857 = CARTESIAN_POINT('',(1.546245029057,1.658947855527,0.8100001));
#8858 = ORIENTED_EDGE('',*,*,#8694,.F.);
#8859 = ORIENTED_EDGE('',*,*,#8838,.T.);
#8860 = B_SPLINE_SURFACE_WITH_KNOTS('',1,1,(
    (#8861,#8862)
    ,(#8863,#8864)),.UNSPECIFIED.,.F.,.F.,.F.,(2,2),(2,2),(-1.E-02,0.),(
    -3.387531291382E-02,2.22044604925E-16),.PIECEWISE_BEZIER_KNOTS.);
#8861 = CARTESIAN_POINT('',(1.512369716144,1.658947855527,0.8100001));
#8862 = CARTESIAN_POINT('',(1.546245029057,1.658947855527,0.8100001));
#8863 = CARTESIAN_POINT('',(1.512369716144,1.658947855527,0.8200001));
#8864 = CARTESIAN_POINT('',(1.546245029057,1.658947855527,0.8200001));
#8865 = ADVANCED_FACE('',(#8866),#8876,.F.);
#8866 = FACE_BOUND('',#8867,.T.);
#8867 = EDGE_LOOP('',(#8868,#8869,#8874,#8875));
#8868 = ORIENTED_EDGE('',*,*,#758,.T.);
#8869 = ORIENTED_EDGE('',*,*,#8870,.F.);
#8870 = EDGE_CURVE('',#8702,#752,#8871,.T.);
#8871 = B_SPLINE_CURVE_WITH_KNOTS('',1,(#8872,#8873),.UNSPECIFIED.,.F.,
  .F.,(2,2),(-0.,1.E-02),.PIECEWISE_BEZIER_KNOTS.);
#8872 = CARTESIAN_POINT('',(1.55454229723,1.636697036118,0.8200001));
#8873 = CARTESIAN_POINT('',(1.55454229723,1.636697036118,0.8100001));
#8874 = ORIENTED_EDGE('',*,*,#8701,.F.);
#8875 = ORIENTED_EDGE('',*,*,#8854,.T.);
#8876 = B_SPLINE_SURFACE_WITH_KNOTS('',1,1,(
    (#8877,#8878)
    ,(#8879,#8880
    )),.UNSPECIFIED.,.F.,.F.,.F.,(2,2),(2,2),(0.,2.374749720513E-02),(
    -1.E-02,0.),.PIECEWISE_BEZIER_KNOTS.);
#8877 = CARTESIAN_POINT('',(1.55454229723,1.636697036118,0.8100001));
#8878 = CARTESIAN_POINT('',(1.55454229723,1.636697036118,0.8200001));
#8879 = CARTESIAN_POINT('',(1.546245029057,1.658947855527,0.8100001));
#8880 = CARTESIAN_POINT('',(1.546245029057,1.658947855527,0.8200001));
#8881 = ADVANCED_FACE('',(#8882),#8888,.F.);
#8882 = FACE_BOUND('',#8883,.T.);
#8883 = EDGE_LOOP('',(#8884,#8885,#8886,#8887));
#8884 = ORIENTED_EDGE('',*,*,#751,.T.);
#8885 = ORIENTED_EDGE('',*,*,#8776,.F.);
#8886 = ORIENTED_EDGE('',*,*,#8708,.F.);
#8887 = ORIENTED_EDGE('',*,*,#8870,.T.);
#8888 = B_SPLINE_SURFACE_WITH_KNOTS('',1,1,(
    (#8889,#8890)
    ,(#8891,#8892)),.UNSPECIFIED.,.F.,.F.,.F.,(2,2),(2,2),(-1.E-02,0.),(
    -1.160369834618E-02,0.),.PIECEWISE_BEZIER_KNOTS.);
#8889 = CARTESIAN_POINT('',(1.55454229723,1.636697036118,0.8100001));
#8890 = CARTESIAN_POINT('',(1.566145995576,1.636697036118,0.8100001));
#8891 = CARTESIAN_POINT('',(1.55454229723,1.636697036118,0.8200001));
#8892 = CARTESIAN_POINT('',(1.566145995576,1.636697036118,0.8200001));
#8893 = ADVANCED_FACE('',(#8894),#8916,.T.);
#8894 = FACE_BOUND('',#8895,.T.);
#8895 = EDGE_LOOP('',(#8896,#8905,#8910,#8911));
#8896 = ORIENTED_EDGE('',*,*,#8897,.F.);
#8897 = EDGE_CURVE('',#8898,#8900,#8902,.T.);
#8898 = VERTEX_POINT('',#8899);
#8899 = CARTESIAN_POINT('',(1.515696941476,1.668139315507,0.8100001));
#8900 = VERTEX_POINT('',#8901);
#8901 = CARTESIAN_POINT('',(1.543000984358,1.668139315507,0.8100001));
#8902 = B_SPLINE_CURVE_WITH_KNOTS('',1,(#8903,#8904),.UNSPECIFIED.,.F.,
  .F.,(2,2),(2.22044604925E-16,2.730404288242E-02),
  .PIECEWISE_BEZIER_KNOTS.);
#8903 = CARTESIAN_POINT('',(1.515696941476,1.668139315507,0.8100001));
#8904 = CARTESIAN_POINT('',(1.543000984358,1.668139315507,0.8100001));
#8905 = ORIENTED_EDGE('',*,*,#8906,.F.);
#8906 = EDGE_CURVE('',#8716,#8898,#8907,.T.);
#8907 = B_SPLINE_CURVE_WITH_KNOTS('',1,(#8908,#8909),.UNSPECIFIED.,.F.,
  .F.,(2,2),(-0.,1.E-02),.PIECEWISE_BEZIER_KNOTS.);
#8908 = CARTESIAN_POINT('',(1.515696941476,1.668139315507,0.8200001));
#8909 = CARTESIAN_POINT('',(1.515696941476,1.668139315507,0.8100001));
#8910 = ORIENTED_EDGE('',*,*,#8715,.T.);
#8911 = ORIENTED_EDGE('',*,*,#8912,.T.);
#8912 = EDGE_CURVE('',#8718,#8900,#8913,.T.);
#8913 = B_SPLINE_CURVE_WITH_KNOTS('',1,(#8914,#8915),.UNSPECIFIED.,.F.,
  .F.,(2,2),(-0.,1.E-02),.PIECEWISE_BEZIER_KNOTS.);
#8914 = CARTESIAN_POINT('',(1.543000984358,1.668139315507,0.8200001));
#8915 = CARTESIAN_POINT('',(1.543000984358,1.668139315507,0.8100001));
#8916 = B_SPLINE_SURFACE_WITH_KNOTS('',1,1,(
    (#8917,#8918)
    ,(#8919,#8920
    )),.UNSPECIFIED.,.F.,.F.,.F.,(2,2),(2,2),(-1.E-02,0.),(0.,
    2.730404288242E-02),.PIECEWISE_BEZIER_KNOTS.);
#8917 = CARTESIAN_POINT('',(1.515696941476,1.668139315507,0.8100001));
#8918 = CARTESIAN_POINT('',(1.543000984358,1.668139315507,0.8100001));
#8919 = CARTESIAN_POINT('',(1.515696941476,1.668139315507,0.8200001));
#8920 = CARTESIAN_POINT('',(1.543000984358,1.668139315507,0.8200001));
#8921 = ADVANCED_FACE('',(#8922),#8938,.T.);
#8922 = FACE_BOUND('',#8923,.T.);
#8923 = EDGE_LOOP('',(#8924,#8931,#8932,#8933));
#8924 = ORIENTED_EDGE('',*,*,#8925,.F.);
#8925 = EDGE_CURVE('',#8900,#8926,#8928,.T.);
#8926 = VERTEX_POINT('',#8927);
#8927 = CARTESIAN_POINT('',(1.530711045788,1.701952242946,0.8100001));
#8928 = B_SPLINE_CURVE_WITH_KNOTS('',1,(#8929,#8930),.UNSPECIFIED.,.F.,
  .F.,(2,2),(0.,3.597716848258E-02),.PIECEWISE_BEZIER_KNOTS.);
#8929 = CARTESIAN_POINT('',(1.543000984358,1.668139315507,0.8100001));
#8930 = CARTESIAN_POINT('',(1.530711045788,1.701952242946,0.8100001));
#8931 = ORIENTED_EDGE('',*,*,#8912,.F.);
#8932 = ORIENTED_EDGE('',*,*,#8756,.T.);
#8933 = ORIENTED_EDGE('',*,*,#8934,.T.);
#8934 = EDGE_CURVE('',#8748,#8926,#8935,.T.);
#8935 = B_SPLINE_CURVE_WITH_KNOTS('',1,(#8936,#8937),.UNSPECIFIED.,.F.,
  .F.,(2,2),(-0.,1.E-02),.PIECEWISE_BEZIER_KNOTS.);
#8936 = CARTESIAN_POINT('',(1.530711045788,1.701952242946,0.8200001));
#8937 = CARTESIAN_POINT('',(1.530711045788,1.701952242946,0.8100001));
#8938 = B_SPLINE_SURFACE_WITH_KNOTS('',1,1,(
    (#8939,#8940)
    ,(#8941,#8942
    )),.UNSPECIFIED.,.F.,.F.,.F.,(2,2),(2,2),(-3.597716848258E-02,0.),(
    -1.E-02,0.),.PIECEWISE_BEZIER_KNOTS.);
#8939 = CARTESIAN_POINT('',(1.530711045788,1.701952242946,0.8100001));
#8940 = CARTESIAN_POINT('',(1.530711045788,1.701952242946,0.8200001));
#8941 = CARTESIAN_POINT('',(1.543000984358,1.668139315507,0.8100001));
#8942 = CARTESIAN_POINT('',(1.543000984358,1.668139315507,0.8200001));
#8943 = ADVANCED_FACE('',(#8944),#8962,.T.);
#8944 = FACE_BOUND('',#8945,.T.);
#8945 = EDGE_LOOP('',(#8946,#8955,#8956,#8957));
#8946 = ORIENTED_EDGE('',*,*,#8947,.F.);
#8947 = EDGE_CURVE('',#8926,#8948,#8950,.T.);
#8948 = VERTEX_POINT('',#8949);
#8949 = CARTESIAN_POINT('',(1.529442541129,1.707650116327,0.8100001));
#8950 = B_SPLINE_CURVE_WITH_KNOTS('',3,(#8951,#8952,#8953,#8954),
  .UNSPECIFIED.,.F.,.F.,(4,4),(1.,2.),.PIECEWISE_BEZIER_KNOTS.);
#8951 = CARTESIAN_POINT('',(1.530711045788,1.701952242946,0.8100001));
#8952 = CARTESIAN_POINT('',(1.530315937779,1.703075181495,0.8100001));
#8953 = CARTESIAN_POINT('',(1.529900034613,1.704946745745,0.8100001));
#8954 = CARTESIAN_POINT('',(1.529442541129,1.707650116327,0.8100001));
#8955 = ORIENTED_EDGE('',*,*,#8934,.F.);
#8956 = ORIENTED_EDGE('',*,*,#8747,.T.);
#8957 = ORIENTED_EDGE('',*,*,#8958,.T.);
#8958 = EDGE_CURVE('',#8741,#8948,#8959,.T.);
#8959 = B_SPLINE_CURVE_WITH_KNOTS('',1,(#8960,#8961),.UNSPECIFIED.,.F.,
  .F.,(2,2),(-0.,1.E-02),.PIECEWISE_BEZIER_KNOTS.);
#8960 = CARTESIAN_POINT('',(1.529442541129,1.707650116327,0.8200001));
#8961 = CARTESIAN_POINT('',(1.529442541129,1.707650116327,0.8100001));
#8962 = B_SPLINE_SURFACE_WITH_KNOTS('',3,1,(
    (#8963,#8964)
    ,(#8965,#8966)
    ,(#8967,#8968)
    ,(#8969,#8970
    )),.UNSPECIFIED.,.F.,.F.,.F.,(4,4),(2,2),(1.,2.),(0.,1.),
  .PIECEWISE_BEZIER_KNOTS.);
#8963 = CARTESIAN_POINT('',(1.530711045788,1.701952242946,0.8200001));
#8964 = CARTESIAN_POINT('',(1.530711045788,1.701952242946,0.8100001));
#8965 = CARTESIAN_POINT('',(1.530315937779,1.703075181495,0.8200001));
#8966 = CARTESIAN_POINT('',(1.530315937779,1.703075181495,0.8100001));
#8967 = CARTESIAN_POINT('',(1.529900034613,1.704946745745,0.8200001));
#8968 = CARTESIAN_POINT('',(1.529900034613,1.704946745745,0.8100001));
#8969 = CARTESIAN_POINT('',(1.529442541129,1.707650116327,0.8200001));
#8970 = CARTESIAN_POINT('',(1.529442541129,1.707650116327,0.8100001));
#8971 = ADVANCED_FACE('',(#8972),#8988,.T.);
#8972 = FACE_BOUND('',#8973,.T.);
#8973 = EDGE_LOOP('',(#8974,#8981,#8982,#8983));
#8974 = ORIENTED_EDGE('',*,*,#8975,.F.);
#8975 = EDGE_CURVE('',#8948,#8976,#8978,.T.);
#8976 = VERTEX_POINT('',#8977);
#8977 = CARTESIAN_POINT('',(1.52919299923,1.707650116327,0.8100001));
#8978 = B_SPLINE_CURVE_WITH_KNOTS('',1,(#8979,#8980),.UNSPECIFIED.,.F.,
  .F.,(2,2),(-2.22044604925E-16,2.495418996316E-04),
  .PIECEWISE_BEZIER_KNOTS.);
#8979 = CARTESIAN_POINT('',(1.529442541129,1.707650116327,0.8100001));
#8980 = CARTESIAN_POINT('',(1.52919299923,1.707650116327,0.8100001));
#8981 = ORIENTED_EDGE('',*,*,#8958,.F.);
#8982 = ORIENTED_EDGE('',*,*,#8740,.T.);
#8983 = ORIENTED_EDGE('',*,*,#8984,.T.);
#8984 = EDGE_CURVE('',#8732,#8976,#8985,.T.);
#8985 = B_SPLINE_CURVE_WITH_KNOTS('',1,(#8986,#8987),.UNSPECIFIED.,.F.,
  .F.,(2,2),(-0.,1.E-02),.PIECEWISE_BEZIER_KNOTS.);
#8986 = CARTESIAN_POINT('',(1.52919299923,1.707650116327,0.8200001));
#8987 = CARTESIAN_POINT('',(1.52919299923,1.707650116327,0.8100001));
#8988 = B_SPLINE_SURFACE_WITH_KNOTS('',1,1,(
    (#8989,#8990)
    ,(#8991,#8992)),.UNSPECIFIED.,.F.,.F.,.F.,(2,2),(2,2),(0.,1.E-02),(
    -2.495418996316E-04,2.22044604925E-16),.PIECEWISE_BEZIER_KNOTS.);
#8989 = CARTESIAN_POINT('',(1.52919299923,1.707650116327,0.8200001));
#8990 = CARTESIAN_POINT('',(1.529442541129,1.707650116327,0.8200001));
#8991 = CARTESIAN_POINT('',(1.52919299923,1.707650116327,0.8100001));
#8992 = CARTESIAN_POINT('',(1.529442541129,1.707650116327,0.8100001));
#8993 = ADVANCED_FACE('',(#8994),#9012,.T.);
#8994 = FACE_BOUND('',#8995,.T.);
#8995 = EDGE_LOOP('',(#8996,#9005,#9006,#9007));
#8996 = ORIENTED_EDGE('',*,*,#8997,.F.);
#8997 = EDGE_CURVE('',#8976,#8998,#9000,.T.);
#8998 = VERTEX_POINT('',#8999);
#8999 = CARTESIAN_POINT('',(1.527862109097,1.701952242946,0.8100001));
#9000 = B_SPLINE_CURVE_WITH_KNOTS('',3,(#9001,#9002,#9003,#9004),
  .UNSPECIFIED.,.F.,.F.,(4,4),(3.,4.),.PIECEWISE_BEZIER_KNOTS.);
#9001 = CARTESIAN_POINT('',(1.52919299923,1.707650116327,0.8100001));
#9002 = CARTESIAN_POINT('',(1.528797891222,1.705196287645,0.8100001));
#9003 = CARTESIAN_POINT('',(1.528361192897,1.703283133079,0.8100001));
#9004 = CARTESIAN_POINT('',(1.527862109097,1.701952242946,0.8100001));
#9005 = ORIENTED_EDGE('',*,*,#8984,.F.);
#9006 = ORIENTED_EDGE('',*,*,#8731,.T.);
#9007 = ORIENTED_EDGE('',*,*,#9008,.T.);
#9008 = EDGE_CURVE('',#8725,#8998,#9009,.T.);
#9009 = B_SPLINE_CURVE_WITH_KNOTS('',1,(#9010,#9011),.UNSPECIFIED.,.F.,
  .F.,(2,2),(0.,1.E-02),.PIECEWISE_BEZIER_KNOTS.);
#9010 = CARTESIAN_POINT('',(1.527862109097,1.701952242946,0.8200001));
#9011 = CARTESIAN_POINT('',(1.527862109097,1.701952242946,0.8100001));
#9012 = B_SPLINE_SURFACE_WITH_KNOTS('',3,1,(
    (#9013,#9014)
    ,(#9015,#9016)
    ,(#9017,#9018)
    ,(#9019,#9020
    )),.UNSPECIFIED.,.F.,.F.,.F.,(4,4),(2,2),(3.,4.),(0.,1.),
  .PIECEWISE_BEZIER_KNOTS.);
#9013 = CARTESIAN_POINT('',(1.52919299923,1.707650116327,0.8200001));
#9014 = CARTESIAN_POINT('',(1.52919299923,1.707650116327,0.8100001));
#9015 = CARTESIAN_POINT('',(1.528797891222,1.705196287645,0.8200001));
#9016 = CARTESIAN_POINT('',(1.528797891222,1.705196287645,0.8100001));
#9017 = CARTESIAN_POINT('',(1.528361192897,1.703283133079,0.8200001));
#9018 = CARTESIAN_POINT('',(1.528361192897,1.703283133079,0.8100001));
#9019 = CARTESIAN_POINT('',(1.527862109097,1.701952242946,0.8200001));
#9020 = CARTESIAN_POINT('',(1.527862109097,1.701952242946,0.8100001));
#9021 = ADVANCED_FACE('',(#9022),#9032,.T.);
#9022 = FACE_BOUND('',#9023,.T.);
#9023 = EDGE_LOOP('',(#9024,#9029,#9030,#9031));
#9024 = ORIENTED_EDGE('',*,*,#9025,.F.);
#9025 = EDGE_CURVE('',#8998,#8898,#9026,.T.);
#9026 = B_SPLINE_CURVE_WITH_KNOTS('',1,(#9027,#9028),.UNSPECIFIED.,.F.,
  .F.,(2,2),(2.089337120372E-16,3.593473758352E-02),
  .PIECEWISE_BEZIER_KNOTS.);
#9027 = CARTESIAN_POINT('',(1.527862109097,1.701952242946,0.8100001));
#9028 = CARTESIAN_POINT('',(1.515696941476,1.668139315507,0.8100001));
#9029 = ORIENTED_EDGE('',*,*,#9008,.F.);
#9030 = ORIENTED_EDGE('',*,*,#8724,.T.);
#9031 = ORIENTED_EDGE('',*,*,#8906,.T.);
#9032 = B_SPLINE_SURFACE_WITH_KNOTS('',1,1,(
    (#9033,#9034)
    ,(#9035,#9036
    )),.UNSPECIFIED.,.F.,.F.,.F.,(2,2),(2,2),(-3.593473758352E-02,
    -2.089337120372E-16),(-1.E-02,0.),.PIECEWISE_BEZIER_KNOTS.);
#9033 = CARTESIAN_POINT('',(1.515696941476,1.668139315507,0.8100001));
#9034 = CARTESIAN_POINT('',(1.515696941476,1.668139315507,0.8200001));
#9035 = CARTESIAN_POINT('',(1.527862109097,1.701952242946,0.8100001));
#9036 = CARTESIAN_POINT('',(1.527862109097,1.701952242946,0.8200001));
#9037 = ADVANCED_FACE('',(#9038),#9046,.F.);
#9038 = FACE_BOUND('',#9039,.T.);
#9039 = EDGE_LOOP('',(#9040,#9041,#9042,#9043,#9044,#9045));
#9040 = ORIENTED_EDGE('',*,*,#9025,.T.);
#9041 = ORIENTED_EDGE('',*,*,#8897,.T.);
#9042 = ORIENTED_EDGE('',*,*,#8925,.T.);
#9043 = ORIENTED_EDGE('',*,*,#8947,.T.);
#9044 = ORIENTED_EDGE('',*,*,#8975,.T.);
#9045 = ORIENTED_EDGE('',*,*,#8997,.T.);
#9046 = B_SPLINE_SURFACE_WITH_KNOTS('',1,1,(
    (#9047,#9048)
    ,(#9049,#9050
    )),.UNSPECIFIED.,.F.,.F.,.F.,(2,2),(2,2),(-1.543000984358,
    -1.515696941476),(1.668139315507,1.707650116327),
  .PIECEWISE_BEZIER_KNOTS.);
#9047 = CARTESIAN_POINT('',(1.543000984358,1.668139315507,0.8100001));
#9048 = CARTESIAN_POINT('',(1.543000984358,1.707650116327,0.8100001));
#9049 = CARTESIAN_POINT('',(1.515696941476,1.668139315507,0.8100001));
#9050 = CARTESIAN_POINT('',(1.515696941476,1.707650116327,0.8100001));
#9051 = ADVANCED_FACE('',(#9052),#9074,.F.);
#9052 = FACE_BOUND('',#9053,.T.);
#9053 = EDGE_LOOP('',(#9054,#9055,#9062,#9069));
#9054 = ORIENTED_EDGE('',*,*,#302,.T.);
#9055 = ORIENTED_EDGE('',*,*,#9056,.F.);
#9056 = EDGE_CURVE('',#9057,#305,#9059,.T.);
#9057 = VERTEX_POINT('',#9058);
#9058 = CARTESIAN_POINT('',(1.283415022971,1.516916924158,0.8200001));
#9059 = B_SPLINE_CURVE_WITH_KNOTS('',1,(#9060,#9061),.UNSPECIFIED.,.F.,
  .F.,(2,2),(-0.,1.E-02),.PIECEWISE_BEZIER_KNOTS.);
#9060 = CARTESIAN_POINT('',(1.283415022971,1.516916924158,0.8200001));
#9061 = CARTESIAN_POINT('',(1.283415022971,1.516916924158,0.8100001));
#9062 = ORIENTED_EDGE('',*,*,#9063,.F.);
#9063 = EDGE_CURVE('',#9064,#9057,#9066,.T.);
#9064 = VERTEX_POINT('',#9065);
#9065 = CARTESIAN_POINT('',(1.283415022971,1.507642283545,0.8200001));
#9066 = B_SPLINE_CURVE_WITH_KNOTS('',1,(#9067,#9068),.UNSPECIFIED.,.F.,
  .F.,(2,2),(-9.274640613515E-03,0.),.PIECEWISE_BEZIER_KNOTS.);
#9067 = CARTESIAN_POINT('',(1.283415022971,1.507642283545,0.8200001));
#9068 = CARTESIAN_POINT('',(1.283415022971,1.516916924158,0.8200001));
#9069 = ORIENTED_EDGE('',*,*,#9070,.T.);
#9070 = EDGE_CURVE('',#9064,#303,#9071,.T.);
#9071 = B_SPLINE_CURVE_WITH_KNOTS('',1,(#9072,#9073),.UNSPECIFIED.,.F.,
  .F.,(2,2),(-0.,1.E-02),.PIECEWISE_BEZIER_KNOTS.);
#9072 = CARTESIAN_POINT('',(1.283415022971,1.507642283545,0.8200001));
#9073 = CARTESIAN_POINT('',(1.283415022971,1.507642283545,0.8100001));
#9074 = B_SPLINE_SURFACE_WITH_KNOTS('',1,1,(
    (#9075,#9076)
    ,(#9077,#9078)),.UNSPECIFIED.,.F.,.F.,.F.,(2,2),(2,2),(-1.E-02,0.),(
    -9.274640613515E-03,0.),.PIECEWISE_BEZIER_KNOTS.);
#9075 = CARTESIAN_POINT('',(1.283415022971,1.507642283545,0.8100001));
#9076 = CARTESIAN_POINT('',(1.283415022971,1.516916924158,0.8100001));
#9077 = CARTESIAN_POINT('',(1.283415022971,1.507642283545,0.8200001));
#9078 = CARTESIAN_POINT('',(1.283415022971,1.516916924158,0.8200001));
#9079 = ADVANCED_FACE('',(#9080),#9096,.F.);
#9080 = FACE_BOUND('',#9081,.T.);
#9081 = EDGE_LOOP('',(#9082,#9083,#9090,#9095));
#9082 = ORIENTED_EDGE('',*,*,#381,.T.);
#9083 = ORIENTED_EDGE('',*,*,#9084,.F.);
#9084 = EDGE_CURVE('',#9085,#375,#9087,.T.);
#9085 = VERTEX_POINT('',#9086);
#9086 = CARTESIAN_POINT('',(1.250163564807,1.516916924158,0.8200001));
#9087 = B_SPLINE_CURVE_WITH_KNOTS('',1,(#9088,#9089),.UNSPECIFIED.,.F.,
  .F.,(2,2),(-0.,1.E-02),.PIECEWISE_BEZIER_KNOTS.);
#9088 = CARTESIAN_POINT('',(1.250163564807,1.516916924158,0.8200001));
#9089 = CARTESIAN_POINT('',(1.250163564807,1.516916924158,0.8100001));
#9090 = ORIENTED_EDGE('',*,*,#9091,.F.);
#9091 = EDGE_CURVE('',#9057,#9085,#9092,.T.);
#9092 = B_SPLINE_CURVE_WITH_KNOTS('',1,(#9093,#9094),.UNSPECIFIED.,.F.,
  .F.,(2,2),(-3.325145816391E-02,-0.),.PIECEWISE_BEZIER_KNOTS.);
#9093 = CARTESIAN_POINT('',(1.283415022971,1.516916924158,0.8200001));
#9094 = CARTESIAN_POINT('',(1.250163564807,1.516916924158,0.8200001));
#9095 = ORIENTED_EDGE('',*,*,#9056,.T.);
#9096 = B_SPLINE_SURFACE_WITH_KNOTS('',1,1,(
    (#9097,#9098)
    ,(#9099,#9100
    )),.UNSPECIFIED.,.F.,.F.,.F.,(2,2),(2,2),(0.,1.E-02),(0.,
    3.325145816391E-02),.PIECEWISE_BEZIER_KNOTS.);
#9097 = CARTESIAN_POINT('',(1.250163564807,1.516916924158,0.8200001));
#9098 = CARTESIAN_POINT('',(1.283415022971,1.516916924158,0.8200001));
#9099 = CARTESIAN_POINT('',(1.250163564807,1.516916924158,0.8100001));
#9100 = CARTESIAN_POINT('',(1.283415022971,1.516916924158,0.8100001));
#9101 = ADVANCED_FACE('',(#9102),#9118,.F.);
#9102 = FACE_BOUND('',#9103,.T.);
#9103 = EDGE_LOOP('',(#9104,#9105,#9112,#9117));
#9104 = ORIENTED_EDGE('',*,*,#374,.T.);
#9105 = ORIENTED_EDGE('',*,*,#9106,.F.);
#9106 = EDGE_CURVE('',#9107,#368,#9109,.T.);
#9107 = VERTEX_POINT('',#9108);
#9108 = CARTESIAN_POINT('',(1.250163564807,1.544283352516,0.8200001));
#9109 = B_SPLINE_CURVE_WITH_KNOTS('',1,(#9110,#9111),.UNSPECIFIED.,.F.,
  .F.,(2,2),(-0.,1.E-02),.PIECEWISE_BEZIER_KNOTS.);
#9110 = CARTESIAN_POINT('',(1.250163564807,1.544283352516,0.8200001));
#9111 = CARTESIAN_POINT('',(1.250163564807,1.544283352516,0.8100001));
#9112 = ORIENTED_EDGE('',*,*,#9113,.F.);
#9113 = EDGE_CURVE('',#9085,#9107,#9114,.T.);
#9114 = B_SPLINE_CURVE_WITH_KNOTS('',1,(#9115,#9116),.UNSPECIFIED.,.F.,
  .F.,(2,2),(-2.736642835733E-02,0.),.PIECEWISE_BEZIER_KNOTS.);
#9115 = CARTESIAN_POINT('',(1.250163564807,1.516916924158,0.8200001));
#9116 = CARTESIAN_POINT('',(1.250163564807,1.544283352516,0.8200001));
#9117 = ORIENTED_EDGE('',*,*,#9084,.T.);
#9118 = B_SPLINE_SURFACE_WITH_KNOTS('',1,1,(
    (#9119,#9120)
    ,(#9121,#9122)),.UNSPECIFIED.,.F.,.F.,.F.,(2,2),(2,2),(-1.E-02,0.),(
    -2.736642835733E-02,0.),.PIECEWISE_BEZIER_KNOTS.);
#9119 = CARTESIAN_POINT('',(1.250163564807,1.516916924158,0.8100001));
#9120 = CARTESIAN_POINT('',(1.250163564807,1.544283352516,0.8100001));
#9121 = CARTESIAN_POINT('',(1.250163564807,1.516916924158,0.8200001));
#9122 = CARTESIAN_POINT('',(1.250163564807,1.544283352516,0.8200001));
#9123 = ADVANCED_FACE('',(#9124),#9140,.F.);
#9124 = FACE_BOUND('',#9125,.T.);
#9125 = EDGE_LOOP('',(#9126,#9127,#9134,#9139));
#9126 = ORIENTED_EDGE('',*,*,#367,.T.);
#9127 = ORIENTED_EDGE('',*,*,#9128,.F.);
#9128 = EDGE_CURVE('',#9129,#361,#9131,.T.);
#9129 = VERTEX_POINT('',#9130);
#9130 = CARTESIAN_POINT('',(1.279255991305,1.544283352516,0.8200001));
#9131 = B_SPLINE_CURVE_WITH_KNOTS('',1,(#9132,#9133),.UNSPECIFIED.,.F.,
  .F.,(2,2),(-0.,1.E-02),.PIECEWISE_BEZIER_KNOTS.);
#9132 = CARTESIAN_POINT('',(1.279255991305,1.544283352516,0.8200001));
#9133 = CARTESIAN_POINT('',(1.279255991305,1.544283352516,0.8100001));
#9134 = ORIENTED_EDGE('',*,*,#9135,.F.);
#9135 = EDGE_CURVE('',#9107,#9129,#9136,.T.);
#9136 = B_SPLINE_CURVE_WITH_KNOTS('',1,(#9137,#9138),.UNSPECIFIED.,.F.,
  .F.,(2,2),(-2.909242649866E-02,0.),.PIECEWISE_BEZIER_KNOTS.);
#9137 = CARTESIAN_POINT('',(1.250163564807,1.544283352516,0.8200001));
#9138 = CARTESIAN_POINT('',(1.279255991305,1.544283352516,0.8200001));
#9139 = ORIENTED_EDGE('',*,*,#9106,.T.);
#9140 = B_SPLINE_SURFACE_WITH_KNOTS('',1,1,(
    (#9141,#9142)
    ,(#9143,#9144)),.UNSPECIFIED.,.F.,.F.,.F.,(2,2),(2,2),(-1.E-02,0.),(
    -2.909242649866E-02,0.),.PIECEWISE_BEZIER_KNOTS.);
#9141 = CARTESIAN_POINT('',(1.250163564807,1.544283352516,0.8100001));
#9142 = CARTESIAN_POINT('',(1.279255991305,1.544283352516,0.8100001));
#9143 = CARTESIAN_POINT('',(1.250163564807,1.544283352516,0.8200001));
#9144 = CARTESIAN_POINT('',(1.279255991305,1.544283352516,0.8200001));
#9145 = ADVANCED_FACE('',(#9146),#9162,.F.);
#9146 = FACE_BOUND('',#9147,.T.);
#9147 = EDGE_LOOP('',(#9148,#9149,#9156,#9161));
#9148 = ORIENTED_EDGE('',*,*,#360,.T.);
#9149 = ORIENTED_EDGE('',*,*,#9150,.F.);
#9150 = EDGE_CURVE('',#9151,#354,#9153,.T.);
#9151 = VERTEX_POINT('',#9152);
#9152 = CARTESIAN_POINT('',(1.279255991305,1.553599583446,0.8200001));
#9153 = B_SPLINE_CURVE_WITH_KNOTS('',1,(#9154,#9155),.UNSPECIFIED.,.F.,
  .F.,(2,2),(-0.,1.E-02),.PIECEWISE_BEZIER_KNOTS.);
#9154 = CARTESIAN_POINT('',(1.279255991305,1.553599583446,0.8200001));
#9155 = CARTESIAN_POINT('',(1.279255991305,1.553599583446,0.8100001));
#9156 = ORIENTED_EDGE('',*,*,#9157,.F.);
#9157 = EDGE_CURVE('',#9129,#9151,#9158,.T.);
#9158 = B_SPLINE_CURVE_WITH_KNOTS('',1,(#9159,#9160),.UNSPECIFIED.,.F.,
  .F.,(2,2),(-9.316230930119E-03,0.),.PIECEWISE_BEZIER_KNOTS.);
#9159 = CARTESIAN_POINT('',(1.279255991305,1.544283352516,0.8200001));
#9160 = CARTESIAN_POINT('',(1.279255991305,1.553599583446,0.8200001));
#9161 = ORIENTED_EDGE('',*,*,#9128,.T.);
#9162 = B_SPLINE_SURFACE_WITH_KNOTS('',1,1,(
    (#9163,#9164)
    ,(#9165,#9166)),.UNSPECIFIED.,.F.,.F.,.F.,(2,2),(2,2),(-1.E-02,0.),(
    -9.316230930119E-03,0.),.PIECEWISE_BEZIER_KNOTS.);
#9163 = CARTESIAN_POINT('',(1.279255991305,1.544283352516,0.8100001));
#9164 = CARTESIAN_POINT('',(1.279255991305,1.553599583446,0.8100001));
#9165 = CARTESIAN_POINT('',(1.279255991305,1.544283352516,0.8200001));
#9166 = CARTESIAN_POINT('',(1.279255991305,1.553599583446,0.8200001));
#9167 = ADVANCED_FACE('',(#9168),#9184,.F.);
#9168 = FACE_BOUND('',#9169,.T.);
#9169 = EDGE_LOOP('',(#9170,#9171,#9178,#9183));
#9170 = ORIENTED_EDGE('',*,*,#353,.T.);
#9171 = ORIENTED_EDGE('',*,*,#9172,.F.);
#9172 = EDGE_CURVE('',#9173,#347,#9175,.T.);
#9173 = VERTEX_POINT('',#9174);
#9174 = CARTESIAN_POINT('',(1.250163564807,1.553599583446,0.8200001));
#9175 = B_SPLINE_CURVE_WITH_KNOTS('',1,(#9176,#9177),.UNSPECIFIED.,.F.,
  .F.,(2,2),(-0.,1.E-02),.PIECEWISE_BEZIER_KNOTS.);
#9176 = CARTESIAN_POINT('',(1.250163564807,1.553599583446,0.8200001));
#9177 = CARTESIAN_POINT('',(1.250163564807,1.553599583446,0.8100001));
#9178 = ORIENTED_EDGE('',*,*,#9179,.F.);
#9179 = EDGE_CURVE('',#9151,#9173,#9180,.T.);
#9180 = B_SPLINE_CURVE_WITH_KNOTS('',1,(#9181,#9182),.UNSPECIFIED.,.F.,
  .F.,(2,2),(-2.909242649866E-02,-0.),.PIECEWISE_BEZIER_KNOTS.);
#9181 = CARTESIAN_POINT('',(1.279255991305,1.553599583446,0.8200001));
#9182 = CARTESIAN_POINT('',(1.250163564807,1.553599583446,0.8200001));
#9183 = ORIENTED_EDGE('',*,*,#9150,.T.);
#9184 = B_SPLINE_SURFACE_WITH_KNOTS('',1,1,(
    (#9185,#9186)
    ,(#9187,#9188
    )),.UNSPECIFIED.,.F.,.F.,.F.,(2,2),(2,2),(0.,1.E-02),(0.,
    2.909242649866E-02),.PIECEWISE_BEZIER_KNOTS.);
#9185 = CARTESIAN_POINT('',(1.250163564807,1.553599583446,0.8200001));
#9186 = CARTESIAN_POINT('',(1.279255991305,1.553599583446,0.8200001));
#9187 = CARTESIAN_POINT('',(1.250163564807,1.553599583446,0.8100001));
#9188 = CARTESIAN_POINT('',(1.279255991305,1.553599583446,0.8100001));
#9189 = ADVANCED_FACE('',(#9190),#9206,.F.);
#9190 = FACE_BOUND('',#9191,.T.);
#9191 = EDGE_LOOP('',(#9192,#9193,#9200,#9205));
#9192 = ORIENTED_EDGE('',*,*,#346,.T.);
#9193 = ORIENTED_EDGE('',*,*,#9194,.F.);
#9194 = EDGE_CURVE('',#9195,#340,#9197,.T.);
#9195 = VERTEX_POINT('',#9196);
#9196 = CARTESIAN_POINT('',(1.250163564807,1.579635121671,0.8200001));
#9197 = B_SPLINE_CURVE_WITH_KNOTS('',1,(#9198,#9199),.UNSPECIFIED.,.F.,
  .F.,(2,2),(-0.,1.E-02),.PIECEWISE_BEZIER_KNOTS.);
#9198 = CARTESIAN_POINT('',(1.250163564807,1.579635121671,0.8200001));
#9199 = CARTESIAN_POINT('',(1.250163564807,1.579635121671,0.8100001));
#9200 = ORIENTED_EDGE('',*,*,#9201,.F.);
#9201 = EDGE_CURVE('',#9173,#9195,#9202,.T.);
#9202 = B_SPLINE_CURVE_WITH_KNOTS('',1,(#9203,#9204),.UNSPECIFIED.,.F.,
  .F.,(2,2),(-2.603553822485E-02,0.),.PIECEWISE_BEZIER_KNOTS.);
#9203 = CARTESIAN_POINT('',(1.250163564807,1.553599583446,0.8200001));
#9204 = CARTESIAN_POINT('',(1.250163564807,1.579635121671,0.8200001));
#9205 = ORIENTED_EDGE('',*,*,#9172,.T.);
#9206 = B_SPLINE_SURFACE_WITH_KNOTS('',1,1,(
    (#9207,#9208)
    ,(#9209,#9210)),.UNSPECIFIED.,.F.,.F.,.F.,(2,2),(2,2),(-1.E-02,0.),(
    -2.603553822485E-02,0.),.PIECEWISE_BEZIER_KNOTS.);
#9207 = CARTESIAN_POINT('',(1.250163564807,1.553599583446,0.8100001));
#9208 = CARTESIAN_POINT('',(1.250163564807,1.579635121671,0.8100001));
#9209 = CARTESIAN_POINT('',(1.250163564807,1.553599583446,0.8200001));
#9210 = CARTESIAN_POINT('',(1.250163564807,1.579635121671,0.8200001));
#9211 = ADVANCED_FACE('',(#9212),#9228,.F.);
#9212 = FACE_BOUND('',#9213,.T.);
#9213 = EDGE_LOOP('',(#9214,#9215,#9222,#9227));
#9214 = ORIENTED_EDGE('',*,*,#339,.T.);
#9215 = ORIENTED_EDGE('',*,*,#9216,.F.);
#9216 = EDGE_CURVE('',#9217,#333,#9219,.T.);
#9217 = VERTEX_POINT('',#9218);
#9218 = CARTESIAN_POINT('',(1.281564253879,1.579635121671,0.8200001));
#9219 = B_SPLINE_CURVE_WITH_KNOTS('',1,(#9220,#9221),.UNSPECIFIED.,.F.,
  .F.,(2,2),(-0.,1.E-02),.PIECEWISE_BEZIER_KNOTS.);
#9220 = CARTESIAN_POINT('',(1.281564253879,1.579635121671,0.8200001));
#9221 = CARTESIAN_POINT('',(1.281564253879,1.579635121671,0.8100001));
#9222 = ORIENTED_EDGE('',*,*,#9223,.F.);
#9223 = EDGE_CURVE('',#9195,#9217,#9224,.T.);
#9224 = B_SPLINE_CURVE_WITH_KNOTS('',1,(#9225,#9226),.UNSPECIFIED.,.F.,
  .F.,(2,2),(-3.140068907275E-02,0.),.PIECEWISE_BEZIER_KNOTS.);
#9225 = CARTESIAN_POINT('',(1.250163564807,1.579635121671,0.8200001));
#9226 = CARTESIAN_POINT('',(1.281564253879,1.579635121671,0.8200001));
#9227 = ORIENTED_EDGE('',*,*,#9194,.T.);
#9228 = B_SPLINE_SURFACE_WITH_KNOTS('',1,1,(
    (#9229,#9230)
    ,(#9231,#9232)),.UNSPECIFIED.,.F.,.F.,.F.,(2,2),(2,2),(-1.E-02,0.),(
    -3.140068907275E-02,0.),.PIECEWISE_BEZIER_KNOTS.);
#9229 = CARTESIAN_POINT('',(1.250163564807,1.579635121671,0.8100001));
#9230 = CARTESIAN_POINT('',(1.281564253879,1.579635121671,0.8100001));
#9231 = CARTESIAN_POINT('',(1.250163564807,1.579635121671,0.8200001));
#9232 = CARTESIAN_POINT('',(1.281564253879,1.579635121671,0.8200001));
#9233 = ADVANCED_FACE('',(#9234),#9250,.F.);
#9234 = FACE_BOUND('',#9235,.T.);
#9235 = EDGE_LOOP('',(#9236,#9237,#9244,#9249));
#9236 = ORIENTED_EDGE('',*,*,#332,.T.);
#9237 = ORIENTED_EDGE('',*,*,#9238,.F.);
#9238 = EDGE_CURVE('',#9239,#326,#9241,.T.);
#9239 = VERTEX_POINT('',#9240);
#9240 = CARTESIAN_POINT('',(1.281564253879,1.588992942917,0.8200001));
#9241 = B_SPLINE_CURVE_WITH_KNOTS('',1,(#9242,#9243),.UNSPECIFIED.,.F.,
  .F.,(2,2),(-0.,1.E-02),.PIECEWISE_BEZIER_KNOTS.);
#9242 = CARTESIAN_POINT('',(1.281564253879,1.588992942917,0.8200001));
#9243 = CARTESIAN_POINT('',(1.281564253879,1.588992942917,0.8100001));
#9244 = ORIENTED_EDGE('',*,*,#9245,.F.);
#9245 = EDGE_CURVE('',#9217,#9239,#9246,.T.);
#9246 = B_SPLINE_CURVE_WITH_KNOTS('',1,(#9247,#9248),.UNSPECIFIED.,.F.,
  .F.,(2,2),(-9.357821246723E-03,0.),.PIECEWISE_BEZIER_KNOTS.);
#9247 = CARTESIAN_POINT('',(1.281564253879,1.579635121671,0.8200001));
#9248 = CARTESIAN_POINT('',(1.281564253879,1.588992942917,0.8200001));
#9249 = ORIENTED_EDGE('',*,*,#9216,.T.);
#9250 = B_SPLINE_SURFACE_WITH_KNOTS('',1,1,(
    (#9251,#9252)
    ,(#9253,#9254)),.UNSPECIFIED.,.F.,.F.,.F.,(2,2),(2,2),(-1.E-02,0.),(
    -9.357821246723E-03,0.),.PIECEWISE_BEZIER_KNOTS.);
#9251 = CARTESIAN_POINT('',(1.281564253879,1.579635121671,0.8100001));
#9252 = CARTESIAN_POINT('',(1.281564253879,1.588992942917,0.8100001));
#9253 = CARTESIAN_POINT('',(1.281564253879,1.579635121671,0.8200001));
#9254 = CARTESIAN_POINT('',(1.281564253879,1.588992942917,0.8200001));
#9255 = ADVANCED_FACE('',(#9256),#9272,.F.);
#9256 = FACE_BOUND('',#9257,.T.);
#9257 = EDGE_LOOP('',(#9258,#9259,#9266,#9271));
#9258 = ORIENTED_EDGE('',*,*,#325,.T.);
#9259 = ORIENTED_EDGE('',*,*,#9260,.F.);
#9260 = EDGE_CURVE('',#9261,#319,#9263,.T.);
#9261 = VERTEX_POINT('',#9262);
#9262 = CARTESIAN_POINT('',(1.239662009852,1.588992942917,0.8200001));
#9263 = B_SPLINE_CURVE_WITH_KNOTS('',1,(#9264,#9265),.UNSPECIFIED.,.F.,
  .F.,(2,2),(-0.,1.E-02),.PIECEWISE_BEZIER_KNOTS.);
#9264 = CARTESIAN_POINT('',(1.239662009852,1.588992942917,0.8200001));
#9265 = CARTESIAN_POINT('',(1.239662009852,1.588992942917,0.8100001));
#9266 = ORIENTED_EDGE('',*,*,#9267,.F.);
#9267 = EDGE_CURVE('',#9239,#9261,#9268,.T.);
#9268 = B_SPLINE_CURVE_WITH_KNOTS('',1,(#9269,#9270),.UNSPECIFIED.,.F.,
  .F.,(2,2),(-4.190224402751E-02,-0.),.PIECEWISE_BEZIER_KNOTS.);
#9269 = CARTESIAN_POINT('',(1.281564253879,1.588992942917,0.8200001));
#9270 = CARTESIAN_POINT('',(1.239662009852,1.588992942917,0.8200001));
#9271 = ORIENTED_EDGE('',*,*,#9238,.T.);
#9272 = B_SPLINE_SURFACE_WITH_KNOTS('',1,1,(
    (#9273,#9274)
    ,(#9275,#9276
    )),.UNSPECIFIED.,.F.,.F.,.F.,(2,2),(2,2),(0.,1.E-02),(0.,
    4.190224402751E-02),.PIECEWISE_BEZIER_KNOTS.);
#9273 = CARTESIAN_POINT('',(1.239662009852,1.588992942917,0.8200001));
#9274 = CARTESIAN_POINT('',(1.281564253879,1.588992942917,0.8200001));
#9275 = CARTESIAN_POINT('',(1.239662009852,1.588992942917,0.8100001));
#9276 = CARTESIAN_POINT('',(1.281564253879,1.588992942917,0.8100001));
#9277 = ADVANCED_FACE('',(#9278),#9294,.F.);
#9278 = FACE_BOUND('',#9279,.T.);
#9279 = EDGE_LOOP('',(#9280,#9281,#9288,#9293));
#9280 = ORIENTED_EDGE('',*,*,#318,.T.);
#9281 = ORIENTED_EDGE('',*,*,#9282,.F.);
#9282 = EDGE_CURVE('',#9283,#312,#9285,.T.);
#9283 = VERTEX_POINT('',#9284);
#9284 = CARTESIAN_POINT('',(1.239662009852,1.507642283545,0.8200001));
#9285 = B_SPLINE_CURVE_WITH_KNOTS('',1,(#9286,#9287),.UNSPECIFIED.,.F.,
  .F.,(2,2),(-0.,1.E-02),.PIECEWISE_BEZIER_KNOTS.);
#9286 = CARTESIAN_POINT('',(1.239662009852,1.507642283545,0.8200001));
#9287 = CARTESIAN_POINT('',(1.239662009852,1.507642283545,0.8100001));
#9288 = ORIENTED_EDGE('',*,*,#9289,.F.);
#9289 = EDGE_CURVE('',#9261,#9283,#9290,.T.);
#9290 = B_SPLINE_CURVE_WITH_KNOTS('',1,(#9291,#9292),.UNSPECIFIED.,.F.,
  .F.,(2,2),(-8.135065937253E-02,-0.),.PIECEWISE_BEZIER_KNOTS.);
#9291 = CARTESIAN_POINT('',(1.239662009852,1.588992942917,0.8200001));
#9292 = CARTESIAN_POINT('',(1.239662009852,1.507642283545,0.8200001));
#9293 = ORIENTED_EDGE('',*,*,#9260,.T.);
#9294 = B_SPLINE_SURFACE_WITH_KNOTS('',1,1,(
    (#9295,#9296)
    ,(#9297,#9298
    )),.UNSPECIFIED.,.F.,.F.,.F.,(2,2),(2,2),(0.,1.E-02),(0.,
    8.135065937253E-02),.PIECEWISE_BEZIER_KNOTS.);
#9295 = CARTESIAN_POINT('',(1.239662009852,1.507642283545,0.8200001));
#9296 = CARTESIAN_POINT('',(1.239662009852,1.588992942917,0.8200001));
#9297 = CARTESIAN_POINT('',(1.239662009852,1.507642283545,0.8100001));
#9298 = CARTESIAN_POINT('',(1.239662009852,1.588992942917,0.8100001));
#9299 = ADVANCED_FACE('',(#9300),#9310,.F.);
#9300 = FACE_BOUND('',#9301,.T.);
#9301 = EDGE_LOOP('',(#9302,#9303,#9304,#9309));
#9302 = ORIENTED_EDGE('',*,*,#311,.T.);
#9303 = ORIENTED_EDGE('',*,*,#9070,.F.);
#9304 = ORIENTED_EDGE('',*,*,#9305,.F.);
#9305 = EDGE_CURVE('',#9283,#9064,#9306,.T.);
#9306 = B_SPLINE_CURVE_WITH_KNOTS('',1,(#9307,#9308),.UNSPECIFIED.,.F.,
  .F.,(2,2),(-4.375301311866E-02,0.),.PIECEWISE_BEZIER_KNOTS.);
#9307 = CARTESIAN_POINT('',(1.239662009852,1.507642283545,0.8200001));
#9308 = CARTESIAN_POINT('',(1.283415022971,1.507642283545,0.8200001));
#9309 = ORIENTED_EDGE('',*,*,#9282,.T.);
#9310 = B_SPLINE_SURFACE_WITH_KNOTS('',1,1,(
    (#9311,#9312)
    ,(#9313,#9314)),.UNSPECIFIED.,.F.,.F.,.F.,(2,2),(2,2),(-1.E-02,0.),(
    -4.375301311866E-02,0.),.PIECEWISE_BEZIER_KNOTS.);
#9311 = CARTESIAN_POINT('',(1.239662009852,1.507642283545,0.8100001));
#9312 = CARTESIAN_POINT('',(1.283415022971,1.507642283545,0.8100001));
#9313 = CARTESIAN_POINT('',(1.239662009852,1.507642283545,0.8200001));
#9314 = CARTESIAN_POINT('',(1.283415022971,1.507642283545,0.8200001));
#9315 = ADVANCED_FACE('',(#9316),#9330,.F.);
#9316 = FACE_BOUND('',#9317,.T.);
#9317 = EDGE_LOOP('',(#9318,#9319,#9320,#9321,#9322,#9323,#9324,#9325,
    #9326,#9327,#9328,#9329));
#9318 = ORIENTED_EDGE('',*,*,#9063,.T.);
#9319 = ORIENTED_EDGE('',*,*,#9091,.T.);
#9320 = ORIENTED_EDGE('',*,*,#9113,.T.);
#9321 = ORIENTED_EDGE('',*,*,#9135,.T.);
#9322 = ORIENTED_EDGE('',*,*,#9157,.T.);
#9323 = ORIENTED_EDGE('',*,*,#9179,.T.);
#9324 = ORIENTED_EDGE('',*,*,#9201,.T.);
#9325 = ORIENTED_EDGE('',*,*,#9223,.T.);
#9326 = ORIENTED_EDGE('',*,*,#9245,.T.);
#9327 = ORIENTED_EDGE('',*,*,#9267,.T.);
#9328 = ORIENTED_EDGE('',*,*,#9289,.T.);
#9329 = ORIENTED_EDGE('',*,*,#9305,.T.);
#9330 = B_SPLINE_SURFACE_WITH_KNOTS('',1,1,(
    (#9331,#9332)
    ,(#9333,#9334
    )),.UNSPECIFIED.,.F.,.F.,.F.,(2,2),(2,2),(-1.283415022971,
    -1.239662009852),(1.507642283545,1.588992942917),
  .PIECEWISE_BEZIER_KNOTS.);
#9331 = CARTESIAN_POINT('',(1.283415022971,1.507642283545,0.8200001));
#9332 = CARTESIAN_POINT('',(1.283415022971,1.588992942917,0.8200001));
#9333 = CARTESIAN_POINT('',(1.239662009852,1.507642283545,0.8200001));
#9334 = CARTESIAN_POINT('',(1.239662009852,1.588992942917,0.8200001));
#9335 = ADVANCED_FACE('',(#9336,#9452),#9522,.T.);
#9336 = FACE_BOUND('',#9337,.T.);
#9337 = EDGE_LOOP('',(#9338,#9349,#9356,#9365,#9374,#9381,#9390,#9399,
    #9408,#9417,#9424,#9431,#9438,#9445));
#9338 = ORIENTED_EDGE('',*,*,#9339,.T.);
#9339 = EDGE_CURVE('',#9340,#9342,#9344,.T.);
#9340 = VERTEX_POINT('',#9341);
#9341 = CARTESIAN_POINT('',(1.318849972759,1.567074846041,0.8200001));
#9342 = VERTEX_POINT('',#9343);
#9343 = CARTESIAN_POINT('',(1.298845030449,1.561668104877,0.8200001));
#9344 = B_SPLINE_CURVE_WITH_KNOTS('',3,(#9345,#9346,#9347,#9348),
  .UNSPECIFIED.,.F.,.F.,(4,4),(0.,1.),.PIECEWISE_BEZIER_KNOTS.);
#9345 = CARTESIAN_POINT('',(1.318849972759,1.567074846041,0.8200001));
#9346 = CARTESIAN_POINT('',(1.311280535128,1.567074846041,0.8200001));
#9347 = CARTESIAN_POINT('',(1.304605289305,1.565286462425,0.8200001));
#9348 = CARTESIAN_POINT('',(1.298845030449,1.561668104877,0.8200001));
#9349 = ORIENTED_EDGE('',*,*,#9350,.T.);
#9350 = EDGE_CURVE('',#9342,#9351,#9353,.T.);
#9351 = VERTEX_POINT('',#9352);
#9352 = CARTESIAN_POINT('',(1.298845030449,1.551769609513,0.8200001));
#9353 = B_SPLINE_CURVE_WITH_KNOTS('',1,(#9354,#9355),.UNSPECIFIED.,.F.,
  .F.,(2,2),(-9.898495363703E-03,-0.),.PIECEWISE_BEZIER_KNOTS.);
#9354 = CARTESIAN_POINT('',(1.298845030449,1.561668104877,0.8200001));
#9355 = CARTESIAN_POINT('',(1.298845030449,1.551769609513,0.8200001));
#9356 = ORIENTED_EDGE('',*,*,#9357,.T.);
#9357 = EDGE_CURVE('',#9351,#9358,#9360,.T.);
#9358 = VERTEX_POINT('',#9359);
#9359 = CARTESIAN_POINT('',(1.317893395476,1.558798373027,0.8200001));
#9360 = B_SPLINE_CURVE_WITH_KNOTS('',3,(#9361,#9362,#9363,#9364),
  .UNSPECIFIED.,.F.,.F.,(4,4),(12.,13.),.PIECEWISE_BEZIER_KNOTS.);
#9361 = CARTESIAN_POINT('',(1.298845030449,1.551769609513,0.8200001));
#9362 = CARTESIAN_POINT('',(1.304584494147,1.556427724978,0.8200001));
#9363 = CARTESIAN_POINT('',(1.310927017436,1.558798373027,0.8200001));
#9364 = CARTESIAN_POINT('',(1.317893395476,1.558798373027,0.8200001));
#9365 = ORIENTED_EDGE('',*,*,#9366,.T.);
#9366 = EDGE_CURVE('',#9358,#9367,#9369,.T.);
#9367 = VERTEX_POINT('',#9368);
#9368 = CARTESIAN_POINT('',(1.329663455088,1.544574484732,0.8200001));
#9369 = B_SPLINE_CURVE_WITH_KNOTS('',3,(#9370,#9371,#9372,#9373),
  .UNSPECIFIED.,.F.,.F.,(4,4),(11.,12.),.PIECEWISE_BEZIER_KNOTS.);
#9370 = CARTESIAN_POINT('',(1.317893395476,1.558798373027,0.8200001));
#9371 = CARTESIAN_POINT('',(1.325733170165,1.558798373027,0.8200001));
#9372 = CARTESIAN_POINT('',(1.329663455088,1.554057076929,0.8200001));
#9373 = CARTESIAN_POINT('',(1.329663455088,1.544574484732,0.8200001));
#9374 = ORIENTED_EDGE('',*,*,#9375,.T.);
#9375 = EDGE_CURVE('',#9367,#9376,#9378,.T.);
#9376 = VERTEX_POINT('',#9377);
#9377 = CARTESIAN_POINT('',(1.312445063994,1.542162246366,0.8200001));
#9378 = B_SPLINE_CURVE_WITH_KNOTS('',1,(#9379,#9380),.UNSPECIFIED.,.F.,
  .F.,(2,2),(-1.738654323922E-02,-0.),.PIECEWISE_BEZIER_KNOTS.);
#9379 = CARTESIAN_POINT('',(1.329663455088,1.544574484732,0.8200001));
#9380 = CARTESIAN_POINT('',(1.312445063994,1.542162246366,0.8200001));
#9381 = ORIENTED_EDGE('',*,*,#9382,.T.);
#9382 = EDGE_CURVE('',#9376,#9383,#9385,.T.);
#9383 = VERTEX_POINT('',#9384);
#9384 = CARTESIAN_POINT('',(1.293167952226,1.523197061973,0.8200001));
#9385 = B_SPLINE_CURVE_WITH_KNOTS('',3,(#9386,#9387,#9388,#9389),
  .UNSPECIFIED.,.F.,.F.,(4,4),(9.,10.),.PIECEWISE_BEZIER_KNOTS.);
#9386 = CARTESIAN_POINT('',(1.312445063994,1.542162246366,0.8200001));
#9387 = CARTESIAN_POINT('',(1.299593656149,1.54037386275,0.8200001));
#9388 = CARTESIAN_POINT('',(1.293167952226,1.534052134619,0.8200001));
#9389 = CARTESIAN_POINT('',(1.293167952226,1.523197061973,0.8200001));
#9390 = ORIENTED_EDGE('',*,*,#9391,.T.);
#9391 = EDGE_CURVE('',#9383,#9392,#9394,.T.);
#9392 = VERTEX_POINT('',#9393);
#9393 = CARTESIAN_POINT('',(1.298158790224,1.510844737927,0.8200001));
#9394 = B_SPLINE_CURVE_WITH_KNOTS('',3,(#9395,#9396,#9397,#9398),
  .UNSPECIFIED.,.F.,.F.,(4,4),(8.,9.),.PIECEWISE_BEZIER_KNOTS.);
#9395 = CARTESIAN_POINT('',(1.293167952226,1.523197061973,0.8200001));
#9396 = CARTESIAN_POINT('',(1.293167952226,1.517998272391,0.8200001));
#9397 = CARTESIAN_POINT('',(1.294831564892,1.513880831042,0.8200001));
#9398 = CARTESIAN_POINT('',(1.298158790224,1.510844737927,0.8200001));
#9399 = ORIENTED_EDGE('',*,*,#9400,.T.);
#9400 = EDGE_CURVE('',#9392,#9401,#9403,.T.);
#9401 = VERTEX_POINT('',#9402);
#9402 = CARTESIAN_POINT('',(1.311592462503,1.506269803095,0.8200001));
#9403 = B_SPLINE_CURVE_WITH_KNOTS('',3,(#9404,#9405,#9406,#9407),
  .UNSPECIFIED.,.F.,.F.,(4,4),(7.,8.),.PIECEWISE_BEZIER_KNOTS.);
#9404 = CARTESIAN_POINT('',(1.298158790224,1.510844737927,0.8200001));
#9405 = CARTESIAN_POINT('',(1.301486015556,1.507808644811,0.8200001));
#9406 = CARTESIAN_POINT('',(1.305956974596,1.506269803095,0.8200001));
#9407 = CARTESIAN_POINT('',(1.311592462503,1.506269803095,0.8200001));
#9408 = ORIENTED_EDGE('',*,*,#9409,.T.);
#9409 = EDGE_CURVE('',#9401,#9410,#9412,.T.);
#9410 = VERTEX_POINT('',#9411);
#9411 = CARTESIAN_POINT('',(1.32939311803,1.516625791941,0.8200001));
#9412 = B_SPLINE_CURVE_WITH_KNOTS('',3,(#9413,#9414,#9415,#9416),
  .UNSPECIFIED.,.F.,.F.,(4,4),(6.,7.),.PIECEWISE_BEZIER_KNOTS.);
#9413 = CARTESIAN_POINT('',(1.311592462503,1.506269803095,0.8200001));
#9414 = CARTESIAN_POINT('',(1.319432237192,1.506269803095,0.8200001));
#9415 = CARTESIAN_POINT('',(1.325379652473,1.509721799377,0.8200001));
#9416 = CARTESIAN_POINT('',(1.32939311803,1.516625791941,0.8200001));
#9417 = ORIENTED_EDGE('',*,*,#9418,.T.);
#9418 = EDGE_CURVE('',#9410,#9419,#9421,.T.);
#9419 = VERTEX_POINT('',#9420);
#9420 = CARTESIAN_POINT('',(1.329663455088,1.516625791941,0.8200001));
#9421 = B_SPLINE_CURVE_WITH_KNOTS('',1,(#9422,#9423),.UNSPECIFIED.,.F.,
  .F.,(2,2),(-2.703370582111E-04,0.),.PIECEWISE_BEZIER_KNOTS.);
#9422 = CARTESIAN_POINT('',(1.32939311803,1.516625791941,0.8200001));
#9423 = CARTESIAN_POINT('',(1.329663455088,1.516625791941,0.8200001));
#9424 = ORIENTED_EDGE('',*,*,#9425,.T.);
#9425 = EDGE_CURVE('',#9419,#9426,#9428,.T.);
#9426 = VERTEX_POINT('',#9427);
#9427 = CARTESIAN_POINT('',(1.329663455088,1.507642283545,0.8200001));
#9428 = B_SPLINE_CURVE_WITH_KNOTS('',1,(#9429,#9430),.UNSPECIFIED.,.F.,
  .F.,(2,2),(-8.983508396722E-03,-0.),.PIECEWISE_BEZIER_KNOTS.);
#9429 = CARTESIAN_POINT('',(1.329663455088,1.516625791941,0.8200001));
#9430 = CARTESIAN_POINT('',(1.329663455088,1.507642283545,0.8200001));
#9431 = ORIENTED_EDGE('',*,*,#9432,.T.);
#9432 = EDGE_CURVE('',#9426,#9433,#9435,.T.);
#9433 = VERTEX_POINT('',#9434);
#9434 = CARTESIAN_POINT('',(1.339853082668,1.507642283545,0.8200001));
#9435 = B_SPLINE_CURVE_WITH_KNOTS('',1,(#9436,#9437),.UNSPECIFIED.,.F.,
  .F.,(2,2),(-1.018962757994E-02,0.),.PIECEWISE_BEZIER_KNOTS.);
#9436 = CARTESIAN_POINT('',(1.329663455088,1.507642283545,0.8200001));
#9437 = CARTESIAN_POINT('',(1.339853082668,1.507642283545,0.8200001));
#9438 = ORIENTED_EDGE('',*,*,#9439,.T.);
#9439 = EDGE_CURVE('',#9433,#9440,#9442,.T.);
#9440 = VERTEX_POINT('',#9441);
#9441 = CARTESIAN_POINT('',(1.339853082668,1.545031978215,0.8200001));
#9442 = B_SPLINE_CURVE_WITH_KNOTS('',1,(#9443,#9444),.UNSPECIFIED.,.F.,
  .F.,(2,2),(-3.738969467029E-02,0.),.PIECEWISE_BEZIER_KNOTS.);
#9443 = CARTESIAN_POINT('',(1.339853082668,1.507642283545,0.8200001));
#9444 = CARTESIAN_POINT('',(1.339853082668,1.545031978215,0.8200001));
#9445 = ORIENTED_EDGE('',*,*,#9446,.T.);
#9446 = EDGE_CURVE('',#9440,#9340,#9447,.T.);
#9447 = B_SPLINE_CURVE_WITH_KNOTS('',3,(#9448,#9449,#9450,#9451),
  .UNSPECIFIED.,.F.,.F.,(4,4),(1.,2.),.PIECEWISE_BEZIER_KNOTS.);
#9448 = CARTESIAN_POINT('',(1.339853082668,1.545031978215,0.8200001));
#9449 = CARTESIAN_POINT('',(1.339853082668,1.55975495031,0.8200001));
#9450 = CARTESIAN_POINT('',(1.332845114312,1.567074846041,0.8200001));
#9451 = CARTESIAN_POINT('',(1.318849972759,1.567074846041,0.8200001));
#9452 = FACE_BOUND('',#9453,.T.);
#9453 = EDGE_LOOP('',(#9454,#9465,#9474,#9481,#9488,#9497,#9506,#9515));
#9454 = ORIENTED_EDGE('',*,*,#9455,.F.);
#9455 = EDGE_CURVE('',#9456,#9458,#9460,.T.);
#9456 = VERTEX_POINT('',#9457);
#9457 = CARTESIAN_POINT('',(1.306206516496,1.531390354353,0.8200001));
#9458 = VERTEX_POINT('',#9459);
#9459 = CARTESIAN_POINT('',(1.303503145914,1.524028868305,0.8200001));
#9460 = B_SPLINE_CURVE_WITH_KNOTS('',3,(#9461,#9462,#9463,#9464),
  .UNSPECIFIED.,.F.,.F.,(4,4),(1.,2.),.PIECEWISE_BEZIER_KNOTS.);
#9461 = CARTESIAN_POINT('',(1.306206516496,1.531390354353,0.8200001));
#9462 = CARTESIAN_POINT('',(1.30441813288,1.529643561054,0.8200001));
#9463 = CARTESIAN_POINT('',(1.303503145914,1.527189732371,0.8200001));
#9464 = CARTESIAN_POINT('',(1.303503145914,1.524028868305,0.8200001));
#9465 = ORIENTED_EDGE('',*,*,#9466,.F.);
#9466 = EDGE_CURVE('',#9467,#9456,#9469,.T.);
#9467 = VERTEX_POINT('',#9468);
#9468 = CARTESIAN_POINT('',(1.316063421543,1.534967121585,0.8200001));
#9469 = B_SPLINE_CURVE_WITH_KNOTS('',3,(#9470,#9471,#9472,#9473),
  .UNSPECIFIED.,.F.,.F.,(4,4),(0.,1.),.PIECEWISE_BEZIER_KNOTS.);
#9470 = CARTESIAN_POINT('',(1.316063421543,1.534967121585,0.8200001));
#9471 = CARTESIAN_POINT('',(1.311301330286,1.534301676519,0.8200001));
#9472 = CARTESIAN_POINT('',(1.308015695271,1.533137147653,0.8200001));
#9473 = CARTESIAN_POINT('',(1.306206516496,1.531390354353,0.8200001));
#9474 = ORIENTED_EDGE('',*,*,#9475,.F.);
#9475 = EDGE_CURVE('',#9476,#9467,#9478,.T.);
#9476 = VERTEX_POINT('',#9477);
#9477 = CARTESIAN_POINT('',(1.329663455088,1.536797095518,0.8200001));
#9478 = B_SPLINE_CURVE_WITH_KNOTS('',1,(#9479,#9480),.UNSPECIFIED.,.F.,
  .F.,(2,2),(0.,1.372259877109E-02),.PIECEWISE_BEZIER_KNOTS.);
#9479 = CARTESIAN_POINT('',(1.329663455088,1.536797095518,0.8200001));
#9480 = CARTESIAN_POINT('',(1.316063421543,1.534967121585,0.8200001));
#9481 = ORIENTED_EDGE('',*,*,#9482,.F.);
#9482 = EDGE_CURVE('',#9483,#9476,#9485,.T.);
#9483 = VERTEX_POINT('',#9484);
#9484 = CARTESIAN_POINT('',(1.329663455088,1.531223993087,0.8200001));
#9485 = B_SPLINE_CURVE_WITH_KNOTS('',1,(#9486,#9487),.UNSPECIFIED.,.F.,
  .F.,(2,2),(0.,5.573102431759E-03),.PIECEWISE_BEZIER_KNOTS.);
#9486 = CARTESIAN_POINT('',(1.329663455088,1.531223993087,0.8200001));
#9487 = CARTESIAN_POINT('',(1.329663455088,1.536797095518,0.8200001));
#9488 = ORIENTED_EDGE('',*,*,#9489,.F.);
#9489 = EDGE_CURVE('',#9490,#9483,#9492,.T.);
#9490 = VERTEX_POINT('',#9491);
#9491 = CARTESIAN_POINT('',(1.32529647184,1.519370752841,0.8200001));
#9492 = B_SPLINE_CURVE_WITH_KNOTS('',3,(#9493,#9494,#9495,#9496),
  .UNSPECIFIED.,.F.,.F.,(4,4),(5.,6.),.PIECEWISE_BEZIER_KNOTS.);
#9493 = CARTESIAN_POINT('',(1.32529647184,1.519370752841,0.8200001));
#9494 = CARTESIAN_POINT('',(1.328207794005,1.522490026589,0.8200001));
#9495 = CARTESIAN_POINT('',(1.329663455088,1.526441106671,0.8200001));
#9496 = CARTESIAN_POINT('',(1.329663455088,1.531223993087,0.8200001));
#9497 = ORIENTED_EDGE('',*,*,#9498,.F.);
#9498 = EDGE_CURVE('',#9499,#9490,#9501,.T.);
#9499 = VERTEX_POINT('',#9500);
#9500 = CARTESIAN_POINT('',(1.31423344761,1.514629456742,0.8200001));
#9501 = B_SPLINE_CURVE_WITH_KNOTS('',3,(#9502,#9503,#9504,#9505),
  .UNSPECIFIED.,.F.,.F.,(4,4),(4.,5.),.PIECEWISE_BEZIER_KNOTS.);
#9502 = CARTESIAN_POINT('',(1.31423344761,1.514629456742,0.8200001));
#9503 = CARTESIAN_POINT('',(1.31870440665,1.514629456742,0.8200001));
#9504 = CARTESIAN_POINT('',(1.322405944832,1.516209888775,0.8200001));
#9505 = CARTESIAN_POINT('',(1.32529647184,1.519370752841,0.8200001));
#9506 = ORIENTED_EDGE('',*,*,#9507,.F.);
#9507 = EDGE_CURVE('',#9508,#9499,#9510,.T.);
#9508 = VERTEX_POINT('',#9509);
#9509 = CARTESIAN_POINT('',(1.306456058396,1.517249646691,0.8200001));
#9510 = B_SPLINE_CURVE_WITH_KNOTS('',3,(#9511,#9512,#9513,#9514),
  .UNSPECIFIED.,.F.,.F.,(4,4),(3.,4.),.PIECEWISE_BEZIER_KNOTS.);
#9511 = CARTESIAN_POINT('',(1.306456058396,1.517249646691,0.8200001));
#9512 = CARTESIAN_POINT('',(1.308410803279,1.515502853392,0.8200001));
#9513 = CARTESIAN_POINT('',(1.31101019807,1.514629456742,0.8200001));
#9514 = CARTESIAN_POINT('',(1.31423344761,1.514629456742,0.8200001));
#9515 = ORIENTED_EDGE('',*,*,#9516,.F.);
#9516 = EDGE_CURVE('',#9458,#9508,#9517,.T.);
#9517 = B_SPLINE_CURVE_WITH_KNOTS('',3,(#9518,#9519,#9520,#9521),
  .UNSPECIFIED.,.F.,.F.,(4,4),(2.,3.),.PIECEWISE_BEZIER_KNOTS.);
#9518 = CARTESIAN_POINT('',(1.303503145914,1.524028868305,0.8200001));
#9519 = CARTESIAN_POINT('',(1.303503145914,1.52124231709,0.8200001));
#9520 = CARTESIAN_POINT('',(1.304480518355,1.518996439991,0.8200001));
#9521 = CARTESIAN_POINT('',(1.306456058396,1.517249646691,0.8200001));
#9522 = B_SPLINE_SURFACE_WITH_KNOTS('',1,1,(
    (#9523,#9524)
    ,(#9525,#9526
    )),.UNSPECIFIED.,.F.,.F.,.F.,(2,2),(2,2),(-1.500110733772E-02,
    3.168402310494E-02),(-5.945855644455E-02,1.346486501691E-03),
  .PIECEWISE_BEZIER_KNOTS.);
#9523 = CARTESIAN_POINT('',(1.293167952226,1.506269803095,0.8200001));
#9524 = CARTESIAN_POINT('',(1.293167952226,1.567074846041,0.8200001));
#9525 = CARTESIAN_POINT('',(1.339853082668,1.506269803095,0.8200001));
#9526 = CARTESIAN_POINT('',(1.339853082668,1.567074846041,0.8200001));
#9527 = ADVANCED_FACE('',(#9528),#9542,.F.);
#9528 = FACE_BOUND('',#9529,.F.);
#9529 = EDGE_LOOP('',(#9530,#9535,#9536,#9541));
#9530 = ORIENTED_EDGE('',*,*,#9531,.F.);
#9531 = EDGE_CURVE('',#9340,#187,#9532,.T.);
#9532 = B_SPLINE_CURVE_WITH_KNOTS('',1,(#9533,#9534),.UNSPECIFIED.,.F.,
  .F.,(2,2),(-0.,1.E-02),.PIECEWISE_BEZIER_KNOTS.);
#9533 = CARTESIAN_POINT('',(1.318849972759,1.567074846041,0.8200001));
#9534 = CARTESIAN_POINT('',(1.318849972759,1.567074846041,0.8100001));
#9535 = ORIENTED_EDGE('',*,*,#9339,.T.);
#9536 = ORIENTED_EDGE('',*,*,#9537,.T.);
#9537 = EDGE_CURVE('',#9342,#189,#9538,.T.);
#9538 = B_SPLINE_CURVE_WITH_KNOTS('',1,(#9539,#9540),.UNSPECIFIED.,.F.,
  .F.,(2,2),(-0.,1.E-02),.PIECEWISE_BEZIER_KNOTS.);
#9539 = CARTESIAN_POINT('',(1.298845030449,1.561668104877,0.8200001));
#9540 = CARTESIAN_POINT('',(1.298845030449,1.561668104877,0.8100001));
#9541 = ORIENTED_EDGE('',*,*,#186,.F.);
#9542 = B_SPLINE_SURFACE_WITH_KNOTS('',3,1,(
    (#9543,#9544)
    ,(#9545,#9546)
    ,(#9547,#9548)
    ,(#9549,#9550
    )),.UNSPECIFIED.,.F.,.F.,.F.,(4,4),(2,2),(0.,1.),(0.,1.),
  .PIECEWISE_BEZIER_KNOTS.);
#9543 = CARTESIAN_POINT('',(1.318849972759,1.567074846041,0.8200001));
#9544 = CARTESIAN_POINT('',(1.318849972759,1.567074846041,0.8100001));
#9545 = CARTESIAN_POINT('',(1.311280535128,1.567074846041,0.8200001));
#9546 = CARTESIAN_POINT('',(1.311280535128,1.567074846041,0.8100001));
#9547 = CARTESIAN_POINT('',(1.304605289305,1.565286462425,0.8200001));
#9548 = CARTESIAN_POINT('',(1.304605289305,1.565286462425,0.8100001));
#9549 = CARTESIAN_POINT('',(1.298845030449,1.561668104877,0.8200001));
#9550 = CARTESIAN_POINT('',(1.298845030449,1.561668104877,0.8100001));
#9551 = ADVANCED_FACE('',(#9552),#9562,.F.);
#9552 = FACE_BOUND('',#9553,.T.);
#9553 = EDGE_LOOP('',(#9554,#9555,#9560,#9561));
#9554 = ORIENTED_EDGE('',*,*,#295,.T.);
#9555 = ORIENTED_EDGE('',*,*,#9556,.F.);
#9556 = EDGE_CURVE('',#9351,#287,#9557,.T.);
#9557 = B_SPLINE_CURVE_WITH_KNOTS('',1,(#9558,#9559),.UNSPECIFIED.,.F.,
  .F.,(2,2),(-0.,1.E-02),.PIECEWISE_BEZIER_KNOTS.);
#9558 = CARTESIAN_POINT('',(1.298845030449,1.551769609513,0.8200001));
#9559 = CARTESIAN_POINT('',(1.298845030449,1.551769609513,0.8100001));
#9560 = ORIENTED_EDGE('',*,*,#9350,.F.);
#9561 = ORIENTED_EDGE('',*,*,#9537,.T.);
#9562 = B_SPLINE_SURFACE_WITH_KNOTS('',1,1,(
    (#9563,#9564)
    ,(#9565,#9566
    )),.UNSPECIFIED.,.F.,.F.,.F.,(2,2),(2,2),(0.,1.E-02),(
    -2.22044604925E-16,9.898495363703E-03),.PIECEWISE_BEZIER_KNOTS.);
#9563 = CARTESIAN_POINT('',(1.298845030449,1.551769609513,0.8200001));
#9564 = CARTESIAN_POINT('',(1.298845030449,1.561668104877,0.8200001));
#9565 = CARTESIAN_POINT('',(1.298845030449,1.551769609513,0.8100001));
#9566 = CARTESIAN_POINT('',(1.298845030449,1.561668104877,0.8100001));
#9567 = ADVANCED_FACE('',(#9568),#9578,.F.);
#9568 = FACE_BOUND('',#9569,.F.);
#9569 = EDGE_LOOP('',(#9570,#9571,#9572,#9577));
#9570 = ORIENTED_EDGE('',*,*,#9556,.F.);
#9571 = ORIENTED_EDGE('',*,*,#9357,.T.);
#9572 = ORIENTED_EDGE('',*,*,#9573,.T.);
#9573 = EDGE_CURVE('',#9358,#278,#9574,.T.);
#9574 = B_SPLINE_CURVE_WITH_KNOTS('',1,(#9575,#9576),.UNSPECIFIED.,.F.,
  .F.,(2,2),(-0.,1.E-02),.PIECEWISE_BEZIER_KNOTS.);
#9575 = CARTESIAN_POINT('',(1.317893395476,1.558798373027,0.8200001));
#9576 = CARTESIAN_POINT('',(1.317893395476,1.558798373027,0.8100001));
#9577 = ORIENTED_EDGE('',*,*,#286,.F.);
#9578 = B_SPLINE_SURFACE_WITH_KNOTS('',3,1,(
    (#9579,#9580)
    ,(#9581,#9582)
    ,(#9583,#9584)
    ,(#9585,#9586
    )),.UNSPECIFIED.,.F.,.F.,.F.,(4,4),(2,2),(12.,13.),(0.,1.),
  .PIECEWISE_BEZIER_KNOTS.);
#9579 = CARTESIAN_POINT('',(1.298845030449,1.551769609513,0.8200001));
#9580 = CARTESIAN_POINT('',(1.298845030449,1.551769609513,0.8100001));
#9581 = CARTESIAN_POINT('',(1.304584494147,1.556427724978,0.8200001));
#9582 = CARTESIAN_POINT('',(1.304584494147,1.556427724978,0.8100001));
#9583 = CARTESIAN_POINT('',(1.310927017436,1.558798373027,0.8200001));
#9584 = CARTESIAN_POINT('',(1.310927017436,1.558798373027,0.8100001));
#9585 = CARTESIAN_POINT('',(1.317893395476,1.558798373027,0.8200001));
#9586 = CARTESIAN_POINT('',(1.317893395476,1.558798373027,0.8100001));
#9587 = ADVANCED_FACE('',(#9588),#9598,.F.);
#9588 = FACE_BOUND('',#9589,.F.);
#9589 = EDGE_LOOP('',(#9590,#9591,#9592,#9597));
#9590 = ORIENTED_EDGE('',*,*,#9573,.F.);
#9591 = ORIENTED_EDGE('',*,*,#9366,.T.);
#9592 = ORIENTED_EDGE('',*,*,#9593,.T.);
#9593 = EDGE_CURVE('',#9367,#271,#9594,.T.);
#9594 = B_SPLINE_CURVE_WITH_KNOTS('',1,(#9595,#9596),.UNSPECIFIED.,.F.,
  .F.,(2,2),(-0.,1.E-02),.PIECEWISE_BEZIER_KNOTS.);
#9595 = CARTESIAN_POINT('',(1.329663455088,1.544574484732,0.8200001));
#9596 = CARTESIAN_POINT('',(1.329663455088,1.544574484732,0.8100001));
#9597 = ORIENTED_EDGE('',*,*,#277,.F.);
#9598 = B_SPLINE_SURFACE_WITH_KNOTS('',3,1,(
    (#9599,#9600)
    ,(#9601,#9602)
    ,(#9603,#9604)
    ,(#9605,#9606
    )),.UNSPECIFIED.,.F.,.F.,.F.,(4,4),(2,2),(11.,12.),(0.,1.),
  .PIECEWISE_BEZIER_KNOTS.);
#9599 = CARTESIAN_POINT('',(1.317893395476,1.558798373027,0.8200001));
#9600 = CARTESIAN_POINT('',(1.317893395476,1.558798373027,0.8100001));
#9601 = CARTESIAN_POINT('',(1.325733170165,1.558798373027,0.8200001));
#9602 = CARTESIAN_POINT('',(1.325733170165,1.558798373027,0.8100001));
#9603 = CARTESIAN_POINT('',(1.329663455088,1.554057076929,0.8200001));
#9604 = CARTESIAN_POINT('',(1.329663455088,1.554057076929,0.8100001));
#9605 = CARTESIAN_POINT('',(1.329663455088,1.544574484732,0.8200001));
#9606 = CARTESIAN_POINT('',(1.329663455088,1.544574484732,0.8100001));
#9607 = ADVANCED_FACE('',(#9608),#9618,.F.);
#9608 = FACE_BOUND('',#9609,.T.);
#9609 = EDGE_LOOP('',(#9610,#9611,#9616,#9617));
#9610 = ORIENTED_EDGE('',*,*,#270,.T.);
#9611 = ORIENTED_EDGE('',*,*,#9612,.F.);
#9612 = EDGE_CURVE('',#9376,#262,#9613,.T.);
#9613 = B_SPLINE_CURVE_WITH_KNOTS('',1,(#9614,#9615),.UNSPECIFIED.,.F.,
  .F.,(2,2),(-0.,1.E-02),.PIECEWISE_BEZIER_KNOTS.);
#9614 = CARTESIAN_POINT('',(1.312445063994,1.542162246366,0.8200001));
#9615 = CARTESIAN_POINT('',(1.312445063994,1.542162246366,0.8100001));
#9616 = ORIENTED_EDGE('',*,*,#9375,.F.);
#9617 = ORIENTED_EDGE('',*,*,#9593,.T.);
#9618 = B_SPLINE_SURFACE_WITH_KNOTS('',1,1,(
    (#9619,#9620)
    ,(#9621,#9622
    )),.UNSPECIFIED.,.F.,.F.,.F.,(2,2),(2,2),(0.,1.738654323922E-02),(
    -1.E-02,0.),.PIECEWISE_BEZIER_KNOTS.);
#9619 = CARTESIAN_POINT('',(1.312445063994,1.542162246366,0.8100001));
#9620 = CARTESIAN_POINT('',(1.312445063994,1.542162246366,0.8200001));
#9621 = CARTESIAN_POINT('',(1.329663455088,1.544574484732,0.8100001));
#9622 = CARTESIAN_POINT('',(1.329663455088,1.544574484732,0.8200001));
#9623 = ADVANCED_FACE('',(#9624),#9634,.F.);
#9624 = FACE_BOUND('',#9625,.F.);
#9625 = EDGE_LOOP('',(#9626,#9627,#9628,#9633));
#9626 = ORIENTED_EDGE('',*,*,#9612,.F.);
#9627 = ORIENTED_EDGE('',*,*,#9382,.T.);
#9628 = ORIENTED_EDGE('',*,*,#9629,.T.);
#9629 = EDGE_CURVE('',#9383,#253,#9630,.T.);
#9630 = B_SPLINE_CURVE_WITH_KNOTS('',1,(#9631,#9632),.UNSPECIFIED.,.F.,
  .F.,(2,2),(-0.,1.E-02),.PIECEWISE_BEZIER_KNOTS.);
#9631 = CARTESIAN_POINT('',(1.293167952226,1.523197061973,0.8200001));
#9632 = CARTESIAN_POINT('',(1.293167952226,1.523197061973,0.8100001));
#9633 = ORIENTED_EDGE('',*,*,#261,.F.);
#9634 = B_SPLINE_SURFACE_WITH_KNOTS('',3,1,(
    (#9635,#9636)
    ,(#9637,#9638)
    ,(#9639,#9640)
    ,(#9641,#9642
    )),.UNSPECIFIED.,.F.,.F.,.F.,(4,4),(2,2),(9.,10.),(0.,1.),
  .PIECEWISE_BEZIER_KNOTS.);
#9635 = CARTESIAN_POINT('',(1.312445063994,1.542162246366,0.8200001));
#9636 = CARTESIAN_POINT('',(1.312445063994,1.542162246366,0.8100001));
#9637 = CARTESIAN_POINT('',(1.299593656149,1.54037386275,0.8200001));
#9638 = CARTESIAN_POINT('',(1.299593656149,1.54037386275,0.8100001));
#9639 = CARTESIAN_POINT('',(1.293167952226,1.534052134619,0.8200001));
#9640 = CARTESIAN_POINT('',(1.293167952226,1.534052134619,0.8100001));
#9641 = CARTESIAN_POINT('',(1.293167952226,1.523197061973,0.8200001));
#9642 = CARTESIAN_POINT('',(1.293167952226,1.523197061973,0.8100001));
#9643 = ADVANCED_FACE('',(#9644),#9654,.F.);
#9644 = FACE_BOUND('',#9645,.F.);
#9645 = EDGE_LOOP('',(#9646,#9647,#9648,#9653));
#9646 = ORIENTED_EDGE('',*,*,#9629,.F.);
#9647 = ORIENTED_EDGE('',*,*,#9391,.T.);
#9648 = ORIENTED_EDGE('',*,*,#9649,.T.);
#9649 = EDGE_CURVE('',#9392,#244,#9650,.T.);
#9650 = B_SPLINE_CURVE_WITH_KNOTS('',1,(#9651,#9652),.UNSPECIFIED.,.F.,
  .F.,(2,2),(-0.,1.E-02),.PIECEWISE_BEZIER_KNOTS.);
#9651 = CARTESIAN_POINT('',(1.298158790224,1.510844737927,0.8200001));
#9652 = CARTESIAN_POINT('',(1.298158790224,1.510844737927,0.8100001));
#9653 = ORIENTED_EDGE('',*,*,#252,.F.);
#9654 = B_SPLINE_SURFACE_WITH_KNOTS('',3,1,(
    (#9655,#9656)
    ,(#9657,#9658)
    ,(#9659,#9660)
    ,(#9661,#9662
    )),.UNSPECIFIED.,.F.,.F.,.F.,(4,4),(2,2),(8.,9.),(0.,1.),
  .PIECEWISE_BEZIER_KNOTS.);
#9655 = CARTESIAN_POINT('',(1.293167952226,1.523197061973,0.8200001));
#9656 = CARTESIAN_POINT('',(1.293167952226,1.523197061973,0.8100001));
#9657 = CARTESIAN_POINT('',(1.293167952226,1.517998272391,0.8200001));
#9658 = CARTESIAN_POINT('',(1.293167952226,1.517998272391,0.8100001));
#9659 = CARTESIAN_POINT('',(1.294831564892,1.513880831042,0.8200001));
#9660 = CARTESIAN_POINT('',(1.294831564892,1.513880831042,0.8100001));
#9661 = CARTESIAN_POINT('',(1.298158790224,1.510844737927,0.8200001));
#9662 = CARTESIAN_POINT('',(1.298158790224,1.510844737927,0.8100001));
#9663 = ADVANCED_FACE('',(#9664),#9674,.F.);
#9664 = FACE_BOUND('',#9665,.F.);
#9665 = EDGE_LOOP('',(#9666,#9667,#9668,#9673));
#9666 = ORIENTED_EDGE('',*,*,#9649,.F.);
#9667 = ORIENTED_EDGE('',*,*,#9400,.T.);
#9668 = ORIENTED_EDGE('',*,*,#9669,.T.);
#9669 = EDGE_CURVE('',#9401,#235,#9670,.T.);
#9670 = B_SPLINE_CURVE_WITH_KNOTS('',1,(#9671,#9672),.UNSPECIFIED.,.F.,
  .F.,(2,2),(-0.,1.E-02),.PIECEWISE_BEZIER_KNOTS.);
#9671 = CARTESIAN_POINT('',(1.311592462503,1.506269803095,0.8200001));
#9672 = CARTESIAN_POINT('',(1.311592462503,1.506269803095,0.8100001));
#9673 = ORIENTED_EDGE('',*,*,#243,.F.);
#9674 = B_SPLINE_SURFACE_WITH_KNOTS('',3,1,(
    (#9675,#9676)
    ,(#9677,#9678)
    ,(#9679,#9680)
    ,(#9681,#9682
    )),.UNSPECIFIED.,.F.,.F.,.F.,(4,4),(2,2),(7.,8.),(0.,1.),
  .PIECEWISE_BEZIER_KNOTS.);
#9675 = CARTESIAN_POINT('',(1.298158790224,1.510844737927,0.8200001));
#9676 = CARTESIAN_POINT('',(1.298158790224,1.510844737927,0.8100001));
#9677 = CARTESIAN_POINT('',(1.301486015556,1.507808644811,0.8200001));
#9678 = CARTESIAN_POINT('',(1.301486015556,1.507808644811,0.8100001));
#9679 = CARTESIAN_POINT('',(1.305956974596,1.506269803095,0.8200001));
#9680 = CARTESIAN_POINT('',(1.305956974596,1.506269803095,0.8100001));
#9681 = CARTESIAN_POINT('',(1.311592462503,1.506269803095,0.8200001));
#9682 = CARTESIAN_POINT('',(1.311592462503,1.506269803095,0.8100001));
#9683 = ADVANCED_FACE('',(#9684),#9694,.F.);
#9684 = FACE_BOUND('',#9685,.F.);
#9685 = EDGE_LOOP('',(#9686,#9687,#9688,#9693));
#9686 = ORIENTED_EDGE('',*,*,#9669,.F.);
#9687 = ORIENTED_EDGE('',*,*,#9409,.T.);
#9688 = ORIENTED_EDGE('',*,*,#9689,.T.);
#9689 = EDGE_CURVE('',#9410,#228,#9690,.T.);
#9690 = B_SPLINE_CURVE_WITH_KNOTS('',1,(#9691,#9692),.UNSPECIFIED.,.F.,
  .F.,(2,2),(-0.,1.E-02),.PIECEWISE_BEZIER_KNOTS.);
#9691 = CARTESIAN_POINT('',(1.32939311803,1.516625791941,0.8200001));
#9692 = CARTESIAN_POINT('',(1.32939311803,1.516625791941,0.8100001));
#9693 = ORIENTED_EDGE('',*,*,#234,.F.);
#9694 = B_SPLINE_SURFACE_WITH_KNOTS('',3,1,(
    (#9695,#9696)
    ,(#9697,#9698)
    ,(#9699,#9700)
    ,(#9701,#9702
    )),.UNSPECIFIED.,.F.,.F.,.F.,(4,4),(2,2),(6.,7.),(0.,1.),
  .PIECEWISE_BEZIER_KNOTS.);
#9695 = CARTESIAN_POINT('',(1.311592462503,1.506269803095,0.8200001));
#9696 = CARTESIAN_POINT('',(1.311592462503,1.506269803095,0.8100001));
#9697 = CARTESIAN_POINT('',(1.319432237192,1.506269803095,0.8200001));
#9698 = CARTESIAN_POINT('',(1.319432237192,1.506269803095,0.8100001));
#9699 = CARTESIAN_POINT('',(1.325379652473,1.509721799377,0.8200001));
#9700 = CARTESIAN_POINT('',(1.325379652473,1.509721799377,0.8100001));
#9701 = CARTESIAN_POINT('',(1.32939311803,1.516625791941,0.8200001));
#9702 = CARTESIAN_POINT('',(1.32939311803,1.516625791941,0.8100001));
#9703 = ADVANCED_FACE('',(#9704),#9714,.F.);
#9704 = FACE_BOUND('',#9705,.T.);
#9705 = EDGE_LOOP('',(#9706,#9707,#9712,#9713));
#9706 = ORIENTED_EDGE('',*,*,#227,.T.);
#9707 = ORIENTED_EDGE('',*,*,#9708,.F.);
#9708 = EDGE_CURVE('',#9419,#221,#9709,.T.);
#9709 = B_SPLINE_CURVE_WITH_KNOTS('',1,(#9710,#9711),.UNSPECIFIED.,.F.,
  .F.,(2,2),(-0.,1.E-02),.PIECEWISE_BEZIER_KNOTS.);
#9710 = CARTESIAN_POINT('',(1.329663455088,1.516625791941,0.8200001));
#9711 = CARTESIAN_POINT('',(1.329663455088,1.516625791941,0.8100001));
#9712 = ORIENTED_EDGE('',*,*,#9418,.F.);
#9713 = ORIENTED_EDGE('',*,*,#9689,.T.);
#9714 = B_SPLINE_SURFACE_WITH_KNOTS('',1,1,(
    (#9715,#9716)
    ,(#9717,#9718)),.UNSPECIFIED.,.F.,.F.,.F.,(2,2),(2,2),(-1.E-02,0.),(
    -2.703370582111E-04,0.),.PIECEWISE_BEZIER_KNOTS.);
#9715 = CARTESIAN_POINT('',(1.32939311803,1.516625791941,0.8100001));
#9716 = CARTESIAN_POINT('',(1.329663455088,1.516625791941,0.8100001));
#9717 = CARTESIAN_POINT('',(1.32939311803,1.516625791941,0.8200001));
#9718 = CARTESIAN_POINT('',(1.329663455088,1.516625791941,0.8200001));
#9719 = ADVANCED_FACE('',(#9720),#9730,.F.);
#9720 = FACE_BOUND('',#9721,.T.);
#9721 = EDGE_LOOP('',(#9722,#9723,#9728,#9729));
#9722 = ORIENTED_EDGE('',*,*,#220,.T.);
#9723 = ORIENTED_EDGE('',*,*,#9724,.F.);
#9724 = EDGE_CURVE('',#9426,#214,#9725,.T.);
#9725 = B_SPLINE_CURVE_WITH_KNOTS('',1,(#9726,#9727),.UNSPECIFIED.,.F.,
  .F.,(2,2),(-0.,1.E-02),.PIECEWISE_BEZIER_KNOTS.);
#9726 = CARTESIAN_POINT('',(1.329663455088,1.507642283545,0.8200001));
#9727 = CARTESIAN_POINT('',(1.329663455088,1.507642283545,0.8100001));
#9728 = ORIENTED_EDGE('',*,*,#9425,.F.);
#9729 = ORIENTED_EDGE('',*,*,#9708,.T.);
#9730 = B_SPLINE_SURFACE_WITH_KNOTS('',1,1,(
    (#9731,#9732)
    ,(#9733,#9734
    )),.UNSPECIFIED.,.F.,.F.,.F.,(2,2),(2,2),(0.,1.E-02),(0.,
    8.983508396722E-03),.PIECEWISE_BEZIER_KNOTS.);
#9731 = CARTESIAN_POINT('',(1.329663455088,1.507642283545,0.8200001));
#9732 = CARTESIAN_POINT('',(1.329663455088,1.516625791941,0.8200001));
#9733 = CARTESIAN_POINT('',(1.329663455088,1.507642283545,0.8100001));
#9734 = CARTESIAN_POINT('',(1.329663455088,1.516625791941,0.8100001));
#9735 = ADVANCED_FACE('',(#9736),#9746,.F.);
#9736 = FACE_BOUND('',#9737,.T.);
#9737 = EDGE_LOOP('',(#9738,#9739,#9744,#9745));
#9738 = ORIENTED_EDGE('',*,*,#213,.T.);
#9739 = ORIENTED_EDGE('',*,*,#9740,.F.);
#9740 = EDGE_CURVE('',#9433,#207,#9741,.T.);
#9741 = B_SPLINE_CURVE_WITH_KNOTS('',1,(#9742,#9743),.UNSPECIFIED.,.F.,
  .F.,(2,2),(-0.,1.E-02),.PIECEWISE_BEZIER_KNOTS.);
#9742 = CARTESIAN_POINT('',(1.339853082668,1.507642283545,0.8200001));
#9743 = CARTESIAN_POINT('',(1.339853082668,1.507642283545,0.8100001));
#9744 = ORIENTED_EDGE('',*,*,#9432,.F.);
#9745 = ORIENTED_EDGE('',*,*,#9724,.T.);
#9746 = B_SPLINE_SURFACE_WITH_KNOTS('',1,1,(
    (#9747,#9748)
    ,(#9749,#9750)),.UNSPECIFIED.,.F.,.F.,.F.,(2,2),(2,2),(-1.E-02,0.),(
    -1.018962757994E-02,0.),.PIECEWISE_BEZIER_KNOTS.);
#9747 = CARTESIAN_POINT('',(1.329663455088,1.507642283545,0.8100001));
#9748 = CARTESIAN_POINT('',(1.339853082668,1.507642283545,0.8100001));
#9749 = CARTESIAN_POINT('',(1.329663455088,1.507642283545,0.8200001));
#9750 = CARTESIAN_POINT('',(1.339853082668,1.507642283545,0.8200001));
#9751 = ADVANCED_FACE('',(#9752),#9762,.F.);
#9752 = FACE_BOUND('',#9753,.T.);
#9753 = EDGE_LOOP('',(#9754,#9755,#9760,#9761));
#9754 = ORIENTED_EDGE('',*,*,#206,.T.);
#9755 = ORIENTED_EDGE('',*,*,#9756,.F.);
#9756 = EDGE_CURVE('',#9440,#198,#9757,.T.);
#9757 = B_SPLINE_CURVE_WITH_KNOTS('',1,(#9758,#9759),.UNSPECIFIED.,.F.,
  .F.,(2,2),(-0.,1.E-02),.PIECEWISE_BEZIER_KNOTS.);
#9758 = CARTESIAN_POINT('',(1.339853082668,1.545031978215,0.8200001));
#9759 = CARTESIAN_POINT('',(1.339853082668,1.545031978215,0.8100001));
#9760 = ORIENTED_EDGE('',*,*,#9439,.F.);
#9761 = ORIENTED_EDGE('',*,*,#9740,.T.);
#9762 = B_SPLINE_SURFACE_WITH_KNOTS('',1,1,(
    (#9763,#9764)
    ,(#9765,#9766)),.UNSPECIFIED.,.F.,.F.,.F.,(2,2),(2,2),(-1.E-02,0.),(
    -3.738969467029E-02,0.),.PIECEWISE_BEZIER_KNOTS.);
#9763 = CARTESIAN_POINT('',(1.339853082668,1.507642283545,0.8100001));
#9764 = CARTESIAN_POINT('',(1.339853082668,1.545031978215,0.8100001));
#9765 = CARTESIAN_POINT('',(1.339853082668,1.507642283545,0.8200001));
#9766 = CARTESIAN_POINT('',(1.339853082668,1.545031978215,0.8200001));
#9767 = ADVANCED_FACE('',(#9768),#9774,.F.);
#9768 = FACE_BOUND('',#9769,.F.);
#9769 = EDGE_LOOP('',(#9770,#9771,#9772,#9773));
#9770 = ORIENTED_EDGE('',*,*,#9756,.F.);
#9771 = ORIENTED_EDGE('',*,*,#9446,.T.);
#9772 = ORIENTED_EDGE('',*,*,#9531,.T.);
#9773 = ORIENTED_EDGE('',*,*,#197,.F.);
#9774 = B_SPLINE_SURFACE_WITH_KNOTS('',3,1,(
    (#9775,#9776)
    ,(#9777,#9778)
    ,(#9779,#9780)
    ,(#9781,#9782
    )),.UNSPECIFIED.,.F.,.F.,.F.,(4,4),(2,2),(1.,2.),(0.,1.),
  .PIECEWISE_BEZIER_KNOTS.);
#9775 = CARTESIAN_POINT('',(1.339853082668,1.545031978215,0.8200001));
#9776 = CARTESIAN_POINT('',(1.339853082668,1.545031978215,0.8100001));
#9777 = CARTESIAN_POINT('',(1.339853082668,1.55975495031,0.8200001));
#9778 = CARTESIAN_POINT('',(1.339853082668,1.55975495031,0.8100001));
#9779 = CARTESIAN_POINT('',(1.332845114312,1.567074846041,0.8200001));
#9780 = CARTESIAN_POINT('',(1.332845114312,1.567074846041,0.8100001));
#9781 = CARTESIAN_POINT('',(1.318849972759,1.567074846041,0.8200001));
#9782 = CARTESIAN_POINT('',(1.318849972759,1.567074846041,0.8100001));
#9783 = ADVANCED_FACE('',(#9784),#9808,.T.);
#9784 = FACE_BOUND('',#9785,.T.);
#9785 = EDGE_LOOP('',(#9786,#9797,#9802,#9803));
#9786 = ORIENTED_EDGE('',*,*,#9787,.F.);
#9787 = EDGE_CURVE('',#9788,#9790,#9792,.T.);
#9788 = VERTEX_POINT('',#9789);
#9789 = CARTESIAN_POINT('',(1.316063421543,1.534967121585,0.8100001));
#9790 = VERTEX_POINT('',#9791);
#9791 = CARTESIAN_POINT('',(1.306206516496,1.531390354353,0.8100001));
#9792 = B_SPLINE_CURVE_WITH_KNOTS('',3,(#9793,#9794,#9795,#9796),
  .UNSPECIFIED.,.F.,.F.,(4,4),(0.,1.),.PIECEWISE_BEZIER_KNOTS.);
#9793 = CARTESIAN_POINT('',(1.316063421543,1.534967121585,0.8100001));
#9794 = CARTESIAN_POINT('',(1.311301330286,1.534301676519,0.8100001));
#9795 = CARTESIAN_POINT('',(1.308015695271,1.533137147653,0.8100001));
#9796 = CARTESIAN_POINT('',(1.306206516496,1.531390354353,0.8100001));
#9797 = ORIENTED_EDGE('',*,*,#9798,.F.);
#9798 = EDGE_CURVE('',#9467,#9788,#9799,.T.);
#9799 = B_SPLINE_CURVE_WITH_KNOTS('',1,(#9800,#9801),.UNSPECIFIED.,.F.,
  .F.,(2,2),(-0.,1.E-02),.PIECEWISE_BEZIER_KNOTS.);
#9800 = CARTESIAN_POINT('',(1.316063421543,1.534967121585,0.8200001));
#9801 = CARTESIAN_POINT('',(1.316063421543,1.534967121585,0.8100001));
#9802 = ORIENTED_EDGE('',*,*,#9466,.T.);
#9803 = ORIENTED_EDGE('',*,*,#9804,.T.);
#9804 = EDGE_CURVE('',#9456,#9790,#9805,.T.);
#9805 = B_SPLINE_CURVE_WITH_KNOTS('',1,(#9806,#9807),.UNSPECIFIED.,.F.,
  .F.,(2,2),(-0.,1.E-02),.PIECEWISE_BEZIER_KNOTS.);
#9806 = CARTESIAN_POINT('',(1.306206516496,1.531390354353,0.8200001));
#9807 = CARTESIAN_POINT('',(1.306206516496,1.531390354353,0.8100001));
#9808 = B_SPLINE_SURFACE_WITH_KNOTS('',3,1,(
    (#9809,#9810)
    ,(#9811,#9812)
    ,(#9813,#9814)
    ,(#9815,#9816
    )),.UNSPECIFIED.,.F.,.F.,.F.,(4,4),(2,2),(0.,1.),(0.,1.),
  .PIECEWISE_BEZIER_KNOTS.);
#9809 = CARTESIAN_POINT('',(1.316063421543,1.534967121585,0.8200001));
#9810 = CARTESIAN_POINT('',(1.316063421543,1.534967121585,0.8100001));
#9811 = CARTESIAN_POINT('',(1.311301330286,1.534301676519,0.8200001));
#9812 = CARTESIAN_POINT('',(1.311301330286,1.534301676519,0.8100001));
#9813 = CARTESIAN_POINT('',(1.308015695271,1.533137147653,0.8200001));
#9814 = CARTESIAN_POINT('',(1.308015695271,1.533137147653,0.8100001));
#9815 = CARTESIAN_POINT('',(1.306206516496,1.531390354353,0.8200001));
#9816 = CARTESIAN_POINT('',(1.306206516496,1.531390354353,0.8100001));
#9817 = ADVANCED_FACE('',(#9818),#9836,.T.);
#9818 = FACE_BOUND('',#9819,.T.);
#9819 = EDGE_LOOP('',(#9820,#9829,#9830,#9831));
#9820 = ORIENTED_EDGE('',*,*,#9821,.F.);
#9821 = EDGE_CURVE('',#9790,#9822,#9824,.T.);
#9822 = VERTEX_POINT('',#9823);
#9823 = CARTESIAN_POINT('',(1.303503145914,1.524028868305,0.8100001));
#9824 = B_SPLINE_CURVE_WITH_KNOTS('',3,(#9825,#9826,#9827,#9828),
  .UNSPECIFIED.,.F.,.F.,(4,4),(1.,2.),.PIECEWISE_BEZIER_KNOTS.);
#9825 = CARTESIAN_POINT('',(1.306206516496,1.531390354353,0.8100001));
#9826 = CARTESIAN_POINT('',(1.30441813288,1.529643561054,0.8100001));
#9827 = CARTESIAN_POINT('',(1.303503145914,1.527189732371,0.8100001));
#9828 = CARTESIAN_POINT('',(1.303503145914,1.524028868305,0.8100001));
#9829 = ORIENTED_EDGE('',*,*,#9804,.F.);
#9830 = ORIENTED_EDGE('',*,*,#9455,.T.);
#9831 = ORIENTED_EDGE('',*,*,#9832,.T.);
#9832 = EDGE_CURVE('',#9458,#9822,#9833,.T.);
#9833 = B_SPLINE_CURVE_WITH_KNOTS('',1,(#9834,#9835),.UNSPECIFIED.,.F.,
  .F.,(2,2),(-0.,1.E-02),.PIECEWISE_BEZIER_KNOTS.);
#9834 = CARTESIAN_POINT('',(1.303503145914,1.524028868305,0.8200001));
#9835 = CARTESIAN_POINT('',(1.303503145914,1.524028868305,0.8100001));
#9836 = B_SPLINE_SURFACE_WITH_KNOTS('',3,1,(
    (#9837,#9838)
    ,(#9839,#9840)
    ,(#9841,#9842)
    ,(#9843,#9844
    )),.UNSPECIFIED.,.F.,.F.,.F.,(4,4),(2,2),(1.,2.),(0.,1.),
  .PIECEWISE_BEZIER_KNOTS.);
#9837 = CARTESIAN_POINT('',(1.306206516496,1.531390354353,0.8200001));
#9838 = CARTESIAN_POINT('',(1.306206516496,1.531390354353,0.8100001));
#9839 = CARTESIAN_POINT('',(1.30441813288,1.529643561054,0.8200001));
#9840 = CARTESIAN_POINT('',(1.30441813288,1.529643561054,0.8100001));
#9841 = CARTESIAN_POINT('',(1.303503145914,1.527189732371,0.8200001));
#9842 = CARTESIAN_POINT('',(1.303503145914,1.527189732371,0.8100001));
#9843 = CARTESIAN_POINT('',(1.303503145914,1.524028868305,0.8200001));
#9844 = CARTESIAN_POINT('',(1.303503145914,1.524028868305,0.8100001));
#9845 = ADVANCED_FACE('',(#9846),#9864,.T.);
#9846 = FACE_BOUND('',#9847,.T.);
#9847 = EDGE_LOOP('',(#9848,#9857,#9858,#9859));
#9848 = ORIENTED_EDGE('',*,*,#9849,.F.);
#9849 = EDGE_CURVE('',#9822,#9850,#9852,.T.);
#9850 = VERTEX_POINT('',#9851);
#9851 = CARTESIAN_POINT('',(1.306456058396,1.517249646691,0.8100001));
#9852 = B_SPLINE_CURVE_WITH_KNOTS('',3,(#9853,#9854,#9855,#9856),
  .UNSPECIFIED.,.F.,.F.,(4,4),(2.,3.),.PIECEWISE_BEZIER_KNOTS.);
#9853 = CARTESIAN_POINT('',(1.303503145914,1.524028868305,0.8100001));
#9854 = CARTESIAN_POINT('',(1.303503145914,1.52124231709,0.8100001));
#9855 = CARTESIAN_POINT('',(1.304480518355,1.518996439991,0.8100001));
#9856 = CARTESIAN_POINT('',(1.306456058396,1.517249646691,0.8100001));
#9857 = ORIENTED_EDGE('',*,*,#9832,.F.);
#9858 = ORIENTED_EDGE('',*,*,#9516,.T.);
#9859 = ORIENTED_EDGE('',*,*,#9860,.T.);
#9860 = EDGE_CURVE('',#9508,#9850,#9861,.T.);
#9861 = B_SPLINE_CURVE_WITH_KNOTS('',1,(#9862,#9863),.UNSPECIFIED.,.F.,
  .F.,(2,2),(-0.,1.E-02),.PIECEWISE_BEZIER_KNOTS.);
#9862 = CARTESIAN_POINT('',(1.306456058396,1.517249646691,0.8200001));
#9863 = CARTESIAN_POINT('',(1.306456058396,1.517249646691,0.8100001));
#9864 = B_SPLINE_SURFACE_WITH_KNOTS('',3,1,(
    (#9865,#9866)
    ,(#9867,#9868)
    ,(#9869,#9870)
    ,(#9871,#9872
    )),.UNSPECIFIED.,.F.,.F.,.F.,(4,4),(2,2),(2.,3.),(0.,1.),
  .PIECEWISE_BEZIER_KNOTS.);
#9865 = CARTESIAN_POINT('',(1.303503145914,1.524028868305,0.8200001));
#9866 = CARTESIAN_POINT('',(1.303503145914,1.524028868305,0.8100001));
#9867 = CARTESIAN_POINT('',(1.303503145914,1.52124231709,0.8200001));
#9868 = CARTESIAN_POINT('',(1.303503145914,1.52124231709,0.8100001));
#9869 = CARTESIAN_POINT('',(1.304480518355,1.518996439991,0.8200001));
#9870 = CARTESIAN_POINT('',(1.304480518355,1.518996439991,0.8100001));
#9871 = CARTESIAN_POINT('',(1.306456058396,1.517249646691,0.8200001));
#9872 = CARTESIAN_POINT('',(1.306456058396,1.517249646691,0.8100001));
#9873 = ADVANCED_FACE('',(#9874),#9892,.T.);
#9874 = FACE_BOUND('',#9875,.T.);
#9875 = EDGE_LOOP('',(#9876,#9885,#9886,#9887));
#9876 = ORIENTED_EDGE('',*,*,#9877,.F.);
#9877 = EDGE_CURVE('',#9850,#9878,#9880,.T.);
#9878 = VERTEX_POINT('',#9879);
#9879 = CARTESIAN_POINT('',(1.31423344761,1.514629456742,0.8100001));
#9880 = B_SPLINE_CURVE_WITH_KNOTS('',3,(#9881,#9882,#9883,#9884),
  .UNSPECIFIED.,.F.,.F.,(4,4),(3.,4.),.PIECEWISE_BEZIER_KNOTS.);
#9881 = CARTESIAN_POINT('',(1.306456058396,1.517249646691,0.8100001));
#9882 = CARTESIAN_POINT('',(1.308410803279,1.515502853392,0.8100001));
#9883 = CARTESIAN_POINT('',(1.31101019807,1.514629456742,0.8100001));
#9884 = CARTESIAN_POINT('',(1.31423344761,1.514629456742,0.8100001));
#9885 = ORIENTED_EDGE('',*,*,#9860,.F.);
#9886 = ORIENTED_EDGE('',*,*,#9507,.T.);
#9887 = ORIENTED_EDGE('',*,*,#9888,.T.);
#9888 = EDGE_CURVE('',#9499,#9878,#9889,.T.);
#9889 = B_SPLINE_CURVE_WITH_KNOTS('',1,(#9890,#9891),.UNSPECIFIED.,.F.,
  .F.,(2,2),(-0.,1.E-02),.PIECEWISE_BEZIER_KNOTS.);
#9890 = CARTESIAN_POINT('',(1.31423344761,1.514629456742,0.8200001));
#9891 = CARTESIAN_POINT('',(1.31423344761,1.514629456742,0.8100001));
#9892 = B_SPLINE_SURFACE_WITH_KNOTS('',3,1,(
    (#9893,#9894)
    ,(#9895,#9896)
    ,(#9897,#9898)
    ,(#9899,#9900
    )),.UNSPECIFIED.,.F.,.F.,.F.,(4,4),(2,2),(3.,4.),(0.,1.),
  .PIECEWISE_BEZIER_KNOTS.);
#9893 = CARTESIAN_POINT('',(1.306456058396,1.517249646691,0.8200001));
#9894 = CARTESIAN_POINT('',(1.306456058396,1.517249646691,0.8100001));
#9895 = CARTESIAN_POINT('',(1.308410803279,1.515502853392,0.8200001));
#9896 = CARTESIAN_POINT('',(1.308410803279,1.515502853392,0.8100001));
#9897 = CARTESIAN_POINT('',(1.31101019807,1.514629456742,0.8200001));
#9898 = CARTESIAN_POINT('',(1.31101019807,1.514629456742,0.8100001));
#9899 = CARTESIAN_POINT('',(1.31423344761,1.514629456742,0.8200001));
#9900 = CARTESIAN_POINT('',(1.31423344761,1.514629456742,0.8100001));
#9901 = ADVANCED_FACE('',(#9902),#9920,.T.);
#9902 = FACE_BOUND('',#9903,.T.);
#9903 = EDGE_LOOP('',(#9904,#9913,#9914,#9915));
#9904 = ORIENTED_EDGE('',*,*,#9905,.F.);
#9905 = EDGE_CURVE('',#9878,#9906,#9908,.T.);
#9906 = VERTEX_POINT('',#9907);
#9907 = CARTESIAN_POINT('',(1.32529647184,1.519370752841,0.8100001));
#9908 = B_SPLINE_CURVE_WITH_KNOTS('',3,(#9909,#9910,#9911,#9912),
  .UNSPECIFIED.,.F.,.F.,(4,4),(4.,5.),.PIECEWISE_BEZIER_KNOTS.);
#9909 = CARTESIAN_POINT('',(1.31423344761,1.514629456742,0.8100001));
#9910 = CARTESIAN_POINT('',(1.31870440665,1.514629456742,0.8100001));
#9911 = CARTESIAN_POINT('',(1.322405944832,1.516209888775,0.8100001));
#9912 = CARTESIAN_POINT('',(1.32529647184,1.519370752841,0.8100001));
#9913 = ORIENTED_EDGE('',*,*,#9888,.F.);
#9914 = ORIENTED_EDGE('',*,*,#9498,.T.);
#9915 = ORIENTED_EDGE('',*,*,#9916,.T.);
#9916 = EDGE_CURVE('',#9490,#9906,#9917,.T.);
#9917 = B_SPLINE_CURVE_WITH_KNOTS('',1,(#9918,#9919),.UNSPECIFIED.,.F.,
  .F.,(2,2),(-0.,1.E-02),.PIECEWISE_BEZIER_KNOTS.);
#9918 = CARTESIAN_POINT('',(1.32529647184,1.519370752841,0.8200001));
#9919 = CARTESIAN_POINT('',(1.32529647184,1.519370752841,0.8100001));
#9920 = B_SPLINE_SURFACE_WITH_KNOTS('',3,1,(
    (#9921,#9922)
    ,(#9923,#9924)
    ,(#9925,#9926)
    ,(#9927,#9928
    )),.UNSPECIFIED.,.F.,.F.,.F.,(4,4),(2,2),(4.,5.),(0.,1.),
  .PIECEWISE_BEZIER_KNOTS.);
#9921 = CARTESIAN_POINT('',(1.31423344761,1.514629456742,0.8200001));
#9922 = CARTESIAN_POINT('',(1.31423344761,1.514629456742,0.8100001));
#9923 = CARTESIAN_POINT('',(1.31870440665,1.514629456742,0.8200001));
#9924 = CARTESIAN_POINT('',(1.31870440665,1.514629456742,0.8100001));
#9925 = CARTESIAN_POINT('',(1.322405944832,1.516209888775,0.8200001));
#9926 = CARTESIAN_POINT('',(1.322405944832,1.516209888775,0.8100001));
#9927 = CARTESIAN_POINT('',(1.32529647184,1.519370752841,0.8200001));
#9928 = CARTESIAN_POINT('',(1.32529647184,1.519370752841,0.8100001));
#9929 = ADVANCED_FACE('',(#9930),#9948,.T.);
#9930 = FACE_BOUND('',#9931,.T.);
#9931 = EDGE_LOOP('',(#9932,#9941,#9942,#9943));
#9932 = ORIENTED_EDGE('',*,*,#9933,.F.);
#9933 = EDGE_CURVE('',#9906,#9934,#9936,.T.);
#9934 = VERTEX_POINT('',#9935);
#9935 = CARTESIAN_POINT('',(1.329663455088,1.531223993087,0.8100001));
#9936 = B_SPLINE_CURVE_WITH_KNOTS('',3,(#9937,#9938,#9939,#9940),
  .UNSPECIFIED.,.F.,.F.,(4,4),(5.,6.),.PIECEWISE_BEZIER_KNOTS.);
#9937 = CARTESIAN_POINT('',(1.32529647184,1.519370752841,0.8100001));
#9938 = CARTESIAN_POINT('',(1.328207794005,1.522490026589,0.8100001));
#9939 = CARTESIAN_POINT('',(1.329663455088,1.526441106671,0.8100001));
#9940 = CARTESIAN_POINT('',(1.329663455088,1.531223993087,0.8100001));
#9941 = ORIENTED_EDGE('',*,*,#9916,.F.);
#9942 = ORIENTED_EDGE('',*,*,#9489,.T.);
#9943 = ORIENTED_EDGE('',*,*,#9944,.T.);
#9944 = EDGE_CURVE('',#9483,#9934,#9945,.T.);
#9945 = B_SPLINE_CURVE_WITH_KNOTS('',1,(#9946,#9947),.UNSPECIFIED.,.F.,
  .F.,(2,2),(-0.,1.E-02),.PIECEWISE_BEZIER_KNOTS.);
#9946 = CARTESIAN_POINT('',(1.329663455088,1.531223993087,0.8200001));
#9947 = CARTESIAN_POINT('',(1.329663455088,1.531223993087,0.8100001));
#9948 = B_SPLINE_SURFACE_WITH_KNOTS('',3,1,(
    (#9949,#9950)
    ,(#9951,#9952)
    ,(#9953,#9954)
    ,(#9955,#9956
    )),.UNSPECIFIED.,.F.,.F.,.F.,(4,4),(2,2),(5.,6.),(0.,1.),
  .PIECEWISE_BEZIER_KNOTS.);
#9949 = CARTESIAN_POINT('',(1.32529647184,1.519370752841,0.8200001));
#9950 = CARTESIAN_POINT('',(1.32529647184,1.519370752841,0.8100001));
#9951 = CARTESIAN_POINT('',(1.328207794005,1.522490026589,0.8200001));
#9952 = CARTESIAN_POINT('',(1.328207794005,1.522490026589,0.8100001));
#9953 = CARTESIAN_POINT('',(1.329663455088,1.526441106671,0.8200001));
#9954 = CARTESIAN_POINT('',(1.329663455088,1.526441106671,0.8100001));
#9955 = CARTESIAN_POINT('',(1.329663455088,1.531223993087,0.8200001));
#9956 = CARTESIAN_POINT('',(1.329663455088,1.531223993087,0.8100001));
#9957 = ADVANCED_FACE('',(#9958),#9974,.T.);
#9958 = FACE_BOUND('',#9959,.T.);
#9959 = EDGE_LOOP('',(#9960,#9967,#9968,#9969));
#9960 = ORIENTED_EDGE('',*,*,#9961,.F.);
#9961 = EDGE_CURVE('',#9934,#9962,#9964,.T.);
#9962 = VERTEX_POINT('',#9963);
#9963 = CARTESIAN_POINT('',(1.329663455088,1.536797095518,0.8100001));
#9964 = B_SPLINE_CURVE_WITH_KNOTS('',1,(#9965,#9966),.UNSPECIFIED.,.F.,
  .F.,(2,2),(0.,5.573102431759E-03),.PIECEWISE_BEZIER_KNOTS.);
#9965 = CARTESIAN_POINT('',(1.329663455088,1.531223993087,0.8100001));
#9966 = CARTESIAN_POINT('',(1.329663455088,1.536797095518,0.8100001));
#9967 = ORIENTED_EDGE('',*,*,#9944,.F.);
#9968 = ORIENTED_EDGE('',*,*,#9482,.T.);
#9969 = ORIENTED_EDGE('',*,*,#9970,.T.);
#9970 = EDGE_CURVE('',#9476,#9962,#9971,.T.);
#9971 = B_SPLINE_CURVE_WITH_KNOTS('',1,(#9972,#9973),.UNSPECIFIED.,.F.,
  .F.,(2,2),(-0.,1.E-02),.PIECEWISE_BEZIER_KNOTS.);
#9972 = CARTESIAN_POINT('',(1.329663455088,1.536797095518,0.8200001));
#9973 = CARTESIAN_POINT('',(1.329663455088,1.536797095518,0.8100001));
#9974 = B_SPLINE_SURFACE_WITH_KNOTS('',1,1,(
    (#9975,#9976)
    ,(#9977,#9978
    )),.UNSPECIFIED.,.F.,.F.,.F.,(2,2),(2,2),(-1.E-02,0.),(0.,
    5.573102431759E-03),.PIECEWISE_BEZIER_KNOTS.);
#9975 = CARTESIAN_POINT('',(1.329663455088,1.531223993087,0.8100001));
#9976 = CARTESIAN_POINT('',(1.329663455088,1.536797095518,0.8100001));
#9977 = CARTESIAN_POINT('',(1.329663455088,1.531223993087,0.8200001));
#9978 = CARTESIAN_POINT('',(1.329663455088,1.536797095518,0.8200001));
#9979 = ADVANCED_FACE('',(#9980),#9990,.T.);
#9980 = FACE_BOUND('',#9981,.T.);
#9981 = EDGE_LOOP('',(#9982,#9987,#9988,#9989));
#9982 = ORIENTED_EDGE('',*,*,#9983,.F.);
#9983 = EDGE_CURVE('',#9962,#9788,#9984,.T.);
#9984 = B_SPLINE_CURVE_WITH_KNOTS('',1,(#9985,#9986),.UNSPECIFIED.,.F.,
  .F.,(2,2),(0.,1.372259877109E-02),.PIECEWISE_BEZIER_KNOTS.);
#9985 = CARTESIAN_POINT('',(1.329663455088,1.536797095518,0.8100001));
#9986 = CARTESIAN_POINT('',(1.316063421543,1.534967121585,0.8100001));
#9987 = ORIENTED_EDGE('',*,*,#9970,.F.);
#9988 = ORIENTED_EDGE('',*,*,#9475,.T.);
#9989 = ORIENTED_EDGE('',*,*,#9798,.T.);
#9990 = B_SPLINE_SURFACE_WITH_KNOTS('',1,1,(
    (#9991,#9992)
    ,(#9993,#9994
    )),.UNSPECIFIED.,.F.,.F.,.F.,(2,2),(2,2),(-1.372259877109E-02,0.),(
    -1.E-02,0.),.PIECEWISE_BEZIER_KNOTS.);
#9991 = CARTESIAN_POINT('',(1.316063421543,1.534967121585,0.8100001));
#9992 = CARTESIAN_POINT('',(1.316063421543,1.534967121585,0.8200001));
#9993 = CARTESIAN_POINT('',(1.329663455088,1.536797095518,0.8100001));
#9994 = CARTESIAN_POINT('',(1.329663455088,1.536797095518,0.8200001));
#9995 = ADVANCED_FACE('',(#9996),#10006,.F.);
#9996 = FACE_BOUND('',#9997,.T.);
#9997 = EDGE_LOOP('',(#9998,#9999,#10000,#10001,#10002,#10003,#10004,
    #10005));
#9998 = ORIENTED_EDGE('',*,*,#9983,.T.);
#9999 = ORIENTED_EDGE('',*,*,#9787,.T.);
#10000 = ORIENTED_EDGE('',*,*,#9821,.T.);
#10001 = ORIENTED_EDGE('',*,*,#9849,.T.);
#10002 = ORIENTED_EDGE('',*,*,#9877,.T.);
#10003 = ORIENTED_EDGE('',*,*,#9905,.T.);
#10004 = ORIENTED_EDGE('',*,*,#9933,.T.);
#10005 = ORIENTED_EDGE('',*,*,#9961,.T.);
#10006 = B_SPLINE_SURFACE_WITH_KNOTS('',1,1,(
    (#10007,#10008)
    ,(#10009,#10010
    )),.UNSPECIFIED.,.F.,.F.,.F.,(2,2),(2,2),(-1.329663455088,
    -1.303503145914),(1.514629456742,1.536797095518),
  .PIECEWISE_BEZIER_KNOTS.);
#10007 = CARTESIAN_POINT('',(1.329663455088,1.514629456742,0.8100001));
#10008 = CARTESIAN_POINT('',(1.329663455088,1.536797095518,0.8100001));
#10009 = CARTESIAN_POINT('',(1.303503145914,1.514629456742,0.8100001));
#10010 = CARTESIAN_POINT('',(1.303503145914,1.536797095518,0.8100001));
#10011 = ADVANCED_FACE('',(#10012),#10036,.F.);
#10012 = FACE_BOUND('',#10013,.F.);
#10013 = EDGE_LOOP('',(#10014,#10021,#10030,#10035));
#10014 = ORIENTED_EDGE('',*,*,#10015,.F.);
#10015 = EDGE_CURVE('',#10016,#801,#10018,.T.);
#10016 = VERTEX_POINT('',#10017);
#10017 = CARTESIAN_POINT('',(1.370421965408,1.514587866426,0.8200001));
#10018 = B_SPLINE_CURVE_WITH_KNOTS('',1,(#10019,#10020),.UNSPECIFIED.,
  .F.,.F.,(2,2),(-0.,1.E-02),.PIECEWISE_BEZIER_KNOTS.);
#10019 = CARTESIAN_POINT('',(1.370421965408,1.514587866426,0.8200001));
#10020 = CARTESIAN_POINT('',(1.370421965408,1.514587866426,0.8100001));
#10021 = ORIENTED_EDGE('',*,*,#10022,.T.);
#10022 = EDGE_CURVE('',#10016,#10023,#10025,.T.);
#10023 = VERTEX_POINT('',#10024);
#10024 = CARTESIAN_POINT('',(1.353661067797,1.520202559173,0.8200001));
#10025 = B_SPLINE_CURVE_WITH_KNOTS('',3,(#10026,#10027,#10028,#10029),
  .UNSPECIFIED.,.F.,.F.,(4,4),(0.,1.),.PIECEWISE_BEZIER_KNOTS.);
#10026 = CARTESIAN_POINT('',(1.370421965408,1.514587866426,0.8200001));
#10027 = CARTESIAN_POINT('',(1.36443295981,1.514587866426,0.8200001));
#10028 = CARTESIAN_POINT('',(1.358859857379,1.516459430675,0.8200001));
#10029 = CARTESIAN_POINT('',(1.353661067797,1.520202559173,0.8200001));
#10030 = ORIENTED_EDGE('',*,*,#10031,.T.);
#10031 = EDGE_CURVE('',#10023,#803,#10032,.T.);
#10032 = B_SPLINE_CURVE_WITH_KNOTS('',1,(#10033,#10034),.UNSPECIFIED.,
  .F.,.F.,(2,2),(-0.,1.E-02),.PIECEWISE_BEZIER_KNOTS.);
#10033 = CARTESIAN_POINT('',(1.353661067797,1.520202559173,0.8200001));
#10034 = CARTESIAN_POINT('',(1.353661067797,1.520202559173,0.8100001));
#10035 = ORIENTED_EDGE('',*,*,#800,.F.);
#10036 = B_SPLINE_SURFACE_WITH_KNOTS('',3,1,(
    (#10037,#10038)
    ,(#10039,#10040)
    ,(#10041,#10042)
    ,(#10043,#10044
    )),.UNSPECIFIED.,.F.,.F.,.F.,(4,4),(2,2),(0.,1.),(0.,1.),
  .PIECEWISE_BEZIER_KNOTS.);
#10037 = CARTESIAN_POINT('',(1.370421965408,1.514587866426,0.8200001));
#10038 = CARTESIAN_POINT('',(1.370421965408,1.514587866426,0.8100001));
#10039 = CARTESIAN_POINT('',(1.36443295981,1.514587866426,0.8200001));
#10040 = CARTESIAN_POINT('',(1.36443295981,1.514587866426,0.8100001));
#10041 = CARTESIAN_POINT('',(1.358859857379,1.516459430675,0.8200001));
#10042 = CARTESIAN_POINT('',(1.358859857379,1.516459430675,0.8100001));
#10043 = CARTESIAN_POINT('',(1.353661067797,1.520202559173,0.8200001));
#10044 = CARTESIAN_POINT('',(1.353661067797,1.520202559173,0.8100001));
#10045 = ADVANCED_FACE('',(#10046),#10062,.F.);
#10046 = FACE_BOUND('',#10047,.T.);
#10047 = EDGE_LOOP('',(#10048,#10049,#10056,#10061));
#10048 = ORIENTED_EDGE('',*,*,#980,.T.);
#10049 = ORIENTED_EDGE('',*,*,#10050,.F.);
#10050 = EDGE_CURVE('',#10051,#972,#10053,.T.);
#10051 = VERTEX_POINT('',#10052);
#10052 = CARTESIAN_POINT('',(1.353661067797,1.509680209061,0.8200001));
#10053 = B_SPLINE_CURVE_WITH_KNOTS('',1,(#10054,#10055),.UNSPECIFIED.,
  .F.,.F.,(2,2),(-0.,1.E-02),.PIECEWISE_BEZIER_KNOTS.);
#10054 = CARTESIAN_POINT('',(1.353661067797,1.509680209061,0.8200001));
#10055 = CARTESIAN_POINT('',(1.353661067797,1.509680209061,0.8100001));
#10056 = ORIENTED_EDGE('',*,*,#10057,.F.);
#10057 = EDGE_CURVE('',#10023,#10051,#10058,.T.);
#10058 = B_SPLINE_CURVE_WITH_KNOTS('',1,(#10059,#10060),.UNSPECIFIED.,
  .F.,.F.,(2,2),(-1.052235011278E-02,-0.),.PIECEWISE_BEZIER_KNOTS.);
#10059 = CARTESIAN_POINT('',(1.353661067797,1.520202559173,0.8200001));
#10060 = CARTESIAN_POINT('',(1.353661067797,1.509680209061,0.8200001));
#10061 = ORIENTED_EDGE('',*,*,#10031,.T.);
#10062 = B_SPLINE_SURFACE_WITH_KNOTS('',1,1,(
    (#10063,#10064)
    ,(#10065,#10066
  )),.UNSPECIFIED.,.F.,.F.,.F.,(2,2),(2,2),(0.,1.E-02),(0.,
    1.052235011278E-02),.PIECEWISE_BEZIER_KNOTS.);
#10063 = CARTESIAN_POINT('',(1.353661067797,1.509680209061,0.8200001));
#10064 = CARTESIAN_POINT('',(1.353661067797,1.520202559173,0.8200001));
#10065 = CARTESIAN_POINT('',(1.353661067797,1.509680209061,0.8100001));
#10066 = CARTESIAN_POINT('',(1.353661067797,1.520202559173,0.8100001));
#10067 = ADVANCED_FACE('',(#10068),#10086,.F.);
#10068 = FACE_BOUND('',#10069,.F.);
#10069 = EDGE_LOOP('',(#10070,#10071,#10080,#10085));
#10070 = ORIENTED_EDGE('',*,*,#10050,.F.);
#10071 = ORIENTED_EDGE('',*,*,#10072,.T.);
#10072 = EDGE_CURVE('',#10051,#10073,#10075,.T.);
#10073 = VERTEX_POINT('',#10074);
#10074 = CARTESIAN_POINT('',(1.369423797808,1.506269803095,0.8200001));
#10075 = B_SPLINE_CURVE_WITH_KNOTS('',3,(#10076,#10077,#10078,#10079),
  .UNSPECIFIED.,.F.,.F.,(4,4),(19.,20.),.PIECEWISE_BEZIER_KNOTS.);
#10076 = CARTESIAN_POINT('',(1.353661067797,1.509680209061,0.8200001));
#10077 = CARTESIAN_POINT('',(1.358152821995,1.507434331961,0.8200001));
#10078 = CARTESIAN_POINT('',(1.363393201894,1.506269803095,0.8200001));
#10079 = CARTESIAN_POINT('',(1.369423797808,1.506269803095,0.8200001));
#10080 = ORIENTED_EDGE('',*,*,#10081,.T.);
#10081 = EDGE_CURVE('',#10073,#963,#10082,.T.);
#10082 = B_SPLINE_CURVE_WITH_KNOTS('',1,(#10083,#10084),.UNSPECIFIED.,
  .F.,.F.,(2,2),(-0.,1.E-02),.PIECEWISE_BEZIER_KNOTS.);
#10083 = CARTESIAN_POINT('',(1.369423797808,1.506269803095,0.8200001));
#10084 = CARTESIAN_POINT('',(1.369423797808,1.506269803095,0.8100001));
#10085 = ORIENTED_EDGE('',*,*,#971,.F.);
#10086 = B_SPLINE_SURFACE_WITH_KNOTS('',3,1,(
    (#10087,#10088)
    ,(#10089,#10090)
    ,(#10091,#10092)
    ,(#10093,#10094
    )),.UNSPECIFIED.,.F.,.F.,.F.,(4,4),(2,2),(19.,20.),(0.,1.),
  .PIECEWISE_BEZIER_KNOTS.);
#10087 = CARTESIAN_POINT('',(1.353661067797,1.509680209061,0.8200001));
#10088 = CARTESIAN_POINT('',(1.353661067797,1.509680209061,0.8100001));
#10089 = CARTESIAN_POINT('',(1.358152821995,1.507434331961,0.8200001));
#10090 = CARTESIAN_POINT('',(1.358152821995,1.507434331961,0.8100001));
#10091 = CARTESIAN_POINT('',(1.363393201894,1.506269803095,0.8200001));
#10092 = CARTESIAN_POINT('',(1.363393201894,1.506269803095,0.8100001));
#10093 = CARTESIAN_POINT('',(1.369423797808,1.506269803095,0.8200001));
#10094 = CARTESIAN_POINT('',(1.369423797808,1.506269803095,0.8100001));
#10095 = ADVANCED_FACE('',(#10096),#10114,.F.);
#10096 = FACE_BOUND('',#10097,.F.);
#10097 = EDGE_LOOP('',(#10098,#10099,#10108,#10113));
#10098 = ORIENTED_EDGE('',*,*,#10081,.F.);
#10099 = ORIENTED_EDGE('',*,*,#10100,.T.);
#10100 = EDGE_CURVE('',#10073,#10101,#10103,.T.);
#10101 = VERTEX_POINT('',#10102);
#10102 = CARTESIAN_POINT('',(1.386351056686,1.510886328243,0.8200001));
#10103 = B_SPLINE_CURVE_WITH_KNOTS('',3,(#10104,#10105,#10106,#10107),
  .UNSPECIFIED.,.F.,.F.,(4,4),(18.,19.),.PIECEWISE_BEZIER_KNOTS.);
#10104 = CARTESIAN_POINT('',(1.369423797808,1.506269803095,0.8200001));
#10105 = CARTESIAN_POINT('',(1.376348585531,1.506269803095,0.8200001));
#10106 = CARTESIAN_POINT('',(1.382004868596,1.507808644811,0.8200001));
#10107 = CARTESIAN_POINT('',(1.386351056686,1.510886328243,0.8200001));
#10108 = ORIENTED_EDGE('',*,*,#10109,.T.);
#10109 = EDGE_CURVE('',#10101,#954,#10110,.T.);
#10110 = B_SPLINE_CURVE_WITH_KNOTS('',1,(#10111,#10112),.UNSPECIFIED.,
  .F.,.F.,(2,2),(-0.,1.E-02),.PIECEWISE_BEZIER_KNOTS.);
#10111 = CARTESIAN_POINT('',(1.386351056686,1.510886328243,0.8200001));
#10112 = CARTESIAN_POINT('',(1.386351056686,1.510886328243,0.8100001));
#10113 = ORIENTED_EDGE('',*,*,#962,.F.);
#10114 = B_SPLINE_SURFACE_WITH_KNOTS('',3,1,(
    (#10115,#10116)
    ,(#10117,#10118)
    ,(#10119,#10120)
    ,(#10121,#10122
    )),.UNSPECIFIED.,.F.,.F.,.F.,(4,4),(2,2),(18.,19.),(0.,1.),
  .PIECEWISE_BEZIER_KNOTS.);
#10115 = CARTESIAN_POINT('',(1.369423797808,1.506269803095,0.8200001));
#10116 = CARTESIAN_POINT('',(1.369423797808,1.506269803095,0.8100001));
#10117 = CARTESIAN_POINT('',(1.376348585531,1.506269803095,0.8200001));
#10118 = CARTESIAN_POINT('',(1.376348585531,1.506269803095,0.8100001));
#10119 = CARTESIAN_POINT('',(1.382004868596,1.507808644811,0.8200001));
#10120 = CARTESIAN_POINT('',(1.382004868596,1.507808644811,0.8100001));
#10121 = CARTESIAN_POINT('',(1.386351056686,1.510886328243,0.8200001));
#10122 = CARTESIAN_POINT('',(1.386351056686,1.510886328243,0.8100001));
#10123 = ADVANCED_FACE('',(#10124),#10142,.F.);
#10124 = FACE_BOUND('',#10125,.F.);
#10125 = EDGE_LOOP('',(#10126,#10127,#10136,#10141));
#10126 = ORIENTED_EDGE('',*,*,#10109,.F.);
#10127 = ORIENTED_EDGE('',*,*,#10128,.T.);
#10128 = EDGE_CURVE('',#10101,#10129,#10131,.T.);
#10129 = VERTEX_POINT('',#10130);
#10130 = CARTESIAN_POINT('',(1.392901531559,1.523446603872,0.8200001));
#10131 = B_SPLINE_CURVE_WITH_KNOTS('',3,(#10132,#10133,#10134,#10135),
  .UNSPECIFIED.,.F.,.F.,(4,4),(17.,18.),.PIECEWISE_BEZIER_KNOTS.);
#10132 = CARTESIAN_POINT('',(1.386351056686,1.510886328243,0.8200001));
#10133 = CARTESIAN_POINT('',(1.390718039934,1.513922421359,0.8200001));
#10134 = CARTESIAN_POINT('',(1.392901531559,1.518123043341,0.8200001));
#10135 = CARTESIAN_POINT('',(1.392901531559,1.523446603872,0.8200001));
#10136 = ORIENTED_EDGE('',*,*,#10137,.T.);
#10137 = EDGE_CURVE('',#10129,#945,#10138,.T.);
#10138 = B_SPLINE_CURVE_WITH_KNOTS('',1,(#10139,#10140),.UNSPECIFIED.,
  .F.,.F.,(2,2),(-0.,1.E-02),.PIECEWISE_BEZIER_KNOTS.);
#10139 = CARTESIAN_POINT('',(1.392901531559,1.523446603872,0.8200001));
#10140 = CARTESIAN_POINT('',(1.392901531559,1.523446603872,0.8100001));
#10141 = ORIENTED_EDGE('',*,*,#953,.F.);
#10142 = B_SPLINE_SURFACE_WITH_KNOTS('',3,1,(
    (#10143,#10144)
    ,(#10145,#10146)
    ,(#10147,#10148)
    ,(#10149,#10150
    )),.UNSPECIFIED.,.F.,.F.,.F.,(4,4),(2,2),(17.,18.),(0.,1.),
  .PIECEWISE_BEZIER_KNOTS.);
#10143 = CARTESIAN_POINT('',(1.386351056686,1.510886328243,0.8200001));
#10144 = CARTESIAN_POINT('',(1.386351056686,1.510886328243,0.8100001));
#10145 = CARTESIAN_POINT('',(1.390718039934,1.513922421359,0.8200001));
#10146 = CARTESIAN_POINT('',(1.390718039934,1.513922421359,0.8100001));
#10147 = CARTESIAN_POINT('',(1.392901531559,1.518123043341,0.8200001));
#10148 = CARTESIAN_POINT('',(1.392901531559,1.518123043341,0.8100001));
#10149 = CARTESIAN_POINT('',(1.392901531559,1.523446603872,0.8200001));
#10150 = CARTESIAN_POINT('',(1.392901531559,1.523446603872,0.8100001));
#10151 = ADVANCED_FACE('',(#10152),#10170,.F.);
#10152 = FACE_BOUND('',#10153,.F.);
#10153 = EDGE_LOOP('',(#10154,#10155,#10164,#10169));
#10154 = ORIENTED_EDGE('',*,*,#10137,.F.);
#10155 = ORIENTED_EDGE('',*,*,#10156,.T.);
#10156 = EDGE_CURVE('',#10129,#10157,#10159,.T.);
#10157 = VERTEX_POINT('',#10158);
#10158 = CARTESIAN_POINT('',(1.389491125593,1.533053967019,0.8200001));
#10159 = B_SPLINE_CURVE_WITH_KNOTS('',3,(#10160,#10161,#10162,#10163),
  .UNSPECIFIED.,.F.,.F.,(4,4),(16.,17.),.PIECEWISE_BEZIER_KNOTS.);
#10160 = CARTESIAN_POINT('',(1.392901531559,1.523446603872,0.8200001));
#10161 = CARTESIAN_POINT('',(1.392901531559,1.527272913005,0.8200001));
#10162 = CARTESIAN_POINT('',(1.391757797851,1.530475367387,0.8200001));
#10163 = CARTESIAN_POINT('',(1.389491125593,1.533053967019,0.8200001));
#10164 = ORIENTED_EDGE('',*,*,#10165,.T.);
#10165 = EDGE_CURVE('',#10157,#936,#10166,.T.);
#10166 = B_SPLINE_CURVE_WITH_KNOTS('',1,(#10167,#10168),.UNSPECIFIED.,
  .F.,.F.,(2,2),(-0.,1.E-02),.PIECEWISE_BEZIER_KNOTS.);
#10167 = CARTESIAN_POINT('',(1.389491125593,1.533053967019,0.8200001));
#10168 = CARTESIAN_POINT('',(1.389491125593,1.533053967019,0.8100001));
#10169 = ORIENTED_EDGE('',*,*,#944,.F.);
#10170 = B_SPLINE_SURFACE_WITH_KNOTS('',3,1,(
    (#10171,#10172)
    ,(#10173,#10174)
    ,(#10175,#10176)
    ,(#10177,#10178
    )),.UNSPECIFIED.,.F.,.F.,.F.,(4,4),(2,2),(16.,17.),(0.,1.),
  .PIECEWISE_BEZIER_KNOTS.);
#10171 = CARTESIAN_POINT('',(1.392901531559,1.523446603872,0.8200001));
#10172 = CARTESIAN_POINT('',(1.392901531559,1.523446603872,0.8100001));
#10173 = CARTESIAN_POINT('',(1.392901531559,1.527272913005,0.8200001));
#10174 = CARTESIAN_POINT('',(1.392901531559,1.527272913005,0.8100001));
#10175 = CARTESIAN_POINT('',(1.391757797851,1.530475367387,0.8200001));
#10176 = CARTESIAN_POINT('',(1.391757797851,1.530475367387,0.8100001));
#10177 = CARTESIAN_POINT('',(1.389491125593,1.533053967019,0.8200001));
#10178 = CARTESIAN_POINT('',(1.389491125593,1.533053967019,0.8100001));
#10179 = ADVANCED_FACE('',(#10180),#10198,.F.);
#10180 = FACE_BOUND('',#10181,.F.);
#10181 = EDGE_LOOP('',(#10182,#10183,#10192,#10197));
#10182 = ORIENTED_EDGE('',*,*,#10165,.F.);
#10183 = ORIENTED_EDGE('',*,*,#10184,.T.);
#10184 = EDGE_CURVE('',#10157,#10185,#10187,.T.);
#10185 = VERTEX_POINT('',#10186);
#10186 = CARTESIAN_POINT('',(1.376348585531,1.540581814333,0.8200001));
#10187 = B_SPLINE_CURVE_WITH_KNOTS('',3,(#10188,#10189,#10190,#10191),
  .UNSPECIFIED.,.F.,.F.,(4,4),(15.,16.),.PIECEWISE_BEZIER_KNOTS.);
#10188 = CARTESIAN_POINT('',(1.389491125593,1.533053967019,0.8200001));
#10189 = CARTESIAN_POINT('',(1.387203658177,1.535632566652,0.8200001));
#10190 = CARTESIAN_POINT('',(1.382836674929,1.538169575967,0.8200001));
#10191 = CARTESIAN_POINT('',(1.376348585531,1.540581814333,0.8200001));
#10192 = ORIENTED_EDGE('',*,*,#10193,.T.);
#10193 = EDGE_CURVE('',#10185,#927,#10194,.T.);
#10194 = B_SPLINE_CURVE_WITH_KNOTS('',1,(#10195,#10196),.UNSPECIFIED.,
  .F.,.F.,(2,2),(-0.,1.E-02),.PIECEWISE_BEZIER_KNOTS.);
#10195 = CARTESIAN_POINT('',(1.376348585531,1.540581814333,0.8200001));
#10196 = CARTESIAN_POINT('',(1.376348585531,1.540581814333,0.8100001));
#10197 = ORIENTED_EDGE('',*,*,#935,.F.);
#10198 = B_SPLINE_SURFACE_WITH_KNOTS('',3,1,(
    (#10199,#10200)
    ,(#10201,#10202)
    ,(#10203,#10204)
    ,(#10205,#10206
    )),.UNSPECIFIED.,.F.,.F.,.F.,(4,4),(2,2),(15.,16.),(0.,1.),
  .PIECEWISE_BEZIER_KNOTS.);
#10199 = CARTESIAN_POINT('',(1.389491125593,1.533053967019,0.8200001));
#10200 = CARTESIAN_POINT('',(1.389491125593,1.533053967019,0.8100001));
#10201 = CARTESIAN_POINT('',(1.387203658177,1.535632566652,0.8200001));
#10202 = CARTESIAN_POINT('',(1.387203658177,1.535632566652,0.8100001));
#10203 = CARTESIAN_POINT('',(1.382836674929,1.538169575967,0.8200001));
#10204 = CARTESIAN_POINT('',(1.382836674929,1.538169575967,0.8100001));
#10205 = CARTESIAN_POINT('',(1.376348585531,1.540581814333,0.8200001));
#10206 = CARTESIAN_POINT('',(1.376348585531,1.540581814333,0.8100001));
#10207 = ADVANCED_FACE('',(#10208),#10226,.F.);
#10208 = FACE_BOUND('',#10209,.F.);
#10209 = EDGE_LOOP('',(#10210,#10211,#10220,#10225));
#10210 = ORIENTED_EDGE('',*,*,#10193,.F.);
#10211 = ORIENTED_EDGE('',*,*,#10212,.T.);
#10212 = EDGE_CURVE('',#10185,#10213,#10215,.T.);
#10213 = VERTEX_POINT('',#10214);
#10214 = CARTESIAN_POINT('',(1.366450090168,1.545572652332,0.8200001));
#10215 = B_SPLINE_CURVE_WITH_KNOTS('',3,(#10216,#10217,#10218,#10219),
  .UNSPECIFIED.,.F.,.F.,(4,4),(14.,15.),.PIECEWISE_BEZIER_KNOTS.);
#10216 = CARTESIAN_POINT('',(1.376348585531,1.540581814333,0.8200001));
#10217 = CARTESIAN_POINT('',(1.371232976583,1.542578149533,0.8200001));
#10218 = CARTESIAN_POINT('',(1.367947341567,1.544241762199,0.8200001));
#10219 = CARTESIAN_POINT('',(1.366450090168,1.545572652332,0.8200001));
#10220 = ORIENTED_EDGE('',*,*,#10221,.T.);
#10221 = EDGE_CURVE('',#10213,#918,#10222,.T.);
#10222 = B_SPLINE_CURVE_WITH_KNOTS('',1,(#10223,#10224),.UNSPECIFIED.,
  .F.,.F.,(2,2),(-0.,1.E-02),.PIECEWISE_BEZIER_KNOTS.);
#10223 = CARTESIAN_POINT('',(1.366450090168,1.545572652332,0.8200001));
#10224 = CARTESIAN_POINT('',(1.366450090168,1.545572652332,0.8100001));
#10225 = ORIENTED_EDGE('',*,*,#926,.F.);
#10226 = B_SPLINE_SURFACE_WITH_KNOTS('',3,1,(
    (#10227,#10228)
    ,(#10229,#10230)
    ,(#10231,#10232)
    ,(#10233,#10234
    )),.UNSPECIFIED.,.F.,.F.,.F.,(4,4),(2,2),(14.,15.),(0.,1.),
  .PIECEWISE_BEZIER_KNOTS.);
#10227 = CARTESIAN_POINT('',(1.376348585531,1.540581814333,0.8200001));
#10228 = CARTESIAN_POINT('',(1.376348585531,1.540581814333,0.8100001));
#10229 = CARTESIAN_POINT('',(1.371232976583,1.542578149533,0.8200001));
#10230 = CARTESIAN_POINT('',(1.371232976583,1.542578149533,0.8100001));
#10231 = CARTESIAN_POINT('',(1.367947341567,1.544241762199,0.8200001));
#10232 = CARTESIAN_POINT('',(1.367947341567,1.544241762199,0.8100001));
#10233 = CARTESIAN_POINT('',(1.366450090168,1.545572652332,0.8200001));
#10234 = CARTESIAN_POINT('',(1.366450090168,1.545572652332,0.8100001));
#10235 = ADVANCED_FACE('',(#10236),#10254,.F.);
#10236 = FACE_BOUND('',#10237,.F.);
#10237 = EDGE_LOOP('',(#10238,#10239,#10248,#10253));
#10238 = ORIENTED_EDGE('',*,*,#10221,.F.);
#10239 = ORIENTED_EDGE('',*,*,#10240,.T.);
#10240 = EDGE_CURVE('',#10213,#10241,#10243,.T.);
#10241 = VERTEX_POINT('',#10242);
#10242 = CARTESIAN_POINT('',(1.364225008227,1.550979393497,0.8200001));
#10243 = B_SPLINE_CURVE_WITH_KNOTS('',3,(#10244,#10245,#10246,#10247),
  .UNSPECIFIED.,.F.,.F.,(4,4),(13.,14.),.PIECEWISE_BEZIER_KNOTS.);
#10244 = CARTESIAN_POINT('',(1.366450090168,1.545572652332,0.8200001));
#10245 = CARTESIAN_POINT('',(1.364973633926,1.546861952148,0.8200001));
#10246 = CARTESIAN_POINT('',(1.364225008227,1.548650335764,0.8200001));
#10247 = CARTESIAN_POINT('',(1.364225008227,1.550979393497,0.8200001));
#10248 = ORIENTED_EDGE('',*,*,#10249,.T.);
#10249 = EDGE_CURVE('',#10241,#909,#10250,.T.);
#10250 = B_SPLINE_CURVE_WITH_KNOTS('',1,(#10251,#10252),.UNSPECIFIED.,
  .F.,.F.,(2,2),(-0.,1.E-02),.PIECEWISE_BEZIER_KNOTS.);
#10251 = CARTESIAN_POINT('',(1.364225008227,1.550979393497,0.8200001));
#10252 = CARTESIAN_POINT('',(1.364225008227,1.550979393497,0.8100001));
#10253 = ORIENTED_EDGE('',*,*,#917,.F.);
#10254 = B_SPLINE_SURFACE_WITH_KNOTS('',3,1,(
    (#10255,#10256)
    ,(#10257,#10258)
    ,(#10259,#10260)
    ,(#10261,#10262
    )),.UNSPECIFIED.,.F.,.F.,.F.,(4,4),(2,2),(13.,14.),(0.,1.),
  .PIECEWISE_BEZIER_KNOTS.);
#10255 = CARTESIAN_POINT('',(1.366450090168,1.545572652332,0.8200001));
#10256 = CARTESIAN_POINT('',(1.366450090168,1.545572652332,0.8100001));
#10257 = CARTESIAN_POINT('',(1.364973633926,1.546861952148,0.8200001));
#10258 = CARTESIAN_POINT('',(1.364973633926,1.546861952148,0.8100001));
#10259 = CARTESIAN_POINT('',(1.364225008227,1.548650335764,0.8200001));
#10260 = CARTESIAN_POINT('',(1.364225008227,1.548650335764,0.8100001));
#10261 = CARTESIAN_POINT('',(1.364225008227,1.550979393497,0.8200001));
#10262 = CARTESIAN_POINT('',(1.364225008227,1.550979393497,0.8100001));
#10263 = ADVANCED_FACE('',(#10264),#10282,.F.);
#10264 = FACE_BOUND('',#10265,.F.);
#10265 = EDGE_LOOP('',(#10266,#10267,#10276,#10281));
#10266 = ORIENTED_EDGE('',*,*,#10249,.F.);
#10267 = ORIENTED_EDGE('',*,*,#10268,.T.);
#10268 = EDGE_CURVE('',#10241,#10269,#10271,.T.);
#10269 = VERTEX_POINT('',#10270);
#10270 = CARTESIAN_POINT('',(1.367323486817,1.556635676561,0.8200001));
#10271 = B_SPLINE_CURVE_WITH_KNOTS('',3,(#10272,#10273,#10274,#10275),
  .UNSPECIFIED.,.F.,.F.,(4,4),(12.,13.),.PIECEWISE_BEZIER_KNOTS.);
#10272 = CARTESIAN_POINT('',(1.364225008227,1.550979393497,0.8200001));
#10273 = CARTESIAN_POINT('',(1.364225008227,1.553308451229,0.8200001));
#10274 = CARTESIAN_POINT('',(1.365264766143,1.555221605795,0.8200001));
#10275 = CARTESIAN_POINT('',(1.367323486817,1.556635676561,0.8200001));
#10276 = ORIENTED_EDGE('',*,*,#10277,.T.);
#10277 = EDGE_CURVE('',#10269,#900,#10278,.T.);
#10278 = B_SPLINE_CURVE_WITH_KNOTS('',1,(#10279,#10280),.UNSPECIFIED.,
  .F.,.F.,(2,2),(-0.,1.E-02),.PIECEWISE_BEZIER_KNOTS.);
#10279 = CARTESIAN_POINT('',(1.367323486817,1.556635676561,0.8200001));
#10280 = CARTESIAN_POINT('',(1.367323486817,1.556635676561,0.8100001));
#10281 = ORIENTED_EDGE('',*,*,#908,.F.);
#10282 = B_SPLINE_SURFACE_WITH_KNOTS('',3,1,(
    (#10283,#10284)
    ,(#10285,#10286)
    ,(#10287,#10288)
    ,(#10289,#10290
    )),.UNSPECIFIED.,.F.,.F.,.F.,(4,4),(2,2),(12.,13.),(0.,1.),
  .PIECEWISE_BEZIER_KNOTS.);
#10283 = CARTESIAN_POINT('',(1.364225008227,1.550979393497,0.8200001));
#10284 = CARTESIAN_POINT('',(1.364225008227,1.550979393497,0.8100001));
#10285 = CARTESIAN_POINT('',(1.364225008227,1.553308451229,0.8200001));
#10286 = CARTESIAN_POINT('',(1.364225008227,1.553308451229,0.8100001));
#10287 = CARTESIAN_POINT('',(1.365264766143,1.555221605795,0.8200001));
#10288 = CARTESIAN_POINT('',(1.365264766143,1.555221605795,0.8100001));
#10289 = CARTESIAN_POINT('',(1.367323486817,1.556635676561,0.8200001));
#10290 = CARTESIAN_POINT('',(1.367323486817,1.556635676561,0.8100001));
#10291 = ADVANCED_FACE('',(#10292),#10310,.F.);
#10292 = FACE_BOUND('',#10293,.F.);
#10293 = EDGE_LOOP('',(#10294,#10295,#10304,#10309));
#10294 = ORIENTED_EDGE('',*,*,#10277,.F.);
#10295 = ORIENTED_EDGE('',*,*,#10296,.T.);
#10296 = EDGE_CURVE('',#10269,#10297,#10299,.T.);
#10297 = VERTEX_POINT('',#10298);
#10298 = CARTESIAN_POINT('',(1.375350417931,1.558798373027,0.8200001));
#10299 = B_SPLINE_CURVE_WITH_KNOTS('',3,(#10300,#10301,#10302,#10303),
  .UNSPECIFIED.,.F.,.F.,(4,4),(11.,12.),.PIECEWISE_BEZIER_KNOTS.);
#10300 = CARTESIAN_POINT('',(1.367323486817,1.556635676561,0.8200001));
#10301 = CARTESIAN_POINT('',(1.369382207492,1.558091337644,0.8200001));
#10302 = CARTESIAN_POINT('',(1.372064782916,1.558798373027,0.8200001));
#10303 = CARTESIAN_POINT('',(1.375350417931,1.558798373027,0.8200001));
#10304 = ORIENTED_EDGE('',*,*,#10305,.T.);
#10305 = EDGE_CURVE('',#10297,#891,#10306,.T.);
#10306 = B_SPLINE_CURVE_WITH_KNOTS('',1,(#10307,#10308),.UNSPECIFIED.,
  .F.,.F.,(2,2),(-0.,1.E-02),.PIECEWISE_BEZIER_KNOTS.);
#10307 = CARTESIAN_POINT('',(1.375350417931,1.558798373027,0.8200001));
#10308 = CARTESIAN_POINT('',(1.375350417931,1.558798373027,0.8100001));
#10309 = ORIENTED_EDGE('',*,*,#899,.F.);
#10310 = B_SPLINE_SURFACE_WITH_KNOTS('',3,1,(
    (#10311,#10312)
    ,(#10313,#10314)
    ,(#10315,#10316)
    ,(#10317,#10318
    )),.UNSPECIFIED.,.F.,.F.,.F.,(4,4),(2,2),(11.,12.),(0.,1.),
  .PIECEWISE_BEZIER_KNOTS.);
#10311 = CARTESIAN_POINT('',(1.367323486817,1.556635676561,0.8200001));
#10312 = CARTESIAN_POINT('',(1.367323486817,1.556635676561,0.8100001));
#10313 = CARTESIAN_POINT('',(1.369382207492,1.558091337644,0.8200001));
#10314 = CARTESIAN_POINT('',(1.369382207492,1.558091337644,0.8100001));
#10315 = CARTESIAN_POINT('',(1.372064782916,1.558798373027,0.8200001));
#10316 = CARTESIAN_POINT('',(1.372064782916,1.558798373027,0.8100001));
#10317 = CARTESIAN_POINT('',(1.375350417931,1.558798373027,0.8200001));
#10318 = CARTESIAN_POINT('',(1.375350417931,1.558798373027,0.8100001));
#10319 = ADVANCED_FACE('',(#10320),#10338,.F.);
#10320 = FACE_BOUND('',#10321,.F.);
#10321 = EDGE_LOOP('',(#10322,#10323,#10332,#10337));
#10322 = ORIENTED_EDGE('',*,*,#10305,.F.);
#10323 = ORIENTED_EDGE('',*,*,#10324,.T.);
#10324 = EDGE_CURVE('',#10297,#10325,#10327,.T.);
#10325 = VERTEX_POINT('',#10326);
#10326 = CARTESIAN_POINT('',(1.390114980343,1.554597751045,0.8200001));
#10327 = B_SPLINE_CURVE_WITH_KNOTS('',3,(#10328,#10329,#10330,#10331),
  .UNSPECIFIED.,.F.,.F.,(4,4),(10.,11.),.PIECEWISE_BEZIER_KNOTS.);
#10328 = CARTESIAN_POINT('',(1.375350417931,1.558798373027,0.8200001));
#10329 = CARTESIAN_POINT('',(1.380861134888,1.558798373027,0.8200001));
#10330 = CARTESIAN_POINT('',(1.385768792253,1.557384302261,0.8200001));
#10331 = CARTESIAN_POINT('',(1.390114980343,1.554597751045,0.8200001));
#10332 = ORIENTED_EDGE('',*,*,#10333,.T.);
#10333 = EDGE_CURVE('',#10325,#884,#10334,.T.);
#10334 = B_SPLINE_CURVE_WITH_KNOTS('',1,(#10335,#10336),.UNSPECIFIED.,
  .F.,.F.,(2,2),(-0.,1.E-02),.PIECEWISE_BEZIER_KNOTS.);
#10335 = CARTESIAN_POINT('',(1.390114980343,1.554597751045,0.8200001));
#10336 = CARTESIAN_POINT('',(1.390114980343,1.554597751045,0.8100001));
#10337 = ORIENTED_EDGE('',*,*,#890,.F.);
#10338 = B_SPLINE_SURFACE_WITH_KNOTS('',3,1,(
    (#10339,#10340)
    ,(#10341,#10342)
    ,(#10343,#10344)
    ,(#10345,#10346
    )),.UNSPECIFIED.,.F.,.F.,.F.,(4,4),(2,2),(10.,11.),(0.,1.),
  .PIECEWISE_BEZIER_KNOTS.);
#10339 = CARTESIAN_POINT('',(1.375350417931,1.558798373027,0.8200001));
#10340 = CARTESIAN_POINT('',(1.375350417931,1.558798373027,0.8100001));
#10341 = CARTESIAN_POINT('',(1.380861134888,1.558798373027,0.8200001));
#10342 = CARTESIAN_POINT('',(1.380861134888,1.558798373027,0.8100001));
#10343 = CARTESIAN_POINT('',(1.385768792253,1.557384302261,0.8200001));
#10344 = CARTESIAN_POINT('',(1.385768792253,1.557384302261,0.8100001));
#10345 = CARTESIAN_POINT('',(1.390114980343,1.554597751045,0.8200001));
#10346 = CARTESIAN_POINT('',(1.390114980343,1.554597751045,0.8100001));
#10347 = ADVANCED_FACE('',(#10348),#10364,.F.);
#10348 = FACE_BOUND('',#10349,.T.);
#10349 = EDGE_LOOP('',(#10350,#10351,#10358,#10363));
#10350 = ORIENTED_EDGE('',*,*,#883,.T.);
#10351 = ORIENTED_EDGE('',*,*,#10352,.F.);
#10352 = EDGE_CURVE('',#10353,#875,#10355,.T.);
#10353 = VERTEX_POINT('',#10354);
#10354 = CARTESIAN_POINT('',(1.390114980343,1.564496246408,0.8200001));
#10355 = B_SPLINE_CURVE_WITH_KNOTS('',1,(#10356,#10357),.UNSPECIFIED.,
  .F.,.F.,(2,2),(-0.,1.E-02),.PIECEWISE_BEZIER_KNOTS.);
#10356 = CARTESIAN_POINT('',(1.390114980343,1.564496246408,0.8200001));
#10357 = CARTESIAN_POINT('',(1.390114980343,1.564496246408,0.8100001));
#10358 = ORIENTED_EDGE('',*,*,#10359,.F.);
#10359 = EDGE_CURVE('',#10325,#10353,#10360,.T.);
#10360 = B_SPLINE_CURVE_WITH_KNOTS('',1,(#10361,#10362),.UNSPECIFIED.,
  .F.,.F.,(2,2),(-9.898495363145E-03,0.),.PIECEWISE_BEZIER_KNOTS.);
#10361 = CARTESIAN_POINT('',(1.390114980343,1.554597751045,0.8200001));
#10362 = CARTESIAN_POINT('',(1.390114980343,1.564496246408,0.8200001));
#10363 = ORIENTED_EDGE('',*,*,#10333,.T.);
#10364 = B_SPLINE_SURFACE_WITH_KNOTS('',1,1,(
    (#10365,#10366)
    ,(#10367,#10368
  )),.UNSPECIFIED.,.F.,.F.,.F.,(2,2),(2,2),(-1.E-02,0.),(
    -9.898495363145E-03,0.),.PIECEWISE_BEZIER_KNOTS.);
#10365 = CARTESIAN_POINT('',(1.390114980343,1.554597751045,0.8100001));
#10366 = CARTESIAN_POINT('',(1.390114980343,1.564496246408,0.8100001));
#10367 = CARTESIAN_POINT('',(1.390114980343,1.554597751045,0.8200001));
#10368 = CARTESIAN_POINT('',(1.390114980343,1.564496246408,0.8200001));
#10369 = ADVANCED_FACE('',(#10370),#10388,.F.);
#10370 = FACE_BOUND('',#10371,.F.);
#10371 = EDGE_LOOP('',(#10372,#10373,#10382,#10387));
#10372 = ORIENTED_EDGE('',*,*,#10352,.F.);
#10373 = ORIENTED_EDGE('',*,*,#10374,.T.);
#10374 = EDGE_CURVE('',#10353,#10375,#10377,.T.);
#10375 = VERTEX_POINT('',#10376);
#10376 = CARTESIAN_POINT('',(1.376348585531,1.567074846041,0.8200001));
#10377 = B_SPLINE_CURVE_WITH_KNOTS('',3,(#10378,#10379,#10380,#10381),
  .UNSPECIFIED.,.F.,.F.,(4,4),(8.,9.),.PIECEWISE_BEZIER_KNOTS.);
#10378 = CARTESIAN_POINT('',(1.390114980343,1.564496246408,0.8200001));
#10379 = CARTESIAN_POINT('',(1.385872768044,1.566243039708,0.8200001));
#10380 = CARTESIAN_POINT('',(1.381297833213,1.567074846041,0.8200001));
#10381 = CARTESIAN_POINT('',(1.376348585531,1.567074846041,0.8200001));
#10382 = ORIENTED_EDGE('',*,*,#10383,.T.);
#10383 = EDGE_CURVE('',#10375,#866,#10384,.T.);
#10384 = B_SPLINE_CURVE_WITH_KNOTS('',1,(#10385,#10386),.UNSPECIFIED.,
  .F.,.F.,(2,2),(-0.,1.E-02),.PIECEWISE_BEZIER_KNOTS.);
#10385 = CARTESIAN_POINT('',(1.376348585531,1.567074846041,0.8200001));
#10386 = CARTESIAN_POINT('',(1.376348585531,1.567074846041,0.8100001));
#10387 = ORIENTED_EDGE('',*,*,#874,.F.);
#10388 = B_SPLINE_SURFACE_WITH_KNOTS('',3,1,(
    (#10389,#10390)
    ,(#10391,#10392)
    ,(#10393,#10394)
    ,(#10395,#10396
    )),.UNSPECIFIED.,.F.,.F.,.F.,(4,4),(2,2),(8.,9.),(0.,1.),
  .PIECEWISE_BEZIER_KNOTS.);
#10389 = CARTESIAN_POINT('',(1.390114980343,1.564496246408,0.8200001));
#10390 = CARTESIAN_POINT('',(1.390114980343,1.564496246408,0.8100001));
#10391 = CARTESIAN_POINT('',(1.385872768044,1.566243039708,0.8200001));
#10392 = CARTESIAN_POINT('',(1.385872768044,1.566243039708,0.8100001));
#10393 = CARTESIAN_POINT('',(1.381297833213,1.567074846041,0.8200001));
#10394 = CARTESIAN_POINT('',(1.381297833213,1.567074846041,0.8100001));
#10395 = CARTESIAN_POINT('',(1.376348585531,1.567074846041,0.8200001));
#10396 = CARTESIAN_POINT('',(1.376348585531,1.567074846041,0.8100001));
#10397 = ADVANCED_FACE('',(#10398),#10416,.F.);
#10398 = FACE_BOUND('',#10399,.F.);
#10399 = EDGE_LOOP('',(#10400,#10401,#10410,#10415));
#10400 = ORIENTED_EDGE('',*,*,#10383,.F.);
#10401 = ORIENTED_EDGE('',*,*,#10402,.T.);
#10402 = EDGE_CURVE('',#10375,#10403,#10405,.T.);
#10403 = VERTEX_POINT('',#10404);
#10404 = CARTESIAN_POINT('',(1.360253132986,1.562458320893,0.8200001));
#10405 = B_SPLINE_CURVE_WITH_KNOTS('',3,(#10406,#10407,#10408,#10409),
  .UNSPECIFIED.,.F.,.F.,(4,4),(7.,8.),.PIECEWISE_BEZIER_KNOTS.);
#10406 = CARTESIAN_POINT('',(1.376348585531,1.567074846041,0.8200001));
#10407 = CARTESIAN_POINT('',(1.369985267083,1.567074846041,0.8200001));
#10408 = CARTESIAN_POINT('',(1.364620116235,1.565536004325,0.8200001));
#10409 = CARTESIAN_POINT('',(1.360253132986,1.562458320893,0.8200001));
#10410 = ORIENTED_EDGE('',*,*,#10411,.T.);
#10411 = EDGE_CURVE('',#10403,#857,#10412,.T.);
#10412 = B_SPLINE_CURVE_WITH_KNOTS('',1,(#10413,#10414),.UNSPECIFIED.,
  .F.,.F.,(2,2),(-0.,1.E-02),.PIECEWISE_BEZIER_KNOTS.);
#10413 = CARTESIAN_POINT('',(1.360253132986,1.562458320893,0.8200001));
#10414 = CARTESIAN_POINT('',(1.360253132986,1.562458320893,0.8100001));
#10415 = ORIENTED_EDGE('',*,*,#865,.F.);
#10416 = B_SPLINE_SURFACE_WITH_KNOTS('',3,1,(
    (#10417,#10418)
    ,(#10419,#10420)
    ,(#10421,#10422)
    ,(#10423,#10424
    )),.UNSPECIFIED.,.F.,.F.,.F.,(4,4),(2,2),(7.,8.),(0.,1.),
  .PIECEWISE_BEZIER_KNOTS.);
#10417 = CARTESIAN_POINT('',(1.376348585531,1.567074846041,0.8200001));
#10418 = CARTESIAN_POINT('',(1.376348585531,1.567074846041,0.8100001));
#10419 = CARTESIAN_POINT('',(1.369985267083,1.567074846041,0.8200001));
#10420 = CARTESIAN_POINT('',(1.369985267083,1.567074846041,0.8100001));
#10421 = CARTESIAN_POINT('',(1.364620116235,1.565536004325,0.8200001));
#10422 = CARTESIAN_POINT('',(1.364620116235,1.565536004325,0.8100001));
#10423 = CARTESIAN_POINT('',(1.360253132986,1.562458320893,0.8200001));
#10424 = CARTESIAN_POINT('',(1.360253132986,1.562458320893,0.8100001));
#10425 = ADVANCED_FACE('',(#10426),#10444,.F.);
#10426 = FACE_BOUND('',#10427,.F.);
#10427 = EDGE_LOOP('',(#10428,#10429,#10438,#10443));
#10428 = ORIENTED_EDGE('',*,*,#10411,.F.);
#10429 = ORIENTED_EDGE('',*,*,#10430,.T.);
#10430 = EDGE_CURVE('',#10403,#10431,#10433,.T.);
#10431 = VERTEX_POINT('',#10432);
#10432 = CARTESIAN_POINT('',(1.353723453272,1.55006440653,0.8200001));
#10433 = B_SPLINE_CURVE_WITH_KNOTS('',3,(#10434,#10435,#10436,#10437),
  .UNSPECIFIED.,.F.,.F.,(4,4),(6.,7.),.PIECEWISE_BEZIER_KNOTS.);
#10434 = CARTESIAN_POINT('',(1.360253132986,1.562458320893,0.8200001));
#10435 = CARTESIAN_POINT('',(1.355906944896,1.559339047144,0.8200001));
#10436 = CARTESIAN_POINT('',(1.353723453272,1.555221605795,0.8200001));
#10437 = CARTESIAN_POINT('',(1.353723453272,1.55006440653,0.8200001));
#10438 = ORIENTED_EDGE('',*,*,#10439,.T.);
#10439 = EDGE_CURVE('',#10431,#848,#10440,.T.);
#10440 = B_SPLINE_CURVE_WITH_KNOTS('',1,(#10441,#10442),.UNSPECIFIED.,
  .F.,.F.,(2,2),(-0.,1.E-02),.PIECEWISE_BEZIER_KNOTS.);
#10441 = CARTESIAN_POINT('',(1.353723453272,1.55006440653,0.8200001));
#10442 = CARTESIAN_POINT('',(1.353723453272,1.55006440653,0.8100001));
#10443 = ORIENTED_EDGE('',*,*,#856,.F.);
#10444 = B_SPLINE_SURFACE_WITH_KNOTS('',3,1,(
    (#10445,#10446)
    ,(#10447,#10448)
    ,(#10449,#10450)
    ,(#10451,#10452
    )),.UNSPECIFIED.,.F.,.F.,.F.,(4,4),(2,2),(6.,7.),(0.,1.),
  .PIECEWISE_BEZIER_KNOTS.);
#10445 = CARTESIAN_POINT('',(1.360253132986,1.562458320893,0.8200001));
#10446 = CARTESIAN_POINT('',(1.360253132986,1.562458320893,0.8100001));
#10447 = CARTESIAN_POINT('',(1.355906944896,1.559339047144,0.8200001));
#10448 = CARTESIAN_POINT('',(1.355906944896,1.559339047144,0.8100001));
#10449 = CARTESIAN_POINT('',(1.353723453272,1.555221605795,0.8200001));
#10450 = CARTESIAN_POINT('',(1.353723453272,1.555221605795,0.8100001));
#10451 = CARTESIAN_POINT('',(1.353723453272,1.55006440653,0.8200001));
#10452 = CARTESIAN_POINT('',(1.353723453272,1.55006440653,0.8100001));
#10453 = ADVANCED_FACE('',(#10454),#10472,.F.);
#10454 = FACE_BOUND('',#10455,.F.);
#10455 = EDGE_LOOP('',(#10456,#10457,#10466,#10471));
#10456 = ORIENTED_EDGE('',*,*,#10439,.F.);
#10457 = ORIENTED_EDGE('',*,*,#10458,.T.);
#10458 = EDGE_CURVE('',#10431,#10459,#10461,.T.);
#10459 = VERTEX_POINT('',#10460);
#10460 = CARTESIAN_POINT('',(1.356613980279,1.54087294655,0.8200001));
#10461 = B_SPLINE_CURVE_WITH_KNOTS('',3,(#10462,#10463,#10464,#10465),
  .UNSPECIFIED.,.F.,.F.,(4,4),(5.,6.),.PIECEWISE_BEZIER_KNOTS.);
#10462 = CARTESIAN_POINT('',(1.353723453272,1.55006440653,0.8200001));
#10463 = CARTESIAN_POINT('',(1.353723453272,1.546487639298,0.8200001));
#10464 = CARTESIAN_POINT('',(1.354680030555,1.543409955866,0.8200001));
#10465 = CARTESIAN_POINT('',(1.356613980279,1.54087294655,0.8200001));
#10466 = ORIENTED_EDGE('',*,*,#10467,.T.);
#10467 = EDGE_CURVE('',#10459,#839,#10468,.T.);
#10468 = B_SPLINE_CURVE_WITH_KNOTS('',1,(#10469,#10470),.UNSPECIFIED.,
  .F.,.F.,(2,2),(-0.,1.E-02),.PIECEWISE_BEZIER_KNOTS.);
#10469 = CARTESIAN_POINT('',(1.356613980279,1.54087294655,0.8200001));
#10470 = CARTESIAN_POINT('',(1.356613980279,1.54087294655,0.8100001));
#10471 = ORIENTED_EDGE('',*,*,#847,.F.);
#10472 = B_SPLINE_SURFACE_WITH_KNOTS('',3,1,(
    (#10473,#10474)
    ,(#10475,#10476)
    ,(#10477,#10478)
    ,(#10479,#10480
    )),.UNSPECIFIED.,.F.,.F.,.F.,(4,4),(2,2),(5.,6.),(0.,1.),
  .PIECEWISE_BEZIER_KNOTS.);
#10473 = CARTESIAN_POINT('',(1.353723453272,1.55006440653,0.8200001));
#10474 = CARTESIAN_POINT('',(1.353723453272,1.55006440653,0.8100001));
#10475 = CARTESIAN_POINT('',(1.353723453272,1.546487639298,0.8200001));
#10476 = CARTESIAN_POINT('',(1.353723453272,1.546487639298,0.8100001));
#10477 = CARTESIAN_POINT('',(1.354680030555,1.543409955866,0.8200001));
#10478 = CARTESIAN_POINT('',(1.354680030555,1.543409955866,0.8100001));
#10479 = CARTESIAN_POINT('',(1.356613980279,1.54087294655,0.8200001));
#10480 = CARTESIAN_POINT('',(1.356613980279,1.54087294655,0.8100001));
#10481 = ADVANCED_FACE('',(#10482),#10500,.F.);
#10482 = FACE_BOUND('',#10483,.F.);
#10483 = EDGE_LOOP('',(#10484,#10485,#10494,#10499));
#10484 = ORIENTED_EDGE('',*,*,#10467,.F.);
#10485 = ORIENTED_EDGE('',*,*,#10486,.T.);
#10486 = EDGE_CURVE('',#10459,#10487,#10489,.T.);
#10487 = VERTEX_POINT('',#10488);
#10488 = CARTESIAN_POINT('',(1.36915346075,1.533178737969,0.8200001));
#10489 = B_SPLINE_CURVE_WITH_KNOTS('',3,(#10490,#10491,#10492,#10493),
  .UNSPECIFIED.,.F.,.F.,(4,4),(4.,5.),.PIECEWISE_BEZIER_KNOTS.);
#10490 = CARTESIAN_POINT('',(1.356613980279,1.54087294655,0.8200001));
#10491 = CARTESIAN_POINT('',(1.358527134845,1.538335937234,0.8200001));
#10492 = CARTESIAN_POINT('',(1.362727756827,1.535757337601,0.8200001));
#10493 = CARTESIAN_POINT('',(1.36915346075,1.533178737969,0.8200001));
#10494 = ORIENTED_EDGE('',*,*,#10495,.T.);
#10495 = EDGE_CURVE('',#10487,#830,#10496,.T.);
#10496 = B_SPLINE_CURVE_WITH_KNOTS('',1,(#10497,#10498),.UNSPECIFIED.,
  .F.,.F.,(2,2),(-0.,1.E-02),.PIECEWISE_BEZIER_KNOTS.);
#10497 = CARTESIAN_POINT('',(1.36915346075,1.533178737969,0.8200001));
#10498 = CARTESIAN_POINT('',(1.36915346075,1.533178737969,0.8100001));
#10499 = ORIENTED_EDGE('',*,*,#838,.F.);
#10500 = B_SPLINE_SURFACE_WITH_KNOTS('',3,1,(
    (#10501,#10502)
    ,(#10503,#10504)
    ,(#10505,#10506)
    ,(#10507,#10508
    )),.UNSPECIFIED.,.F.,.F.,.F.,(4,4),(2,2),(4.,5.),(0.,1.),
  .PIECEWISE_BEZIER_KNOTS.);
#10501 = CARTESIAN_POINT('',(1.356613980279,1.54087294655,0.8200001));
#10502 = CARTESIAN_POINT('',(1.356613980279,1.54087294655,0.8100001));
#10503 = CARTESIAN_POINT('',(1.358527134845,1.538335937234,0.8200001));
#10504 = CARTESIAN_POINT('',(1.358527134845,1.538335937234,0.8100001));
#10505 = CARTESIAN_POINT('',(1.362727756827,1.535757337601,0.8200001));
#10506 = CARTESIAN_POINT('',(1.362727756827,1.535757337601,0.8100001));
#10507 = CARTESIAN_POINT('',(1.36915346075,1.533178737969,0.8200001));
#10508 = CARTESIAN_POINT('',(1.36915346075,1.533178737969,0.8100001));
#10509 = ADVANCED_FACE('',(#10510),#10528,.F.);
#10510 = FACE_BOUND('',#10511,.F.);
#10511 = EDGE_LOOP('',(#10512,#10513,#10522,#10527));
#10512 = ORIENTED_EDGE('',*,*,#10495,.F.);
#10513 = ORIENTED_EDGE('',*,*,#10514,.T.);
#10514 = EDGE_CURVE('',#10487,#10515,#10517,.T.);
#10515 = VERTEX_POINT('',#10516);
#10516 = CARTESIAN_POINT('',(1.379821376971,1.527979948387,0.8200001));
#10517 = B_SPLINE_CURVE_WITH_KNOTS('',3,(#10518,#10519,#10520,#10521),
  .UNSPECIFIED.,.F.,.F.,(4,4),(3.,4.),.PIECEWISE_BEZIER_KNOTS.);
#10518 = CARTESIAN_POINT('',(1.36915346075,1.533178737969,0.8200001));
#10519 = CARTESIAN_POINT('',(1.374518611598,1.53118240277,0.8200001));
#10520 = CARTESIAN_POINT('',(1.378074583672,1.52943560947,0.8200001));
#10521 = CARTESIAN_POINT('',(1.379821376971,1.527979948387,0.8200001));
#10522 = ORIENTED_EDGE('',*,*,#10523,.T.);
#10523 = EDGE_CURVE('',#10515,#821,#10524,.T.);
#10524 = B_SPLINE_CURVE_WITH_KNOTS('',1,(#10525,#10526),.UNSPECIFIED.,
  .F.,.F.,(2,2),(-0.,1.E-02),.PIECEWISE_BEZIER_KNOTS.);
#10525 = CARTESIAN_POINT('',(1.379821376971,1.527979948387,0.8200001));
#10526 = CARTESIAN_POINT('',(1.379821376971,1.527979948387,0.8100001));
#10527 = ORIENTED_EDGE('',*,*,#829,.F.);
#10528 = B_SPLINE_SURFACE_WITH_KNOTS('',3,1,(
    (#10529,#10530)
    ,(#10531,#10532)
    ,(#10533,#10534)
    ,(#10535,#10536
    )),.UNSPECIFIED.,.F.,.F.,.F.,(4,4),(2,2),(3.,4.),(0.,1.),
  .PIECEWISE_BEZIER_KNOTS.);
#10529 = CARTESIAN_POINT('',(1.36915346075,1.533178737969,0.8200001));
#10530 = CARTESIAN_POINT('',(1.36915346075,1.533178737969,0.8100001));
#10531 = CARTESIAN_POINT('',(1.374518611598,1.53118240277,0.8200001));
#10532 = CARTESIAN_POINT('',(1.374518611598,1.53118240277,0.8100001));
#10533 = CARTESIAN_POINT('',(1.378074583672,1.52943560947,0.8200001));
#10534 = CARTESIAN_POINT('',(1.378074583672,1.52943560947,0.8100001));
#10535 = CARTESIAN_POINT('',(1.379821376971,1.527979948387,0.8200001));
#10536 = CARTESIAN_POINT('',(1.379821376971,1.527979948387,0.8100001));
#10537 = ADVANCED_FACE('',(#10538),#10556,.F.);
#10538 = FACE_BOUND('',#10539,.F.);
#10539 = EDGE_LOOP('',(#10540,#10541,#10550,#10555));
#10540 = ORIENTED_EDGE('',*,*,#10523,.F.);
#10541 = ORIENTED_EDGE('',*,*,#10542,.T.);
#10542 = EDGE_CURVE('',#10515,#10543,#10545,.T.);
#10543 = VERTEX_POINT('',#10544);
#10544 = CARTESIAN_POINT('',(1.382441566921,1.522448436273,0.8200001));
#10545 = B_SPLINE_CURVE_WITH_KNOTS('',3,(#10546,#10547,#10548,#10549),
  .UNSPECIFIED.,.F.,.F.,(4,4),(2.,3.),.PIECEWISE_BEZIER_KNOTS.);
#10546 = CARTESIAN_POINT('',(1.379821376971,1.527979948387,0.8200001));
#10547 = CARTESIAN_POINT('',(1.381568170271,1.526524287305,0.8200001));
#10548 = CARTESIAN_POINT('',(1.382441566921,1.524694313372,0.8200001));
#10549 = CARTESIAN_POINT('',(1.382441566921,1.522448436273,0.8200001));
#10550 = ORIENTED_EDGE('',*,*,#10551,.T.);
#10551 = EDGE_CURVE('',#10543,#812,#10552,.T.);
#10552 = B_SPLINE_CURVE_WITH_KNOTS('',1,(#10553,#10554),.UNSPECIFIED.,
  .F.,.F.,(2,2),(-0.,1.E-02),.PIECEWISE_BEZIER_KNOTS.);
#10553 = CARTESIAN_POINT('',(1.382441566921,1.522448436273,0.8200001));
#10554 = CARTESIAN_POINT('',(1.382441566921,1.522448436273,0.8100001));
#10555 = ORIENTED_EDGE('',*,*,#820,.F.);
#10556 = B_SPLINE_SURFACE_WITH_KNOTS('',3,1,(
    (#10557,#10558)
    ,(#10559,#10560)
    ,(#10561,#10562)
    ,(#10563,#10564
    )),.UNSPECIFIED.,.F.,.F.,.F.,(4,4),(2,2),(2.,3.),(0.,1.),
  .PIECEWISE_BEZIER_KNOTS.);
#10557 = CARTESIAN_POINT('',(1.379821376971,1.527979948387,0.8200001));
#10558 = CARTESIAN_POINT('',(1.379821376971,1.527979948387,0.8100001));
#10559 = CARTESIAN_POINT('',(1.381568170271,1.526524287305,0.8200001));
#10560 = CARTESIAN_POINT('',(1.381568170271,1.526524287305,0.8100001));
#10561 = CARTESIAN_POINT('',(1.382441566921,1.524694313372,0.8200001));
#10562 = CARTESIAN_POINT('',(1.382441566921,1.524694313372,0.8100001));
#10563 = CARTESIAN_POINT('',(1.382441566921,1.522448436273,0.8200001));
#10564 = CARTESIAN_POINT('',(1.382441566921,1.522448436273,0.8100001));
#10565 = ADVANCED_FACE('',(#10566),#10578,.F.);
#10566 = FACE_BOUND('',#10567,.F.);
#10567 = EDGE_LOOP('',(#10568,#10569,#10576,#10577));
#10568 = ORIENTED_EDGE('',*,*,#10551,.F.);
#10569 = ORIENTED_EDGE('',*,*,#10570,.T.);
#10570 = EDGE_CURVE('',#10543,#10016,#10571,.T.);
#10571 = B_SPLINE_CURVE_WITH_KNOTS('',3,(#10572,#10573,#10574,#10575),
  .UNSPECIFIED.,.F.,.F.,(4,4),(1.,2.),.PIECEWISE_BEZIER_KNOTS.);
#10572 = CARTESIAN_POINT('',(1.382441566921,1.522448436273,0.8200001));
#10573 = CARTESIAN_POINT('',(1.382441566921,1.517208056374,0.8200001));
#10574 = CARTESIAN_POINT('',(1.378428101364,1.514587866426,0.8200001));
#10575 = CARTESIAN_POINT('',(1.370421965408,1.514587866426,0.8200001));
#10576 = ORIENTED_EDGE('',*,*,#10015,.T.);
#10577 = ORIENTED_EDGE('',*,*,#811,.F.);
#10578 = B_SPLINE_SURFACE_WITH_KNOTS('',3,1,(
    (#10579,#10580)
    ,(#10581,#10582)
    ,(#10583,#10584)
    ,(#10585,#10586
    )),.UNSPECIFIED.,.F.,.F.,.F.,(4,4),(2,2),(1.,2.),(0.,1.),
  .PIECEWISE_BEZIER_KNOTS.);
#10579 = CARTESIAN_POINT('',(1.382441566921,1.522448436273,0.8200001));
#10580 = CARTESIAN_POINT('',(1.382441566921,1.522448436273,0.8100001));
#10581 = CARTESIAN_POINT('',(1.382441566921,1.517208056374,0.8200001));
#10582 = CARTESIAN_POINT('',(1.382441566921,1.517208056374,0.8100001));
#10583 = CARTESIAN_POINT('',(1.378428101364,1.514587866426,0.8200001));
#10584 = CARTESIAN_POINT('',(1.378428101364,1.514587866426,0.8100001));
#10585 = CARTESIAN_POINT('',(1.370421965408,1.514587866426,0.8200001));
#10586 = CARTESIAN_POINT('',(1.370421965408,1.514587866426,0.8100001));
#10587 = ADVANCED_FACE('',(#10588),#10611,.F.);
#10588 = FACE_BOUND('',#10589,.T.);
#10589 = EDGE_LOOP('',(#10590,#10591,#10592,#10593,#10594,#10595,#10596,
    #10597,#10598,#10599,#10600,#10601,#10602,#10603,#10604,#10605,
    #10606,#10607,#10608,#10609,#10610));
#10590 = ORIENTED_EDGE('',*,*,#10022,.T.);
#10591 = ORIENTED_EDGE('',*,*,#10057,.T.);
#10592 = ORIENTED_EDGE('',*,*,#10072,.T.);
#10593 = ORIENTED_EDGE('',*,*,#10100,.T.);
#10594 = ORIENTED_EDGE('',*,*,#10128,.T.);
#10595 = ORIENTED_EDGE('',*,*,#10156,.T.);
#10596 = ORIENTED_EDGE('',*,*,#10184,.T.);
#10597 = ORIENTED_EDGE('',*,*,#10212,.T.);
#10598 = ORIENTED_EDGE('',*,*,#10240,.T.);
#10599 = ORIENTED_EDGE('',*,*,#10268,.T.);
#10600 = ORIENTED_EDGE('',*,*,#10296,.T.);
#10601 = ORIENTED_EDGE('',*,*,#10324,.T.);
#10602 = ORIENTED_EDGE('',*,*,#10359,.T.);
#10603 = ORIENTED_EDGE('',*,*,#10374,.T.);
#10604 = ORIENTED_EDGE('',*,*,#10402,.T.);
#10605 = ORIENTED_EDGE('',*,*,#10430,.T.);
#10606 = ORIENTED_EDGE('',*,*,#10458,.T.);
#10607 = ORIENTED_EDGE('',*,*,#10486,.T.);
#10608 = ORIENTED_EDGE('',*,*,#10514,.T.);
#10609 = ORIENTED_EDGE('',*,*,#10542,.T.);
#10610 = ORIENTED_EDGE('',*,*,#10570,.T.);
#10611 = B_SPLINE_SURFACE_WITH_KNOTS('',1,1,(
    (#10612,#10613)
    ,(#10614,#10615
    )),.UNSPECIFIED.,.F.,.F.,.F.,(2,2),(2,2),(-3.115634596242E-02,
    8.084117799301E-03),(-9.721736517507E-03,5.108330642873E-02),
  .PIECEWISE_BEZIER_KNOTS.);
#10612 = CARTESIAN_POINT('',(1.392901531559,1.506269803095,0.8200001));
#10613 = CARTESIAN_POINT('',(1.392901531559,1.567074846041,0.8200001));
#10614 = CARTESIAN_POINT('',(1.353661067797,1.506269803095,0.8200001));
#10615 = CARTESIAN_POINT('',(1.353661067797,1.567074846041,0.8200001));
#10616 = ADVANCED_FACE('',(#10617),#10639,.F.);
#10617 = FACE_BOUND('',#10618,.T.);
#10618 = EDGE_LOOP('',(#10619,#10620,#10627,#10634));
#10619 = ORIENTED_EDGE('',*,*,#69,.T.);
#10620 = ORIENTED_EDGE('',*,*,#10621,.F.);
#10621 = EDGE_CURVE('',#10622,#72,#10624,.T.);
#10622 = VERTEX_POINT('',#10623);
#10623 = CARTESIAN_POINT('',(1.443412971134,1.565743955908,0.8200001));
#10624 = B_SPLINE_CURVE_WITH_KNOTS('',1,(#10625,#10626),.UNSPECIFIED.,
  .F.,.F.,(2,2),(-0.,1.E-02),.PIECEWISE_BEZIER_KNOTS.);
#10625 = CARTESIAN_POINT('',(1.443412971134,1.565743955908,0.8200001));
#10626 = CARTESIAN_POINT('',(1.443412971134,1.565743955908,0.8100001));
#10627 = ORIENTED_EDGE('',*,*,#10628,.F.);
#10628 = EDGE_CURVE('',#10629,#10622,#10631,.T.);
#10629 = VERTEX_POINT('',#10630);
#10630 = CARTESIAN_POINT('',(1.453976911563,1.565743955908,0.8200001));
#10631 = B_SPLINE_CURVE_WITH_KNOTS('',1,(#10632,#10633),.UNSPECIFIED.,
  .F.,.F.,(2,2),(-1.056394042939E-02,-0.),.PIECEWISE_BEZIER_KNOTS.);
#10632 = CARTESIAN_POINT('',(1.453976911563,1.565743955908,0.8200001));
#10633 = CARTESIAN_POINT('',(1.443412971134,1.565743955908,0.8200001));
#10634 = ORIENTED_EDGE('',*,*,#10635,.T.);
#10635 = EDGE_CURVE('',#10629,#70,#10636,.T.);
#10636 = B_SPLINE_CURVE_WITH_KNOTS('',1,(#10637,#10638),.UNSPECIFIED.,
  .F.,.F.,(2,2),(-0.,1.E-02),.PIECEWISE_BEZIER_KNOTS.);
#10637 = CARTESIAN_POINT('',(1.453976911563,1.565743955908,0.8200001));
#10638 = CARTESIAN_POINT('',(1.453976911563,1.565743955908,0.8100001));
#10639 = B_SPLINE_SURFACE_WITH_KNOTS('',1,1,(
    (#10640,#10641)
    ,(#10642,#10643
  )),.UNSPECIFIED.,.F.,.F.,.F.,(2,2),(2,2),(0.,1.E-02),(
    -2.22044604925E-16,1.056394042939E-02),.PIECEWISE_BEZIER_KNOTS.);
#10640 = CARTESIAN_POINT('',(1.443412971134,1.565743955908,0.8200001));
#10641 = CARTESIAN_POINT('',(1.453976911563,1.565743955908,0.8200001));
#10642 = CARTESIAN_POINT('',(1.443412971134,1.565743955908,0.8100001));
#10643 = CARTESIAN_POINT('',(1.453976911563,1.565743955908,0.8100001));
#10644 = ADVANCED_FACE('',(#10645),#10661,.F.);
#10645 = FACE_BOUND('',#10646,.T.);
#10646 = EDGE_LOOP('',(#10647,#10648,#10655,#10660));
#10647 = ORIENTED_EDGE('',*,*,#179,.T.);
#10648 = ORIENTED_EDGE('',*,*,#10649,.F.);
#10649 = EDGE_CURVE('',#10650,#171,#10652,.T.);
#10650 = VERTEX_POINT('',#10651);
#10651 = CARTESIAN_POINT('',(1.427546265331,1.52199094279,0.8200001));
#10652 = B_SPLINE_CURVE_WITH_KNOTS('',1,(#10653,#10654),.UNSPECIFIED.,
  .F.,.F.,(2,2),(-0.,1.E-02),.PIECEWISE_BEZIER_KNOTS.);
#10653 = CARTESIAN_POINT('',(1.427546265331,1.52199094279,0.8200001));
#10654 = CARTESIAN_POINT('',(1.427546265331,1.52199094279,0.8100001));
#10655 = ORIENTED_EDGE('',*,*,#10656,.F.);
#10656 = EDGE_CURVE('',#10622,#10650,#10657,.T.);
#10657 = B_SPLINE_CURVE_WITH_KNOTS('',1,(#10658,#10659),.UNSPECIFIED.,
  .F.,.F.,(2,2),(-4.654114856777E-02,1.330436459182E-16),
  .PIECEWISE_BEZIER_KNOTS.);
#10658 = CARTESIAN_POINT('',(1.443412971134,1.565743955908,0.8200001));
#10659 = CARTESIAN_POINT('',(1.427546265331,1.52199094279,0.8200001));
#10660 = ORIENTED_EDGE('',*,*,#10621,.T.);
#10661 = B_SPLINE_SURFACE_WITH_KNOTS('',1,1,(
    (#10662,#10663)
    ,(#10664,#10665
    )),.UNSPECIFIED.,.F.,.F.,.F.,(2,2),(2,2),(-2.087426032915E-16,
    4.654114856777E-02),(-1.E-02,0.),.PIECEWISE_BEZIER_KNOTS.);
#10662 = CARTESIAN_POINT('',(1.427546265331,1.52199094279,0.8100001));
#10663 = CARTESIAN_POINT('',(1.427546265331,1.52199094279,0.8200001));
#10664 = CARTESIAN_POINT('',(1.443412971134,1.565743955908,0.8100001));
#10665 = CARTESIAN_POINT('',(1.443412971134,1.565743955908,0.8200001));
#10666 = ADVANCED_FACE('',(#10667),#10685,.F.);
#10667 = FACE_BOUND('',#10668,.F.);
#10668 = EDGE_LOOP('',(#10669,#10670,#10679,#10684));
#10669 = ORIENTED_EDGE('',*,*,#10649,.F.);
#10670 = ORIENTED_EDGE('',*,*,#10671,.T.);
#10671 = EDGE_CURVE('',#10650,#10672,#10674,.T.);
#10672 = VERTEX_POINT('',#10673);
#10673 = CARTESIAN_POINT('',(1.426298555831,1.517291237008,0.8200001));
#10674 = B_SPLINE_CURVE_WITH_KNOTS('',3,(#10675,#10676,#10677,#10678),
  .UNSPECIFIED.,.F.,.F.,(4,4),(12.,13.),.PIECEWISE_BEZIER_KNOTS.);
#10675 = CARTESIAN_POINT('',(1.427546265331,1.52199094279,0.8200001));
#10676 = CARTESIAN_POINT('',(1.426922410581,1.519953017274,0.8200001));
#10677 = CARTESIAN_POINT('',(1.426506507414,1.518372585241,0.8200001));
#10678 = CARTESIAN_POINT('',(1.426298555831,1.517291237008,0.8200001));
#10679 = ORIENTED_EDGE('',*,*,#10680,.T.);
#10680 = EDGE_CURVE('',#10672,#164,#10681,.T.);
#10681 = B_SPLINE_CURVE_WITH_KNOTS('',1,(#10682,#10683),.UNSPECIFIED.,
  .F.,.F.,(2,2),(-0.,1.E-02),.PIECEWISE_BEZIER_KNOTS.);
#10682 = CARTESIAN_POINT('',(1.426298555831,1.517291237008,0.8200001));
#10683 = CARTESIAN_POINT('',(1.426298555831,1.517291237008,0.8100001));
#10684 = ORIENTED_EDGE('',*,*,#170,.F.);
#10685 = B_SPLINE_SURFACE_WITH_KNOTS('',3,1,(
    (#10686,#10687)
    ,(#10688,#10689)
    ,(#10690,#10691)
    ,(#10692,#10693
    )),.UNSPECIFIED.,.F.,.F.,.F.,(4,4),(2,2),(12.,13.),(0.,1.),
  .PIECEWISE_BEZIER_KNOTS.);
#10686 = CARTESIAN_POINT('',(1.427546265331,1.52199094279,0.8200001));
#10687 = CARTESIAN_POINT('',(1.427546265331,1.52199094279,0.8100001));
#10688 = CARTESIAN_POINT('',(1.426922410581,1.519953017274,0.8200001));
#10689 = CARTESIAN_POINT('',(1.426922410581,1.519953017274,0.8100001));
#10690 = CARTESIAN_POINT('',(1.426506507414,1.518372585241,0.8200001));
#10691 = CARTESIAN_POINT('',(1.426506507414,1.518372585241,0.8100001));
#10692 = CARTESIAN_POINT('',(1.426298555831,1.517291237008,0.8200001));
#10693 = CARTESIAN_POINT('',(1.426298555831,1.517291237008,0.8100001));
#10694 = ADVANCED_FACE('',(#10695),#10711,.F.);
#10695 = FACE_BOUND('',#10696,.T.);
#10696 = EDGE_LOOP('',(#10697,#10698,#10705,#10710));
#10697 = ORIENTED_EDGE('',*,*,#163,.T.);
#10698 = ORIENTED_EDGE('',*,*,#10699,.F.);
#10699 = EDGE_CURVE('',#10700,#157,#10702,.T.);
#10700 = VERTEX_POINT('',#10701);
#10701 = CARTESIAN_POINT('',(1.426028218773,1.517291237008,0.8200001));
#10702 = B_SPLINE_CURVE_WITH_KNOTS('',1,(#10703,#10704),.UNSPECIFIED.,
  .F.,.F.,(2,2),(-0.,1.E-02),.PIECEWISE_BEZIER_KNOTS.);
#10703 = CARTESIAN_POINT('',(1.426028218773,1.517291237008,0.8200001));
#10704 = CARTESIAN_POINT('',(1.426028218773,1.517291237008,0.8100001));
#10705 = ORIENTED_EDGE('',*,*,#10706,.F.);
#10706 = EDGE_CURVE('',#10672,#10700,#10707,.T.);
#10707 = B_SPLINE_CURVE_WITH_KNOTS('',1,(#10708,#10709),.UNSPECIFIED.,
  .F.,.F.,(2,2),(-2.70337057934E-04,-0.),.PIECEWISE_BEZIER_KNOTS.);
#10708 = CARTESIAN_POINT('',(1.426298555831,1.517291237008,0.8200001));
#10709 = CARTESIAN_POINT('',(1.426028218773,1.517291237008,0.8200001));
#10710 = ORIENTED_EDGE('',*,*,#10680,.T.);
#10711 = B_SPLINE_SURFACE_WITH_KNOTS('',1,1,(
    (#10712,#10713)
    ,(#10714,#10715
  )),.UNSPECIFIED.,.F.,.F.,.F.,(2,2),(2,2),(0.,1.E-02),(
    -2.22044604925E-16,2.70337057934E-04),.PIECEWISE_BEZIER_KNOTS.);
#10712 = CARTESIAN_POINT('',(1.426028218773,1.517291237008,0.8200001));
#10713 = CARTESIAN_POINT('',(1.426298555831,1.517291237008,0.8200001));
#10714 = CARTESIAN_POINT('',(1.426028218773,1.517291237008,0.8100001));
#10715 = CARTESIAN_POINT('',(1.426298555831,1.517291237008,0.8100001));
#10716 = ADVANCED_FACE('',(#10717),#10733,.F.);
#10717 = FACE_BOUND('',#10718,.T.);
#10718 = EDGE_LOOP('',(#10719,#10720,#10727,#10732));
#10719 = ORIENTED_EDGE('',*,*,#156,.T.);
#10720 = ORIENTED_EDGE('',*,*,#10721,.F.);
#10721 = EDGE_CURVE('',#10722,#150,#10724,.T.);
#10722 = VERTEX_POINT('',#10723);
#10723 = CARTESIAN_POINT('',(1.424780509273,1.522074123423,0.8200001));
#10724 = B_SPLINE_CURVE_WITH_KNOTS('',1,(#10725,#10726),.UNSPECIFIED.,
  .F.,.F.,(2,2),(-0.,1.E-02),.PIECEWISE_BEZIER_KNOTS.);
#10725 = CARTESIAN_POINT('',(1.424780509273,1.522074123423,0.8200001));
#10726 = CARTESIAN_POINT('',(1.424780509273,1.522074123423,0.8100001));
#10727 = ORIENTED_EDGE('',*,*,#10728,.F.);
#10728 = EDGE_CURVE('',#10700,#10722,#10729,.T.);
#10729 = B_SPLINE_CURVE_WITH_KNOTS('',1,(#10730,#10731),.UNSPECIFIED.,
  .F.,.F.,(2,2),(-4.942952706247E-03,0.),.PIECEWISE_BEZIER_KNOTS.);
#10730 = CARTESIAN_POINT('',(1.426028218773,1.517291237008,0.8200001));
#10731 = CARTESIAN_POINT('',(1.424780509273,1.522074123423,0.8200001));
#10732 = ORIENTED_EDGE('',*,*,#10699,.T.);
#10733 = B_SPLINE_SURFACE_WITH_KNOTS('',1,1,(
    (#10734,#10735)
    ,(#10736,#10737
    )),.UNSPECIFIED.,.F.,.F.,.F.,(2,2),(2,2),(0.,4.942952706247E-03),(
    -1.E-02,0.),.PIECEWISE_BEZIER_KNOTS.);
#10734 = CARTESIAN_POINT('',(1.424780509273,1.522074123423,0.8100001));
#10735 = CARTESIAN_POINT('',(1.424780509273,1.522074123423,0.8200001));
#10736 = CARTESIAN_POINT('',(1.426028218773,1.517291237008,0.8100001));
#10737 = CARTESIAN_POINT('',(1.426028218773,1.517291237008,0.8200001));
#10738 = ADVANCED_FACE('',(#10739),#10755,.F.);
#10739 = FACE_BOUND('',#10740,.T.);
#10740 = EDGE_LOOP('',(#10741,#10742,#10749,#10754));
#10741 = ORIENTED_EDGE('',*,*,#149,.T.);
#10742 = ORIENTED_EDGE('',*,*,#10743,.F.);
#10743 = EDGE_CURVE('',#10744,#143,#10746,.T.);
#10744 = VERTEX_POINT('',#10745);
#10745 = CARTESIAN_POINT('',(1.409600043695,1.565743955908,0.8200001));
#10746 = B_SPLINE_CURVE_WITH_KNOTS('',1,(#10747,#10748),.UNSPECIFIED.,
  .F.,.F.,(2,2),(-0.,1.E-02),.PIECEWISE_BEZIER_KNOTS.);
#10747 = CARTESIAN_POINT('',(1.409600043695,1.565743955908,0.8200001));
#10748 = CARTESIAN_POINT('',(1.409600043695,1.565743955908,0.8100001));
#10749 = ORIENTED_EDGE('',*,*,#10750,.F.);
#10750 = EDGE_CURVE('',#10722,#10744,#10751,.T.);
#10751 = B_SPLINE_CURVE_WITH_KNOTS('',1,(#10752,#10753),.UNSPECIFIED.,
  .F.,.F.,(2,2),(-4.623311372248E-02,0.),.PIECEWISE_BEZIER_KNOTS.);
#10752 = CARTESIAN_POINT('',(1.424780509273,1.522074123423,0.8200001));
#10753 = CARTESIAN_POINT('',(1.409600043695,1.565743955908,0.8200001));
#10754 = ORIENTED_EDGE('',*,*,#10721,.T.);
#10755 = B_SPLINE_SURFACE_WITH_KNOTS('',1,1,(
    (#10756,#10757)
    ,(#10758,#10759
    )),.UNSPECIFIED.,.F.,.F.,.F.,(2,2),(2,2),(0.,4.623311372248E-02),(
    -1.E-02,0.),.PIECEWISE_BEZIER_KNOTS.);
#10756 = CARTESIAN_POINT('',(1.409600043695,1.565743955908,0.8100001));
#10757 = CARTESIAN_POINT('',(1.409600043695,1.565743955908,0.8200001));
#10758 = CARTESIAN_POINT('',(1.424780509273,1.522074123423,0.8100001));
#10759 = CARTESIAN_POINT('',(1.424780509273,1.522074123423,0.8200001));
#10760 = ADVANCED_FACE('',(#10761),#10777,.F.);
#10761 = FACE_BOUND('',#10762,.T.);
#10762 = EDGE_LOOP('',(#10763,#10764,#10771,#10776));
#10763 = ORIENTED_EDGE('',*,*,#142,.T.);
#10764 = ORIENTED_EDGE('',*,*,#10765,.F.);
#10765 = EDGE_CURVE('',#10766,#136,#10768,.T.);
#10766 = VERTEX_POINT('',#10767);
#10767 = CARTESIAN_POINT('',(1.398204296932,1.565743955908,0.8200001));
#10768 = B_SPLINE_CURVE_WITH_KNOTS('',1,(#10769,#10770),.UNSPECIFIED.,
  .F.,.F.,(2,2),(-0.,1.E-02),.PIECEWISE_BEZIER_KNOTS.);
#10769 = CARTESIAN_POINT('',(1.398204296932,1.565743955908,0.8200001));
#10770 = CARTESIAN_POINT('',(1.398204296932,1.565743955908,0.8100001));
#10771 = ORIENTED_EDGE('',*,*,#10772,.F.);
#10772 = EDGE_CURVE('',#10744,#10766,#10773,.T.);
#10773 = B_SPLINE_CURVE_WITH_KNOTS('',1,(#10774,#10775),.UNSPECIFIED.,
  .F.,.F.,(2,2),(-1.139574676288E-02,-0.),.PIECEWISE_BEZIER_KNOTS.);
#10774 = CARTESIAN_POINT('',(1.409600043695,1.565743955908,0.8200001));
#10775 = CARTESIAN_POINT('',(1.398204296932,1.565743955908,0.8200001));
#10776 = ORIENTED_EDGE('',*,*,#10743,.T.);
#10777 = B_SPLINE_SURFACE_WITH_KNOTS('',1,1,(
    (#10778,#10779)
    ,(#10780,#10781
  )),.UNSPECIFIED.,.F.,.F.,.F.,(2,2),(2,2),(0.,1.E-02),(0.,
    1.139574676288E-02),.PIECEWISE_BEZIER_KNOTS.);
#10778 = CARTESIAN_POINT('',(1.398204296932,1.565743955908,0.8200001));
#10779 = CARTESIAN_POINT('',(1.409600043695,1.565743955908,0.8200001));
#10780 = CARTESIAN_POINT('',(1.398204296932,1.565743955908,0.8100001));
#10781 = CARTESIAN_POINT('',(1.409600043695,1.565743955908,0.8100001));
#10782 = ADVANCED_FACE('',(#10783),#10799,.F.);
#10783 = FACE_BOUND('',#10784,.T.);
#10784 = EDGE_LOOP('',(#10785,#10786,#10793,#10798));
#10785 = ORIENTED_EDGE('',*,*,#135,.T.);
#10786 = ORIENTED_EDGE('',*,*,#10787,.F.);
#10787 = EDGE_CURVE('',#10788,#129,#10790,.T.);
#10788 = VERTEX_POINT('',#10789);
#10789 = CARTESIAN_POINT('',(1.420995790458,1.507767054495,0.8200001));
#10790 = B_SPLINE_CURVE_WITH_KNOTS('',1,(#10791,#10792),.UNSPECIFIED.,
  .F.,.F.,(2,2),(-0.,1.E-02),.PIECEWISE_BEZIER_KNOTS.);
#10791 = CARTESIAN_POINT('',(1.420995790458,1.507767054495,0.8200001));
#10792 = CARTESIAN_POINT('',(1.420995790458,1.507767054495,0.8100001));
#10793 = ORIENTED_EDGE('',*,*,#10794,.F.);
#10794 = EDGE_CURVE('',#10766,#10788,#10795,.T.);
#10795 = B_SPLINE_CURVE_WITH_KNOTS('',1,(#10796,#10797),.UNSPECIFIED.,
  .F.,.F.,(2,2),(-6.229585278872E-02,0.),.PIECEWISE_BEZIER_KNOTS.);
#10796 = CARTESIAN_POINT('',(1.398204296932,1.565743955908,0.8200001));
#10797 = CARTESIAN_POINT('',(1.420995790458,1.507767054495,0.8200001));
#10798 = ORIENTED_EDGE('',*,*,#10765,.T.);
#10799 = B_SPLINE_SURFACE_WITH_KNOTS('',1,1,(
    (#10800,#10801)
    ,(#10802,#10803
    )),.UNSPECIFIED.,.F.,.F.,.F.,(2,2),(2,2),(-8.123699972037E-17,
    6.229585278872E-02),(-1.E-02,0.),.PIECEWISE_BEZIER_KNOTS.);
#10800 = CARTESIAN_POINT('',(1.420995790458,1.507767054495,0.8100001));
#10801 = CARTESIAN_POINT('',(1.420995790458,1.507767054495,0.8200001));
#10802 = CARTESIAN_POINT('',(1.398204296932,1.565743955908,0.8100001));
#10803 = CARTESIAN_POINT('',(1.398204296932,1.565743955908,0.8200001));
#10804 = ADVANCED_FACE('',(#10805),#10821,.F.);
#10805 = FACE_BOUND('',#10806,.T.);
#10806 = EDGE_LOOP('',(#10807,#10808,#10815,#10820));
#10807 = ORIENTED_EDGE('',*,*,#128,.T.);
#10808 = ORIENTED_EDGE('',*,*,#10809,.F.);
#10809 = EDGE_CURVE('',#10810,#120,#10812,.T.);
#10810 = VERTEX_POINT('',#10811);
#10811 = CARTESIAN_POINT('',(1.416524831417,1.497203114065,0.8200001));
#10812 = B_SPLINE_CURVE_WITH_KNOTS('',1,(#10813,#10814),.UNSPECIFIED.,
  .F.,.F.,(2,2),(-0.,1.E-02),.PIECEWISE_BEZIER_KNOTS.);
#10813 = CARTESIAN_POINT('',(1.416524831417,1.497203114065,0.8200001));
#10814 = CARTESIAN_POINT('',(1.416524831417,1.497203114065,0.8100001));
#10815 = ORIENTED_EDGE('',*,*,#10816,.F.);
#10816 = EDGE_CURVE('',#10788,#10810,#10817,.T.);
#10817 = B_SPLINE_CURVE_WITH_KNOTS('',1,(#10818,#10819),.UNSPECIFIED.,
  .F.,.F.,(2,2),(-1.147110771232E-02,-0.),.PIECEWISE_BEZIER_KNOTS.);
#10818 = CARTESIAN_POINT('',(1.420995790458,1.507767054495,0.8200001));
#10819 = CARTESIAN_POINT('',(1.416524831417,1.497203114065,0.8200001));
#10820 = ORIENTED_EDGE('',*,*,#10787,.T.);
#10821 = B_SPLINE_SURFACE_WITH_KNOTS('',1,1,(
    (#10822,#10823)
    ,(#10824,#10825
    )),.UNSPECIFIED.,.F.,.F.,.F.,(2,2),(2,2),(0.,1.147110771232E-02),(
    -1.E-02,0.),.PIECEWISE_BEZIER_KNOTS.);
#10822 = CARTESIAN_POINT('',(1.416524831417,1.497203114065,0.8100001));
#10823 = CARTESIAN_POINT('',(1.416524831417,1.497203114065,0.8200001));
#10824 = CARTESIAN_POINT('',(1.420995790458,1.507767054495,0.8100001));
#10825 = CARTESIAN_POINT('',(1.420995790458,1.507767054495,0.8200001));
#10826 = ADVANCED_FACE('',(#10827),#10845,.F.);
#10827 = FACE_BOUND('',#10828,.F.);
#10828 = EDGE_LOOP('',(#10829,#10830,#10839,#10844));
#10829 = ORIENTED_EDGE('',*,*,#10809,.F.);
#10830 = ORIENTED_EDGE('',*,*,#10831,.T.);
#10831 = EDGE_CURVE('',#10810,#10832,#10834,.T.);
#10832 = VERTEX_POINT('',#10833);
#10833 = CARTESIAN_POINT('',(1.406085661938,1.489009821684,0.8200001));
#10834 = B_SPLINE_CURVE_WITH_KNOTS('',3,(#10835,#10836,#10837,#10838),
  .UNSPECIFIED.,.F.,.F.,(4,4),(5.,6.),.PIECEWISE_BEZIER_KNOTS.);
#10835 = CARTESIAN_POINT('',(1.416524831417,1.497203114065,0.8200001));
#10836 = CARTESIAN_POINT('',(1.414216568843,1.491713192267,0.8200001));
#10837 = CARTESIAN_POINT('',(1.410743777403,1.489009821684,0.8200001));
#10838 = CARTESIAN_POINT('',(1.406085661938,1.489009821684,0.8200001));
#10839 = ORIENTED_EDGE('',*,*,#10840,.T.);
#10840 = EDGE_CURVE('',#10832,#111,#10841,.T.);
#10841 = B_SPLINE_CURVE_WITH_KNOTS('',1,(#10842,#10843),.UNSPECIFIED.,
  .F.,.F.,(2,2),(-0.,1.E-02),.PIECEWISE_BEZIER_KNOTS.);
#10842 = CARTESIAN_POINT('',(1.406085661938,1.489009821684,0.8200001));
#10843 = CARTESIAN_POINT('',(1.406085661938,1.489009821684,0.8100001));
#10844 = ORIENTED_EDGE('',*,*,#119,.F.);
#10845 = B_SPLINE_SURFACE_WITH_KNOTS('',3,1,(
    (#10846,#10847)
    ,(#10848,#10849)
    ,(#10850,#10851)
    ,(#10852,#10853
    )),.UNSPECIFIED.,.F.,.F.,.F.,(4,4),(2,2),(5.,6.),(0.,1.),
  .PIECEWISE_BEZIER_KNOTS.);
#10846 = CARTESIAN_POINT('',(1.416524831417,1.497203114065,0.8200001));
#10847 = CARTESIAN_POINT('',(1.416524831417,1.497203114065,0.8100001));
#10848 = CARTESIAN_POINT('',(1.414216568843,1.491713192267,0.8200001));
#10849 = CARTESIAN_POINT('',(1.414216568843,1.491713192267,0.8100001));
#10850 = CARTESIAN_POINT('',(1.410743777403,1.489009821684,0.8200001));
#10851 = CARTESIAN_POINT('',(1.410743777403,1.489009821684,0.8100001));
#10852 = CARTESIAN_POINT('',(1.406085661938,1.489009821684,0.8200001));
#10853 = CARTESIAN_POINT('',(1.406085661938,1.489009821684,0.8100001));
#10854 = ADVANCED_FACE('',(#10855),#10873,.F.);
#10855 = FACE_BOUND('',#10856,.F.);
#10856 = EDGE_LOOP('',(#10857,#10858,#10867,#10872));
#10857 = ORIENTED_EDGE('',*,*,#10840,.F.);
#10858 = ORIENTED_EDGE('',*,*,#10859,.T.);
#10859 = EDGE_CURVE('',#10832,#10860,#10862,.T.);
#10860 = VERTEX_POINT('',#10861);
#10861 = CARTESIAN_POINT('',(1.400304607923,1.490174350551,0.8200001));
#10862 = B_SPLINE_CURVE_WITH_KNOTS('',3,(#10863,#10864,#10865,#10866),
  .UNSPECIFIED.,.F.,.F.,(4,4),(4.,5.),.PIECEWISE_BEZIER_KNOTS.);
#10863 = CARTESIAN_POINT('',(1.406085661938,1.489009821684,0.8200001));
#10864 = CARTESIAN_POINT('',(1.404214097688,1.489009821684,0.8200001));
#10865 = CARTESIAN_POINT('',(1.402300943122,1.489384134534,0.8200001));
#10866 = CARTESIAN_POINT('',(1.400304607923,1.490174350551,0.8200001));
#10867 = ORIENTED_EDGE('',*,*,#10868,.T.);
#10868 = EDGE_CURVE('',#10860,#104,#10869,.T.);
#10869 = B_SPLINE_CURVE_WITH_KNOTS('',1,(#10870,#10871),.UNSPECIFIED.,
  .F.,.F.,(2,2),(-0.,1.E-02),.PIECEWISE_BEZIER_KNOTS.);
#10870 = CARTESIAN_POINT('',(1.400304607923,1.490174350551,0.8200001));
#10871 = CARTESIAN_POINT('',(1.400304607923,1.490174350551,0.8100001));
#10872 = ORIENTED_EDGE('',*,*,#110,.F.);
#10873 = B_SPLINE_SURFACE_WITH_KNOTS('',3,1,(
    (#10874,#10875)
    ,(#10876,#10877)
    ,(#10878,#10879)
    ,(#10880,#10881
    )),.UNSPECIFIED.,.F.,.F.,.F.,(4,4),(2,2),(4.,5.),(0.,1.),
  .PIECEWISE_BEZIER_KNOTS.);
#10874 = CARTESIAN_POINT('',(1.406085661938,1.489009821684,0.8200001));
#10875 = CARTESIAN_POINT('',(1.406085661938,1.489009821684,0.8100001));
#10876 = CARTESIAN_POINT('',(1.404214097688,1.489009821684,0.8200001));
#10877 = CARTESIAN_POINT('',(1.404214097688,1.489009821684,0.8100001));
#10878 = CARTESIAN_POINT('',(1.402300943122,1.489384134534,0.8200001));
#10879 = CARTESIAN_POINT('',(1.402300943122,1.489384134534,0.8100001));
#10880 = CARTESIAN_POINT('',(1.400304607923,1.490174350551,0.8200001));
#10881 = CARTESIAN_POINT('',(1.400304607923,1.490174350551,0.8100001));
#10882 = ADVANCED_FACE('',(#10883),#10899,.F.);
#10883 = FACE_BOUND('',#10884,.T.);
#10884 = EDGE_LOOP('',(#10885,#10886,#10893,#10898));
#10885 = ORIENTED_EDGE('',*,*,#103,.T.);
#10886 = ORIENTED_EDGE('',*,*,#10887,.F.);
#10887 = EDGE_CURVE('',#10888,#95,#10890,.T.);
#10888 = VERTEX_POINT('',#10889);
#10889 = CARTESIAN_POINT('',(1.400304607923,1.48110766152,0.8200001));
#10890 = B_SPLINE_CURVE_WITH_KNOTS('',1,(#10891,#10892),.UNSPECIFIED.,
  .F.,.F.,(2,2),(-0.,1.E-02),.PIECEWISE_BEZIER_KNOTS.);
#10891 = CARTESIAN_POINT('',(1.400304607923,1.48110766152,0.8200001));
#10892 = CARTESIAN_POINT('',(1.400304607923,1.48110766152,0.8100001));
#10893 = ORIENTED_EDGE('',*,*,#10894,.F.);
#10894 = EDGE_CURVE('',#10860,#10888,#10895,.T.);
#10895 = B_SPLINE_CURVE_WITH_KNOTS('',1,(#10896,#10897),.UNSPECIFIED.,
  .F.,.F.,(2,2),(-9.066689030487E-03,2.22044604925E-16),
  .PIECEWISE_BEZIER_KNOTS.);
#10896 = CARTESIAN_POINT('',(1.400304607923,1.490174350551,0.8200001));
#10897 = CARTESIAN_POINT('',(1.400304607923,1.48110766152,0.8200001));
#10898 = ORIENTED_EDGE('',*,*,#10868,.T.);
#10899 = B_SPLINE_SURFACE_WITH_KNOTS('',1,1,(
    (#10900,#10901)
    ,(#10902,#10903
  )),.UNSPECIFIED.,.F.,.F.,.F.,(2,2),(2,2),(0.,1.E-02),(
    -2.22044604925E-16,9.066689030487E-03),.PIECEWISE_BEZIER_KNOTS.);
#10900 = CARTESIAN_POINT('',(1.400304607923,1.48110766152,0.8200001));
#10901 = CARTESIAN_POINT('',(1.400304607923,1.490174350551,0.8200001));
#10902 = CARTESIAN_POINT('',(1.400304607923,1.48110766152,0.8100001));
#10903 = CARTESIAN_POINT('',(1.400304607923,1.490174350551,0.8100001));
#10904 = ADVANCED_FACE('',(#10905),#10923,.F.);
#10905 = FACE_BOUND('',#10906,.F.);
#10906 = EDGE_LOOP('',(#10907,#10908,#10917,#10922));
#10907 = ORIENTED_EDGE('',*,*,#10887,.F.);
#10908 = ORIENTED_EDGE('',*,*,#10909,.T.);
#10909 = EDGE_CURVE('',#10888,#10910,#10912,.T.);
#10910 = VERTEX_POINT('',#10911);
#10911 = CARTESIAN_POINT('',(1.406875877954,1.480275855187,0.8200001));
#10912 = B_SPLINE_CURVE_WITH_KNOTS('',3,(#10913,#10914,#10915,#10916),
  .UNSPECIFIED.,.F.,.F.,(4,4),(2.,3.),.PIECEWISE_BEZIER_KNOTS.);
#10913 = CARTESIAN_POINT('',(1.400304607923,1.48110766152,0.8200001));
#10914 = CARTESIAN_POINT('',(1.402113786697,1.480566987404,0.8200001));
#10915 = CARTESIAN_POINT('',(1.40431807348,1.480275855187,0.8200001));
#10916 = CARTESIAN_POINT('',(1.406875877954,1.480275855187,0.8200001));
#10917 = ORIENTED_EDGE('',*,*,#10918,.T.);
#10918 = EDGE_CURVE('',#10910,#86,#10919,.T.);
#10919 = B_SPLINE_CURVE_WITH_KNOTS('',1,(#10920,#10921),.UNSPECIFIED.,
  .F.,.F.,(2,2),(-0.,1.E-02),.PIECEWISE_BEZIER_KNOTS.);
#10920 = CARTESIAN_POINT('',(1.406875877954,1.480275855187,0.8200001));
#10921 = CARTESIAN_POINT('',(1.406875877954,1.480275855187,0.8100001));
#10922 = ORIENTED_EDGE('',*,*,#94,.F.);
#10923 = B_SPLINE_SURFACE_WITH_KNOTS('',3,1,(
    (#10924,#10925)
    ,(#10926,#10927)
    ,(#10928,#10929)
    ,(#10930,#10931
    )),.UNSPECIFIED.,.F.,.F.,.F.,(4,4),(2,2),(2.,3.),(0.,1.),
  .PIECEWISE_BEZIER_KNOTS.);
#10924 = CARTESIAN_POINT('',(1.400304607923,1.48110766152,0.8200001));
#10925 = CARTESIAN_POINT('',(1.400304607923,1.48110766152,0.8100001));
#10926 = CARTESIAN_POINT('',(1.402113786697,1.480566987404,0.8200001));
#10927 = CARTESIAN_POINT('',(1.402113786697,1.480566987404,0.8100001));
#10928 = CARTESIAN_POINT('',(1.40431807348,1.480275855187,0.8200001));
#10929 = CARTESIAN_POINT('',(1.40431807348,1.480275855187,0.8100001));
#10930 = CARTESIAN_POINT('',(1.406875877954,1.480275855187,0.8200001));
#10931 = CARTESIAN_POINT('',(1.406875877954,1.480275855187,0.8100001));
#10932 = ADVANCED_FACE('',(#10933),#10951,.F.);
#10933 = FACE_BOUND('',#10934,.F.);
#10934 = EDGE_LOOP('',(#10935,#10936,#10945,#10950));
#10935 = ORIENTED_EDGE('',*,*,#10918,.F.);
#10936 = ORIENTED_EDGE('',*,*,#10937,.T.);
#10937 = EDGE_CURVE('',#10910,#10938,#10940,.T.);
#10938 = VERTEX_POINT('',#10939);
#10939 = CARTESIAN_POINT('',(1.427608650806,1.498866726731,0.8200001));
#10940 = B_SPLINE_CURVE_WITH_KNOTS('',3,(#10941,#10942,#10943,#10944),
  .UNSPECIFIED.,.F.,.F.,(4,4),(1.,2.),.PIECEWISE_BEZIER_KNOTS.);
#10941 = CARTESIAN_POINT('',(1.406875877954,1.480275855187,0.8200001));
#10942 = CARTESIAN_POINT('',(1.415797000876,1.480275855187,0.8200001));
#10943 = CARTESIAN_POINT('',(1.422700993441,1.486472812368,0.8200001));
#10944 = CARTESIAN_POINT('',(1.427608650806,1.498866726731,0.8200001));
#10945 = ORIENTED_EDGE('',*,*,#10946,.T.);
#10946 = EDGE_CURVE('',#10938,#79,#10947,.T.);
#10947 = B_SPLINE_CURVE_WITH_KNOTS('',1,(#10948,#10949),.UNSPECIFIED.,
  .F.,.F.,(2,2),(-0.,1.E-02),.PIECEWISE_BEZIER_KNOTS.);
#10948 = CARTESIAN_POINT('',(1.427608650806,1.498866726731,0.8200001));
#10949 = CARTESIAN_POINT('',(1.427608650806,1.498866726731,0.8100001));
#10950 = ORIENTED_EDGE('',*,*,#85,.F.);
#10951 = B_SPLINE_SURFACE_WITH_KNOTS('',3,1,(
    (#10952,#10953)
    ,(#10954,#10955)
    ,(#10956,#10957)
    ,(#10958,#10959
    )),.UNSPECIFIED.,.F.,.F.,.F.,(4,4),(2,2),(1.,2.),(0.,1.),
  .PIECEWISE_BEZIER_KNOTS.);
#10952 = CARTESIAN_POINT('',(1.406875877954,1.480275855187,0.8200001));
#10953 = CARTESIAN_POINT('',(1.406875877954,1.480275855187,0.8100001));
#10954 = CARTESIAN_POINT('',(1.415797000876,1.480275855187,0.8200001));
#10955 = CARTESIAN_POINT('',(1.415797000876,1.480275855187,0.8100001));
#10956 = CARTESIAN_POINT('',(1.422700993441,1.486472812368,0.8200001));
#10957 = CARTESIAN_POINT('',(1.422700993441,1.486472812368,0.8100001));
#10958 = CARTESIAN_POINT('',(1.427608650806,1.498866726731,0.8200001));
#10959 = CARTESIAN_POINT('',(1.427608650806,1.498866726731,0.8100001));
#10960 = ADVANCED_FACE('',(#10961),#10971,.F.);
#10961 = FACE_BOUND('',#10962,.T.);
#10962 = EDGE_LOOP('',(#10963,#10964,#10965,#10970));
#10963 = ORIENTED_EDGE('',*,*,#78,.T.);
#10964 = ORIENTED_EDGE('',*,*,#10635,.F.);
#10965 = ORIENTED_EDGE('',*,*,#10966,.F.);
#10966 = EDGE_CURVE('',#10938,#10629,#10967,.T.);
#10967 = B_SPLINE_CURVE_WITH_KNOTS('',1,(#10968,#10969),.UNSPECIFIED.,
  .F.,.F.,(2,2),(-7.188775248826E-02,0.),.PIECEWISE_BEZIER_KNOTS.);
#10968 = CARTESIAN_POINT('',(1.427608650806,1.498866726731,0.8200001));
#10969 = CARTESIAN_POINT('',(1.453976911563,1.565743955908,0.8200001));
#10970 = ORIENTED_EDGE('',*,*,#10946,.T.);
#10971 = B_SPLINE_SURFACE_WITH_KNOTS('',1,1,(
    (#10972,#10973)
    ,(#10974,#10975
    )),.UNSPECIFIED.,.F.,.F.,.F.,(2,2),(2,2),(-0.,7.188775248826E-02),(
    -1.E-02,0.),.PIECEWISE_BEZIER_KNOTS.);
#10972 = CARTESIAN_POINT('',(1.453976911563,1.565743955908,0.8100001));
#10973 = CARTESIAN_POINT('',(1.453976911563,1.565743955908,0.8200001));
#10974 = CARTESIAN_POINT('',(1.427608650806,1.498866726731,0.8100001));
#10975 = CARTESIAN_POINT('',(1.427608650806,1.498866726731,0.8200001));
#10976 = ADVANCED_FACE('',(#10977),#10994,.T.);
#10977 = FACE_BOUND('',#10978,.T.);
#10978 = EDGE_LOOP('',(#10979,#10980,#10981,#10982,#10983,#10984,#10985,
    #10986,#10987,#10988,#10989,#10990,#10991,#10992,#10993));
#10979 = ORIENTED_EDGE('',*,*,#10628,.T.);
#10980 = ORIENTED_EDGE('',*,*,#10656,.T.);
#10981 = ORIENTED_EDGE('',*,*,#10671,.T.);
#10982 = ORIENTED_EDGE('',*,*,#10706,.T.);
#10983 = ORIENTED_EDGE('',*,*,#10728,.T.);
#10984 = ORIENTED_EDGE('',*,*,#10750,.T.);
#10985 = ORIENTED_EDGE('',*,*,#10772,.T.);
#10986 = ORIENTED_EDGE('',*,*,#10794,.T.);
#10987 = ORIENTED_EDGE('',*,*,#10816,.T.);
#10988 = ORIENTED_EDGE('',*,*,#10831,.T.);
#10989 = ORIENTED_EDGE('',*,*,#10859,.T.);
#10990 = ORIENTED_EDGE('',*,*,#10894,.T.);
#10991 = ORIENTED_EDGE('',*,*,#10909,.T.);
#10992 = ORIENTED_EDGE('',*,*,#10937,.T.);
#10993 = ORIENTED_EDGE('',*,*,#10966,.T.);
#10994 = B_SPLINE_SURFACE_WITH_KNOTS('',1,1,(
    (#10995,#10996)
    ,(#10997,#10998
    )),.UNSPECIFIED.,.F.,.F.,.F.,(2,2),(2,2),(-2.054301703165E-02,
    3.522959759953E-02),(-4.647717886047E-03,8.08203828354E-02),
  .PIECEWISE_BEZIER_KNOTS.);
#10995 = CARTESIAN_POINT('',(1.398204296932,1.480275855187,0.8200001));
#10996 = CARTESIAN_POINT('',(1.398204296932,1.565743955908,0.8200001));
#10997 = CARTESIAN_POINT('',(1.453976911563,1.480275855187,0.8200001));
#10998 = CARTESIAN_POINT('',(1.453976911563,1.565743955908,0.8200001));
#10999 = ADVANCED_FACE('',(#11000),#11022,.F.);
#11000 = FACE_BOUND('',#11001,.T.);
#11001 = EDGE_LOOP('',(#11002,#11003,#11010,#11017));
#11002 = ORIENTED_EDGE('',*,*,#987,.T.);
#11003 = ORIENTED_EDGE('',*,*,#11004,.F.);
#11004 = EDGE_CURVE('',#11005,#990,#11007,.T.);
#11005 = VERTEX_POINT('',#11006);
#11006 = CARTESIAN_POINT('',(1.508709768278,1.516916924158,0.8200001));
#11007 = B_SPLINE_CURVE_WITH_KNOTS('',1,(#11008,#11009),.UNSPECIFIED.,
  .F.,.F.,(2,2),(-0.,1.E-02),.PIECEWISE_BEZIER_KNOTS.);
#11008 = CARTESIAN_POINT('',(1.508709768278,1.516916924158,0.8200001));
#11009 = CARTESIAN_POINT('',(1.508709768278,1.516916924158,0.8100001));
#11010 = ORIENTED_EDGE('',*,*,#11011,.F.);
#11011 = EDGE_CURVE('',#11012,#11005,#11014,.T.);
#11012 = VERTEX_POINT('',#11013);
#11013 = CARTESIAN_POINT('',(1.508709768278,1.507642283545,0.8200001));
#11014 = B_SPLINE_CURVE_WITH_KNOTS('',1,(#11015,#11016),.UNSPECIFIED.,
  .F.,.F.,(2,2),(-9.274640613515E-03,0.),.PIECEWISE_BEZIER_KNOTS.);
#11015 = CARTESIAN_POINT('',(1.508709768278,1.507642283545,0.8200001));
#11016 = CARTESIAN_POINT('',(1.508709768278,1.516916924158,0.8200001));
#11017 = ORIENTED_EDGE('',*,*,#11018,.T.);
#11018 = EDGE_CURVE('',#11012,#988,#11019,.T.);
#11019 = B_SPLINE_CURVE_WITH_KNOTS('',1,(#11020,#11021),.UNSPECIFIED.,
  .F.,.F.,(2,2),(-0.,1.E-02),.PIECEWISE_BEZIER_KNOTS.);
#11020 = CARTESIAN_POINT('',(1.508709768278,1.507642283545,0.8200001));
#11021 = CARTESIAN_POINT('',(1.508709768278,1.507642283545,0.8100001));
#11022 = B_SPLINE_SURFACE_WITH_KNOTS('',1,1,(
    (#11023,#11024)
    ,(#11025,#11026
  )),.UNSPECIFIED.,.F.,.F.,.F.,(2,2),(2,2),(-1.E-02,0.),(
    -9.274640613515E-03,0.),.PIECEWISE_BEZIER_KNOTS.);
#11023 = CARTESIAN_POINT('',(1.508709768278,1.507642283545,0.8100001));
#11024 = CARTESIAN_POINT('',(1.508709768278,1.516916924158,0.8100001));
#11025 = CARTESIAN_POINT('',(1.508709768278,1.507642283545,0.8200001));
#11026 = CARTESIAN_POINT('',(1.508709768278,1.516916924158,0.8200001));
#11027 = ADVANCED_FACE('',(#11028),#11044,.F.);
#11028 = FACE_BOUND('',#11029,.T.);
#11029 = EDGE_LOOP('',(#11030,#11031,#11038,#11043));
#11030 = ORIENTED_EDGE('',*,*,#1066,.T.);
#11031 = ORIENTED_EDGE('',*,*,#11032,.F.);
#11032 = EDGE_CURVE('',#11033,#1060,#11035,.T.);
#11033 = VERTEX_POINT('',#11034);
#11034 = CARTESIAN_POINT('',(1.475458310115,1.516916924158,0.8200001));
#11035 = B_SPLINE_CURVE_WITH_KNOTS('',1,(#11036,#11037),.UNSPECIFIED.,
  .F.,.F.,(2,2),(-0.,1.E-02),.PIECEWISE_BEZIER_KNOTS.);
#11036 = CARTESIAN_POINT('',(1.475458310115,1.516916924158,0.8200001));
#11037 = CARTESIAN_POINT('',(1.475458310115,1.516916924158,0.8100001));
#11038 = ORIENTED_EDGE('',*,*,#11039,.F.);
#11039 = EDGE_CURVE('',#11005,#11033,#11040,.T.);
#11040 = B_SPLINE_CURVE_WITH_KNOTS('',1,(#11041,#11042),.UNSPECIFIED.,
  .F.,.F.,(2,2),(-3.325145816363E-02,-0.),.PIECEWISE_BEZIER_KNOTS.);
#11041 = CARTESIAN_POINT('',(1.508709768278,1.516916924158,0.8200001));
#11042 = CARTESIAN_POINT('',(1.475458310115,1.516916924158,0.8200001));
#11043 = ORIENTED_EDGE('',*,*,#11004,.T.);
#11044 = B_SPLINE_SURFACE_WITH_KNOTS('',1,1,(
    (#11045,#11046)
    ,(#11047,#11048
  )),.UNSPECIFIED.,.F.,.F.,.F.,(2,2),(2,2),(0.,1.E-02),(0.,
    3.325145816363E-02),.PIECEWISE_BEZIER_KNOTS.);
#11045 = CARTESIAN_POINT('',(1.475458310115,1.516916924158,0.8200001));
#11046 = CARTESIAN_POINT('',(1.508709768278,1.516916924158,0.8200001));
#11047 = CARTESIAN_POINT('',(1.475458310115,1.516916924158,0.8100001));
#11048 = CARTESIAN_POINT('',(1.508709768278,1.516916924158,0.8100001));
#11049 = ADVANCED_FACE('',(#11050),#11066,.F.);
#11050 = FACE_BOUND('',#11051,.T.);
#11051 = EDGE_LOOP('',(#11052,#11053,#11060,#11065));
#11052 = ORIENTED_EDGE('',*,*,#1059,.T.);
#11053 = ORIENTED_EDGE('',*,*,#11054,.F.);
#11054 = EDGE_CURVE('',#11055,#1053,#11057,.T.);
#11055 = VERTEX_POINT('',#11056);
#11056 = CARTESIAN_POINT('',(1.475458310115,1.544283352516,0.8200001));
#11057 = B_SPLINE_CURVE_WITH_KNOTS('',1,(#11058,#11059),.UNSPECIFIED.,
  .F.,.F.,(2,2),(-0.,1.E-02),.PIECEWISE_BEZIER_KNOTS.);
#11058 = CARTESIAN_POINT('',(1.475458310115,1.544283352516,0.8200001));
#11059 = CARTESIAN_POINT('',(1.475458310115,1.544283352516,0.8100001));
#11060 = ORIENTED_EDGE('',*,*,#11061,.F.);
#11061 = EDGE_CURVE('',#11033,#11055,#11062,.T.);
#11062 = B_SPLINE_CURVE_WITH_KNOTS('',1,(#11063,#11064),.UNSPECIFIED.,
  .F.,.F.,(2,2),(-2.736642835733E-02,0.),.PIECEWISE_BEZIER_KNOTS.);
#11063 = CARTESIAN_POINT('',(1.475458310115,1.516916924158,0.8200001));
#11064 = CARTESIAN_POINT('',(1.475458310115,1.544283352516,0.8200001));
#11065 = ORIENTED_EDGE('',*,*,#11032,.T.);
#11066 = B_SPLINE_SURFACE_WITH_KNOTS('',1,1,(
    (#11067,#11068)
    ,(#11069,#11070
  )),.UNSPECIFIED.,.F.,.F.,.F.,(2,2),(2,2),(-1.E-02,0.),(
    -2.736642835733E-02,0.),.PIECEWISE_BEZIER_KNOTS.);
#11067 = CARTESIAN_POINT('',(1.475458310115,1.516916924158,0.8100001));
#11068 = CARTESIAN_POINT('',(1.475458310115,1.544283352516,0.8100001));
#11069 = CARTESIAN_POINT('',(1.475458310115,1.516916924158,0.8200001));
#11070 = CARTESIAN_POINT('',(1.475458310115,1.544283352516,0.8200001));
#11071 = ADVANCED_FACE('',(#11072),#11088,.F.);
#11072 = FACE_BOUND('',#11073,.T.);
#11073 = EDGE_LOOP('',(#11074,#11075,#11082,#11087));
#11074 = ORIENTED_EDGE('',*,*,#1052,.T.);
#11075 = ORIENTED_EDGE('',*,*,#11076,.F.);
#11076 = EDGE_CURVE('',#11077,#1046,#11079,.T.);
#11077 = VERTEX_POINT('',#11078);
#11078 = CARTESIAN_POINT('',(1.504550736613,1.544283352516,0.8200001));
#11079 = B_SPLINE_CURVE_WITH_KNOTS('',1,(#11080,#11081),.UNSPECIFIED.,
  .F.,.F.,(2,2),(-0.,1.E-02),.PIECEWISE_BEZIER_KNOTS.);
#11080 = CARTESIAN_POINT('',(1.504550736613,1.544283352516,0.8200001));
#11081 = CARTESIAN_POINT('',(1.504550736613,1.544283352516,0.8100001));
#11082 = ORIENTED_EDGE('',*,*,#11083,.F.);
#11083 = EDGE_CURVE('',#11055,#11077,#11084,.T.);
#11084 = B_SPLINE_CURVE_WITH_KNOTS('',1,(#11085,#11086),.UNSPECIFIED.,
  .F.,.F.,(2,2),(-2.909242649811E-02,0.),.PIECEWISE_BEZIER_KNOTS.);
#11085 = CARTESIAN_POINT('',(1.475458310115,1.544283352516,0.8200001));
#11086 = CARTESIAN_POINT('',(1.504550736613,1.544283352516,0.8200001));
#11087 = ORIENTED_EDGE('',*,*,#11054,.T.);
#11088 = B_SPLINE_SURFACE_WITH_KNOTS('',1,1,(
    (#11089,#11090)
    ,(#11091,#11092
  )),.UNSPECIFIED.,.F.,.F.,.F.,(2,2),(2,2),(-1.E-02,0.),(
    -2.909242649811E-02,0.),.PIECEWISE_BEZIER_KNOTS.);
#11089 = CARTESIAN_POINT('',(1.475458310115,1.544283352516,0.8100001));
#11090 = CARTESIAN_POINT('',(1.504550736613,1.544283352516,0.8100001));
#11091 = CARTESIAN_POINT('',(1.475458310115,1.544283352516,0.8200001));
#11092 = CARTESIAN_POINT('',(1.504550736613,1.544283352516,0.8200001));
#11093 = ADVANCED_FACE('',(#11094),#11110,.F.);
#11094 = FACE_BOUND('',#11095,.T.);
#11095 = EDGE_LOOP('',(#11096,#11097,#11104,#11109));
#11096 = ORIENTED_EDGE('',*,*,#1045,.T.);
#11097 = ORIENTED_EDGE('',*,*,#11098,.F.);
#11098 = EDGE_CURVE('',#11099,#1039,#11101,.T.);
#11099 = VERTEX_POINT('',#11100);
#11100 = CARTESIAN_POINT('',(1.504550736613,1.553599583446,0.8200001));
#11101 = B_SPLINE_CURVE_WITH_KNOTS('',1,(#11102,#11103),.UNSPECIFIED.,
  .F.,.F.,(2,2),(-0.,1.E-02),.PIECEWISE_BEZIER_KNOTS.);
#11102 = CARTESIAN_POINT('',(1.504550736613,1.553599583446,0.8200001));
#11103 = CARTESIAN_POINT('',(1.504550736613,1.553599583446,0.8100001));
#11104 = ORIENTED_EDGE('',*,*,#11105,.F.);
#11105 = EDGE_CURVE('',#11077,#11099,#11106,.T.);
#11106 = B_SPLINE_CURVE_WITH_KNOTS('',1,(#11107,#11108),.UNSPECIFIED.,
  .F.,.F.,(2,2),(-9.316230930119E-03,0.),.PIECEWISE_BEZIER_KNOTS.);
#11107 = CARTESIAN_POINT('',(1.504550736613,1.544283352516,0.8200001));
#11108 = CARTESIAN_POINT('',(1.504550736613,1.553599583446,0.8200001));
#11109 = ORIENTED_EDGE('',*,*,#11076,.T.);
#11110 = B_SPLINE_SURFACE_WITH_KNOTS('',1,1,(
    (#11111,#11112)
    ,(#11113,#11114
  )),.UNSPECIFIED.,.F.,.F.,.F.,(2,2),(2,2),(-1.E-02,0.),(
    -9.316230930119E-03,0.),.PIECEWISE_BEZIER_KNOTS.);
#11111 = CARTESIAN_POINT('',(1.504550736613,1.544283352516,0.8100001));
#11112 = CARTESIAN_POINT('',(1.504550736613,1.553599583446,0.8100001));
#11113 = CARTESIAN_POINT('',(1.504550736613,1.544283352516,0.8200001));
#11114 = CARTESIAN_POINT('',(1.504550736613,1.553599583446,0.8200001));
#11115 = ADVANCED_FACE('',(#11116),#11132,.F.);
#11116 = FACE_BOUND('',#11117,.T.);
#11117 = EDGE_LOOP('',(#11118,#11119,#11126,#11131));
#11118 = ORIENTED_EDGE('',*,*,#1038,.T.);
#11119 = ORIENTED_EDGE('',*,*,#11120,.F.);
#11120 = EDGE_CURVE('',#11121,#1032,#11123,.T.);
#11121 = VERTEX_POINT('',#11122);
#11122 = CARTESIAN_POINT('',(1.475458310115,1.553599583446,0.8200001));
#11123 = B_SPLINE_CURVE_WITH_KNOTS('',1,(#11124,#11125),.UNSPECIFIED.,
  .F.,.F.,(2,2),(-0.,1.E-02),.PIECEWISE_BEZIER_KNOTS.);
#11124 = CARTESIAN_POINT('',(1.475458310115,1.553599583446,0.8200001));
#11125 = CARTESIAN_POINT('',(1.475458310115,1.553599583446,0.8100001));
#11126 = ORIENTED_EDGE('',*,*,#11127,.F.);
#11127 = EDGE_CURVE('',#11099,#11121,#11128,.T.);
#11128 = B_SPLINE_CURVE_WITH_KNOTS('',1,(#11129,#11130),.UNSPECIFIED.,
  .F.,.F.,(2,2),(-2.909242649811E-02,-0.),.PIECEWISE_BEZIER_KNOTS.);
#11129 = CARTESIAN_POINT('',(1.504550736613,1.553599583446,0.8200001));
#11130 = CARTESIAN_POINT('',(1.475458310115,1.553599583446,0.8200001));
#11131 = ORIENTED_EDGE('',*,*,#11098,.T.);
#11132 = B_SPLINE_SURFACE_WITH_KNOTS('',1,1,(
    (#11133,#11134)
    ,(#11135,#11136
  )),.UNSPECIFIED.,.F.,.F.,.F.,(2,2),(2,2),(0.,1.E-02),(0.,
    2.909242649811E-02),.PIECEWISE_BEZIER_KNOTS.);
#11133 = CARTESIAN_POINT('',(1.475458310115,1.553599583446,0.8200001));
#11134 = CARTESIAN_POINT('',(1.504550736613,1.553599583446,0.8200001));
#11135 = CARTESIAN_POINT('',(1.475458310115,1.553599583446,0.8100001));
#11136 = CARTESIAN_POINT('',(1.504550736613,1.553599583446,0.8100001));
#11137 = ADVANCED_FACE('',(#11138),#11154,.F.);
#11138 = FACE_BOUND('',#11139,.T.);
#11139 = EDGE_LOOP('',(#11140,#11141,#11148,#11153));
#11140 = ORIENTED_EDGE('',*,*,#1031,.T.);
#11141 = ORIENTED_EDGE('',*,*,#11142,.F.);
#11142 = EDGE_CURVE('',#11143,#1025,#11145,.T.);
#11143 = VERTEX_POINT('',#11144);
#11144 = CARTESIAN_POINT('',(1.475458310115,1.579635121671,0.8200001));
#11145 = B_SPLINE_CURVE_WITH_KNOTS('',1,(#11146,#11147),.UNSPECIFIED.,
  .F.,.F.,(2,2),(-0.,1.E-02),.PIECEWISE_BEZIER_KNOTS.);
#11146 = CARTESIAN_POINT('',(1.475458310115,1.579635121671,0.8200001));
#11147 = CARTESIAN_POINT('',(1.475458310115,1.579635121671,0.8100001));
#11148 = ORIENTED_EDGE('',*,*,#11149,.F.);
#11149 = EDGE_CURVE('',#11121,#11143,#11150,.T.);
#11150 = B_SPLINE_CURVE_WITH_KNOTS('',1,(#11151,#11152),.UNSPECIFIED.,
  .F.,.F.,(2,2),(-2.603553822485E-02,0.),.PIECEWISE_BEZIER_KNOTS.);
#11151 = CARTESIAN_POINT('',(1.475458310115,1.553599583446,0.8200001));
#11152 = CARTESIAN_POINT('',(1.475458310115,1.579635121671,0.8200001));
#11153 = ORIENTED_EDGE('',*,*,#11120,.T.);
#11154 = B_SPLINE_SURFACE_WITH_KNOTS('',1,1,(
    (#11155,#11156)
    ,(#11157,#11158
  )),.UNSPECIFIED.,.F.,.F.,.F.,(2,2),(2,2),(-1.E-02,0.),(
    -2.603553822485E-02,0.),.PIECEWISE_BEZIER_KNOTS.);
#11155 = CARTESIAN_POINT('',(1.475458310115,1.553599583446,0.8100001));
#11156 = CARTESIAN_POINT('',(1.475458310115,1.579635121671,0.8100001));
#11157 = CARTESIAN_POINT('',(1.475458310115,1.553599583446,0.8200001));
#11158 = CARTESIAN_POINT('',(1.475458310115,1.579635121671,0.8200001));
#11159 = ADVANCED_FACE('',(#11160),#11176,.F.);
#11160 = FACE_BOUND('',#11161,.T.);
#11161 = EDGE_LOOP('',(#11162,#11163,#11170,#11175));
#11162 = ORIENTED_EDGE('',*,*,#1024,.T.);
#11163 = ORIENTED_EDGE('',*,*,#11164,.F.);
#11164 = EDGE_CURVE('',#11165,#1018,#11167,.T.);
#11165 = VERTEX_POINT('',#11166);
#11166 = CARTESIAN_POINT('',(1.506858999187,1.579635121671,0.8200001));
#11167 = B_SPLINE_CURVE_WITH_KNOTS('',1,(#11168,#11169),.UNSPECIFIED.,
  .F.,.F.,(2,2),(-0.,1.E-02),.PIECEWISE_BEZIER_KNOTS.);
#11168 = CARTESIAN_POINT('',(1.506858999187,1.579635121671,0.8200001));
#11169 = CARTESIAN_POINT('',(1.506858999187,1.579635121671,0.8100001));
#11170 = ORIENTED_EDGE('',*,*,#11171,.F.);
#11171 = EDGE_CURVE('',#11143,#11165,#11172,.T.);
#11172 = B_SPLINE_CURVE_WITH_KNOTS('',1,(#11173,#11174),.UNSPECIFIED.,
  .F.,.F.,(2,2),(-3.140068907248E-02,0.),.PIECEWISE_BEZIER_KNOTS.);
#11173 = CARTESIAN_POINT('',(1.475458310115,1.579635121671,0.8200001));
#11174 = CARTESIAN_POINT('',(1.506858999187,1.579635121671,0.8200001));
#11175 = ORIENTED_EDGE('',*,*,#11142,.T.);
#11176 = B_SPLINE_SURFACE_WITH_KNOTS('',1,1,(
    (#11177,#11178)
    ,(#11179,#11180
  )),.UNSPECIFIED.,.F.,.F.,.F.,(2,2),(2,2),(-1.E-02,0.),(
    -3.140068907248E-02,0.),.PIECEWISE_BEZIER_KNOTS.);
#11177 = CARTESIAN_POINT('',(1.475458310115,1.579635121671,0.8100001));
#11178 = CARTESIAN_POINT('',(1.506858999187,1.579635121671,0.8100001));
#11179 = CARTESIAN_POINT('',(1.475458310115,1.579635121671,0.8200001));
#11180 = CARTESIAN_POINT('',(1.506858999187,1.579635121671,0.8200001));
#11181 = ADVANCED_FACE('',(#11182),#11198,.F.);
#11182 = FACE_BOUND('',#11183,.T.);
#11183 = EDGE_LOOP('',(#11184,#11185,#11192,#11197));
#11184 = ORIENTED_EDGE('',*,*,#1017,.T.);
#11185 = ORIENTED_EDGE('',*,*,#11186,.F.);
#11186 = EDGE_CURVE('',#11187,#1011,#11189,.T.);
#11187 = VERTEX_POINT('',#11188);
#11188 = CARTESIAN_POINT('',(1.506858999187,1.588992942917,0.8200001));
#11189 = B_SPLINE_CURVE_WITH_KNOTS('',1,(#11190,#11191),.UNSPECIFIED.,
  .F.,.F.,(2,2),(-0.,1.E-02),.PIECEWISE_BEZIER_KNOTS.);
#11190 = CARTESIAN_POINT('',(1.506858999187,1.588992942917,0.8200001));
#11191 = CARTESIAN_POINT('',(1.506858999187,1.588992942917,0.8100001));
#11192 = ORIENTED_EDGE('',*,*,#11193,.F.);
#11193 = EDGE_CURVE('',#11165,#11187,#11194,.T.);
#11194 = B_SPLINE_CURVE_WITH_KNOTS('',1,(#11195,#11196),.UNSPECIFIED.,
  .F.,.F.,(2,2),(-9.357821246723E-03,0.),.PIECEWISE_BEZIER_KNOTS.);
#11195 = CARTESIAN_POINT('',(1.506858999187,1.579635121671,0.8200001));
#11196 = CARTESIAN_POINT('',(1.506858999187,1.588992942917,0.8200001));
#11197 = ORIENTED_EDGE('',*,*,#11164,.T.);
#11198 = B_SPLINE_SURFACE_WITH_KNOTS('',1,1,(
    (#11199,#11200)
    ,(#11201,#11202
  )),.UNSPECIFIED.,.F.,.F.,.F.,(2,2),(2,2),(-1.E-02,0.),(
    -9.357821246723E-03,0.),.PIECEWISE_BEZIER_KNOTS.);
#11199 = CARTESIAN_POINT('',(1.506858999187,1.579635121671,0.8100001));
#11200 = CARTESIAN_POINT('',(1.506858999187,1.588992942917,0.8100001));
#11201 = CARTESIAN_POINT('',(1.506858999187,1.579635121671,0.8200001));
#11202 = CARTESIAN_POINT('',(1.506858999187,1.588992942917,0.8200001));
#11203 = ADVANCED_FACE('',(#11204),#11220,.F.);
#11204 = FACE_BOUND('',#11205,.T.);
#11205 = EDGE_LOOP('',(#11206,#11207,#11214,#11219));
#11206 = ORIENTED_EDGE('',*,*,#1010,.T.);
#11207 = ORIENTED_EDGE('',*,*,#11208,.F.);
#11208 = EDGE_CURVE('',#11209,#1004,#11211,.T.);
#11209 = VERTEX_POINT('',#11210);
#11210 = CARTESIAN_POINT('',(1.46495675516,1.588992942917,0.8200001));
#11211 = B_SPLINE_CURVE_WITH_KNOTS('',1,(#11212,#11213),.UNSPECIFIED.,
  .F.,.F.,(2,2),(-0.,1.E-02),.PIECEWISE_BEZIER_KNOTS.);
#11212 = CARTESIAN_POINT('',(1.46495675516,1.588992942917,0.8200001));
#11213 = CARTESIAN_POINT('',(1.46495675516,1.588992942917,0.8100001));
#11214 = ORIENTED_EDGE('',*,*,#11215,.F.);
#11215 = EDGE_CURVE('',#11187,#11209,#11216,.T.);
#11216 = B_SPLINE_CURVE_WITH_KNOTS('',1,(#11217,#11218),.UNSPECIFIED.,
  .F.,.F.,(2,2),(-4.190224402751E-02,-0.),.PIECEWISE_BEZIER_KNOTS.);
#11217 = CARTESIAN_POINT('',(1.506858999187,1.588992942917,0.8200001));
#11218 = CARTESIAN_POINT('',(1.46495675516,1.588992942917,0.8200001));
#11219 = ORIENTED_EDGE('',*,*,#11186,.T.);
#11220 = B_SPLINE_SURFACE_WITH_KNOTS('',1,1,(
    (#11221,#11222)
    ,(#11223,#11224
  )),.UNSPECIFIED.,.F.,.F.,.F.,(2,2),(2,2),(0.,1.E-02),(0.,
    4.190224402751E-02),.PIECEWISE_BEZIER_KNOTS.);
#11221 = CARTESIAN_POINT('',(1.46495675516,1.588992942917,0.8200001));
#11222 = CARTESIAN_POINT('',(1.506858999187,1.588992942917,0.8200001));
#11223 = CARTESIAN_POINT('',(1.46495675516,1.588992942917,0.8100001));
#11224 = CARTESIAN_POINT('',(1.506858999187,1.588992942917,0.8100001));
#11225 = ADVANCED_FACE('',(#11226),#11242,.F.);
#11226 = FACE_BOUND('',#11227,.T.);
#11227 = EDGE_LOOP('',(#11228,#11229,#11236,#11241));
#11228 = ORIENTED_EDGE('',*,*,#1003,.T.);
#11229 = ORIENTED_EDGE('',*,*,#11230,.F.);
#11230 = EDGE_CURVE('',#11231,#997,#11233,.T.);
#11231 = VERTEX_POINT('',#11232);
#11232 = CARTESIAN_POINT('',(1.46495675516,1.507642283545,0.8200001));
#11233 = B_SPLINE_CURVE_WITH_KNOTS('',1,(#11234,#11235),.UNSPECIFIED.,
  .F.,.F.,(2,2),(-0.,1.E-02),.PIECEWISE_BEZIER_KNOTS.);
#11234 = CARTESIAN_POINT('',(1.46495675516,1.507642283545,0.8200001));
#11235 = CARTESIAN_POINT('',(1.46495675516,1.507642283545,0.8100001));
#11236 = ORIENTED_EDGE('',*,*,#11237,.F.);
#11237 = EDGE_CURVE('',#11209,#11231,#11238,.T.);
#11238 = B_SPLINE_CURVE_WITH_KNOTS('',1,(#11239,#11240),.UNSPECIFIED.,
  .F.,.F.,(2,2),(-8.135065937253E-02,-0.),.PIECEWISE_BEZIER_KNOTS.);
#11239 = CARTESIAN_POINT('',(1.46495675516,1.588992942917,0.8200001));
#11240 = CARTESIAN_POINT('',(1.46495675516,1.507642283545,0.8200001));
#11241 = ORIENTED_EDGE('',*,*,#11208,.T.);
#11242 = B_SPLINE_SURFACE_WITH_KNOTS('',1,1,(
    (#11243,#11244)
    ,(#11245,#11246
  )),.UNSPECIFIED.,.F.,.F.,.F.,(2,2),(2,2),(0.,1.E-02),(0.,
    8.135065937253E-02),.PIECEWISE_BEZIER_KNOTS.);
#11243 = CARTESIAN_POINT('',(1.46495675516,1.507642283545,0.8200001));
#11244 = CARTESIAN_POINT('',(1.46495675516,1.588992942917,0.8200001));
#11245 = CARTESIAN_POINT('',(1.46495675516,1.507642283545,0.8100001));
#11246 = CARTESIAN_POINT('',(1.46495675516,1.588992942917,0.8100001));
#11247 = ADVANCED_FACE('',(#11248),#11258,.F.);
#11248 = FACE_BOUND('',#11249,.T.);
#11249 = EDGE_LOOP('',(#11250,#11251,#11252,#11257));
#11250 = ORIENTED_EDGE('',*,*,#996,.T.);
#11251 = ORIENTED_EDGE('',*,*,#11018,.F.);
#11252 = ORIENTED_EDGE('',*,*,#11253,.F.);
#11253 = EDGE_CURVE('',#11231,#11012,#11254,.T.);
#11254 = B_SPLINE_CURVE_WITH_KNOTS('',1,(#11255,#11256),.UNSPECIFIED.,
  .F.,.F.,(2,2),(-4.375301311866E-02,0.),.PIECEWISE_BEZIER_KNOTS.);
#11255 = CARTESIAN_POINT('',(1.46495675516,1.507642283545,0.8200001));
#11256 = CARTESIAN_POINT('',(1.508709768278,1.507642283545,0.8200001));
#11257 = ORIENTED_EDGE('',*,*,#11230,.T.);
#11258 = B_SPLINE_SURFACE_WITH_KNOTS('',1,1,(
    (#11259,#11260)
    ,(#11261,#11262
  )),.UNSPECIFIED.,.F.,.F.,.F.,(2,2),(2,2),(-1.E-02,0.),(
    -4.375301311866E-02,0.),.PIECEWISE_BEZIER_KNOTS.);
#11259 = CARTESIAN_POINT('',(1.46495675516,1.507642283545,0.8100001));
#11260 = CARTESIAN_POINT('',(1.508709768278,1.507642283545,0.8100001));
#11261 = CARTESIAN_POINT('',(1.46495675516,1.507642283545,0.8200001));
#11262 = CARTESIAN_POINT('',(1.508709768278,1.507642283545,0.8200001));
#11263 = ADVANCED_FACE('',(#11264),#11278,.F.);
#11264 = FACE_BOUND('',#11265,.T.);
#11265 = EDGE_LOOP('',(#11266,#11267,#11268,#11269,#11270,#11271,#11272,
    #11273,#11274,#11275,#11276,#11277));
#11266 = ORIENTED_EDGE('',*,*,#11011,.T.);
#11267 = ORIENTED_EDGE('',*,*,#11039,.T.);
#11268 = ORIENTED_EDGE('',*,*,#11061,.T.);
#11269 = ORIENTED_EDGE('',*,*,#11083,.T.);
#11270 = ORIENTED_EDGE('',*,*,#11105,.T.);
#11271 = ORIENTED_EDGE('',*,*,#11127,.T.);
#11272 = ORIENTED_EDGE('',*,*,#11149,.T.);
#11273 = ORIENTED_EDGE('',*,*,#11171,.T.);
#11274 = ORIENTED_EDGE('',*,*,#11193,.T.);
#11275 = ORIENTED_EDGE('',*,*,#11215,.T.);
#11276 = ORIENTED_EDGE('',*,*,#11237,.T.);
#11277 = ORIENTED_EDGE('',*,*,#11253,.T.);
#11278 = B_SPLINE_SURFACE_WITH_KNOTS('',1,1,(
    (#11279,#11280)
    ,(#11281,#11282
    )),.UNSPECIFIED.,.F.,.F.,.F.,(2,2),(2,2),(-1.508709768278,
    -1.46495675516),(1.507642283545,1.588992942917),
  .PIECEWISE_BEZIER_KNOTS.);
#11279 = CARTESIAN_POINT('',(1.508709768278,1.507642283545,0.8200001));
#11280 = CARTESIAN_POINT('',(1.508709768278,1.588992942917,0.8200001));
#11281 = CARTESIAN_POINT('',(1.46495675516,1.507642283545,0.8200001));
#11282 = CARTESIAN_POINT('',(1.46495675516,1.588992942917,0.8200001));
#11283 = ADVANCED_FACE('',(#11284,#11343),#11402,.T.);
#11284 = FACE_BOUND('',#11285,.T.);
#11285 = EDGE_LOOP('',(#11286,#11295,#11304,#11313,#11322,#11331,#11338)
  );
#11286 = ORIENTED_EDGE('',*,*,#11287,.T.);
#11287 = EDGE_CURVE('',#11288,#11290,#11292,.T.);
#11288 = VERTEX_POINT('',#11289);
#11289 = CARTESIAN_POINT('',(1.524077390282,1.507642283545,0.8200001));
#11290 = VERTEX_POINT('',#11291);
#11291 = CARTESIAN_POINT('',(1.546452980641,1.507642283545,0.8200001));
#11292 = B_SPLINE_CURVE_WITH_KNOTS('',1,(#11293,#11294),.UNSPECIFIED.,
  .F.,.F.,(2,2),(-2.237559035915E-02,0.),.PIECEWISE_BEZIER_KNOTS.);
#11293 = CARTESIAN_POINT('',(1.524077390282,1.507642283545,0.8200001));
#11294 = CARTESIAN_POINT('',(1.546452980641,1.507642283545,0.8200001));
#11295 = ORIENTED_EDGE('',*,*,#11296,.T.);
#11296 = EDGE_CURVE('',#11290,#11297,#11299,.T.);
#11297 = VERTEX_POINT('',#11298);
#11298 = CARTESIAN_POINT('',(1.578040826138,1.519038030307,0.8200001));
#11299 = B_SPLINE_CURVE_WITH_KNOTS('',3,(#11300,#11301,#11302,#11303),
  .UNSPECIFIED.,.F.,.F.,(4,4),(5.,6.),.PIECEWISE_BEZIER_KNOTS.);
#11300 = CARTESIAN_POINT('',(1.546452980641,1.507642283545,0.8200001));
#11301 = CARTESIAN_POINT('',(1.559325183645,1.507642283545,0.8200001));
#11302 = CARTESIAN_POINT('',(1.569868328916,1.51142700236,0.8200001));
#11303 = CARTESIAN_POINT('',(1.578040826138,1.519038030307,0.8200001));
#11304 = ORIENTED_EDGE('',*,*,#11305,.T.);
#11305 = EDGE_CURVE('',#11297,#11306,#11308,.T.);
#11306 = VERTEX_POINT('',#11307);
#11307 = CARTESIAN_POINT('',(1.590309969551,1.549357371147,0.8200001));
#11308 = B_SPLINE_CURVE_WITH_KNOTS('',3,(#11309,#11310,#11311,#11312),
  .UNSPECIFIED.,.F.,.F.,(4,4),(4.,5.),.PIECEWISE_BEZIER_KNOTS.);
#11309 = CARTESIAN_POINT('',(1.578040826138,1.519038030307,0.8200001));
#11310 = CARTESIAN_POINT('',(1.586213323361,1.526649058255,0.8200001));
#11311 = CARTESIAN_POINT('',(1.590309969551,1.536755505201,0.8200001));
#11312 = CARTESIAN_POINT('',(1.590309969551,1.549357371147,0.8200001));
#11313 = ORIENTED_EDGE('',*,*,#11314,.T.);
#11314 = EDGE_CURVE('',#11306,#11315,#11317,.T.);
#11315 = VERTEX_POINT('',#11316);
#11316 = CARTESIAN_POINT('',(1.578040826138,1.578221050904,0.8200001));
#11317 = B_SPLINE_CURVE_WITH_KNOTS('',3,(#11318,#11319,#11320,#11321),
  .UNSPECIFIED.,.F.,.F.,(4,4),(3.,4.),.PIECEWISE_BEZIER_KNOTS.);
#11318 = CARTESIAN_POINT('',(1.590309969551,1.549357371147,0.8200001));
#11319 = CARTESIAN_POINT('',(1.590309969551,1.561418562976,0.8200001));
#11320 = CARTESIAN_POINT('',(1.586213323361,1.571025926123,0.8200001));
#11321 = CARTESIAN_POINT('',(1.578040826138,1.578221050904,0.8200001));
#11322 = ORIENTED_EDGE('',*,*,#11323,.T.);
#11323 = EDGE_CURVE('',#11315,#11324,#11326,.T.);
#11324 = VERTEX_POINT('',#11325);
#11325 = CARTESIAN_POINT('',(1.547284786974,1.588992942917,0.8200001));
#11326 = B_SPLINE_CURVE_WITH_KNOTS('',3,(#11327,#11328,#11329,#11330),
  .UNSPECIFIED.,.F.,.F.,(4,4),(2.,3.),.PIECEWISE_BEZIER_KNOTS.);
#11327 = CARTESIAN_POINT('',(1.578040826138,1.578221050904,0.8200001));
#11328 = CARTESIAN_POINT('',(1.569868328916,1.585416175685,0.8200001));
#11329 = CARTESIAN_POINT('',(1.559616315861,1.588992942917,0.8200001));
#11330 = CARTESIAN_POINT('',(1.547284786974,1.588992942917,0.8200001));
#11331 = ORIENTED_EDGE('',*,*,#11332,.T.);
#11332 = EDGE_CURVE('',#11324,#11333,#11335,.T.);
#11333 = VERTEX_POINT('',#11334);
#11334 = CARTESIAN_POINT('',(1.524077390282,1.588992942917,0.8200001));
#11335 = B_SPLINE_CURVE_WITH_KNOTS('',1,(#11336,#11337),.UNSPECIFIED.,
  .F.,.F.,(2,2),(-2.320739669181E-02,-0.),.PIECEWISE_BEZIER_KNOTS.);
#11336 = CARTESIAN_POINT('',(1.547284786974,1.588992942917,0.8200001));
#11337 = CARTESIAN_POINT('',(1.524077390282,1.588992942917,0.8200001));
#11338 = ORIENTED_EDGE('',*,*,#11339,.T.);
#11339 = EDGE_CURVE('',#11333,#11288,#11340,.T.);
#11340 = B_SPLINE_CURVE_WITH_KNOTS('',1,(#11341,#11342),.UNSPECIFIED.,
  .F.,.F.,(2,2),(-8.135065937253E-02,-0.),.PIECEWISE_BEZIER_KNOTS.);
#11341 = CARTESIAN_POINT('',(1.524077390282,1.588992942917,0.8200001));
#11342 = CARTESIAN_POINT('',(1.524077390282,1.507642283545,0.8200001));
#11343 = FACE_BOUND('',#11344,.T.);
#11344 = EDGE_LOOP('',(#11345,#11354,#11361,#11370,#11379,#11388,#11397)
  );
#11345 = ORIENTED_EDGE('',*,*,#11346,.F.);
#11346 = EDGE_CURVE('',#11347,#11349,#11351,.T.);
#11347 = VERTEX_POINT('',#11348);
#11348 = CARTESIAN_POINT('',(1.534578945236,1.579635121671,0.8200001));
#11349 = VERTEX_POINT('',#11350);
#11350 = CARTESIAN_POINT('',(1.534578945236,1.516916924158,0.8200001));
#11351 = B_SPLINE_CURVE_WITH_KNOTS('',1,(#11352,#11353),.UNSPECIFIED.,
  .F.,.F.,(2,2),(0.,6.271819751229E-02),.PIECEWISE_BEZIER_KNOTS.);
#11352 = CARTESIAN_POINT('',(1.534578945236,1.579635121671,0.8200001));
#11353 = CARTESIAN_POINT('',(1.534578945236,1.516916924158,0.8200001));
#11354 = ORIENTED_EDGE('',*,*,#11355,.F.);
#11355 = EDGE_CURVE('',#11356,#11347,#11358,.T.);
#11356 = VERTEX_POINT('',#11357);
#11357 = CARTESIAN_POINT('',(1.546868883807,1.579635121671,0.8200001));
#11358 = B_SPLINE_CURVE_WITH_KNOTS('',1,(#11359,#11360),.UNSPECIFIED.,
  .F.,.F.,(2,2),(0.,1.228993857072E-02),.PIECEWISE_BEZIER_KNOTS.);
#11359 = CARTESIAN_POINT('',(1.546868883807,1.579635121671,0.8200001));
#11360 = CARTESIAN_POINT('',(1.534578945236,1.579635121671,0.8200001));
#11361 = ORIENTED_EDGE('',*,*,#11362,.F.);
#11362 = EDGE_CURVE('',#11363,#11356,#11365,.T.);
#11363 = VERTEX_POINT('',#11364);
#11364 = CARTESIAN_POINT('',(1.570346617557,1.571982503406,0.8200001));
#11365 = B_SPLINE_CURVE_WITH_KNOTS('',3,(#11366,#11367,#11368,#11369),
  .UNSPECIFIED.,.F.,.F.,(4,4),(5.,6.),.PIECEWISE_BEZIER_KNOTS.);
#11366 = CARTESIAN_POINT('',(1.570346617557,1.571982503406,0.8200001));
#11367 = CARTESIAN_POINT('',(1.564399202276,1.577098112354,0.8200001));
#11368 = CARTESIAN_POINT('',(1.556559427587,1.579635121671,0.8200001));
#11369 = CARTESIAN_POINT('',(1.546868883807,1.579635121671,0.8200001));
#11370 = ORIENTED_EDGE('',*,*,#11371,.F.);
#11371 = EDGE_CURVE('',#11372,#11363,#11374,.T.);
#11372 = VERTEX_POINT('',#11373);
#11373 = CARTESIAN_POINT('',(1.579267740479,1.549066238931,0.8200001));
#11374 = B_SPLINE_CURVE_WITH_KNOTS('',3,(#11375,#11376,#11377,#11378),
  .UNSPECIFIED.,.F.,.F.,(4,4),(4.,5.),.PIECEWISE_BEZIER_KNOTS.);
#11375 = CARTESIAN_POINT('',(1.579267740479,1.549066238931,0.8200001));
#11376 = CARTESIAN_POINT('',(1.579267740479,1.559214276194,0.8200001));
#11377 = CARTESIAN_POINT('',(1.576294032839,1.566866894458,0.8200001));
#11378 = CARTESIAN_POINT('',(1.570346617557,1.571982503406,0.8200001));
#11379 = ORIENTED_EDGE('',*,*,#11380,.F.);
#11380 = EDGE_CURVE('',#11381,#11372,#11383,.T.);
#11381 = VERTEX_POINT('',#11382);
#11382 = CARTESIAN_POINT('',(1.570575364299,1.525401348755,0.8200001));
#11383 = B_SPLINE_CURVE_WITH_KNOTS('',3,(#11384,#11385,#11386,#11387),
  .UNSPECIFIED.,.F.,.F.,(4,4),(3.,4.),.PIECEWISE_BEZIER_KNOTS.);
#11384 = CARTESIAN_POINT('',(1.570575364299,1.525401348755,0.8200001));
#11385 = CARTESIAN_POINT('',(1.576377213472,1.531016041503,0.8200001));
#11386 = CARTESIAN_POINT('',(1.579267740479,1.538918201667,0.8200001));
#11387 = CARTESIAN_POINT('',(1.579267740479,1.549066238931,0.8200001));
#11388 = ORIENTED_EDGE('',*,*,#11389,.F.);
#11389 = EDGE_CURVE('',#11390,#11381,#11392,.T.);
#11390 = VERTEX_POINT('',#11391);
#11391 = CARTESIAN_POINT('',(1.546390595165,1.516916924158,0.8200001));
#11392 = B_SPLINE_CURVE_WITH_KNOTS('',3,(#11393,#11394,#11395,#11396),
  .UNSPECIFIED.,.F.,.F.,(4,4),(2.,3.),.PIECEWISE_BEZIER_KNOTS.);
#11393 = CARTESIAN_POINT('',(1.546390595165,1.516916924158,0.8200001));
#11394 = CARTESIAN_POINT('',(1.556725788854,1.516916924158,0.8200001));
#11395 = CARTESIAN_POINT('',(1.564794310284,1.51974506569,0.8200001));
#11396 = CARTESIAN_POINT('',(1.570575364299,1.525401348755,0.8200001));
#11397 = ORIENTED_EDGE('',*,*,#11398,.F.);
#11398 = EDGE_CURVE('',#11349,#11390,#11399,.T.);
#11399 = B_SPLINE_CURVE_WITH_KNOTS('',1,(#11400,#11401),.UNSPECIFIED.,
  .F.,.F.,(2,2),(0.,1.181164992921E-02),.PIECEWISE_BEZIER_KNOTS.);
#11400 = CARTESIAN_POINT('',(1.534578945236,1.516916924158,0.8200001));
#11401 = CARTESIAN_POINT('',(1.546390595165,1.516916924158,0.8200001));
#11402 = B_SPLINE_SURFACE_WITH_KNOTS('',1,1,(
    (#11403,#11404)
    ,(#11405,#11406
    )),.UNSPECIFIED.,.F.,.F.,.F.,(2,2),(2,2),(-4.014505314865E-02,
    2.608752612068E-02),(-7.866288515873E-02,2.687774213805E-03),
  .PIECEWISE_BEZIER_KNOTS.);
#11403 = CARTESIAN_POINT('',(1.524077390282,1.507642283545,0.8200001));
#11404 = CARTESIAN_POINT('',(1.524077390282,1.588992942917,0.8200001));
#11405 = CARTESIAN_POINT('',(1.590309969551,1.507642283545,0.8200001));
#11406 = CARTESIAN_POINT('',(1.590309969551,1.588992942917,0.8200001));
#11407 = ADVANCED_FACE('',(#11408),#11422,.F.);
#11408 = FACE_BOUND('',#11409,.T.);
#11409 = EDGE_LOOP('',(#11410,#11411,#11416,#11417));
#11410 = ORIENTED_EDGE('',*,*,#1073,.T.);
#11411 = ORIENTED_EDGE('',*,*,#11412,.F.);
#11412 = EDGE_CURVE('',#11290,#1076,#11413,.T.);
#11413 = B_SPLINE_CURVE_WITH_KNOTS('',1,(#11414,#11415),.UNSPECIFIED.,
  .F.,.F.,(2,2),(-0.,1.E-02),.PIECEWISE_BEZIER_KNOTS.);
#11414 = CARTESIAN_POINT('',(1.546452980641,1.507642283545,0.8200001));
#11415 = CARTESIAN_POINT('',(1.546452980641,1.507642283545,0.8100001));
#11416 = ORIENTED_EDGE('',*,*,#11287,.F.);
#11417 = ORIENTED_EDGE('',*,*,#11418,.T.);
#11418 = EDGE_CURVE('',#11288,#1074,#11419,.T.);
#11419 = B_SPLINE_CURVE_WITH_KNOTS('',1,(#11420,#11421),.UNSPECIFIED.,
  .F.,.F.,(2,2),(-0.,1.E-02),.PIECEWISE_BEZIER_KNOTS.);
#11420 = CARTESIAN_POINT('',(1.524077390282,1.507642283545,0.8200001));
#11421 = CARTESIAN_POINT('',(1.524077390282,1.507642283545,0.8100001));
#11422 = B_SPLINE_SURFACE_WITH_KNOTS('',1,1,(
    (#11423,#11424)
    ,(#11425,#11426
  )),.UNSPECIFIED.,.F.,.F.,.F.,(2,2),(2,2),(-1.E-02,0.),(
    -2.237559035915E-02,0.),.PIECEWISE_BEZIER_KNOTS.);
#11423 = CARTESIAN_POINT('',(1.524077390282,1.507642283545,0.8100001));
#11424 = CARTESIAN_POINT('',(1.546452980641,1.507642283545,0.8100001));
#11425 = CARTESIAN_POINT('',(1.524077390282,1.507642283545,0.8200001));
#11426 = CARTESIAN_POINT('',(1.546452980641,1.507642283545,0.8200001));
#11427 = ADVANCED_FACE('',(#11428),#11438,.F.);
#11428 = FACE_BOUND('',#11429,.F.);
#11429 = EDGE_LOOP('',(#11430,#11431,#11432,#11437));
#11430 = ORIENTED_EDGE('',*,*,#11412,.F.);
#11431 = ORIENTED_EDGE('',*,*,#11296,.T.);
#11432 = ORIENTED_EDGE('',*,*,#11433,.T.);
#11433 = EDGE_CURVE('',#11297,#1115,#11434,.T.);
#11434 = B_SPLINE_CURVE_WITH_KNOTS('',1,(#11435,#11436),.UNSPECIFIED.,
  .F.,.F.,(2,2),(-0.,1.E-02),.PIECEWISE_BEZIER_KNOTS.);
#11435 = CARTESIAN_POINT('',(1.578040826138,1.519038030307,0.8200001));
#11436 = CARTESIAN_POINT('',(1.578040826138,1.519038030307,0.8100001));
#11437 = ORIENTED_EDGE('',*,*,#1123,.F.);
#11438 = B_SPLINE_SURFACE_WITH_KNOTS('',3,1,(
    (#11439,#11440)
    ,(#11441,#11442)
    ,(#11443,#11444)
    ,(#11445,#11446
    )),.UNSPECIFIED.,.F.,.F.,.F.,(4,4),(2,2),(5.,6.),(0.,1.),
  .PIECEWISE_BEZIER_KNOTS.);
#11439 = CARTESIAN_POINT('',(1.546452980641,1.507642283545,0.8200001));
#11440 = CARTESIAN_POINT('',(1.546452980641,1.507642283545,0.8100001));
#11441 = CARTESIAN_POINT('',(1.559325183645,1.507642283545,0.8200001));
#11442 = CARTESIAN_POINT('',(1.559325183645,1.507642283545,0.8100001));
#11443 = CARTESIAN_POINT('',(1.569868328916,1.51142700236,0.8200001));
#11444 = CARTESIAN_POINT('',(1.569868328916,1.51142700236,0.8100001));
#11445 = CARTESIAN_POINT('',(1.578040826138,1.519038030307,0.8200001));
#11446 = CARTESIAN_POINT('',(1.578040826138,1.519038030307,0.8100001));
#11447 = ADVANCED_FACE('',(#11448),#11458,.F.);
#11448 = FACE_BOUND('',#11449,.F.);
#11449 = EDGE_LOOP('',(#11450,#11451,#11452,#11457));
#11450 = ORIENTED_EDGE('',*,*,#11433,.F.);
#11451 = ORIENTED_EDGE('',*,*,#11305,.T.);
#11452 = ORIENTED_EDGE('',*,*,#11453,.T.);
#11453 = EDGE_CURVE('',#11306,#1106,#11454,.T.);
#11454 = B_SPLINE_CURVE_WITH_KNOTS('',1,(#11455,#11456),.UNSPECIFIED.,
  .F.,.F.,(2,2),(-0.,1.E-02),.PIECEWISE_BEZIER_KNOTS.);
#11455 = CARTESIAN_POINT('',(1.590309969551,1.549357371147,0.8200001));
#11456 = CARTESIAN_POINT('',(1.590309969551,1.549357371147,0.8100001));
#11457 = ORIENTED_EDGE('',*,*,#1114,.F.);
#11458 = B_SPLINE_SURFACE_WITH_KNOTS('',3,1,(
    (#11459,#11460)
    ,(#11461,#11462)
    ,(#11463,#11464)
    ,(#11465,#11466
    )),.UNSPECIFIED.,.F.,.F.,.F.,(4,4),(2,2),(4.,5.),(0.,1.),
  .PIECEWISE_BEZIER_KNOTS.);
#11459 = CARTESIAN_POINT('',(1.578040826138,1.519038030307,0.8200001));
#11460 = CARTESIAN_POINT('',(1.578040826138,1.519038030307,0.8100001));
#11461 = CARTESIAN_POINT('',(1.586213323361,1.526649058255,0.8200001));
#11462 = CARTESIAN_POINT('',(1.586213323361,1.526649058255,0.8100001));
#11463 = CARTESIAN_POINT('',(1.590309969551,1.536755505201,0.8200001));
#11464 = CARTESIAN_POINT('',(1.590309969551,1.536755505201,0.8100001));
#11465 = CARTESIAN_POINT('',(1.590309969551,1.549357371147,0.8200001));
#11466 = CARTESIAN_POINT('',(1.590309969551,1.549357371147,0.8100001));
#11467 = ADVANCED_FACE('',(#11468),#11478,.F.);
#11468 = FACE_BOUND('',#11469,.F.);
#11469 = EDGE_LOOP('',(#11470,#11471,#11472,#11477));
#11470 = ORIENTED_EDGE('',*,*,#11453,.F.);
#11471 = ORIENTED_EDGE('',*,*,#11314,.T.);
#11472 = ORIENTED_EDGE('',*,*,#11473,.T.);
#11473 = EDGE_CURVE('',#11315,#1097,#11474,.T.);
#11474 = B_SPLINE_CURVE_WITH_KNOTS('',1,(#11475,#11476),.UNSPECIFIED.,
  .F.,.F.,(2,2),(-0.,1.E-02),.PIECEWISE_BEZIER_KNOTS.);
#11475 = CARTESIAN_POINT('',(1.578040826138,1.578221050904,0.8200001));
#11476 = CARTESIAN_POINT('',(1.578040826138,1.578221050904,0.8100001));
#11477 = ORIENTED_EDGE('',*,*,#1105,.F.);
#11478 = B_SPLINE_SURFACE_WITH_KNOTS('',3,1,(
    (#11479,#11480)
    ,(#11481,#11482)
    ,(#11483,#11484)
    ,(#11485,#11486
    )),.UNSPECIFIED.,.F.,.F.,.F.,(4,4),(2,2),(3.,4.),(0.,1.),
  .PIECEWISE_BEZIER_KNOTS.);
#11479 = CARTESIAN_POINT('',(1.590309969551,1.549357371147,0.8200001));
#11480 = CARTESIAN_POINT('',(1.590309969551,1.549357371147,0.8100001));
#11481 = CARTESIAN_POINT('',(1.590309969551,1.561418562976,0.8200001));
#11482 = CARTESIAN_POINT('',(1.590309969551,1.561418562976,0.8100001));
#11483 = CARTESIAN_POINT('',(1.586213323361,1.571025926123,0.8200001));
#11484 = CARTESIAN_POINT('',(1.586213323361,1.571025926123,0.8100001));
#11485 = CARTESIAN_POINT('',(1.578040826138,1.578221050904,0.8200001));
#11486 = CARTESIAN_POINT('',(1.578040826138,1.578221050904,0.8100001));
#11487 = ADVANCED_FACE('',(#11488),#11498,.F.);
#11488 = FACE_BOUND('',#11489,.F.);
#11489 = EDGE_LOOP('',(#11490,#11491,#11492,#11497));
#11490 = ORIENTED_EDGE('',*,*,#11473,.F.);
#11491 = ORIENTED_EDGE('',*,*,#11323,.T.);
#11492 = ORIENTED_EDGE('',*,*,#11493,.T.);
#11493 = EDGE_CURVE('',#11324,#1090,#11494,.T.);
#11494 = B_SPLINE_CURVE_WITH_KNOTS('',1,(#11495,#11496),.UNSPECIFIED.,
  .F.,.F.,(2,2),(-0.,1.E-02),.PIECEWISE_BEZIER_KNOTS.);
#11495 = CARTESIAN_POINT('',(1.547284786974,1.588992942917,0.8200001));
#11496 = CARTESIAN_POINT('',(1.547284786974,1.588992942917,0.8100001));
#11497 = ORIENTED_EDGE('',*,*,#1096,.F.);
#11498 = B_SPLINE_SURFACE_WITH_KNOTS('',3,1,(
    (#11499,#11500)
    ,(#11501,#11502)
    ,(#11503,#11504)
    ,(#11505,#11506
    )),.UNSPECIFIED.,.F.,.F.,.F.,(4,4),(2,2),(2.,3.),(0.,1.),
  .PIECEWISE_BEZIER_KNOTS.);
#11499 = CARTESIAN_POINT('',(1.578040826138,1.578221050904,0.8200001));
#11500 = CARTESIAN_POINT('',(1.578040826138,1.578221050904,0.8100001));
#11501 = CARTESIAN_POINT('',(1.569868328916,1.585416175685,0.8200001));
#11502 = CARTESIAN_POINT('',(1.569868328916,1.585416175685,0.8100001));
#11503 = CARTESIAN_POINT('',(1.559616315861,1.588992942917,0.8200001));
#11504 = CARTESIAN_POINT('',(1.559616315861,1.588992942917,0.8100001));
#11505 = CARTESIAN_POINT('',(1.547284786974,1.588992942917,0.8200001));
#11506 = CARTESIAN_POINT('',(1.547284786974,1.588992942917,0.8100001));
#11507 = ADVANCED_FACE('',(#11508),#11518,.F.);
#11508 = FACE_BOUND('',#11509,.T.);
#11509 = EDGE_LOOP('',(#11510,#11511,#11516,#11517));
#11510 = ORIENTED_EDGE('',*,*,#1089,.T.);
#11511 = ORIENTED_EDGE('',*,*,#11512,.F.);
#11512 = EDGE_CURVE('',#11333,#1083,#11513,.T.);
#11513 = B_SPLINE_CURVE_WITH_KNOTS('',1,(#11514,#11515),.UNSPECIFIED.,
  .F.,.F.,(2,2),(-0.,1.E-02),.PIECEWISE_BEZIER_KNOTS.);
#11514 = CARTESIAN_POINT('',(1.524077390282,1.588992942917,0.8200001));
#11515 = CARTESIAN_POINT('',(1.524077390282,1.588992942917,0.8100001));
#11516 = ORIENTED_EDGE('',*,*,#11332,.F.);
#11517 = ORIENTED_EDGE('',*,*,#11493,.T.);
#11518 = B_SPLINE_SURFACE_WITH_KNOTS('',1,1,(
    (#11519,#11520)
    ,(#11521,#11522
  )),.UNSPECIFIED.,.F.,.F.,.F.,(2,2),(2,2),(0.,1.E-02),(0.,
    2.320739669181E-02),.PIECEWISE_BEZIER_KNOTS.);
#11519 = CARTESIAN_POINT('',(1.524077390282,1.588992942917,0.8200001));
#11520 = CARTESIAN_POINT('',(1.547284786974,1.588992942917,0.8200001));
#11521 = CARTESIAN_POINT('',(1.524077390282,1.588992942917,0.8100001));
#11522 = CARTESIAN_POINT('',(1.547284786974,1.588992942917,0.8100001));
#11523 = ADVANCED_FACE('',(#11524),#11530,.F.);
#11524 = FACE_BOUND('',#11525,.T.);
#11525 = EDGE_LOOP('',(#11526,#11527,#11528,#11529));
#11526 = ORIENTED_EDGE('',*,*,#1082,.T.);
#11527 = ORIENTED_EDGE('',*,*,#11418,.F.);
#11528 = ORIENTED_EDGE('',*,*,#11339,.F.);
#11529 = ORIENTED_EDGE('',*,*,#11512,.T.);
#11530 = B_SPLINE_SURFACE_WITH_KNOTS('',1,1,(
    (#11531,#11532)
    ,(#11533,#11534
  )),.UNSPECIFIED.,.F.,.F.,.F.,(2,2),(2,2),(0.,1.E-02),(0.,
    8.135065937253E-02),.PIECEWISE_BEZIER_KNOTS.);
#11531 = CARTESIAN_POINT('',(1.524077390282,1.507642283545,0.8200001));
#11532 = CARTESIAN_POINT('',(1.524077390282,1.588992942917,0.8200001));
#11533 = CARTESIAN_POINT('',(1.524077390282,1.507642283545,0.8100001));
#11534 = CARTESIAN_POINT('',(1.524077390282,1.588992942917,0.8100001));
#11535 = ADVANCED_FACE('',(#11536),#11558,.T.);
#11536 = FACE_BOUND('',#11537,.T.);
#11537 = EDGE_LOOP('',(#11538,#11547,#11552,#11553));
#11538 = ORIENTED_EDGE('',*,*,#11539,.F.);
#11539 = EDGE_CURVE('',#11540,#11542,#11544,.T.);
#11540 = VERTEX_POINT('',#11541);
#11541 = CARTESIAN_POINT('',(1.546868883807,1.579635121671,0.8100001));
#11542 = VERTEX_POINT('',#11543);
#11543 = CARTESIAN_POINT('',(1.534578945236,1.579635121671,0.8100001));
#11544 = B_SPLINE_CURVE_WITH_KNOTS('',1,(#11545,#11546),.UNSPECIFIED.,
  .F.,.F.,(2,2),(0.,1.228993857072E-02),.PIECEWISE_BEZIER_KNOTS.);
#11545 = CARTESIAN_POINT('',(1.546868883807,1.579635121671,0.8100001));
#11546 = CARTESIAN_POINT('',(1.534578945236,1.579635121671,0.8100001));
#11547 = ORIENTED_EDGE('',*,*,#11548,.F.);
#11548 = EDGE_CURVE('',#11356,#11540,#11549,.T.);
#11549 = B_SPLINE_CURVE_WITH_KNOTS('',1,(#11550,#11551),.UNSPECIFIED.,
  .F.,.F.,(2,2),(-0.,1.E-02),.PIECEWISE_BEZIER_KNOTS.);
#11550 = CARTESIAN_POINT('',(1.546868883807,1.579635121671,0.8200001));
#11551 = CARTESIAN_POINT('',(1.546868883807,1.579635121671,0.8100001));
#11552 = ORIENTED_EDGE('',*,*,#11355,.T.);
#11553 = ORIENTED_EDGE('',*,*,#11554,.T.);
#11554 = EDGE_CURVE('',#11347,#11542,#11555,.T.);
#11555 = B_SPLINE_CURVE_WITH_KNOTS('',1,(#11556,#11557),.UNSPECIFIED.,
  .F.,.F.,(2,2),(-0.,1.E-02),.PIECEWISE_BEZIER_KNOTS.);
#11556 = CARTESIAN_POINT('',(1.534578945236,1.579635121671,0.8200001));
#11557 = CARTESIAN_POINT('',(1.534578945236,1.579635121671,0.8100001));
#11558 = B_SPLINE_SURFACE_WITH_KNOTS('',1,1,(
    (#11559,#11560)
    ,(#11561,#11562
  )),.UNSPECIFIED.,.F.,.F.,.F.,(2,2),(2,2),(0.,1.E-02),(
    -1.228993857072E-02,0.),.PIECEWISE_BEZIER_KNOTS.);
#11559 = CARTESIAN_POINT('',(1.534578945236,1.579635121671,0.8200001));
#11560 = CARTESIAN_POINT('',(1.546868883807,1.579635121671,0.8200001));
#11561 = CARTESIAN_POINT('',(1.534578945236,1.579635121671,0.8100001));
#11562 = CARTESIAN_POINT('',(1.546868883807,1.579635121671,0.8100001));
#11563 = ADVANCED_FACE('',(#11564),#11580,.T.);
#11564 = FACE_BOUND('',#11565,.T.);
#11565 = EDGE_LOOP('',(#11566,#11573,#11574,#11575));
#11566 = ORIENTED_EDGE('',*,*,#11567,.F.);
#11567 = EDGE_CURVE('',#11542,#11568,#11570,.T.);
#11568 = VERTEX_POINT('',#11569);
#11569 = CARTESIAN_POINT('',(1.534578945236,1.516916924158,0.8100001));
#11570 = B_SPLINE_CURVE_WITH_KNOTS('',1,(#11571,#11572),.UNSPECIFIED.,
  .F.,.F.,(2,2),(0.,6.271819751229E-02),.PIECEWISE_BEZIER_KNOTS.);
#11571 = CARTESIAN_POINT('',(1.534578945236,1.579635121671,0.8100001));
#11572 = CARTESIAN_POINT('',(1.534578945236,1.516916924158,0.8100001));
#11573 = ORIENTED_EDGE('',*,*,#11554,.F.);
#11574 = ORIENTED_EDGE('',*,*,#11346,.T.);
#11575 = ORIENTED_EDGE('',*,*,#11576,.T.);
#11576 = EDGE_CURVE('',#11349,#11568,#11577,.T.);
#11577 = B_SPLINE_CURVE_WITH_KNOTS('',1,(#11578,#11579),.UNSPECIFIED.,
  .F.,.F.,(2,2),(-0.,1.E-02),.PIECEWISE_BEZIER_KNOTS.);
#11578 = CARTESIAN_POINT('',(1.534578945236,1.516916924158,0.8200001));
#11579 = CARTESIAN_POINT('',(1.534578945236,1.516916924158,0.8100001));
#11580 = B_SPLINE_SURFACE_WITH_KNOTS('',1,1,(
    (#11581,#11582)
    ,(#11583,#11584
  )),.UNSPECIFIED.,.F.,.F.,.F.,(2,2),(2,2),(0.,1.E-02),(
    -6.271819751229E-02,0.),.PIECEWISE_BEZIER_KNOTS.);
#11581 = CARTESIAN_POINT('',(1.534578945236,1.516916924158,0.8200001));
#11582 = CARTESIAN_POINT('',(1.534578945236,1.579635121671,0.8200001));
#11583 = CARTESIAN_POINT('',(1.534578945236,1.516916924158,0.8100001));
#11584 = CARTESIAN_POINT('',(1.534578945236,1.579635121671,0.8100001));
#11585 = ADVANCED_FACE('',(#11586),#11602,.T.);
#11586 = FACE_BOUND('',#11587,.T.);
#11587 = EDGE_LOOP('',(#11588,#11595,#11596,#11597));
#11588 = ORIENTED_EDGE('',*,*,#11589,.F.);
#11589 = EDGE_CURVE('',#11568,#11590,#11592,.T.);
#11590 = VERTEX_POINT('',#11591);
#11591 = CARTESIAN_POINT('',(1.546390595165,1.516916924158,0.8100001));
#11592 = B_SPLINE_CURVE_WITH_KNOTS('',1,(#11593,#11594),.UNSPECIFIED.,
  .F.,.F.,(2,2),(0.,1.181164992921E-02),.PIECEWISE_BEZIER_KNOTS.);
#11593 = CARTESIAN_POINT('',(1.534578945236,1.516916924158,0.8100001));
#11594 = CARTESIAN_POINT('',(1.546390595165,1.516916924158,0.8100001));
#11595 = ORIENTED_EDGE('',*,*,#11576,.F.);
#11596 = ORIENTED_EDGE('',*,*,#11398,.T.);
#11597 = ORIENTED_EDGE('',*,*,#11598,.T.);
#11598 = EDGE_CURVE('',#11390,#11590,#11599,.T.);
#11599 = B_SPLINE_CURVE_WITH_KNOTS('',1,(#11600,#11601),.UNSPECIFIED.,
  .F.,.F.,(2,2),(-0.,1.E-02),.PIECEWISE_BEZIER_KNOTS.);
#11600 = CARTESIAN_POINT('',(1.546390595165,1.516916924158,0.8200001));
#11601 = CARTESIAN_POINT('',(1.546390595165,1.516916924158,0.8100001));
#11602 = B_SPLINE_SURFACE_WITH_KNOTS('',1,1,(
    (#11603,#11604)
    ,(#11605,#11606
  )),.UNSPECIFIED.,.F.,.F.,.F.,(2,2),(2,2),(-1.E-02,0.),(0.,
    1.181164992921E-02),.PIECEWISE_BEZIER_KNOTS.);
#11603 = CARTESIAN_POINT('',(1.534578945236,1.516916924158,0.8100001));
#11604 = CARTESIAN_POINT('',(1.546390595165,1.516916924158,0.8100001));
#11605 = CARTESIAN_POINT('',(1.534578945236,1.516916924158,0.8200001));
#11606 = CARTESIAN_POINT('',(1.546390595165,1.516916924158,0.8200001));
#11607 = ADVANCED_FACE('',(#11608),#11626,.T.);
#11608 = FACE_BOUND('',#11609,.T.);
#11609 = EDGE_LOOP('',(#11610,#11619,#11620,#11621));
#11610 = ORIENTED_EDGE('',*,*,#11611,.F.);
#11611 = EDGE_CURVE('',#11590,#11612,#11614,.T.);
#11612 = VERTEX_POINT('',#11613);
#11613 = CARTESIAN_POINT('',(1.570575364299,1.525401348755,0.8100001));
#11614 = B_SPLINE_CURVE_WITH_KNOTS('',3,(#11615,#11616,#11617,#11618),
  .UNSPECIFIED.,.F.,.F.,(4,4),(2.,3.),.PIECEWISE_BEZIER_KNOTS.);
#11615 = CARTESIAN_POINT('',(1.546390595165,1.516916924158,0.8100001));
#11616 = CARTESIAN_POINT('',(1.556725788854,1.516916924158,0.8100001));
#11617 = CARTESIAN_POINT('',(1.564794310284,1.51974506569,0.8100001));
#11618 = CARTESIAN_POINT('',(1.570575364299,1.525401348755,0.8100001));
#11619 = ORIENTED_EDGE('',*,*,#11598,.F.);
#11620 = ORIENTED_EDGE('',*,*,#11389,.T.);
#11621 = ORIENTED_EDGE('',*,*,#11622,.T.);
#11622 = EDGE_CURVE('',#11381,#11612,#11623,.T.);
#11623 = B_SPLINE_CURVE_WITH_KNOTS('',1,(#11624,#11625),.UNSPECIFIED.,
  .F.,.F.,(2,2),(-0.,1.E-02),.PIECEWISE_BEZIER_KNOTS.);
#11624 = CARTESIAN_POINT('',(1.570575364299,1.525401348755,0.8200001));
#11625 = CARTESIAN_POINT('',(1.570575364299,1.525401348755,0.8100001));
#11626 = B_SPLINE_SURFACE_WITH_KNOTS('',3,1,(
    (#11627,#11628)
    ,(#11629,#11630)
    ,(#11631,#11632)
    ,(#11633,#11634
    )),.UNSPECIFIED.,.F.,.F.,.F.,(4,4),(2,2),(2.,3.),(0.,1.),
  .PIECEWISE_BEZIER_KNOTS.);
#11627 = CARTESIAN_POINT('',(1.546390595165,1.516916924158,0.8200001));
#11628 = CARTESIAN_POINT('',(1.546390595165,1.516916924158,0.8100001));
#11629 = CARTESIAN_POINT('',(1.556725788854,1.516916924158,0.8200001));
#11630 = CARTESIAN_POINT('',(1.556725788854,1.516916924158,0.8100001));
#11631 = CARTESIAN_POINT('',(1.564794310284,1.51974506569,0.8200001));
#11632 = CARTESIAN_POINT('',(1.564794310284,1.51974506569,0.8100001));
#11633 = CARTESIAN_POINT('',(1.570575364299,1.525401348755,0.8200001));
#11634 = CARTESIAN_POINT('',(1.570575364299,1.525401348755,0.8100001));
#11635 = ADVANCED_FACE('',(#11636),#11654,.T.);
#11636 = FACE_BOUND('',#11637,.T.);
#11637 = EDGE_LOOP('',(#11638,#11647,#11648,#11649));
#11638 = ORIENTED_EDGE('',*,*,#11639,.F.);
#11639 = EDGE_CURVE('',#11612,#11640,#11642,.T.);
#11640 = VERTEX_POINT('',#11641);
#11641 = CARTESIAN_POINT('',(1.579267740479,1.549066238931,0.8100001));
#11642 = B_SPLINE_CURVE_WITH_KNOTS('',3,(#11643,#11644,#11645,#11646),
  .UNSPECIFIED.,.F.,.F.,(4,4),(3.,4.),.PIECEWISE_BEZIER_KNOTS.);
#11643 = CARTESIAN_POINT('',(1.570575364299,1.525401348755,0.8100001));
#11644 = CARTESIAN_POINT('',(1.576377213472,1.531016041503,0.8100001));
#11645 = CARTESIAN_POINT('',(1.579267740479,1.538918201667,0.8100001));
#11646 = CARTESIAN_POINT('',(1.579267740479,1.549066238931,0.8100001));
#11647 = ORIENTED_EDGE('',*,*,#11622,.F.);
#11648 = ORIENTED_EDGE('',*,*,#11380,.T.);
#11649 = ORIENTED_EDGE('',*,*,#11650,.T.);
#11650 = EDGE_CURVE('',#11372,#11640,#11651,.T.);
#11651 = B_SPLINE_CURVE_WITH_KNOTS('',1,(#11652,#11653),.UNSPECIFIED.,
  .F.,.F.,(2,2),(-0.,1.E-02),.PIECEWISE_BEZIER_KNOTS.);
#11652 = CARTESIAN_POINT('',(1.579267740479,1.549066238931,0.8200001));
#11653 = CARTESIAN_POINT('',(1.579267740479,1.549066238931,0.8100001));
#11654 = B_SPLINE_SURFACE_WITH_KNOTS('',3,1,(
    (#11655,#11656)
    ,(#11657,#11658)
    ,(#11659,#11660)
    ,(#11661,#11662
    )),.UNSPECIFIED.,.F.,.F.,.F.,(4,4),(2,2),(3.,4.),(0.,1.),
  .PIECEWISE_BEZIER_KNOTS.);
#11655 = CARTESIAN_POINT('',(1.570575364299,1.525401348755,0.8200001));
#11656 = CARTESIAN_POINT('',(1.570575364299,1.525401348755,0.8100001));
#11657 = CARTESIAN_POINT('',(1.576377213472,1.531016041503,0.8200001));
#11658 = CARTESIAN_POINT('',(1.576377213472,1.531016041503,0.8100001));
#11659 = CARTESIAN_POINT('',(1.579267740479,1.538918201667,0.8200001));
#11660 = CARTESIAN_POINT('',(1.579267740479,1.538918201667,0.8100001));
#11661 = CARTESIAN_POINT('',(1.579267740479,1.549066238931,0.8200001));
#11662 = CARTESIAN_POINT('',(1.579267740479,1.549066238931,0.8100001));
#11663 = ADVANCED_FACE('',(#11664),#11682,.T.);
#11664 = FACE_BOUND('',#11665,.T.);
#11665 = EDGE_LOOP('',(#11666,#11675,#11676,#11677));
#11666 = ORIENTED_EDGE('',*,*,#11667,.F.);
#11667 = EDGE_CURVE('',#11640,#11668,#11670,.T.);
#11668 = VERTEX_POINT('',#11669);
#11669 = CARTESIAN_POINT('',(1.570346617557,1.571982503406,0.8100001));
#11670 = B_SPLINE_CURVE_WITH_KNOTS('',3,(#11671,#11672,#11673,#11674),
  .UNSPECIFIED.,.F.,.F.,(4,4),(4.,5.),.PIECEWISE_BEZIER_KNOTS.);
#11671 = CARTESIAN_POINT('',(1.579267740479,1.549066238931,0.8100001));
#11672 = CARTESIAN_POINT('',(1.579267740479,1.559214276194,0.8100001));
#11673 = CARTESIAN_POINT('',(1.576294032839,1.566866894458,0.8100001));
#11674 = CARTESIAN_POINT('',(1.570346617557,1.571982503406,0.8100001));
#11675 = ORIENTED_EDGE('',*,*,#11650,.F.);
#11676 = ORIENTED_EDGE('',*,*,#11371,.T.);
#11677 = ORIENTED_EDGE('',*,*,#11678,.T.);
#11678 = EDGE_CURVE('',#11363,#11668,#11679,.T.);
#11679 = B_SPLINE_CURVE_WITH_KNOTS('',1,(#11680,#11681),.UNSPECIFIED.,
  .F.,.F.,(2,2),(-0.,1.E-02),.PIECEWISE_BEZIER_KNOTS.);
#11680 = CARTESIAN_POINT('',(1.570346617557,1.571982503406,0.8200001));
#11681 = CARTESIAN_POINT('',(1.570346617557,1.571982503406,0.8100001));
#11682 = B_SPLINE_SURFACE_WITH_KNOTS('',3,1,(
    (#11683,#11684)
    ,(#11685,#11686)
    ,(#11687,#11688)
    ,(#11689,#11690
    )),.UNSPECIFIED.,.F.,.F.,.F.,(4,4),(2,2),(4.,5.),(0.,1.),
  .PIECEWISE_BEZIER_KNOTS.);
#11683 = CARTESIAN_POINT('',(1.579267740479,1.549066238931,0.8200001));
#11684 = CARTESIAN_POINT('',(1.579267740479,1.549066238931,0.8100001));
#11685 = CARTESIAN_POINT('',(1.579267740479,1.559214276194,0.8200001));
#11686 = CARTESIAN_POINT('',(1.579267740479,1.559214276194,0.8100001));
#11687 = CARTESIAN_POINT('',(1.576294032839,1.566866894458,0.8200001));
#11688 = CARTESIAN_POINT('',(1.576294032839,1.566866894458,0.8100001));
#11689 = CARTESIAN_POINT('',(1.570346617557,1.571982503406,0.8200001));
#11690 = CARTESIAN_POINT('',(1.570346617557,1.571982503406,0.8100001));
#11691 = ADVANCED_FACE('',(#11692),#11704,.T.);
#11692 = FACE_BOUND('',#11693,.T.);
#11693 = EDGE_LOOP('',(#11694,#11701,#11702,#11703));
#11694 = ORIENTED_EDGE('',*,*,#11695,.F.);
#11695 = EDGE_CURVE('',#11668,#11540,#11696,.T.);
#11696 = B_SPLINE_CURVE_WITH_KNOTS('',3,(#11697,#11698,#11699,#11700),
  .UNSPECIFIED.,.F.,.F.,(4,4),(5.,6.),.PIECEWISE_BEZIER_KNOTS.);
#11697 = CARTESIAN_POINT('',(1.570346617557,1.571982503406,0.8100001));
#11698 = CARTESIAN_POINT('',(1.564399202276,1.577098112354,0.8100001));
#11699 = CARTESIAN_POINT('',(1.556559427587,1.579635121671,0.8100001));
#11700 = CARTESIAN_POINT('',(1.546868883807,1.579635121671,0.8100001));
#11701 = ORIENTED_EDGE('',*,*,#11678,.F.);
#11702 = ORIENTED_EDGE('',*,*,#11362,.T.);
#11703 = ORIENTED_EDGE('',*,*,#11548,.T.);
#11704 = B_SPLINE_SURFACE_WITH_KNOTS('',3,1,(
    (#11705,#11706)
    ,(#11707,#11708)
    ,(#11709,#11710)
    ,(#11711,#11712
    )),.UNSPECIFIED.,.F.,.F.,.F.,(4,4),(2,2),(5.,6.),(0.,1.),
  .PIECEWISE_BEZIER_KNOTS.);
#11705 = CARTESIAN_POINT('',(1.570346617557,1.571982503406,0.8200001));
#11706 = CARTESIAN_POINT('',(1.570346617557,1.571982503406,0.8100001));
#11707 = CARTESIAN_POINT('',(1.564399202276,1.577098112354,0.8200001));
#11708 = CARTESIAN_POINT('',(1.564399202276,1.577098112354,0.8100001));
#11709 = CARTESIAN_POINT('',(1.556559427587,1.579635121671,0.8200001));
#11710 = CARTESIAN_POINT('',(1.556559427587,1.579635121671,0.8100001));
#11711 = CARTESIAN_POINT('',(1.546868883807,1.579635121671,0.8200001));
#11712 = CARTESIAN_POINT('',(1.546868883807,1.579635121671,0.8100001));
#11713 = ADVANCED_FACE('',(#11714),#11723,.F.);
#11714 = FACE_BOUND('',#11715,.T.);
#11715 = EDGE_LOOP('',(#11716,#11717,#11718,#11719,#11720,#11721,#11722)
  );
#11716 = ORIENTED_EDGE('',*,*,#11695,.T.);
#11717 = ORIENTED_EDGE('',*,*,#11539,.T.);
#11718 = ORIENTED_EDGE('',*,*,#11567,.T.);
#11719 = ORIENTED_EDGE('',*,*,#11589,.T.);
#11720 = ORIENTED_EDGE('',*,*,#11611,.T.);
#11721 = ORIENTED_EDGE('',*,*,#11639,.T.);
#11722 = ORIENTED_EDGE('',*,*,#11667,.T.);
#11723 = B_SPLINE_SURFACE_WITH_KNOTS('',1,1,(
    (#11724,#11725)
    ,(#11726,#11727
    )),.UNSPECIFIED.,.F.,.F.,.F.,(2,2),(2,2),(-1.579267740479,
    -1.534578945236),(1.516916924158,1.579635121671),
  .PIECEWISE_BEZIER_KNOTS.);
#11724 = CARTESIAN_POINT('',(1.579267740479,1.516916924158,0.8100001));
#11725 = CARTESIAN_POINT('',(1.579267740479,1.579635121671,0.8100001));
#11726 = CARTESIAN_POINT('',(1.534578945236,1.516916924158,0.8100001));
#11727 = CARTESIAN_POINT('',(1.534578945236,1.579635121671,0.8100001));
#11728 = ADVANCED_FACE('',(#11729,#11787),#11835,.F.);
#11729 = FACE_BOUND('',#11730,.T.);
#11730 = EDGE_LOOP('',(#11731,#11740,#11747,#11754,#11761,#11768,#11775,
    #11782));
#11731 = ORIENTED_EDGE('',*,*,#11732,.T.);
#11732 = EDGE_CURVE('',#11733,#11735,#11737,.T.);
#11733 = VERTEX_POINT('',#11734);
#11734 = CARTESIAN_POINT('',(1.668021476216,1.507642283545,0.8200001));
#11735 = VERTEX_POINT('',#11736);
#11736 = CARTESIAN_POINT('',(1.63703669031,1.588992942917,0.8200001));
#11737 = B_SPLINE_CURVE_WITH_KNOTS('',1,(#11738,#11739),.UNSPECIFIED.,
  .F.,.F.,(2,2),(-8.705163259801E-02,0.),.PIECEWISE_BEZIER_KNOTS.);
#11738 = CARTESIAN_POINT('',(1.668021476216,1.507642283545,0.8200001));
#11739 = CARTESIAN_POINT('',(1.63703669031,1.588992942917,0.8200001));
#11740 = ORIENTED_EDGE('',*,*,#11741,.T.);
#11741 = EDGE_CURVE('',#11735,#11742,#11744,.T.);
#11742 = VERTEX_POINT('',#11743);
#11743 = CARTESIAN_POINT('',(1.625807304814,1.588992942917,0.8200001));
#11744 = B_SPLINE_CURVE_WITH_KNOTS('',1,(#11745,#11746),.UNSPECIFIED.,
  .F.,.F.,(2,2),(-1.122938549674E-02,-0.),.PIECEWISE_BEZIER_KNOTS.);
#11745 = CARTESIAN_POINT('',(1.63703669031,1.588992942917,0.8200001));
#11746 = CARTESIAN_POINT('',(1.625807304814,1.588992942917,0.8200001));
#11747 = ORIENTED_EDGE('',*,*,#11748,.T.);
#11748 = EDGE_CURVE('',#11742,#11749,#11751,.T.);
#11749 = VERTEX_POINT('',#11750);
#11750 = CARTESIAN_POINT('',(1.594822518907,1.507642283545,0.8200001));
#11751 = B_SPLINE_CURVE_WITH_KNOTS('',1,(#11752,#11753),.UNSPECIFIED.,
  .F.,.F.,(2,2),(-8.70516325982E-02,-0.),.PIECEWISE_BEZIER_KNOTS.);
#11752 = CARTESIAN_POINT('',(1.625807304814,1.588992942917,0.8200001));
#11753 = CARTESIAN_POINT('',(1.594822518907,1.507642283545,0.8200001));
#11754 = ORIENTED_EDGE('',*,*,#11755,.T.);
#11755 = EDGE_CURVE('',#11749,#11756,#11758,.T.);
#11756 = VERTEX_POINT('',#11757);
#11757 = CARTESIAN_POINT('',(1.606426217253,1.507642283545,0.8200001));
#11758 = B_SPLINE_CURVE_WITH_KNOTS('',1,(#11759,#11760),.UNSPECIFIED.,
  .F.,.F.,(2,2),(-1.160369834618E-02,0.),.PIECEWISE_BEZIER_KNOTS.);
#11759 = CARTESIAN_POINT('',(1.594822518907,1.507642283545,0.8200001));
#11760 = CARTESIAN_POINT('',(1.606426217253,1.507642283545,0.8200001));
#11761 = ORIENTED_EDGE('',*,*,#11762,.T.);
#11762 = EDGE_CURVE('',#11756,#11763,#11765,.T.);
#11763 = VERTEX_POINT('',#11764);
#11764 = CARTESIAN_POINT('',(1.614245196784,1.529893102953,0.8200001));
#11765 = B_SPLINE_CURVE_WITH_KNOTS('',1,(#11766,#11767),.UNSPECIFIED.,
  .F.,.F.,(2,2),(-2.358464342031E-02,0.),.PIECEWISE_BEZIER_KNOTS.);
#11766 = CARTESIAN_POINT('',(1.606426217253,1.507642283545,0.8200001));
#11767 = CARTESIAN_POINT('',(1.614245196784,1.529893102953,0.8200001));
#11768 = ORIENTED_EDGE('',*,*,#11769,.T.);
#11769 = EDGE_CURVE('',#11763,#11770,#11772,.T.);
#11770 = VERTEX_POINT('',#11771);
#11771 = CARTESIAN_POINT('',(1.648120509698,1.529893102953,0.8200001));
#11772 = B_SPLINE_CURVE_WITH_KNOTS('',1,(#11773,#11774),.UNSPECIFIED.,
  .F.,.F.,(2,2),(-3.387531291382E-02,0.),.PIECEWISE_BEZIER_KNOTS.);
#11773 = CARTESIAN_POINT('',(1.614245196784,1.529893102953,0.8200001));
#11774 = CARTESIAN_POINT('',(1.648120509698,1.529893102953,0.8200001));
#11775 = ORIENTED_EDGE('',*,*,#11776,.T.);
#11776 = EDGE_CURVE('',#11770,#11777,#11779,.T.);
#11777 = VERTEX_POINT('',#11778);
#11778 = CARTESIAN_POINT('',(1.656417777871,1.507642283545,0.8200001));
#11779 = B_SPLINE_CURVE_WITH_KNOTS('',1,(#11780,#11781),.UNSPECIFIED.,
  .F.,.F.,(2,2),(-2.374749720481E-02,0.),.PIECEWISE_BEZIER_KNOTS.);
#11780 = CARTESIAN_POINT('',(1.648120509698,1.529893102953,0.8200001));
#11781 = CARTESIAN_POINT('',(1.656417777871,1.507642283545,0.8200001));
#11782 = ORIENTED_EDGE('',*,*,#11783,.T.);
#11783 = EDGE_CURVE('',#11777,#11733,#11784,.T.);
#11784 = B_SPLINE_CURVE_WITH_KNOTS('',1,(#11785,#11786),.UNSPECIFIED.,
  .F.,.F.,(2,2),(-1.160369834563E-02,0.),.PIECEWISE_BEZIER_KNOTS.);
#11785 = CARTESIAN_POINT('',(1.656417777871,1.507642283545,0.8200001));
#11786 = CARTESIAN_POINT('',(1.668021476216,1.507642283545,0.8200001));
#11787 = FACE_BOUND('',#11788,.T.);
#11788 = EDGE_LOOP('',(#11789,#11798,#11805,#11814,#11821,#11830));
#11789 = ORIENTED_EDGE('',*,*,#11790,.F.);
#11790 = EDGE_CURVE('',#11791,#11793,#11795,.T.);
#11791 = VERTEX_POINT('',#11792);
#11792 = CARTESIAN_POINT('',(1.617572422117,1.539084562934,0.8200001));
#11793 = VERTEX_POINT('',#11794);
#11794 = CARTESIAN_POINT('',(1.644876464999,1.539084562934,0.8200001));
#11795 = B_SPLINE_CURVE_WITH_KNOTS('',1,(#11796,#11797),.UNSPECIFIED.,
  .F.,.F.,(2,2),(0.,2.730404288242E-02),.PIECEWISE_BEZIER_KNOTS.);
#11796 = CARTESIAN_POINT('',(1.617572422117,1.539084562934,0.8200001));
#11797 = CARTESIAN_POINT('',(1.644876464999,1.539084562934,0.8200001));
#11798 = ORIENTED_EDGE('',*,*,#11799,.F.);
#11799 = EDGE_CURVE('',#11800,#11791,#11802,.T.);
#11800 = VERTEX_POINT('',#11801);
#11801 = CARTESIAN_POINT('',(1.629737589737,1.572897490373,0.8200001));
#11802 = B_SPLINE_CURVE_WITH_KNOTS('',1,(#11803,#11804),.UNSPECIFIED.,
  .F.,.F.,(2,2),(2.089337120387E-16,3.593473758385E-02),
  .PIECEWISE_BEZIER_KNOTS.);
#11803 = CARTESIAN_POINT('',(1.629737589737,1.572897490373,0.8200001));
#11804 = CARTESIAN_POINT('',(1.617572422117,1.539084562934,0.8200001));
#11805 = ORIENTED_EDGE('',*,*,#11806,.F.);
#11806 = EDGE_CURVE('',#11807,#11800,#11809,.T.);
#11807 = VERTEX_POINT('',#11808);
#11808 = CARTESIAN_POINT('',(1.63106847987,1.578595363754,0.8200001));
#11809 = B_SPLINE_CURVE_WITH_KNOTS('',3,(#11810,#11811,#11812,#11813),
  .UNSPECIFIED.,.F.,.F.,(4,4),(3.,4.),.PIECEWISE_BEZIER_KNOTS.);
#11810 = CARTESIAN_POINT('',(1.63106847987,1.578595363754,0.8200001));
#11811 = CARTESIAN_POINT('',(1.630673371862,1.576141535071,0.8200001));
#11812 = CARTESIAN_POINT('',(1.630236673538,1.574228380505,0.8200001));
#11813 = CARTESIAN_POINT('',(1.629737589737,1.572897490373,0.8200001));
#11814 = ORIENTED_EDGE('',*,*,#11815,.F.);
#11815 = EDGE_CURVE('',#11816,#11807,#11818,.T.);
#11816 = VERTEX_POINT('',#11817);
#11817 = CARTESIAN_POINT('',(1.631318021771,1.578595363754,0.8200001));
#11818 = B_SPLINE_CURVE_WITH_KNOTS('',1,(#11819,#11820),.UNSPECIFIED.,
  .F.,.F.,(2,2),(2.22044604925E-16,2.495419001869E-04),
  .PIECEWISE_BEZIER_KNOTS.);
#11819 = CARTESIAN_POINT('',(1.631318021771,1.578595363754,0.8200001));
#11820 = CARTESIAN_POINT('',(1.63106847987,1.578595363754,0.8200001));
#11821 = ORIENTED_EDGE('',*,*,#11822,.F.);
#11822 = EDGE_CURVE('',#11823,#11816,#11825,.T.);
#11823 = VERTEX_POINT('',#11824);
#11824 = CARTESIAN_POINT('',(1.632586526428,1.572897490373,0.8200001));
#11825 = B_SPLINE_CURVE_WITH_KNOTS('',3,(#11826,#11827,#11828,#11829),
  .UNSPECIFIED.,.F.,.F.,(4,4),(1.,2.),.PIECEWISE_BEZIER_KNOTS.);
#11826 = CARTESIAN_POINT('',(1.632586526428,1.572897490373,0.8200001));
#11827 = CARTESIAN_POINT('',(1.63219141842,1.574020428922,0.8200001));
#11828 = CARTESIAN_POINT('',(1.631775515253,1.575891993172,0.8200001));
#11829 = CARTESIAN_POINT('',(1.631318021771,1.578595363754,0.8200001));
#11830 = ORIENTED_EDGE('',*,*,#11831,.F.);
#11831 = EDGE_CURVE('',#11793,#11823,#11832,.T.);
#11832 = B_SPLINE_CURVE_WITH_KNOTS('',1,(#11833,#11834),.UNSPECIFIED.,
  .F.,.F.,(2,2),(0.,3.597716848329E-02),.PIECEWISE_BEZIER_KNOTS.);
#11833 = CARTESIAN_POINT('',(1.644876464999,1.539084562934,0.8200001));
#11834 = CARTESIAN_POINT('',(1.632586526428,1.572897490373,0.8200001));
#11835 = B_SPLINE_SURFACE_WITH_KNOTS('',1,1,(
    (#11836,#11837)
    ,(#11838,#11839
    )),.UNSPECIFIED.,.F.,.F.,.F.,(2,2),(2,2),(-1.668021476216,
    -1.594822518907),(1.507642283545,1.588992942917),
  .PIECEWISE_BEZIER_KNOTS.);
#11836 = CARTESIAN_POINT('',(1.668021476216,1.507642283545,0.8200001));
#11837 = CARTESIAN_POINT('',(1.668021476216,1.588992942917,0.8200001));
#11838 = CARTESIAN_POINT('',(1.594822518907,1.507642283545,0.8200001));
#11839 = CARTESIAN_POINT('',(1.594822518907,1.588992942917,0.8200001));
#11840 = ADVANCED_FACE('',(#11841),#11855,.F.);
#11841 = FACE_BOUND('',#11842,.T.);
#11842 = EDGE_LOOP('',(#11843,#11844,#11849,#11850));
#11843 = ORIENTED_EDGE('',*,*,#1132,.T.);
#11844 = ORIENTED_EDGE('',*,*,#11845,.F.);
#11845 = EDGE_CURVE('',#11735,#1135,#11846,.T.);
#11846 = B_SPLINE_CURVE_WITH_KNOTS('',1,(#11847,#11848),.UNSPECIFIED.,
  .F.,.F.,(2,2),(-0.,1.E-02),.PIECEWISE_BEZIER_KNOTS.);
#11847 = CARTESIAN_POINT('',(1.63703669031,1.588992942917,0.8200001));
#11848 = CARTESIAN_POINT('',(1.63703669031,1.588992942917,0.8100001));
#11849 = ORIENTED_EDGE('',*,*,#11732,.F.);
#11850 = ORIENTED_EDGE('',*,*,#11851,.T.);
#11851 = EDGE_CURVE('',#11733,#1133,#11852,.T.);
#11852 = B_SPLINE_CURVE_WITH_KNOTS('',1,(#11853,#11854),.UNSPECIFIED.,
  .F.,.F.,(2,2),(-0.,1.E-02),.PIECEWISE_BEZIER_KNOTS.);
#11853 = CARTESIAN_POINT('',(1.668021476216,1.507642283545,0.8200001));
#11854 = CARTESIAN_POINT('',(1.668021476216,1.507642283545,0.8100001));
#11855 = B_SPLINE_SURFACE_WITH_KNOTS('',1,1,(
    (#11856,#11857)
    ,(#11858,#11859
    )),.UNSPECIFIED.,.F.,.F.,.F.,(2,2),(2,2),(0.,8.705163259801E-02),(
    -1.E-02,0.),.PIECEWISE_BEZIER_KNOTS.);
#11856 = CARTESIAN_POINT('',(1.63703669031,1.588992942917,0.8100001));
#11857 = CARTESIAN_POINT('',(1.63703669031,1.588992942917,0.8200001));
#11858 = CARTESIAN_POINT('',(1.668021476216,1.507642283545,0.8100001));
#11859 = CARTESIAN_POINT('',(1.668021476216,1.507642283545,0.8200001));
#11860 = ADVANCED_FACE('',(#11861),#11871,.F.);
#11861 = FACE_BOUND('',#11862,.T.);
#11862 = EDGE_LOOP('',(#11863,#11864,#11869,#11870));
#11863 = ORIENTED_EDGE('',*,*,#1183,.T.);
#11864 = ORIENTED_EDGE('',*,*,#11865,.F.);
#11865 = EDGE_CURVE('',#11742,#1177,#11866,.T.);
#11866 = B_SPLINE_CURVE_WITH_KNOTS('',1,(#11867,#11868),.UNSPECIFIED.,
  .F.,.F.,(2,2),(-0.,1.E-02),.PIECEWISE_BEZIER_KNOTS.);
#11867 = CARTESIAN_POINT('',(1.625807304814,1.588992942917,0.8200001));
#11868 = CARTESIAN_POINT('',(1.625807304814,1.588992942917,0.8100001));
#11869 = ORIENTED_EDGE('',*,*,#11741,.F.);
#11870 = ORIENTED_EDGE('',*,*,#11845,.T.);
#11871 = B_SPLINE_SURFACE_WITH_KNOTS('',1,1,(
    (#11872,#11873)
    ,(#11874,#11875
  )),.UNSPECIFIED.,.F.,.F.,.F.,(2,2),(2,2),(0.,1.E-02),(0.,
    1.122938549674E-02),.PIECEWISE_BEZIER_KNOTS.);
#11872 = CARTESIAN_POINT('',(1.625807304814,1.588992942917,0.8200001));
#11873 = CARTESIAN_POINT('',(1.63703669031,1.588992942917,0.8200001));
#11874 = CARTESIAN_POINT('',(1.625807304814,1.588992942917,0.8100001));
#11875 = CARTESIAN_POINT('',(1.63703669031,1.588992942917,0.8100001));
#11876 = ADVANCED_FACE('',(#11877),#11887,.F.);
#11877 = FACE_BOUND('',#11878,.T.);
#11878 = EDGE_LOOP('',(#11879,#11880,#11885,#11886));
#11879 = ORIENTED_EDGE('',*,*,#1176,.T.);
#11880 = ORIENTED_EDGE('',*,*,#11881,.F.);
#11881 = EDGE_CURVE('',#11749,#1170,#11882,.T.);
#11882 = B_SPLINE_CURVE_WITH_KNOTS('',1,(#11883,#11884),.UNSPECIFIED.,
  .F.,.F.,(2,2),(-0.,1.E-02),.PIECEWISE_BEZIER_KNOTS.);
#11883 = CARTESIAN_POINT('',(1.594822518907,1.507642283545,0.8200001));
#11884 = CARTESIAN_POINT('',(1.594822518907,1.507642283545,0.8100001));
#11885 = ORIENTED_EDGE('',*,*,#11748,.F.);
#11886 = ORIENTED_EDGE('',*,*,#11865,.T.);
#11887 = B_SPLINE_SURFACE_WITH_KNOTS('',1,1,(
    (#11888,#11889)
    ,(#11890,#11891
    )),.UNSPECIFIED.,.F.,.F.,.F.,(2,2),(2,2),(0.,8.70516325982E-02),(
    -1.E-02,0.),.PIECEWISE_BEZIER_KNOTS.);
#11888 = CARTESIAN_POINT('',(1.594822518907,1.507642283545,0.8100001));
#11889 = CARTESIAN_POINT('',(1.594822518907,1.507642283545,0.8200001));
#11890 = CARTESIAN_POINT('',(1.625807304814,1.588992942917,0.8100001));
#11891 = CARTESIAN_POINT('',(1.625807304814,1.588992942917,0.8200001));
#11892 = ADVANCED_FACE('',(#11893),#11903,.F.);
#11893 = FACE_BOUND('',#11894,.T.);
#11894 = EDGE_LOOP('',(#11895,#11896,#11901,#11902));
#11895 = ORIENTED_EDGE('',*,*,#1169,.T.);
#11896 = ORIENTED_EDGE('',*,*,#11897,.F.);
#11897 = EDGE_CURVE('',#11756,#1163,#11898,.T.);
#11898 = B_SPLINE_CURVE_WITH_KNOTS('',1,(#11899,#11900),.UNSPECIFIED.,
  .F.,.F.,(2,2),(-0.,1.E-02),.PIECEWISE_BEZIER_KNOTS.);
#11899 = CARTESIAN_POINT('',(1.606426217253,1.507642283545,0.8200001));
#11900 = CARTESIAN_POINT('',(1.606426217253,1.507642283545,0.8100001));
#11901 = ORIENTED_EDGE('',*,*,#11755,.F.);
#11902 = ORIENTED_EDGE('',*,*,#11881,.T.);
#11903 = B_SPLINE_SURFACE_WITH_KNOTS('',1,1,(
    (#11904,#11905)
    ,(#11906,#11907
  )),.UNSPECIFIED.,.F.,.F.,.F.,(2,2),(2,2),(-1.E-02,0.),(
    -1.160369834618E-02,0.),.PIECEWISE_BEZIER_KNOTS.);
#11904 = CARTESIAN_POINT('',(1.594822518907,1.507642283545,0.8100001));
#11905 = CARTESIAN_POINT('',(1.606426217253,1.507642283545,0.8100001));
#11906 = CARTESIAN_POINT('',(1.594822518907,1.507642283545,0.8200001));
#11907 = CARTESIAN_POINT('',(1.606426217253,1.507642283545,0.8200001));
#11908 = ADVANCED_FACE('',(#11909),#11919,.F.);
#11909 = FACE_BOUND('',#11910,.T.);
#11910 = EDGE_LOOP('',(#11911,#11912,#11917,#11918));
#11911 = ORIENTED_EDGE('',*,*,#1162,.T.);
#11912 = ORIENTED_EDGE('',*,*,#11913,.F.);
#11913 = EDGE_CURVE('',#11763,#1156,#11914,.T.);
#11914 = B_SPLINE_CURVE_WITH_KNOTS('',1,(#11915,#11916),.UNSPECIFIED.,
  .F.,.F.,(2,2),(-0.,1.E-02),.PIECEWISE_BEZIER_KNOTS.);
#11915 = CARTESIAN_POINT('',(1.614245196784,1.529893102953,0.8200001));
#11916 = CARTESIAN_POINT('',(1.614245196784,1.529893102953,0.8100001));
#11917 = ORIENTED_EDGE('',*,*,#11762,.F.);
#11918 = ORIENTED_EDGE('',*,*,#11897,.T.);
#11919 = B_SPLINE_SURFACE_WITH_KNOTS('',1,1,(
    (#11920,#11921)
    ,(#11922,#11923
    )),.UNSPECIFIED.,.F.,.F.,.F.,(2,2),(2,2),(-0.,2.358464342031E-02),(
    -1.E-02,0.),.PIECEWISE_BEZIER_KNOTS.);
#11920 = CARTESIAN_POINT('',(1.614245196784,1.529893102953,0.8100001));
#11921 = CARTESIAN_POINT('',(1.614245196784,1.529893102953,0.8200001));
#11922 = CARTESIAN_POINT('',(1.606426217253,1.507642283545,0.8100001));
#11923 = CARTESIAN_POINT('',(1.606426217253,1.507642283545,0.8200001));
#11924 = ADVANCED_FACE('',(#11925),#11935,.F.);
#11925 = FACE_BOUND('',#11926,.T.);
#11926 = EDGE_LOOP('',(#11927,#11928,#11933,#11934));
#11927 = ORIENTED_EDGE('',*,*,#1155,.T.);
#11928 = ORIENTED_EDGE('',*,*,#11929,.F.);
#11929 = EDGE_CURVE('',#11770,#1149,#11930,.T.);
#11930 = B_SPLINE_CURVE_WITH_KNOTS('',1,(#11931,#11932),.UNSPECIFIED.,
  .F.,.F.,(2,2),(-0.,1.E-02),.PIECEWISE_BEZIER_KNOTS.);
#11931 = CARTESIAN_POINT('',(1.648120509698,1.529893102953,0.8200001));
#11932 = CARTESIAN_POINT('',(1.648120509698,1.529893102953,0.8100001));
#11933 = ORIENTED_EDGE('',*,*,#11769,.F.);
#11934 = ORIENTED_EDGE('',*,*,#11913,.T.);
#11935 = B_SPLINE_SURFACE_WITH_KNOTS('',1,1,(
    (#11936,#11937)
    ,(#11938,#11939
  )),.UNSPECIFIED.,.F.,.F.,.F.,(2,2),(2,2),(-1.E-02,0.),(
    -3.387531291382E-02,4.440892098501E-16),.PIECEWISE_BEZIER_KNOTS.);
#11936 = CARTESIAN_POINT('',(1.614245196784,1.529893102953,0.8100001));
#11937 = CARTESIAN_POINT('',(1.648120509698,1.529893102953,0.8100001));
#11938 = CARTESIAN_POINT('',(1.614245196784,1.529893102953,0.8200001));
#11939 = CARTESIAN_POINT('',(1.648120509698,1.529893102953,0.8200001));
#11940 = ADVANCED_FACE('',(#11941),#11951,.F.);
#11941 = FACE_BOUND('',#11942,.T.);
#11942 = EDGE_LOOP('',(#11943,#11944,#11949,#11950));
#11943 = ORIENTED_EDGE('',*,*,#1148,.T.);
#11944 = ORIENTED_EDGE('',*,*,#11945,.F.);
#11945 = EDGE_CURVE('',#11777,#1142,#11946,.T.);
#11946 = B_SPLINE_CURVE_WITH_KNOTS('',1,(#11947,#11948),.UNSPECIFIED.,
  .F.,.F.,(2,2),(-0.,1.E-02),.PIECEWISE_BEZIER_KNOTS.);
#11947 = CARTESIAN_POINT('',(1.656417777871,1.507642283545,0.8200001));
#11948 = CARTESIAN_POINT('',(1.656417777871,1.507642283545,0.8100001));
#11949 = ORIENTED_EDGE('',*,*,#11776,.F.);
#11950 = ORIENTED_EDGE('',*,*,#11929,.T.);
#11951 = B_SPLINE_SURFACE_WITH_KNOTS('',1,1,(
    (#11952,#11953)
    ,(#11954,#11955
    )),.UNSPECIFIED.,.F.,.F.,.F.,(2,2),(2,2),(0.,2.374749720481E-02),(
    -1.E-02,0.),.PIECEWISE_BEZIER_KNOTS.);
#11952 = CARTESIAN_POINT('',(1.656417777871,1.507642283545,0.8100001));
#11953 = CARTESIAN_POINT('',(1.656417777871,1.507642283545,0.8200001));
#11954 = CARTESIAN_POINT('',(1.648120509698,1.529893102953,0.8100001));
#11955 = CARTESIAN_POINT('',(1.648120509698,1.529893102953,0.8200001));
#11956 = ADVANCED_FACE('',(#11957),#11963,.F.);
#11957 = FACE_BOUND('',#11958,.T.);
#11958 = EDGE_LOOP('',(#11959,#11960,#11961,#11962));
#11959 = ORIENTED_EDGE('',*,*,#1141,.T.);
#11960 = ORIENTED_EDGE('',*,*,#11851,.F.);
#11961 = ORIENTED_EDGE('',*,*,#11783,.F.);
#11962 = ORIENTED_EDGE('',*,*,#11945,.T.);
#11963 = B_SPLINE_SURFACE_WITH_KNOTS('',1,1,(
    (#11964,#11965)
    ,(#11966,#11967
  )),.UNSPECIFIED.,.F.,.F.,.F.,(2,2),(2,2),(-1.E-02,0.),(
    -1.160369834563E-02,0.),.PIECEWISE_BEZIER_KNOTS.);
#11964 = CARTESIAN_POINT('',(1.656417777871,1.507642283545,0.8100001));
#11965 = CARTESIAN_POINT('',(1.668021476216,1.507642283545,0.8100001));
#11966 = CARTESIAN_POINT('',(1.656417777871,1.507642283545,0.8200001));
#11967 = CARTESIAN_POINT('',(1.668021476216,1.507642283545,0.8200001));
#11968 = ADVANCED_FACE('',(#11969),#11991,.T.);
#11969 = FACE_BOUND('',#11970,.T.);
#11970 = EDGE_LOOP('',(#11971,#11980,#11985,#11986));
#11971 = ORIENTED_EDGE('',*,*,#11972,.F.);
#11972 = EDGE_CURVE('',#11973,#11975,#11977,.T.);
#11973 = VERTEX_POINT('',#11974);
#11974 = CARTESIAN_POINT('',(1.617572422117,1.539084562934,0.8100001));
#11975 = VERTEX_POINT('',#11976);
#11976 = CARTESIAN_POINT('',(1.644876464999,1.539084562934,0.8100001));
#11977 = B_SPLINE_CURVE_WITH_KNOTS('',1,(#11978,#11979),.UNSPECIFIED.,
  .F.,.F.,(2,2),(2.22044604925E-16,2.730404288242E-02),
  .PIECEWISE_BEZIER_KNOTS.);
#11978 = CARTESIAN_POINT('',(1.617572422117,1.539084562934,0.8100001));
#11979 = CARTESIAN_POINT('',(1.644876464999,1.539084562934,0.8100001));
#11980 = ORIENTED_EDGE('',*,*,#11981,.F.);
#11981 = EDGE_CURVE('',#11791,#11973,#11982,.T.);
#11982 = B_SPLINE_CURVE_WITH_KNOTS('',1,(#11983,#11984),.UNSPECIFIED.,
  .F.,.F.,(2,2),(-0.,1.E-02),.PIECEWISE_BEZIER_KNOTS.);
#11983 = CARTESIAN_POINT('',(1.617572422117,1.539084562934,0.8200001));
#11984 = CARTESIAN_POINT('',(1.617572422117,1.539084562934,0.8100001));
#11985 = ORIENTED_EDGE('',*,*,#11790,.T.);
#11986 = ORIENTED_EDGE('',*,*,#11987,.T.);
#11987 = EDGE_CURVE('',#11793,#11975,#11988,.T.);
#11988 = B_SPLINE_CURVE_WITH_KNOTS('',1,(#11989,#11990),.UNSPECIFIED.,
  .F.,.F.,(2,2),(-0.,1.E-02),.PIECEWISE_BEZIER_KNOTS.);
#11989 = CARTESIAN_POINT('',(1.644876464999,1.539084562934,0.8200001));
#11990 = CARTESIAN_POINT('',(1.644876464999,1.539084562934,0.8100001));
#11991 = B_SPLINE_SURFACE_WITH_KNOTS('',1,1,(
    (#11992,#11993)
    ,(#11994,#11995
  )),.UNSPECIFIED.,.F.,.F.,.F.,(2,2),(2,2),(-1.E-02,0.),(0.,
    2.730404288242E-02),.PIECEWISE_BEZIER_KNOTS.);
#11992 = CARTESIAN_POINT('',(1.617572422117,1.539084562934,0.8100001));
#11993 = CARTESIAN_POINT('',(1.644876464999,1.539084562934,0.8100001));
#11994 = CARTESIAN_POINT('',(1.617572422117,1.539084562934,0.8200001));
#11995 = CARTESIAN_POINT('',(1.644876464999,1.539084562934,0.8200001));
#11996 = ADVANCED_FACE('',(#11997),#12013,.T.);
#11997 = FACE_BOUND('',#11998,.T.);
#11998 = EDGE_LOOP('',(#11999,#12006,#12007,#12008));
#11999 = ORIENTED_EDGE('',*,*,#12000,.F.);
#12000 = EDGE_CURVE('',#11975,#12001,#12003,.T.);
#12001 = VERTEX_POINT('',#12002);
#12002 = CARTESIAN_POINT('',(1.632586526428,1.572897490373,0.8100001));
#12003 = B_SPLINE_CURVE_WITH_KNOTS('',1,(#12004,#12005),.UNSPECIFIED.,
  .F.,.F.,(2,2),(0.,3.597716848329E-02),.PIECEWISE_BEZIER_KNOTS.);
#12004 = CARTESIAN_POINT('',(1.644876464999,1.539084562934,0.8100001));
#12005 = CARTESIAN_POINT('',(1.632586526428,1.572897490373,0.8100001));
#12006 = ORIENTED_EDGE('',*,*,#11987,.F.);
#12007 = ORIENTED_EDGE('',*,*,#11831,.T.);
#12008 = ORIENTED_EDGE('',*,*,#12009,.T.);
#12009 = EDGE_CURVE('',#11823,#12001,#12010,.T.);
#12010 = B_SPLINE_CURVE_WITH_KNOTS('',1,(#12011,#12012),.UNSPECIFIED.,
  .F.,.F.,(2,2),(-0.,1.E-02),.PIECEWISE_BEZIER_KNOTS.);
#12011 = CARTESIAN_POINT('',(1.632586526428,1.572897490373,0.8200001));
#12012 = CARTESIAN_POINT('',(1.632586526428,1.572897490373,0.8100001));
#12013 = B_SPLINE_SURFACE_WITH_KNOTS('',1,1,(
    (#12014,#12015)
    ,(#12016,#12017
    )),.UNSPECIFIED.,.F.,.F.,.F.,(2,2),(2,2),(-3.597716848329E-02,0.),(
    -1.E-02,0.),.PIECEWISE_BEZIER_KNOTS.);
#12014 = CARTESIAN_POINT('',(1.632586526428,1.572897490373,0.8100001));
#12015 = CARTESIAN_POINT('',(1.632586526428,1.572897490373,0.8200001));
#12016 = CARTESIAN_POINT('',(1.644876464999,1.539084562934,0.8100001));
#12017 = CARTESIAN_POINT('',(1.644876464999,1.539084562934,0.8200001));
#12018 = ADVANCED_FACE('',(#12019),#12037,.T.);
#12019 = FACE_BOUND('',#12020,.T.);
#12020 = EDGE_LOOP('',(#12021,#12030,#12031,#12032));
#12021 = ORIENTED_EDGE('',*,*,#12022,.F.);
#12022 = EDGE_CURVE('',#12001,#12023,#12025,.T.);
#12023 = VERTEX_POINT('',#12024);
#12024 = CARTESIAN_POINT('',(1.631318021771,1.578595363754,0.8100001));
#12025 = B_SPLINE_CURVE_WITH_KNOTS('',3,(#12026,#12027,#12028,#12029),
  .UNSPECIFIED.,.F.,.F.,(4,4),(1.,2.),.PIECEWISE_BEZIER_KNOTS.);
#12026 = CARTESIAN_POINT('',(1.632586526428,1.572897490373,0.8100001));
#12027 = CARTESIAN_POINT('',(1.63219141842,1.574020428922,0.8100001));
#12028 = CARTESIAN_POINT('',(1.631775515253,1.575891993172,0.8100001));
#12029 = CARTESIAN_POINT('',(1.631318021771,1.578595363754,0.8100001));
#12030 = ORIENTED_EDGE('',*,*,#12009,.F.);
#12031 = ORIENTED_EDGE('',*,*,#11822,.T.);
#12032 = ORIENTED_EDGE('',*,*,#12033,.T.);
#12033 = EDGE_CURVE('',#11816,#12023,#12034,.T.);
#12034 = B_SPLINE_CURVE_WITH_KNOTS('',1,(#12035,#12036),.UNSPECIFIED.,
  .F.,.F.,(2,2),(-0.,1.E-02),.PIECEWISE_BEZIER_KNOTS.);
#12035 = CARTESIAN_POINT('',(1.631318021771,1.578595363754,0.8200001));
#12036 = CARTESIAN_POINT('',(1.631318021771,1.578595363754,0.8100001));
#12037 = B_SPLINE_SURFACE_WITH_KNOTS('',3,1,(
    (#12038,#12039)
    ,(#12040,#12041)
    ,(#12042,#12043)
    ,(#12044,#12045
    )),.UNSPECIFIED.,.F.,.F.,.F.,(4,4),(2,2),(1.,2.),(0.,1.),
  .PIECEWISE_BEZIER_KNOTS.);
#12038 = CARTESIAN_POINT('',(1.632586526428,1.572897490373,0.8200001));
#12039 = CARTESIAN_POINT('',(1.632586526428,1.572897490373,0.8100001));
#12040 = CARTESIAN_POINT('',(1.63219141842,1.574020428922,0.8200001));
#12041 = CARTESIAN_POINT('',(1.63219141842,1.574020428922,0.8100001));
#12042 = CARTESIAN_POINT('',(1.631775515253,1.575891993172,0.8200001));
#12043 = CARTESIAN_POINT('',(1.631775515253,1.575891993172,0.8100001));
#12044 = CARTESIAN_POINT('',(1.631318021771,1.578595363754,0.8200001));
#12045 = CARTESIAN_POINT('',(1.631318021771,1.578595363754,0.8100001));
#12046 = ADVANCED_FACE('',(#12047),#12063,.T.);
#12047 = FACE_BOUND('',#12048,.T.);
#12048 = EDGE_LOOP('',(#12049,#12056,#12057,#12058));
#12049 = ORIENTED_EDGE('',*,*,#12050,.F.);
#12050 = EDGE_CURVE('',#12023,#12051,#12053,.T.);
#12051 = VERTEX_POINT('',#12052);
#12052 = CARTESIAN_POINT('',(1.63106847987,1.578595363754,0.8100001));
#12053 = B_SPLINE_CURVE_WITH_KNOTS('',1,(#12054,#12055),.UNSPECIFIED.,
  .F.,.F.,(2,2),(2.22044604925E-16,2.495419001869E-04),
  .PIECEWISE_BEZIER_KNOTS.);
#12054 = CARTESIAN_POINT('',(1.631318021771,1.578595363754,0.8100001));
#12055 = CARTESIAN_POINT('',(1.63106847987,1.578595363754,0.8100001));
#12056 = ORIENTED_EDGE('',*,*,#12033,.F.);
#12057 = ORIENTED_EDGE('',*,*,#11815,.T.);
#12058 = ORIENTED_EDGE('',*,*,#12059,.T.);
#12059 = EDGE_CURVE('',#11807,#12051,#12060,.T.);
#12060 = B_SPLINE_CURVE_WITH_KNOTS('',1,(#12061,#12062),.UNSPECIFIED.,
  .F.,.F.,(2,2),(-0.,1.E-02),.PIECEWISE_BEZIER_KNOTS.);
#12061 = CARTESIAN_POINT('',(1.63106847987,1.578595363754,0.8200001));
#12062 = CARTESIAN_POINT('',(1.63106847987,1.578595363754,0.8100001));
#12063 = B_SPLINE_SURFACE_WITH_KNOTS('',1,1,(
    (#12064,#12065)
    ,(#12066,#12067
  )),.UNSPECIFIED.,.F.,.F.,.F.,(2,2),(2,2),(-0.,1.E-02),(
    -2.495419001869E-04,-2.22044604925E-16),.PIECEWISE_BEZIER_KNOTS.);
#12064 = CARTESIAN_POINT('',(1.63106847987,1.578595363754,0.8200001));
#12065 = CARTESIAN_POINT('',(1.631318021771,1.578595363754,0.8200001));
#12066 = CARTESIAN_POINT('',(1.63106847987,1.578595363754,0.8100001));
#12067 = CARTESIAN_POINT('',(1.631318021771,1.578595363754,0.8100001));
#12068 = ADVANCED_FACE('',(#12069),#12087,.T.);
#12069 = FACE_BOUND('',#12070,.T.);
#12070 = EDGE_LOOP('',(#12071,#12080,#12081,#12082));
#12071 = ORIENTED_EDGE('',*,*,#12072,.F.);
#12072 = EDGE_CURVE('',#12051,#12073,#12075,.T.);
#12073 = VERTEX_POINT('',#12074);
#12074 = CARTESIAN_POINT('',(1.629737589737,1.572897490373,0.8100001));
#12075 = B_SPLINE_CURVE_WITH_KNOTS('',3,(#12076,#12077,#12078,#12079),
  .UNSPECIFIED.,.F.,.F.,(4,4),(3.,4.),.PIECEWISE_BEZIER_KNOTS.);
#12076 = CARTESIAN_POINT('',(1.63106847987,1.578595363754,0.8100001));
#12077 = CARTESIAN_POINT('',(1.630673371862,1.576141535071,0.8100001));
#12078 = CARTESIAN_POINT('',(1.630236673538,1.574228380505,0.8100001));
#12079 = CARTESIAN_POINT('',(1.629737589737,1.572897490373,0.8100001));
#12080 = ORIENTED_EDGE('',*,*,#12059,.F.);
#12081 = ORIENTED_EDGE('',*,*,#11806,.T.);
#12082 = ORIENTED_EDGE('',*,*,#12083,.T.);
#12083 = EDGE_CURVE('',#11800,#12073,#12084,.T.);
#12084 = B_SPLINE_CURVE_WITH_KNOTS('',1,(#12085,#12086),.UNSPECIFIED.,
  .F.,.F.,(2,2),(0.,1.E-02),.PIECEWISE_BEZIER_KNOTS.);
#12085 = CARTESIAN_POINT('',(1.629737589737,1.572897490373,0.8200001));
#12086 = CARTESIAN_POINT('',(1.629737589737,1.572897490373,0.8100001));
#12087 = B_SPLINE_SURFACE_WITH_KNOTS('',3,1,(
    (#12088,#12089)
    ,(#12090,#12091)
    ,(#12092,#12093)
    ,(#12094,#12095
    )),.UNSPECIFIED.,.F.,.F.,.F.,(4,4),(2,2),(3.,4.),(0.,1.),
  .PIECEWISE_BEZIER_KNOTS.);
#12088 = CARTESIAN_POINT('',(1.63106847987,1.578595363754,0.8200001));
#12089 = CARTESIAN_POINT('',(1.63106847987,1.578595363754,0.8100001));
#12090 = CARTESIAN_POINT('',(1.630673371862,1.576141535071,0.8200001));
#12091 = CARTESIAN_POINT('',(1.630673371862,1.576141535071,0.8100001));
#12092 = CARTESIAN_POINT('',(1.630236673538,1.574228380505,0.8200001));
#12093 = CARTESIAN_POINT('',(1.630236673538,1.574228380505,0.8100001));
#12094 = CARTESIAN_POINT('',(1.629737589737,1.572897490373,0.8200001));
#12095 = CARTESIAN_POINT('',(1.629737589737,1.572897490373,0.8100001));
#12096 = ADVANCED_FACE('',(#12097),#12107,.T.);
#12097 = FACE_BOUND('',#12098,.T.);
#12098 = EDGE_LOOP('',(#12099,#12104,#12105,#12106));
#12099 = ORIENTED_EDGE('',*,*,#12100,.F.);
#12100 = EDGE_CURVE('',#12073,#11973,#12101,.T.);
#12101 = B_SPLINE_CURVE_WITH_KNOTS('',1,(#12102,#12103),.UNSPECIFIED.,
  .F.,.F.,(2,2),(-7.516987794346E-17,3.593473758385E-02),
  .PIECEWISE_BEZIER_KNOTS.);
#12102 = CARTESIAN_POINT('',(1.629737589737,1.572897490373,0.8100001));
#12103 = CARTESIAN_POINT('',(1.617572422117,1.539084562934,0.8100001));
#12104 = ORIENTED_EDGE('',*,*,#12083,.F.);
#12105 = ORIENTED_EDGE('',*,*,#11799,.T.);
#12106 = ORIENTED_EDGE('',*,*,#11981,.T.);
#12107 = B_SPLINE_SURFACE_WITH_KNOTS('',1,1,(
    (#12108,#12109)
    ,(#12110,#12111
    )),.UNSPECIFIED.,.F.,.F.,.F.,(2,2),(2,2),(-3.593473758385E-02,
    7.516987794346E-17),(-1.E-02,0.),.PIECEWISE_BEZIER_KNOTS.);
#12108 = CARTESIAN_POINT('',(1.617572422117,1.539084562934,0.8100001));
#12109 = CARTESIAN_POINT('',(1.617572422117,1.539084562934,0.8200001));
#12110 = CARTESIAN_POINT('',(1.629737589737,1.572897490373,0.8100001));
#12111 = CARTESIAN_POINT('',(1.629737589737,1.572897490373,0.8200001));
#12112 = ADVANCED_FACE('',(#12113),#12121,.F.);
#12113 = FACE_BOUND('',#12114,.T.);
#12114 = EDGE_LOOP('',(#12115,#12116,#12117,#12118,#12119,#12120));
#12115 = ORIENTED_EDGE('',*,*,#12100,.T.);
#12116 = ORIENTED_EDGE('',*,*,#11972,.T.);
#12117 = ORIENTED_EDGE('',*,*,#12000,.T.);
#12118 = ORIENTED_EDGE('',*,*,#12022,.T.);
#12119 = ORIENTED_EDGE('',*,*,#12050,.T.);
#12120 = ORIENTED_EDGE('',*,*,#12072,.T.);
#12121 = B_SPLINE_SURFACE_WITH_KNOTS('',1,1,(
    (#12122,#12123)
    ,(#12124,#12125
    )),.UNSPECIFIED.,.F.,.F.,.F.,(2,2),(2,2),(-1.644876464999,
    -1.617572422117),(1.539084562934,1.578595363754),
  .PIECEWISE_BEZIER_KNOTS.);
#12122 = CARTESIAN_POINT('',(1.644876464999,1.539084562934,0.8100001));
#12123 = CARTESIAN_POINT('',(1.644876464999,1.578595363754,0.8100001));
#12124 = CARTESIAN_POINT('',(1.617572422117,1.539084562934,0.8100001));
#12125 = CARTESIAN_POINT('',(1.617572422117,1.578595363754,0.8100001));
#12126 = ADVANCED_FACE('',(#12127,#12416),#12441,.F.);
#12127 = FACE_BOUND('',#12128,.T.);
#12128 = EDGE_LOOP('',(#12129,#12140,#12149,#12158,#12167,#12176,#12185,
    #12194,#12203,#12212,#12221,#12230,#12239,#12248,#12255,#12262,
    #12269,#12278,#12287,#12296,#12305,#12314,#12323,#12332,#12341,
    #12350,#12359,#12366,#12375,#12384,#12393,#12400,#12409));
#12129 = ORIENTED_EDGE('',*,*,#12130,.T.);
#12130 = EDGE_CURVE('',#12131,#12133,#12135,.T.);
#12131 = VERTEX_POINT('',#12132);
#12132 = CARTESIAN_POINT('',(1.173037397734,1.58833542772,0.8200001));
#12133 = VERTEX_POINT('',#12134);
#12134 = CARTESIAN_POINT('',(1.115776319018,1.664105135601,0.8200001));
#12135 = B_SPLINE_CURVE_WITH_KNOTS('',3,(#12136,#12137,#12138,#12139),
  .UNSPECIFIED.,.F.,.F.,(4,4),(35.,36.),.PIECEWISE_BEZIER_KNOTS.);
#12136 = CARTESIAN_POINT('',(1.173037397734,1.58833542772,0.8200001));
#12137 = CARTESIAN_POINT('',(1.172459011691,1.62303909775,0.8200001));
#12138 = CARTESIAN_POINT('',(1.148744808855,1.653694032385,0.8200001));
#12139 = CARTESIAN_POINT('',(1.115776319018,1.664105135601,0.8200001));
#12140 = ORIENTED_EDGE('',*,*,#12141,.T.);
#12141 = EDGE_CURVE('',#12133,#12142,#12144,.T.);
#12142 = VERTEX_POINT('',#12143);
#12143 = CARTESIAN_POINT('',(1.084542987308,1.709798330742,0.8200001));
#12144 = B_SPLINE_CURVE_WITH_KNOTS('',3,(#12145,#12146,#12147,#12148),
  .UNSPECIFIED.,.F.,.F.,(4,4),(0.,1.),.PIECEWISE_BEZIER_KNOTS.);
#12145 = CARTESIAN_POINT('',(1.115776319018,1.664105135601,0.8200001));
#12146 = CARTESIAN_POINT('',(1.109413984293,1.681456981647,0.8200001));
#12147 = CARTESIAN_POINT('',(1.098424472971,1.697073641986,0.8200001));
#12148 = CARTESIAN_POINT('',(1.084542987308,1.709798330742,0.8200001));
#12149 = ORIENTED_EDGE('',*,*,#12150,.T.);
#12150 = EDGE_CURVE('',#12142,#12151,#12153,.T.);
#12151 = VERTEX_POINT('',#12152);
#12152 = CARTESIAN_POINT('',(1.005881294054,1.739874865545,0.8200001));
#12153 = B_SPLINE_CURVE_WITH_KNOTS('',3,(#12154,#12155,#12156,#12157),
  .UNSPECIFIED.,.F.,.F.,(4,4),(1.,2.),.PIECEWISE_BEZIER_KNOTS.);
#12154 = CARTESIAN_POINT('',(1.084542987308,1.709798330742,0.8200001));
#12155 = CARTESIAN_POINT('',(1.062563986728,1.728885363187,0.8200001));
#12156 = CARTESIAN_POINT('',(1.034801037465,1.739874865545,0.8200001));
#12157 = CARTESIAN_POINT('',(1.005881294054,1.739874865545,0.8200001));
#12158 = ORIENTED_EDGE('',*,*,#12159,.T.);
#12159 = EDGE_CURVE('',#12151,#12160,#12162,.T.);
#12160 = VERTEX_POINT('',#12161);
#12161 = CARTESIAN_POINT('',(0.936473909866,1.717317465132,0.8200001));
#12162 = B_SPLINE_CURVE_WITH_KNOTS('',3,(#12163,#12164,#12165,#12166),
  .UNSPECIFIED.,.F.,.F.,(4,4),(2.,3.),.PIECEWISE_BEZIER_KNOTS.);
#12163 = CARTESIAN_POINT('',(1.005881294054,1.739874865545,0.8200001));
#12164 = CARTESIAN_POINT('',(0.980431922058,1.739874865545,0.8200001));
#12165 = CARTESIAN_POINT('',(0.956717730255,1.731777337528,0.8200001));
#12166 = CARTESIAN_POINT('',(0.936473909866,1.717317465132,0.8200001));
#12167 = ORIENTED_EDGE('',*,*,#12168,.T.);
#12168 = EDGE_CURVE('',#12160,#12169,#12171,.T.);
#12169 = VERTEX_POINT('',#12170);
#12170 = CARTESIAN_POINT('',(0.911024537871,1.691868090379,0.8200001));
#12171 = B_SPLINE_CURVE_WITH_KNOTS('',3,(#12172,#12173,#12174,#12175),
  .UNSPECIFIED.,.F.,.F.,(4,4),(3.,4.),.PIECEWISE_BEZIER_KNOTS.);
#12172 = CARTESIAN_POINT('',(0.936473909866,1.717317465132,0.8200001));
#12173 = CARTESIAN_POINT('',(0.926641192694,1.710376725059,0.8200001));
#12174 = CARTESIAN_POINT('',(0.918543666745,1.701700802036,0.8200001));
#12175 = CARTESIAN_POINT('',(0.911024537871,1.691868090379,0.8200001));
#12176 = ORIENTED_EDGE('',*,*,#12177,.T.);
#12177 = EDGE_CURVE('',#12169,#12178,#12180,.T.);
#12178 = VERTEX_POINT('',#12179);
#12179 = CARTESIAN_POINT('',(0.897721460314,1.693024879012,0.8200001));
#12180 = B_SPLINE_CURVE_WITH_KNOTS('',3,(#12181,#12182,#12183,#12184),
  .UNSPECIFIED.,.F.,.F.,(4,4),(4.,5.),.PIECEWISE_BEZIER_KNOTS.);
#12181 = CARTESIAN_POINT('',(0.911024537871,1.691868090379,0.8200001));
#12182 = CARTESIAN_POINT('',(0.906397383338,1.692446487453,0.8200001));
#12183 = CARTESIAN_POINT('',(0.902348614847,1.693024879012,0.8200001));
#12184 = CARTESIAN_POINT('',(0.897721460314,1.693024879012,0.8200001));
#12185 = ORIENTED_EDGE('',*,*,#12186,.T.);
#12186 = EDGE_CURVE('',#12178,#12187,#12189,.T.);
#12187 = VERTEX_POINT('',#12188);
#12188 = CARTESIAN_POINT('',(0.831206050468,1.665261924234,0.8200001));
#12189 = B_SPLINE_CURVE_WITH_KNOTS('',3,(#12190,#12191,#12192,#12193),
  .UNSPECIFIED.,.F.,.F.,(4,4),(5.,6.),.PIECEWISE_BEZIER_KNOTS.);
#12190 = CARTESIAN_POINT('',(0.897721460314,1.693024879012,0.8200001));
#12191 = CARTESIAN_POINT('',(0.872850479877,1.693024879012,0.8200001));
#12192 = CARTESIAN_POINT('',(0.849136293589,1.683192167356,0.8200001));
#12193 = CARTESIAN_POINT('',(0.831206050468,1.665261924234,0.8200001));
#12194 = ORIENTED_EDGE('',*,*,#12195,.T.);
#12195 = EDGE_CURVE('',#12187,#12196,#12198,.T.);
#12196 = VERTEX_POINT('',#12197);
#12197 = CARTESIAN_POINT('',(0.804021476216,1.599324916978,0.8200001));
#12198 = B_SPLINE_CURVE_WITH_KNOTS('',3,(#12199,#12200,#12201,#12202),
  .UNSPECIFIED.,.F.,.F.,(4,4),(6.,7.),.PIECEWISE_BEZIER_KNOTS.);
#12199 = CARTESIAN_POINT('',(0.831206050468,1.665261924234,0.8200001));
#12200 = CARTESIAN_POINT('',(0.813854189252,1.647910083703,0.8200001));
#12201 = CARTESIAN_POINT('',(0.804021476216,1.624195891899,0.8200001));
#12202 = CARTESIAN_POINT('',(0.804021476216,1.599324916978,0.8200001));
#12203 = ORIENTED_EDGE('',*,*,#12204,.T.);
#12204 = EDGE_CURVE('',#12196,#12205,#12207,.T.);
#12205 = VERTEX_POINT('',#12206);
#12206 = CARTESIAN_POINT('',(0.828314059579,1.536279889579,0.8200001));
#12207 = B_SPLINE_CURVE_WITH_KNOTS('',3,(#12208,#12209,#12210,#12211),
  .UNSPECIFIED.,.F.,.F.,(4,4),(7.,8.),.PIECEWISE_BEZIER_KNOTS.);
#12208 = CARTESIAN_POINT('',(0.804021476216,1.599324916978,0.8200001));
#12209 = CARTESIAN_POINT('',(0.804021476216,1.576189122249,0.8200001));
#12210 = CARTESIAN_POINT('',(0.81269739924,1.553631713562,0.8200001));
#12211 = CARTESIAN_POINT('',(0.828314059579,1.536279889579,0.8200001));
#12212 = ORIENTED_EDGE('',*,*,#12213,.T.);
#12213 = EDGE_CURVE('',#12205,#12214,#12216,.T.);
#12214 = VERTEX_POINT('',#12215);
#12215 = CARTESIAN_POINT('',(0.874585649037,1.508516940317,0.8200001));
#12216 = B_SPLINE_CURVE_WITH_KNOTS('',3,(#12217,#12218,#12219,#12220),
  .UNSPECIFIED.,.F.,.F.,(4,4),(8.,9.),.PIECEWISE_BEZIER_KNOTS.);
#12217 = CARTESIAN_POINT('',(0.828314059579,1.536279889579,0.8200001));
#12218 = CARTESIAN_POINT('',(0.841038745577,1.522398403916,0.8200001));
#12219 = CARTESIAN_POINT('',(0.856655411432,1.51314409485,0.8200001));
#12220 = CARTESIAN_POINT('',(0.874585649037,1.508516940317,0.8200001));
#12221 = ORIENTED_EDGE('',*,*,#12222,.T.);
#12222 = EDGE_CURVE('',#12214,#12223,#12225,.T.);
#12223 = VERTEX_POINT('',#12224);
#12224 = CARTESIAN_POINT('',(0.929533167035,1.46918609369,0.8200001));
#12225 = B_SPLINE_CURVE_WITH_KNOTS('',3,(#12226,#12227,#12228,#12229),
  .UNSPECIFIED.,.F.,.F.,(4,4),(9.,10.),.PIECEWISE_BEZIER_KNOTS.);
#12226 = CARTESIAN_POINT('',(0.874585649037,1.508516940317,0.8200001));
#12227 = CARTESIAN_POINT('',(0.882104783427,1.485381145588,0.8200001));
#12228 = CARTESIAN_POINT('',(0.904083784007,1.46918609369,0.8200001));
#12229 = CARTESIAN_POINT('',(0.929533167035,1.46918609369,0.8200001));
#12230 = ORIENTED_EDGE('',*,*,#12231,.T.);
#12231 = EDGE_CURVE('',#12223,#12232,#12234,.T.);
#12232 = VERTEX_POINT('',#12233);
#12233 = CARTESIAN_POINT('',(0.987372653858,1.527025580513,0.8200001));
#12234 = B_SPLINE_CURVE_WITH_KNOTS('',3,(#12235,#12236,#12237,#12238),
  .UNSPECIFIED.,.F.,.F.,(4,4),(10.,11.),.PIECEWISE_BEZIER_KNOTS.);
#12235 = CARTESIAN_POINT('',(0.929533167035,1.46918609369,0.8200001));
#12236 = CARTESIAN_POINT('',(0.961344884787,1.46918609369,0.8200001));
#12237 = CARTESIAN_POINT('',(0.987372653858,1.49521386276,0.8200001));
#12238 = CARTESIAN_POINT('',(0.987372653858,1.527025580513,0.8200001));
#12239 = ORIENTED_EDGE('',*,*,#12240,.T.);
#12240 = EDGE_CURVE('',#12232,#12241,#12243,.T.);
#12241 = VERTEX_POINT('',#12242);
#12242 = CARTESIAN_POINT('',(0.987372653858,1.532809529196,0.8200001));
#12243 = B_SPLINE_CURVE_WITH_KNOTS('',3,(#12244,#12245,#12246,#12247),
  .UNSPECIFIED.,.F.,.F.,(4,4),(11.,12.),.PIECEWISE_BEZIER_KNOTS.);
#12244 = CARTESIAN_POINT('',(0.987372653858,1.527025580513,0.8200001));
#12245 = CARTESIAN_POINT('',(0.987372653858,1.528760760705,0.8200001));
#12246 = CARTESIAN_POINT('',(0.987372653858,1.530495940897,0.8200001));
#12247 = CARTESIAN_POINT('',(0.987372653858,1.532809529196,0.8200001));
#12248 = ORIENTED_EDGE('',*,*,#12249,.T.);
#12249 = EDGE_CURVE('',#12241,#12250,#12252,.T.);
#12250 = VERTEX_POINT('',#12251);
#12251 = CARTESIAN_POINT('',(1.06834793541,1.575610747238,0.8200001));
#12252 = B_SPLINE_CURVE_WITH_KNOTS('',1,(#12253,#12254),.UNSPECIFIED.,
  .F.,.F.,(2,2),(-1.037630663069E-16,9.159115944431E-02),
  .PIECEWISE_BEZIER_KNOTS.);
#12253 = CARTESIAN_POINT('',(0.987372653858,1.532809529196,0.8200001));
#12254 = CARTESIAN_POINT('',(1.06834793541,1.575610747238,0.8200001));
#12255 = ORIENTED_EDGE('',*,*,#12256,.T.);
#12256 = EDGE_CURVE('',#12250,#12257,#12259,.T.);
#12257 = VERTEX_POINT('',#12258);
#12258 = CARTESIAN_POINT('',(1.05041770332,1.606265681873,0.8200001));
#12259 = B_SPLINE_CURVE_WITH_KNOTS('',1,(#12260,#12261),.UNSPECIFIED.,
  .F.,.F.,(2,2),(0.,3.551363456865E-02),.PIECEWISE_BEZIER_KNOTS.);
#12260 = CARTESIAN_POINT('',(1.06834793541,1.575610747238,0.8200001));
#12261 = CARTESIAN_POINT('',(1.05041770332,1.606265681873,0.8200001));
#12262 = ORIENTED_EDGE('',*,*,#12263,.T.);
#12263 = EDGE_CURVE('',#12257,#12264,#12266,.T.);
#12264 = VERTEX_POINT('',#12265);
#12265 = CARTESIAN_POINT('',(0.972912793184,1.565778041098,0.8200001));
#12266 = B_SPLINE_CURVE_WITH_KNOTS('',1,(#12267,#12268),.UNSPECIFIED.,
  .F.,.F.,(2,2),(0.,8.744289651436E-02),.PIECEWISE_BEZIER_KNOTS.);
#12267 = CARTESIAN_POINT('',(1.05041770332,1.606265681873,0.8200001));
#12268 = CARTESIAN_POINT('',(0.972912793184,1.565778041098,0.8200001));
#12269 = ORIENTED_EDGE('',*,*,#12270,.T.);
#12270 = EDGE_CURVE('',#12264,#12271,#12273,.T.);
#12271 = VERTEX_POINT('',#12272);
#12272 = CARTESIAN_POINT('',(0.929533178067,1.585443464411,0.8200001));
#12273 = B_SPLINE_CURVE_WITH_KNOTS('',3,(#12274,#12275,#12276,#12277),
  .UNSPECIFIED.,.F.,.F.,(4,4),(15.,16.),.PIECEWISE_BEZIER_KNOTS.);
#12274 = CARTESIAN_POINT('',(0.972912793184,1.565778041098,0.8200001));
#12275 = CARTESIAN_POINT('',(0.962501689969,1.577924335537,0.8200001));
#12276 = CARTESIAN_POINT('',(0.946885024114,1.585443464411,0.8200001));
#12277 = CARTESIAN_POINT('',(0.929533178067,1.585443464411,0.8200001));
#12278 = ORIENTED_EDGE('',*,*,#12279,.T.);
#12279 = EDGE_CURVE('',#12271,#12280,#12282,.T.);
#12280 = VERTEX_POINT('',#12281);
#12281 = CARTESIAN_POINT('',(0.87516406266,1.547269400902,0.8200001));
#12282 = B_SPLINE_CURVE_WITH_KNOTS('',3,(#12283,#12284,#12285,#12286),
  .UNSPECIFIED.,.F.,.F.,(4,4),(16.,17.),.PIECEWISE_BEZIER_KNOTS.);
#12283 = CARTESIAN_POINT('',(0.929533178067,1.585443464411,0.8200001));
#12284 = CARTESIAN_POINT('',(0.904662192114,1.585443464411,0.8200001));
#12285 = CARTESIAN_POINT('',(0.883261588609,1.569248412514,0.8200001));
#12286 = CARTESIAN_POINT('',(0.87516406266,1.547269400902,0.8200001));
#12287 = ORIENTED_EDGE('',*,*,#12288,.T.);
#12288 = EDGE_CURVE('',#12280,#12289,#12291,.T.);
#12289 = VERTEX_POINT('',#12290);
#12290 = CARTESIAN_POINT('',(0.840460370566,1.600481733191,0.8200001));
#12291 = B_SPLINE_CURVE_WITH_KNOTS('',3,(#12292,#12293,#12294,#12295),
  .UNSPECIFIED.,.F.,.F.,(4,4),(17.,18.),.PIECEWISE_BEZIER_KNOTS.);
#12292 = CARTESIAN_POINT('',(0.87516406266,1.547269400902,0.8200001));
#12293 = CARTESIAN_POINT('',(0.854920242272,1.556523720999,0.8200001));
#12294 = CARTESIAN_POINT('',(0.840460370566,1.576767541387,0.8200001));
#12295 = CARTESIAN_POINT('',(0.840460370566,1.600481733191,0.8200001));
#12296 = ORIENTED_EDGE('',*,*,#12297,.T.);
#12297 = EDGE_CURVE('',#12289,#12298,#12300,.T.);
#12298 = VERTEX_POINT('',#12299);
#12299 = CARTESIAN_POINT('',(0.898299857389,1.658321220014,0.8200001));
#12300 = B_SPLINE_CURVE_WITH_KNOTS('',3,(#12301,#12302,#12303,#12304),
  .UNSPECIFIED.,.F.,.F.,(4,4),(18.,19.),.PIECEWISE_BEZIER_KNOTS.);
#12301 = CARTESIAN_POINT('',(0.840460370566,1.600481733191,0.8200001));
#12302 = CARTESIAN_POINT('',(0.840460370566,1.632293450944,0.8200001));
#12303 = CARTESIAN_POINT('',(0.866488139636,1.658321220014,0.8200001));
#12304 = CARTESIAN_POINT('',(0.898299857389,1.658321220014,0.8200001));
#12305 = ORIENTED_EDGE('',*,*,#12306,.T.);
#12306 = EDGE_CURVE('',#12298,#12307,#12309,.T.);
#12307 = VERTEX_POINT('',#12308);
#12308 = CARTESIAN_POINT('',(0.928954780992,1.64964529699,0.8200001));
#12309 = B_SPLINE_CURVE_WITH_KNOTS('',3,(#12310,#12311,#12312,#12313),
  .UNSPECIFIED.,.F.,.F.,(4,4),(19.,20.),.PIECEWISE_BEZIER_KNOTS.);
#12310 = CARTESIAN_POINT('',(0.898299857389,1.658321220014,0.8200001));
#12311 = CARTESIAN_POINT('',(0.909289357679,1.658321220014,0.8200001));
#12312 = CARTESIAN_POINT('',(0.920278857969,1.654850848599,0.8200001));
#12313 = CARTESIAN_POINT('',(0.928954780992,1.64964529699,0.8200001));
#12314 = ORIENTED_EDGE('',*,*,#12315,.T.);
#12315 = EDGE_CURVE('',#12307,#12316,#12318,.T.);
#12316 = VERTEX_POINT('',#12317);
#12317 = CARTESIAN_POINT('',(1.006459680097,1.705171173451,0.8200001));
#12318 = B_SPLINE_CURVE_WITH_KNOTS('',3,(#12319,#12320,#12321,#12322),
  .UNSPECIFIED.,.F.,.F.,(4,4),(20.,21.),.PIECEWISE_BEZIER_KNOTS.);
#12319 = CARTESIAN_POINT('',(0.928954780992,1.64964529699,0.8200001));
#12320 = CARTESIAN_POINT('',(0.93994427025,1.682035378722,0.8200001));
#12321 = CARTESIAN_POINT('',(0.970020807811,1.705171173451,0.8200001));
#12322 = CARTESIAN_POINT('',(1.006459680097,1.705171173451,0.8200001));
#12323 = ORIENTED_EDGE('',*,*,#12324,.T.);
#12324 = EDGE_CURVE('',#12316,#12325,#12327,.T.);
#12325 = VERTEX_POINT('',#12326);
#12326 = CARTESIAN_POINT('',(1.087434961649,1.632871814923,0.8200001));
#12327 = B_SPLINE_CURVE_WITH_KNOTS('',3,(#12328,#12329,#12330,#12331),
  .UNSPECIFIED.,.F.,.F.,(4,4),(21.,22.),.PIECEWISE_BEZIER_KNOTS.);
#12328 = CARTESIAN_POINT('',(1.006459680097,1.705171173451,0.8200001));
#12329 = CARTESIAN_POINT('',(1.048104115022,1.705171173451,0.8200001));
#12330 = CARTESIAN_POINT('',(1.082807807116,1.673359455698,0.8200001));
#12331 = CARTESIAN_POINT('',(1.087434961649,1.632871814923,0.8200001));
#12332 = ORIENTED_EDGE('',*,*,#12333,.T.);
#12333 = EDGE_CURVE('',#12325,#12334,#12336,.T.);
#12334 = VERTEX_POINT('',#12335);
#12335 = CARTESIAN_POINT('',(1.092062116182,1.632871814923,0.8200001));
#12336 = B_SPLINE_CURVE_WITH_KNOTS('',3,(#12337,#12338,#12339,#12340),
  .UNSPECIFIED.,.F.,.F.,(4,4),(22.,23.),.PIECEWISE_BEZIER_KNOTS.);
#12337 = CARTESIAN_POINT('',(1.087434961649,1.632871814923,0.8200001));
#12338 = CARTESIAN_POINT('',(1.089170141841,1.632871814923,0.8200001));
#12339 = CARTESIAN_POINT('',(1.09032693599,1.632871814923,0.8200001));
#12340 = CARTESIAN_POINT('',(1.092062116182,1.632871814923,0.8200001));
#12341 = ORIENTED_EDGE('',*,*,#12342,.T.);
#12342 = EDGE_CURVE('',#12334,#12343,#12345,.T.);
#12343 = VERTEX_POINT('',#12344);
#12344 = CARTESIAN_POINT('',(1.137176911491,1.587757019614,0.8200001));
#12345 = B_SPLINE_CURVE_WITH_KNOTS('',3,(#12346,#12347,#12348,#12349),
  .UNSPECIFIED.,.F.,.F.,(4,4),(23.,24.),.PIECEWISE_BEZIER_KNOTS.);
#12346 = CARTESIAN_POINT('',(1.092062116182,1.632871814923,0.8200001));
#12347 = CARTESIAN_POINT('',(1.116933091103,1.632871814923,0.8200001));
#12348 = CARTESIAN_POINT('',(1.137176911491,1.612627994535,0.8200001));
#12349 = CARTESIAN_POINT('',(1.137176911491,1.587757019614,0.8200001));
#12350 = ORIENTED_EDGE('',*,*,#12351,.T.);
#12351 = EDGE_CURVE('',#12343,#12352,#12354,.T.);
#12352 = VERTEX_POINT('',#12353);
#12353 = CARTESIAN_POINT('',(1.095532476566,1.542642224305,0.8200001));
#12354 = B_SPLINE_CURVE_WITH_KNOTS('',3,(#12355,#12356,#12357,#12358),
  .UNSPECIFIED.,.F.,.F.,(4,4),(24.,25.),.PIECEWISE_BEZIER_KNOTS.);
#12355 = CARTESIAN_POINT('',(1.137176911491,1.587757019614,0.8200001));
#12356 = CARTESIAN_POINT('',(1.137176911491,1.564042827809,0.8200001));
#12357 = CARTESIAN_POINT('',(1.119246679401,1.544377404497,0.8200001));
#12358 = CARTESIAN_POINT('',(1.095532476566,1.542642224305,0.8200001));
#12359 = ORIENTED_EDGE('',*,*,#12360,.T.);
#12360 = EDGE_CURVE('',#12352,#12361,#12363,.T.);
#12361 = VERTEX_POINT('',#12362);
#12362 = CARTESIAN_POINT('',(1.069504707495,1.542642224305,0.8200001));
#12363 = B_SPLINE_CURVE_WITH_KNOTS('',1,(#12364,#12365),.UNSPECIFIED.,
  .F.,.F.,(2,2),(0.,2.602776907033E-02),.PIECEWISE_BEZIER_KNOTS.);
#12364 = CARTESIAN_POINT('',(1.095532476566,1.542642224305,0.8200001));
#12365 = CARTESIAN_POINT('',(1.069504707495,1.542642224305,0.8200001));
#12366 = ORIENTED_EDGE('',*,*,#12367,.T.);
#12367 = EDGE_CURVE('',#12361,#12368,#12370,.T.);
#12368 = VERTEX_POINT('',#12369);
#12369 = CARTESIAN_POINT('',(1.066034347112,1.543220610347,0.8200001));
#12370 = B_SPLINE_CURVE_WITH_KNOTS('',3,(#12371,#12372,#12373,#12374),
  .UNSPECIFIED.,.F.,.F.,(4,4),(26.,27.),.PIECEWISE_BEZIER_KNOTS.);
#12371 = CARTESIAN_POINT('',(1.069504707495,1.542642224305,0.8200001));
#12372 = CARTESIAN_POINT('',(1.068347913346,1.542642224305,0.8200001));
#12373 = CARTESIAN_POINT('',(1.067191119197,1.543220610347,0.8200001));
#12374 = CARTESIAN_POINT('',(1.066034347112,1.543220610347,0.8200001));
#12375 = ORIENTED_EDGE('',*,*,#12376,.T.);
#12376 = EDGE_CURVE('',#12368,#12377,#12379,.T.);
#12377 = VERTEX_POINT('',#12378);
#12378 = CARTESIAN_POINT('',(1.048104115022,1.525290378258,0.8200001));
#12379 = B_SPLINE_CURVE_WITH_KNOTS('',3,(#12380,#12381,#12382,#12383),
  .UNSPECIFIED.,.F.,.F.,(4,4),(27.,28.),.PIECEWISE_BEZIER_KNOTS.);
#12380 = CARTESIAN_POINT('',(1.066034347112,1.543220610347,0.8200001));
#12381 = CARTESIAN_POINT('',(1.056201629939,1.543220610347,0.8200001));
#12382 = CARTESIAN_POINT('',(1.048104115022,1.535123073366,0.8200001));
#12383 = CARTESIAN_POINT('',(1.048104115022,1.525290378258,0.8200001));
#12384 = ORIENTED_EDGE('',*,*,#12385,.T.);
#12385 = EDGE_CURVE('',#12377,#12386,#12388,.T.);
#12386 = VERTEX_POINT('',#12387);
#12387 = CARTESIAN_POINT('',(1.064877575026,1.507360146168,0.8200001));
#12388 = B_SPLINE_CURVE_WITH_KNOTS('',3,(#12389,#12390,#12391,#12392),
  .UNSPECIFIED.,.F.,.F.,(4,4),(28.,29.),.PIECEWISE_BEZIER_KNOTS.);
#12389 = CARTESIAN_POINT('',(1.048104115022,1.525290378258,0.8200001));
#12390 = CARTESIAN_POINT('',(1.048104115022,1.516036069191,0.8200001));
#12391 = CARTESIAN_POINT('',(1.055623243896,1.50793853221,0.8200001));
#12392 = CARTESIAN_POINT('',(1.064877575026,1.507360146168,0.8200001));
#12393 = ORIENTED_EDGE('',*,*,#12394,.T.);
#12394 = EDGE_CURVE('',#12386,#12395,#12397,.T.);
#12395 = VERTEX_POINT('',#12396);
#12396 = CARTESIAN_POINT('',(1.099002859014,1.507360146168,0.8200001));
#12397 = B_SPLINE_CURVE_WITH_KNOTS('',1,(#12398,#12399),.UNSPECIFIED.,
  .F.,.F.,(2,2),(0.,3.412528398727E-02),.PIECEWISE_BEZIER_KNOTS.);
#12398 = CARTESIAN_POINT('',(1.064877575026,1.507360146168,0.8200001));
#12399 = CARTESIAN_POINT('',(1.099002859014,1.507360146168,0.8200001));
#12400 = ORIENTED_EDGE('',*,*,#12401,.T.);
#12401 = EDGE_CURVE('',#12395,#12402,#12404,.T.);
#12402 = VERTEX_POINT('',#12403);
#12403 = CARTESIAN_POINT('',(1.151636783196,1.533387915238,0.8200001));
#12404 = B_SPLINE_CURVE_WITH_KNOTS('',3,(#12405,#12406,#12407,#12408),
  .UNSPECIFIED.,.F.,.F.,(4,4),(33.,34.),.PIECEWISE_BEZIER_KNOTS.);
#12405 = CARTESIAN_POINT('',(1.099002859014,1.507360146168,0.8200001));
#12406 = CARTESIAN_POINT('',(1.119246679401,1.50909532636,0.8200001));
#12407 = CARTESIAN_POINT('',(1.137755319598,1.51834965749,0.8200001));
#12408 = CARTESIAN_POINT('',(1.151636783196,1.533387915238,0.8200001));
#12409 = ORIENTED_EDGE('',*,*,#12410,.T.);
#12410 = EDGE_CURVE('',#12402,#12131,#12411,.T.);
#12411 = B_SPLINE_CURVE_WITH_KNOTS('',3,(#12412,#12413,#12414,#12415),
  .UNSPECIFIED.,.F.,.F.,(4,4),(34.,35.),.PIECEWISE_BEZIER_KNOTS.);
#12412 = CARTESIAN_POINT('',(1.151636783196,1.533387915238,0.8200001));
#12413 = CARTESIAN_POINT('',(1.16551826886,1.548426172987,0.8200001));
#12414 = CARTESIAN_POINT('',(1.173037397734,1.568091607332,0.8200001));
#12415 = CARTESIAN_POINT('',(1.173037397734,1.58833542772,0.8200001));
#12416 = FACE_BOUND('',#12417,.T.);
#12417 = EDGE_LOOP('',(#12418,#12432));
#12418 = ORIENTED_EDGE('',*,*,#12419,.F.);
#12419 = EDGE_CURVE('',#12420,#12422,#12424,.T.);
#12420 = VERTEX_POINT('',#12421);
#12421 = CARTESIAN_POINT('',(0.92895476996,1.503889741656,0.8200001));
#12422 = VERTEX_POINT('',#12423);
#12423 = CARTESIAN_POINT('',(0.92895476996,1.549004559029,0.8200001));
#12424 = B_SPLINE_CURVE_WITH_KNOTS('',3,(#12425,#12426,#12427,#12428,
    #12429,#12430,#12431),.UNSPECIFIED.,.F.,.F.,(4,3,4),(0.,1.,2.),
  .PIECEWISE_BEZIER_KNOTS.);
#12425 = CARTESIAN_POINT('',(0.92895476996,1.503889741656,0.8200001));
#12426 = CARTESIAN_POINT('',(0.941679450442,1.503889741656,0.8200001));
#12427 = CARTESIAN_POINT('',(0.951512167615,1.514300866935,0.8200001));
#12428 = CARTESIAN_POINT('',(0.951512167615,1.526447150343,0.8200001));
#12429 = CARTESIAN_POINT('',(0.951512167615,1.539171841856,0.8200001));
#12430 = CARTESIAN_POINT('',(0.9411010644,1.549004559029,0.8200001));
#12431 = CARTESIAN_POINT('',(0.92895476996,1.549004559029,0.8200001));
#12432 = ORIENTED_EDGE('',*,*,#12433,.F.);
#12433 = EDGE_CURVE('',#12422,#12420,#12434,.T.);
#12434 = B_SPLINE_CURVE_WITH_KNOTS('',3,(#12435,#12436,#12437,#12438,
    #12439,#12440),.UNSPECIFIED.,.F.,.F.,(4,2,4),(2.,3.,4.),
  .UNSPECIFIED.);
#12435 = CARTESIAN_POINT('',(0.92895476996,1.549004559029,0.8200001));
#12436 = CARTESIAN_POINT('',(0.916808475521,1.549004559029,0.8200001));
#12437 = CARTESIAN_POINT('',(0.906397372306,1.539171841856,0.8200001));
#12438 = CARTESIAN_POINT('',(0.906397372306,1.513722458829,0.8200001));
#12439 = CARTESIAN_POINT('',(0.916808475521,1.503889741656,0.8200001));
#12440 = CARTESIAN_POINT('',(0.92895476996,1.503889741656,0.8200001));
#12441 = B_SPLINE_SURFACE_WITH_KNOTS('',1,1,(
    (#12442,#12443)
    ,(#12444,#12445
    )),.UNSPECIFIED.,.F.,.F.,.F.,(2,2),(2,2),(-1.648425043503E-02,
    0.352531671082),(-0.166143900525,0.104544871329),
  .PIECEWISE_BEZIER_KNOTS.);
#12442 = CARTESIAN_POINT('',(1.173037397734,1.46918609369,0.8200001));
#12443 = CARTESIAN_POINT('',(1.173037397734,1.739874865545,0.8200001));
#12444 = CARTESIAN_POINT('',(0.804021476216,1.46918609369,0.8200001));
#12445 = CARTESIAN_POINT('',(0.804021476216,1.739874865545,0.8200001));
#12446 = ADVANCED_FACE('',(#12447),#12461,.F.);
#12447 = FACE_BOUND('',#12448,.F.);
#12448 = EDGE_LOOP('',(#12449,#12454,#12455,#12460));
#12449 = ORIENTED_EDGE('',*,*,#12450,.F.);
#12450 = EDGE_CURVE('',#12131,#1191,#12451,.T.);
#12451 = B_SPLINE_CURVE_WITH_KNOTS('',1,(#12452,#12453),.UNSPECIFIED.,
  .F.,.F.,(2,2),(-0.,1.E-02),.PIECEWISE_BEZIER_KNOTS.);
#12452 = CARTESIAN_POINT('',(1.173037397734,1.58833542772,0.8200001));
#12453 = CARTESIAN_POINT('',(1.173037397734,1.58833542772,0.8100001));
#12454 = ORIENTED_EDGE('',*,*,#12130,.T.);
#12455 = ORIENTED_EDGE('',*,*,#12456,.T.);
#12456 = EDGE_CURVE('',#12133,#1193,#12457,.T.);
#12457 = B_SPLINE_CURVE_WITH_KNOTS('',1,(#12458,#12459),.UNSPECIFIED.,
  .F.,.F.,(2,2),(-0.,1.E-02),.PIECEWISE_BEZIER_KNOTS.);
#12458 = CARTESIAN_POINT('',(1.115776319018,1.664105135601,0.8200001));
#12459 = CARTESIAN_POINT('',(1.115776319018,1.664105135601,0.8100001));
#12460 = ORIENTED_EDGE('',*,*,#1190,.F.);
#12461 = B_SPLINE_SURFACE_WITH_KNOTS('',3,1,(
    (#12462,#12463)
    ,(#12464,#12465)
    ,(#12466,#12467)
    ,(#12468,#12469
    )),.UNSPECIFIED.,.F.,.F.,.F.,(4,4),(2,2),(35.,36.),(0.,1.),
  .PIECEWISE_BEZIER_KNOTS.);
#12462 = CARTESIAN_POINT('',(1.173037397734,1.58833542772,0.8200001));
#12463 = CARTESIAN_POINT('',(1.173037397734,1.58833542772,0.8100001));
#12464 = CARTESIAN_POINT('',(1.172459011691,1.62303909775,0.8200001));
#12465 = CARTESIAN_POINT('',(1.172459011691,1.62303909775,0.8100001));
#12466 = CARTESIAN_POINT('',(1.148744808855,1.653694032385,0.8200001));
#12467 = CARTESIAN_POINT('',(1.148744808855,1.653694032385,0.8100001));
#12468 = CARTESIAN_POINT('',(1.115776319018,1.664105135601,0.8200001));
#12469 = CARTESIAN_POINT('',(1.115776319018,1.664105135601,0.8100001));
#12470 = ADVANCED_FACE('',(#12471),#12481,.F.);
#12471 = FACE_BOUND('',#12472,.F.);
#12472 = EDGE_LOOP('',(#12473,#12474,#12475,#12480));
#12473 = ORIENTED_EDGE('',*,*,#12456,.F.);
#12474 = ORIENTED_EDGE('',*,*,#12141,.T.);
#12475 = ORIENTED_EDGE('',*,*,#12476,.T.);
#12476 = EDGE_CURVE('',#12142,#1462,#12477,.T.);
#12477 = B_SPLINE_CURVE_WITH_KNOTS('',1,(#12478,#12479),.UNSPECIFIED.,
  .F.,.F.,(2,2),(-0.,1.E-02),.PIECEWISE_BEZIER_KNOTS.);
#12478 = CARTESIAN_POINT('',(1.084542987308,1.709798330742,0.8200001));
#12479 = CARTESIAN_POINT('',(1.084542987308,1.709798330742,0.8100001));
#12480 = ORIENTED_EDGE('',*,*,#1470,.F.);
#12481 = B_SPLINE_SURFACE_WITH_KNOTS('',3,1,(
    (#12482,#12483)
    ,(#12484,#12485)
    ,(#12486,#12487)
    ,(#12488,#12489
    )),.UNSPECIFIED.,.F.,.F.,.F.,(4,4),(2,2),(0.,1.),(0.,1.),
  .PIECEWISE_BEZIER_KNOTS.);
#12482 = CARTESIAN_POINT('',(1.115776319018,1.664105135601,0.8200001));
#12483 = CARTESIAN_POINT('',(1.115776319018,1.664105135601,0.8100001));
#12484 = CARTESIAN_POINT('',(1.109413984293,1.681456981647,0.8200001));
#12485 = CARTESIAN_POINT('',(1.109413984293,1.681456981647,0.8100001));
#12486 = CARTESIAN_POINT('',(1.098424472971,1.697073641986,0.8200001));
#12487 = CARTESIAN_POINT('',(1.098424472971,1.697073641986,0.8100001));
#12488 = CARTESIAN_POINT('',(1.084542987308,1.709798330742,0.8200001));
#12489 = CARTESIAN_POINT('',(1.084542987308,1.709798330742,0.8100001));
#12490 = ADVANCED_FACE('',(#12491),#12501,.F.);
#12491 = FACE_BOUND('',#12492,.F.);
#12492 = EDGE_LOOP('',(#12493,#12494,#12495,#12500));
#12493 = ORIENTED_EDGE('',*,*,#12476,.F.);
#12494 = ORIENTED_EDGE('',*,*,#12150,.T.);
#12495 = ORIENTED_EDGE('',*,*,#12496,.T.);
#12496 = EDGE_CURVE('',#12151,#1453,#12497,.T.);
#12497 = B_SPLINE_CURVE_WITH_KNOTS('',1,(#12498,#12499),.UNSPECIFIED.,
  .F.,.F.,(2,2),(-0.,1.E-02),.PIECEWISE_BEZIER_KNOTS.);
#12498 = CARTESIAN_POINT('',(1.005881294054,1.739874865545,0.8200001));
#12499 = CARTESIAN_POINT('',(1.005881294054,1.739874865545,0.8100001));
#12500 = ORIENTED_EDGE('',*,*,#1461,.F.);
#12501 = B_SPLINE_SURFACE_WITH_KNOTS('',3,1,(
    (#12502,#12503)
    ,(#12504,#12505)
    ,(#12506,#12507)
    ,(#12508,#12509
    )),.UNSPECIFIED.,.F.,.F.,.F.,(4,4),(2,2),(1.,2.),(0.,1.),
  .PIECEWISE_BEZIER_KNOTS.);
#12502 = CARTESIAN_POINT('',(1.084542987308,1.709798330742,0.8200001));
#12503 = CARTESIAN_POINT('',(1.084542987308,1.709798330742,0.8100001));
#12504 = CARTESIAN_POINT('',(1.062563986728,1.728885363187,0.8200001));
#12505 = CARTESIAN_POINT('',(1.062563986728,1.728885363187,0.8100001));
#12506 = CARTESIAN_POINT('',(1.034801037465,1.739874865545,0.8200001));
#12507 = CARTESIAN_POINT('',(1.034801037465,1.739874865545,0.8100001));
#12508 = CARTESIAN_POINT('',(1.005881294054,1.739874865545,0.8200001));
#12509 = CARTESIAN_POINT('',(1.005881294054,1.739874865545,0.8100001));
#12510 = ADVANCED_FACE('',(#12511),#12521,.F.);
#12511 = FACE_BOUND('',#12512,.F.);
#12512 = EDGE_LOOP('',(#12513,#12514,#12515,#12520));
#12513 = ORIENTED_EDGE('',*,*,#12496,.F.);
#12514 = ORIENTED_EDGE('',*,*,#12159,.T.);
#12515 = ORIENTED_EDGE('',*,*,#12516,.T.);
#12516 = EDGE_CURVE('',#12160,#1444,#12517,.T.);
#12517 = B_SPLINE_CURVE_WITH_KNOTS('',1,(#12518,#12519),.UNSPECIFIED.,
  .F.,.F.,(2,2),(-0.,1.E-02),.PIECEWISE_BEZIER_KNOTS.);
#12518 = CARTESIAN_POINT('',(0.936473909866,1.717317465132,0.8200001));
#12519 = CARTESIAN_POINT('',(0.936473909866,1.717317465132,0.8100001));
#12520 = ORIENTED_EDGE('',*,*,#1452,.F.);
#12521 = B_SPLINE_SURFACE_WITH_KNOTS('',3,1,(
    (#12522,#12523)
    ,(#12524,#12525)
    ,(#12526,#12527)
    ,(#12528,#12529
    )),.UNSPECIFIED.,.F.,.F.,.F.,(4,4),(2,2),(2.,3.),(0.,1.),
  .PIECEWISE_BEZIER_KNOTS.);
#12522 = CARTESIAN_POINT('',(1.005881294054,1.739874865545,0.8200001));
#12523 = CARTESIAN_POINT('',(1.005881294054,1.739874865545,0.8100001));
#12524 = CARTESIAN_POINT('',(0.980431922058,1.739874865545,0.8200001));
#12525 = CARTESIAN_POINT('',(0.980431922058,1.739874865545,0.8100001));
#12526 = CARTESIAN_POINT('',(0.956717730255,1.731777337528,0.8200001));
#12527 = CARTESIAN_POINT('',(0.956717730255,1.731777337528,0.8100001));
#12528 = CARTESIAN_POINT('',(0.936473909866,1.717317465132,0.8200001));
#12529 = CARTESIAN_POINT('',(0.936473909866,1.717317465132,0.8100001));
#12530 = ADVANCED_FACE('',(#12531),#12541,.F.);
#12531 = FACE_BOUND('',#12532,.F.);
#12532 = EDGE_LOOP('',(#12533,#12534,#12535,#12540));
#12533 = ORIENTED_EDGE('',*,*,#12516,.F.);
#12534 = ORIENTED_EDGE('',*,*,#12168,.T.);
#12535 = ORIENTED_EDGE('',*,*,#12536,.T.);
#12536 = EDGE_CURVE('',#12169,#1435,#12537,.T.);
#12537 = B_SPLINE_CURVE_WITH_KNOTS('',1,(#12538,#12539),.UNSPECIFIED.,
  .F.,.F.,(2,2),(-0.,1.E-02),.PIECEWISE_BEZIER_KNOTS.);
#12538 = CARTESIAN_POINT('',(0.911024537871,1.691868090379,0.8200001));
#12539 = CARTESIAN_POINT('',(0.911024537871,1.691868090379,0.8100001));
#12540 = ORIENTED_EDGE('',*,*,#1443,.F.);
#12541 = B_SPLINE_SURFACE_WITH_KNOTS('',3,1,(
    (#12542,#12543)
    ,(#12544,#12545)
    ,(#12546,#12547)
    ,(#12548,#12549
    )),.UNSPECIFIED.,.F.,.F.,.F.,(4,4),(2,2),(3.,4.),(0.,1.),
  .PIECEWISE_BEZIER_KNOTS.);
#12542 = CARTESIAN_POINT('',(0.936473909866,1.717317465132,0.8200001));
#12543 = CARTESIAN_POINT('',(0.936473909866,1.717317465132,0.8100001));
#12544 = CARTESIAN_POINT('',(0.926641192694,1.710376725059,0.8200001));
#12545 = CARTESIAN_POINT('',(0.926641192694,1.710376725059,0.8100001));
#12546 = CARTESIAN_POINT('',(0.918543666745,1.701700802036,0.8200001));
#12547 = CARTESIAN_POINT('',(0.918543666745,1.701700802036,0.8100001));
#12548 = CARTESIAN_POINT('',(0.911024537871,1.691868090379,0.8200001));
#12549 = CARTESIAN_POINT('',(0.911024537871,1.691868090379,0.8100001));
#12550 = ADVANCED_FACE('',(#12551),#12561,.F.);
#12551 = FACE_BOUND('',#12552,.F.);
#12552 = EDGE_LOOP('',(#12553,#12554,#12555,#12560));
#12553 = ORIENTED_EDGE('',*,*,#12536,.F.);
#12554 = ORIENTED_EDGE('',*,*,#12177,.T.);
#12555 = ORIENTED_EDGE('',*,*,#12556,.T.);
#12556 = EDGE_CURVE('',#12178,#1426,#12557,.T.);
#12557 = B_SPLINE_CURVE_WITH_KNOTS('',1,(#12558,#12559),.UNSPECIFIED.,
  .F.,.F.,(2,2),(-0.,1.E-02),.PIECEWISE_BEZIER_KNOTS.);
#12558 = CARTESIAN_POINT('',(0.897721460314,1.693024879012,0.8200001));
#12559 = CARTESIAN_POINT('',(0.897721460314,1.693024879012,0.8100001));
#12560 = ORIENTED_EDGE('',*,*,#1434,.F.);
#12561 = B_SPLINE_SURFACE_WITH_KNOTS('',3,1,(
    (#12562,#12563)
    ,(#12564,#12565)
    ,(#12566,#12567)
    ,(#12568,#12569
    )),.UNSPECIFIED.,.F.,.F.,.F.,(4,4),(2,2),(4.,5.),(0.,1.),
  .PIECEWISE_BEZIER_KNOTS.);
#12562 = CARTESIAN_POINT('',(0.911024537871,1.691868090379,0.8200001));
#12563 = CARTESIAN_POINT('',(0.911024537871,1.691868090379,0.8100001));
#12564 = CARTESIAN_POINT('',(0.906397383338,1.692446487453,0.8200001));
#12565 = CARTESIAN_POINT('',(0.906397383338,1.692446487453,0.8100001));
#12566 = CARTESIAN_POINT('',(0.902348614847,1.693024879012,0.8200001));
#12567 = CARTESIAN_POINT('',(0.902348614847,1.693024879012,0.8100001));
#12568 = CARTESIAN_POINT('',(0.897721460314,1.693024879012,0.8200001));
#12569 = CARTESIAN_POINT('',(0.897721460314,1.693024879012,0.8100001));
#12570 = ADVANCED_FACE('',(#12571),#12581,.F.);
#12571 = FACE_BOUND('',#12572,.F.);
#12572 = EDGE_LOOP('',(#12573,#12574,#12575,#12580));
#12573 = ORIENTED_EDGE('',*,*,#12556,.F.);
#12574 = ORIENTED_EDGE('',*,*,#12186,.T.);
#12575 = ORIENTED_EDGE('',*,*,#12576,.T.);
#12576 = EDGE_CURVE('',#12187,#1417,#12577,.T.);
#12577 = B_SPLINE_CURVE_WITH_KNOTS('',1,(#12578,#12579),.UNSPECIFIED.,
  .F.,.F.,(2,2),(-0.,1.E-02),.PIECEWISE_BEZIER_KNOTS.);
#12578 = CARTESIAN_POINT('',(0.831206050468,1.665261924234,0.8200001));
#12579 = CARTESIAN_POINT('',(0.831206050468,1.665261924234,0.8100001));
#12580 = ORIENTED_EDGE('',*,*,#1425,.F.);
#12581 = B_SPLINE_SURFACE_WITH_KNOTS('',3,1,(
    (#12582,#12583)
    ,(#12584,#12585)
    ,(#12586,#12587)
    ,(#12588,#12589
    )),.UNSPECIFIED.,.F.,.F.,.F.,(4,4),(2,2),(5.,6.),(0.,1.),
  .PIECEWISE_BEZIER_KNOTS.);
#12582 = CARTESIAN_POINT('',(0.897721460314,1.693024879012,0.8200001));
#12583 = CARTESIAN_POINT('',(0.897721460314,1.693024879012,0.8100001));
#12584 = CARTESIAN_POINT('',(0.872850479877,1.693024879012,0.8200001));
#12585 = CARTESIAN_POINT('',(0.872850479877,1.693024879012,0.8100001));
#12586 = CARTESIAN_POINT('',(0.849136293589,1.683192167356,0.8200001));
#12587 = CARTESIAN_POINT('',(0.849136293589,1.683192167356,0.8100001));
#12588 = CARTESIAN_POINT('',(0.831206050468,1.665261924234,0.8200001));
#12589 = CARTESIAN_POINT('',(0.831206050468,1.665261924234,0.8100001));
#12590 = ADVANCED_FACE('',(#12591),#12601,.F.);
#12591 = FACE_BOUND('',#12592,.F.);
#12592 = EDGE_LOOP('',(#12593,#12594,#12595,#12600));
#12593 = ORIENTED_EDGE('',*,*,#12576,.F.);
#12594 = ORIENTED_EDGE('',*,*,#12195,.T.);
#12595 = ORIENTED_EDGE('',*,*,#12596,.T.);
#12596 = EDGE_CURVE('',#12196,#1408,#12597,.T.);
#12597 = B_SPLINE_CURVE_WITH_KNOTS('',1,(#12598,#12599),.UNSPECIFIED.,
  .F.,.F.,(2,2),(-0.,1.E-02),.PIECEWISE_BEZIER_KNOTS.);
#12598 = CARTESIAN_POINT('',(0.804021476216,1.599324916978,0.8200001));
#12599 = CARTESIAN_POINT('',(0.804021476216,1.599324916978,0.8100001));
#12600 = ORIENTED_EDGE('',*,*,#1416,.F.);
#12601 = B_SPLINE_SURFACE_WITH_KNOTS('',3,1,(
    (#12602,#12603)
    ,(#12604,#12605)
    ,(#12606,#12607)
    ,(#12608,#12609
    )),.UNSPECIFIED.,.F.,.F.,.F.,(4,4),(2,2),(6.,7.),(0.,1.),
  .PIECEWISE_BEZIER_KNOTS.);
#12602 = CARTESIAN_POINT('',(0.831206050468,1.665261924234,0.8200001));
#12603 = CARTESIAN_POINT('',(0.831206050468,1.665261924234,0.8100001));
#12604 = CARTESIAN_POINT('',(0.813854189252,1.647910083703,0.8200001));
#12605 = CARTESIAN_POINT('',(0.813854189252,1.647910083703,0.8100001));
#12606 = CARTESIAN_POINT('',(0.804021476216,1.624195891899,0.8200001));
#12607 = CARTESIAN_POINT('',(0.804021476216,1.624195891899,0.8100001));
#12608 = CARTESIAN_POINT('',(0.804021476216,1.599324916978,0.8200001));
#12609 = CARTESIAN_POINT('',(0.804021476216,1.599324916978,0.8100001));
#12610 = ADVANCED_FACE('',(#12611),#12621,.F.);
#12611 = FACE_BOUND('',#12612,.F.);
#12612 = EDGE_LOOP('',(#12613,#12614,#12615,#12620));
#12613 = ORIENTED_EDGE('',*,*,#12596,.F.);
#12614 = ORIENTED_EDGE('',*,*,#12204,.T.);
#12615 = ORIENTED_EDGE('',*,*,#12616,.T.);
#12616 = EDGE_CURVE('',#12205,#1399,#12617,.T.);
#12617 = B_SPLINE_CURVE_WITH_KNOTS('',1,(#12618,#12619),.UNSPECIFIED.,
  .F.,.F.,(2,2),(-0.,1.E-02),.PIECEWISE_BEZIER_KNOTS.);
#12618 = CARTESIAN_POINT('',(0.828314059579,1.536279889579,0.8200001));
#12619 = CARTESIAN_POINT('',(0.828314059579,1.536279889579,0.8100001));
#12620 = ORIENTED_EDGE('',*,*,#1407,.F.);
#12621 = B_SPLINE_SURFACE_WITH_KNOTS('',3,1,(
    (#12622,#12623)
    ,(#12624,#12625)
    ,(#12626,#12627)
    ,(#12628,#12629
    )),.UNSPECIFIED.,.F.,.F.,.F.,(4,4),(2,2),(7.,8.),(0.,1.),
  .PIECEWISE_BEZIER_KNOTS.);
#12622 = CARTESIAN_POINT('',(0.804021476216,1.599324916978,0.8200001));
#12623 = CARTESIAN_POINT('',(0.804021476216,1.599324916978,0.8100001));
#12624 = CARTESIAN_POINT('',(0.804021476216,1.576189122249,0.8200001));
#12625 = CARTESIAN_POINT('',(0.804021476216,1.576189122249,0.8100001));
#12626 = CARTESIAN_POINT('',(0.81269739924,1.553631713562,0.8200001));
#12627 = CARTESIAN_POINT('',(0.81269739924,1.553631713562,0.8100001));
#12628 = CARTESIAN_POINT('',(0.828314059579,1.536279889579,0.8200001));
#12629 = CARTESIAN_POINT('',(0.828314059579,1.536279889579,0.8100001));
#12630 = ADVANCED_FACE('',(#12631),#12641,.F.);
#12631 = FACE_BOUND('',#12632,.F.);
#12632 = EDGE_LOOP('',(#12633,#12634,#12635,#12640));
#12633 = ORIENTED_EDGE('',*,*,#12616,.F.);
#12634 = ORIENTED_EDGE('',*,*,#12213,.T.);
#12635 = ORIENTED_EDGE('',*,*,#12636,.T.);
#12636 = EDGE_CURVE('',#12214,#1390,#12637,.T.);
#12637 = B_SPLINE_CURVE_WITH_KNOTS('',1,(#12638,#12639),.UNSPECIFIED.,
  .F.,.F.,(2,2),(-0.,1.E-02),.PIECEWISE_BEZIER_KNOTS.);
#12638 = CARTESIAN_POINT('',(0.874585649037,1.508516940317,0.8200001));
#12639 = CARTESIAN_POINT('',(0.874585649037,1.508516940317,0.8100001));
#12640 = ORIENTED_EDGE('',*,*,#1398,.F.);
#12641 = B_SPLINE_SURFACE_WITH_KNOTS('',3,1,(
    (#12642,#12643)
    ,(#12644,#12645)
    ,(#12646,#12647)
    ,(#12648,#12649
    )),.UNSPECIFIED.,.F.,.F.,.F.,(4,4),(2,2),(8.,9.),(0.,1.),
  .PIECEWISE_BEZIER_KNOTS.);
#12642 = CARTESIAN_POINT('',(0.828314059579,1.536279889579,0.8200001));
#12643 = CARTESIAN_POINT('',(0.828314059579,1.536279889579,0.8100001));
#12644 = CARTESIAN_POINT('',(0.841038745577,1.522398403916,0.8200001));
#12645 = CARTESIAN_POINT('',(0.841038745577,1.522398403916,0.8100001));
#12646 = CARTESIAN_POINT('',(0.856655411432,1.51314409485,0.8200001));
#12647 = CARTESIAN_POINT('',(0.856655411432,1.51314409485,0.8100001));
#12648 = CARTESIAN_POINT('',(0.874585649037,1.508516940317,0.8200001));
#12649 = CARTESIAN_POINT('',(0.874585649037,1.508516940317,0.8100001));
#12650 = ADVANCED_FACE('',(#12651),#12661,.F.);
#12651 = FACE_BOUND('',#12652,.F.);
#12652 = EDGE_LOOP('',(#12653,#12654,#12655,#12660));
#12653 = ORIENTED_EDGE('',*,*,#12636,.F.);
#12654 = ORIENTED_EDGE('',*,*,#12222,.T.);
#12655 = ORIENTED_EDGE('',*,*,#12656,.T.);
#12656 = EDGE_CURVE('',#12223,#1381,#12657,.T.);
#12657 = B_SPLINE_CURVE_WITH_KNOTS('',1,(#12658,#12659),.UNSPECIFIED.,
  .F.,.F.,(2,2),(-0.,1.E-02),.PIECEWISE_BEZIER_KNOTS.);
#12658 = CARTESIAN_POINT('',(0.929533167035,1.46918609369,0.8200001));
#12659 = CARTESIAN_POINT('',(0.929533167035,1.46918609369,0.8100001));
#12660 = ORIENTED_EDGE('',*,*,#1389,.F.);
#12661 = B_SPLINE_SURFACE_WITH_KNOTS('',3,1,(
    (#12662,#12663)
    ,(#12664,#12665)
    ,(#12666,#12667)
    ,(#12668,#12669
    )),.UNSPECIFIED.,.F.,.F.,.F.,(4,4),(2,2),(9.,10.),(0.,1.),
  .PIECEWISE_BEZIER_KNOTS.);
#12662 = CARTESIAN_POINT('',(0.874585649037,1.508516940317,0.8200001));
#12663 = CARTESIAN_POINT('',(0.874585649037,1.508516940317,0.8100001));
#12664 = CARTESIAN_POINT('',(0.882104783427,1.485381145588,0.8200001));
#12665 = CARTESIAN_POINT('',(0.882104783427,1.485381145588,0.8100001));
#12666 = CARTESIAN_POINT('',(0.904083784007,1.46918609369,0.8200001));
#12667 = CARTESIAN_POINT('',(0.904083784007,1.46918609369,0.8100001));
#12668 = CARTESIAN_POINT('',(0.929533167035,1.46918609369,0.8200001));
#12669 = CARTESIAN_POINT('',(0.929533167035,1.46918609369,0.8100001));
#12670 = ADVANCED_FACE('',(#12671),#12681,.F.);
#12671 = FACE_BOUND('',#12672,.F.);
#12672 = EDGE_LOOP('',(#12673,#12674,#12675,#12680));
#12673 = ORIENTED_EDGE('',*,*,#12656,.F.);
#12674 = ORIENTED_EDGE('',*,*,#12231,.T.);
#12675 = ORIENTED_EDGE('',*,*,#12676,.T.);
#12676 = EDGE_CURVE('',#12232,#1372,#12677,.T.);
#12677 = B_SPLINE_CURVE_WITH_KNOTS('',1,(#12678,#12679),.UNSPECIFIED.,
  .F.,.F.,(2,2),(-0.,1.E-02),.PIECEWISE_BEZIER_KNOTS.);
#12678 = CARTESIAN_POINT('',(0.987372653858,1.527025580513,0.8200001));
#12679 = CARTESIAN_POINT('',(0.987372653858,1.527025580513,0.8100001));
#12680 = ORIENTED_EDGE('',*,*,#1380,.F.);
#12681 = B_SPLINE_SURFACE_WITH_KNOTS('',3,1,(
    (#12682,#12683)
    ,(#12684,#12685)
    ,(#12686,#12687)
    ,(#12688,#12689
    )),.UNSPECIFIED.,.F.,.F.,.F.,(4,4),(2,2),(10.,11.),(0.,1.),
  .PIECEWISE_BEZIER_KNOTS.);
#12682 = CARTESIAN_POINT('',(0.929533167035,1.46918609369,0.8200001));
#12683 = CARTESIAN_POINT('',(0.929533167035,1.46918609369,0.8100001));
#12684 = CARTESIAN_POINT('',(0.961344884787,1.46918609369,0.8200001));
#12685 = CARTESIAN_POINT('',(0.961344884787,1.46918609369,0.8100001));
#12686 = CARTESIAN_POINT('',(0.987372653858,1.49521386276,0.8200001));
#12687 = CARTESIAN_POINT('',(0.987372653858,1.49521386276,0.8100001));
#12688 = CARTESIAN_POINT('',(0.987372653858,1.527025580513,0.8200001));
#12689 = CARTESIAN_POINT('',(0.987372653858,1.527025580513,0.8100001));
#12690 = ADVANCED_FACE('',(#12691),#12701,.F.);
#12691 = FACE_BOUND('',#12692,.T.);
#12692 = EDGE_LOOP('',(#12693,#12694,#12699,#12700));
#12693 = ORIENTED_EDGE('',*,*,#1371,.T.);
#12694 = ORIENTED_EDGE('',*,*,#12695,.F.);
#12695 = EDGE_CURVE('',#12241,#1365,#12696,.T.);
#12696 = B_SPLINE_CURVE_WITH_KNOTS('',1,(#12697,#12698),.UNSPECIFIED.,
  .F.,.F.,(2,2),(-0.,1.E-02),.PIECEWISE_BEZIER_KNOTS.);
#12697 = CARTESIAN_POINT('',(0.987372653858,1.532809529196,0.8200001));
#12698 = CARTESIAN_POINT('',(0.987372653858,1.532809529196,0.8100001));
#12699 = ORIENTED_EDGE('',*,*,#12240,.F.);
#12700 = ORIENTED_EDGE('',*,*,#12676,.T.);
#12701 = B_SPLINE_SURFACE_WITH_KNOTS('',1,1,(
    (#12702,#12703)
    ,(#12704,#12705
  )),.UNSPECIFIED.,.F.,.F.,.F.,(2,2),(2,2),(-1.E-02,0.),(0.,
    5.783948682666E-03),.PIECEWISE_BEZIER_KNOTS.);
#12702 = CARTESIAN_POINT('',(0.987372653858,1.527025580513,0.8100001));
#12703 = CARTESIAN_POINT('',(0.987372653858,1.532809529196,0.8100001));
#12704 = CARTESIAN_POINT('',(0.987372653858,1.527025580513,0.8200001));
#12705 = CARTESIAN_POINT('',(0.987372653858,1.532809529196,0.8200001));
#12706 = ADVANCED_FACE('',(#12707),#12717,.F.);
#12707 = FACE_BOUND('',#12708,.T.);
#12708 = EDGE_LOOP('',(#12709,#12710,#12715,#12716));
#12709 = ORIENTED_EDGE('',*,*,#1364,.T.);
#12710 = ORIENTED_EDGE('',*,*,#12711,.F.);
#12711 = EDGE_CURVE('',#12250,#1358,#12712,.T.);
#12712 = B_SPLINE_CURVE_WITH_KNOTS('',1,(#12713,#12714),.UNSPECIFIED.,
  .F.,.F.,(2,2),(-0.,1.E-02),.PIECEWISE_BEZIER_KNOTS.);
#12713 = CARTESIAN_POINT('',(1.06834793541,1.575610747238,0.8200001));
#12714 = CARTESIAN_POINT('',(1.06834793541,1.575610747238,0.8100001));
#12715 = ORIENTED_EDGE('',*,*,#12249,.F.);
#12716 = ORIENTED_EDGE('',*,*,#12695,.T.);
#12717 = B_SPLINE_SURFACE_WITH_KNOTS('',1,1,(
    (#12718,#12719)
    ,(#12720,#12721
    )),.UNSPECIFIED.,.F.,.F.,.F.,(2,2),(2,2),(-9.159115944431E-02,
    1.037630663069E-16),(-1.E-02,0.),.PIECEWISE_BEZIER_KNOTS.);
#12718 = CARTESIAN_POINT('',(1.06834793541,1.575610747238,0.8100001));
#12719 = CARTESIAN_POINT('',(1.06834793541,1.575610747238,0.8200001));
#12720 = CARTESIAN_POINT('',(0.987372653858,1.532809529196,0.8100001));
#12721 = CARTESIAN_POINT('',(0.987372653858,1.532809529196,0.8200001));
#12722 = ADVANCED_FACE('',(#12723),#12733,.F.);
#12723 = FACE_BOUND('',#12724,.T.);
#12724 = EDGE_LOOP('',(#12725,#12726,#12731,#12732));
#12725 = ORIENTED_EDGE('',*,*,#1357,.T.);
#12726 = ORIENTED_EDGE('',*,*,#12727,.F.);
#12727 = EDGE_CURVE('',#12257,#1351,#12728,.T.);
#12728 = B_SPLINE_CURVE_WITH_KNOTS('',1,(#12729,#12730),.UNSPECIFIED.,
  .F.,.F.,(2,2),(-0.,1.E-02),.PIECEWISE_BEZIER_KNOTS.);
#12729 = CARTESIAN_POINT('',(1.05041770332,1.606265681873,0.8200001));
#12730 = CARTESIAN_POINT('',(1.05041770332,1.606265681873,0.8100001));
#12731 = ORIENTED_EDGE('',*,*,#12256,.F.);
#12732 = ORIENTED_EDGE('',*,*,#12711,.T.);
#12733 = B_SPLINE_SURFACE_WITH_KNOTS('',1,1,(
    (#12734,#12735)
    ,(#12736,#12737
    )),.UNSPECIFIED.,.F.,.F.,.F.,(2,2),(2,2),(-3.551363456865E-02,0.),(
    -1.E-02,0.),.PIECEWISE_BEZIER_KNOTS.);
#12734 = CARTESIAN_POINT('',(1.05041770332,1.606265681873,0.8100001));
#12735 = CARTESIAN_POINT('',(1.05041770332,1.606265681873,0.8200001));
#12736 = CARTESIAN_POINT('',(1.06834793541,1.575610747238,0.8100001));
#12737 = CARTESIAN_POINT('',(1.06834793541,1.575610747238,0.8200001));
#12738 = ADVANCED_FACE('',(#12739),#12749,.F.);
#12739 = FACE_BOUND('',#12740,.T.);
#12740 = EDGE_LOOP('',(#12741,#12742,#12747,#12748));
#12741 = ORIENTED_EDGE('',*,*,#1350,.T.);
#12742 = ORIENTED_EDGE('',*,*,#12743,.F.);
#12743 = EDGE_CURVE('',#12264,#1342,#12744,.T.);
#12744 = B_SPLINE_CURVE_WITH_KNOTS('',1,(#12745,#12746),.UNSPECIFIED.,
  .F.,.F.,(2,2),(-0.,1.E-02),.PIECEWISE_BEZIER_KNOTS.);
#12745 = CARTESIAN_POINT('',(0.972912793184,1.565778041098,0.8200001));
#12746 = CARTESIAN_POINT('',(0.972912793184,1.565778041098,0.8100001));
#12747 = ORIENTED_EDGE('',*,*,#12263,.F.);
#12748 = ORIENTED_EDGE('',*,*,#12727,.T.);
#12749 = B_SPLINE_SURFACE_WITH_KNOTS('',1,1,(
    (#12750,#12751)
    ,(#12752,#12753
    )),.UNSPECIFIED.,.F.,.F.,.F.,(2,2),(2,2),(-8.744289651436E-02,0.),(
    -1.E-02,0.),.PIECEWISE_BEZIER_KNOTS.);
#12750 = CARTESIAN_POINT('',(0.972912793184,1.565778041098,0.8100001));
#12751 = CARTESIAN_POINT('',(0.972912793184,1.565778041098,0.8200001));
#12752 = CARTESIAN_POINT('',(1.05041770332,1.606265681873,0.8100001));
#12753 = CARTESIAN_POINT('',(1.05041770332,1.606265681873,0.8200001));
#12754 = ADVANCED_FACE('',(#12755),#12765,.F.);
#12755 = FACE_BOUND('',#12756,.F.);
#12756 = EDGE_LOOP('',(#12757,#12758,#12759,#12764));
#12757 = ORIENTED_EDGE('',*,*,#12743,.F.);
#12758 = ORIENTED_EDGE('',*,*,#12270,.T.);
#12759 = ORIENTED_EDGE('',*,*,#12760,.T.);
#12760 = EDGE_CURVE('',#12271,#1333,#12761,.T.);
#12761 = B_SPLINE_CURVE_WITH_KNOTS('',1,(#12762,#12763),.UNSPECIFIED.,
  .F.,.F.,(2,2),(-0.,1.E-02),.PIECEWISE_BEZIER_KNOTS.);
#12762 = CARTESIAN_POINT('',(0.929533178067,1.585443464411,0.8200001));
#12763 = CARTESIAN_POINT('',(0.929533178067,1.585443464411,0.8100001));
#12764 = ORIENTED_EDGE('',*,*,#1341,.F.);
#12765 = B_SPLINE_SURFACE_WITH_KNOTS('',3,1,(
    (#12766,#12767)
    ,(#12768,#12769)
    ,(#12770,#12771)
    ,(#12772,#12773
    )),.UNSPECIFIED.,.F.,.F.,.F.,(4,4),(2,2),(15.,16.),(0.,1.),
  .PIECEWISE_BEZIER_KNOTS.);
#12766 = CARTESIAN_POINT('',(0.972912793184,1.565778041098,0.8200001));
#12767 = CARTESIAN_POINT('',(0.972912793184,1.565778041098,0.8100001));
#12768 = CARTESIAN_POINT('',(0.962501689969,1.577924335537,0.8200001));
#12769 = CARTESIAN_POINT('',(0.962501689969,1.577924335537,0.8100001));
#12770 = CARTESIAN_POINT('',(0.946885024114,1.585443464411,0.8200001));
#12771 = CARTESIAN_POINT('',(0.946885024114,1.585443464411,0.8100001));
#12772 = CARTESIAN_POINT('',(0.929533178067,1.585443464411,0.8200001));
#12773 = CARTESIAN_POINT('',(0.929533178067,1.585443464411,0.8100001));
#12774 = ADVANCED_FACE('',(#12775),#12785,.F.);
#12775 = FACE_BOUND('',#12776,.F.);
#12776 = EDGE_LOOP('',(#12777,#12778,#12779,#12784));
#12777 = ORIENTED_EDGE('',*,*,#12760,.F.);
#12778 = ORIENTED_EDGE('',*,*,#12279,.T.);
#12779 = ORIENTED_EDGE('',*,*,#12780,.T.);
#12780 = EDGE_CURVE('',#12280,#1324,#12781,.T.);
#12781 = B_SPLINE_CURVE_WITH_KNOTS('',1,(#12782,#12783),.UNSPECIFIED.,
  .F.,.F.,(2,2),(-0.,1.E-02),.PIECEWISE_BEZIER_KNOTS.);
#12782 = CARTESIAN_POINT('',(0.87516406266,1.547269400902,0.8200001));
#12783 = CARTESIAN_POINT('',(0.87516406266,1.547269400902,0.8100001));
#12784 = ORIENTED_EDGE('',*,*,#1332,.F.);
#12785 = B_SPLINE_SURFACE_WITH_KNOTS('',3,1,(
    (#12786,#12787)
    ,(#12788,#12789)
    ,(#12790,#12791)
    ,(#12792,#12793
    )),.UNSPECIFIED.,.F.,.F.,.F.,(4,4),(2,2),(16.,17.),(0.,1.),
  .PIECEWISE_BEZIER_KNOTS.);
#12786 = CARTESIAN_POINT('',(0.929533178067,1.585443464411,0.8200001));
#12787 = CARTESIAN_POINT('',(0.929533178067,1.585443464411,0.8100001));
#12788 = CARTESIAN_POINT('',(0.904662192114,1.585443464411,0.8200001));
#12789 = CARTESIAN_POINT('',(0.904662192114,1.585443464411,0.8100001));
#12790 = CARTESIAN_POINT('',(0.883261588609,1.569248412514,0.8200001));
#12791 = CARTESIAN_POINT('',(0.883261588609,1.569248412514,0.8100001));
#12792 = CARTESIAN_POINT('',(0.87516406266,1.547269400902,0.8200001));
#12793 = CARTESIAN_POINT('',(0.87516406266,1.547269400902,0.8100001));
#12794 = ADVANCED_FACE('',(#12795),#12805,.F.);
#12795 = FACE_BOUND('',#12796,.F.);
#12796 = EDGE_LOOP('',(#12797,#12798,#12799,#12804));
#12797 = ORIENTED_EDGE('',*,*,#12780,.F.);
#12798 = ORIENTED_EDGE('',*,*,#12288,.T.);
#12799 = ORIENTED_EDGE('',*,*,#12800,.T.);
#12800 = EDGE_CURVE('',#12289,#1315,#12801,.T.);
#12801 = B_SPLINE_CURVE_WITH_KNOTS('',1,(#12802,#12803),.UNSPECIFIED.,
  .F.,.F.,(2,2),(-0.,1.E-02),.PIECEWISE_BEZIER_KNOTS.);
#12802 = CARTESIAN_POINT('',(0.840460370566,1.600481733191,0.8200001));
#12803 = CARTESIAN_POINT('',(0.840460370566,1.600481733191,0.8100001));
#12804 = ORIENTED_EDGE('',*,*,#1323,.F.);
#12805 = B_SPLINE_SURFACE_WITH_KNOTS('',3,1,(
    (#12806,#12807)
    ,(#12808,#12809)
    ,(#12810,#12811)
    ,(#12812,#12813
    )),.UNSPECIFIED.,.F.,.F.,.F.,(4,4),(2,2),(17.,18.),(0.,1.),
  .PIECEWISE_BEZIER_KNOTS.);
#12806 = CARTESIAN_POINT('',(0.87516406266,1.547269400902,0.8200001));
#12807 = CARTESIAN_POINT('',(0.87516406266,1.547269400902,0.8100001));
#12808 = CARTESIAN_POINT('',(0.854920242272,1.556523720999,0.8200001));
#12809 = CARTESIAN_POINT('',(0.854920242272,1.556523720999,0.8100001));
#12810 = CARTESIAN_POINT('',(0.840460370566,1.576767541387,0.8200001));
#12811 = CARTESIAN_POINT('',(0.840460370566,1.576767541387,0.8100001));
#12812 = CARTESIAN_POINT('',(0.840460370566,1.600481733191,0.8200001));
#12813 = CARTESIAN_POINT('',(0.840460370566,1.600481733191,0.8100001));
#12814 = ADVANCED_FACE('',(#12815),#12825,.F.);
#12815 = FACE_BOUND('',#12816,.F.);
#12816 = EDGE_LOOP('',(#12817,#12818,#12819,#12824));
#12817 = ORIENTED_EDGE('',*,*,#12800,.F.);
#12818 = ORIENTED_EDGE('',*,*,#12297,.T.);
#12819 = ORIENTED_EDGE('',*,*,#12820,.T.);
#12820 = EDGE_CURVE('',#12298,#1306,#12821,.T.);
#12821 = B_SPLINE_CURVE_WITH_KNOTS('',1,(#12822,#12823),.UNSPECIFIED.,
  .F.,.F.,(2,2),(-0.,1.E-02),.PIECEWISE_BEZIER_KNOTS.);
#12822 = CARTESIAN_POINT('',(0.898299857389,1.658321220014,0.8200001));
#12823 = CARTESIAN_POINT('',(0.898299857389,1.658321220014,0.8100001));
#12824 = ORIENTED_EDGE('',*,*,#1314,.F.);
#12825 = B_SPLINE_SURFACE_WITH_KNOTS('',3,1,(
    (#12826,#12827)
    ,(#12828,#12829)
    ,(#12830,#12831)
    ,(#12832,#12833
    )),.UNSPECIFIED.,.F.,.F.,.F.,(4,4),(2,2),(18.,19.),(0.,1.),
  .PIECEWISE_BEZIER_KNOTS.);
#12826 = CARTESIAN_POINT('',(0.840460370566,1.600481733191,0.8200001));
#12827 = CARTESIAN_POINT('',(0.840460370566,1.600481733191,0.8100001));
#12828 = CARTESIAN_POINT('',(0.840460370566,1.632293450944,0.8200001));
#12829 = CARTESIAN_POINT('',(0.840460370566,1.632293450944,0.8100001));
#12830 = CARTESIAN_POINT('',(0.866488139636,1.658321220014,0.8200001));
#12831 = CARTESIAN_POINT('',(0.866488139636,1.658321220014,0.8100001));
#12832 = CARTESIAN_POINT('',(0.898299857389,1.658321220014,0.8200001));
#12833 = CARTESIAN_POINT('',(0.898299857389,1.658321220014,0.8100001));
#12834 = ADVANCED_FACE('',(#12835),#12845,.F.);
#12835 = FACE_BOUND('',#12836,.F.);
#12836 = EDGE_LOOP('',(#12837,#12838,#12839,#12844));
#12837 = ORIENTED_EDGE('',*,*,#12820,.F.);
#12838 = ORIENTED_EDGE('',*,*,#12306,.T.);
#12839 = ORIENTED_EDGE('',*,*,#12840,.T.);
#12840 = EDGE_CURVE('',#12307,#1297,#12841,.T.);
#12841 = B_SPLINE_CURVE_WITH_KNOTS('',1,(#12842,#12843),.UNSPECIFIED.,
  .F.,.F.,(2,2),(-0.,1.E-02),.PIECEWISE_BEZIER_KNOTS.);
#12842 = CARTESIAN_POINT('',(0.928954780992,1.64964529699,0.8200001));
#12843 = CARTESIAN_POINT('',(0.928954780992,1.64964529699,0.8100001));
#12844 = ORIENTED_EDGE('',*,*,#1305,.F.);
#12845 = B_SPLINE_SURFACE_WITH_KNOTS('',3,1,(
    (#12846,#12847)
    ,(#12848,#12849)
    ,(#12850,#12851)
    ,(#12852,#12853
    )),.UNSPECIFIED.,.F.,.F.,.F.,(4,4),(2,2),(19.,20.),(0.,1.),
  .PIECEWISE_BEZIER_KNOTS.);
#12846 = CARTESIAN_POINT('',(0.898299857389,1.658321220014,0.8200001));
#12847 = CARTESIAN_POINT('',(0.898299857389,1.658321220014,0.8100001));
#12848 = CARTESIAN_POINT('',(0.909289357679,1.658321220014,0.8200001));
#12849 = CARTESIAN_POINT('',(0.909289357679,1.658321220014,0.8100001));
#12850 = CARTESIAN_POINT('',(0.920278857969,1.654850848599,0.8200001));
#12851 = CARTESIAN_POINT('',(0.920278857969,1.654850848599,0.8100001));
#12852 = CARTESIAN_POINT('',(0.928954780992,1.64964529699,0.8200001));
#12853 = CARTESIAN_POINT('',(0.928954780992,1.64964529699,0.8100001));
#12854 = ADVANCED_FACE('',(#12855),#12865,.F.);
#12855 = FACE_BOUND('',#12856,.F.);
#12856 = EDGE_LOOP('',(#12857,#12858,#12859,#12864));
#12857 = ORIENTED_EDGE('',*,*,#12840,.F.);
#12858 = ORIENTED_EDGE('',*,*,#12315,.T.);
#12859 = ORIENTED_EDGE('',*,*,#12860,.T.);
#12860 = EDGE_CURVE('',#12316,#1288,#12861,.T.);
#12861 = B_SPLINE_CURVE_WITH_KNOTS('',1,(#12862,#12863),.UNSPECIFIED.,
  .F.,.F.,(2,2),(-0.,1.E-02),.PIECEWISE_BEZIER_KNOTS.);
#12862 = CARTESIAN_POINT('',(1.006459680097,1.705171173451,0.8200001));
#12863 = CARTESIAN_POINT('',(1.006459680097,1.705171173451,0.8100001));
#12864 = ORIENTED_EDGE('',*,*,#1296,.F.);
#12865 = B_SPLINE_SURFACE_WITH_KNOTS('',3,1,(
    (#12866,#12867)
    ,(#12868,#12869)
    ,(#12870,#12871)
    ,(#12872,#12873
    )),.UNSPECIFIED.,.F.,.F.,.F.,(4,4),(2,2),(20.,21.),(0.,1.),
  .PIECEWISE_BEZIER_KNOTS.);
#12866 = CARTESIAN_POINT('',(0.928954780992,1.64964529699,0.8200001));
#12867 = CARTESIAN_POINT('',(0.928954780992,1.64964529699,0.8100001));
#12868 = CARTESIAN_POINT('',(0.93994427025,1.682035378722,0.8200001));
#12869 = CARTESIAN_POINT('',(0.93994427025,1.682035378722,0.8100001));
#12870 = CARTESIAN_POINT('',(0.970020807811,1.705171173451,0.8200001));
#12871 = CARTESIAN_POINT('',(0.970020807811,1.705171173451,0.8100001));
#12872 = CARTESIAN_POINT('',(1.006459680097,1.705171173451,0.8200001));
#12873 = CARTESIAN_POINT('',(1.006459680097,1.705171173451,0.8100001));
#12874 = ADVANCED_FACE('',(#12875),#12885,.F.);
#12875 = FACE_BOUND('',#12876,.F.);
#12876 = EDGE_LOOP('',(#12877,#12878,#12879,#12884));
#12877 = ORIENTED_EDGE('',*,*,#12860,.F.);
#12878 = ORIENTED_EDGE('',*,*,#12324,.T.);
#12879 = ORIENTED_EDGE('',*,*,#12880,.T.);
#12880 = EDGE_CURVE('',#12325,#1279,#12881,.T.);
#12881 = B_SPLINE_CURVE_WITH_KNOTS('',1,(#12882,#12883),.UNSPECIFIED.,
  .F.,.F.,(2,2),(-0.,1.E-02),.PIECEWISE_BEZIER_KNOTS.);
#12882 = CARTESIAN_POINT('',(1.087434961649,1.632871814923,0.8200001));
#12883 = CARTESIAN_POINT('',(1.087434961649,1.632871814923,0.8100001));
#12884 = ORIENTED_EDGE('',*,*,#1287,.F.);
#12885 = B_SPLINE_SURFACE_WITH_KNOTS('',3,1,(
    (#12886,#12887)
    ,(#12888,#12889)
    ,(#12890,#12891)
    ,(#12892,#12893
    )),.UNSPECIFIED.,.F.,.F.,.F.,(4,4),(2,2),(21.,22.),(0.,1.),
  .PIECEWISE_BEZIER_KNOTS.);
#12886 = CARTESIAN_POINT('',(1.006459680097,1.705171173451,0.8200001));
#12887 = CARTESIAN_POINT('',(1.006459680097,1.705171173451,0.8100001));
#12888 = CARTESIAN_POINT('',(1.048104115022,1.705171173451,0.8200001));
#12889 = CARTESIAN_POINT('',(1.048104115022,1.705171173451,0.8100001));
#12890 = CARTESIAN_POINT('',(1.082807807116,1.673359455698,0.8200001));
#12891 = CARTESIAN_POINT('',(1.082807807116,1.673359455698,0.8100001));
#12892 = CARTESIAN_POINT('',(1.087434961649,1.632871814923,0.8200001));
#12893 = CARTESIAN_POINT('',(1.087434961649,1.632871814923,0.8100001));
#12894 = ADVANCED_FACE('',(#12895),#12905,.F.);
#12895 = FACE_BOUND('',#12896,.T.);
#12896 = EDGE_LOOP('',(#12897,#12898,#12903,#12904));
#12897 = ORIENTED_EDGE('',*,*,#1278,.T.);
#12898 = ORIENTED_EDGE('',*,*,#12899,.F.);
#12899 = EDGE_CURVE('',#12334,#1270,#12900,.T.);
#12900 = B_SPLINE_CURVE_WITH_KNOTS('',1,(#12901,#12902),.UNSPECIFIED.,
  .F.,.F.,(2,2),(-0.,1.E-02),.PIECEWISE_BEZIER_KNOTS.);
#12901 = CARTESIAN_POINT('',(1.092062116182,1.632871814923,0.8200001));
#12902 = CARTESIAN_POINT('',(1.092062116182,1.632871814923,0.8100001));
#12903 = ORIENTED_EDGE('',*,*,#12333,.F.);
#12904 = ORIENTED_EDGE('',*,*,#12880,.T.);
#12905 = B_SPLINE_SURFACE_WITH_KNOTS('',1,1,(
    (#12906,#12907)
    ,(#12908,#12909
  )),.UNSPECIFIED.,.F.,.F.,.F.,(2,2),(2,2),(-1.E-02,0.),(0.,
    4.627154533109E-03),.PIECEWISE_BEZIER_KNOTS.);
#12906 = CARTESIAN_POINT('',(1.087434961649,1.632871814923,0.8100001));
#12907 = CARTESIAN_POINT('',(1.092062116182,1.632871814923,0.8100001));
#12908 = CARTESIAN_POINT('',(1.087434961649,1.632871814923,0.8200001));
#12909 = CARTESIAN_POINT('',(1.092062116182,1.632871814923,0.8200001));
#12910 = ADVANCED_FACE('',(#12911),#12921,.F.);
#12911 = FACE_BOUND('',#12912,.F.);
#12912 = EDGE_LOOP('',(#12913,#12914,#12915,#12920));
#12913 = ORIENTED_EDGE('',*,*,#12899,.F.);
#12914 = ORIENTED_EDGE('',*,*,#12342,.T.);
#12915 = ORIENTED_EDGE('',*,*,#12916,.T.);
#12916 = EDGE_CURVE('',#12343,#1261,#12917,.T.);
#12917 = B_SPLINE_CURVE_WITH_KNOTS('',1,(#12918,#12919),.UNSPECIFIED.,
  .F.,.F.,(2,2),(-0.,1.E-02),.PIECEWISE_BEZIER_KNOTS.);
#12918 = CARTESIAN_POINT('',(1.137176911491,1.587757019614,0.8200001));
#12919 = CARTESIAN_POINT('',(1.137176911491,1.587757019614,0.8100001));
#12920 = ORIENTED_EDGE('',*,*,#1269,.F.);
#12921 = B_SPLINE_SURFACE_WITH_KNOTS('',3,1,(
    (#12922,#12923)
    ,(#12924,#12925)
    ,(#12926,#12927)
    ,(#12928,#12929
    )),.UNSPECIFIED.,.F.,.F.,.F.,(4,4),(2,2),(23.,24.),(0.,1.),
  .PIECEWISE_BEZIER_KNOTS.);
#12922 = CARTESIAN_POINT('',(1.092062116182,1.632871814923,0.8200001));
#12923 = CARTESIAN_POINT('',(1.092062116182,1.632871814923,0.8100001));
#12924 = CARTESIAN_POINT('',(1.116933091103,1.632871814923,0.8200001));
#12925 = CARTESIAN_POINT('',(1.116933091103,1.632871814923,0.8100001));
#12926 = CARTESIAN_POINT('',(1.137176911491,1.612627994535,0.8200001));
#12927 = CARTESIAN_POINT('',(1.137176911491,1.612627994535,0.8100001));
#12928 = CARTESIAN_POINT('',(1.137176911491,1.587757019614,0.8200001));
#12929 = CARTESIAN_POINT('',(1.137176911491,1.587757019614,0.8100001));
#12930 = ADVANCED_FACE('',(#12931),#12941,.F.);
#12931 = FACE_BOUND('',#12932,.F.);
#12932 = EDGE_LOOP('',(#12933,#12934,#12935,#12940));
#12933 = ORIENTED_EDGE('',*,*,#12916,.F.);
#12934 = ORIENTED_EDGE('',*,*,#12351,.T.);
#12935 = ORIENTED_EDGE('',*,*,#12936,.T.);
#12936 = EDGE_CURVE('',#12352,#1254,#12937,.T.);
#12937 = B_SPLINE_CURVE_WITH_KNOTS('',1,(#12938,#12939),.UNSPECIFIED.,
  .F.,.F.,(2,2),(-0.,1.E-02),.PIECEWISE_BEZIER_KNOTS.);
#12938 = CARTESIAN_POINT('',(1.095532476566,1.542642224305,0.8200001));
#12939 = CARTESIAN_POINT('',(1.095532476566,1.542642224305,0.8100001));
#12940 = ORIENTED_EDGE('',*,*,#1260,.F.);
#12941 = B_SPLINE_SURFACE_WITH_KNOTS('',3,1,(
    (#12942,#12943)
    ,(#12944,#12945)
    ,(#12946,#12947)
    ,(#12948,#12949
    )),.UNSPECIFIED.,.F.,.F.,.F.,(4,4),(2,2),(24.,25.),(0.,1.),
  .PIECEWISE_BEZIER_KNOTS.);
#12942 = CARTESIAN_POINT('',(1.137176911491,1.587757019614,0.8200001));
#12943 = CARTESIAN_POINT('',(1.137176911491,1.587757019614,0.8100001));
#12944 = CARTESIAN_POINT('',(1.137176911491,1.564042827809,0.8200001));
#12945 = CARTESIAN_POINT('',(1.137176911491,1.564042827809,0.8100001));
#12946 = CARTESIAN_POINT('',(1.119246679401,1.544377404497,0.8200001));
#12947 = CARTESIAN_POINT('',(1.119246679401,1.544377404497,0.8100001));
#12948 = CARTESIAN_POINT('',(1.095532476566,1.542642224305,0.8200001));
#12949 = CARTESIAN_POINT('',(1.095532476566,1.542642224305,0.8100001));
#12950 = ADVANCED_FACE('',(#12951),#12961,.F.);
#12951 = FACE_BOUND('',#12952,.T.);
#12952 = EDGE_LOOP('',(#12953,#12954,#12959,#12960));
#12953 = ORIENTED_EDGE('',*,*,#1253,.T.);
#12954 = ORIENTED_EDGE('',*,*,#12955,.F.);
#12955 = EDGE_CURVE('',#12361,#1245,#12956,.T.);
#12956 = B_SPLINE_CURVE_WITH_KNOTS('',1,(#12957,#12958),.UNSPECIFIED.,
  .F.,.F.,(2,2),(-0.,1.E-02),.PIECEWISE_BEZIER_KNOTS.);
#12957 = CARTESIAN_POINT('',(1.069504707495,1.542642224305,0.8200001));
#12958 = CARTESIAN_POINT('',(1.069504707495,1.542642224305,0.8100001));
#12959 = ORIENTED_EDGE('',*,*,#12360,.F.);
#12960 = ORIENTED_EDGE('',*,*,#12936,.T.);
#12961 = B_SPLINE_SURFACE_WITH_KNOTS('',1,1,(
    (#12962,#12963)
    ,(#12964,#12965
  )),.UNSPECIFIED.,.F.,.F.,.F.,(2,2),(2,2),(-0.,1.E-02),(
    -2.602776907033E-02,0.),.PIECEWISE_BEZIER_KNOTS.);
#12962 = CARTESIAN_POINT('',(1.069504707495,1.542642224305,0.8200001));
#12963 = CARTESIAN_POINT('',(1.095532476566,1.542642224305,0.8200001));
#12964 = CARTESIAN_POINT('',(1.069504707495,1.542642224305,0.8100001));
#12965 = CARTESIAN_POINT('',(1.095532476566,1.542642224305,0.8100001));
#12966 = ADVANCED_FACE('',(#12967),#12977,.F.);
#12967 = FACE_BOUND('',#12968,.F.);
#12968 = EDGE_LOOP('',(#12969,#12970,#12971,#12976));
#12969 = ORIENTED_EDGE('',*,*,#12955,.F.);
#12970 = ORIENTED_EDGE('',*,*,#12367,.T.);
#12971 = ORIENTED_EDGE('',*,*,#12972,.T.);
#12972 = EDGE_CURVE('',#12368,#1236,#12973,.T.);
#12973 = B_SPLINE_CURVE_WITH_KNOTS('',1,(#12974,#12975),.UNSPECIFIED.,
  .F.,.F.,(2,2),(-0.,1.E-02),.PIECEWISE_BEZIER_KNOTS.);
#12974 = CARTESIAN_POINT('',(1.066034347112,1.543220610347,0.8200001));
#12975 = CARTESIAN_POINT('',(1.066034347112,1.543220610347,0.8100001));
#12976 = ORIENTED_EDGE('',*,*,#1244,.F.);
#12977 = B_SPLINE_SURFACE_WITH_KNOTS('',3,1,(
    (#12978,#12979)
    ,(#12980,#12981)
    ,(#12982,#12983)
    ,(#12984,#12985
    )),.UNSPECIFIED.,.F.,.F.,.F.,(4,4),(2,2),(26.,27.),(0.,1.),
  .PIECEWISE_BEZIER_KNOTS.);
#12978 = CARTESIAN_POINT('',(1.069504707495,1.542642224305,0.8200001));
#12979 = CARTESIAN_POINT('',(1.069504707495,1.542642224305,0.8100001));
#12980 = CARTESIAN_POINT('',(1.068347913346,1.542642224305,0.8200001));
#12981 = CARTESIAN_POINT('',(1.068347913346,1.542642224305,0.8100001));
#12982 = CARTESIAN_POINT('',(1.067191119197,1.543220610347,0.8200001));
#12983 = CARTESIAN_POINT('',(1.067191119197,1.543220610347,0.8100001));
#12984 = CARTESIAN_POINT('',(1.066034347112,1.543220610347,0.8200001));
#12985 = CARTESIAN_POINT('',(1.066034347112,1.543220610347,0.8100001));
#12986 = ADVANCED_FACE('',(#12987),#12997,.F.);
#12987 = FACE_BOUND('',#12988,.F.);
#12988 = EDGE_LOOP('',(#12989,#12990,#12991,#12996));
#12989 = ORIENTED_EDGE('',*,*,#12972,.F.);
#12990 = ORIENTED_EDGE('',*,*,#12376,.T.);
#12991 = ORIENTED_EDGE('',*,*,#12992,.T.);
#12992 = EDGE_CURVE('',#12377,#1227,#12993,.T.);
#12993 = B_SPLINE_CURVE_WITH_KNOTS('',1,(#12994,#12995),.UNSPECIFIED.,
  .F.,.F.,(2,2),(-0.,1.E-02),.PIECEWISE_BEZIER_KNOTS.);
#12994 = CARTESIAN_POINT('',(1.048104115022,1.525290378258,0.8200001));
#12995 = CARTESIAN_POINT('',(1.048104115022,1.525290378258,0.8100001));
#12996 = ORIENTED_EDGE('',*,*,#1235,.F.);
#12997 = B_SPLINE_SURFACE_WITH_KNOTS('',3,1,(
    (#12998,#12999)
    ,(#13000,#13001)
    ,(#13002,#13003)
    ,(#13004,#13005
    )),.UNSPECIFIED.,.F.,.F.,.F.,(4,4),(2,2),(27.,28.),(0.,1.),
  .PIECEWISE_BEZIER_KNOTS.);
#12998 = CARTESIAN_POINT('',(1.066034347112,1.543220610347,0.8200001));
#12999 = CARTESIAN_POINT('',(1.066034347112,1.543220610347,0.8100001));
#13000 = CARTESIAN_POINT('',(1.056201629939,1.543220610347,0.8200001));
#13001 = CARTESIAN_POINT('',(1.056201629939,1.543220610347,0.8100001));
#13002 = CARTESIAN_POINT('',(1.048104115022,1.535123073366,0.8200001));
#13003 = CARTESIAN_POINT('',(1.048104115022,1.535123073366,0.8100001));
#13004 = CARTESIAN_POINT('',(1.048104115022,1.525290378258,0.8200001));
#13005 = CARTESIAN_POINT('',(1.048104115022,1.525290378258,0.8100001));
#13006 = ADVANCED_FACE('',(#13007),#13017,.F.);
#13007 = FACE_BOUND('',#13008,.F.);
#13008 = EDGE_LOOP('',(#13009,#13010,#13011,#13016));
#13009 = ORIENTED_EDGE('',*,*,#12992,.F.);
#13010 = ORIENTED_EDGE('',*,*,#12385,.T.);
#13011 = ORIENTED_EDGE('',*,*,#13012,.T.);
#13012 = EDGE_CURVE('',#12386,#1220,#13013,.T.);
#13013 = B_SPLINE_CURVE_WITH_KNOTS('',1,(#13014,#13015),.UNSPECIFIED.,
  .F.,.F.,(2,2),(-0.,1.E-02),.PIECEWISE_BEZIER_KNOTS.);
#13014 = CARTESIAN_POINT('',(1.064877575026,1.507360146168,0.8200001));
#13015 = CARTESIAN_POINT('',(1.064877575026,1.507360146168,0.8100001));
#13016 = ORIENTED_EDGE('',*,*,#1226,.F.);
#13017 = B_SPLINE_SURFACE_WITH_KNOTS('',3,1,(
    (#13018,#13019)
    ,(#13020,#13021)
    ,(#13022,#13023)
    ,(#13024,#13025
    )),.UNSPECIFIED.,.F.,.F.,.F.,(4,4),(2,2),(28.,29.),(0.,1.),
  .PIECEWISE_BEZIER_KNOTS.);
#13018 = CARTESIAN_POINT('',(1.048104115022,1.525290378258,0.8200001));
#13019 = CARTESIAN_POINT('',(1.048104115022,1.525290378258,0.8100001));
#13020 = CARTESIAN_POINT('',(1.048104115022,1.516036069191,0.8200001));
#13021 = CARTESIAN_POINT('',(1.048104115022,1.516036069191,0.8100001));
#13022 = CARTESIAN_POINT('',(1.055623243896,1.50793853221,0.8200001));
#13023 = CARTESIAN_POINT('',(1.055623243896,1.50793853221,0.8100001));
#13024 = CARTESIAN_POINT('',(1.064877575026,1.507360146168,0.8200001));
#13025 = CARTESIAN_POINT('',(1.064877575026,1.507360146168,0.8100001));
#13026 = ADVANCED_FACE('',(#13027),#13037,.F.);
#13027 = FACE_BOUND('',#13028,.T.);
#13028 = EDGE_LOOP('',(#13029,#13030,#13035,#13036));
#13029 = ORIENTED_EDGE('',*,*,#1219,.T.);
#13030 = ORIENTED_EDGE('',*,*,#13031,.F.);
#13031 = EDGE_CURVE('',#12395,#1211,#13032,.T.);
#13032 = B_SPLINE_CURVE_WITH_KNOTS('',1,(#13033,#13034),.UNSPECIFIED.,
  .F.,.F.,(2,2),(-0.,1.E-02),.PIECEWISE_BEZIER_KNOTS.);
#13033 = CARTESIAN_POINT('',(1.099002859014,1.507360146168,0.8200001));
#13034 = CARTESIAN_POINT('',(1.099002859014,1.507360146168,0.8100001));
#13035 = ORIENTED_EDGE('',*,*,#12394,.F.);
#13036 = ORIENTED_EDGE('',*,*,#13012,.T.);
#13037 = B_SPLINE_SURFACE_WITH_KNOTS('',1,1,(
    (#13038,#13039)
    ,(#13040,#13041
  )),.UNSPECIFIED.,.F.,.F.,.F.,(2,2),(2,2),(-1.E-02,0.),(
    -3.239010379522E-02,1.735180192052E-03),.PIECEWISE_BEZIER_KNOTS.);
#13038 = CARTESIAN_POINT('',(1.064877575026,1.507360146168,0.8100001));
#13039 = CARTESIAN_POINT('',(1.099002859014,1.507360146168,0.8100001));
#13040 = CARTESIAN_POINT('',(1.064877575026,1.507360146168,0.8200001));
#13041 = CARTESIAN_POINT('',(1.099002859014,1.507360146168,0.8200001));
#13042 = ADVANCED_FACE('',(#13043),#13053,.F.);
#13043 = FACE_BOUND('',#13044,.F.);
#13044 = EDGE_LOOP('',(#13045,#13046,#13047,#13052));
#13045 = ORIENTED_EDGE('',*,*,#13031,.F.);
#13046 = ORIENTED_EDGE('',*,*,#12401,.T.);
#13047 = ORIENTED_EDGE('',*,*,#13048,.T.);
#13048 = EDGE_CURVE('',#12402,#1202,#13049,.T.);
#13049 = B_SPLINE_CURVE_WITH_KNOTS('',1,(#13050,#13051),.UNSPECIFIED.,
  .F.,.F.,(2,2),(-0.,1.E-02),.PIECEWISE_BEZIER_KNOTS.);
#13050 = CARTESIAN_POINT('',(1.151636783196,1.533387915238,0.8200001));
#13051 = CARTESIAN_POINT('',(1.151636783196,1.533387915238,0.8100001));
#13052 = ORIENTED_EDGE('',*,*,#1210,.F.);
#13053 = B_SPLINE_SURFACE_WITH_KNOTS('',3,1,(
    (#13054,#13055)
    ,(#13056,#13057)
    ,(#13058,#13059)
    ,(#13060,#13061
    )),.UNSPECIFIED.,.F.,.F.,.F.,(4,4),(2,2),(33.,34.),(0.,1.),
  .PIECEWISE_BEZIER_KNOTS.);
#13054 = CARTESIAN_POINT('',(1.099002859014,1.507360146168,0.8200001));
#13055 = CARTESIAN_POINT('',(1.099002859014,1.507360146168,0.8100001));
#13056 = CARTESIAN_POINT('',(1.119246679401,1.50909532636,0.8200001));
#13057 = CARTESIAN_POINT('',(1.119246679401,1.50909532636,0.8100001));
#13058 = CARTESIAN_POINT('',(1.137755319598,1.51834965749,0.8200001));
#13059 = CARTESIAN_POINT('',(1.137755319598,1.51834965749,0.8100001));
#13060 = CARTESIAN_POINT('',(1.151636783196,1.533387915238,0.8200001));
#13061 = CARTESIAN_POINT('',(1.151636783196,1.533387915238,0.8100001));
#13062 = ADVANCED_FACE('',(#13063),#13069,.F.);
#13063 = FACE_BOUND('',#13064,.F.);
#13064 = EDGE_LOOP('',(#13065,#13066,#13067,#13068));
#13065 = ORIENTED_EDGE('',*,*,#13048,.F.);
#13066 = ORIENTED_EDGE('',*,*,#12410,.T.);
#13067 = ORIENTED_EDGE('',*,*,#12450,.T.);
#13068 = ORIENTED_EDGE('',*,*,#1201,.F.);
#13069 = B_SPLINE_SURFACE_WITH_KNOTS('',3,1,(
    (#13070,#13071)
    ,(#13072,#13073)
    ,(#13074,#13075)
    ,(#13076,#13077
    )),.UNSPECIFIED.,.F.,.F.,.F.,(4,4),(2,2),(34.,35.),(0.,1.),
  .PIECEWISE_BEZIER_KNOTS.);
#13070 = CARTESIAN_POINT('',(1.151636783196,1.533387915238,0.8200001));
#13071 = CARTESIAN_POINT('',(1.151636783196,1.533387915238,0.8100001));
#13072 = CARTESIAN_POINT('',(1.16551826886,1.548426172987,0.8200001));
#13073 = CARTESIAN_POINT('',(1.16551826886,1.548426172987,0.8100001));
#13074 = CARTESIAN_POINT('',(1.173037397734,1.568091607332,0.8200001));
#13075 = CARTESIAN_POINT('',(1.173037397734,1.568091607332,0.8100001));
#13076 = CARTESIAN_POINT('',(1.173037397734,1.58833542772,0.8200001));
#13077 = CARTESIAN_POINT('',(1.173037397734,1.58833542772,0.8100001));
#13078 = ADVANCED_FACE('',(#13079),#13106,.T.);
#13079 = FACE_BOUND('',#13080,.T.);
#13080 = EDGE_LOOP('',(#13081,#13095,#13100,#13101));
#13081 = ORIENTED_EDGE('',*,*,#13082,.F.);
#13082 = EDGE_CURVE('',#13083,#13085,#13087,.T.);
#13083 = VERTEX_POINT('',#13084);
#13084 = CARTESIAN_POINT('',(0.92895476996,1.503889741656,0.8100001));
#13085 = VERTEX_POINT('',#13086);
#13086 = CARTESIAN_POINT('',(0.92895476996,1.549004559029,0.8100001));
#13087 = B_SPLINE_CURVE_WITH_KNOTS('',3,(#13088,#13089,#13090,#13091,
    #13092,#13093,#13094),.UNSPECIFIED.,.F.,.F.,(4,3,4),(0.,1.,2.),
  .PIECEWISE_BEZIER_KNOTS.);
#13088 = CARTESIAN_POINT('',(0.92895476996,1.503889741656,0.8100001));
#13089 = CARTESIAN_POINT('',(0.941679450442,1.503889741656,0.8100001));
#13090 = CARTESIAN_POINT('',(0.951512167615,1.514300866935,0.8100001));
#13091 = CARTESIAN_POINT('',(0.951512167615,1.526447150343,0.8100001));
#13092 = CARTESIAN_POINT('',(0.951512167615,1.539171841856,0.8100001));
#13093 = CARTESIAN_POINT('',(0.9411010644,1.549004559029,0.8100001));
#13094 = CARTESIAN_POINT('',(0.92895476996,1.549004559029,0.8100001));
#13095 = ORIENTED_EDGE('',*,*,#13096,.F.);
#13096 = EDGE_CURVE('',#12420,#13083,#13097,.T.);
#13097 = B_SPLINE_CURVE_WITH_KNOTS('',1,(#13098,#13099),.UNSPECIFIED.,
  .F.,.F.,(2,2),(-0.,1.E-02),.PIECEWISE_BEZIER_KNOTS.);
#13098 = CARTESIAN_POINT('',(0.92895476996,1.503889741656,0.8200001));
#13099 = CARTESIAN_POINT('',(0.92895476996,1.503889741656,0.8100001));
#13100 = ORIENTED_EDGE('',*,*,#12419,.T.);
#13101 = ORIENTED_EDGE('',*,*,#13102,.T.);
#13102 = EDGE_CURVE('',#12422,#13085,#13103,.T.);
#13103 = B_SPLINE_CURVE_WITH_KNOTS('',1,(#13104,#13105),.UNSPECIFIED.,
  .F.,.F.,(2,2),(-0.,1.E-02),.PIECEWISE_BEZIER_KNOTS.);
#13104 = CARTESIAN_POINT('',(0.92895476996,1.549004559029,0.8200001));
#13105 = CARTESIAN_POINT('',(0.92895476996,1.549004559029,0.8100001));
#13106 = B_SPLINE_SURFACE_WITH_KNOTS('',3,1,(
    (#13107,#13108)
    ,(#13109,#13110)
    ,(#13111,#13112)
    ,(#13113,#13114)
    ,(#13115,#13116)
    ,(#13117,#13118)
    ,(#13119,#13120
  )),.UNSPECIFIED.,.F.,.F.,.F.,(4,3,4),(2,2),(0.,1.,2.),(0.,1.),
  .PIECEWISE_BEZIER_KNOTS.);
#13107 = CARTESIAN_POINT('',(0.92895476996,1.503889741656,0.8200001));
#13108 = CARTESIAN_POINT('',(0.92895476996,1.503889741656,0.8100001));
#13109 = CARTESIAN_POINT('',(0.941679450442,1.503889741656,0.8200001));
#13110 = CARTESIAN_POINT('',(0.941679450442,1.503889741656,0.8100001));
#13111 = CARTESIAN_POINT('',(0.951512167615,1.514300866935,0.8200001));
#13112 = CARTESIAN_POINT('',(0.951512167615,1.514300866935,0.8100001));
#13113 = CARTESIAN_POINT('',(0.951512167615,1.526447150343,0.8200001));
#13114 = CARTESIAN_POINT('',(0.951512167615,1.526447150343,0.8100001));
#13115 = CARTESIAN_POINT('',(0.951512167615,1.539171841856,0.8200001));
#13116 = CARTESIAN_POINT('',(0.951512167615,1.539171841856,0.8100001));
#13117 = CARTESIAN_POINT('',(0.9411010644,1.549004559029,0.8200001));
#13118 = CARTESIAN_POINT('',(0.9411010644,1.549004559029,0.8100001));
#13119 = CARTESIAN_POINT('',(0.92895476996,1.549004559029,0.8200001));
#13120 = CARTESIAN_POINT('',(0.92895476996,1.549004559029,0.8100001));
#13121 = ADVANCED_FACE('',(#13122),#13136,.T.);
#13122 = FACE_BOUND('',#13123,.T.);
#13123 = EDGE_LOOP('',(#13124,#13133,#13134,#13135));
#13124 = ORIENTED_EDGE('',*,*,#13125,.F.);
#13125 = EDGE_CURVE('',#13085,#13083,#13126,.T.);
#13126 = B_SPLINE_CURVE_WITH_KNOTS('',3,(#13127,#13128,#13129,#13130,
    #13131,#13132),.UNSPECIFIED.,.F.,.F.,(4,2,4),(2.,3.,4.),
  .UNSPECIFIED.);
#13127 = CARTESIAN_POINT('',(0.92895476996,1.549004559029,0.8100001));
#13128 = CARTESIAN_POINT('',(0.916808475521,1.549004559029,0.8100001));
#13129 = CARTESIAN_POINT('',(0.906397372306,1.539171841856,0.8100001));
#13130 = CARTESIAN_POINT('',(0.906397372306,1.513722458829,0.8100001));
#13131 = CARTESIAN_POINT('',(0.916808475521,1.503889741656,0.8100001));
#13132 = CARTESIAN_POINT('',(0.92895476996,1.503889741656,0.8100001));
#13133 = ORIENTED_EDGE('',*,*,#13102,.F.);
#13134 = ORIENTED_EDGE('',*,*,#12433,.T.);
#13135 = ORIENTED_EDGE('',*,*,#13096,.T.);
#13136 = B_SPLINE_SURFACE_WITH_KNOTS('',3,1,(
    (#13137,#13138)
    ,(#13139,#13140)
    ,(#13141,#13142)
    ,(#13143,#13144)
    ,(#13145,#13146)
    ,(#13147,#13148
  )),.UNSPECIFIED.,.F.,.F.,.F.,(4,2,4),(2,2),(2.,3.,4.),(0.,1.),
  .UNSPECIFIED.);
#13137 = CARTESIAN_POINT('',(0.92895476996,1.549004559029,0.8200001));
#13138 = CARTESIAN_POINT('',(0.92895476996,1.549004559029,0.8100001));
#13139 = CARTESIAN_POINT('',(0.916808475521,1.549004559029,0.8200001));
#13140 = CARTESIAN_POINT('',(0.916808475521,1.549004559029,0.8100001));
#13141 = CARTESIAN_POINT('',(0.906397372306,1.539171841856,0.8200001));
#13142 = CARTESIAN_POINT('',(0.906397372306,1.539171841856,0.8100001));
#13143 = CARTESIAN_POINT('',(0.906397372306,1.513722458829,0.8200001));
#13144 = CARTESIAN_POINT('',(0.906397372306,1.513722458829,0.8100001));
#13145 = CARTESIAN_POINT('',(0.916808475521,1.503889741656,0.8200001));
#13146 = CARTESIAN_POINT('',(0.916808475521,1.503889741656,0.8100001));
#13147 = CARTESIAN_POINT('',(0.92895476996,1.503889741656,0.8200001));
#13148 = CARTESIAN_POINT('',(0.92895476996,1.503889741656,0.8100001));
#13149 = ADVANCED_FACE('',(#13150),#13154,.F.);
#13150 = FACE_BOUND('',#13151,.T.);
#13151 = EDGE_LOOP('',(#13152,#13153));
#13152 = ORIENTED_EDGE('',*,*,#13125,.T.);
#13153 = ORIENTED_EDGE('',*,*,#13082,.T.);
#13154 = B_SPLINE_SURFACE_WITH_KNOTS('',1,1,(
    (#13155,#13156)
    ,(#13157,#13158
    )),.UNSPECIFIED.,.F.,.F.,.F.,(2,2),(2,2),(-0.951512167615,
    -0.906397372306),(1.503889741656,1.549004559029),
  .PIECEWISE_BEZIER_KNOTS.);
#13155 = CARTESIAN_POINT('',(0.951512167615,1.503889741656,0.8100001));
#13156 = CARTESIAN_POINT('',(0.951512167615,1.549004559029,0.8100001));
#13157 = CARTESIAN_POINT('',(0.906397372306,1.503889741656,0.8100001));
#13158 = CARTESIAN_POINT('',(0.906397372306,1.549004559029,0.8100001));
#13159 = ( GEOMETRIC_REPRESENTATION_CONTEXT(3) 
GLOBAL_UNCERTAINTY_ASSIGNED_CONTEXT((#13163)) 
GLOBAL_UNIT_ASSIGNED_CONTEXT((#13160,#13161,#13162)) 
REPRESENTATION_CONTEXT('Context #1',
  '3D Context with UNIT and UNCERTAINTY') );
#13160 = ( LENGTH_UNIT() NAMED_UNIT(*) SI_UNIT(.MILLI.,.METRE.) );
#13161 = ( NAMED_UNIT(*) PLANE_ANGLE_UNIT() SI_UNIT($,.RADIAN.) );
#13162 = ( NAMED_UNIT(*) SI_UNIT($,.STERADIAN.) SOLID_ANGLE_UNIT() );
#13163 = UNCERTAINTY_MEASURE_WITH_UNIT(LENGTH_MEASURE(1.E-07),#13160,
  'distance_accuracy_value','confusion accuracy');
#13164 = PRODUCT_RELATED_PRODUCT_CATEGORY('part',$,(#7));
#13165 = MECHANICAL_DESIGN_GEOMETRIC_PRESENTATION_REPRESENTATION('',(
    #13166,#13176,#13184,#13192,#13199,#13206,#13213,#13220,#13227,
    #13234,#13241,#13248,#13255,#13262,#13269,#13276,#13283,#13290,
    #13297,#13304,#13311,#13318,#13325,#13332,#13339,#13346,#13353,
    #13360,#13367,#13374,#13381,#13388,#13395,#13402,#13409,#13416,
    #13423,#13430,#13437,#13444,#13451,#13458,#13465,#13472,#13479,
    #13486,#13493,#13500,#13507,#13514,#13521,#13528,#13535,#13542,
    #13549,#13556,#13563,#13570,#13577,#13584,#13591,#13598,#13605,
    #13612,#13619,#13626,#13633,#13640,#13647,#13654,#13661,#13668,
    #13675,#13682,#13689,#13696,#13703,#13710,#13717,#13724,#13731,
    #13738,#13745,#13752,#13759,#13766,#13773,#13780,#13787,#13794,
    #13801,#13808,#13815,#13822,#13829,#13836,#13843,#13850,#13857,
    #13864,#13871,#13878,#13885,#13892,#13899,#13906,#13913,#13920,
    #13927,#13934,#13941,#13948,#13955,#13962,#13969,#13976,#13983,
    #13990,#13997,#14004,#14011,#14018,#14025,#14032,#14039,#14046,
    #14053,#14060,#14067,#14074,#14081,#14088,#14095,#14102,#14109,
    #14116,#14123,#14130,#14137,#14144,#14151,#14158,#14165,#14172,
    #14179,#14186,#14193,#14200,#14207,#14214,#14221,#14228,#14235,
    #14242,#14249,#14256,#14263,#14270,#14277,#14284,#14291,#14298,
    #14305,#14312,#14319,#14326,#14333,#14340,#14347,#14354,#14361,
    #14368,#14375,#14382,#14389,#14396,#14403,#14410,#14417,#14424,
    #14431,#14438,#14445,#14452,#14459,#14466,#14473,#14480,#14487,
    #14494,#14501,#14508,#14515,#14522,#14529,#14536,#14543,#14550,
    #14557,#14564,#14571,#14578,#14585,#14592,#14599,#14606,#14613,
    #14620,#14627,#14634,#14641,#14648,#14655,#14662,#14669,#14676,
    #14683,#14690,#14697,#14704,#14711,#14718,#14725,#14732,#14739,
    #14746,#14753,#14760,#14767,#14774,#14781,#14788,#14795,#14802,
    #14809,#14816,#14823,#14830,#14837,#14844,#14851,#14858,#14865,
    #14872,#14879,#14886,#14893,#14900,#14907,#14914,#14921,#14928,
    #14935,#14942,#14949,#14956,#14963,#14970,#14977,#14984,#14991,
    #14998,#15005,#15012,#15019,#15026,#15033,#15040,#15047,#15054,
    #15061,#15068,#15075,#15082,#15089,#15096,#15103,#15110,#15117,
    #15124,#15131,#15138,#15145,#15152,#15159,#15166,#15173,#15180,
    #15187,#15194,#15201,#15208,#15215,#15222,#15229,#15236,#15243,
    #15250,#15257,#15264,#15271,#15278,#15285,#15292,#15299,#15306,
    #15313,#15320,#15327,#15334,#15341,#15348,#15355,#15362,#15369,
    #15376,#15383,#15390,#15397,#15404,#15411,#15418,#15425,#15432,
    #15439,#15446,#15453,#15460,#15467,#15474,#15481,#15488,#15495,
    #15502,#15509,#15516,#15523,#15530,#15537,#15544,#15551,#15558,
    #15565,#15572,#15579,#15586,#15593,#15600,#15607,#15614,#15621,
    #15628,#15635,#15642,#15649,#15656,#15663,#15670,#15677,#15684,
    #15691,#15698,#15705,#15712,#15719,#15726,#15733,#15740,#15747,
    #15754,#15761,#15768,#15775,#15782,#15789,#15796,#15803,#15810,
    #15817,#15824,#15831,#15838,#15845,#15852,#15859,#15866,#15873,
    #15880,#15887,#15894,#15901,#15908,#15915,#15922,#15929,#15936,
    #15943,#15950,#15957,#15964,#15971,#15978,#15985,#15992,#15999,
    #16006,#16013,#16020,#16027,#16034,#16041,#16048,#16055,#16062,
    #16069,#16076,#16083,#16090,#16097,#16104,#16111,#16118,#16125,
    #16132,#16139,#16146),#13159);
#13166 = STYLED_ITEM('color',(#13167),#15);
#13167 = PRESENTATION_STYLE_ASSIGNMENT((#13168,#13174));
#13168 = SURFACE_STYLE_USAGE(.BOTH.,#13169);
#13169 = SURFACE_SIDE_STYLE('',(#13170));
#13170 = SURFACE_STYLE_FILL_AREA(#13171);
#13171 = FILL_AREA_STYLE('',(#13172));
#13172 = FILL_AREA_STYLE_COLOUR('',#13173);
#13173 = DRAUGHTING_PRE_DEFINED_COLOUR('white');
#13174 = CURVE_STYLE('',#13175,POSITIVE_LENGTH_MEASURE(0.1),#13173);
#13175 = DRAUGHTING_PRE_DEFINED_CURVE_FONT('continuous');
#13176 = OVER_RIDING_STYLED_ITEM('overriding color',(#13177),#17,#13166
  );
#13177 = PRESENTATION_STYLE_ASSIGNMENT((#13178));
#13178 = SURFACE_STYLE_USAGE(.BOTH.,#13179);
#13179 = SURFACE_SIDE_STYLE('',(#13180));
#13180 = SURFACE_STYLE_FILL_AREA(#13181);
#13181 = FILL_AREA_STYLE('',(#13182));
#13182 = FILL_AREA_STYLE_COLOUR('',#13183);
#13183 = COLOUR_RGB('',0.850980378684,0.850980378684,0.850980378684);
#13184 = OVER_RIDING_STYLED_ITEM('overriding color',(#13185),#65,#13166
  );
#13185 = PRESENTATION_STYLE_ASSIGNMENT((#13186));
#13186 = SURFACE_STYLE_USAGE(.BOTH.,#13187);
#13187 = SURFACE_SIDE_STYLE('',(#13188));
#13188 = SURFACE_STYLE_FILL_AREA(#13189);
#13189 = FILL_AREA_STYLE('',(#13190));
#13190 = FILL_AREA_STYLE_COLOUR('',#13191);
#13191 = COLOUR_RGB('',0.250980388104,0.250980388104,0.250980388104);
#13192 = OVER_RIDING_STYLED_ITEM('overriding color',(#13193),#1481,
  #13166);
#13193 = PRESENTATION_STYLE_ASSIGNMENT((#13194));
#13194 = SURFACE_STYLE_USAGE(.BOTH.,#13195);
#13195 = SURFACE_SIDE_STYLE('',(#13196));
#13196 = SURFACE_STYLE_FILL_AREA(#13197);
#13197 = FILL_AREA_STYLE('',(#13198));
#13198 = FILL_AREA_STYLE_COLOUR('',#13191);
#13199 = OVER_RIDING_STYLED_ITEM('overriding color',(#13200),#2413,
  #13166);
#13200 = PRESENTATION_STYLE_ASSIGNMENT((#13201));
#13201 = SURFACE_STYLE_USAGE(.BOTH.,#13202);
#13202 = SURFACE_SIDE_STYLE('',(#13203));
#13203 = SURFACE_STYLE_FILL_AREA(#13204);
#13204 = FILL_AREA_STYLE('',(#13205));
#13205 = FILL_AREA_STYLE_COLOUR('',#13191);
#13206 = OVER_RIDING_STYLED_ITEM('overriding color',(#13207),#2593,
  #13166);
#13207 = PRESENTATION_STYLE_ASSIGNMENT((#13208));
#13208 = SURFACE_STYLE_USAGE(.BOTH.,#13209);
#13209 = SURFACE_SIDE_STYLE('',(#13210));
#13210 = SURFACE_STYLE_FILL_AREA(#13211);
#13211 = FILL_AREA_STYLE('',(#13212));
#13212 = FILL_AREA_STYLE_COLOUR('',#13191);
#13213 = OVER_RIDING_STYLED_ITEM('overriding color',(#13214),#2769,
  #13166);
#13214 = PRESENTATION_STYLE_ASSIGNMENT((#13215));
#13215 = SURFACE_STYLE_USAGE(.BOTH.,#13216);
#13216 = SURFACE_SIDE_STYLE('',(#13217));
#13217 = SURFACE_STYLE_FILL_AREA(#13218);
#13218 = FILL_AREA_STYLE('',(#13219));
#13219 = FILL_AREA_STYLE_COLOUR('',#13191);
#13220 = OVER_RIDING_STYLED_ITEM('overriding color',(#13221),#2945,
  #13166);
#13221 = PRESENTATION_STYLE_ASSIGNMENT((#13222));
#13222 = SURFACE_STYLE_USAGE(.BOTH.,#13223);
#13223 = SURFACE_SIDE_STYLE('',(#13224));
#13224 = SURFACE_STYLE_FILL_AREA(#13225);
#13225 = FILL_AREA_STYLE('',(#13226));
#13226 = FILL_AREA_STYLE_COLOUR('',#13191);
#13227 = OVER_RIDING_STYLED_ITEM('overriding color',(#13228),#3117,
  #13166);
#13228 = PRESENTATION_STYLE_ASSIGNMENT((#13229));
#13229 = SURFACE_STYLE_USAGE(.BOTH.,#13230);
#13230 = SURFACE_SIDE_STYLE('',(#13231));
#13231 = SURFACE_STYLE_FILL_AREA(#13232);
#13232 = FILL_AREA_STYLE('',(#13233));
#13233 = FILL_AREA_STYLE_COLOUR('',#13183);
#13234 = OVER_RIDING_STYLED_ITEM('overriding color',(#13235),#3142,
  #13166);
#13235 = PRESENTATION_STYLE_ASSIGNMENT((#13236));
#13236 = SURFACE_STYLE_USAGE(.BOTH.,#13237);
#13237 = SURFACE_SIDE_STYLE('',(#13238));
#13238 = SURFACE_STYLE_FILL_AREA(#13239);
#13239 = FILL_AREA_STYLE('',(#13240));
#13240 = FILL_AREA_STYLE_COLOUR('',#13183);
#13241 = OVER_RIDING_STYLED_ITEM('overriding color',(#13242),#3152,
  #13166);
#13242 = PRESENTATION_STYLE_ASSIGNMENT((#13243));
#13243 = SURFACE_STYLE_USAGE(.BOTH.,#13244);
#13244 = SURFACE_SIDE_STYLE('',(#13245));
#13245 = SURFACE_STYLE_FILL_AREA(#13246);
#13246 = FILL_AREA_STYLE('',(#13247));
#13247 = FILL_AREA_STYLE_COLOUR('',#13183);
#13248 = OVER_RIDING_STYLED_ITEM('overriding color',(#13249),#3180,
  #13166);
#13249 = PRESENTATION_STYLE_ASSIGNMENT((#13250));
#13250 = SURFACE_STYLE_USAGE(.BOTH.,#13251);
#13251 = SURFACE_SIDE_STYLE('',(#13252));
#13252 = SURFACE_STYLE_FILL_AREA(#13253);
#13253 = FILL_AREA_STYLE('',(#13254));
#13254 = FILL_AREA_STYLE_COLOUR('',#13183);
#13255 = OVER_RIDING_STYLED_ITEM('overriding color',(#13256),#3210,
  #13166);
#13256 = PRESENTATION_STYLE_ASSIGNMENT((#13257));
#13257 = SURFACE_STYLE_USAGE(.BOTH.,#13258);
#13258 = SURFACE_SIDE_STYLE('',(#13259));
#13259 = SURFACE_STYLE_FILL_AREA(#13260);
#13260 = FILL_AREA_STYLE('',(#13261));
#13261 = FILL_AREA_STYLE_COLOUR('',#13183);
#13262 = OVER_RIDING_STYLED_ITEM('overriding color',(#13263),#3240,
  #13166);
#13263 = PRESENTATION_STYLE_ASSIGNMENT((#13264));
#13264 = SURFACE_STYLE_USAGE(.BOTH.,#13265);
#13265 = SURFACE_SIDE_STYLE('',(#13266));
#13266 = SURFACE_STYLE_FILL_AREA(#13267);
#13267 = FILL_AREA_STYLE('',(#13268));
#13268 = FILL_AREA_STYLE_COLOUR('',#13183);
#13269 = OVER_RIDING_STYLED_ITEM('overriding color',(#13270),#3256,
  #13166);
#13270 = PRESENTATION_STYLE_ASSIGNMENT((#13271));
#13271 = SURFACE_STYLE_USAGE(.BOTH.,#13272);
#13272 = SURFACE_SIDE_STYLE('',(#13273));
#13273 = SURFACE_STYLE_FILL_AREA(#13274);
#13274 = FILL_AREA_STYLE('',(#13275));
#13275 = FILL_AREA_STYLE_COLOUR('',#13183);
#13276 = OVER_RIDING_STYLED_ITEM('overriding color',(#13277),#3272,
  #13166);
#13277 = PRESENTATION_STYLE_ASSIGNMENT((#13278));
#13278 = SURFACE_STYLE_USAGE(.BOTH.,#13279);
#13279 = SURFACE_SIDE_STYLE('',(#13280));
#13280 = SURFACE_STYLE_FILL_AREA(#13281);
#13281 = FILL_AREA_STYLE('',(#13282));
#13282 = FILL_AREA_STYLE_COLOUR('',#13183);
#13283 = OVER_RIDING_STYLED_ITEM('overriding color',(#13284),#3284,
  #13166);
#13284 = PRESENTATION_STYLE_ASSIGNMENT((#13285));
#13285 = SURFACE_STYLE_USAGE(.BOTH.,#13286);
#13286 = SURFACE_SIDE_STYLE('',(#13287));
#13287 = SURFACE_STYLE_FILL_AREA(#13288);
#13288 = FILL_AREA_STYLE('',(#13289));
#13289 = FILL_AREA_STYLE_COLOUR('',#13183);
#13290 = OVER_RIDING_STYLED_ITEM('overriding color',(#13291),#3312,
  #13166);
#13291 = PRESENTATION_STYLE_ASSIGNMENT((#13292));
#13292 = SURFACE_STYLE_USAGE(.BOTH.,#13293);
#13293 = SURFACE_SIDE_STYLE('',(#13294));
#13294 = SURFACE_STYLE_FILL_AREA(#13295);
#13295 = FILL_AREA_STYLE('',(#13296));
#13296 = FILL_AREA_STYLE_COLOUR('',#13183);
#13297 = OVER_RIDING_STYLED_ITEM('overriding color',(#13298),#3342,
  #13166);
#13298 = PRESENTATION_STYLE_ASSIGNMENT((#13299));
#13299 = SURFACE_STYLE_USAGE(.BOTH.,#13300);
#13300 = SURFACE_SIDE_STYLE('',(#13301));
#13301 = SURFACE_STYLE_FILL_AREA(#13302);
#13302 = FILL_AREA_STYLE('',(#13303));
#13303 = FILL_AREA_STYLE_COLOUR('',#13183);
#13304 = OVER_RIDING_STYLED_ITEM('overriding color',(#13305),#3372,
  #13166);
#13305 = PRESENTATION_STYLE_ASSIGNMENT((#13306));
#13306 = SURFACE_STYLE_USAGE(.BOTH.,#13307);
#13307 = SURFACE_SIDE_STYLE('',(#13308));
#13308 = SURFACE_STYLE_FILL_AREA(#13309);
#13309 = FILL_AREA_STYLE('',(#13310));
#13310 = FILL_AREA_STYLE_COLOUR('',#13183);
#13311 = OVER_RIDING_STYLED_ITEM('overriding color',(#13312),#3388,
  #13166);
#13312 = PRESENTATION_STYLE_ASSIGNMENT((#13313));
#13313 = SURFACE_STYLE_USAGE(.BOTH.,#13314);
#13314 = SURFACE_SIDE_STYLE('',(#13315));
#13315 = SURFACE_STYLE_FILL_AREA(#13316);
#13316 = FILL_AREA_STYLE('',(#13317));
#13317 = FILL_AREA_STYLE_COLOUR('',#13183);
#13318 = OVER_RIDING_STYLED_ITEM('overriding color',(#13319),#3404,
  #13166);
#13319 = PRESENTATION_STYLE_ASSIGNMENT((#13320));
#13320 = SURFACE_STYLE_USAGE(.BOTH.,#13321);
#13321 = SURFACE_SIDE_STYLE('',(#13322));
#13322 = SURFACE_STYLE_FILL_AREA(#13323);
#13323 = FILL_AREA_STYLE('',(#13324));
#13324 = FILL_AREA_STYLE_COLOUR('',#13183);
#13325 = OVER_RIDING_STYLED_ITEM('overriding color',(#13326),#3416,
  #13166);
#13326 = PRESENTATION_STYLE_ASSIGNMENT((#13327));
#13327 = SURFACE_STYLE_USAGE(.BOTH.,#13328);
#13328 = SURFACE_SIDE_STYLE('',(#13329));
#13329 = SURFACE_STYLE_FILL_AREA(#13330);
#13330 = FILL_AREA_STYLE('',(#13331));
#13331 = FILL_AREA_STYLE_COLOUR('',#13183);
#13332 = OVER_RIDING_STYLED_ITEM('overriding color',(#13333),#3444,
  #13166);
#13333 = PRESENTATION_STYLE_ASSIGNMENT((#13334));
#13334 = SURFACE_STYLE_USAGE(.BOTH.,#13335);
#13335 = SURFACE_SIDE_STYLE('',(#13336));
#13336 = SURFACE_STYLE_FILL_AREA(#13337);
#13337 = FILL_AREA_STYLE('',(#13338));
#13338 = FILL_AREA_STYLE_COLOUR('',#13183);
#13339 = OVER_RIDING_STYLED_ITEM('overriding color',(#13340),#3474,
  #13166);
#13340 = PRESENTATION_STYLE_ASSIGNMENT((#13341));
#13341 = SURFACE_STYLE_USAGE(.BOTH.,#13342);
#13342 = SURFACE_SIDE_STYLE('',(#13343));
#13343 = SURFACE_STYLE_FILL_AREA(#13344);
#13344 = FILL_AREA_STYLE('',(#13345));
#13345 = FILL_AREA_STYLE_COLOUR('',#13183);
#13346 = OVER_RIDING_STYLED_ITEM('overriding color',(#13347),#3504,
  #13166);
#13347 = PRESENTATION_STYLE_ASSIGNMENT((#13348));
#13348 = SURFACE_STYLE_USAGE(.BOTH.,#13349);
#13349 = SURFACE_SIDE_STYLE('',(#13350));
#13350 = SURFACE_STYLE_FILL_AREA(#13351);
#13351 = FILL_AREA_STYLE('',(#13352));
#13352 = FILL_AREA_STYLE_COLOUR('',#13183);
#13353 = OVER_RIDING_STYLED_ITEM('overriding color',(#13354),#3520,
  #13166);
#13354 = PRESENTATION_STYLE_ASSIGNMENT((#13355));
#13355 = SURFACE_STYLE_USAGE(.BOTH.,#13356);
#13356 = SURFACE_SIDE_STYLE('',(#13357));
#13357 = SURFACE_STYLE_FILL_AREA(#13358);
#13358 = FILL_AREA_STYLE('',(#13359));
#13359 = FILL_AREA_STYLE_COLOUR('',#13183);
#13360 = OVER_RIDING_STYLED_ITEM('overriding color',(#13361),#3536,
  #13166);
#13361 = PRESENTATION_STYLE_ASSIGNMENT((#13362));
#13362 = SURFACE_STYLE_USAGE(.BOTH.,#13363);
#13363 = SURFACE_SIDE_STYLE('',(#13364));
#13364 = SURFACE_STYLE_FILL_AREA(#13365);
#13365 = FILL_AREA_STYLE('',(#13366));
#13366 = FILL_AREA_STYLE_COLOUR('',#13183);
#13367 = OVER_RIDING_STYLED_ITEM('overriding color',(#13368),#3548,
  #13166);
#13368 = PRESENTATION_STYLE_ASSIGNMENT((#13369));
#13369 = SURFACE_STYLE_USAGE(.BOTH.,#13370);
#13370 = SURFACE_SIDE_STYLE('',(#13371));
#13371 = SURFACE_STYLE_FILL_AREA(#13372);
#13372 = FILL_AREA_STYLE('',(#13373));
#13373 = FILL_AREA_STYLE_COLOUR('',#13183);
#13374 = OVER_RIDING_STYLED_ITEM('overriding color',(#13375),#3576,
  #13166);
#13375 = PRESENTATION_STYLE_ASSIGNMENT((#13376));
#13376 = SURFACE_STYLE_USAGE(.BOTH.,#13377);
#13377 = SURFACE_SIDE_STYLE('',(#13378));
#13378 = SURFACE_STYLE_FILL_AREA(#13379);
#13379 = FILL_AREA_STYLE('',(#13380));
#13380 = FILL_AREA_STYLE_COLOUR('',#13183);
#13381 = OVER_RIDING_STYLED_ITEM('overriding color',(#13382),#3606,
  #13166);
#13382 = PRESENTATION_STYLE_ASSIGNMENT((#13383));
#13383 = SURFACE_STYLE_USAGE(.BOTH.,#13384);
#13384 = SURFACE_SIDE_STYLE('',(#13385));
#13385 = SURFACE_STYLE_FILL_AREA(#13386);
#13386 = FILL_AREA_STYLE('',(#13387));
#13387 = FILL_AREA_STYLE_COLOUR('',#13183);
#13388 = OVER_RIDING_STYLED_ITEM('overriding color',(#13389),#3636,
  #13166);
#13389 = PRESENTATION_STYLE_ASSIGNMENT((#13390));
#13390 = SURFACE_STYLE_USAGE(.BOTH.,#13391);
#13391 = SURFACE_SIDE_STYLE('',(#13392));
#13392 = SURFACE_STYLE_FILL_AREA(#13393);
#13393 = FILL_AREA_STYLE('',(#13394));
#13394 = FILL_AREA_STYLE_COLOUR('',#13183);
#13395 = OVER_RIDING_STYLED_ITEM('overriding color',(#13396),#3652,
  #13166);
#13396 = PRESENTATION_STYLE_ASSIGNMENT((#13397));
#13397 = SURFACE_STYLE_USAGE(.BOTH.,#13398);
#13398 = SURFACE_SIDE_STYLE('',(#13399));
#13399 = SURFACE_STYLE_FILL_AREA(#13400);
#13400 = FILL_AREA_STYLE('',(#13401));
#13401 = FILL_AREA_STYLE_COLOUR('',#13183);
#13402 = OVER_RIDING_STYLED_ITEM('overriding color',(#13403),#3668,
  #13166);
#13403 = PRESENTATION_STYLE_ASSIGNMENT((#13404));
#13404 = SURFACE_STYLE_USAGE(.BOTH.,#13405);
#13405 = SURFACE_SIDE_STYLE('',(#13406));
#13406 = SURFACE_STYLE_FILL_AREA(#13407);
#13407 = FILL_AREA_STYLE('',(#13408));
#13408 = FILL_AREA_STYLE_COLOUR('',#13183);
#13409 = OVER_RIDING_STYLED_ITEM('overriding color',(#13410),#3680,
  #13166);
#13410 = PRESENTATION_STYLE_ASSIGNMENT((#13411));
#13411 = SURFACE_STYLE_USAGE(.BOTH.,#13412);
#13412 = SURFACE_SIDE_STYLE('',(#13413));
#13413 = SURFACE_STYLE_FILL_AREA(#13414);
#13414 = FILL_AREA_STYLE('',(#13415));
#13415 = FILL_AREA_STYLE_COLOUR('',#13183);
#13416 = OVER_RIDING_STYLED_ITEM('overriding color',(#13417),#3708,
  #13166);
#13417 = PRESENTATION_STYLE_ASSIGNMENT((#13418));
#13418 = SURFACE_STYLE_USAGE(.BOTH.,#13419);
#13419 = SURFACE_SIDE_STYLE('',(#13420));
#13420 = SURFACE_STYLE_FILL_AREA(#13421);
#13421 = FILL_AREA_STYLE('',(#13422));
#13422 = FILL_AREA_STYLE_COLOUR('',#13183);
#13423 = OVER_RIDING_STYLED_ITEM('overriding color',(#13424),#3738,
  #13166);
#13424 = PRESENTATION_STYLE_ASSIGNMENT((#13425));
#13425 = SURFACE_STYLE_USAGE(.BOTH.,#13426);
#13426 = SURFACE_SIDE_STYLE('',(#13427));
#13427 = SURFACE_STYLE_FILL_AREA(#13428);
#13428 = FILL_AREA_STYLE('',(#13429));
#13429 = FILL_AREA_STYLE_COLOUR('',#13183);
#13430 = OVER_RIDING_STYLED_ITEM('overriding color',(#13431),#3768,
  #13166);
#13431 = PRESENTATION_STYLE_ASSIGNMENT((#13432));
#13432 = SURFACE_STYLE_USAGE(.BOTH.,#13433);
#13433 = SURFACE_SIDE_STYLE('',(#13434));
#13434 = SURFACE_STYLE_FILL_AREA(#13435);
#13435 = FILL_AREA_STYLE('',(#13436));
#13436 = FILL_AREA_STYLE_COLOUR('',#13183);
#13437 = OVER_RIDING_STYLED_ITEM('overriding color',(#13438),#3784,
  #13166);
#13438 = PRESENTATION_STYLE_ASSIGNMENT((#13439));
#13439 = SURFACE_STYLE_USAGE(.BOTH.,#13440);
#13440 = SURFACE_SIDE_STYLE('',(#13441));
#13441 = SURFACE_STYLE_FILL_AREA(#13442);
#13442 = FILL_AREA_STYLE('',(#13443));
#13443 = FILL_AREA_STYLE_COLOUR('',#13183);
#13444 = OVER_RIDING_STYLED_ITEM('overriding color',(#13445),#3800,
  #13166);
#13445 = PRESENTATION_STYLE_ASSIGNMENT((#13446));
#13446 = SURFACE_STYLE_USAGE(.BOTH.,#13447);
#13447 = SURFACE_SIDE_STYLE('',(#13448));
#13448 = SURFACE_STYLE_FILL_AREA(#13449);
#13449 = FILL_AREA_STYLE('',(#13450));
#13450 = FILL_AREA_STYLE_COLOUR('',#13183);
#13451 = OVER_RIDING_STYLED_ITEM('overriding color',(#13452),#3812,
  #13166);
#13452 = PRESENTATION_STYLE_ASSIGNMENT((#13453));
#13453 = SURFACE_STYLE_USAGE(.BOTH.,#13454);
#13454 = SURFACE_SIDE_STYLE('',(#13455));
#13455 = SURFACE_STYLE_FILL_AREA(#13456);
#13456 = FILL_AREA_STYLE('',(#13457));
#13457 = FILL_AREA_STYLE_COLOUR('',#13183);
#13458 = OVER_RIDING_STYLED_ITEM('overriding color',(#13459),#3840,
  #13166);
#13459 = PRESENTATION_STYLE_ASSIGNMENT((#13460));
#13460 = SURFACE_STYLE_USAGE(.BOTH.,#13461);
#13461 = SURFACE_SIDE_STYLE('',(#13462));
#13462 = SURFACE_STYLE_FILL_AREA(#13463);
#13463 = FILL_AREA_STYLE('',(#13464));
#13464 = FILL_AREA_STYLE_COLOUR('',#13183);
#13465 = OVER_RIDING_STYLED_ITEM('overriding color',(#13466),#3870,
  #13166);
#13466 = PRESENTATION_STYLE_ASSIGNMENT((#13467));
#13467 = SURFACE_STYLE_USAGE(.BOTH.,#13468);
#13468 = SURFACE_SIDE_STYLE('',(#13469));
#13469 = SURFACE_STYLE_FILL_AREA(#13470);
#13470 = FILL_AREA_STYLE('',(#13471));
#13471 = FILL_AREA_STYLE_COLOUR('',#13183);
#13472 = OVER_RIDING_STYLED_ITEM('overriding color',(#13473),#3900,
  #13166);
#13473 = PRESENTATION_STYLE_ASSIGNMENT((#13474));
#13474 = SURFACE_STYLE_USAGE(.BOTH.,#13475);
#13475 = SURFACE_SIDE_STYLE('',(#13476));
#13476 = SURFACE_STYLE_FILL_AREA(#13477);
#13477 = FILL_AREA_STYLE('',(#13478));
#13478 = FILL_AREA_STYLE_COLOUR('',#13183);
#13479 = OVER_RIDING_STYLED_ITEM('overriding color',(#13480),#3916,
  #13166);
#13480 = PRESENTATION_STYLE_ASSIGNMENT((#13481));
#13481 = SURFACE_STYLE_USAGE(.BOTH.,#13482);
#13482 = SURFACE_SIDE_STYLE('',(#13483));
#13483 = SURFACE_STYLE_FILL_AREA(#13484);
#13484 = FILL_AREA_STYLE('',(#13485));
#13485 = FILL_AREA_STYLE_COLOUR('',#13183);
#13486 = OVER_RIDING_STYLED_ITEM('overriding color',(#13487),#3932,
  #13166);
#13487 = PRESENTATION_STYLE_ASSIGNMENT((#13488));
#13488 = SURFACE_STYLE_USAGE(.BOTH.,#13489);
#13489 = SURFACE_SIDE_STYLE('',(#13490));
#13490 = SURFACE_STYLE_FILL_AREA(#13491);
#13491 = FILL_AREA_STYLE('',(#13492));
#13492 = FILL_AREA_STYLE_COLOUR('',#13183);
#13493 = OVER_RIDING_STYLED_ITEM('overriding color',(#13494),#3944,
  #13166);
#13494 = PRESENTATION_STYLE_ASSIGNMENT((#13495));
#13495 = SURFACE_STYLE_USAGE(.BOTH.,#13496);
#13496 = SURFACE_SIDE_STYLE('',(#13497));
#13497 = SURFACE_STYLE_FILL_AREA(#13498);
#13498 = FILL_AREA_STYLE('',(#13499));
#13499 = FILL_AREA_STYLE_COLOUR('',#13183);
#13500 = OVER_RIDING_STYLED_ITEM('overriding color',(#13501),#3972,
  #13166);
#13501 = PRESENTATION_STYLE_ASSIGNMENT((#13502));
#13502 = SURFACE_STYLE_USAGE(.BOTH.,#13503);
#13503 = SURFACE_SIDE_STYLE('',(#13504));
#13504 = SURFACE_STYLE_FILL_AREA(#13505);
#13505 = FILL_AREA_STYLE('',(#13506));
#13506 = FILL_AREA_STYLE_COLOUR('',#13183);
#13507 = OVER_RIDING_STYLED_ITEM('overriding color',(#13508),#4002,
  #13166);
#13508 = PRESENTATION_STYLE_ASSIGNMENT((#13509));
#13509 = SURFACE_STYLE_USAGE(.BOTH.,#13510);
#13510 = SURFACE_SIDE_STYLE('',(#13511));
#13511 = SURFACE_STYLE_FILL_AREA(#13512);
#13512 = FILL_AREA_STYLE('',(#13513));
#13513 = FILL_AREA_STYLE_COLOUR('',#13183);
#13514 = OVER_RIDING_STYLED_ITEM('overriding color',(#13515),#4032,
  #13166);
#13515 = PRESENTATION_STYLE_ASSIGNMENT((#13516));
#13516 = SURFACE_STYLE_USAGE(.BOTH.,#13517);
#13517 = SURFACE_SIDE_STYLE('',(#13518));
#13518 = SURFACE_STYLE_FILL_AREA(#13519);
#13519 = FILL_AREA_STYLE('',(#13520));
#13520 = FILL_AREA_STYLE_COLOUR('',#13183);
#13521 = OVER_RIDING_STYLED_ITEM('overriding color',(#13522),#4048,
  #13166);
#13522 = PRESENTATION_STYLE_ASSIGNMENT((#13523));
#13523 = SURFACE_STYLE_USAGE(.BOTH.,#13524);
#13524 = SURFACE_SIDE_STYLE('',(#13525));
#13525 = SURFACE_STYLE_FILL_AREA(#13526);
#13526 = FILL_AREA_STYLE('',(#13527));
#13527 = FILL_AREA_STYLE_COLOUR('',#13183);
#13528 = OVER_RIDING_STYLED_ITEM('overriding color',(#13529),#4064,
  #13166);
#13529 = PRESENTATION_STYLE_ASSIGNMENT((#13530));
#13530 = SURFACE_STYLE_USAGE(.BOTH.,#13531);
#13531 = SURFACE_SIDE_STYLE('',(#13532));
#13532 = SURFACE_STYLE_FILL_AREA(#13533);
#13533 = FILL_AREA_STYLE('',(#13534));
#13534 = FILL_AREA_STYLE_COLOUR('',#13183);
#13535 = OVER_RIDING_STYLED_ITEM('overriding color',(#13536),#4076,
  #13166);
#13536 = PRESENTATION_STYLE_ASSIGNMENT((#13537));
#13537 = SURFACE_STYLE_USAGE(.BOTH.,#13538);
#13538 = SURFACE_SIDE_STYLE('',(#13539));
#13539 = SURFACE_STYLE_FILL_AREA(#13540);
#13540 = FILL_AREA_STYLE('',(#13541));
#13541 = FILL_AREA_STYLE_COLOUR('',#13183);
#13542 = OVER_RIDING_STYLED_ITEM('overriding color',(#13543),#4104,
  #13166);
#13543 = PRESENTATION_STYLE_ASSIGNMENT((#13544));
#13544 = SURFACE_STYLE_USAGE(.BOTH.,#13545);
#13545 = SURFACE_SIDE_STYLE('',(#13546));
#13546 = SURFACE_STYLE_FILL_AREA(#13547);
#13547 = FILL_AREA_STYLE('',(#13548));
#13548 = FILL_AREA_STYLE_COLOUR('',#13183);
#13549 = OVER_RIDING_STYLED_ITEM('overriding color',(#13550),#4134,
  #13166);
#13550 = PRESENTATION_STYLE_ASSIGNMENT((#13551));
#13551 = SURFACE_STYLE_USAGE(.BOTH.,#13552);
#13552 = SURFACE_SIDE_STYLE('',(#13553));
#13553 = SURFACE_STYLE_FILL_AREA(#13554);
#13554 = FILL_AREA_STYLE('',(#13555));
#13555 = FILL_AREA_STYLE_COLOUR('',#13183);
#13556 = OVER_RIDING_STYLED_ITEM('overriding color',(#13557),#4164,
  #13166);
#13557 = PRESENTATION_STYLE_ASSIGNMENT((#13558));
#13558 = SURFACE_STYLE_USAGE(.BOTH.,#13559);
#13559 = SURFACE_SIDE_STYLE('',(#13560));
#13560 = SURFACE_STYLE_FILL_AREA(#13561);
#13561 = FILL_AREA_STYLE('',(#13562));
#13562 = FILL_AREA_STYLE_COLOUR('',#13183);
#13563 = OVER_RIDING_STYLED_ITEM('overriding color',(#13564),#4180,
  #13166);
#13564 = PRESENTATION_STYLE_ASSIGNMENT((#13565));
#13565 = SURFACE_STYLE_USAGE(.BOTH.,#13566);
#13566 = SURFACE_SIDE_STYLE('',(#13567));
#13567 = SURFACE_STYLE_FILL_AREA(#13568);
#13568 = FILL_AREA_STYLE('',(#13569));
#13569 = FILL_AREA_STYLE_COLOUR('',#13183);
#13570 = OVER_RIDING_STYLED_ITEM('overriding color',(#13571),#4196,
  #13166);
#13571 = PRESENTATION_STYLE_ASSIGNMENT((#13572));
#13572 = SURFACE_STYLE_USAGE(.BOTH.,#13573);
#13573 = SURFACE_SIDE_STYLE('',(#13574));
#13574 = SURFACE_STYLE_FILL_AREA(#13575);
#13575 = FILL_AREA_STYLE('',(#13576));
#13576 = FILL_AREA_STYLE_COLOUR('',#13183);
#13577 = OVER_RIDING_STYLED_ITEM('overriding color',(#13578),#4208,
  #13166);
#13578 = PRESENTATION_STYLE_ASSIGNMENT((#13579));
#13579 = SURFACE_STYLE_USAGE(.BOTH.,#13580);
#13580 = SURFACE_SIDE_STYLE('',(#13581));
#13581 = SURFACE_STYLE_FILL_AREA(#13582);
#13582 = FILL_AREA_STYLE('',(#13583));
#13583 = FILL_AREA_STYLE_COLOUR('',#13183);
#13584 = OVER_RIDING_STYLED_ITEM('overriding color',(#13585),#4236,
  #13166);
#13585 = PRESENTATION_STYLE_ASSIGNMENT((#13586));
#13586 = SURFACE_STYLE_USAGE(.BOTH.,#13587);
#13587 = SURFACE_SIDE_STYLE('',(#13588));
#13588 = SURFACE_STYLE_FILL_AREA(#13589);
#13589 = FILL_AREA_STYLE('',(#13590));
#13590 = FILL_AREA_STYLE_COLOUR('',#13183);
#13591 = OVER_RIDING_STYLED_ITEM('overriding color',(#13592),#4266,
  #13166);
#13592 = PRESENTATION_STYLE_ASSIGNMENT((#13593));
#13593 = SURFACE_STYLE_USAGE(.BOTH.,#13594);
#13594 = SURFACE_SIDE_STYLE('',(#13595));
#13595 = SURFACE_STYLE_FILL_AREA(#13596);
#13596 = FILL_AREA_STYLE('',(#13597));
#13597 = FILL_AREA_STYLE_COLOUR('',#13183);
#13598 = OVER_RIDING_STYLED_ITEM('overriding color',(#13599),#4288,
  #13166);
#13599 = PRESENTATION_STYLE_ASSIGNMENT((#13600));
#13600 = SURFACE_STYLE_USAGE(.BOTH.,#13601);
#13601 = SURFACE_SIDE_STYLE('',(#13602));
#13602 = SURFACE_STYLE_FILL_AREA(#13603);
#13603 = FILL_AREA_STYLE('',(#13604));
#13604 = FILL_AREA_STYLE_COLOUR('',#13183);
#13605 = OVER_RIDING_STYLED_ITEM('overriding color',(#13606),#4312,
  #13166);
#13606 = PRESENTATION_STYLE_ASSIGNMENT((#13607));
#13607 = SURFACE_STYLE_USAGE(.BOTH.,#13608);
#13608 = SURFACE_SIDE_STYLE('',(#13609));
#13609 = SURFACE_STYLE_FILL_AREA(#13610);
#13610 = FILL_AREA_STYLE('',(#13611));
#13611 = FILL_AREA_STYLE_COLOUR('',#13183);
#13612 = OVER_RIDING_STYLED_ITEM('overriding color',(#13613),#4328,
  #13166);
#13613 = PRESENTATION_STYLE_ASSIGNMENT((#13614));
#13614 = SURFACE_STYLE_USAGE(.BOTH.,#13615);
#13615 = SURFACE_SIDE_STYLE('',(#13616));
#13616 = SURFACE_STYLE_FILL_AREA(#13617);
#13617 = FILL_AREA_STYLE('',(#13618));
#13618 = FILL_AREA_STYLE_COLOUR('',#13183);
#13619 = OVER_RIDING_STYLED_ITEM('overriding color',(#13620),#4340,
  #13166);
#13620 = PRESENTATION_STYLE_ASSIGNMENT((#13621));
#13621 = SURFACE_STYLE_USAGE(.BOTH.,#13622);
#13622 = SURFACE_SIDE_STYLE('',(#13623));
#13623 = SURFACE_STYLE_FILL_AREA(#13624);
#13624 = FILL_AREA_STYLE('',(#13625));
#13625 = FILL_AREA_STYLE_COLOUR('',#13183);
#13626 = OVER_RIDING_STYLED_ITEM('overriding color',(#13627),#4368,
  #13166);
#13627 = PRESENTATION_STYLE_ASSIGNMENT((#13628));
#13628 = SURFACE_STYLE_USAGE(.BOTH.,#13629);
#13629 = SURFACE_SIDE_STYLE('',(#13630));
#13630 = SURFACE_STYLE_FILL_AREA(#13631);
#13631 = FILL_AREA_STYLE('',(#13632));
#13632 = FILL_AREA_STYLE_COLOUR('',#13183);
#13633 = OVER_RIDING_STYLED_ITEM('overriding color',(#13634),#4398,
  #13166);
#13634 = PRESENTATION_STYLE_ASSIGNMENT((#13635));
#13635 = SURFACE_STYLE_USAGE(.BOTH.,#13636);
#13636 = SURFACE_SIDE_STYLE('',(#13637));
#13637 = SURFACE_STYLE_FILL_AREA(#13638);
#13638 = FILL_AREA_STYLE('',(#13639));
#13639 = FILL_AREA_STYLE_COLOUR('',#13183);
#13640 = OVER_RIDING_STYLED_ITEM('overriding color',(#13641),#4420,
  #13166);
#13641 = PRESENTATION_STYLE_ASSIGNMENT((#13642));
#13642 = SURFACE_STYLE_USAGE(.BOTH.,#13643);
#13643 = SURFACE_SIDE_STYLE('',(#13644));
#13644 = SURFACE_STYLE_FILL_AREA(#13645);
#13645 = FILL_AREA_STYLE('',(#13646));
#13646 = FILL_AREA_STYLE_COLOUR('',#13183);
#13647 = OVER_RIDING_STYLED_ITEM('overriding color',(#13648),#4444,
  #13166);
#13648 = PRESENTATION_STYLE_ASSIGNMENT((#13649));
#13649 = SURFACE_STYLE_USAGE(.BOTH.,#13650);
#13650 = SURFACE_SIDE_STYLE('',(#13651));
#13651 = SURFACE_STYLE_FILL_AREA(#13652);
#13652 = FILL_AREA_STYLE('',(#13653));
#13653 = FILL_AREA_STYLE_COLOUR('',#13183);
#13654 = OVER_RIDING_STYLED_ITEM('overriding color',(#13655),#4460,
  #13166);
#13655 = PRESENTATION_STYLE_ASSIGNMENT((#13656));
#13656 = SURFACE_STYLE_USAGE(.BOTH.,#13657);
#13657 = SURFACE_SIDE_STYLE('',(#13658));
#13658 = SURFACE_STYLE_FILL_AREA(#13659);
#13659 = FILL_AREA_STYLE('',(#13660));
#13660 = FILL_AREA_STYLE_COLOUR('',#13183);
#13661 = OVER_RIDING_STYLED_ITEM('overriding color',(#13662),#4472,
  #13166);
#13662 = PRESENTATION_STYLE_ASSIGNMENT((#13663));
#13663 = SURFACE_STYLE_USAGE(.BOTH.,#13664);
#13664 = SURFACE_SIDE_STYLE('',(#13665));
#13665 = SURFACE_STYLE_FILL_AREA(#13666);
#13666 = FILL_AREA_STYLE('',(#13667));
#13667 = FILL_AREA_STYLE_COLOUR('',#13183);
#13668 = OVER_RIDING_STYLED_ITEM('overriding color',(#13669),#4500,
  #13166);
#13669 = PRESENTATION_STYLE_ASSIGNMENT((#13670));
#13670 = SURFACE_STYLE_USAGE(.BOTH.,#13671);
#13671 = SURFACE_SIDE_STYLE('',(#13672));
#13672 = SURFACE_STYLE_FILL_AREA(#13673);
#13673 = FILL_AREA_STYLE('',(#13674));
#13674 = FILL_AREA_STYLE_COLOUR('',#13183);
#13675 = OVER_RIDING_STYLED_ITEM('overriding color',(#13676),#4530,
  #13166);
#13676 = PRESENTATION_STYLE_ASSIGNMENT((#13677));
#13677 = SURFACE_STYLE_USAGE(.BOTH.,#13678);
#13678 = SURFACE_SIDE_STYLE('',(#13679));
#13679 = SURFACE_STYLE_FILL_AREA(#13680);
#13680 = FILL_AREA_STYLE('',(#13681));
#13681 = FILL_AREA_STYLE_COLOUR('',#13183);
#13682 = OVER_RIDING_STYLED_ITEM('overriding color',(#13683),#4552,
  #13166);
#13683 = PRESENTATION_STYLE_ASSIGNMENT((#13684));
#13684 = SURFACE_STYLE_USAGE(.BOTH.,#13685);
#13685 = SURFACE_SIDE_STYLE('',(#13686));
#13686 = SURFACE_STYLE_FILL_AREA(#13687);
#13687 = FILL_AREA_STYLE('',(#13688));
#13688 = FILL_AREA_STYLE_COLOUR('',#13183);
#13689 = OVER_RIDING_STYLED_ITEM('overriding color',(#13690),#4576,
  #13166);
#13690 = PRESENTATION_STYLE_ASSIGNMENT((#13691));
#13691 = SURFACE_STYLE_USAGE(.BOTH.,#13692);
#13692 = SURFACE_SIDE_STYLE('',(#13693));
#13693 = SURFACE_STYLE_FILL_AREA(#13694);
#13694 = FILL_AREA_STYLE('',(#13695));
#13695 = FILL_AREA_STYLE_COLOUR('',#13183);
#13696 = OVER_RIDING_STYLED_ITEM('overriding color',(#13697),#4592,
  #13166);
#13697 = PRESENTATION_STYLE_ASSIGNMENT((#13698));
#13698 = SURFACE_STYLE_USAGE(.BOTH.,#13699);
#13699 = SURFACE_SIDE_STYLE('',(#13700));
#13700 = SURFACE_STYLE_FILL_AREA(#13701);
#13701 = FILL_AREA_STYLE('',(#13702));
#13702 = FILL_AREA_STYLE_COLOUR('',#13183);
#13703 = OVER_RIDING_STYLED_ITEM('overriding color',(#13704),#4604,
  #13166);
#13704 = PRESENTATION_STYLE_ASSIGNMENT((#13705));
#13705 = SURFACE_STYLE_USAGE(.BOTH.,#13706);
#13706 = SURFACE_SIDE_STYLE('',(#13707));
#13707 = SURFACE_STYLE_FILL_AREA(#13708);
#13708 = FILL_AREA_STYLE('',(#13709));
#13709 = FILL_AREA_STYLE_COLOUR('',#13183);
#13710 = OVER_RIDING_STYLED_ITEM('overriding color',(#13711),#4632,
  #13166);
#13711 = PRESENTATION_STYLE_ASSIGNMENT((#13712));
#13712 = SURFACE_STYLE_USAGE(.BOTH.,#13713);
#13713 = SURFACE_SIDE_STYLE('',(#13714));
#13714 = SURFACE_STYLE_FILL_AREA(#13715);
#13715 = FILL_AREA_STYLE('',(#13716));
#13716 = FILL_AREA_STYLE_COLOUR('',#13183);
#13717 = OVER_RIDING_STYLED_ITEM('overriding color',(#13718),#4662,
  #13166);
#13718 = PRESENTATION_STYLE_ASSIGNMENT((#13719));
#13719 = SURFACE_STYLE_USAGE(.BOTH.,#13720);
#13720 = SURFACE_SIDE_STYLE('',(#13721));
#13721 = SURFACE_STYLE_FILL_AREA(#13722);
#13722 = FILL_AREA_STYLE('',(#13723));
#13723 = FILL_AREA_STYLE_COLOUR('',#13183);
#13724 = OVER_RIDING_STYLED_ITEM('overriding color',(#13725),#4684,
  #13166);
#13725 = PRESENTATION_STYLE_ASSIGNMENT((#13726));
#13726 = SURFACE_STYLE_USAGE(.BOTH.,#13727);
#13727 = SURFACE_SIDE_STYLE('',(#13728));
#13728 = SURFACE_STYLE_FILL_AREA(#13729);
#13729 = FILL_AREA_STYLE('',(#13730));
#13730 = FILL_AREA_STYLE_COLOUR('',#13183);
#13731 = OVER_RIDING_STYLED_ITEM('overriding color',(#13732),#4708,
  #13166);
#13732 = PRESENTATION_STYLE_ASSIGNMENT((#13733));
#13733 = SURFACE_STYLE_USAGE(.BOTH.,#13734);
#13734 = SURFACE_SIDE_STYLE('',(#13735));
#13735 = SURFACE_STYLE_FILL_AREA(#13736);
#13736 = FILL_AREA_STYLE('',(#13737));
#13737 = FILL_AREA_STYLE_COLOUR('',#13183);
#13738 = OVER_RIDING_STYLED_ITEM('overriding color',(#13739),#4724,
  #13166);
#13739 = PRESENTATION_STYLE_ASSIGNMENT((#13740));
#13740 = SURFACE_STYLE_USAGE(.BOTH.,#13741);
#13741 = SURFACE_SIDE_STYLE('',(#13742));
#13742 = SURFACE_STYLE_FILL_AREA(#13743);
#13743 = FILL_AREA_STYLE('',(#13744));
#13744 = FILL_AREA_STYLE_COLOUR('',#13183);
#13745 = OVER_RIDING_STYLED_ITEM('overriding color',(#13746),#4736,
  #13166);
#13746 = PRESENTATION_STYLE_ASSIGNMENT((#13747));
#13747 = SURFACE_STYLE_USAGE(.BOTH.,#13748);
#13748 = SURFACE_SIDE_STYLE('',(#13749));
#13749 = SURFACE_STYLE_FILL_AREA(#13750);
#13750 = FILL_AREA_STYLE('',(#13751));
#13751 = FILL_AREA_STYLE_COLOUR('',#13183);
#13752 = OVER_RIDING_STYLED_ITEM('overriding color',(#13753),#4764,
  #13166);
#13753 = PRESENTATION_STYLE_ASSIGNMENT((#13754));
#13754 = SURFACE_STYLE_USAGE(.BOTH.,#13755);
#13755 = SURFACE_SIDE_STYLE('',(#13756));
#13756 = SURFACE_STYLE_FILL_AREA(#13757);
#13757 = FILL_AREA_STYLE('',(#13758));
#13758 = FILL_AREA_STYLE_COLOUR('',#13183);
#13759 = OVER_RIDING_STYLED_ITEM('overriding color',(#13760),#4794,
  #13166);
#13760 = PRESENTATION_STYLE_ASSIGNMENT((#13761));
#13761 = SURFACE_STYLE_USAGE(.BOTH.,#13762);
#13762 = SURFACE_SIDE_STYLE('',(#13763));
#13763 = SURFACE_STYLE_FILL_AREA(#13764);
#13764 = FILL_AREA_STYLE('',(#13765));
#13765 = FILL_AREA_STYLE_COLOUR('',#13183);
#13766 = OVER_RIDING_STYLED_ITEM('overriding color',(#13767),#4816,
  #13166);
#13767 = PRESENTATION_STYLE_ASSIGNMENT((#13768));
#13768 = SURFACE_STYLE_USAGE(.BOTH.,#13769);
#13769 = SURFACE_SIDE_STYLE('',(#13770));
#13770 = SURFACE_STYLE_FILL_AREA(#13771);
#13771 = FILL_AREA_STYLE('',(#13772));
#13772 = FILL_AREA_STYLE_COLOUR('',#13183);
#13773 = OVER_RIDING_STYLED_ITEM('overriding color',(#13774),#4840,
  #13166);
#13774 = PRESENTATION_STYLE_ASSIGNMENT((#13775));
#13775 = SURFACE_STYLE_USAGE(.BOTH.,#13776);
#13776 = SURFACE_SIDE_STYLE('',(#13777));
#13777 = SURFACE_STYLE_FILL_AREA(#13778);
#13778 = FILL_AREA_STYLE('',(#13779));
#13779 = FILL_AREA_STYLE_COLOUR('',#13183);
#13780 = OVER_RIDING_STYLED_ITEM('overriding color',(#13781),#4856,
  #13166);
#13781 = PRESENTATION_STYLE_ASSIGNMENT((#13782));
#13782 = SURFACE_STYLE_USAGE(.BOTH.,#13783);
#13783 = SURFACE_SIDE_STYLE('',(#13784));
#13784 = SURFACE_STYLE_FILL_AREA(#13785);
#13785 = FILL_AREA_STYLE('',(#13786));
#13786 = FILL_AREA_STYLE_COLOUR('',#13183);
#13787 = OVER_RIDING_STYLED_ITEM('overriding color',(#13788),#4868,
  #13166);
#13788 = PRESENTATION_STYLE_ASSIGNMENT((#13789));
#13789 = SURFACE_STYLE_USAGE(.BOTH.,#13790);
#13790 = SURFACE_SIDE_STYLE('',(#13791));
#13791 = SURFACE_STYLE_FILL_AREA(#13792);
#13792 = FILL_AREA_STYLE('',(#13793));
#13793 = FILL_AREA_STYLE_COLOUR('',#13183);
#13794 = OVER_RIDING_STYLED_ITEM('overriding color',(#13795),#4896,
  #13166);
#13795 = PRESENTATION_STYLE_ASSIGNMENT((#13796));
#13796 = SURFACE_STYLE_USAGE(.BOTH.,#13797);
#13797 = SURFACE_SIDE_STYLE('',(#13798));
#13798 = SURFACE_STYLE_FILL_AREA(#13799);
#13799 = FILL_AREA_STYLE('',(#13800));
#13800 = FILL_AREA_STYLE_COLOUR('',#13183);
#13801 = OVER_RIDING_STYLED_ITEM('overriding color',(#13802),#4926,
  #13166);
#13802 = PRESENTATION_STYLE_ASSIGNMENT((#13803));
#13803 = SURFACE_STYLE_USAGE(.BOTH.,#13804);
#13804 = SURFACE_SIDE_STYLE('',(#13805));
#13805 = SURFACE_STYLE_FILL_AREA(#13806);
#13806 = FILL_AREA_STYLE('',(#13807));
#13807 = FILL_AREA_STYLE_COLOUR('',#13183);
#13808 = OVER_RIDING_STYLED_ITEM('overriding color',(#13809),#4948,
  #13166);
#13809 = PRESENTATION_STYLE_ASSIGNMENT((#13810));
#13810 = SURFACE_STYLE_USAGE(.BOTH.,#13811);
#13811 = SURFACE_SIDE_STYLE('',(#13812));
#13812 = SURFACE_STYLE_FILL_AREA(#13813);
#13813 = FILL_AREA_STYLE('',(#13814));
#13814 = FILL_AREA_STYLE_COLOUR('',#13183);
#13815 = OVER_RIDING_STYLED_ITEM('overriding color',(#13816),#4972,
  #13166);
#13816 = PRESENTATION_STYLE_ASSIGNMENT((#13817));
#13817 = SURFACE_STYLE_USAGE(.BOTH.,#13818);
#13818 = SURFACE_SIDE_STYLE('',(#13819));
#13819 = SURFACE_STYLE_FILL_AREA(#13820);
#13820 = FILL_AREA_STYLE('',(#13821));
#13821 = FILL_AREA_STYLE_COLOUR('',#13183);
#13822 = OVER_RIDING_STYLED_ITEM('overriding color',(#13823),#4988,
  #13166);
#13823 = PRESENTATION_STYLE_ASSIGNMENT((#13824));
#13824 = SURFACE_STYLE_USAGE(.BOTH.,#13825);
#13825 = SURFACE_SIDE_STYLE('',(#13826));
#13826 = SURFACE_STYLE_FILL_AREA(#13827);
#13827 = FILL_AREA_STYLE('',(#13828));
#13828 = FILL_AREA_STYLE_COLOUR('',#13183);
#13829 = OVER_RIDING_STYLED_ITEM('overriding color',(#13830),#5000,
  #13166);
#13830 = PRESENTATION_STYLE_ASSIGNMENT((#13831));
#13831 = SURFACE_STYLE_USAGE(.BOTH.,#13832);
#13832 = SURFACE_SIDE_STYLE('',(#13833));
#13833 = SURFACE_STYLE_FILL_AREA(#13834);
#13834 = FILL_AREA_STYLE('',(#13835));
#13835 = FILL_AREA_STYLE_COLOUR('',#13183);
#13836 = OVER_RIDING_STYLED_ITEM('overriding color',(#13837),#5028,
  #13166);
#13837 = PRESENTATION_STYLE_ASSIGNMENT((#13838));
#13838 = SURFACE_STYLE_USAGE(.BOTH.,#13839);
#13839 = SURFACE_SIDE_STYLE('',(#13840));
#13840 = SURFACE_STYLE_FILL_AREA(#13841);
#13841 = FILL_AREA_STYLE('',(#13842));
#13842 = FILL_AREA_STYLE_COLOUR('',#13183);
#13843 = OVER_RIDING_STYLED_ITEM('overriding color',(#13844),#5058,
  #13166);
#13844 = PRESENTATION_STYLE_ASSIGNMENT((#13845));
#13845 = SURFACE_STYLE_USAGE(.BOTH.,#13846);
#13846 = SURFACE_SIDE_STYLE('',(#13847));
#13847 = SURFACE_STYLE_FILL_AREA(#13848);
#13848 = FILL_AREA_STYLE('',(#13849));
#13849 = FILL_AREA_STYLE_COLOUR('',#13183);
#13850 = OVER_RIDING_STYLED_ITEM('overriding color',(#13851),#5080,
  #13166);
#13851 = PRESENTATION_STYLE_ASSIGNMENT((#13852));
#13852 = SURFACE_STYLE_USAGE(.BOTH.,#13853);
#13853 = SURFACE_SIDE_STYLE('',(#13854));
#13854 = SURFACE_STYLE_FILL_AREA(#13855);
#13855 = FILL_AREA_STYLE('',(#13856));
#13856 = FILL_AREA_STYLE_COLOUR('',#13183);
#13857 = OVER_RIDING_STYLED_ITEM('overriding color',(#13858),#5104,
  #13166);
#13858 = PRESENTATION_STYLE_ASSIGNMENT((#13859));
#13859 = SURFACE_STYLE_USAGE(.BOTH.,#13860);
#13860 = SURFACE_SIDE_STYLE('',(#13861));
#13861 = SURFACE_STYLE_FILL_AREA(#13862);
#13862 = FILL_AREA_STYLE('',(#13863));
#13863 = FILL_AREA_STYLE_COLOUR('',#13183);
#13864 = OVER_RIDING_STYLED_ITEM('overriding color',(#13865),#5120,
  #13166);
#13865 = PRESENTATION_STYLE_ASSIGNMENT((#13866));
#13866 = SURFACE_STYLE_USAGE(.BOTH.,#13867);
#13867 = SURFACE_SIDE_STYLE('',(#13868));
#13868 = SURFACE_STYLE_FILL_AREA(#13869);
#13869 = FILL_AREA_STYLE('',(#13870));
#13870 = FILL_AREA_STYLE_COLOUR('',#13183);
#13871 = OVER_RIDING_STYLED_ITEM('overriding color',(#13872),#5132,
  #13166);
#13872 = PRESENTATION_STYLE_ASSIGNMENT((#13873));
#13873 = SURFACE_STYLE_USAGE(.BOTH.,#13874);
#13874 = SURFACE_SIDE_STYLE('',(#13875));
#13875 = SURFACE_STYLE_FILL_AREA(#13876);
#13876 = FILL_AREA_STYLE('',(#13877));
#13877 = FILL_AREA_STYLE_COLOUR('',#13183);
#13878 = OVER_RIDING_STYLED_ITEM('overriding color',(#13879),#5160,
  #13166);
#13879 = PRESENTATION_STYLE_ASSIGNMENT((#13880));
#13880 = SURFACE_STYLE_USAGE(.BOTH.,#13881);
#13881 = SURFACE_SIDE_STYLE('',(#13882));
#13882 = SURFACE_STYLE_FILL_AREA(#13883);
#13883 = FILL_AREA_STYLE('',(#13884));
#13884 = FILL_AREA_STYLE_COLOUR('',#13183);
#13885 = OVER_RIDING_STYLED_ITEM('overriding color',(#13886),#5190,
  #13166);
#13886 = PRESENTATION_STYLE_ASSIGNMENT((#13887));
#13887 = SURFACE_STYLE_USAGE(.BOTH.,#13888);
#13888 = SURFACE_SIDE_STYLE('',(#13889));
#13889 = SURFACE_STYLE_FILL_AREA(#13890);
#13890 = FILL_AREA_STYLE('',(#13891));
#13891 = FILL_AREA_STYLE_COLOUR('',#13183);
#13892 = OVER_RIDING_STYLED_ITEM('overriding color',(#13893),#5212,
  #13166);
#13893 = PRESENTATION_STYLE_ASSIGNMENT((#13894));
#13894 = SURFACE_STYLE_USAGE(.BOTH.,#13895);
#13895 = SURFACE_SIDE_STYLE('',(#13896));
#13896 = SURFACE_STYLE_FILL_AREA(#13897);
#13897 = FILL_AREA_STYLE('',(#13898));
#13898 = FILL_AREA_STYLE_COLOUR('',#13183);
#13899 = OVER_RIDING_STYLED_ITEM('overriding color',(#13900),#5236,
  #13166);
#13900 = PRESENTATION_STYLE_ASSIGNMENT((#13901));
#13901 = SURFACE_STYLE_USAGE(.BOTH.,#13902);
#13902 = SURFACE_SIDE_STYLE('',(#13903));
#13903 = SURFACE_STYLE_FILL_AREA(#13904);
#13904 = FILL_AREA_STYLE('',(#13905));
#13905 = FILL_AREA_STYLE_COLOUR('',#13183);
#13906 = OVER_RIDING_STYLED_ITEM('overriding color',(#13907),#5252,
  #13166);
#13907 = PRESENTATION_STYLE_ASSIGNMENT((#13908));
#13908 = SURFACE_STYLE_USAGE(.BOTH.,#13909);
#13909 = SURFACE_SIDE_STYLE('',(#13910));
#13910 = SURFACE_STYLE_FILL_AREA(#13911);
#13911 = FILL_AREA_STYLE('',(#13912));
#13912 = FILL_AREA_STYLE_COLOUR('',#13183);
#13913 = OVER_RIDING_STYLED_ITEM('overriding color',(#13914),#5264,
  #13166);
#13914 = PRESENTATION_STYLE_ASSIGNMENT((#13915));
#13915 = SURFACE_STYLE_USAGE(.BOTH.,#13916);
#13916 = SURFACE_SIDE_STYLE('',(#13917));
#13917 = SURFACE_STYLE_FILL_AREA(#13918);
#13918 = FILL_AREA_STYLE('',(#13919));
#13919 = FILL_AREA_STYLE_COLOUR('',#13183);
#13920 = OVER_RIDING_STYLED_ITEM('overriding color',(#13921),#5292,
  #13166);
#13921 = PRESENTATION_STYLE_ASSIGNMENT((#13922));
#13922 = SURFACE_STYLE_USAGE(.BOTH.,#13923);
#13923 = SURFACE_SIDE_STYLE('',(#13924));
#13924 = SURFACE_STYLE_FILL_AREA(#13925);
#13925 = FILL_AREA_STYLE('',(#13926));
#13926 = FILL_AREA_STYLE_COLOUR('',#13183);
#13927 = OVER_RIDING_STYLED_ITEM('overriding color',(#13928),#5322,
  #13166);
#13928 = PRESENTATION_STYLE_ASSIGNMENT((#13929));
#13929 = SURFACE_STYLE_USAGE(.BOTH.,#13930);
#13930 = SURFACE_SIDE_STYLE('',(#13931));
#13931 = SURFACE_STYLE_FILL_AREA(#13932);
#13932 = FILL_AREA_STYLE('',(#13933));
#13933 = FILL_AREA_STYLE_COLOUR('',#13183);
#13934 = OVER_RIDING_STYLED_ITEM('overriding color',(#13935),#5344,
  #13166);
#13935 = PRESENTATION_STYLE_ASSIGNMENT((#13936));
#13936 = SURFACE_STYLE_USAGE(.BOTH.,#13937);
#13937 = SURFACE_SIDE_STYLE('',(#13938));
#13938 = SURFACE_STYLE_FILL_AREA(#13939);
#13939 = FILL_AREA_STYLE('',(#13940));
#13940 = FILL_AREA_STYLE_COLOUR('',#13183);
#13941 = OVER_RIDING_STYLED_ITEM('overriding color',(#13942),#5368,
  #13166);
#13942 = PRESENTATION_STYLE_ASSIGNMENT((#13943));
#13943 = SURFACE_STYLE_USAGE(.BOTH.,#13944);
#13944 = SURFACE_SIDE_STYLE('',(#13945));
#13945 = SURFACE_STYLE_FILL_AREA(#13946);
#13946 = FILL_AREA_STYLE('',(#13947));
#13947 = FILL_AREA_STYLE_COLOUR('',#13183);
#13948 = OVER_RIDING_STYLED_ITEM('overriding color',(#13949),#5384,
  #13166);
#13949 = PRESENTATION_STYLE_ASSIGNMENT((#13950));
#13950 = SURFACE_STYLE_USAGE(.BOTH.,#13951);
#13951 = SURFACE_SIDE_STYLE('',(#13952));
#13952 = SURFACE_STYLE_FILL_AREA(#13953);
#13953 = FILL_AREA_STYLE('',(#13954));
#13954 = FILL_AREA_STYLE_COLOUR('',#13183);
#13955 = OVER_RIDING_STYLED_ITEM('overriding color',(#13956),#5396,
  #13166);
#13956 = PRESENTATION_STYLE_ASSIGNMENT((#13957));
#13957 = SURFACE_STYLE_USAGE(.BOTH.,#13958);
#13958 = SURFACE_SIDE_STYLE('',(#13959));
#13959 = SURFACE_STYLE_FILL_AREA(#13960);
#13960 = FILL_AREA_STYLE('',(#13961));
#13961 = FILL_AREA_STYLE_COLOUR('',#13183);
#13962 = OVER_RIDING_STYLED_ITEM('overriding color',(#13963),#5424,
  #13166);
#13963 = PRESENTATION_STYLE_ASSIGNMENT((#13964));
#13964 = SURFACE_STYLE_USAGE(.BOTH.,#13965);
#13965 = SURFACE_SIDE_STYLE('',(#13966));
#13966 = SURFACE_STYLE_FILL_AREA(#13967);
#13967 = FILL_AREA_STYLE('',(#13968));
#13968 = FILL_AREA_STYLE_COLOUR('',#13183);
#13969 = OVER_RIDING_STYLED_ITEM('overriding color',(#13970),#5454,
  #13166);
#13970 = PRESENTATION_STYLE_ASSIGNMENT((#13971));
#13971 = SURFACE_STYLE_USAGE(.BOTH.,#13972);
#13972 = SURFACE_SIDE_STYLE('',(#13973));
#13973 = SURFACE_STYLE_FILL_AREA(#13974);
#13974 = FILL_AREA_STYLE('',(#13975));
#13975 = FILL_AREA_STYLE_COLOUR('',#13183);
#13976 = OVER_RIDING_STYLED_ITEM('overriding color',(#13977),#5476,
  #13166);
#13977 = PRESENTATION_STYLE_ASSIGNMENT((#13978));
#13978 = SURFACE_STYLE_USAGE(.BOTH.,#13979);
#13979 = SURFACE_SIDE_STYLE('',(#13980));
#13980 = SURFACE_STYLE_FILL_AREA(#13981);
#13981 = FILL_AREA_STYLE('',(#13982));
#13982 = FILL_AREA_STYLE_COLOUR('',#13183);
#13983 = OVER_RIDING_STYLED_ITEM('overriding color',(#13984),#5500,
  #13166);
#13984 = PRESENTATION_STYLE_ASSIGNMENT((#13985));
#13985 = SURFACE_STYLE_USAGE(.BOTH.,#13986);
#13986 = SURFACE_SIDE_STYLE('',(#13987));
#13987 = SURFACE_STYLE_FILL_AREA(#13988);
#13988 = FILL_AREA_STYLE('',(#13989));
#13989 = FILL_AREA_STYLE_COLOUR('',#13183);
#13990 = OVER_RIDING_STYLED_ITEM('overriding color',(#13991),#5516,
  #13166);
#13991 = PRESENTATION_STYLE_ASSIGNMENT((#13992));
#13992 = SURFACE_STYLE_USAGE(.BOTH.,#13993);
#13993 = SURFACE_SIDE_STYLE('',(#13994));
#13994 = SURFACE_STYLE_FILL_AREA(#13995);
#13995 = FILL_AREA_STYLE('',(#13996));
#13996 = FILL_AREA_STYLE_COLOUR('',#13183);
#13997 = OVER_RIDING_STYLED_ITEM('overriding color',(#13998),#5528,
  #13166);
#13998 = PRESENTATION_STYLE_ASSIGNMENT((#13999));
#13999 = SURFACE_STYLE_USAGE(.BOTH.,#14000);
#14000 = SURFACE_SIDE_STYLE('',(#14001));
#14001 = SURFACE_STYLE_FILL_AREA(#14002);
#14002 = FILL_AREA_STYLE('',(#14003));
#14003 = FILL_AREA_STYLE_COLOUR('',#13183);
#14004 = OVER_RIDING_STYLED_ITEM('overriding color',(#14005),#5556,
  #13166);
#14005 = PRESENTATION_STYLE_ASSIGNMENT((#14006));
#14006 = SURFACE_STYLE_USAGE(.BOTH.,#14007);
#14007 = SURFACE_SIDE_STYLE('',(#14008));
#14008 = SURFACE_STYLE_FILL_AREA(#14009);
#14009 = FILL_AREA_STYLE('',(#14010));
#14010 = FILL_AREA_STYLE_COLOUR('',#13183);
#14011 = OVER_RIDING_STYLED_ITEM('overriding color',(#14012),#5586,
  #13166);
#14012 = PRESENTATION_STYLE_ASSIGNMENT((#14013));
#14013 = SURFACE_STYLE_USAGE(.BOTH.,#14014);
#14014 = SURFACE_SIDE_STYLE('',(#14015));
#14015 = SURFACE_STYLE_FILL_AREA(#14016);
#14016 = FILL_AREA_STYLE('',(#14017));
#14017 = FILL_AREA_STYLE_COLOUR('',#13183);
#14018 = OVER_RIDING_STYLED_ITEM('overriding color',(#14019),#5608,
  #13166);
#14019 = PRESENTATION_STYLE_ASSIGNMENT((#14020));
#14020 = SURFACE_STYLE_USAGE(.BOTH.,#14021);
#14021 = SURFACE_SIDE_STYLE('',(#14022));
#14022 = SURFACE_STYLE_FILL_AREA(#14023);
#14023 = FILL_AREA_STYLE('',(#14024));
#14024 = FILL_AREA_STYLE_COLOUR('',#13183);
#14025 = OVER_RIDING_STYLED_ITEM('overriding color',(#14026),#5632,
  #13166);
#14026 = PRESENTATION_STYLE_ASSIGNMENT((#14027));
#14027 = SURFACE_STYLE_USAGE(.BOTH.,#14028);
#14028 = SURFACE_SIDE_STYLE('',(#14029));
#14029 = SURFACE_STYLE_FILL_AREA(#14030);
#14030 = FILL_AREA_STYLE('',(#14031));
#14031 = FILL_AREA_STYLE_COLOUR('',#13183);
#14032 = OVER_RIDING_STYLED_ITEM('overriding color',(#14033),#5648,
  #13166);
#14033 = PRESENTATION_STYLE_ASSIGNMENT((#14034));
#14034 = SURFACE_STYLE_USAGE(.BOTH.,#14035);
#14035 = SURFACE_SIDE_STYLE('',(#14036));
#14036 = SURFACE_STYLE_FILL_AREA(#14037);
#14037 = FILL_AREA_STYLE('',(#14038));
#14038 = FILL_AREA_STYLE_COLOUR('',#13183);
#14039 = OVER_RIDING_STYLED_ITEM('overriding color',(#14040),#5660,
  #13166);
#14040 = PRESENTATION_STYLE_ASSIGNMENT((#14041));
#14041 = SURFACE_STYLE_USAGE(.BOTH.,#14042);
#14042 = SURFACE_SIDE_STYLE('',(#14043));
#14043 = SURFACE_STYLE_FILL_AREA(#14044);
#14044 = FILL_AREA_STYLE('',(#14045));
#14045 = FILL_AREA_STYLE_COLOUR('',#13183);
#14046 = OVER_RIDING_STYLED_ITEM('overriding color',(#14047),#5688,
  #13166);
#14047 = PRESENTATION_STYLE_ASSIGNMENT((#14048));
#14048 = SURFACE_STYLE_USAGE(.BOTH.,#14049);
#14049 = SURFACE_SIDE_STYLE('',(#14050));
#14050 = SURFACE_STYLE_FILL_AREA(#14051);
#14051 = FILL_AREA_STYLE('',(#14052));
#14052 = FILL_AREA_STYLE_COLOUR('',#13183);
#14053 = OVER_RIDING_STYLED_ITEM('overriding color',(#14054),#5718,
  #13166);
#14054 = PRESENTATION_STYLE_ASSIGNMENT((#14055));
#14055 = SURFACE_STYLE_USAGE(.BOTH.,#14056);
#14056 = SURFACE_SIDE_STYLE('',(#14057));
#14057 = SURFACE_STYLE_FILL_AREA(#14058);
#14058 = FILL_AREA_STYLE('',(#14059));
#14059 = FILL_AREA_STYLE_COLOUR('',#13183);
#14060 = OVER_RIDING_STYLED_ITEM('overriding color',(#14061),#5740,
  #13166);
#14061 = PRESENTATION_STYLE_ASSIGNMENT((#14062));
#14062 = SURFACE_STYLE_USAGE(.BOTH.,#14063);
#14063 = SURFACE_SIDE_STYLE('',(#14064));
#14064 = SURFACE_STYLE_FILL_AREA(#14065);
#14065 = FILL_AREA_STYLE('',(#14066));
#14066 = FILL_AREA_STYLE_COLOUR('',#13183);
#14067 = OVER_RIDING_STYLED_ITEM('overriding color',(#14068),#5764,
  #13166);
#14068 = PRESENTATION_STYLE_ASSIGNMENT((#14069));
#14069 = SURFACE_STYLE_USAGE(.BOTH.,#14070);
#14070 = SURFACE_SIDE_STYLE('',(#14071));
#14071 = SURFACE_STYLE_FILL_AREA(#14072);
#14072 = FILL_AREA_STYLE('',(#14073));
#14073 = FILL_AREA_STYLE_COLOUR('',#13183);
#14074 = OVER_RIDING_STYLED_ITEM('overriding color',(#14075),#5780,
  #13166);
#14075 = PRESENTATION_STYLE_ASSIGNMENT((#14076));
#14076 = SURFACE_STYLE_USAGE(.BOTH.,#14077);
#14077 = SURFACE_SIDE_STYLE('',(#14078));
#14078 = SURFACE_STYLE_FILL_AREA(#14079);
#14079 = FILL_AREA_STYLE('',(#14080));
#14080 = FILL_AREA_STYLE_COLOUR('',#13183);
#14081 = OVER_RIDING_STYLED_ITEM('overriding color',(#14082),#5792,
  #13166);
#14082 = PRESENTATION_STYLE_ASSIGNMENT((#14083));
#14083 = SURFACE_STYLE_USAGE(.BOTH.,#14084);
#14084 = SURFACE_SIDE_STYLE('',(#14085));
#14085 = SURFACE_STYLE_FILL_AREA(#14086);
#14086 = FILL_AREA_STYLE('',(#14087));
#14087 = FILL_AREA_STYLE_COLOUR('',#13183);
#14088 = OVER_RIDING_STYLED_ITEM('overriding color',(#14089),#5820,
  #13166);
#14089 = PRESENTATION_STYLE_ASSIGNMENT((#14090));
#14090 = SURFACE_STYLE_USAGE(.BOTH.,#14091);
#14091 = SURFACE_SIDE_STYLE('',(#14092));
#14092 = SURFACE_STYLE_FILL_AREA(#14093);
#14093 = FILL_AREA_STYLE('',(#14094));
#14094 = FILL_AREA_STYLE_COLOUR('',#13183);
#14095 = OVER_RIDING_STYLED_ITEM('overriding color',(#14096),#5850,
  #13166);
#14096 = PRESENTATION_STYLE_ASSIGNMENT((#14097));
#14097 = SURFACE_STYLE_USAGE(.BOTH.,#14098);
#14098 = SURFACE_SIDE_STYLE('',(#14099));
#14099 = SURFACE_STYLE_FILL_AREA(#14100);
#14100 = FILL_AREA_STYLE('',(#14101));
#14101 = FILL_AREA_STYLE_COLOUR('',#13183);
#14102 = OVER_RIDING_STYLED_ITEM('overriding color',(#14103),#5872,
  #13166);
#14103 = PRESENTATION_STYLE_ASSIGNMENT((#14104));
#14104 = SURFACE_STYLE_USAGE(.BOTH.,#14105);
#14105 = SURFACE_SIDE_STYLE('',(#14106));
#14106 = SURFACE_STYLE_FILL_AREA(#14107);
#14107 = FILL_AREA_STYLE('',(#14108));
#14108 = FILL_AREA_STYLE_COLOUR('',#13183);
#14109 = OVER_RIDING_STYLED_ITEM('overriding color',(#14110),#5896,
  #13166);
#14110 = PRESENTATION_STYLE_ASSIGNMENT((#14111));
#14111 = SURFACE_STYLE_USAGE(.BOTH.,#14112);
#14112 = SURFACE_SIDE_STYLE('',(#14113));
#14113 = SURFACE_STYLE_FILL_AREA(#14114);
#14114 = FILL_AREA_STYLE('',(#14115));
#14115 = FILL_AREA_STYLE_COLOUR('',#13183);
#14116 = OVER_RIDING_STYLED_ITEM('overriding color',(#14117),#5912,
  #13166);
#14117 = PRESENTATION_STYLE_ASSIGNMENT((#14118));
#14118 = SURFACE_STYLE_USAGE(.BOTH.,#14119);
#14119 = SURFACE_SIDE_STYLE('',(#14120));
#14120 = SURFACE_STYLE_FILL_AREA(#14121);
#14121 = FILL_AREA_STYLE('',(#14122));
#14122 = FILL_AREA_STYLE_COLOUR('',#13183);
#14123 = OVER_RIDING_STYLED_ITEM('overriding color',(#14124),#5924,
  #13166);
#14124 = PRESENTATION_STYLE_ASSIGNMENT((#14125));
#14125 = SURFACE_STYLE_USAGE(.BOTH.,#14126);
#14126 = SURFACE_SIDE_STYLE('',(#14127));
#14127 = SURFACE_STYLE_FILL_AREA(#14128);
#14128 = FILL_AREA_STYLE('',(#14129));
#14129 = FILL_AREA_STYLE_COLOUR('',#13183);
#14130 = OVER_RIDING_STYLED_ITEM('overriding color',(#14131),#5952,
  #13166);
#14131 = PRESENTATION_STYLE_ASSIGNMENT((#14132));
#14132 = SURFACE_STYLE_USAGE(.BOTH.,#14133);
#14133 = SURFACE_SIDE_STYLE('',(#14134));
#14134 = SURFACE_STYLE_FILL_AREA(#14135);
#14135 = FILL_AREA_STYLE('',(#14136));
#14136 = FILL_AREA_STYLE_COLOUR('',#13183);
#14137 = OVER_RIDING_STYLED_ITEM('overriding color',(#14138),#5982,
  #13166);
#14138 = PRESENTATION_STYLE_ASSIGNMENT((#14139));
#14139 = SURFACE_STYLE_USAGE(.BOTH.,#14140);
#14140 = SURFACE_SIDE_STYLE('',(#14141));
#14141 = SURFACE_STYLE_FILL_AREA(#14142);
#14142 = FILL_AREA_STYLE('',(#14143));
#14143 = FILL_AREA_STYLE_COLOUR('',#13183);
#14144 = OVER_RIDING_STYLED_ITEM('overriding color',(#14145),#6004,
  #13166);
#14145 = PRESENTATION_STYLE_ASSIGNMENT((#14146));
#14146 = SURFACE_STYLE_USAGE(.BOTH.,#14147);
#14147 = SURFACE_SIDE_STYLE('',(#14148));
#14148 = SURFACE_STYLE_FILL_AREA(#14149);
#14149 = FILL_AREA_STYLE('',(#14150));
#14150 = FILL_AREA_STYLE_COLOUR('',#13183);
#14151 = OVER_RIDING_STYLED_ITEM('overriding color',(#14152),#6028,
  #13166);
#14152 = PRESENTATION_STYLE_ASSIGNMENT((#14153));
#14153 = SURFACE_STYLE_USAGE(.BOTH.,#14154);
#14154 = SURFACE_SIDE_STYLE('',(#14155));
#14155 = SURFACE_STYLE_FILL_AREA(#14156);
#14156 = FILL_AREA_STYLE('',(#14157));
#14157 = FILL_AREA_STYLE_COLOUR('',#13183);
#14158 = OVER_RIDING_STYLED_ITEM('overriding color',(#14159),#6044,
  #13166);
#14159 = PRESENTATION_STYLE_ASSIGNMENT((#14160));
#14160 = SURFACE_STYLE_USAGE(.BOTH.,#14161);
#14161 = SURFACE_SIDE_STYLE('',(#14162));
#14162 = SURFACE_STYLE_FILL_AREA(#14163);
#14163 = FILL_AREA_STYLE('',(#14164));
#14164 = FILL_AREA_STYLE_COLOUR('',#13183);
#14165 = OVER_RIDING_STYLED_ITEM('overriding color',(#14166),#6056,
  #13166);
#14166 = PRESENTATION_STYLE_ASSIGNMENT((#14167));
#14167 = SURFACE_STYLE_USAGE(.BOTH.,#14168);
#14168 = SURFACE_SIDE_STYLE('',(#14169));
#14169 = SURFACE_STYLE_FILL_AREA(#14170);
#14170 = FILL_AREA_STYLE('',(#14171));
#14171 = FILL_AREA_STYLE_COLOUR('',#13183);
#14172 = OVER_RIDING_STYLED_ITEM('overriding color',(#14173),#6084,
  #13166);
#14173 = PRESENTATION_STYLE_ASSIGNMENT((#14174));
#14174 = SURFACE_STYLE_USAGE(.BOTH.,#14175);
#14175 = SURFACE_SIDE_STYLE('',(#14176));
#14176 = SURFACE_STYLE_FILL_AREA(#14177);
#14177 = FILL_AREA_STYLE('',(#14178));
#14178 = FILL_AREA_STYLE_COLOUR('',#13183);
#14179 = OVER_RIDING_STYLED_ITEM('overriding color',(#14180),#6114,
  #13166);
#14180 = PRESENTATION_STYLE_ASSIGNMENT((#14181));
#14181 = SURFACE_STYLE_USAGE(.BOTH.,#14182);
#14182 = SURFACE_SIDE_STYLE('',(#14183));
#14183 = SURFACE_STYLE_FILL_AREA(#14184);
#14184 = FILL_AREA_STYLE('',(#14185));
#14185 = FILL_AREA_STYLE_COLOUR('',#13183);
#14186 = OVER_RIDING_STYLED_ITEM('overriding color',(#14187),#6136,
  #13166);
#14187 = PRESENTATION_STYLE_ASSIGNMENT((#14188));
#14188 = SURFACE_STYLE_USAGE(.BOTH.,#14189);
#14189 = SURFACE_SIDE_STYLE('',(#14190));
#14190 = SURFACE_STYLE_FILL_AREA(#14191);
#14191 = FILL_AREA_STYLE('',(#14192));
#14192 = FILL_AREA_STYLE_COLOUR('',#13183);
#14193 = OVER_RIDING_STYLED_ITEM('overriding color',(#14194),#6160,
  #13166);
#14194 = PRESENTATION_STYLE_ASSIGNMENT((#14195));
#14195 = SURFACE_STYLE_USAGE(.BOTH.,#14196);
#14196 = SURFACE_SIDE_STYLE('',(#14197));
#14197 = SURFACE_STYLE_FILL_AREA(#14198);
#14198 = FILL_AREA_STYLE('',(#14199));
#14199 = FILL_AREA_STYLE_COLOUR('',#13183);
#14200 = OVER_RIDING_STYLED_ITEM('overriding color',(#14201),#6176,
  #13166);
#14201 = PRESENTATION_STYLE_ASSIGNMENT((#14202));
#14202 = SURFACE_STYLE_USAGE(.BOTH.,#14203);
#14203 = SURFACE_SIDE_STYLE('',(#14204));
#14204 = SURFACE_STYLE_FILL_AREA(#14205);
#14205 = FILL_AREA_STYLE('',(#14206));
#14206 = FILL_AREA_STYLE_COLOUR('',#13183);
#14207 = OVER_RIDING_STYLED_ITEM('overriding color',(#14208),#6188,
  #13166);
#14208 = PRESENTATION_STYLE_ASSIGNMENT((#14209));
#14209 = SURFACE_STYLE_USAGE(.BOTH.,#14210);
#14210 = SURFACE_SIDE_STYLE('',(#14211));
#14211 = SURFACE_STYLE_FILL_AREA(#14212);
#14212 = FILL_AREA_STYLE('',(#14213));
#14213 = FILL_AREA_STYLE_COLOUR('',#13183);
#14214 = OVER_RIDING_STYLED_ITEM('overriding color',(#14215),#6216,
  #13166);
#14215 = PRESENTATION_STYLE_ASSIGNMENT((#14216));
#14216 = SURFACE_STYLE_USAGE(.BOTH.,#14217);
#14217 = SURFACE_SIDE_STYLE('',(#14218));
#14218 = SURFACE_STYLE_FILL_AREA(#14219);
#14219 = FILL_AREA_STYLE('',(#14220));
#14220 = FILL_AREA_STYLE_COLOUR('',#13183);
#14221 = OVER_RIDING_STYLED_ITEM('overriding color',(#14222),#6246,
  #13166);
#14222 = PRESENTATION_STYLE_ASSIGNMENT((#14223));
#14223 = SURFACE_STYLE_USAGE(.BOTH.,#14224);
#14224 = SURFACE_SIDE_STYLE('',(#14225));
#14225 = SURFACE_STYLE_FILL_AREA(#14226);
#14226 = FILL_AREA_STYLE('',(#14227));
#14227 = FILL_AREA_STYLE_COLOUR('',#13183);
#14228 = OVER_RIDING_STYLED_ITEM('overriding color',(#14229),#6268,
  #13166);
#14229 = PRESENTATION_STYLE_ASSIGNMENT((#14230));
#14230 = SURFACE_STYLE_USAGE(.BOTH.,#14231);
#14231 = SURFACE_SIDE_STYLE('',(#14232));
#14232 = SURFACE_STYLE_FILL_AREA(#14233);
#14233 = FILL_AREA_STYLE('',(#14234));
#14234 = FILL_AREA_STYLE_COLOUR('',#13183);
#14235 = OVER_RIDING_STYLED_ITEM('overriding color',(#14236),#6292,
  #13166);
#14236 = PRESENTATION_STYLE_ASSIGNMENT((#14237));
#14237 = SURFACE_STYLE_USAGE(.BOTH.,#14238);
#14238 = SURFACE_SIDE_STYLE('',(#14239));
#14239 = SURFACE_STYLE_FILL_AREA(#14240);
#14240 = FILL_AREA_STYLE('',(#14241));
#14241 = FILL_AREA_STYLE_COLOUR('',#13183);
#14242 = OVER_RIDING_STYLED_ITEM('overriding color',(#14243),#6308,
  #13166);
#14243 = PRESENTATION_STYLE_ASSIGNMENT((#14244));
#14244 = SURFACE_STYLE_USAGE(.BOTH.,#14245);
#14245 = SURFACE_SIDE_STYLE('',(#14246));
#14246 = SURFACE_STYLE_FILL_AREA(#14247);
#14247 = FILL_AREA_STYLE('',(#14248));
#14248 = FILL_AREA_STYLE_COLOUR('',#13183);
#14249 = OVER_RIDING_STYLED_ITEM('overriding color',(#14250),#6320,
  #13166);
#14250 = PRESENTATION_STYLE_ASSIGNMENT((#14251));
#14251 = SURFACE_STYLE_USAGE(.BOTH.,#14252);
#14252 = SURFACE_SIDE_STYLE('',(#14253));
#14253 = SURFACE_STYLE_FILL_AREA(#14254);
#14254 = FILL_AREA_STYLE('',(#14255));
#14255 = FILL_AREA_STYLE_COLOUR('',#13183);
#14256 = OVER_RIDING_STYLED_ITEM('overriding color',(#14257),#6348,
  #13166);
#14257 = PRESENTATION_STYLE_ASSIGNMENT((#14258));
#14258 = SURFACE_STYLE_USAGE(.BOTH.,#14259);
#14259 = SURFACE_SIDE_STYLE('',(#14260));
#14260 = SURFACE_STYLE_FILL_AREA(#14261);
#14261 = FILL_AREA_STYLE('',(#14262));
#14262 = FILL_AREA_STYLE_COLOUR('',#13183);
#14263 = OVER_RIDING_STYLED_ITEM('overriding color',(#14264),#6378,
  #13166);
#14264 = PRESENTATION_STYLE_ASSIGNMENT((#14265));
#14265 = SURFACE_STYLE_USAGE(.BOTH.,#14266);
#14266 = SURFACE_SIDE_STYLE('',(#14267));
#14267 = SURFACE_STYLE_FILL_AREA(#14268);
#14268 = FILL_AREA_STYLE('',(#14269));
#14269 = FILL_AREA_STYLE_COLOUR('',#13183);
#14270 = OVER_RIDING_STYLED_ITEM('overriding color',(#14271),#6400,
  #13166);
#14271 = PRESENTATION_STYLE_ASSIGNMENT((#14272));
#14272 = SURFACE_STYLE_USAGE(.BOTH.,#14273);
#14273 = SURFACE_SIDE_STYLE('',(#14274));
#14274 = SURFACE_STYLE_FILL_AREA(#14275);
#14275 = FILL_AREA_STYLE('',(#14276));
#14276 = FILL_AREA_STYLE_COLOUR('',#13183);
#14277 = OVER_RIDING_STYLED_ITEM('overriding color',(#14278),#6424,
  #13166);
#14278 = PRESENTATION_STYLE_ASSIGNMENT((#14279));
#14279 = SURFACE_STYLE_USAGE(.BOTH.,#14280);
#14280 = SURFACE_SIDE_STYLE('',(#14281));
#14281 = SURFACE_STYLE_FILL_AREA(#14282);
#14282 = FILL_AREA_STYLE('',(#14283));
#14283 = FILL_AREA_STYLE_COLOUR('',#13183);
#14284 = OVER_RIDING_STYLED_ITEM('overriding color',(#14285),#6440,
  #13166);
#14285 = PRESENTATION_STYLE_ASSIGNMENT((#14286));
#14286 = SURFACE_STYLE_USAGE(.BOTH.,#14287);
#14287 = SURFACE_SIDE_STYLE('',(#14288));
#14288 = SURFACE_STYLE_FILL_AREA(#14289);
#14289 = FILL_AREA_STYLE('',(#14290));
#14290 = FILL_AREA_STYLE_COLOUR('',#13183);
#14291 = OVER_RIDING_STYLED_ITEM('overriding color',(#14292),#6452,
  #13166);
#14292 = PRESENTATION_STYLE_ASSIGNMENT((#14293));
#14293 = SURFACE_STYLE_USAGE(.BOTH.,#14294);
#14294 = SURFACE_SIDE_STYLE('',(#14295));
#14295 = SURFACE_STYLE_FILL_AREA(#14296);
#14296 = FILL_AREA_STYLE('',(#14297));
#14297 = FILL_AREA_STYLE_COLOUR('',#13183);
#14298 = OVER_RIDING_STYLED_ITEM('overriding color',(#14299),#6480,
  #13166);
#14299 = PRESENTATION_STYLE_ASSIGNMENT((#14300));
#14300 = SURFACE_STYLE_USAGE(.BOTH.,#14301);
#14301 = SURFACE_SIDE_STYLE('',(#14302));
#14302 = SURFACE_STYLE_FILL_AREA(#14303);
#14303 = FILL_AREA_STYLE('',(#14304));
#14304 = FILL_AREA_STYLE_COLOUR('',#13183);
#14305 = OVER_RIDING_STYLED_ITEM('overriding color',(#14306),#6510,
  #13166);
#14306 = PRESENTATION_STYLE_ASSIGNMENT((#14307));
#14307 = SURFACE_STYLE_USAGE(.BOTH.,#14308);
#14308 = SURFACE_SIDE_STYLE('',(#14309));
#14309 = SURFACE_STYLE_FILL_AREA(#14310);
#14310 = FILL_AREA_STYLE('',(#14311));
#14311 = FILL_AREA_STYLE_COLOUR('',#13183);
#14312 = OVER_RIDING_STYLED_ITEM('overriding color',(#14313),#6532,
  #13166);
#14313 = PRESENTATION_STYLE_ASSIGNMENT((#14314));
#14314 = SURFACE_STYLE_USAGE(.BOTH.,#14315);
#14315 = SURFACE_SIDE_STYLE('',(#14316));
#14316 = SURFACE_STYLE_FILL_AREA(#14317);
#14317 = FILL_AREA_STYLE('',(#14318));
#14318 = FILL_AREA_STYLE_COLOUR('',#13183);
#14319 = OVER_RIDING_STYLED_ITEM('overriding color',(#14320),#6556,
  #13166);
#14320 = PRESENTATION_STYLE_ASSIGNMENT((#14321));
#14321 = SURFACE_STYLE_USAGE(.BOTH.,#14322);
#14322 = SURFACE_SIDE_STYLE('',(#14323));
#14323 = SURFACE_STYLE_FILL_AREA(#14324);
#14324 = FILL_AREA_STYLE('',(#14325));
#14325 = FILL_AREA_STYLE_COLOUR('',#13183);
#14326 = OVER_RIDING_STYLED_ITEM('overriding color',(#14327),#6572,
  #13166);
#14327 = PRESENTATION_STYLE_ASSIGNMENT((#14328));
#14328 = SURFACE_STYLE_USAGE(.BOTH.,#14329);
#14329 = SURFACE_SIDE_STYLE('',(#14330));
#14330 = SURFACE_STYLE_FILL_AREA(#14331);
#14331 = FILL_AREA_STYLE('',(#14332));
#14332 = FILL_AREA_STYLE_COLOUR('',#13183);
#14333 = OVER_RIDING_STYLED_ITEM('overriding color',(#14334),#6584,
  #13166);
#14334 = PRESENTATION_STYLE_ASSIGNMENT((#14335));
#14335 = SURFACE_STYLE_USAGE(.BOTH.,#14336);
#14336 = SURFACE_SIDE_STYLE('',(#14337));
#14337 = SURFACE_STYLE_FILL_AREA(#14338);
#14338 = FILL_AREA_STYLE('',(#14339));
#14339 = FILL_AREA_STYLE_COLOUR('',#13183);
#14340 = OVER_RIDING_STYLED_ITEM('overriding color',(#14341),#6612,
  #13166);
#14341 = PRESENTATION_STYLE_ASSIGNMENT((#14342));
#14342 = SURFACE_STYLE_USAGE(.BOTH.,#14343);
#14343 = SURFACE_SIDE_STYLE('',(#14344));
#14344 = SURFACE_STYLE_FILL_AREA(#14345);
#14345 = FILL_AREA_STYLE('',(#14346));
#14346 = FILL_AREA_STYLE_COLOUR('',#13183);
#14347 = OVER_RIDING_STYLED_ITEM('overriding color',(#14348),#6642,
  #13166);
#14348 = PRESENTATION_STYLE_ASSIGNMENT((#14349));
#14349 = SURFACE_STYLE_USAGE(.BOTH.,#14350);
#14350 = SURFACE_SIDE_STYLE('',(#14351));
#14351 = SURFACE_STYLE_FILL_AREA(#14352);
#14352 = FILL_AREA_STYLE('',(#14353));
#14353 = FILL_AREA_STYLE_COLOUR('',#13183);
#14354 = OVER_RIDING_STYLED_ITEM('overriding color',(#14355),#6664,
  #13166);
#14355 = PRESENTATION_STYLE_ASSIGNMENT((#14356));
#14356 = SURFACE_STYLE_USAGE(.BOTH.,#14357);
#14357 = SURFACE_SIDE_STYLE('',(#14358));
#14358 = SURFACE_STYLE_FILL_AREA(#14359);
#14359 = FILL_AREA_STYLE('',(#14360));
#14360 = FILL_AREA_STYLE_COLOUR('',#13183);
#14361 = OVER_RIDING_STYLED_ITEM('overriding color',(#14362),#6688,
  #13166);
#14362 = PRESENTATION_STYLE_ASSIGNMENT((#14363));
#14363 = SURFACE_STYLE_USAGE(.BOTH.,#14364);
#14364 = SURFACE_SIDE_STYLE('',(#14365));
#14365 = SURFACE_STYLE_FILL_AREA(#14366);
#14366 = FILL_AREA_STYLE('',(#14367));
#14367 = FILL_AREA_STYLE_COLOUR('',#13183);
#14368 = OVER_RIDING_STYLED_ITEM('overriding color',(#14369),#6704,
  #13166);
#14369 = PRESENTATION_STYLE_ASSIGNMENT((#14370));
#14370 = SURFACE_STYLE_USAGE(.BOTH.,#14371);
#14371 = SURFACE_SIDE_STYLE('',(#14372));
#14372 = SURFACE_STYLE_FILL_AREA(#14373);
#14373 = FILL_AREA_STYLE('',(#14374));
#14374 = FILL_AREA_STYLE_COLOUR('',#13183);
#14375 = OVER_RIDING_STYLED_ITEM('overriding color',(#14376),#6716,
  #13166);
#14376 = PRESENTATION_STYLE_ASSIGNMENT((#14377));
#14377 = SURFACE_STYLE_USAGE(.BOTH.,#14378);
#14378 = SURFACE_SIDE_STYLE('',(#14379));
#14379 = SURFACE_STYLE_FILL_AREA(#14380);
#14380 = FILL_AREA_STYLE('',(#14381));
#14381 = FILL_AREA_STYLE_COLOUR('',#13183);
#14382 = OVER_RIDING_STYLED_ITEM('overriding color',(#14383),#6744,
  #13166);
#14383 = PRESENTATION_STYLE_ASSIGNMENT((#14384));
#14384 = SURFACE_STYLE_USAGE(.BOTH.,#14385);
#14385 = SURFACE_SIDE_STYLE('',(#14386));
#14386 = SURFACE_STYLE_FILL_AREA(#14387);
#14387 = FILL_AREA_STYLE('',(#14388));
#14388 = FILL_AREA_STYLE_COLOUR('',#13183);
#14389 = OVER_RIDING_STYLED_ITEM('overriding color',(#14390),#6774,
  #13166);
#14390 = PRESENTATION_STYLE_ASSIGNMENT((#14391));
#14391 = SURFACE_STYLE_USAGE(.BOTH.,#14392);
#14392 = SURFACE_SIDE_STYLE('',(#14393));
#14393 = SURFACE_STYLE_FILL_AREA(#14394);
#14394 = FILL_AREA_STYLE('',(#14395));
#14395 = FILL_AREA_STYLE_COLOUR('',#13183);
#14396 = OVER_RIDING_STYLED_ITEM('overriding color',(#14397),#6796,
  #13166);
#14397 = PRESENTATION_STYLE_ASSIGNMENT((#14398));
#14398 = SURFACE_STYLE_USAGE(.BOTH.,#14399);
#14399 = SURFACE_SIDE_STYLE('',(#14400));
#14400 = SURFACE_STYLE_FILL_AREA(#14401);
#14401 = FILL_AREA_STYLE('',(#14402));
#14402 = FILL_AREA_STYLE_COLOUR('',#13183);
#14403 = OVER_RIDING_STYLED_ITEM('overriding color',(#14404),#6820,
  #13166);
#14404 = PRESENTATION_STYLE_ASSIGNMENT((#14405));
#14405 = SURFACE_STYLE_USAGE(.BOTH.,#14406);
#14406 = SURFACE_SIDE_STYLE('',(#14407));
#14407 = SURFACE_STYLE_FILL_AREA(#14408);
#14408 = FILL_AREA_STYLE('',(#14409));
#14409 = FILL_AREA_STYLE_COLOUR('',#13183);
#14410 = OVER_RIDING_STYLED_ITEM('overriding color',(#14411),#6836,
  #13166);
#14411 = PRESENTATION_STYLE_ASSIGNMENT((#14412));
#14412 = SURFACE_STYLE_USAGE(.BOTH.,#14413);
#14413 = SURFACE_SIDE_STYLE('',(#14414));
#14414 = SURFACE_STYLE_FILL_AREA(#14415);
#14415 = FILL_AREA_STYLE('',(#14416));
#14416 = FILL_AREA_STYLE_COLOUR('',#13183);
#14417 = OVER_RIDING_STYLED_ITEM('overriding color',(#14418),#6848,
  #13166);
#14418 = PRESENTATION_STYLE_ASSIGNMENT((#14419));
#14419 = SURFACE_STYLE_USAGE(.BOTH.,#14420);
#14420 = SURFACE_SIDE_STYLE('',(#14421));
#14421 = SURFACE_STYLE_FILL_AREA(#14422);
#14422 = FILL_AREA_STYLE('',(#14423));
#14423 = FILL_AREA_STYLE_COLOUR('',#13183);
#14424 = OVER_RIDING_STYLED_ITEM('overriding color',(#14425),#6876,
  #13166);
#14425 = PRESENTATION_STYLE_ASSIGNMENT((#14426));
#14426 = SURFACE_STYLE_USAGE(.BOTH.,#14427);
#14427 = SURFACE_SIDE_STYLE('',(#14428));
#14428 = SURFACE_STYLE_FILL_AREA(#14429);
#14429 = FILL_AREA_STYLE('',(#14430));
#14430 = FILL_AREA_STYLE_COLOUR('',#13183);
#14431 = OVER_RIDING_STYLED_ITEM('overriding color',(#14432),#6906,
  #13166);
#14432 = PRESENTATION_STYLE_ASSIGNMENT((#14433));
#14433 = SURFACE_STYLE_USAGE(.BOTH.,#14434);
#14434 = SURFACE_SIDE_STYLE('',(#14435));
#14435 = SURFACE_STYLE_FILL_AREA(#14436);
#14436 = FILL_AREA_STYLE('',(#14437));
#14437 = FILL_AREA_STYLE_COLOUR('',#13183);
#14438 = OVER_RIDING_STYLED_ITEM('overriding color',(#14439),#6928,
  #13166);
#14439 = PRESENTATION_STYLE_ASSIGNMENT((#14440));
#14440 = SURFACE_STYLE_USAGE(.BOTH.,#14441);
#14441 = SURFACE_SIDE_STYLE('',(#14442));
#14442 = SURFACE_STYLE_FILL_AREA(#14443);
#14443 = FILL_AREA_STYLE('',(#14444));
#14444 = FILL_AREA_STYLE_COLOUR('',#13183);
#14445 = OVER_RIDING_STYLED_ITEM('overriding color',(#14446),#6952,
  #13166);
#14446 = PRESENTATION_STYLE_ASSIGNMENT((#14447));
#14447 = SURFACE_STYLE_USAGE(.BOTH.,#14448);
#14448 = SURFACE_SIDE_STYLE('',(#14449));
#14449 = SURFACE_STYLE_FILL_AREA(#14450);
#14450 = FILL_AREA_STYLE('',(#14451));
#14451 = FILL_AREA_STYLE_COLOUR('',#13183);
#14452 = OVER_RIDING_STYLED_ITEM('overriding color',(#14453),#6968,
  #13166);
#14453 = PRESENTATION_STYLE_ASSIGNMENT((#14454));
#14454 = SURFACE_STYLE_USAGE(.BOTH.,#14455);
#14455 = SURFACE_SIDE_STYLE('',(#14456));
#14456 = SURFACE_STYLE_FILL_AREA(#14457);
#14457 = FILL_AREA_STYLE('',(#14458));
#14458 = FILL_AREA_STYLE_COLOUR('',#13183);
#14459 = OVER_RIDING_STYLED_ITEM('overriding color',(#14460),#6980,
  #13166);
#14460 = PRESENTATION_STYLE_ASSIGNMENT((#14461));
#14461 = SURFACE_STYLE_USAGE(.BOTH.,#14462);
#14462 = SURFACE_SIDE_STYLE('',(#14463));
#14463 = SURFACE_STYLE_FILL_AREA(#14464);
#14464 = FILL_AREA_STYLE('',(#14465));
#14465 = FILL_AREA_STYLE_COLOUR('',#13183);
#14466 = OVER_RIDING_STYLED_ITEM('overriding color',(#14467),#7008,
  #13166);
#14467 = PRESENTATION_STYLE_ASSIGNMENT((#14468));
#14468 = SURFACE_STYLE_USAGE(.BOTH.,#14469);
#14469 = SURFACE_SIDE_STYLE('',(#14470));
#14470 = SURFACE_STYLE_FILL_AREA(#14471);
#14471 = FILL_AREA_STYLE('',(#14472));
#14472 = FILL_AREA_STYLE_COLOUR('',#13183);
#14473 = OVER_RIDING_STYLED_ITEM('overriding color',(#14474),#7038,
  #13166);
#14474 = PRESENTATION_STYLE_ASSIGNMENT((#14475));
#14475 = SURFACE_STYLE_USAGE(.BOTH.,#14476);
#14476 = SURFACE_SIDE_STYLE('',(#14477));
#14477 = SURFACE_STYLE_FILL_AREA(#14478);
#14478 = FILL_AREA_STYLE('',(#14479));
#14479 = FILL_AREA_STYLE_COLOUR('',#13183);
#14480 = OVER_RIDING_STYLED_ITEM('overriding color',(#14481),#7060,
  #13166);
#14481 = PRESENTATION_STYLE_ASSIGNMENT((#14482));
#14482 = SURFACE_STYLE_USAGE(.BOTH.,#14483);
#14483 = SURFACE_SIDE_STYLE('',(#14484));
#14484 = SURFACE_STYLE_FILL_AREA(#14485);
#14485 = FILL_AREA_STYLE('',(#14486));
#14486 = FILL_AREA_STYLE_COLOUR('',#13183);
#14487 = OVER_RIDING_STYLED_ITEM('overriding color',(#14488),#7084,
  #13166);
#14488 = PRESENTATION_STYLE_ASSIGNMENT((#14489));
#14489 = SURFACE_STYLE_USAGE(.BOTH.,#14490);
#14490 = SURFACE_SIDE_STYLE('',(#14491));
#14491 = SURFACE_STYLE_FILL_AREA(#14492);
#14492 = FILL_AREA_STYLE('',(#14493));
#14493 = FILL_AREA_STYLE_COLOUR('',#13183);
#14494 = OVER_RIDING_STYLED_ITEM('overriding color',(#14495),#7100,
  #13166);
#14495 = PRESENTATION_STYLE_ASSIGNMENT((#14496));
#14496 = SURFACE_STYLE_USAGE(.BOTH.,#14497);
#14497 = SURFACE_SIDE_STYLE('',(#14498));
#14498 = SURFACE_STYLE_FILL_AREA(#14499);
#14499 = FILL_AREA_STYLE('',(#14500));
#14500 = FILL_AREA_STYLE_COLOUR('',#13183);
#14501 = OVER_RIDING_STYLED_ITEM('overriding color',(#14502),#7112,
  #13166);
#14502 = PRESENTATION_STYLE_ASSIGNMENT((#14503));
#14503 = SURFACE_STYLE_USAGE(.BOTH.,#14504);
#14504 = SURFACE_SIDE_STYLE('',(#14505));
#14505 = SURFACE_STYLE_FILL_AREA(#14506);
#14506 = FILL_AREA_STYLE('',(#14507));
#14507 = FILL_AREA_STYLE_COLOUR('',#13183);
#14508 = OVER_RIDING_STYLED_ITEM('overriding color',(#14509),#7140,
  #13166);
#14509 = PRESENTATION_STYLE_ASSIGNMENT((#14510));
#14510 = SURFACE_STYLE_USAGE(.BOTH.,#14511);
#14511 = SURFACE_SIDE_STYLE('',(#14512));
#14512 = SURFACE_STYLE_FILL_AREA(#14513);
#14513 = FILL_AREA_STYLE('',(#14514));
#14514 = FILL_AREA_STYLE_COLOUR('',#13183);
#14515 = OVER_RIDING_STYLED_ITEM('overriding color',(#14516),#7170,
  #13166);
#14516 = PRESENTATION_STYLE_ASSIGNMENT((#14517));
#14517 = SURFACE_STYLE_USAGE(.BOTH.,#14518);
#14518 = SURFACE_SIDE_STYLE('',(#14519));
#14519 = SURFACE_STYLE_FILL_AREA(#14520);
#14520 = FILL_AREA_STYLE('',(#14521));
#14521 = FILL_AREA_STYLE_COLOUR('',#13183);
#14522 = OVER_RIDING_STYLED_ITEM('overriding color',(#14523),#7192,
  #13166);
#14523 = PRESENTATION_STYLE_ASSIGNMENT((#14524));
#14524 = SURFACE_STYLE_USAGE(.BOTH.,#14525);
#14525 = SURFACE_SIDE_STYLE('',(#14526));
#14526 = SURFACE_STYLE_FILL_AREA(#14527);
#14527 = FILL_AREA_STYLE('',(#14528));
#14528 = FILL_AREA_STYLE_COLOUR('',#13183);
#14529 = OVER_RIDING_STYLED_ITEM('overriding color',(#14530),#7216,
  #13166);
#14530 = PRESENTATION_STYLE_ASSIGNMENT((#14531));
#14531 = SURFACE_STYLE_USAGE(.BOTH.,#14532);
#14532 = SURFACE_SIDE_STYLE('',(#14533));
#14533 = SURFACE_STYLE_FILL_AREA(#14534);
#14534 = FILL_AREA_STYLE('',(#14535));
#14535 = FILL_AREA_STYLE_COLOUR('',#13183);
#14536 = OVER_RIDING_STYLED_ITEM('overriding color',(#14537),#7232,
  #13166);
#14537 = PRESENTATION_STYLE_ASSIGNMENT((#14538));
#14538 = SURFACE_STYLE_USAGE(.BOTH.,#14539);
#14539 = SURFACE_SIDE_STYLE('',(#14540));
#14540 = SURFACE_STYLE_FILL_AREA(#14541);
#14541 = FILL_AREA_STYLE('',(#14542));
#14542 = FILL_AREA_STYLE_COLOUR('',#13183);
#14543 = OVER_RIDING_STYLED_ITEM('overriding color',(#14544),#7244,
  #13166);
#14544 = PRESENTATION_STYLE_ASSIGNMENT((#14545));
#14545 = SURFACE_STYLE_USAGE(.BOTH.,#14546);
#14546 = SURFACE_SIDE_STYLE('',(#14547));
#14547 = SURFACE_STYLE_FILL_AREA(#14548);
#14548 = FILL_AREA_STYLE('',(#14549));
#14549 = FILL_AREA_STYLE_COLOUR('',#13183);
#14550 = OVER_RIDING_STYLED_ITEM('overriding color',(#14551),#7272,
  #13166);
#14551 = PRESENTATION_STYLE_ASSIGNMENT((#14552));
#14552 = SURFACE_STYLE_USAGE(.BOTH.,#14553);
#14553 = SURFACE_SIDE_STYLE('',(#14554));
#14554 = SURFACE_STYLE_FILL_AREA(#14555);
#14555 = FILL_AREA_STYLE('',(#14556));
#14556 = FILL_AREA_STYLE_COLOUR('',#13183);
#14557 = OVER_RIDING_STYLED_ITEM('overriding color',(#14558),#7302,
  #13166);
#14558 = PRESENTATION_STYLE_ASSIGNMENT((#14559));
#14559 = SURFACE_STYLE_USAGE(.BOTH.,#14560);
#14560 = SURFACE_SIDE_STYLE('',(#14561));
#14561 = SURFACE_STYLE_FILL_AREA(#14562);
#14562 = FILL_AREA_STYLE('',(#14563));
#14563 = FILL_AREA_STYLE_COLOUR('',#13183);
#14564 = OVER_RIDING_STYLED_ITEM('overriding color',(#14565),#7324,
  #13166);
#14565 = PRESENTATION_STYLE_ASSIGNMENT((#14566));
#14566 = SURFACE_STYLE_USAGE(.BOTH.,#14567);
#14567 = SURFACE_SIDE_STYLE('',(#14568));
#14568 = SURFACE_STYLE_FILL_AREA(#14569);
#14569 = FILL_AREA_STYLE('',(#14570));
#14570 = FILL_AREA_STYLE_COLOUR('',#13183);
#14571 = OVER_RIDING_STYLED_ITEM('overriding color',(#14572),#7348,
  #13166);
#14572 = PRESENTATION_STYLE_ASSIGNMENT((#14573));
#14573 = SURFACE_STYLE_USAGE(.BOTH.,#14574);
#14574 = SURFACE_SIDE_STYLE('',(#14575));
#14575 = SURFACE_STYLE_FILL_AREA(#14576);
#14576 = FILL_AREA_STYLE('',(#14577));
#14577 = FILL_AREA_STYLE_COLOUR('',#13183);
#14578 = OVER_RIDING_STYLED_ITEM('overriding color',(#14579),#7364,
  #13166);
#14579 = PRESENTATION_STYLE_ASSIGNMENT((#14580));
#14580 = SURFACE_STYLE_USAGE(.BOTH.,#14581);
#14581 = SURFACE_SIDE_STYLE('',(#14582));
#14582 = SURFACE_STYLE_FILL_AREA(#14583);
#14583 = FILL_AREA_STYLE('',(#14584));
#14584 = FILL_AREA_STYLE_COLOUR('',#13183);
#14585 = OVER_RIDING_STYLED_ITEM('overriding color',(#14586),#7376,
  #13166);
#14586 = PRESENTATION_STYLE_ASSIGNMENT((#14587));
#14587 = SURFACE_STYLE_USAGE(.BOTH.,#14588);
#14588 = SURFACE_SIDE_STYLE('',(#14589));
#14589 = SURFACE_STYLE_FILL_AREA(#14590);
#14590 = FILL_AREA_STYLE('',(#14591));
#14591 = FILL_AREA_STYLE_COLOUR('',#13173);
#14592 = OVER_RIDING_STYLED_ITEM('overriding color',(#14593),#7404,
  #13166);
#14593 = PRESENTATION_STYLE_ASSIGNMENT((#14594));
#14594 = SURFACE_STYLE_USAGE(.BOTH.,#14595);
#14595 = SURFACE_SIDE_STYLE('',(#14596));
#14596 = SURFACE_STYLE_FILL_AREA(#14597);
#14597 = FILL_AREA_STYLE('',(#14598));
#14598 = FILL_AREA_STYLE_COLOUR('',#13173);
#14599 = OVER_RIDING_STYLED_ITEM('overriding color',(#14600),#7426,
  #13166);
#14600 = PRESENTATION_STYLE_ASSIGNMENT((#14601));
#14601 = SURFACE_STYLE_USAGE(.BOTH.,#14602);
#14602 = SURFACE_SIDE_STYLE('',(#14603));
#14603 = SURFACE_STYLE_FILL_AREA(#14604);
#14604 = FILL_AREA_STYLE('',(#14605));
#14605 = FILL_AREA_STYLE_COLOUR('',#13173);
#14606 = OVER_RIDING_STYLED_ITEM('overriding color',(#14607),#7448,
  #13166);
#14607 = PRESENTATION_STYLE_ASSIGNMENT((#14608));
#14608 = SURFACE_STYLE_USAGE(.BOTH.,#14609);
#14609 = SURFACE_SIDE_STYLE('',(#14610));
#14610 = SURFACE_STYLE_FILL_AREA(#14611);
#14611 = FILL_AREA_STYLE('',(#14612));
#14612 = FILL_AREA_STYLE_COLOUR('',#13173);
#14613 = OVER_RIDING_STYLED_ITEM('overriding color',(#14614),#7470,
  #13166);
#14614 = PRESENTATION_STYLE_ASSIGNMENT((#14615));
#14615 = SURFACE_STYLE_USAGE(.BOTH.,#14616);
#14616 = SURFACE_SIDE_STYLE('',(#14617));
#14617 = SURFACE_STYLE_FILL_AREA(#14618);
#14618 = FILL_AREA_STYLE('',(#14619));
#14619 = FILL_AREA_STYLE_COLOUR('',#13173);
#14620 = OVER_RIDING_STYLED_ITEM('overriding color',(#14621),#7492,
  #13166);
#14621 = PRESENTATION_STYLE_ASSIGNMENT((#14622));
#14622 = SURFACE_STYLE_USAGE(.BOTH.,#14623);
#14623 = SURFACE_SIDE_STYLE('',(#14624));
#14624 = SURFACE_STYLE_FILL_AREA(#14625);
#14625 = FILL_AREA_STYLE('',(#14626));
#14626 = FILL_AREA_STYLE_COLOUR('',#13173);
#14627 = OVER_RIDING_STYLED_ITEM('overriding color',(#14628),#7508,
  #13166);
#14628 = PRESENTATION_STYLE_ASSIGNMENT((#14629));
#14629 = SURFACE_STYLE_USAGE(.BOTH.,#14630);
#14630 = SURFACE_SIDE_STYLE('',(#14631));
#14631 = SURFACE_STYLE_FILL_AREA(#14632);
#14632 = FILL_AREA_STYLE('',(#14633));
#14633 = FILL_AREA_STYLE_COLOUR('',#13173);
#14634 = OVER_RIDING_STYLED_ITEM('overriding color',(#14635),#7522,
  #13166);
#14635 = PRESENTATION_STYLE_ASSIGNMENT((#14636));
#14636 = SURFACE_STYLE_USAGE(.BOTH.,#14637);
#14637 = SURFACE_SIDE_STYLE('',(#14638));
#14638 = SURFACE_STYLE_FILL_AREA(#14639);
#14639 = FILL_AREA_STYLE('',(#14640));
#14640 = FILL_AREA_STYLE_COLOUR('',#13173);
#14641 = OVER_RIDING_STYLED_ITEM('overriding color',(#14642),#7556,
  #13166);
#14642 = PRESENTATION_STYLE_ASSIGNMENT((#14643));
#14643 = SURFACE_STYLE_USAGE(.BOTH.,#14644);
#14644 = SURFACE_SIDE_STYLE('',(#14645));
#14645 = SURFACE_STYLE_FILL_AREA(#14646);
#14646 = FILL_AREA_STYLE('',(#14647));
#14647 = FILL_AREA_STYLE_COLOUR('',#13173);
#14648 = OVER_RIDING_STYLED_ITEM('overriding color',(#14649),#7578,
  #13166);
#14649 = PRESENTATION_STYLE_ASSIGNMENT((#14650));
#14650 = SURFACE_STYLE_USAGE(.BOTH.,#14651);
#14651 = SURFACE_SIDE_STYLE('',(#14652));
#14652 = SURFACE_STYLE_FILL_AREA(#14653);
#14653 = FILL_AREA_STYLE('',(#14654));
#14654 = FILL_AREA_STYLE_COLOUR('',#13173);
#14655 = OVER_RIDING_STYLED_ITEM('overriding color',(#14656),#7606,
  #13166);
#14656 = PRESENTATION_STYLE_ASSIGNMENT((#14657));
#14657 = SURFACE_STYLE_USAGE(.BOTH.,#14658);
#14658 = SURFACE_SIDE_STYLE('',(#14659));
#14659 = SURFACE_STYLE_FILL_AREA(#14660);
#14660 = FILL_AREA_STYLE('',(#14661));
#14661 = FILL_AREA_STYLE_COLOUR('',#13173);
#14662 = OVER_RIDING_STYLED_ITEM('overriding color',(#14663),#7634,
  #13166);
#14663 = PRESENTATION_STYLE_ASSIGNMENT((#14664));
#14664 = SURFACE_STYLE_USAGE(.BOTH.,#14665);
#14665 = SURFACE_SIDE_STYLE('',(#14666));
#14666 = SURFACE_STYLE_FILL_AREA(#14667);
#14667 = FILL_AREA_STYLE('',(#14668));
#14668 = FILL_AREA_STYLE_COLOUR('',#13173);
#14669 = OVER_RIDING_STYLED_ITEM('overriding color',(#14670),#7662,
  #13166);
#14670 = PRESENTATION_STYLE_ASSIGNMENT((#14671));
#14671 = SURFACE_STYLE_USAGE(.BOTH.,#14672);
#14672 = SURFACE_SIDE_STYLE('',(#14673));
#14673 = SURFACE_STYLE_FILL_AREA(#14674);
#14674 = FILL_AREA_STYLE('',(#14675));
#14675 = FILL_AREA_STYLE_COLOUR('',#13173);
#14676 = OVER_RIDING_STYLED_ITEM('overriding color',(#14677),#7690,
  #13166);
#14677 = PRESENTATION_STYLE_ASSIGNMENT((#14678));
#14678 = SURFACE_STYLE_USAGE(.BOTH.,#14679);
#14679 = SURFACE_SIDE_STYLE('',(#14680));
#14680 = SURFACE_STYLE_FILL_AREA(#14681);
#14681 = FILL_AREA_STYLE('',(#14682));
#14682 = FILL_AREA_STYLE_COLOUR('',#13173);
#14683 = OVER_RIDING_STYLED_ITEM('overriding color',(#14684),#7718,
  #13166);
#14684 = PRESENTATION_STYLE_ASSIGNMENT((#14685));
#14685 = SURFACE_STYLE_USAGE(.BOTH.,#14686);
#14686 = SURFACE_SIDE_STYLE('',(#14687));
#14687 = SURFACE_STYLE_FILL_AREA(#14688);
#14688 = FILL_AREA_STYLE('',(#14689));
#14689 = FILL_AREA_STYLE_COLOUR('',#13173);
#14690 = OVER_RIDING_STYLED_ITEM('overriding color',(#14691),#7746,
  #13166);
#14691 = PRESENTATION_STYLE_ASSIGNMENT((#14692));
#14692 = SURFACE_STYLE_USAGE(.BOTH.,#14693);
#14693 = SURFACE_SIDE_STYLE('',(#14694));
#14694 = SURFACE_STYLE_FILL_AREA(#14695);
#14695 = FILL_AREA_STYLE('',(#14696));
#14696 = FILL_AREA_STYLE_COLOUR('',#13173);
#14697 = OVER_RIDING_STYLED_ITEM('overriding color',(#14698),#7768,
  #13166);
#14698 = PRESENTATION_STYLE_ASSIGNMENT((#14699));
#14699 = SURFACE_STYLE_USAGE(.BOTH.,#14700);
#14700 = SURFACE_SIDE_STYLE('',(#14701));
#14701 = SURFACE_STYLE_FILL_AREA(#14702);
#14702 = FILL_AREA_STYLE('',(#14703));
#14703 = FILL_AREA_STYLE_COLOUR('',#13173);
#14704 = OVER_RIDING_STYLED_ITEM('overriding color',(#14705),#7796,
  #13166);
#14705 = PRESENTATION_STYLE_ASSIGNMENT((#14706));
#14706 = SURFACE_STYLE_USAGE(.BOTH.,#14707);
#14707 = SURFACE_SIDE_STYLE('',(#14708));
#14708 = SURFACE_STYLE_FILL_AREA(#14709);
#14709 = FILL_AREA_STYLE('',(#14710));
#14710 = FILL_AREA_STYLE_COLOUR('',#13173);
#14711 = OVER_RIDING_STYLED_ITEM('overriding color',(#14712),#7824,
  #13166);
#14712 = PRESENTATION_STYLE_ASSIGNMENT((#14713));
#14713 = SURFACE_STYLE_USAGE(.BOTH.,#14714);
#14714 = SURFACE_SIDE_STYLE('',(#14715));
#14715 = SURFACE_STYLE_FILL_AREA(#14716);
#14716 = FILL_AREA_STYLE('',(#14717));
#14717 = FILL_AREA_STYLE_COLOUR('',#13173);
#14718 = OVER_RIDING_STYLED_ITEM('overriding color',(#14719),#7852,
  #13166);
#14719 = PRESENTATION_STYLE_ASSIGNMENT((#14720));
#14720 = SURFACE_STYLE_USAGE(.BOTH.,#14721);
#14721 = SURFACE_SIDE_STYLE('',(#14722));
#14722 = SURFACE_STYLE_FILL_AREA(#14723);
#14723 = FILL_AREA_STYLE('',(#14724));
#14724 = FILL_AREA_STYLE_COLOUR('',#13173);
#14725 = OVER_RIDING_STYLED_ITEM('overriding color',(#14726),#7880,
  #13166);
#14726 = PRESENTATION_STYLE_ASSIGNMENT((#14727));
#14727 = SURFACE_STYLE_USAGE(.BOTH.,#14728);
#14728 = SURFACE_SIDE_STYLE('',(#14729));
#14729 = SURFACE_STYLE_FILL_AREA(#14730);
#14730 = FILL_AREA_STYLE('',(#14731));
#14731 = FILL_AREA_STYLE_COLOUR('',#13173);
#14732 = OVER_RIDING_STYLED_ITEM('overriding color',(#14733),#7902,
  #13166);
#14733 = PRESENTATION_STYLE_ASSIGNMENT((#14734));
#14734 = SURFACE_STYLE_USAGE(.BOTH.,#14735);
#14735 = SURFACE_SIDE_STYLE('',(#14736));
#14736 = SURFACE_STYLE_FILL_AREA(#14737);
#14737 = FILL_AREA_STYLE('',(#14738));
#14738 = FILL_AREA_STYLE_COLOUR('',#13173);
#14739 = OVER_RIDING_STYLED_ITEM('overriding color',(#14740),#7924,
  #13166);
#14740 = PRESENTATION_STYLE_ASSIGNMENT((#14741));
#14741 = SURFACE_STYLE_USAGE(.BOTH.,#14742);
#14742 = SURFACE_SIDE_STYLE('',(#14743));
#14743 = SURFACE_STYLE_FILL_AREA(#14744);
#14744 = FILL_AREA_STYLE('',(#14745));
#14745 = FILL_AREA_STYLE_COLOUR('',#13173);
#14746 = OVER_RIDING_STYLED_ITEM('overriding color',(#14747),#7952,
  #13166);
#14747 = PRESENTATION_STYLE_ASSIGNMENT((#14748));
#14748 = SURFACE_STYLE_USAGE(.BOTH.,#14749);
#14749 = SURFACE_SIDE_STYLE('',(#14750));
#14750 = SURFACE_STYLE_FILL_AREA(#14751);
#14751 = FILL_AREA_STYLE('',(#14752));
#14752 = FILL_AREA_STYLE_COLOUR('',#13173);
#14753 = OVER_RIDING_STYLED_ITEM('overriding color',(#14754),#7974,
  #13166);
#14754 = PRESENTATION_STYLE_ASSIGNMENT((#14755));
#14755 = SURFACE_STYLE_USAGE(.BOTH.,#14756);
#14756 = SURFACE_SIDE_STYLE('',(#14757));
#14757 = SURFACE_STYLE_FILL_AREA(#14758);
#14758 = FILL_AREA_STYLE('',(#14759));
#14759 = FILL_AREA_STYLE_COLOUR('',#13173);
#14760 = OVER_RIDING_STYLED_ITEM('overriding color',(#14761),#7996,
  #13166);
#14761 = PRESENTATION_STYLE_ASSIGNMENT((#14762));
#14762 = SURFACE_STYLE_USAGE(.BOTH.,#14763);
#14763 = SURFACE_SIDE_STYLE('',(#14764));
#14764 = SURFACE_STYLE_FILL_AREA(#14765);
#14765 = FILL_AREA_STYLE('',(#14766));
#14766 = FILL_AREA_STYLE_COLOUR('',#13173);
#14767 = OVER_RIDING_STYLED_ITEM('overriding color',(#14768),#8018,
  #13166);
#14768 = PRESENTATION_STYLE_ASSIGNMENT((#14769));
#14769 = SURFACE_STYLE_USAGE(.BOTH.,#14770);
#14770 = SURFACE_SIDE_STYLE('',(#14771));
#14771 = SURFACE_STYLE_FILL_AREA(#14772);
#14772 = FILL_AREA_STYLE('',(#14773));
#14773 = FILL_AREA_STYLE_COLOUR('',#13173);
#14774 = OVER_RIDING_STYLED_ITEM('overriding color',(#14775),#8040,
  #13166);
#14775 = PRESENTATION_STYLE_ASSIGNMENT((#14776));
#14776 = SURFACE_STYLE_USAGE(.BOTH.,#14777);
#14777 = SURFACE_SIDE_STYLE('',(#14778));
#14778 = SURFACE_STYLE_FILL_AREA(#14779);
#14779 = FILL_AREA_STYLE('',(#14780));
#14780 = FILL_AREA_STYLE_COLOUR('',#13173);
#14781 = OVER_RIDING_STYLED_ITEM('overriding color',(#14782),#8062,
  #13166);
#14782 = PRESENTATION_STYLE_ASSIGNMENT((#14783));
#14783 = SURFACE_STYLE_USAGE(.BOTH.,#14784);
#14784 = SURFACE_SIDE_STYLE('',(#14785));
#14785 = SURFACE_STYLE_FILL_AREA(#14786);
#14786 = FILL_AREA_STYLE('',(#14787));
#14787 = FILL_AREA_STYLE_COLOUR('',#13173);
#14788 = OVER_RIDING_STYLED_ITEM('overriding color',(#14789),#8084,
  #13166);
#14789 = PRESENTATION_STYLE_ASSIGNMENT((#14790));
#14790 = SURFACE_STYLE_USAGE(.BOTH.,#14791);
#14791 = SURFACE_SIDE_STYLE('',(#14792));
#14792 = SURFACE_STYLE_FILL_AREA(#14793);
#14793 = FILL_AREA_STYLE('',(#14794));
#14794 = FILL_AREA_STYLE_COLOUR('',#13173);
#14795 = OVER_RIDING_STYLED_ITEM('overriding color',(#14796),#8106,
  #13166);
#14796 = PRESENTATION_STYLE_ASSIGNMENT((#14797));
#14797 = SURFACE_STYLE_USAGE(.BOTH.,#14798);
#14798 = SURFACE_SIDE_STYLE('',(#14799));
#14799 = SURFACE_STYLE_FILL_AREA(#14800);
#14800 = FILL_AREA_STYLE('',(#14801));
#14801 = FILL_AREA_STYLE_COLOUR('',#13173);
#14802 = OVER_RIDING_STYLED_ITEM('overriding color',(#14803),#8128,
  #13166);
#14803 = PRESENTATION_STYLE_ASSIGNMENT((#14804));
#14804 = SURFACE_STYLE_USAGE(.BOTH.,#14805);
#14805 = SURFACE_SIDE_STYLE('',(#14806));
#14806 = SURFACE_STYLE_FILL_AREA(#14807);
#14807 = FILL_AREA_STYLE('',(#14808));
#14808 = FILL_AREA_STYLE_COLOUR('',#13173);
#14809 = OVER_RIDING_STYLED_ITEM('overriding color',(#14810),#8150,
  #13166);
#14810 = PRESENTATION_STYLE_ASSIGNMENT((#14811));
#14811 = SURFACE_STYLE_USAGE(.BOTH.,#14812);
#14812 = SURFACE_SIDE_STYLE('',(#14813));
#14813 = SURFACE_STYLE_FILL_AREA(#14814);
#14814 = FILL_AREA_STYLE('',(#14815));
#14815 = FILL_AREA_STYLE_COLOUR('',#13173);
#14816 = OVER_RIDING_STYLED_ITEM('overriding color',(#14817),#8172,
  #13166);
#14817 = PRESENTATION_STYLE_ASSIGNMENT((#14818));
#14818 = SURFACE_STYLE_USAGE(.BOTH.,#14819);
#14819 = SURFACE_SIDE_STYLE('',(#14820));
#14820 = SURFACE_STYLE_FILL_AREA(#14821);
#14821 = FILL_AREA_STYLE('',(#14822));
#14822 = FILL_AREA_STYLE_COLOUR('',#13173);
#14823 = OVER_RIDING_STYLED_ITEM('overriding color',(#14824),#8188,
  #13166);
#14824 = PRESENTATION_STYLE_ASSIGNMENT((#14825));
#14825 = SURFACE_STYLE_USAGE(.BOTH.,#14826);
#14826 = SURFACE_SIDE_STYLE('',(#14827));
#14827 = SURFACE_STYLE_FILL_AREA(#14828);
#14828 = FILL_AREA_STYLE('',(#14829));
#14829 = FILL_AREA_STYLE_COLOUR('',#13173);
#14830 = OVER_RIDING_STYLED_ITEM('overriding color',(#14831),#8208,
  #13166);
#14831 = PRESENTATION_STYLE_ASSIGNMENT((#14832));
#14832 = SURFACE_STYLE_USAGE(.BOTH.,#14833);
#14833 = SURFACE_SIDE_STYLE('',(#14834));
#14834 = SURFACE_STYLE_FILL_AREA(#14835);
#14835 = FILL_AREA_STYLE('',(#14836));
#14836 = FILL_AREA_STYLE_COLOUR('',#13173);
#14837 = OVER_RIDING_STYLED_ITEM('overriding color',(#14838),#8332,
  #13166);
#14838 = PRESENTATION_STYLE_ASSIGNMENT((#14839));
#14839 = SURFACE_STYLE_USAGE(.BOTH.,#14840);
#14840 = SURFACE_SIDE_STYLE('',(#14841));
#14841 = SURFACE_STYLE_FILL_AREA(#14842);
#14842 = FILL_AREA_STYLE('',(#14843));
#14843 = FILL_AREA_STYLE_COLOUR('',#13173);
#14844 = OVER_RIDING_STYLED_ITEM('overriding color',(#14845),#8352,
  #13166);
#14845 = PRESENTATION_STYLE_ASSIGNMENT((#14846));
#14846 = SURFACE_STYLE_USAGE(.BOTH.,#14847);
#14847 = SURFACE_SIDE_STYLE('',(#14848));
#14848 = SURFACE_STYLE_FILL_AREA(#14849);
#14849 = FILL_AREA_STYLE('',(#14850));
#14850 = FILL_AREA_STYLE_COLOUR('',#13173);
#14851 = OVER_RIDING_STYLED_ITEM('overriding color',(#14852),#8372,
  #13166);
#14852 = PRESENTATION_STYLE_ASSIGNMENT((#14853));
#14853 = SURFACE_STYLE_USAGE(.BOTH.,#14854);
#14854 = SURFACE_SIDE_STYLE('',(#14855));
#14855 = SURFACE_STYLE_FILL_AREA(#14856);
#14856 = FILL_AREA_STYLE('',(#14857));
#14857 = FILL_AREA_STYLE_COLOUR('',#13173);
#14858 = OVER_RIDING_STYLED_ITEM('overriding color',(#14859),#8392,
  #13166);
#14859 = PRESENTATION_STYLE_ASSIGNMENT((#14860));
#14860 = SURFACE_STYLE_USAGE(.BOTH.,#14861);
#14861 = SURFACE_SIDE_STYLE('',(#14862));
#14862 = SURFACE_STYLE_FILL_AREA(#14863);
#14863 = FILL_AREA_STYLE('',(#14864));
#14864 = FILL_AREA_STYLE_COLOUR('',#13173);
#14865 = OVER_RIDING_STYLED_ITEM('overriding color',(#14866),#8412,
  #13166);
#14866 = PRESENTATION_STYLE_ASSIGNMENT((#14867));
#14867 = SURFACE_STYLE_USAGE(.BOTH.,#14868);
#14868 = SURFACE_SIDE_STYLE('',(#14869));
#14869 = SURFACE_STYLE_FILL_AREA(#14870);
#14870 = FILL_AREA_STYLE('',(#14871));
#14871 = FILL_AREA_STYLE_COLOUR('',#13173);
#14872 = OVER_RIDING_STYLED_ITEM('overriding color',(#14873),#8432,
  #13166);
#14873 = PRESENTATION_STYLE_ASSIGNMENT((#14874));
#14874 = SURFACE_STYLE_USAGE(.BOTH.,#14875);
#14875 = SURFACE_SIDE_STYLE('',(#14876));
#14876 = SURFACE_STYLE_FILL_AREA(#14877);
#14877 = FILL_AREA_STYLE('',(#14878));
#14878 = FILL_AREA_STYLE_COLOUR('',#13173);
#14879 = OVER_RIDING_STYLED_ITEM('overriding color',(#14880),#8448,
  #13166);
#14880 = PRESENTATION_STYLE_ASSIGNMENT((#14881));
#14881 = SURFACE_STYLE_USAGE(.BOTH.,#14882);
#14882 = SURFACE_SIDE_STYLE('',(#14883));
#14883 = SURFACE_STYLE_FILL_AREA(#14884);
#14884 = FILL_AREA_STYLE('',(#14885));
#14885 = FILL_AREA_STYLE_COLOUR('',#13173);
#14886 = OVER_RIDING_STYLED_ITEM('overriding color',(#14887),#8460,
  #13166);
#14887 = PRESENTATION_STYLE_ASSIGNMENT((#14888));
#14888 = SURFACE_STYLE_USAGE(.BOTH.,#14889);
#14889 = SURFACE_SIDE_STYLE('',(#14890));
#14890 = SURFACE_STYLE_FILL_AREA(#14891);
#14891 = FILL_AREA_STYLE('',(#14892));
#14892 = FILL_AREA_STYLE_COLOUR('',#13173);
#14893 = OVER_RIDING_STYLED_ITEM('overriding color',(#14894),#8488,
  #13166);
#14894 = PRESENTATION_STYLE_ASSIGNMENT((#14895));
#14895 = SURFACE_STYLE_USAGE(.BOTH.,#14896);
#14896 = SURFACE_SIDE_STYLE('',(#14897));
#14897 = SURFACE_STYLE_FILL_AREA(#14898);
#14898 = FILL_AREA_STYLE('',(#14899));
#14899 = FILL_AREA_STYLE_COLOUR('',#13173);
#14900 = OVER_RIDING_STYLED_ITEM('overriding color',(#14901),#8510,
  #13166);
#14901 = PRESENTATION_STYLE_ASSIGNMENT((#14902));
#14902 = SURFACE_STYLE_USAGE(.BOTH.,#14903);
#14903 = SURFACE_SIDE_STYLE('',(#14904));
#14904 = SURFACE_STYLE_FILL_AREA(#14905);
#14905 = FILL_AREA_STYLE('',(#14906));
#14906 = FILL_AREA_STYLE_COLOUR('',#13173);
#14907 = OVER_RIDING_STYLED_ITEM('overriding color',(#14908),#8532,
  #13166);
#14908 = PRESENTATION_STYLE_ASSIGNMENT((#14909));
#14909 = SURFACE_STYLE_USAGE(.BOTH.,#14910);
#14910 = SURFACE_SIDE_STYLE('',(#14911));
#14911 = SURFACE_STYLE_FILL_AREA(#14912);
#14912 = FILL_AREA_STYLE('',(#14913));
#14913 = FILL_AREA_STYLE_COLOUR('',#13173);
#14914 = OVER_RIDING_STYLED_ITEM('overriding color',(#14915),#8560,
  #13166);
#14915 = PRESENTATION_STYLE_ASSIGNMENT((#14916));
#14916 = SURFACE_STYLE_USAGE(.BOTH.,#14917);
#14917 = SURFACE_SIDE_STYLE('',(#14918));
#14918 = SURFACE_STYLE_FILL_AREA(#14919);
#14919 = FILL_AREA_STYLE('',(#14920));
#14920 = FILL_AREA_STYLE_COLOUR('',#13173);
#14921 = OVER_RIDING_STYLED_ITEM('overriding color',(#14922),#8588,
  #13166);
#14922 = PRESENTATION_STYLE_ASSIGNMENT((#14923));
#14923 = SURFACE_STYLE_USAGE(.BOTH.,#14924);
#14924 = SURFACE_SIDE_STYLE('',(#14925));
#14925 = SURFACE_STYLE_FILL_AREA(#14926);
#14926 = FILL_AREA_STYLE('',(#14927));
#14927 = FILL_AREA_STYLE_COLOUR('',#13173);
#14928 = OVER_RIDING_STYLED_ITEM('overriding color',(#14929),#8616,
  #13166);
#14929 = PRESENTATION_STYLE_ASSIGNMENT((#14930));
#14930 = SURFACE_STYLE_USAGE(.BOTH.,#14931);
#14931 = SURFACE_SIDE_STYLE('',(#14932));
#14932 = SURFACE_STYLE_FILL_AREA(#14933);
#14933 = FILL_AREA_STYLE('',(#14934));
#14934 = FILL_AREA_STYLE_COLOUR('',#13173);
#14935 = OVER_RIDING_STYLED_ITEM('overriding color',(#14936),#8638,
  #13166);
#14936 = PRESENTATION_STYLE_ASSIGNMENT((#14937));
#14937 = SURFACE_STYLE_USAGE(.BOTH.,#14938);
#14938 = SURFACE_SIDE_STYLE('',(#14939));
#14939 = SURFACE_STYLE_FILL_AREA(#14940);
#14940 = FILL_AREA_STYLE('',(#14941));
#14941 = FILL_AREA_STYLE_COLOUR('',#13191);
#14942 = OVER_RIDING_STYLED_ITEM('overriding color',(#14943),#8653,
  #13166);
#14943 = PRESENTATION_STYLE_ASSIGNMENT((#14944));
#14944 = SURFACE_STYLE_USAGE(.BOTH.,#14945);
#14945 = SURFACE_SIDE_STYLE('',(#14946));
#14946 = SURFACE_STYLE_FILL_AREA(#14947);
#14947 = FILL_AREA_STYLE('',(#14948));
#14948 = FILL_AREA_STYLE_COLOUR('',#13173);
#14949 = OVER_RIDING_STYLED_ITEM('overriding color',(#14950),#8765,
  #13166);
#14950 = PRESENTATION_STYLE_ASSIGNMENT((#14951));
#14951 = SURFACE_STYLE_USAGE(.BOTH.,#14952);
#14952 = SURFACE_SIDE_STYLE('',(#14953));
#14953 = SURFACE_STYLE_FILL_AREA(#14954);
#14954 = FILL_AREA_STYLE('',(#14955));
#14955 = FILL_AREA_STYLE_COLOUR('',#13173);
#14956 = OVER_RIDING_STYLED_ITEM('overriding color',(#14957),#8785,
  #13166);
#14957 = PRESENTATION_STYLE_ASSIGNMENT((#14958));
#14958 = SURFACE_STYLE_USAGE(.BOTH.,#14959);
#14959 = SURFACE_SIDE_STYLE('',(#14960));
#14960 = SURFACE_STYLE_FILL_AREA(#14961);
#14961 = FILL_AREA_STYLE('',(#14962));
#14962 = FILL_AREA_STYLE_COLOUR('',#13173);
#14963 = OVER_RIDING_STYLED_ITEM('overriding color',(#14964),#8801,
  #13166);
#14964 = PRESENTATION_STYLE_ASSIGNMENT((#14965));
#14965 = SURFACE_STYLE_USAGE(.BOTH.,#14966);
#14966 = SURFACE_SIDE_STYLE('',(#14967));
#14967 = SURFACE_STYLE_FILL_AREA(#14968);
#14968 = FILL_AREA_STYLE('',(#14969));
#14969 = FILL_AREA_STYLE_COLOUR('',#13173);
#14970 = OVER_RIDING_STYLED_ITEM('overriding color',(#14971),#8817,
  #13166);
#14971 = PRESENTATION_STYLE_ASSIGNMENT((#14972));
#14972 = SURFACE_STYLE_USAGE(.BOTH.,#14973);
#14973 = SURFACE_SIDE_STYLE('',(#14974));
#14974 = SURFACE_STYLE_FILL_AREA(#14975);
#14975 = FILL_AREA_STYLE('',(#14976));
#14976 = FILL_AREA_STYLE_COLOUR('',#13173);
#14977 = OVER_RIDING_STYLED_ITEM('overriding color',(#14978),#8833,
  #13166);
#14978 = PRESENTATION_STYLE_ASSIGNMENT((#14979));
#14979 = SURFACE_STYLE_USAGE(.BOTH.,#14980);
#14980 = SURFACE_SIDE_STYLE('',(#14981));
#14981 = SURFACE_STYLE_FILL_AREA(#14982);
#14982 = FILL_AREA_STYLE('',(#14983));
#14983 = FILL_AREA_STYLE_COLOUR('',#13173);
#14984 = OVER_RIDING_STYLED_ITEM('overriding color',(#14985),#8849,
  #13166);
#14985 = PRESENTATION_STYLE_ASSIGNMENT((#14986));
#14986 = SURFACE_STYLE_USAGE(.BOTH.,#14987);
#14987 = SURFACE_SIDE_STYLE('',(#14988));
#14988 = SURFACE_STYLE_FILL_AREA(#14989);
#14989 = FILL_AREA_STYLE('',(#14990));
#14990 = FILL_AREA_STYLE_COLOUR('',#13173);
#14991 = OVER_RIDING_STYLED_ITEM('overriding color',(#14992),#8865,
  #13166);
#14992 = PRESENTATION_STYLE_ASSIGNMENT((#14993));
#14993 = SURFACE_STYLE_USAGE(.BOTH.,#14994);
#14994 = SURFACE_SIDE_STYLE('',(#14995));
#14995 = SURFACE_STYLE_FILL_AREA(#14996);
#14996 = FILL_AREA_STYLE('',(#14997));
#14997 = FILL_AREA_STYLE_COLOUR('',#13173);
#14998 = OVER_RIDING_STYLED_ITEM('overriding color',(#14999),#8881,
  #13166);
#14999 = PRESENTATION_STYLE_ASSIGNMENT((#15000));
#15000 = SURFACE_STYLE_USAGE(.BOTH.,#15001);
#15001 = SURFACE_SIDE_STYLE('',(#15002));
#15002 = SURFACE_STYLE_FILL_AREA(#15003);
#15003 = FILL_AREA_STYLE('',(#15004));
#15004 = FILL_AREA_STYLE_COLOUR('',#13173);
#15005 = OVER_RIDING_STYLED_ITEM('overriding color',(#15006),#8893,
  #13166);
#15006 = PRESENTATION_STYLE_ASSIGNMENT((#15007));
#15007 = SURFACE_STYLE_USAGE(.BOTH.,#15008);
#15008 = SURFACE_SIDE_STYLE('',(#15009));
#15009 = SURFACE_STYLE_FILL_AREA(#15010);
#15010 = FILL_AREA_STYLE('',(#15011));
#15011 = FILL_AREA_STYLE_COLOUR('',#13173);
#15012 = OVER_RIDING_STYLED_ITEM('overriding color',(#15013),#8921,
  #13166);
#15013 = PRESENTATION_STYLE_ASSIGNMENT((#15014));
#15014 = SURFACE_STYLE_USAGE(.BOTH.,#15015);
#15015 = SURFACE_SIDE_STYLE('',(#15016));
#15016 = SURFACE_STYLE_FILL_AREA(#15017);
#15017 = FILL_AREA_STYLE('',(#15018));
#15018 = FILL_AREA_STYLE_COLOUR('',#13173);
#15019 = OVER_RIDING_STYLED_ITEM('overriding color',(#15020),#8943,
  #13166);
#15020 = PRESENTATION_STYLE_ASSIGNMENT((#15021));
#15021 = SURFACE_STYLE_USAGE(.BOTH.,#15022);
#15022 = SURFACE_SIDE_STYLE('',(#15023));
#15023 = SURFACE_STYLE_FILL_AREA(#15024);
#15024 = FILL_AREA_STYLE('',(#15025));
#15025 = FILL_AREA_STYLE_COLOUR('',#13173);
#15026 = OVER_RIDING_STYLED_ITEM('overriding color',(#15027),#8971,
  #13166);
#15027 = PRESENTATION_STYLE_ASSIGNMENT((#15028));
#15028 = SURFACE_STYLE_USAGE(.BOTH.,#15029);
#15029 = SURFACE_SIDE_STYLE('',(#15030));
#15030 = SURFACE_STYLE_FILL_AREA(#15031);
#15031 = FILL_AREA_STYLE('',(#15032));
#15032 = FILL_AREA_STYLE_COLOUR('',#13173);
#15033 = OVER_RIDING_STYLED_ITEM('overriding color',(#15034),#8993,
  #13166);
#15034 = PRESENTATION_STYLE_ASSIGNMENT((#15035));
#15035 = SURFACE_STYLE_USAGE(.BOTH.,#15036);
#15036 = SURFACE_SIDE_STYLE('',(#15037));
#15037 = SURFACE_STYLE_FILL_AREA(#15038);
#15038 = FILL_AREA_STYLE('',(#15039));
#15039 = FILL_AREA_STYLE_COLOUR('',#13173);
#15040 = OVER_RIDING_STYLED_ITEM('overriding color',(#15041),#9021,
  #13166);
#15041 = PRESENTATION_STYLE_ASSIGNMENT((#15042));
#15042 = SURFACE_STYLE_USAGE(.BOTH.,#15043);
#15043 = SURFACE_SIDE_STYLE('',(#15044));
#15044 = SURFACE_STYLE_FILL_AREA(#15045);
#15045 = FILL_AREA_STYLE('',(#15046));
#15046 = FILL_AREA_STYLE_COLOUR('',#13173);
#15047 = OVER_RIDING_STYLED_ITEM('overriding color',(#15048),#9037,
  #13166);
#15048 = PRESENTATION_STYLE_ASSIGNMENT((#15049));
#15049 = SURFACE_STYLE_USAGE(.BOTH.,#15050);
#15050 = SURFACE_SIDE_STYLE('',(#15051));
#15051 = SURFACE_STYLE_FILL_AREA(#15052);
#15052 = FILL_AREA_STYLE('',(#15053));
#15053 = FILL_AREA_STYLE_COLOUR('',#13191);
#15054 = OVER_RIDING_STYLED_ITEM('overriding color',(#15055),#9051,
  #13166);
#15055 = PRESENTATION_STYLE_ASSIGNMENT((#15056));
#15056 = SURFACE_STYLE_USAGE(.BOTH.,#15057);
#15057 = SURFACE_SIDE_STYLE('',(#15058));
#15058 = SURFACE_STYLE_FILL_AREA(#15059);
#15059 = FILL_AREA_STYLE('',(#15060));
#15060 = FILL_AREA_STYLE_COLOUR('',#13173);
#15061 = OVER_RIDING_STYLED_ITEM('overriding color',(#15062),#9079,
  #13166);
#15062 = PRESENTATION_STYLE_ASSIGNMENT((#15063));
#15063 = SURFACE_STYLE_USAGE(.BOTH.,#15064);
#15064 = SURFACE_SIDE_STYLE('',(#15065));
#15065 = SURFACE_STYLE_FILL_AREA(#15066);
#15066 = FILL_AREA_STYLE('',(#15067));
#15067 = FILL_AREA_STYLE_COLOUR('',#13173);
#15068 = OVER_RIDING_STYLED_ITEM('overriding color',(#15069),#9101,
  #13166);
#15069 = PRESENTATION_STYLE_ASSIGNMENT((#15070));
#15070 = SURFACE_STYLE_USAGE(.BOTH.,#15071);
#15071 = SURFACE_SIDE_STYLE('',(#15072));
#15072 = SURFACE_STYLE_FILL_AREA(#15073);
#15073 = FILL_AREA_STYLE('',(#15074));
#15074 = FILL_AREA_STYLE_COLOUR('',#13173);
#15075 = OVER_RIDING_STYLED_ITEM('overriding color',(#15076),#9123,
  #13166);
#15076 = PRESENTATION_STYLE_ASSIGNMENT((#15077));
#15077 = SURFACE_STYLE_USAGE(.BOTH.,#15078);
#15078 = SURFACE_SIDE_STYLE('',(#15079));
#15079 = SURFACE_STYLE_FILL_AREA(#15080);
#15080 = FILL_AREA_STYLE('',(#15081));
#15081 = FILL_AREA_STYLE_COLOUR('',#13173);
#15082 = OVER_RIDING_STYLED_ITEM('overriding color',(#15083),#9145,
  #13166);
#15083 = PRESENTATION_STYLE_ASSIGNMENT((#15084));
#15084 = SURFACE_STYLE_USAGE(.BOTH.,#15085);
#15085 = SURFACE_SIDE_STYLE('',(#15086));
#15086 = SURFACE_STYLE_FILL_AREA(#15087);
#15087 = FILL_AREA_STYLE('',(#15088));
#15088 = FILL_AREA_STYLE_COLOUR('',#13173);
#15089 = OVER_RIDING_STYLED_ITEM('overriding color',(#15090),#9167,
  #13166);
#15090 = PRESENTATION_STYLE_ASSIGNMENT((#15091));
#15091 = SURFACE_STYLE_USAGE(.BOTH.,#15092);
#15092 = SURFACE_SIDE_STYLE('',(#15093));
#15093 = SURFACE_STYLE_FILL_AREA(#15094);
#15094 = FILL_AREA_STYLE('',(#15095));
#15095 = FILL_AREA_STYLE_COLOUR('',#13173);
#15096 = OVER_RIDING_STYLED_ITEM('overriding color',(#15097),#9189,
  #13166);
#15097 = PRESENTATION_STYLE_ASSIGNMENT((#15098));
#15098 = SURFACE_STYLE_USAGE(.BOTH.,#15099);
#15099 = SURFACE_SIDE_STYLE('',(#15100));
#15100 = SURFACE_STYLE_FILL_AREA(#15101);
#15101 = FILL_AREA_STYLE('',(#15102));
#15102 = FILL_AREA_STYLE_COLOUR('',#13173);
#15103 = OVER_RIDING_STYLED_ITEM('overriding color',(#15104),#9211,
  #13166);
#15104 = PRESENTATION_STYLE_ASSIGNMENT((#15105));
#15105 = SURFACE_STYLE_USAGE(.BOTH.,#15106);
#15106 = SURFACE_SIDE_STYLE('',(#15107));
#15107 = SURFACE_STYLE_FILL_AREA(#15108);
#15108 = FILL_AREA_STYLE('',(#15109));
#15109 = FILL_AREA_STYLE_COLOUR('',#13173);
#15110 = OVER_RIDING_STYLED_ITEM('overriding color',(#15111),#9233,
  #13166);
#15111 = PRESENTATION_STYLE_ASSIGNMENT((#15112));
#15112 = SURFACE_STYLE_USAGE(.BOTH.,#15113);
#15113 = SURFACE_SIDE_STYLE('',(#15114));
#15114 = SURFACE_STYLE_FILL_AREA(#15115);
#15115 = FILL_AREA_STYLE('',(#15116));
#15116 = FILL_AREA_STYLE_COLOUR('',#13173);
#15117 = OVER_RIDING_STYLED_ITEM('overriding color',(#15118),#9255,
  #13166);
#15118 = PRESENTATION_STYLE_ASSIGNMENT((#15119));
#15119 = SURFACE_STYLE_USAGE(.BOTH.,#15120);
#15120 = SURFACE_SIDE_STYLE('',(#15121));
#15121 = SURFACE_STYLE_FILL_AREA(#15122);
#15122 = FILL_AREA_STYLE('',(#15123));
#15123 = FILL_AREA_STYLE_COLOUR('',#13173);
#15124 = OVER_RIDING_STYLED_ITEM('overriding color',(#15125),#9277,
  #13166);
#15125 = PRESENTATION_STYLE_ASSIGNMENT((#15126));
#15126 = SURFACE_STYLE_USAGE(.BOTH.,#15127);
#15127 = SURFACE_SIDE_STYLE('',(#15128));
#15128 = SURFACE_STYLE_FILL_AREA(#15129);
#15129 = FILL_AREA_STYLE('',(#15130));
#15130 = FILL_AREA_STYLE_COLOUR('',#13173);
#15131 = OVER_RIDING_STYLED_ITEM('overriding color',(#15132),#9299,
  #13166);
#15132 = PRESENTATION_STYLE_ASSIGNMENT((#15133));
#15133 = SURFACE_STYLE_USAGE(.BOTH.,#15134);
#15134 = SURFACE_SIDE_STYLE('',(#15135));
#15135 = SURFACE_STYLE_FILL_AREA(#15136);
#15136 = FILL_AREA_STYLE('',(#15137));
#15137 = FILL_AREA_STYLE_COLOUR('',#13173);
#15138 = OVER_RIDING_STYLED_ITEM('overriding color',(#15139),#9315,
  #13166);
#15139 = PRESENTATION_STYLE_ASSIGNMENT((#15140));
#15140 = SURFACE_STYLE_USAGE(.BOTH.,#15141);
#15141 = SURFACE_SIDE_STYLE('',(#15142));
#15142 = SURFACE_STYLE_FILL_AREA(#15143);
#15143 = FILL_AREA_STYLE('',(#15144));
#15144 = FILL_AREA_STYLE_COLOUR('',#13173);
#15145 = OVER_RIDING_STYLED_ITEM('overriding color',(#15146),#9335,
  #13166);
#15146 = PRESENTATION_STYLE_ASSIGNMENT((#15147));
#15147 = SURFACE_STYLE_USAGE(.BOTH.,#15148);
#15148 = SURFACE_SIDE_STYLE('',(#15149));
#15149 = SURFACE_STYLE_FILL_AREA(#15150);
#15150 = FILL_AREA_STYLE('',(#15151));
#15151 = FILL_AREA_STYLE_COLOUR('',#13173);
#15152 = OVER_RIDING_STYLED_ITEM('overriding color',(#15153),#9527,
  #13166);
#15153 = PRESENTATION_STYLE_ASSIGNMENT((#15154));
#15154 = SURFACE_STYLE_USAGE(.BOTH.,#15155);
#15155 = SURFACE_SIDE_STYLE('',(#15156));
#15156 = SURFACE_STYLE_FILL_AREA(#15157);
#15157 = FILL_AREA_STYLE('',(#15158));
#15158 = FILL_AREA_STYLE_COLOUR('',#13173);
#15159 = OVER_RIDING_STYLED_ITEM('overriding color',(#15160),#9551,
  #13166);
#15160 = PRESENTATION_STYLE_ASSIGNMENT((#15161));
#15161 = SURFACE_STYLE_USAGE(.BOTH.,#15162);
#15162 = SURFACE_SIDE_STYLE('',(#15163));
#15163 = SURFACE_STYLE_FILL_AREA(#15164);
#15164 = FILL_AREA_STYLE('',(#15165));
#15165 = FILL_AREA_STYLE_COLOUR('',#13173);
#15166 = OVER_RIDING_STYLED_ITEM('overriding color',(#15167),#9567,
  #13166);
#15167 = PRESENTATION_STYLE_ASSIGNMENT((#15168));
#15168 = SURFACE_STYLE_USAGE(.BOTH.,#15169);
#15169 = SURFACE_SIDE_STYLE('',(#15170));
#15170 = SURFACE_STYLE_FILL_AREA(#15171);
#15171 = FILL_AREA_STYLE('',(#15172));
#15172 = FILL_AREA_STYLE_COLOUR('',#13173);
#15173 = OVER_RIDING_STYLED_ITEM('overriding color',(#15174),#9587,
  #13166);
#15174 = PRESENTATION_STYLE_ASSIGNMENT((#15175));
#15175 = SURFACE_STYLE_USAGE(.BOTH.,#15176);
#15176 = SURFACE_SIDE_STYLE('',(#15177));
#15177 = SURFACE_STYLE_FILL_AREA(#15178);
#15178 = FILL_AREA_STYLE('',(#15179));
#15179 = FILL_AREA_STYLE_COLOUR('',#13173);
#15180 = OVER_RIDING_STYLED_ITEM('overriding color',(#15181),#9607,
  #13166);
#15181 = PRESENTATION_STYLE_ASSIGNMENT((#15182));
#15182 = SURFACE_STYLE_USAGE(.BOTH.,#15183);
#15183 = SURFACE_SIDE_STYLE('',(#15184));
#15184 = SURFACE_STYLE_FILL_AREA(#15185);
#15185 = FILL_AREA_STYLE('',(#15186));
#15186 = FILL_AREA_STYLE_COLOUR('',#13173);
#15187 = OVER_RIDING_STYLED_ITEM('overriding color',(#15188),#9623,
  #13166);
#15188 = PRESENTATION_STYLE_ASSIGNMENT((#15189));
#15189 = SURFACE_STYLE_USAGE(.BOTH.,#15190);
#15190 = SURFACE_SIDE_STYLE('',(#15191));
#15191 = SURFACE_STYLE_FILL_AREA(#15192);
#15192 = FILL_AREA_STYLE('',(#15193));
#15193 = FILL_AREA_STYLE_COLOUR('',#13173);
#15194 = OVER_RIDING_STYLED_ITEM('overriding color',(#15195),#9643,
  #13166);
#15195 = PRESENTATION_STYLE_ASSIGNMENT((#15196));
#15196 = SURFACE_STYLE_USAGE(.BOTH.,#15197);
#15197 = SURFACE_SIDE_STYLE('',(#15198));
#15198 = SURFACE_STYLE_FILL_AREA(#15199);
#15199 = FILL_AREA_STYLE('',(#15200));
#15200 = FILL_AREA_STYLE_COLOUR('',#13173);
#15201 = OVER_RIDING_STYLED_ITEM('overriding color',(#15202),#9663,
  #13166);
#15202 = PRESENTATION_STYLE_ASSIGNMENT((#15203));
#15203 = SURFACE_STYLE_USAGE(.BOTH.,#15204);
#15204 = SURFACE_SIDE_STYLE('',(#15205));
#15205 = SURFACE_STYLE_FILL_AREA(#15206);
#15206 = FILL_AREA_STYLE('',(#15207));
#15207 = FILL_AREA_STYLE_COLOUR('',#13173);
#15208 = OVER_RIDING_STYLED_ITEM('overriding color',(#15209),#9683,
  #13166);
#15209 = PRESENTATION_STYLE_ASSIGNMENT((#15210));
#15210 = SURFACE_STYLE_USAGE(.BOTH.,#15211);
#15211 = SURFACE_SIDE_STYLE('',(#15212));
#15212 = SURFACE_STYLE_FILL_AREA(#15213);
#15213 = FILL_AREA_STYLE('',(#15214));
#15214 = FILL_AREA_STYLE_COLOUR('',#13173);
#15215 = OVER_RIDING_STYLED_ITEM('overriding color',(#15216),#9703,
  #13166);
#15216 = PRESENTATION_STYLE_ASSIGNMENT((#15217));
#15217 = SURFACE_STYLE_USAGE(.BOTH.,#15218);
#15218 = SURFACE_SIDE_STYLE('',(#15219));
#15219 = SURFACE_STYLE_FILL_AREA(#15220);
#15220 = FILL_AREA_STYLE('',(#15221));
#15221 = FILL_AREA_STYLE_COLOUR('',#13173);
#15222 = OVER_RIDING_STYLED_ITEM('overriding color',(#15223),#9719,
  #13166);
#15223 = PRESENTATION_STYLE_ASSIGNMENT((#15224));
#15224 = SURFACE_STYLE_USAGE(.BOTH.,#15225);
#15225 = SURFACE_SIDE_STYLE('',(#15226));
#15226 = SURFACE_STYLE_FILL_AREA(#15227);
#15227 = FILL_AREA_STYLE('',(#15228));
#15228 = FILL_AREA_STYLE_COLOUR('',#13173);
#15229 = OVER_RIDING_STYLED_ITEM('overriding color',(#15230),#9735,
  #13166);
#15230 = PRESENTATION_STYLE_ASSIGNMENT((#15231));
#15231 = SURFACE_STYLE_USAGE(.BOTH.,#15232);
#15232 = SURFACE_SIDE_STYLE('',(#15233));
#15233 = SURFACE_STYLE_FILL_AREA(#15234);
#15234 = FILL_AREA_STYLE('',(#15235));
#15235 = FILL_AREA_STYLE_COLOUR('',#13173);
#15236 = OVER_RIDING_STYLED_ITEM('overriding color',(#15237),#9751,
  #13166);
#15237 = PRESENTATION_STYLE_ASSIGNMENT((#15238));
#15238 = SURFACE_STYLE_USAGE(.BOTH.,#15239);
#15239 = SURFACE_SIDE_STYLE('',(#15240));
#15240 = SURFACE_STYLE_FILL_AREA(#15241);
#15241 = FILL_AREA_STYLE('',(#15242));
#15242 = FILL_AREA_STYLE_COLOUR('',#13173);
#15243 = OVER_RIDING_STYLED_ITEM('overriding color',(#15244),#9767,
  #13166);
#15244 = PRESENTATION_STYLE_ASSIGNMENT((#15245));
#15245 = SURFACE_STYLE_USAGE(.BOTH.,#15246);
#15246 = SURFACE_SIDE_STYLE('',(#15247));
#15247 = SURFACE_STYLE_FILL_AREA(#15248);
#15248 = FILL_AREA_STYLE('',(#15249));
#15249 = FILL_AREA_STYLE_COLOUR('',#13173);
#15250 = OVER_RIDING_STYLED_ITEM('overriding color',(#15251),#9783,
  #13166);
#15251 = PRESENTATION_STYLE_ASSIGNMENT((#15252));
#15252 = SURFACE_STYLE_USAGE(.BOTH.,#15253);
#15253 = SURFACE_SIDE_STYLE('',(#15254));
#15254 = SURFACE_STYLE_FILL_AREA(#15255);
#15255 = FILL_AREA_STYLE('',(#15256));
#15256 = FILL_AREA_STYLE_COLOUR('',#13173);
#15257 = OVER_RIDING_STYLED_ITEM('overriding color',(#15258),#9817,
  #13166);
#15258 = PRESENTATION_STYLE_ASSIGNMENT((#15259));
#15259 = SURFACE_STYLE_USAGE(.BOTH.,#15260);
#15260 = SURFACE_SIDE_STYLE('',(#15261));
#15261 = SURFACE_STYLE_FILL_AREA(#15262);
#15262 = FILL_AREA_STYLE('',(#15263));
#15263 = FILL_AREA_STYLE_COLOUR('',#13173);
#15264 = OVER_RIDING_STYLED_ITEM('overriding color',(#15265),#9845,
  #13166);
#15265 = PRESENTATION_STYLE_ASSIGNMENT((#15266));
#15266 = SURFACE_STYLE_USAGE(.BOTH.,#15267);
#15267 = SURFACE_SIDE_STYLE('',(#15268));
#15268 = SURFACE_STYLE_FILL_AREA(#15269);
#15269 = FILL_AREA_STYLE('',(#15270));
#15270 = FILL_AREA_STYLE_COLOUR('',#13173);
#15271 = OVER_RIDING_STYLED_ITEM('overriding color',(#15272),#9873,
  #13166);
#15272 = PRESENTATION_STYLE_ASSIGNMENT((#15273));
#15273 = SURFACE_STYLE_USAGE(.BOTH.,#15274);
#15274 = SURFACE_SIDE_STYLE('',(#15275));
#15275 = SURFACE_STYLE_FILL_AREA(#15276);
#15276 = FILL_AREA_STYLE('',(#15277));
#15277 = FILL_AREA_STYLE_COLOUR('',#13173);
#15278 = OVER_RIDING_STYLED_ITEM('overriding color',(#15279),#9901,
  #13166);
#15279 = PRESENTATION_STYLE_ASSIGNMENT((#15280));
#15280 = SURFACE_STYLE_USAGE(.BOTH.,#15281);
#15281 = SURFACE_SIDE_STYLE('',(#15282));
#15282 = SURFACE_STYLE_FILL_AREA(#15283);
#15283 = FILL_AREA_STYLE('',(#15284));
#15284 = FILL_AREA_STYLE_COLOUR('',#13173);
#15285 = OVER_RIDING_STYLED_ITEM('overriding color',(#15286),#9929,
  #13166);
#15286 = PRESENTATION_STYLE_ASSIGNMENT((#15287));
#15287 = SURFACE_STYLE_USAGE(.BOTH.,#15288);
#15288 = SURFACE_SIDE_STYLE('',(#15289));
#15289 = SURFACE_STYLE_FILL_AREA(#15290);
#15290 = FILL_AREA_STYLE('',(#15291));
#15291 = FILL_AREA_STYLE_COLOUR('',#13173);
#15292 = OVER_RIDING_STYLED_ITEM('overriding color',(#15293),#9957,
  #13166);
#15293 = PRESENTATION_STYLE_ASSIGNMENT((#15294));
#15294 = SURFACE_STYLE_USAGE(.BOTH.,#15295);
#15295 = SURFACE_SIDE_STYLE('',(#15296));
#15296 = SURFACE_STYLE_FILL_AREA(#15297);
#15297 = FILL_AREA_STYLE('',(#15298));
#15298 = FILL_AREA_STYLE_COLOUR('',#13173);
#15299 = OVER_RIDING_STYLED_ITEM('overriding color',(#15300),#9979,
  #13166);
#15300 = PRESENTATION_STYLE_ASSIGNMENT((#15301));
#15301 = SURFACE_STYLE_USAGE(.BOTH.,#15302);
#15302 = SURFACE_SIDE_STYLE('',(#15303));
#15303 = SURFACE_STYLE_FILL_AREA(#15304);
#15304 = FILL_AREA_STYLE('',(#15305));
#15305 = FILL_AREA_STYLE_COLOUR('',#13173);
#15306 = OVER_RIDING_STYLED_ITEM('overriding color',(#15307),#9995,
  #13166);
#15307 = PRESENTATION_STYLE_ASSIGNMENT((#15308));
#15308 = SURFACE_STYLE_USAGE(.BOTH.,#15309);
#15309 = SURFACE_SIDE_STYLE('',(#15310));
#15310 = SURFACE_STYLE_FILL_AREA(#15311);
#15311 = FILL_AREA_STYLE('',(#15312));
#15312 = FILL_AREA_STYLE_COLOUR('',#13191);
#15313 = OVER_RIDING_STYLED_ITEM('overriding color',(#15314),#10011,
  #13166);
#15314 = PRESENTATION_STYLE_ASSIGNMENT((#15315));
#15315 = SURFACE_STYLE_USAGE(.BOTH.,#15316);
#15316 = SURFACE_SIDE_STYLE('',(#15317));
#15317 = SURFACE_STYLE_FILL_AREA(#15318);
#15318 = FILL_AREA_STYLE('',(#15319));
#15319 = FILL_AREA_STYLE_COLOUR('',#13173);
#15320 = OVER_RIDING_STYLED_ITEM('overriding color',(#15321),#10045,
  #13166);
#15321 = PRESENTATION_STYLE_ASSIGNMENT((#15322));
#15322 = SURFACE_STYLE_USAGE(.BOTH.,#15323);
#15323 = SURFACE_SIDE_STYLE('',(#15324));
#15324 = SURFACE_STYLE_FILL_AREA(#15325);
#15325 = FILL_AREA_STYLE('',(#15326));
#15326 = FILL_AREA_STYLE_COLOUR('',#13173);
#15327 = OVER_RIDING_STYLED_ITEM('overriding color',(#15328),#10067,
  #13166);
#15328 = PRESENTATION_STYLE_ASSIGNMENT((#15329));
#15329 = SURFACE_STYLE_USAGE(.BOTH.,#15330);
#15330 = SURFACE_SIDE_STYLE('',(#15331));
#15331 = SURFACE_STYLE_FILL_AREA(#15332);
#15332 = FILL_AREA_STYLE('',(#15333));
#15333 = FILL_AREA_STYLE_COLOUR('',#13173);
#15334 = OVER_RIDING_STYLED_ITEM('overriding color',(#15335),#10095,
  #13166);
#15335 = PRESENTATION_STYLE_ASSIGNMENT((#15336));
#15336 = SURFACE_STYLE_USAGE(.BOTH.,#15337);
#15337 = SURFACE_SIDE_STYLE('',(#15338));
#15338 = SURFACE_STYLE_FILL_AREA(#15339);
#15339 = FILL_AREA_STYLE('',(#15340));
#15340 = FILL_AREA_STYLE_COLOUR('',#13173);
#15341 = OVER_RIDING_STYLED_ITEM('overriding color',(#15342),#10123,
  #13166);
#15342 = PRESENTATION_STYLE_ASSIGNMENT((#15343));
#15343 = SURFACE_STYLE_USAGE(.BOTH.,#15344);
#15344 = SURFACE_SIDE_STYLE('',(#15345));
#15345 = SURFACE_STYLE_FILL_AREA(#15346);
#15346 = FILL_AREA_STYLE('',(#15347));
#15347 = FILL_AREA_STYLE_COLOUR('',#13173);
#15348 = OVER_RIDING_STYLED_ITEM('overriding color',(#15349),#10151,
  #13166);
#15349 = PRESENTATION_STYLE_ASSIGNMENT((#15350));
#15350 = SURFACE_STYLE_USAGE(.BOTH.,#15351);
#15351 = SURFACE_SIDE_STYLE('',(#15352));
#15352 = SURFACE_STYLE_FILL_AREA(#15353);
#15353 = FILL_AREA_STYLE('',(#15354));
#15354 = FILL_AREA_STYLE_COLOUR('',#13173);
#15355 = OVER_RIDING_STYLED_ITEM('overriding color',(#15356),#10179,
  #13166);
#15356 = PRESENTATION_STYLE_ASSIGNMENT((#15357));
#15357 = SURFACE_STYLE_USAGE(.BOTH.,#15358);
#15358 = SURFACE_SIDE_STYLE('',(#15359));
#15359 = SURFACE_STYLE_FILL_AREA(#15360);
#15360 = FILL_AREA_STYLE('',(#15361));
#15361 = FILL_AREA_STYLE_COLOUR('',#13173);
#15362 = OVER_RIDING_STYLED_ITEM('overriding color',(#15363),#10207,
  #13166);
#15363 = PRESENTATION_STYLE_ASSIGNMENT((#15364));
#15364 = SURFACE_STYLE_USAGE(.BOTH.,#15365);
#15365 = SURFACE_SIDE_STYLE('',(#15366));
#15366 = SURFACE_STYLE_FILL_AREA(#15367);
#15367 = FILL_AREA_STYLE('',(#15368));
#15368 = FILL_AREA_STYLE_COLOUR('',#13173);
#15369 = OVER_RIDING_STYLED_ITEM('overriding color',(#15370),#10235,
  #13166);
#15370 = PRESENTATION_STYLE_ASSIGNMENT((#15371));
#15371 = SURFACE_STYLE_USAGE(.BOTH.,#15372);
#15372 = SURFACE_SIDE_STYLE('',(#15373));
#15373 = SURFACE_STYLE_FILL_AREA(#15374);
#15374 = FILL_AREA_STYLE('',(#15375));
#15375 = FILL_AREA_STYLE_COLOUR('',#13173);
#15376 = OVER_RIDING_STYLED_ITEM('overriding color',(#15377),#10263,
  #13166);
#15377 = PRESENTATION_STYLE_ASSIGNMENT((#15378));
#15378 = SURFACE_STYLE_USAGE(.BOTH.,#15379);
#15379 = SURFACE_SIDE_STYLE('',(#15380));
#15380 = SURFACE_STYLE_FILL_AREA(#15381);
#15381 = FILL_AREA_STYLE('',(#15382));
#15382 = FILL_AREA_STYLE_COLOUR('',#13173);
#15383 = OVER_RIDING_STYLED_ITEM('overriding color',(#15384),#10291,
  #13166);
#15384 = PRESENTATION_STYLE_ASSIGNMENT((#15385));
#15385 = SURFACE_STYLE_USAGE(.BOTH.,#15386);
#15386 = SURFACE_SIDE_STYLE('',(#15387));
#15387 = SURFACE_STYLE_FILL_AREA(#15388);
#15388 = FILL_AREA_STYLE('',(#15389));
#15389 = FILL_AREA_STYLE_COLOUR('',#13173);
#15390 = OVER_RIDING_STYLED_ITEM('overriding color',(#15391),#10319,
  #13166);
#15391 = PRESENTATION_STYLE_ASSIGNMENT((#15392));
#15392 = SURFACE_STYLE_USAGE(.BOTH.,#15393);
#15393 = SURFACE_SIDE_STYLE('',(#15394));
#15394 = SURFACE_STYLE_FILL_AREA(#15395);
#15395 = FILL_AREA_STYLE('',(#15396));
#15396 = FILL_AREA_STYLE_COLOUR('',#13173);
#15397 = OVER_RIDING_STYLED_ITEM('overriding color',(#15398),#10347,
  #13166);
#15398 = PRESENTATION_STYLE_ASSIGNMENT((#15399));
#15399 = SURFACE_STYLE_USAGE(.BOTH.,#15400);
#15400 = SURFACE_SIDE_STYLE('',(#15401));
#15401 = SURFACE_STYLE_FILL_AREA(#15402);
#15402 = FILL_AREA_STYLE('',(#15403));
#15403 = FILL_AREA_STYLE_COLOUR('',#13173);
#15404 = OVER_RIDING_STYLED_ITEM('overriding color',(#15405),#10369,
  #13166);
#15405 = PRESENTATION_STYLE_ASSIGNMENT((#15406));
#15406 = SURFACE_STYLE_USAGE(.BOTH.,#15407);
#15407 = SURFACE_SIDE_STYLE('',(#15408));
#15408 = SURFACE_STYLE_FILL_AREA(#15409);
#15409 = FILL_AREA_STYLE('',(#15410));
#15410 = FILL_AREA_STYLE_COLOUR('',#13173);
#15411 = OVER_RIDING_STYLED_ITEM('overriding color',(#15412),#10397,
  #13166);
#15412 = PRESENTATION_STYLE_ASSIGNMENT((#15413));
#15413 = SURFACE_STYLE_USAGE(.BOTH.,#15414);
#15414 = SURFACE_SIDE_STYLE('',(#15415));
#15415 = SURFACE_STYLE_FILL_AREA(#15416);
#15416 = FILL_AREA_STYLE('',(#15417));
#15417 = FILL_AREA_STYLE_COLOUR('',#13173);
#15418 = OVER_RIDING_STYLED_ITEM('overriding color',(#15419),#10425,
  #13166);
#15419 = PRESENTATION_STYLE_ASSIGNMENT((#15420));
#15420 = SURFACE_STYLE_USAGE(.BOTH.,#15421);
#15421 = SURFACE_SIDE_STYLE('',(#15422));
#15422 = SURFACE_STYLE_FILL_AREA(#15423);
#15423 = FILL_AREA_STYLE('',(#15424));
#15424 = FILL_AREA_STYLE_COLOUR('',#13173);
#15425 = OVER_RIDING_STYLED_ITEM('overriding color',(#15426),#10453,
  #13166);
#15426 = PRESENTATION_STYLE_ASSIGNMENT((#15427));
#15427 = SURFACE_STYLE_USAGE(.BOTH.,#15428);
#15428 = SURFACE_SIDE_STYLE('',(#15429));
#15429 = SURFACE_STYLE_FILL_AREA(#15430);
#15430 = FILL_AREA_STYLE('',(#15431));
#15431 = FILL_AREA_STYLE_COLOUR('',#13173);
#15432 = OVER_RIDING_STYLED_ITEM('overriding color',(#15433),#10481,
  #13166);
#15433 = PRESENTATION_STYLE_ASSIGNMENT((#15434));
#15434 = SURFACE_STYLE_USAGE(.BOTH.,#15435);
#15435 = SURFACE_SIDE_STYLE('',(#15436));
#15436 = SURFACE_STYLE_FILL_AREA(#15437);
#15437 = FILL_AREA_STYLE('',(#15438));
#15438 = FILL_AREA_STYLE_COLOUR('',#13173);
#15439 = OVER_RIDING_STYLED_ITEM('overriding color',(#15440),#10509,
  #13166);
#15440 = PRESENTATION_STYLE_ASSIGNMENT((#15441));
#15441 = SURFACE_STYLE_USAGE(.BOTH.,#15442);
#15442 = SURFACE_SIDE_STYLE('',(#15443));
#15443 = SURFACE_STYLE_FILL_AREA(#15444);
#15444 = FILL_AREA_STYLE('',(#15445));
#15445 = FILL_AREA_STYLE_COLOUR('',#13173);
#15446 = OVER_RIDING_STYLED_ITEM('overriding color',(#15447),#10537,
  #13166);
#15447 = PRESENTATION_STYLE_ASSIGNMENT((#15448));
#15448 = SURFACE_STYLE_USAGE(.BOTH.,#15449);
#15449 = SURFACE_SIDE_STYLE('',(#15450));
#15450 = SURFACE_STYLE_FILL_AREA(#15451);
#15451 = FILL_AREA_STYLE('',(#15452));
#15452 = FILL_AREA_STYLE_COLOUR('',#13173);
#15453 = OVER_RIDING_STYLED_ITEM('overriding color',(#15454),#10565,
  #13166);
#15454 = PRESENTATION_STYLE_ASSIGNMENT((#15455));
#15455 = SURFACE_STYLE_USAGE(.BOTH.,#15456);
#15456 = SURFACE_SIDE_STYLE('',(#15457));
#15457 = SURFACE_STYLE_FILL_AREA(#15458);
#15458 = FILL_AREA_STYLE('',(#15459));
#15459 = FILL_AREA_STYLE_COLOUR('',#13173);
#15460 = OVER_RIDING_STYLED_ITEM('overriding color',(#15461),#10587,
  #13166);
#15461 = PRESENTATION_STYLE_ASSIGNMENT((#15462));
#15462 = SURFACE_STYLE_USAGE(.BOTH.,#15463);
#15463 = SURFACE_SIDE_STYLE('',(#15464));
#15464 = SURFACE_STYLE_FILL_AREA(#15465);
#15465 = FILL_AREA_STYLE('',(#15466));
#15466 = FILL_AREA_STYLE_COLOUR('',#13173);
#15467 = OVER_RIDING_STYLED_ITEM('overriding color',(#15468),#10616,
  #13166);
#15468 = PRESENTATION_STYLE_ASSIGNMENT((#15469));
#15469 = SURFACE_STYLE_USAGE(.BOTH.,#15470);
#15470 = SURFACE_SIDE_STYLE('',(#15471));
#15471 = SURFACE_STYLE_FILL_AREA(#15472);
#15472 = FILL_AREA_STYLE('',(#15473));
#15473 = FILL_AREA_STYLE_COLOUR('',#13173);
#15474 = OVER_RIDING_STYLED_ITEM('overriding color',(#15475),#10644,
  #13166);
#15475 = PRESENTATION_STYLE_ASSIGNMENT((#15476));
#15476 = SURFACE_STYLE_USAGE(.BOTH.,#15477);
#15477 = SURFACE_SIDE_STYLE('',(#15478));
#15478 = SURFACE_STYLE_FILL_AREA(#15479);
#15479 = FILL_AREA_STYLE('',(#15480));
#15480 = FILL_AREA_STYLE_COLOUR('',#13173);
#15481 = OVER_RIDING_STYLED_ITEM('overriding color',(#15482),#10666,
  #13166);
#15482 = PRESENTATION_STYLE_ASSIGNMENT((#15483));
#15483 = SURFACE_STYLE_USAGE(.BOTH.,#15484);
#15484 = SURFACE_SIDE_STYLE('',(#15485));
#15485 = SURFACE_STYLE_FILL_AREA(#15486);
#15486 = FILL_AREA_STYLE('',(#15487));
#15487 = FILL_AREA_STYLE_COLOUR('',#13173);
#15488 = OVER_RIDING_STYLED_ITEM('overriding color',(#15489),#10694,
  #13166);
#15489 = PRESENTATION_STYLE_ASSIGNMENT((#15490));
#15490 = SURFACE_STYLE_USAGE(.BOTH.,#15491);
#15491 = SURFACE_SIDE_STYLE('',(#15492));
#15492 = SURFACE_STYLE_FILL_AREA(#15493);
#15493 = FILL_AREA_STYLE('',(#15494));
#15494 = FILL_AREA_STYLE_COLOUR('',#13173);
#15495 = OVER_RIDING_STYLED_ITEM('overriding color',(#15496),#10716,
  #13166);
#15496 = PRESENTATION_STYLE_ASSIGNMENT((#15497));
#15497 = SURFACE_STYLE_USAGE(.BOTH.,#15498);
#15498 = SURFACE_SIDE_STYLE('',(#15499));
#15499 = SURFACE_STYLE_FILL_AREA(#15500);
#15500 = FILL_AREA_STYLE('',(#15501));
#15501 = FILL_AREA_STYLE_COLOUR('',#13173);
#15502 = OVER_RIDING_STYLED_ITEM('overriding color',(#15503),#10738,
  #13166);
#15503 = PRESENTATION_STYLE_ASSIGNMENT((#15504));
#15504 = SURFACE_STYLE_USAGE(.BOTH.,#15505);
#15505 = SURFACE_SIDE_STYLE('',(#15506));
#15506 = SURFACE_STYLE_FILL_AREA(#15507);
#15507 = FILL_AREA_STYLE('',(#15508));
#15508 = FILL_AREA_STYLE_COLOUR('',#13173);
#15509 = OVER_RIDING_STYLED_ITEM('overriding color',(#15510),#10760,
  #13166);
#15510 = PRESENTATION_STYLE_ASSIGNMENT((#15511));
#15511 = SURFACE_STYLE_USAGE(.BOTH.,#15512);
#15512 = SURFACE_SIDE_STYLE('',(#15513));
#15513 = SURFACE_STYLE_FILL_AREA(#15514);
#15514 = FILL_AREA_STYLE('',(#15515));
#15515 = FILL_AREA_STYLE_COLOUR('',#13173);
#15516 = OVER_RIDING_STYLED_ITEM('overriding color',(#15517),#10782,
  #13166);
#15517 = PRESENTATION_STYLE_ASSIGNMENT((#15518));
#15518 = SURFACE_STYLE_USAGE(.BOTH.,#15519);
#15519 = SURFACE_SIDE_STYLE('',(#15520));
#15520 = SURFACE_STYLE_FILL_AREA(#15521);
#15521 = FILL_AREA_STYLE('',(#15522));
#15522 = FILL_AREA_STYLE_COLOUR('',#13173);
#15523 = OVER_RIDING_STYLED_ITEM('overriding color',(#15524),#10804,
  #13166);
#15524 = PRESENTATION_STYLE_ASSIGNMENT((#15525));
#15525 = SURFACE_STYLE_USAGE(.BOTH.,#15526);
#15526 = SURFACE_SIDE_STYLE('',(#15527));
#15527 = SURFACE_STYLE_FILL_AREA(#15528);
#15528 = FILL_AREA_STYLE('',(#15529));
#15529 = FILL_AREA_STYLE_COLOUR('',#13173);
#15530 = OVER_RIDING_STYLED_ITEM('overriding color',(#15531),#10826,
  #13166);
#15531 = PRESENTATION_STYLE_ASSIGNMENT((#15532));
#15532 = SURFACE_STYLE_USAGE(.BOTH.,#15533);
#15533 = SURFACE_SIDE_STYLE('',(#15534));
#15534 = SURFACE_STYLE_FILL_AREA(#15535);
#15535 = FILL_AREA_STYLE('',(#15536));
#15536 = FILL_AREA_STYLE_COLOUR('',#13173);
#15537 = OVER_RIDING_STYLED_ITEM('overriding color',(#15538),#10854,
  #13166);
#15538 = PRESENTATION_STYLE_ASSIGNMENT((#15539));
#15539 = SURFACE_STYLE_USAGE(.BOTH.,#15540);
#15540 = SURFACE_SIDE_STYLE('',(#15541));
#15541 = SURFACE_STYLE_FILL_AREA(#15542);
#15542 = FILL_AREA_STYLE('',(#15543));
#15543 = FILL_AREA_STYLE_COLOUR('',#13173);
#15544 = OVER_RIDING_STYLED_ITEM('overriding color',(#15545),#10882,
  #13166);
#15545 = PRESENTATION_STYLE_ASSIGNMENT((#15546));
#15546 = SURFACE_STYLE_USAGE(.BOTH.,#15547);
#15547 = SURFACE_SIDE_STYLE('',(#15548));
#15548 = SURFACE_STYLE_FILL_AREA(#15549);
#15549 = FILL_AREA_STYLE('',(#15550));
#15550 = FILL_AREA_STYLE_COLOUR('',#13173);
#15551 = OVER_RIDING_STYLED_ITEM('overriding color',(#15552),#10904,
  #13166);
#15552 = PRESENTATION_STYLE_ASSIGNMENT((#15553));
#15553 = SURFACE_STYLE_USAGE(.BOTH.,#15554);
#15554 = SURFACE_SIDE_STYLE('',(#15555));
#15555 = SURFACE_STYLE_FILL_AREA(#15556);
#15556 = FILL_AREA_STYLE('',(#15557));
#15557 = FILL_AREA_STYLE_COLOUR('',#13173);
#15558 = OVER_RIDING_STYLED_ITEM('overriding color',(#15559),#10932,
  #13166);
#15559 = PRESENTATION_STYLE_ASSIGNMENT((#15560));
#15560 = SURFACE_STYLE_USAGE(.BOTH.,#15561);
#15561 = SURFACE_SIDE_STYLE('',(#15562));
#15562 = SURFACE_STYLE_FILL_AREA(#15563);
#15563 = FILL_AREA_STYLE('',(#15564));
#15564 = FILL_AREA_STYLE_COLOUR('',#13173);
#15565 = OVER_RIDING_STYLED_ITEM('overriding color',(#15566),#10960,
  #13166);
#15566 = PRESENTATION_STYLE_ASSIGNMENT((#15567));
#15567 = SURFACE_STYLE_USAGE(.BOTH.,#15568);
#15568 = SURFACE_SIDE_STYLE('',(#15569));
#15569 = SURFACE_STYLE_FILL_AREA(#15570);
#15570 = FILL_AREA_STYLE('',(#15571));
#15571 = FILL_AREA_STYLE_COLOUR('',#13173);
#15572 = OVER_RIDING_STYLED_ITEM('overriding color',(#15573),#10976,
  #13166);
#15573 = PRESENTATION_STYLE_ASSIGNMENT((#15574));
#15574 = SURFACE_STYLE_USAGE(.BOTH.,#15575);
#15575 = SURFACE_SIDE_STYLE('',(#15576));
#15576 = SURFACE_STYLE_FILL_AREA(#15577);
#15577 = FILL_AREA_STYLE('',(#15578));
#15578 = FILL_AREA_STYLE_COLOUR('',#13173);
#15579 = OVER_RIDING_STYLED_ITEM('overriding color',(#15580),#10999,
  #13166);
#15580 = PRESENTATION_STYLE_ASSIGNMENT((#15581));
#15581 = SURFACE_STYLE_USAGE(.BOTH.,#15582);
#15582 = SURFACE_SIDE_STYLE('',(#15583));
#15583 = SURFACE_STYLE_FILL_AREA(#15584);
#15584 = FILL_AREA_STYLE('',(#15585));
#15585 = FILL_AREA_STYLE_COLOUR('',#13173);
#15586 = OVER_RIDING_STYLED_ITEM('overriding color',(#15587),#11027,
  #13166);
#15587 = PRESENTATION_STYLE_ASSIGNMENT((#15588));
#15588 = SURFACE_STYLE_USAGE(.BOTH.,#15589);
#15589 = SURFACE_SIDE_STYLE('',(#15590));
#15590 = SURFACE_STYLE_FILL_AREA(#15591);
#15591 = FILL_AREA_STYLE('',(#15592));
#15592 = FILL_AREA_STYLE_COLOUR('',#13173);
#15593 = OVER_RIDING_STYLED_ITEM('overriding color',(#15594),#11049,
  #13166);
#15594 = PRESENTATION_STYLE_ASSIGNMENT((#15595));
#15595 = SURFACE_STYLE_USAGE(.BOTH.,#15596);
#15596 = SURFACE_SIDE_STYLE('',(#15597));
#15597 = SURFACE_STYLE_FILL_AREA(#15598);
#15598 = FILL_AREA_STYLE('',(#15599));
#15599 = FILL_AREA_STYLE_COLOUR('',#13173);
#15600 = OVER_RIDING_STYLED_ITEM('overriding color',(#15601),#11071,
  #13166);
#15601 = PRESENTATION_STYLE_ASSIGNMENT((#15602));
#15602 = SURFACE_STYLE_USAGE(.BOTH.,#15603);
#15603 = SURFACE_SIDE_STYLE('',(#15604));
#15604 = SURFACE_STYLE_FILL_AREA(#15605);
#15605 = FILL_AREA_STYLE('',(#15606));
#15606 = FILL_AREA_STYLE_COLOUR('',#13173);
#15607 = OVER_RIDING_STYLED_ITEM('overriding color',(#15608),#11093,
  #13166);
#15608 = PRESENTATION_STYLE_ASSIGNMENT((#15609));
#15609 = SURFACE_STYLE_USAGE(.BOTH.,#15610);
#15610 = SURFACE_SIDE_STYLE('',(#15611));
#15611 = SURFACE_STYLE_FILL_AREA(#15612);
#15612 = FILL_AREA_STYLE('',(#15613));
#15613 = FILL_AREA_STYLE_COLOUR('',#13173);
#15614 = OVER_RIDING_STYLED_ITEM('overriding color',(#15615),#11115,
  #13166);
#15615 = PRESENTATION_STYLE_ASSIGNMENT((#15616));
#15616 = SURFACE_STYLE_USAGE(.BOTH.,#15617);
#15617 = SURFACE_SIDE_STYLE('',(#15618));
#15618 = SURFACE_STYLE_FILL_AREA(#15619);
#15619 = FILL_AREA_STYLE('',(#15620));
#15620 = FILL_AREA_STYLE_COLOUR('',#13173);
#15621 = OVER_RIDING_STYLED_ITEM('overriding color',(#15622),#11137,
  #13166);
#15622 = PRESENTATION_STYLE_ASSIGNMENT((#15623));
#15623 = SURFACE_STYLE_USAGE(.BOTH.,#15624);
#15624 = SURFACE_SIDE_STYLE('',(#15625));
#15625 = SURFACE_STYLE_FILL_AREA(#15626);
#15626 = FILL_AREA_STYLE('',(#15627));
#15627 = FILL_AREA_STYLE_COLOUR('',#13173);
#15628 = OVER_RIDING_STYLED_ITEM('overriding color',(#15629),#11159,
  #13166);
#15629 = PRESENTATION_STYLE_ASSIGNMENT((#15630));
#15630 = SURFACE_STYLE_USAGE(.BOTH.,#15631);
#15631 = SURFACE_SIDE_STYLE('',(#15632));
#15632 = SURFACE_STYLE_FILL_AREA(#15633);
#15633 = FILL_AREA_STYLE('',(#15634));
#15634 = FILL_AREA_STYLE_COLOUR('',#13173);
#15635 = OVER_RIDING_STYLED_ITEM('overriding color',(#15636),#11181,
  #13166);
#15636 = PRESENTATION_STYLE_ASSIGNMENT((#15637));
#15637 = SURFACE_STYLE_USAGE(.BOTH.,#15638);
#15638 = SURFACE_SIDE_STYLE('',(#15639));
#15639 = SURFACE_STYLE_FILL_AREA(#15640);
#15640 = FILL_AREA_STYLE('',(#15641));
#15641 = FILL_AREA_STYLE_COLOUR('',#13173);
#15642 = OVER_RIDING_STYLED_ITEM('overriding color',(#15643),#11203,
  #13166);
#15643 = PRESENTATION_STYLE_ASSIGNMENT((#15644));
#15644 = SURFACE_STYLE_USAGE(.BOTH.,#15645);
#15645 = SURFACE_SIDE_STYLE('',(#15646));
#15646 = SURFACE_STYLE_FILL_AREA(#15647);
#15647 = FILL_AREA_STYLE('',(#15648));
#15648 = FILL_AREA_STYLE_COLOUR('',#13173);
#15649 = OVER_RIDING_STYLED_ITEM('overriding color',(#15650),#11225,
  #13166);
#15650 = PRESENTATION_STYLE_ASSIGNMENT((#15651));
#15651 = SURFACE_STYLE_USAGE(.BOTH.,#15652);
#15652 = SURFACE_SIDE_STYLE('',(#15653));
#15653 = SURFACE_STYLE_FILL_AREA(#15654);
#15654 = FILL_AREA_STYLE('',(#15655));
#15655 = FILL_AREA_STYLE_COLOUR('',#13173);
#15656 = OVER_RIDING_STYLED_ITEM('overriding color',(#15657),#11247,
  #13166);
#15657 = PRESENTATION_STYLE_ASSIGNMENT((#15658));
#15658 = SURFACE_STYLE_USAGE(.BOTH.,#15659);
#15659 = SURFACE_SIDE_STYLE('',(#15660));
#15660 = SURFACE_STYLE_FILL_AREA(#15661);
#15661 = FILL_AREA_STYLE('',(#15662));
#15662 = FILL_AREA_STYLE_COLOUR('',#13173);
#15663 = OVER_RIDING_STYLED_ITEM('overriding color',(#15664),#11263,
  #13166);
#15664 = PRESENTATION_STYLE_ASSIGNMENT((#15665));
#15665 = SURFACE_STYLE_USAGE(.BOTH.,#15666);
#15666 = SURFACE_SIDE_STYLE('',(#15667));
#15667 = SURFACE_STYLE_FILL_AREA(#15668);
#15668 = FILL_AREA_STYLE('',(#15669));
#15669 = FILL_AREA_STYLE_COLOUR('',#13173);
#15670 = OVER_RIDING_STYLED_ITEM('overriding color',(#15671),#11283,
  #13166);
#15671 = PRESENTATION_STYLE_ASSIGNMENT((#15672));
#15672 = SURFACE_STYLE_USAGE(.BOTH.,#15673);
#15673 = SURFACE_SIDE_STYLE('',(#15674));
#15674 = SURFACE_STYLE_FILL_AREA(#15675);
#15675 = FILL_AREA_STYLE('',(#15676));
#15676 = FILL_AREA_STYLE_COLOUR('',#13173);
#15677 = OVER_RIDING_STYLED_ITEM('overriding color',(#15678),#11407,
  #13166);
#15678 = PRESENTATION_STYLE_ASSIGNMENT((#15679));
#15679 = SURFACE_STYLE_USAGE(.BOTH.,#15680);
#15680 = SURFACE_SIDE_STYLE('',(#15681));
#15681 = SURFACE_STYLE_FILL_AREA(#15682);
#15682 = FILL_AREA_STYLE('',(#15683));
#15683 = FILL_AREA_STYLE_COLOUR('',#13173);
#15684 = OVER_RIDING_STYLED_ITEM('overriding color',(#15685),#11427,
  #13166);
#15685 = PRESENTATION_STYLE_ASSIGNMENT((#15686));
#15686 = SURFACE_STYLE_USAGE(.BOTH.,#15687);
#15687 = SURFACE_SIDE_STYLE('',(#15688));
#15688 = SURFACE_STYLE_FILL_AREA(#15689);
#15689 = FILL_AREA_STYLE('',(#15690));
#15690 = FILL_AREA_STYLE_COLOUR('',#13173);
#15691 = OVER_RIDING_STYLED_ITEM('overriding color',(#15692),#11447,
  #13166);
#15692 = PRESENTATION_STYLE_ASSIGNMENT((#15693));
#15693 = SURFACE_STYLE_USAGE(.BOTH.,#15694);
#15694 = SURFACE_SIDE_STYLE('',(#15695));
#15695 = SURFACE_STYLE_FILL_AREA(#15696);
#15696 = FILL_AREA_STYLE('',(#15697));
#15697 = FILL_AREA_STYLE_COLOUR('',#13173);
#15698 = OVER_RIDING_STYLED_ITEM('overriding color',(#15699),#11467,
  #13166);
#15699 = PRESENTATION_STYLE_ASSIGNMENT((#15700));
#15700 = SURFACE_STYLE_USAGE(.BOTH.,#15701);
#15701 = SURFACE_SIDE_STYLE('',(#15702));
#15702 = SURFACE_STYLE_FILL_AREA(#15703);
#15703 = FILL_AREA_STYLE('',(#15704));
#15704 = FILL_AREA_STYLE_COLOUR('',#13173);
#15705 = OVER_RIDING_STYLED_ITEM('overriding color',(#15706),#11487,
  #13166);
#15706 = PRESENTATION_STYLE_ASSIGNMENT((#15707));
#15707 = SURFACE_STYLE_USAGE(.BOTH.,#15708);
#15708 = SURFACE_SIDE_STYLE('',(#15709));
#15709 = SURFACE_STYLE_FILL_AREA(#15710);
#15710 = FILL_AREA_STYLE('',(#15711));
#15711 = FILL_AREA_STYLE_COLOUR('',#13173);
#15712 = OVER_RIDING_STYLED_ITEM('overriding color',(#15713),#11507,
  #13166);
#15713 = PRESENTATION_STYLE_ASSIGNMENT((#15714));
#15714 = SURFACE_STYLE_USAGE(.BOTH.,#15715);
#15715 = SURFACE_SIDE_STYLE('',(#15716));
#15716 = SURFACE_STYLE_FILL_AREA(#15717);
#15717 = FILL_AREA_STYLE('',(#15718));
#15718 = FILL_AREA_STYLE_COLOUR('',#13173);
#15719 = OVER_RIDING_STYLED_ITEM('overriding color',(#15720),#11523,
  #13166);
#15720 = PRESENTATION_STYLE_ASSIGNMENT((#15721));
#15721 = SURFACE_STYLE_USAGE(.BOTH.,#15722);
#15722 = SURFACE_SIDE_STYLE('',(#15723));
#15723 = SURFACE_STYLE_FILL_AREA(#15724);
#15724 = FILL_AREA_STYLE('',(#15725));
#15725 = FILL_AREA_STYLE_COLOUR('',#13173);
#15726 = OVER_RIDING_STYLED_ITEM('overriding color',(#15727),#11535,
  #13166);
#15727 = PRESENTATION_STYLE_ASSIGNMENT((#15728));
#15728 = SURFACE_STYLE_USAGE(.BOTH.,#15729);
#15729 = SURFACE_SIDE_STYLE('',(#15730));
#15730 = SURFACE_STYLE_FILL_AREA(#15731);
#15731 = FILL_AREA_STYLE('',(#15732));
#15732 = FILL_AREA_STYLE_COLOUR('',#13173);
#15733 = OVER_RIDING_STYLED_ITEM('overriding color',(#15734),#11563,
  #13166);
#15734 = PRESENTATION_STYLE_ASSIGNMENT((#15735));
#15735 = SURFACE_STYLE_USAGE(.BOTH.,#15736);
#15736 = SURFACE_SIDE_STYLE('',(#15737));
#15737 = SURFACE_STYLE_FILL_AREA(#15738);
#15738 = FILL_AREA_STYLE('',(#15739));
#15739 = FILL_AREA_STYLE_COLOUR('',#13173);
#15740 = OVER_RIDING_STYLED_ITEM('overriding color',(#15741),#11585,
  #13166);
#15741 = PRESENTATION_STYLE_ASSIGNMENT((#15742));
#15742 = SURFACE_STYLE_USAGE(.BOTH.,#15743);
#15743 = SURFACE_SIDE_STYLE('',(#15744));
#15744 = SURFACE_STYLE_FILL_AREA(#15745);
#15745 = FILL_AREA_STYLE('',(#15746));
#15746 = FILL_AREA_STYLE_COLOUR('',#13173);
#15747 = OVER_RIDING_STYLED_ITEM('overriding color',(#15748),#11607,
  #13166);
#15748 = PRESENTATION_STYLE_ASSIGNMENT((#15749));
#15749 = SURFACE_STYLE_USAGE(.BOTH.,#15750);
#15750 = SURFACE_SIDE_STYLE('',(#15751));
#15751 = SURFACE_STYLE_FILL_AREA(#15752);
#15752 = FILL_AREA_STYLE('',(#15753));
#15753 = FILL_AREA_STYLE_COLOUR('',#13173);
#15754 = OVER_RIDING_STYLED_ITEM('overriding color',(#15755),#11635,
  #13166);
#15755 = PRESENTATION_STYLE_ASSIGNMENT((#15756));
#15756 = SURFACE_STYLE_USAGE(.BOTH.,#15757);
#15757 = SURFACE_SIDE_STYLE('',(#15758));
#15758 = SURFACE_STYLE_FILL_AREA(#15759);
#15759 = FILL_AREA_STYLE('',(#15760));
#15760 = FILL_AREA_STYLE_COLOUR('',#13173);
#15761 = OVER_RIDING_STYLED_ITEM('overriding color',(#15762),#11663,
  #13166);
#15762 = PRESENTATION_STYLE_ASSIGNMENT((#15763));
#15763 = SURFACE_STYLE_USAGE(.BOTH.,#15764);
#15764 = SURFACE_SIDE_STYLE('',(#15765));
#15765 = SURFACE_STYLE_FILL_AREA(#15766);
#15766 = FILL_AREA_STYLE('',(#15767));
#15767 = FILL_AREA_STYLE_COLOUR('',#13173);
#15768 = OVER_RIDING_STYLED_ITEM('overriding color',(#15769),#11691,
  #13166);
#15769 = PRESENTATION_STYLE_ASSIGNMENT((#15770));
#15770 = SURFACE_STYLE_USAGE(.BOTH.,#15771);
#15771 = SURFACE_SIDE_STYLE('',(#15772));
#15772 = SURFACE_STYLE_FILL_AREA(#15773);
#15773 = FILL_AREA_STYLE('',(#15774));
#15774 = FILL_AREA_STYLE_COLOUR('',#13173);
#15775 = OVER_RIDING_STYLED_ITEM('overriding color',(#15776),#11713,
  #13166);
#15776 = PRESENTATION_STYLE_ASSIGNMENT((#15777));
#15777 = SURFACE_STYLE_USAGE(.BOTH.,#15778);
#15778 = SURFACE_SIDE_STYLE('',(#15779));
#15779 = SURFACE_STYLE_FILL_AREA(#15780);
#15780 = FILL_AREA_STYLE('',(#15781));
#15781 = FILL_AREA_STYLE_COLOUR('',#13191);
#15782 = OVER_RIDING_STYLED_ITEM('overriding color',(#15783),#11728,
  #13166);
#15783 = PRESENTATION_STYLE_ASSIGNMENT((#15784));
#15784 = SURFACE_STYLE_USAGE(.BOTH.,#15785);
#15785 = SURFACE_SIDE_STYLE('',(#15786));
#15786 = SURFACE_STYLE_FILL_AREA(#15787);
#15787 = FILL_AREA_STYLE('',(#15788));
#15788 = FILL_AREA_STYLE_COLOUR('',#13173);
#15789 = OVER_RIDING_STYLED_ITEM('overriding color',(#15790),#11840,
  #13166);
#15790 = PRESENTATION_STYLE_ASSIGNMENT((#15791));
#15791 = SURFACE_STYLE_USAGE(.BOTH.,#15792);
#15792 = SURFACE_SIDE_STYLE('',(#15793));
#15793 = SURFACE_STYLE_FILL_AREA(#15794);
#15794 = FILL_AREA_STYLE('',(#15795));
#15795 = FILL_AREA_STYLE_COLOUR('',#13173);
#15796 = OVER_RIDING_STYLED_ITEM('overriding color',(#15797),#11860,
  #13166);
#15797 = PRESENTATION_STYLE_ASSIGNMENT((#15798));
#15798 = SURFACE_STYLE_USAGE(.BOTH.,#15799);
#15799 = SURFACE_SIDE_STYLE('',(#15800));
#15800 = SURFACE_STYLE_FILL_AREA(#15801);
#15801 = FILL_AREA_STYLE('',(#15802));
#15802 = FILL_AREA_STYLE_COLOUR('',#13173);
#15803 = OVER_RIDING_STYLED_ITEM('overriding color',(#15804),#11876,
  #13166);
#15804 = PRESENTATION_STYLE_ASSIGNMENT((#15805));
#15805 = SURFACE_STYLE_USAGE(.BOTH.,#15806);
#15806 = SURFACE_SIDE_STYLE('',(#15807));
#15807 = SURFACE_STYLE_FILL_AREA(#15808);
#15808 = FILL_AREA_STYLE('',(#15809));
#15809 = FILL_AREA_STYLE_COLOUR('',#13173);
#15810 = OVER_RIDING_STYLED_ITEM('overriding color',(#15811),#11892,
  #13166);
#15811 = PRESENTATION_STYLE_ASSIGNMENT((#15812));
#15812 = SURFACE_STYLE_USAGE(.BOTH.,#15813);
#15813 = SURFACE_SIDE_STYLE('',(#15814));
#15814 = SURFACE_STYLE_FILL_AREA(#15815);
#15815 = FILL_AREA_STYLE('',(#15816));
#15816 = FILL_AREA_STYLE_COLOUR('',#13173);
#15817 = OVER_RIDING_STYLED_ITEM('overriding color',(#15818),#11908,
  #13166);
#15818 = PRESENTATION_STYLE_ASSIGNMENT((#15819));
#15819 = SURFACE_STYLE_USAGE(.BOTH.,#15820);
#15820 = SURFACE_SIDE_STYLE('',(#15821));
#15821 = SURFACE_STYLE_FILL_AREA(#15822);
#15822 = FILL_AREA_STYLE('',(#15823));
#15823 = FILL_AREA_STYLE_COLOUR('',#13173);
#15824 = OVER_RIDING_STYLED_ITEM('overriding color',(#15825),#11924,
  #13166);
#15825 = PRESENTATION_STYLE_ASSIGNMENT((#15826));
#15826 = SURFACE_STYLE_USAGE(.BOTH.,#15827);
#15827 = SURFACE_SIDE_STYLE('',(#15828));
#15828 = SURFACE_STYLE_FILL_AREA(#15829);
#15829 = FILL_AREA_STYLE('',(#15830));
#15830 = FILL_AREA_STYLE_COLOUR('',#13173);
#15831 = OVER_RIDING_STYLED_ITEM('overriding color',(#15832),#11940,
  #13166);
#15832 = PRESENTATION_STYLE_ASSIGNMENT((#15833));
#15833 = SURFACE_STYLE_USAGE(.BOTH.,#15834);
#15834 = SURFACE_SIDE_STYLE('',(#15835));
#15835 = SURFACE_STYLE_FILL_AREA(#15836);
#15836 = FILL_AREA_STYLE('',(#15837));
#15837 = FILL_AREA_STYLE_COLOUR('',#13173);
#15838 = OVER_RIDING_STYLED_ITEM('overriding color',(#15839),#11956,
  #13166);
#15839 = PRESENTATION_STYLE_ASSIGNMENT((#15840));
#15840 = SURFACE_STYLE_USAGE(.BOTH.,#15841);
#15841 = SURFACE_SIDE_STYLE('',(#15842));
#15842 = SURFACE_STYLE_FILL_AREA(#15843);
#15843 = FILL_AREA_STYLE('',(#15844));
#15844 = FILL_AREA_STYLE_COLOUR('',#13173);
#15845 = OVER_RIDING_STYLED_ITEM('overriding color',(#15846),#11968,
  #13166);
#15846 = PRESENTATION_STYLE_ASSIGNMENT((#15847));
#15847 = SURFACE_STYLE_USAGE(.BOTH.,#15848);
#15848 = SURFACE_SIDE_STYLE('',(#15849));
#15849 = SURFACE_STYLE_FILL_AREA(#15850);
#15850 = FILL_AREA_STYLE('',(#15851));
#15851 = FILL_AREA_STYLE_COLOUR('',#13173);
#15852 = OVER_RIDING_STYLED_ITEM('overriding color',(#15853),#11996,
  #13166);
#15853 = PRESENTATION_STYLE_ASSIGNMENT((#15854));
#15854 = SURFACE_STYLE_USAGE(.BOTH.,#15855);
#15855 = SURFACE_SIDE_STYLE('',(#15856));
#15856 = SURFACE_STYLE_FILL_AREA(#15857);
#15857 = FILL_AREA_STYLE('',(#15858));
#15858 = FILL_AREA_STYLE_COLOUR('',#13173);
#15859 = OVER_RIDING_STYLED_ITEM('overriding color',(#15860),#12018,
  #13166);
#15860 = PRESENTATION_STYLE_ASSIGNMENT((#15861));
#15861 = SURFACE_STYLE_USAGE(.BOTH.,#15862);
#15862 = SURFACE_SIDE_STYLE('',(#15863));
#15863 = SURFACE_STYLE_FILL_AREA(#15864);
#15864 = FILL_AREA_STYLE('',(#15865));
#15865 = FILL_AREA_STYLE_COLOUR('',#13173);
#15866 = OVER_RIDING_STYLED_ITEM('overriding color',(#15867),#12046,
  #13166);
#15867 = PRESENTATION_STYLE_ASSIGNMENT((#15868));
#15868 = SURFACE_STYLE_USAGE(.BOTH.,#15869);
#15869 = SURFACE_SIDE_STYLE('',(#15870));
#15870 = SURFACE_STYLE_FILL_AREA(#15871);
#15871 = FILL_AREA_STYLE('',(#15872));
#15872 = FILL_AREA_STYLE_COLOUR('',#13173);
#15873 = OVER_RIDING_STYLED_ITEM('overriding color',(#15874),#12068,
  #13166);
#15874 = PRESENTATION_STYLE_ASSIGNMENT((#15875));
#15875 = SURFACE_STYLE_USAGE(.BOTH.,#15876);
#15876 = SURFACE_SIDE_STYLE('',(#15877));
#15877 = SURFACE_STYLE_FILL_AREA(#15878);
#15878 = FILL_AREA_STYLE('',(#15879));
#15879 = FILL_AREA_STYLE_COLOUR('',#13173);
#15880 = OVER_RIDING_STYLED_ITEM('overriding color',(#15881),#12096,
  #13166);
#15881 = PRESENTATION_STYLE_ASSIGNMENT((#15882));
#15882 = SURFACE_STYLE_USAGE(.BOTH.,#15883);
#15883 = SURFACE_SIDE_STYLE('',(#15884));
#15884 = SURFACE_STYLE_FILL_AREA(#15885);
#15885 = FILL_AREA_STYLE('',(#15886));
#15886 = FILL_AREA_STYLE_COLOUR('',#13173);
#15887 = OVER_RIDING_STYLED_ITEM('overriding color',(#15888),#12112,
  #13166);
#15888 = PRESENTATION_STYLE_ASSIGNMENT((#15889));
#15889 = SURFACE_STYLE_USAGE(.BOTH.,#15890);
#15890 = SURFACE_SIDE_STYLE('',(#15891));
#15891 = SURFACE_STYLE_FILL_AREA(#15892);
#15892 = FILL_AREA_STYLE('',(#15893));
#15893 = FILL_AREA_STYLE_COLOUR('',#13191);
#15894 = OVER_RIDING_STYLED_ITEM('overriding color',(#15895),#12126,
  #13166);
#15895 = PRESENTATION_STYLE_ASSIGNMENT((#15896));
#15896 = SURFACE_STYLE_USAGE(.BOTH.,#15897);
#15897 = SURFACE_SIDE_STYLE('',(#15898));
#15898 = SURFACE_STYLE_FILL_AREA(#15899);
#15899 = FILL_AREA_STYLE('',(#15900));
#15900 = FILL_AREA_STYLE_COLOUR('',#13173);
#15901 = OVER_RIDING_STYLED_ITEM('overriding color',(#15902),#12446,
  #13166);
#15902 = PRESENTATION_STYLE_ASSIGNMENT((#15903));
#15903 = SURFACE_STYLE_USAGE(.BOTH.,#15904);
#15904 = SURFACE_SIDE_STYLE('',(#15905));
#15905 = SURFACE_STYLE_FILL_AREA(#15906);
#15906 = FILL_AREA_STYLE('',(#15907));
#15907 = FILL_AREA_STYLE_COLOUR('',#13173);
#15908 = OVER_RIDING_STYLED_ITEM('overriding color',(#15909),#12470,
  #13166);
#15909 = PRESENTATION_STYLE_ASSIGNMENT((#15910));
#15910 = SURFACE_STYLE_USAGE(.BOTH.,#15911);
#15911 = SURFACE_SIDE_STYLE('',(#15912));
#15912 = SURFACE_STYLE_FILL_AREA(#15913);
#15913 = FILL_AREA_STYLE('',(#15914));
#15914 = FILL_AREA_STYLE_COLOUR('',#13173);
#15915 = OVER_RIDING_STYLED_ITEM('overriding color',(#15916),#12490,
  #13166);
#15916 = PRESENTATION_STYLE_ASSIGNMENT((#15917));
#15917 = SURFACE_STYLE_USAGE(.BOTH.,#15918);
#15918 = SURFACE_SIDE_STYLE('',(#15919));
#15919 = SURFACE_STYLE_FILL_AREA(#15920);
#15920 = FILL_AREA_STYLE('',(#15921));
#15921 = FILL_AREA_STYLE_COLOUR('',#13173);
#15922 = OVER_RIDING_STYLED_ITEM('overriding color',(#15923),#12510,
  #13166);
#15923 = PRESENTATION_STYLE_ASSIGNMENT((#15924));
#15924 = SURFACE_STYLE_USAGE(.BOTH.,#15925);
#15925 = SURFACE_SIDE_STYLE('',(#15926));
#15926 = SURFACE_STYLE_FILL_AREA(#15927);
#15927 = FILL_AREA_STYLE('',(#15928));
#15928 = FILL_AREA_STYLE_COLOUR('',#13173);
#15929 = OVER_RIDING_STYLED_ITEM('overriding color',(#15930),#12530,
  #13166);
#15930 = PRESENTATION_STYLE_ASSIGNMENT((#15931));
#15931 = SURFACE_STYLE_USAGE(.BOTH.,#15932);
#15932 = SURFACE_SIDE_STYLE('',(#15933));
#15933 = SURFACE_STYLE_FILL_AREA(#15934);
#15934 = FILL_AREA_STYLE('',(#15935));
#15935 = FILL_AREA_STYLE_COLOUR('',#13173);
#15936 = OVER_RIDING_STYLED_ITEM('overriding color',(#15937),#12550,
  #13166);
#15937 = PRESENTATION_STYLE_ASSIGNMENT((#15938));
#15938 = SURFACE_STYLE_USAGE(.BOTH.,#15939);
#15939 = SURFACE_SIDE_STYLE('',(#15940));
#15940 = SURFACE_STYLE_FILL_AREA(#15941);
#15941 = FILL_AREA_STYLE('',(#15942));
#15942 = FILL_AREA_STYLE_COLOUR('',#13173);
#15943 = OVER_RIDING_STYLED_ITEM('overriding color',(#15944),#12570,
  #13166);
#15944 = PRESENTATION_STYLE_ASSIGNMENT((#15945));
#15945 = SURFACE_STYLE_USAGE(.BOTH.,#15946);
#15946 = SURFACE_SIDE_STYLE('',(#15947));
#15947 = SURFACE_STYLE_FILL_AREA(#15948);
#15948 = FILL_AREA_STYLE('',(#15949));
#15949 = FILL_AREA_STYLE_COLOUR('',#13173);
#15950 = OVER_RIDING_STYLED_ITEM('overriding color',(#15951),#12590,
  #13166);
#15951 = PRESENTATION_STYLE_ASSIGNMENT((#15952));
#15952 = SURFACE_STYLE_USAGE(.BOTH.,#15953);
#15953 = SURFACE_SIDE_STYLE('',(#15954));
#15954 = SURFACE_STYLE_FILL_AREA(#15955);
#15955 = FILL_AREA_STYLE('',(#15956));
#15956 = FILL_AREA_STYLE_COLOUR('',#13173);
#15957 = OVER_RIDING_STYLED_ITEM('overriding color',(#15958),#12610,
  #13166);
#15958 = PRESENTATION_STYLE_ASSIGNMENT((#15959));
#15959 = SURFACE_STYLE_USAGE(.BOTH.,#15960);
#15960 = SURFACE_SIDE_STYLE('',(#15961));
#15961 = SURFACE_STYLE_FILL_AREA(#15962);
#15962 = FILL_AREA_STYLE('',(#15963));
#15963 = FILL_AREA_STYLE_COLOUR('',#13173);
#15964 = OVER_RIDING_STYLED_ITEM('overriding color',(#15965),#12630,
  #13166);
#15965 = PRESENTATION_STYLE_ASSIGNMENT((#15966));
#15966 = SURFACE_STYLE_USAGE(.BOTH.,#15967);
#15967 = SURFACE_SIDE_STYLE('',(#15968));
#15968 = SURFACE_STYLE_FILL_AREA(#15969);
#15969 = FILL_AREA_STYLE('',(#15970));
#15970 = FILL_AREA_STYLE_COLOUR('',#13173);
#15971 = OVER_RIDING_STYLED_ITEM('overriding color',(#15972),#12650,
  #13166);
#15972 = PRESENTATION_STYLE_ASSIGNMENT((#15973));
#15973 = SURFACE_STYLE_USAGE(.BOTH.,#15974);
#15974 = SURFACE_SIDE_STYLE('',(#15975));
#15975 = SURFACE_STYLE_FILL_AREA(#15976);
#15976 = FILL_AREA_STYLE('',(#15977));
#15977 = FILL_AREA_STYLE_COLOUR('',#13173);
#15978 = OVER_RIDING_STYLED_ITEM('overriding color',(#15979),#12670,
  #13166);
#15979 = PRESENTATION_STYLE_ASSIGNMENT((#15980));
#15980 = SURFACE_STYLE_USAGE(.BOTH.,#15981);
#15981 = SURFACE_SIDE_STYLE('',(#15982));
#15982 = SURFACE_STYLE_FILL_AREA(#15983);
#15983 = FILL_AREA_STYLE('',(#15984));
#15984 = FILL_AREA_STYLE_COLOUR('',#13173);
#15985 = OVER_RIDING_STYLED_ITEM('overriding color',(#15986),#12690,
  #13166);
#15986 = PRESENTATION_STYLE_ASSIGNMENT((#15987));
#15987 = SURFACE_STYLE_USAGE(.BOTH.,#15988);
#15988 = SURFACE_SIDE_STYLE('',(#15989));
#15989 = SURFACE_STYLE_FILL_AREA(#15990);
#15990 = FILL_AREA_STYLE('',(#15991));
#15991 = FILL_AREA_STYLE_COLOUR('',#13173);
#15992 = OVER_RIDING_STYLED_ITEM('overriding color',(#15993),#12706,
  #13166);
#15993 = PRESENTATION_STYLE_ASSIGNMENT((#15994));
#15994 = SURFACE_STYLE_USAGE(.BOTH.,#15995);
#15995 = SURFACE_SIDE_STYLE('',(#15996));
#15996 = SURFACE_STYLE_FILL_AREA(#15997);
#15997 = FILL_AREA_STYLE('',(#15998));
#15998 = FILL_AREA_STYLE_COLOUR('',#13173);
#15999 = OVER_RIDING_STYLED_ITEM('overriding color',(#16000),#12722,
  #13166);
#16000 = PRESENTATION_STYLE_ASSIGNMENT((#16001));
#16001 = SURFACE_STYLE_USAGE(.BOTH.,#16002);
#16002 = SURFACE_SIDE_STYLE('',(#16003));
#16003 = SURFACE_STYLE_FILL_AREA(#16004);
#16004 = FILL_AREA_STYLE('',(#16005));
#16005 = FILL_AREA_STYLE_COLOUR('',#13173);
#16006 = OVER_RIDING_STYLED_ITEM('overriding color',(#16007),#12738,
  #13166);
#16007 = PRESENTATION_STYLE_ASSIGNMENT((#16008));
#16008 = SURFACE_STYLE_USAGE(.BOTH.,#16009);
#16009 = SURFACE_SIDE_STYLE('',(#16010));
#16010 = SURFACE_STYLE_FILL_AREA(#16011);
#16011 = FILL_AREA_STYLE('',(#16012));
#16012 = FILL_AREA_STYLE_COLOUR('',#13173);
#16013 = OVER_RIDING_STYLED_ITEM('overriding color',(#16014),#12754,
  #13166);
#16014 = PRESENTATION_STYLE_ASSIGNMENT((#16015));
#16015 = SURFACE_STYLE_USAGE(.BOTH.,#16016);
#16016 = SURFACE_SIDE_STYLE('',(#16017));
#16017 = SURFACE_STYLE_FILL_AREA(#16018);
#16018 = FILL_AREA_STYLE('',(#16019));
#16019 = FILL_AREA_STYLE_COLOUR('',#13173);
#16020 = OVER_RIDING_STYLED_ITEM('overriding color',(#16021),#12774,
  #13166);
#16021 = PRESENTATION_STYLE_ASSIGNMENT((#16022));
#16022 = SURFACE_STYLE_USAGE(.BOTH.,#16023);
#16023 = SURFACE_SIDE_STYLE('',(#16024));
#16024 = SURFACE_STYLE_FILL_AREA(#16025);
#16025 = FILL_AREA_STYLE('',(#16026));
#16026 = FILL_AREA_STYLE_COLOUR('',#13173);
#16027 = OVER_RIDING_STYLED_ITEM('overriding color',(#16028),#12794,
  #13166);
#16028 = PRESENTATION_STYLE_ASSIGNMENT((#16029));
#16029 = SURFACE_STYLE_USAGE(.BOTH.,#16030);
#16030 = SURFACE_SIDE_STYLE('',(#16031));
#16031 = SURFACE_STYLE_FILL_AREA(#16032);
#16032 = FILL_AREA_STYLE('',(#16033));
#16033 = FILL_AREA_STYLE_COLOUR('',#13173);
#16034 = OVER_RIDING_STYLED_ITEM('overriding color',(#16035),#12814,
  #13166);
#16035 = PRESENTATION_STYLE_ASSIGNMENT((#16036));
#16036 = SURFACE_STYLE_USAGE(.BOTH.,#16037);
#16037 = SURFACE_SIDE_STYLE('',(#16038));
#16038 = SURFACE_STYLE_FILL_AREA(#16039);
#16039 = FILL_AREA_STYLE('',(#16040));
#16040 = FILL_AREA_STYLE_COLOUR('',#13173);
#16041 = OVER_RIDING_STYLED_ITEM('overriding color',(#16042),#12834,
  #13166);
#16042 = PRESENTATION_STYLE_ASSIGNMENT((#16043));
#16043 = SURFACE_STYLE_USAGE(.BOTH.,#16044);
#16044 = SURFACE_SIDE_STYLE('',(#16045));
#16045 = SURFACE_STYLE_FILL_AREA(#16046);
#16046 = FILL_AREA_STYLE('',(#16047));
#16047 = FILL_AREA_STYLE_COLOUR('',#13173);
#16048 = OVER_RIDING_STYLED_ITEM('overriding color',(#16049),#12854,
  #13166);
#16049 = PRESENTATION_STYLE_ASSIGNMENT((#16050));
#16050 = SURFACE_STYLE_USAGE(.BOTH.,#16051);
#16051 = SURFACE_SIDE_STYLE('',(#16052));
#16052 = SURFACE_STYLE_FILL_AREA(#16053);
#16053 = FILL_AREA_STYLE('',(#16054));
#16054 = FILL_AREA_STYLE_COLOUR('',#13173);
#16055 = OVER_RIDING_STYLED_ITEM('overriding color',(#16056),#12874,
  #13166);
#16056 = PRESENTATION_STYLE_ASSIGNMENT((#16057));
#16057 = SURFACE_STYLE_USAGE(.BOTH.,#16058);
#16058 = SURFACE_SIDE_STYLE('',(#16059));
#16059 = SURFACE_STYLE_FILL_AREA(#16060);
#16060 = FILL_AREA_STYLE('',(#16061));
#16061 = FILL_AREA_STYLE_COLOUR('',#13173);
#16062 = OVER_RIDING_STYLED_ITEM('overriding color',(#16063),#12894,
  #13166);
#16063 = PRESENTATION_STYLE_ASSIGNMENT((#16064));
#16064 = SURFACE_STYLE_USAGE(.BOTH.,#16065);
#16065 = SURFACE_SIDE_STYLE('',(#16066));
#16066 = SURFACE_STYLE_FILL_AREA(#16067);
#16067 = FILL_AREA_STYLE('',(#16068));
#16068 = FILL_AREA_STYLE_COLOUR('',#13173);
#16069 = OVER_RIDING_STYLED_ITEM('overriding color',(#16070),#12910,
  #13166);
#16070 = PRESENTATION_STYLE_ASSIGNMENT((#16071));
#16071 = SURFACE_STYLE_USAGE(.BOTH.,#16072);
#16072 = SURFACE_SIDE_STYLE('',(#16073));
#16073 = SURFACE_STYLE_FILL_AREA(#16074);
#16074 = FILL_AREA_STYLE('',(#16075));
#16075 = FILL_AREA_STYLE_COLOUR('',#13173);
#16076 = OVER_RIDING_STYLED_ITEM('overriding color',(#16077),#12930,
  #13166);
#16077 = PRESENTATION_STYLE_ASSIGNMENT((#16078));
#16078 = SURFACE_STYLE_USAGE(.BOTH.,#16079);
#16079 = SURFACE_SIDE_STYLE('',(#16080));
#16080 = SURFACE_STYLE_FILL_AREA(#16081);
#16081 = FILL_AREA_STYLE('',(#16082));
#16082 = FILL_AREA_STYLE_COLOUR('',#13173);
#16083 = OVER_RIDING_STYLED_ITEM('overriding color',(#16084),#12950,
  #13166);
#16084 = PRESENTATION_STYLE_ASSIGNMENT((#16085));
#16085 = SURFACE_STYLE_USAGE(.BOTH.,#16086);
#16086 = SURFACE_SIDE_STYLE('',(#16087));
#16087 = SURFACE_STYLE_FILL_AREA(#16088);
#16088 = FILL_AREA_STYLE('',(#16089));
#16089 = FILL_AREA_STYLE_COLOUR('',#13173);
#16090 = OVER_RIDING_STYLED_ITEM('overriding color',(#16091),#12966,
  #13166);
#16091 = PRESENTATION_STYLE_ASSIGNMENT((#16092));
#16092 = SURFACE_STYLE_USAGE(.BOTH.,#16093);
#16093 = SURFACE_SIDE_STYLE('',(#16094));
#16094 = SURFACE_STYLE_FILL_AREA(#16095);
#16095 = FILL_AREA_STYLE('',(#16096));
#16096 = FILL_AREA_STYLE_COLOUR('',#13173);
#16097 = OVER_RIDING_STYLED_ITEM('overriding color',(#16098),#12986,
  #13166);
#16098 = PRESENTATION_STYLE_ASSIGNMENT((#16099));
#16099 = SURFACE_STYLE_USAGE(.BOTH.,#16100);
#16100 = SURFACE_SIDE_STYLE('',(#16101));
#16101 = SURFACE_STYLE_FILL_AREA(#16102);
#16102 = FILL_AREA_STYLE('',(#16103));
#16103 = FILL_AREA_STYLE_COLOUR('',#13173);
#16104 = OVER_RIDING_STYLED_ITEM('overriding color',(#16105),#13006,
  #13166);
#16105 = PRESENTATION_STYLE_ASSIGNMENT((#16106));
#16106 = SURFACE_STYLE_USAGE(.BOTH.,#16107);
#16107 = SURFACE_SIDE_STYLE('',(#16108));
#16108 = SURFACE_STYLE_FILL_AREA(#16109);
#16109 = FILL_AREA_STYLE('',(#16110));
#16110 = FILL_AREA_STYLE_COLOUR('',#13173);
#16111 = OVER_RIDING_STYLED_ITEM('overriding color',(#16112),#13026,
  #13166);
#16112 = PRESENTATION_STYLE_ASSIGNMENT((#16113));
#16113 = SURFACE_STYLE_USAGE(.BOTH.,#16114);
#16114 = SURFACE_SIDE_STYLE('',(#16115));
#16115 = SURFACE_STYLE_FILL_AREA(#16116);
#16116 = FILL_AREA_STYLE('',(#16117));
#16117 = FILL_AREA_STYLE_COLOUR('',#13173);
#16118 = OVER_RIDING_STYLED_ITEM('overriding color',(#16119),#13042,
  #13166);
#16119 = PRESENTATION_STYLE_ASSIGNMENT((#16120));
#16120 = SURFACE_STYLE_USAGE(.BOTH.,#16121);
#16121 = SURFACE_SIDE_STYLE('',(#16122));
#16122 = SURFACE_STYLE_FILL_AREA(#16123);
#16123 = FILL_AREA_STYLE('',(#16124));
#16124 = FILL_AREA_STYLE_COLOUR('',#13173);
#16125 = OVER_RIDING_STYLED_ITEM('overriding color',(#16126),#13062,
  #13166);
#16126 = PRESENTATION_STYLE_ASSIGNMENT((#16127));
#16127 = SURFACE_STYLE_USAGE(.BOTH.,#16128);
#16128 = SURFACE_SIDE_STYLE('',(#16129));
#16129 = SURFACE_STYLE_FILL_AREA(#16130);
#16130 = FILL_AREA_STYLE('',(#16131));
#16131 = FILL_AREA_STYLE_COLOUR('',#13173);
#16132 = OVER_RIDING_STYLED_ITEM('overriding color',(#16133),#13078,
  #13166);
#16133 = PRESENTATION_STYLE_ASSIGNMENT((#16134));
#16134 = SURFACE_STYLE_USAGE(.BOTH.,#16135);
#16135 = SURFACE_SIDE_STYLE('',(#16136));
#16136 = SURFACE_STYLE_FILL_AREA(#16137);
#16137 = FILL_AREA_STYLE('',(#16138));
#16138 = FILL_AREA_STYLE_COLOUR('',#13173);
#16139 = OVER_RIDING_STYLED_ITEM('overriding color',(#16140),#13121,
  #13166);
#16140 = PRESENTATION_STYLE_ASSIGNMENT((#16141));
#16141 = SURFACE_STYLE_USAGE(.BOTH.,#16142);
#16142 = SURFACE_SIDE_STYLE('',(#16143));
#16143 = SURFACE_STYLE_FILL_AREA(#16144);
#16144 = FILL_AREA_STYLE('',(#16145));
#16145 = FILL_AREA_STYLE_COLOUR('',#13173);
#16146 = OVER_RIDING_STYLED_ITEM('overriding color',(#16147),#13149,
  #13166);
#16147 = PRESENTATION_STYLE_ASSIGNMENT((#16148));
#16148 = SURFACE_STYLE_USAGE(.BOTH.,#16149);
#16149 = SURFACE_SIDE_STYLE('',(#16150));
#16150 = SURFACE_STYLE_FILL_AREA(#16151);
#16151 = FILL_AREA_STYLE('',(#16152));
#16152 = FILL_AREA_STYLE_COLOUR('',#13191);
ENDSEC;
END-ISO-10303-21;
