ISO-10303-21;
HEADER;
FILE_DESCRIPTION(('Open CASCADE Model'),'2;1');
FILE_NAME('Open CASCADE Shape Model','2026-09-27T22:36:38',('Author'),(
    'Open CASCADE'),'Open CASCADE STEP processor 7.9','Open CASCADE 7.9'
  ,'Unknown');
FILE_SCHEMA(('AUTOMOTIVE_DESIGN { 1 0 10303 214 1 1 1 1 }'));
ENDSEC;
DATA;
#1 = APPLICATION_PROTOCOL_DEFINITION('international standard',
  'automotive_design',2000,#2);
#2 = APPLICATION_CONTEXT(
  'core data for automotive mechanical design processes');
#3 = SHAPE_DEFINITION_REPRESENTATION(#4,#10);
#4 = PRODUCT_DEFINITION_SHAPE('','',#5);
#5 = PRODUCT_DEFINITION('design','',#6,#9);
#6 = PRODUCT_DEFINITION_FORMATION('','',#7);
#7 = PRODUCT('SOLID','SOLID','',(#8));
#8 = PRODUCT_CONTEXT('',#2,'mechanical');
#9 = PRODUCT_DEFINITION_CONTEXT('part definition',#2,'design');
#10 = ADVANCED_BREP_SHAPE_REPRESENTATION('',(#11,#15),#3465);
#11 = AXIS2_PLACEMENT_3D('',#12,#13,#14);
#12 = CARTESIAN_POINT('',(0.,0.,0.));
#13 = DIRECTION('',(0.,0.,1.));
#14 = DIRECTION('',(1.,0.,-0.));
#15 = MANIFOLD_SOLID_BREP('',#16);
#16 = CLOSED_SHELL('',(#17,#53,#89,#125,#259,#309,#359,#493,#581,#609,
    #637,#725,#771,#797,#823,#842,#862,#882,#901,#947,#968,#989,#1013,
    #1034,#1055,#1075,#1096,#1117,#1137,#1158,#1177,#1196,#1217,#1238,
    #1259,#1273,#1289,#1305,#1317,#1353,#1381,#1409,#1441,#1469,#1501,
    #1521,#1549,#1581,#1609,#1633,#1654,#1675,#1711,#1743,#1771,#1803,
    #1823,#1851,#1883,#1911,#1943,#1971,#1991,#2012,#2033,#2069,#2101,
    #2129,#2161,#2181,#2209,#2241,#2269,#2301,#2329,#2349,#2370,#2391,
    #2427,#2459,#2487,#2519,#2539,#2567,#2599,#2627,#2659,#2687,#2707,
    #2728,#2749,#2785,#2813,#2841,#2873,#2901,#2933,#2953,#2981,#3013,
    #3041,#3065,#3086,#3107,#3143,#3171,#3199,#3231,#3259,#3291,#3311,
    #3339,#3371,#3399,#3423,#3444));
#17 = ADVANCED_FACE('',(#18),#48,.T.);
#18 = FACE_BOUND('',#19,.T.);
#19 = EDGE_LOOP('',(#20,#29,#36,#43));
#20 = ORIENTED_EDGE('',*,*,#21,.F.);
#21 = EDGE_CURVE('',#22,#24,#26,.T.);
#22 = VERTEX_POINT('',#23);
#23 = CARTESIAN_POINT('',(-0.579620210946,-0.539373412698,1.100000871504
    ));
#24 = VERTEX_POINT('',#25);
#25 = CARTESIAN_POINT('',(-0.579620210946,0.539373412698,1.100000871504)
  );
#26 = B_SPLINE_CURVE_WITH_KNOTS('',1,(#27,#28),.UNSPECIFIED.,.F.,.F.,(2,
    2),(0.275375751744,1.354122577141),.PIECEWISE_BEZIER_KNOTS.);
#27 = CARTESIAN_POINT('',(-0.579620210946,-0.539373412698,1.100000871504
    ));
#28 = CARTESIAN_POINT('',(-0.579620210946,0.539373412698,1.100000871504)
  );
#29 = ORIENTED_EDGE('',*,*,#30,.T.);
#30 = EDGE_CURVE('',#22,#31,#33,.T.);
#31 = VERTEX_POINT('',#32);
#32 = CARTESIAN_POINT('',(0.914373412698,-0.539373412698,1.100000871504)
  );
#33 = B_SPLINE_CURVE_WITH_KNOTS('',1,(#34,#35),.UNSPECIFIED.,.F.,.F.,(2,
    2),(-0.579620210946,0.914373412698),.PIECEWISE_BEZIER_KNOTS.);
#34 = CARTESIAN_POINT('',(-0.579620210946,-0.539373412698,1.100000871504
    ));
#35 = CARTESIAN_POINT('',(0.914373412698,-0.539373412698,1.100000871504)
  );
#36 = ORIENTED_EDGE('',*,*,#37,.T.);
#37 = EDGE_CURVE('',#31,#38,#40,.T.);
#38 = VERTEX_POINT('',#39);
#39 = CARTESIAN_POINT('',(0.914373412698,0.539373412698,1.100000871504)
  );
#40 = B_SPLINE_CURVE_WITH_KNOTS('',1,(#41,#42),.UNSPECIFIED.,.F.,.F.,(2,
    2),(-0.539373412698,0.539373412698),.PIECEWISE_BEZIER_KNOTS.);
#41 = CARTESIAN_POINT('',(0.914373412698,-0.539373412698,1.100000871504)
  );
#42 = CARTESIAN_POINT('',(0.914373412698,0.539373412698,1.100000871504)
  );
#43 = ORIENTED_EDGE('',*,*,#44,.T.);
#44 = EDGE_CURVE('',#38,#24,#45,.T.);
#45 = B_SPLINE_CURVE_WITH_KNOTS('',1,(#46,#47),.UNSPECIFIED.,.F.,.F.,(2,
    2),(-0.914373412698,0.579620210946),.PIECEWISE_BEZIER_KNOTS.);
#46 = CARTESIAN_POINT('',(0.914373412698,0.539373412698,1.100000871504)
  );
#47 = CARTESIAN_POINT('',(-0.579620210946,0.539373412698,1.100000871504)
  );
#48 = B_SPLINE_SURFACE_WITH_KNOTS('',1,1,(
    (#49,#50)
    ,(#51,#52
    )),.UNSPECIFIED.,.F.,.F.,.F.,(2,2),(2,2),(-0.579620210946,
    0.914373412698),(-0.539373412698,0.539373412698),
  .PIECEWISE_BEZIER_KNOTS.);
#49 = CARTESIAN_POINT('',(-0.579620210946,-0.539373412698,1.100000871504
    ));
#50 = CARTESIAN_POINT('',(-0.579620210946,0.539373412698,1.100000871504)
  );
#51 = CARTESIAN_POINT('',(0.914373412698,-0.539373412698,1.100000871504)
  );
#52 = CARTESIAN_POINT('',(0.914373412698,0.539373412698,1.100000871504)
  );
#53 = ADVANCED_FACE('',(#54),#84,.T.);
#54 = FACE_BOUND('',#55,.T.);
#55 = EDGE_LOOP('',(#56,#65,#72,#79));
#56 = ORIENTED_EDGE('',*,*,#57,.F.);
#57 = EDGE_CURVE('',#58,#60,#62,.T.);
#58 = VERTEX_POINT('',#59);
#59 = CARTESIAN_POINT('',(-0.789595834533,0.539373412698,1.100000871504)
  );
#60 = VERTEX_POINT('',#61);
#61 = CARTESIAN_POINT('',(-0.789595834533,-0.539373412698,1.100000871504
    ));
#62 = B_SPLINE_CURVE_WITH_KNOTS('',1,(#63,#64),.UNSPECIFIED.,.F.,.F.,(2,
    2),(-1.354122577141,-0.275375751744),.PIECEWISE_BEZIER_KNOTS.);
#63 = CARTESIAN_POINT('',(-0.789595834533,0.539373412698,1.100000871504)
  );
#64 = CARTESIAN_POINT('',(-0.789595834533,-0.539373412698,1.100000871504
    ));
#65 = ORIENTED_EDGE('',*,*,#66,.T.);
#66 = EDGE_CURVE('',#58,#67,#69,.T.);
#67 = VERTEX_POINT('',#68);
#68 = CARTESIAN_POINT('',(-0.914373412698,0.539373412698,1.100000871504)
  );
#69 = B_SPLINE_CURVE_WITH_KNOTS('',1,(#70,#71),.UNSPECIFIED.,.F.,.F.,(2,
    2),(0.789595834533,0.914373412698),.PIECEWISE_BEZIER_KNOTS.);
#70 = CARTESIAN_POINT('',(-0.789595834533,0.539373412698,1.100000871504)
  );
#71 = CARTESIAN_POINT('',(-0.914373412698,0.539373412698,1.100000871504)
  );
#72 = ORIENTED_EDGE('',*,*,#73,.T.);
#73 = EDGE_CURVE('',#67,#74,#76,.T.);
#74 = VERTEX_POINT('',#75);
#75 = CARTESIAN_POINT('',(-0.914373412698,-0.539373412698,1.100000871504
    ));
#76 = B_SPLINE_CURVE_WITH_KNOTS('',1,(#77,#78),.UNSPECIFIED.,.F.,.F.,(2,
    2),(-0.539373412698,0.539373412698),.PIECEWISE_BEZIER_KNOTS.);
#77 = CARTESIAN_POINT('',(-0.914373412698,0.539373412698,1.100000871504)
  );
#78 = CARTESIAN_POINT('',(-0.914373412698,-0.539373412698,1.100000871504
    ));
#79 = ORIENTED_EDGE('',*,*,#80,.T.);
#80 = EDGE_CURVE('',#74,#60,#81,.T.);
#81 = B_SPLINE_CURVE_WITH_KNOTS('',1,(#82,#83),.UNSPECIFIED.,.F.,.F.,(2,
    2),(-0.914373412698,-0.789595834533),.PIECEWISE_BEZIER_KNOTS.);
#82 = CARTESIAN_POINT('',(-0.914373412698,-0.539373412698,1.100000871504
    ));
#83 = CARTESIAN_POINT('',(-0.789595834533,-0.539373412698,1.100000871504
    ));
#84 = B_SPLINE_SURFACE_WITH_KNOTS('',1,1,(
    (#85,#86)
    ,(#87,#88)),.UNSPECIFIED.,.F.,.F.,.F.,(2,2),(2,2),(-0.914373412698,
    -0.789595834533),(-0.539373412698,0.539373412698),
  .PIECEWISE_BEZIER_KNOTS.);
#85 = CARTESIAN_POINT('',(-0.914373412698,-0.539373412698,1.100000871504
    ));
#86 = CARTESIAN_POINT('',(-0.914373412698,0.539373412698,1.100000871504)
  );
#87 = CARTESIAN_POINT('',(-0.789595834533,-0.539373412698,1.100000871504
    ));
#88 = CARTESIAN_POINT('',(-0.789595834533,0.539373412698,1.100000871504)
  );
#89 = ADVANCED_FACE('',(#90),#120,.F.);
#90 = FACE_BOUND('',#91,.T.);
#91 = EDGE_LOOP('',(#92,#101,#108,#115));
#92 = ORIENTED_EDGE('',*,*,#93,.T.);
#93 = EDGE_CURVE('',#94,#96,#98,.T.);
#94 = VERTEX_POINT('',#95);
#95 = CARTESIAN_POINT('',(0.892941376831,0.517941376831,0.100000871504)
  );
#96 = VERTEX_POINT('',#97);
#97 = CARTESIAN_POINT('',(0.892941376831,-0.517941376831,0.100000871504)
  );
#98 = B_SPLINE_CURVE_WITH_KNOTS('',1,(#99,#100),.UNSPECIFIED.,.F.,.F.,(2
    ,2),(-1.081699312363,-4.581655870087E-02),.PIECEWISE_BEZIER_KNOTS.);
#99 = CARTESIAN_POINT('',(0.892941376831,0.517941376831,0.100000871504)
  );
#100 = CARTESIAN_POINT('',(0.892941376831,-0.517941376831,0.100000871504
    ));
#101 = ORIENTED_EDGE('',*,*,#102,.T.);
#102 = EDGE_CURVE('',#96,#103,#105,.T.);
#103 = VERTEX_POINT('',#104);
#104 = CARTESIAN_POINT('',(-0.892941376831,-0.517941376831,
    0.100000871504));
#105 = B_SPLINE_CURVE_WITH_KNOTS('',1,(#106,#107),.UNSPECIFIED.,.F.,.F.,
  (2,2),(-1.831699312363,-4.581655870087E-02),.PIECEWISE_BEZIER_KNOTS.);
#106 = CARTESIAN_POINT('',(0.892941376831,-0.517941376831,0.100000871504
    ));
#107 = CARTESIAN_POINT('',(-0.892941376831,-0.517941376831,
    0.100000871504));
#108 = ORIENTED_EDGE('',*,*,#109,.T.);
#109 = EDGE_CURVE('',#103,#110,#112,.T.);
#110 = VERTEX_POINT('',#111);
#111 = CARTESIAN_POINT('',(-0.892941376831,0.517941376831,0.100000871504
    ));
#112 = B_SPLINE_CURVE_WITH_KNOTS('',1,(#113,#114),.UNSPECIFIED.,.F.,.F.,
  (2,2),(-1.081699312363,-4.581655870087E-02),.PIECEWISE_BEZIER_KNOTS.);
#113 = CARTESIAN_POINT('',(-0.892941376831,-0.517941376831,
    0.100000871504));
#114 = CARTESIAN_POINT('',(-0.892941376831,0.517941376831,0.100000871504
    ));
#115 = ORIENTED_EDGE('',*,*,#116,.T.);
#116 = EDGE_CURVE('',#110,#94,#117,.T.);
#117 = B_SPLINE_CURVE_WITH_KNOTS('',1,(#118,#119),.UNSPECIFIED.,.F.,.F.,
  (2,2),(-1.831699312363,-4.581655870087E-02),.PIECEWISE_BEZIER_KNOTS.);
#118 = CARTESIAN_POINT('',(-0.892941376831,0.517941376831,0.100000871504
    ));
#119 = CARTESIAN_POINT('',(0.892941376831,0.517941376831,0.100000871504)
  );
#120 = B_SPLINE_SURFACE_WITH_KNOTS('',1,1,(
    (#121,#122)
    ,(#123,#124
    )),.UNSPECIFIED.,.F.,.F.,.F.,(2,2),(2,2),(-0.892941376831,
    0.892941376831),(-0.517941376831,0.517941376831),
  .PIECEWISE_BEZIER_KNOTS.);
#121 = CARTESIAN_POINT('',(-0.892941376831,-0.517941376831,
    0.100000871504));
#122 = CARTESIAN_POINT('',(-0.892941376831,0.517941376831,0.100000871504
    ));
#123 = CARTESIAN_POINT('',(0.892941376831,-0.517941376831,0.100000871504
    ));
#124 = CARTESIAN_POINT('',(0.892941376831,0.517941376831,0.100000871504)
  );
#125 = ADVANCED_FACE('',(#126),#254,.T.);
#126 = FACE_BOUND('',#127,.T.);
#127 = EDGE_LOOP('',(#128,#137,#144,#151,#158,#165,#172,#179,#186,#193,
    #200,#207,#214,#221,#228,#235,#242,#249));
#128 = ORIENTED_EDGE('',*,*,#129,.F.);
#129 = EDGE_CURVE('',#130,#132,#134,.T.);
#130 = VERTEX_POINT('',#131);
#131 = CARTESIAN_POINT('',(0.7625,0.614459437397,0.875000871504));
#132 = VERTEX_POINT('',#133);
#133 = CARTESIAN_POINT('',(0.7625,0.625,0.800000871504));
#134 = B_SPLINE_CURVE_WITH_KNOTS('',1,(#135,#136),.UNSPECIFIED.,.F.,.F.,
  (2,2),(0.227211203817,0.302948271756),.PIECEWISE_BEZIER_KNOTS.);
#135 = CARTESIAN_POINT('',(0.7625,0.614459437397,0.875000871504));
#136 = CARTESIAN_POINT('',(0.7625,0.625,0.800000871504));
#137 = ORIENTED_EDGE('',*,*,#138,.F.);
#138 = EDGE_CURVE('',#139,#130,#141,.T.);
#139 = VERTEX_POINT('',#140);
#140 = CARTESIAN_POINT('',(0.5375,0.614459437397,0.875000871504));
#141 = B_SPLINE_CURVE_WITH_KNOTS('',1,(#142,#143),.UNSPECIFIED.,.F.,.F.,
  (2,2),(0.5375,0.7625),.PIECEWISE_BEZIER_KNOTS.);
#142 = CARTESIAN_POINT('',(0.5375,0.614459437397,0.875000871504));
#143 = CARTESIAN_POINT('',(0.7625,0.614459437397,0.875000871504));
#144 = ORIENTED_EDGE('',*,*,#145,.T.);
#145 = EDGE_CURVE('',#139,#146,#148,.T.);
#146 = VERTEX_POINT('',#147);
#147 = CARTESIAN_POINT('',(0.5375,0.625,0.800000871504));
#148 = B_SPLINE_CURVE_WITH_KNOTS('',1,(#149,#150),.UNSPECIFIED.,.F.,.F.,
  (2,2),(0.227211203817,0.302948271756),.PIECEWISE_BEZIER_KNOTS.);
#149 = CARTESIAN_POINT('',(0.5375,0.614459437397,0.875000871504));
#150 = CARTESIAN_POINT('',(0.5375,0.625,0.800000871504));
#151 = ORIENTED_EDGE('',*,*,#152,.F.);
#152 = EDGE_CURVE('',#153,#146,#155,.T.);
#153 = VERTEX_POINT('',#154);
#154 = CARTESIAN_POINT('',(0.1125,0.625,0.800000871504));
#155 = B_SPLINE_CURVE_WITH_KNOTS('',1,(#156,#157),.UNSPECIFIED.,.F.,.F.,
  (2,2),(-0.8875,-0.4625),.PIECEWISE_BEZIER_KNOTS.);
#156 = CARTESIAN_POINT('',(0.1125,0.625,0.800000871504));
#157 = CARTESIAN_POINT('',(0.5375,0.625,0.800000871504));
#158 = ORIENTED_EDGE('',*,*,#159,.F.);
#159 = EDGE_CURVE('',#160,#153,#162,.T.);
#160 = VERTEX_POINT('',#161);
#161 = CARTESIAN_POINT('',(0.1125,0.614459437397,0.875000871504));
#162 = B_SPLINE_CURVE_WITH_KNOTS('',1,(#163,#164),.UNSPECIFIED.,.F.,.F.,
  (2,2),(0.227211203817,0.302948271756),.PIECEWISE_BEZIER_KNOTS.);
#163 = CARTESIAN_POINT('',(0.1125,0.614459437397,0.875000871504));
#164 = CARTESIAN_POINT('',(0.1125,0.625,0.800000871504));
#165 = ORIENTED_EDGE('',*,*,#166,.F.);
#166 = EDGE_CURVE('',#167,#160,#169,.T.);
#167 = VERTEX_POINT('',#168);
#168 = CARTESIAN_POINT('',(-0.1125,0.614459437397,0.875000871504));
#169 = B_SPLINE_CURVE_WITH_KNOTS('',1,(#170,#171),.UNSPECIFIED.,.F.,.F.,
  (2,2),(-0.1125,0.1125),.PIECEWISE_BEZIER_KNOTS.);
#170 = CARTESIAN_POINT('',(-0.1125,0.614459437397,0.875000871504));
#171 = CARTESIAN_POINT('',(0.1125,0.614459437397,0.875000871504));
#172 = ORIENTED_EDGE('',*,*,#173,.T.);
#173 = EDGE_CURVE('',#167,#174,#176,.T.);
#174 = VERTEX_POINT('',#175);
#175 = CARTESIAN_POINT('',(-0.1125,0.625,0.800000871504));
#176 = B_SPLINE_CURVE_WITH_KNOTS('',1,(#177,#178),.UNSPECIFIED.,.F.,.F.,
  (2,2),(0.227211203817,0.302948271756),.PIECEWISE_BEZIER_KNOTS.);
#177 = CARTESIAN_POINT('',(-0.1125,0.614459437397,0.875000871504));
#178 = CARTESIAN_POINT('',(-0.1125,0.625,0.800000871504));
#179 = ORIENTED_EDGE('',*,*,#180,.F.);
#180 = EDGE_CURVE('',#181,#174,#183,.T.);
#181 = VERTEX_POINT('',#182);
#182 = CARTESIAN_POINT('',(-0.5375,0.625,0.800000871504));
#183 = B_SPLINE_CURVE_WITH_KNOTS('',1,(#184,#185),.UNSPECIFIED.,.F.,.F.,
  (2,2),(-1.5375,-1.1125),.PIECEWISE_BEZIER_KNOTS.);
#184 = CARTESIAN_POINT('',(-0.5375,0.625,0.800000871504));
#185 = CARTESIAN_POINT('',(-0.1125,0.625,0.800000871504));
#186 = ORIENTED_EDGE('',*,*,#187,.F.);
#187 = EDGE_CURVE('',#188,#181,#190,.T.);
#188 = VERTEX_POINT('',#189);
#189 = CARTESIAN_POINT('',(-0.5375,0.614459437397,0.875000871504));
#190 = B_SPLINE_CURVE_WITH_KNOTS('',1,(#191,#192),.UNSPECIFIED.,.F.,.F.,
  (2,2),(0.227211203817,0.302948271756),.PIECEWISE_BEZIER_KNOTS.);
#191 = CARTESIAN_POINT('',(-0.5375,0.614459437397,0.875000871504));
#192 = CARTESIAN_POINT('',(-0.5375,0.625,0.800000871504));
#193 = ORIENTED_EDGE('',*,*,#194,.F.);
#194 = EDGE_CURVE('',#195,#188,#197,.T.);
#195 = VERTEX_POINT('',#196);
#196 = CARTESIAN_POINT('',(-0.7625,0.614459437397,0.875000871504));
#197 = B_SPLINE_CURVE_WITH_KNOTS('',1,(#198,#199),.UNSPECIFIED.,.F.,.F.,
  (2,2),(-0.7625,-0.5375),.PIECEWISE_BEZIER_KNOTS.);
#198 = CARTESIAN_POINT('',(-0.7625,0.614459437397,0.875000871504));
#199 = CARTESIAN_POINT('',(-0.5375,0.614459437397,0.875000871504));
#200 = ORIENTED_EDGE('',*,*,#201,.T.);
#201 = EDGE_CURVE('',#195,#202,#204,.T.);
#202 = VERTEX_POINT('',#203);
#203 = CARTESIAN_POINT('',(-0.7625,0.625,0.800000871504));
#204 = B_SPLINE_CURVE_WITH_KNOTS('',1,(#205,#206),.UNSPECIFIED.,.F.,.F.,
  (2,2),(0.227211203817,0.302948271756),.PIECEWISE_BEZIER_KNOTS.);
#205 = CARTESIAN_POINT('',(-0.7625,0.614459437397,0.875000871504));
#206 = CARTESIAN_POINT('',(-0.7625,0.625,0.800000871504));
#207 = ORIENTED_EDGE('',*,*,#208,.F.);
#208 = EDGE_CURVE('',#209,#202,#211,.T.);
#209 = VERTEX_POINT('',#210);
#210 = CARTESIAN_POINT('',(-0.950190265095,0.625,0.800000871504));
#211 = B_SPLINE_CURVE_WITH_KNOTS('',1,(#212,#213),.UNSPECIFIED.,.F.,.F.,
  (2,2),(-1.950190265095,-1.7625),.PIECEWISE_BEZIER_KNOTS.);
#212 = CARTESIAN_POINT('',(-0.950190265095,0.625,0.800000871504));
#213 = CARTESIAN_POINT('',(-0.7625,0.625,0.800000871504));
#214 = ORIENTED_EDGE('',*,*,#215,.F.);
#215 = EDGE_CURVE('',#216,#209,#218,.T.);
#216 = VERTEX_POINT('',#217);
#217 = CARTESIAN_POINT('',(-0.950486596563,0.625,0.800000871504));
#218 = B_SPLINE_CURVE_WITH_KNOTS('',1,(#219,#220),.UNSPECIFIED.,.F.,.F.,
  (2,2),(-1.950486596563,-1.950190265095),.PIECEWISE_BEZIER_KNOTS.);
#219 = CARTESIAN_POINT('',(-0.950486596563,0.625,0.800000871504));
#220 = CARTESIAN_POINT('',(-0.950190265095,0.625,0.800000871504));
#221 = ORIENTED_EDGE('',*,*,#222,.T.);
#222 = EDGE_CURVE('',#216,#223,#225,.T.);
#223 = VERTEX_POINT('',#224);
#224 = CARTESIAN_POINT('',(-0.914373412698,0.588886816136,1.056959526552
    ));
#225 = B_SPLINE_CURVE_WITH_KNOTS('',1,(#226,#227),.UNSPECIFIED.,.F.,.F.,
  (2,2),(-0.431075675742,-0.169090801175),.PIECEWISE_BEZIER_KNOTS.);
#226 = CARTESIAN_POINT('',(-0.950486596563,0.625,0.800000871504));
#227 = CARTESIAN_POINT('',(-0.914373412698,0.588886816136,1.056959526552
    ));
#228 = ORIENTED_EDGE('',*,*,#229,.T.);
#229 = EDGE_CURVE('',#223,#230,#232,.T.);
#230 = VERTEX_POINT('',#231);
#231 = CARTESIAN_POINT('',(0.914373412698,0.588886816136,1.056959526552)
  );
#232 = B_SPLINE_CURVE_WITH_KNOTS('',1,(#233,#234),.UNSPECIFIED.,.F.,.F.,
  (2,2),(-0.914373412698,0.914373412698),.PIECEWISE_BEZIER_KNOTS.);
#233 = CARTESIAN_POINT('',(-0.914373412698,0.588886816136,1.056959526552
    ));
#234 = CARTESIAN_POINT('',(0.914373412698,0.588886816136,1.056959526552)
  );
#235 = ORIENTED_EDGE('',*,*,#236,.T.);
#236 = EDGE_CURVE('',#230,#237,#239,.T.);
#237 = VERTEX_POINT('',#238);
#238 = CARTESIAN_POINT('',(0.950486596563,0.625,0.800000871504));
#239 = B_SPLINE_CURVE_WITH_KNOTS('',1,(#240,#241),.UNSPECIFIED.,.F.,.F.,
  (2,2),(0.169090801175,0.431075675742),.PIECEWISE_BEZIER_KNOTS.);
#240 = CARTESIAN_POINT('',(0.914373412698,0.588886816136,1.056959526552)
  );
#241 = CARTESIAN_POINT('',(0.950486596563,0.625,0.800000871504));
#242 = ORIENTED_EDGE('',*,*,#243,.F.);
#243 = EDGE_CURVE('',#244,#237,#246,.T.);
#244 = VERTEX_POINT('',#245);
#245 = CARTESIAN_POINT('',(0.950190265095,0.625,0.800000871504));
#246 = B_SPLINE_CURVE_WITH_KNOTS('',1,(#247,#248),.UNSPECIFIED.,.F.,.F.,
  (2,2),(-4.980973490459E-02,-4.951340343708E-02),
  .PIECEWISE_BEZIER_KNOTS.);
#247 = CARTESIAN_POINT('',(0.950190265095,0.625,0.800000871504));
#248 = CARTESIAN_POINT('',(0.950486596563,0.625,0.800000871504));
#249 = ORIENTED_EDGE('',*,*,#250,.F.);
#250 = EDGE_CURVE('',#132,#244,#251,.T.);
#251 = B_SPLINE_CURVE_WITH_KNOTS('',1,(#252,#253),.UNSPECIFIED.,.F.,.F.,
  (2,2),(-0.2375,-4.980973490459E-02),.PIECEWISE_BEZIER_KNOTS.);
#252 = CARTESIAN_POINT('',(0.7625,0.625,0.800000871504));
#253 = CARTESIAN_POINT('',(0.950190265095,0.625,0.800000871504));
#254 = B_SPLINE_SURFACE_WITH_KNOTS('',1,1,(
    (#255,#256)
    ,(#257,#258
    )),.UNSPECIFIED.,.F.,.F.,.F.,(2,2),(2,2),(-0.950486596563,
    0.950486596563),(4.346433689081E-02,0.302948271756),
  .PIECEWISE_BEZIER_KNOTS.);
#255 = CARTESIAN_POINT('',(-0.950486596563,0.588886816136,1.056959526552
    ));
#256 = CARTESIAN_POINT('',(-0.950486596563,0.625,0.800000871504));
#257 = CARTESIAN_POINT('',(0.950486596563,0.588886816136,1.056959526552)
  );
#258 = CARTESIAN_POINT('',(0.950486596563,0.625,0.800000871504));
#259 = ADVANCED_FACE('',(#260),#304,.T.);
#260 = FACE_BOUND('',#261,.T.);
#261 = EDGE_LOOP('',(#262,#271,#278,#285,#292,#299));
#262 = ORIENTED_EDGE('',*,*,#263,.T.);
#263 = EDGE_CURVE('',#264,#266,#268,.T.);
#264 = VERTEX_POINT('',#265);
#265 = CARTESIAN_POINT('',(-0.963886816136,-0.539373412698,
    1.056959526552));
#266 = VERTEX_POINT('',#267);
#267 = CARTESIAN_POINT('',(-0.963886816136,0.539373412698,1.056959526552
    ));
#268 = B_SPLINE_CURVE_WITH_KNOTS('',1,(#269,#270),.UNSPECIFIED.,.F.,.F.,
  (2,2),(-0.539373412698,0.539373412698),.PIECEWISE_BEZIER_KNOTS.);
#269 = CARTESIAN_POINT('',(-0.963886816136,-0.539373412698,
    1.056959526552));
#270 = CARTESIAN_POINT('',(-0.963886816136,0.539373412698,1.056959526552
    ));
#271 = ORIENTED_EDGE('',*,*,#272,.T.);
#272 = EDGE_CURVE('',#266,#273,#275,.T.);
#273 = VERTEX_POINT('',#274);
#274 = CARTESIAN_POINT('',(-1.,0.575486596563,0.800000871504));
#275 = B_SPLINE_CURVE_WITH_KNOTS('',1,(#276,#277),.UNSPECIFIED.,.F.,.F.,
  (2,2),(0.117399099616,0.379383974183),.PIECEWISE_BEZIER_KNOTS.);
#276 = CARTESIAN_POINT('',(-0.963886816136,0.539373412698,1.056959526552
    ));
#277 = CARTESIAN_POINT('',(-1.,0.575486596563,0.800000871504));
#278 = ORIENTED_EDGE('',*,*,#279,.F.);
#279 = EDGE_CURVE('',#280,#273,#282,.T.);
#280 = VERTEX_POINT('',#281);
#281 = CARTESIAN_POINT('',(-1.,0.575190265095,0.800000871504));
#282 = B_SPLINE_CURVE_WITH_KNOTS('',1,(#283,#284),.UNSPECIFIED.,.F.,.F.,
  (2,2),(-4.980973490459E-02,-4.951340343708E-02),
  .PIECEWISE_BEZIER_KNOTS.);
#283 = CARTESIAN_POINT('',(-1.,0.575190265095,0.800000871504));
#284 = CARTESIAN_POINT('',(-1.,0.575486596563,0.800000871504));
#285 = ORIENTED_EDGE('',*,*,#286,.F.);
#286 = EDGE_CURVE('',#287,#280,#289,.T.);
#287 = VERTEX_POINT('',#288);
#288 = CARTESIAN_POINT('',(-1.,-0.575190265095,0.800000871504));
#289 = B_SPLINE_CURVE_WITH_KNOTS('',1,(#290,#291),.UNSPECIFIED.,.F.,.F.,
  (2,2),(-1.200190265095,-4.980973490459E-02),.PIECEWISE_BEZIER_KNOTS.);
#290 = CARTESIAN_POINT('',(-1.,-0.575190265095,0.800000871504));
#291 = CARTESIAN_POINT('',(-1.,0.575190265095,0.800000871504));
#292 = ORIENTED_EDGE('',*,*,#293,.F.);
#293 = EDGE_CURVE('',#294,#287,#296,.T.);
#294 = VERTEX_POINT('',#295);
#295 = CARTESIAN_POINT('',(-1.,-0.575486596563,0.800000871504));
#296 = B_SPLINE_CURVE_WITH_KNOTS('',1,(#297,#298),.UNSPECIFIED.,.F.,.F.,
  (2,2),(-1.200486596563,-1.200190265095),.PIECEWISE_BEZIER_KNOTS.);
#297 = CARTESIAN_POINT('',(-1.,-0.575486596563,0.800000871504));
#298 = CARTESIAN_POINT('',(-1.,-0.575190265095,0.800000871504));
#299 = ORIENTED_EDGE('',*,*,#300,.T.);
#300 = EDGE_CURVE('',#294,#264,#301,.T.);
#301 = B_SPLINE_CURVE_WITH_KNOTS('',1,(#302,#303),.UNSPECIFIED.,.F.,.F.,
  (2,2),(-0.379383974183,-0.117399099616),.PIECEWISE_BEZIER_KNOTS.);
#302 = CARTESIAN_POINT('',(-1.,-0.575486596563,0.800000871504));
#303 = CARTESIAN_POINT('',(-0.963886816136,-0.539373412698,
    1.056959526552));
#304 = B_SPLINE_SURFACE_WITH_KNOTS('',1,1,(
    (#305,#306)
    ,(#307,#308
    )),.UNSPECIFIED.,.F.,.F.,.F.,(2,2),(2,2),(-0.575486596563,
    0.575486596563),(4.346433689081E-02,0.302948271756),
  .PIECEWISE_BEZIER_KNOTS.);
#305 = CARTESIAN_POINT('',(-0.963886816136,-0.575486596563,
    1.056959526552));
#306 = CARTESIAN_POINT('',(-1.,-0.575486596563,0.800000871504));
#307 = CARTESIAN_POINT('',(-0.963886816136,0.575486596563,1.056959526552
    ));
#308 = CARTESIAN_POINT('',(-1.,0.575486596563,0.800000871504));
#309 = ADVANCED_FACE('',(#310),#354,.T.);
#310 = FACE_BOUND('',#311,.T.);
#311 = EDGE_LOOP('',(#312,#321,#328,#335,#342,#349));
#312 = ORIENTED_EDGE('',*,*,#313,.F.);
#313 = EDGE_CURVE('',#314,#316,#318,.T.);
#314 = VERTEX_POINT('',#315);
#315 = CARTESIAN_POINT('',(1.,0.575486596563,0.800000871504));
#316 = VERTEX_POINT('',#317);
#317 = CARTESIAN_POINT('',(1.,0.575190265095,0.800000871504));
#318 = B_SPLINE_CURVE_WITH_KNOTS('',1,(#319,#320),.UNSPECIFIED.,.F.,.F.,
  (2,2),(-1.200486596563,-1.200190265095),.PIECEWISE_BEZIER_KNOTS.);
#319 = CARTESIAN_POINT('',(1.,0.575486596563,0.800000871504));
#320 = CARTESIAN_POINT('',(1.,0.575190265095,0.800000871504));
#321 = ORIENTED_EDGE('',*,*,#322,.T.);
#322 = EDGE_CURVE('',#314,#323,#325,.T.);
#323 = VERTEX_POINT('',#324);
#324 = CARTESIAN_POINT('',(0.963886816136,0.539373412698,1.056959526552)
  );
#325 = B_SPLINE_CURVE_WITH_KNOTS('',1,(#326,#327),.UNSPECIFIED.,.F.,.F.,
  (2,2),(-0.379383974183,-0.117399099616),.PIECEWISE_BEZIER_KNOTS.);
#326 = CARTESIAN_POINT('',(1.,0.575486596563,0.800000871504));
#327 = CARTESIAN_POINT('',(0.963886816136,0.539373412698,1.056959526552)
  );
#328 = ORIENTED_EDGE('',*,*,#329,.T.);
#329 = EDGE_CURVE('',#323,#330,#332,.T.);
#330 = VERTEX_POINT('',#331);
#331 = CARTESIAN_POINT('',(0.963886816136,-0.539373412698,1.056959526552
    ));
#332 = B_SPLINE_CURVE_WITH_KNOTS('',1,(#333,#334),.UNSPECIFIED.,.F.,.F.,
  (2,2),(-0.539373412698,0.539373412698),.PIECEWISE_BEZIER_KNOTS.);
#333 = CARTESIAN_POINT('',(0.963886816136,0.539373412698,1.056959526552)
  );
#334 = CARTESIAN_POINT('',(0.963886816136,-0.539373412698,1.056959526552
    ));
#335 = ORIENTED_EDGE('',*,*,#336,.T.);
#336 = EDGE_CURVE('',#330,#337,#339,.T.);
#337 = VERTEX_POINT('',#338);
#338 = CARTESIAN_POINT('',(1.,-0.575486596563,0.800000871504));
#339 = B_SPLINE_CURVE_WITH_KNOTS('',1,(#340,#341),.UNSPECIFIED.,.F.,.F.,
  (2,2),(0.117399099616,0.379383974183),.PIECEWISE_BEZIER_KNOTS.);
#340 = CARTESIAN_POINT('',(0.963886816136,-0.539373412698,1.056959526552
    ));
#341 = CARTESIAN_POINT('',(1.,-0.575486596563,0.800000871504));
#342 = ORIENTED_EDGE('',*,*,#343,.F.);
#343 = EDGE_CURVE('',#344,#337,#346,.T.);
#344 = VERTEX_POINT('',#345);
#345 = CARTESIAN_POINT('',(1.,-0.575190265095,0.800000871504));
#346 = B_SPLINE_CURVE_WITH_KNOTS('',1,(#347,#348),.UNSPECIFIED.,.F.,.F.,
  (2,2),(-4.980973490459E-02,-4.951340343708E-02),
  .PIECEWISE_BEZIER_KNOTS.);
#347 = CARTESIAN_POINT('',(1.,-0.575190265095,0.800000871504));
#348 = CARTESIAN_POINT('',(1.,-0.575486596563,0.800000871504));
#349 = ORIENTED_EDGE('',*,*,#350,.F.);
#350 = EDGE_CURVE('',#316,#344,#351,.T.);
#351 = B_SPLINE_CURVE_WITH_KNOTS('',1,(#352,#353),.UNSPECIFIED.,.F.,.F.,
  (2,2),(-1.200190265095,-4.980973490459E-02),.PIECEWISE_BEZIER_KNOTS.);
#352 = CARTESIAN_POINT('',(1.,0.575190265095,0.800000871504));
#353 = CARTESIAN_POINT('',(1.,-0.575190265095,0.800000871504));
#354 = B_SPLINE_SURFACE_WITH_KNOTS('',1,1,(
    (#355,#356)
    ,(#357,#358
    )),.UNSPECIFIED.,.F.,.F.,.F.,(2,2),(2,2),(-0.575486596563,
    0.575486596563),(4.346433689081E-02,0.302948271756),
  .PIECEWISE_BEZIER_KNOTS.);
#355 = CARTESIAN_POINT('',(0.963886816136,0.575486596563,1.056959526552)
  );
#356 = CARTESIAN_POINT('',(1.,0.575486596563,0.800000871504));
#357 = CARTESIAN_POINT('',(0.963886816136,-0.575486596563,1.056959526552
    ));
#358 = CARTESIAN_POINT('',(1.,-0.575486596563,0.800000871504));
#359 = ADVANCED_FACE('',(#360),#488,.T.);
#360 = FACE_BOUND('',#361,.T.);
#361 = EDGE_LOOP('',(#362,#371,#378,#385,#392,#399,#406,#413,#420,#427,
    #434,#441,#448,#455,#462,#469,#476,#483));
#362 = ORIENTED_EDGE('',*,*,#363,.F.);
#363 = EDGE_CURVE('',#364,#366,#368,.T.);
#364 = VERTEX_POINT('',#365);
#365 = CARTESIAN_POINT('',(0.7625,-0.625,0.800000871504));
#366 = VERTEX_POINT('',#367);
#367 = CARTESIAN_POINT('',(0.7625,-0.614459437397,0.875000871504));
#368 = B_SPLINE_CURVE_WITH_KNOTS('',1,(#369,#370),.UNSPECIFIED.,.F.,.F.,
  (2,2),(-0.302948271756,-0.227211203817),.PIECEWISE_BEZIER_KNOTS.);
#369 = CARTESIAN_POINT('',(0.7625,-0.625,0.800000871504));
#370 = CARTESIAN_POINT('',(0.7625,-0.614459437397,0.875000871504));
#371 = ORIENTED_EDGE('',*,*,#372,.F.);
#372 = EDGE_CURVE('',#373,#364,#375,.T.);
#373 = VERTEX_POINT('',#374);
#374 = CARTESIAN_POINT('',(0.950190265095,-0.625,0.800000871504));
#375 = B_SPLINE_CURVE_WITH_KNOTS('',1,(#376,#377),.UNSPECIFIED.,.F.,.F.,
  (2,2),(-1.950190265095,-1.7625),.PIECEWISE_BEZIER_KNOTS.);
#376 = CARTESIAN_POINT('',(0.950190265095,-0.625,0.800000871504));
#377 = CARTESIAN_POINT('',(0.7625,-0.625,0.800000871504));
#378 = ORIENTED_EDGE('',*,*,#379,.F.);
#379 = EDGE_CURVE('',#380,#373,#382,.T.);
#380 = VERTEX_POINT('',#381);
#381 = CARTESIAN_POINT('',(0.950486596563,-0.625,0.800000871504));
#382 = B_SPLINE_CURVE_WITH_KNOTS('',1,(#383,#384),.UNSPECIFIED.,.F.,.F.,
  (2,2),(-1.950486596563,-1.950190265095),.PIECEWISE_BEZIER_KNOTS.);
#383 = CARTESIAN_POINT('',(0.950486596563,-0.625,0.800000871504));
#384 = CARTESIAN_POINT('',(0.950190265095,-0.625,0.800000871504));
#385 = ORIENTED_EDGE('',*,*,#386,.T.);
#386 = EDGE_CURVE('',#380,#387,#389,.T.);
#387 = VERTEX_POINT('',#388);
#388 = CARTESIAN_POINT('',(0.914373412698,-0.588886816136,1.056959526552
    ));
#389 = B_SPLINE_CURVE_WITH_KNOTS('',1,(#390,#391),.UNSPECIFIED.,.F.,.F.,
  (2,2),(-0.431075675742,-0.169090801175),.PIECEWISE_BEZIER_KNOTS.);
#390 = CARTESIAN_POINT('',(0.950486596563,-0.625,0.800000871504));
#391 = CARTESIAN_POINT('',(0.914373412698,-0.588886816136,1.056959526552
    ));
#392 = ORIENTED_EDGE('',*,*,#393,.T.);
#393 = EDGE_CURVE('',#387,#394,#396,.T.);
#394 = VERTEX_POINT('',#395);
#395 = CARTESIAN_POINT('',(-0.914373412698,-0.588886816136,
    1.056959526552));
#396 = B_SPLINE_CURVE_WITH_KNOTS('',1,(#397,#398),.UNSPECIFIED.,.F.,.F.,
  (2,2),(-0.914373412698,0.914373412698),.PIECEWISE_BEZIER_KNOTS.);
#397 = CARTESIAN_POINT('',(0.914373412698,-0.588886816136,1.056959526552
    ));
#398 = CARTESIAN_POINT('',(-0.914373412698,-0.588886816136,
    1.056959526552));
#399 = ORIENTED_EDGE('',*,*,#400,.T.);
#400 = EDGE_CURVE('',#394,#401,#403,.T.);
#401 = VERTEX_POINT('',#402);
#402 = CARTESIAN_POINT('',(-0.950486596563,-0.625,0.800000871504));
#403 = B_SPLINE_CURVE_WITH_KNOTS('',1,(#404,#405),.UNSPECIFIED.,.F.,.F.,
  (2,2),(0.169090801175,0.431075675742),.PIECEWISE_BEZIER_KNOTS.);
#404 = CARTESIAN_POINT('',(-0.914373412698,-0.588886816136,
    1.056959526552));
#405 = CARTESIAN_POINT('',(-0.950486596563,-0.625,0.800000871504));
#406 = ORIENTED_EDGE('',*,*,#407,.F.);
#407 = EDGE_CURVE('',#408,#401,#410,.T.);
#408 = VERTEX_POINT('',#409);
#409 = CARTESIAN_POINT('',(-0.950190265095,-0.625,0.800000871504));
#410 = B_SPLINE_CURVE_WITH_KNOTS('',1,(#411,#412),.UNSPECIFIED.,.F.,.F.,
  (2,2),(-4.980973490459E-02,-4.951340343708E-02),
  .PIECEWISE_BEZIER_KNOTS.);
#411 = CARTESIAN_POINT('',(-0.950190265095,-0.625,0.800000871504));
#412 = CARTESIAN_POINT('',(-0.950486596563,-0.625,0.800000871504));
#413 = ORIENTED_EDGE('',*,*,#414,.F.);
#414 = EDGE_CURVE('',#415,#408,#417,.T.);
#415 = VERTEX_POINT('',#416);
#416 = CARTESIAN_POINT('',(-0.7625,-0.625,0.800000871504));
#417 = B_SPLINE_CURVE_WITH_KNOTS('',1,(#418,#419),.UNSPECIFIED.,.F.,.F.,
  (2,2),(-0.2375,-4.980973490459E-02),.PIECEWISE_BEZIER_KNOTS.);
#418 = CARTESIAN_POINT('',(-0.7625,-0.625,0.800000871504));
#419 = CARTESIAN_POINT('',(-0.950190265095,-0.625,0.800000871504));
#420 = ORIENTED_EDGE('',*,*,#421,.T.);
#421 = EDGE_CURVE('',#415,#422,#424,.T.);
#422 = VERTEX_POINT('',#423);
#423 = CARTESIAN_POINT('',(-0.7625,-0.614459437397,0.875000871504));
#424 = B_SPLINE_CURVE_WITH_KNOTS('',1,(#425,#426),.UNSPECIFIED.,.F.,.F.,
  (2,2),(-0.302948271756,-0.227211203817),.PIECEWISE_BEZIER_KNOTS.);
#425 = CARTESIAN_POINT('',(-0.7625,-0.625,0.800000871504));
#426 = CARTESIAN_POINT('',(-0.7625,-0.614459437397,0.875000871504));
#427 = ORIENTED_EDGE('',*,*,#428,.T.);
#428 = EDGE_CURVE('',#422,#429,#431,.T.);
#429 = VERTEX_POINT('',#430);
#430 = CARTESIAN_POINT('',(-0.5375,-0.614459437397,0.875000871504));
#431 = B_SPLINE_CURVE_WITH_KNOTS('',1,(#432,#433),.UNSPECIFIED.,.F.,.F.,
  (2,2),(-0.7625,-0.5375),.PIECEWISE_BEZIER_KNOTS.);
#432 = CARTESIAN_POINT('',(-0.7625,-0.614459437397,0.875000871504));
#433 = CARTESIAN_POINT('',(-0.5375,-0.614459437397,0.875000871504));
#434 = ORIENTED_EDGE('',*,*,#435,.F.);
#435 = EDGE_CURVE('',#436,#429,#438,.T.);
#436 = VERTEX_POINT('',#437);
#437 = CARTESIAN_POINT('',(-0.5375,-0.625,0.800000871504));
#438 = B_SPLINE_CURVE_WITH_KNOTS('',1,(#439,#440),.UNSPECIFIED.,.F.,.F.,
  (2,2),(-0.302948271756,-0.227211203817),.PIECEWISE_BEZIER_KNOTS.);
#439 = CARTESIAN_POINT('',(-0.5375,-0.625,0.800000871504));
#440 = CARTESIAN_POINT('',(-0.5375,-0.614459437397,0.875000871504));
#441 = ORIENTED_EDGE('',*,*,#442,.F.);
#442 = EDGE_CURVE('',#443,#436,#445,.T.);
#443 = VERTEX_POINT('',#444);
#444 = CARTESIAN_POINT('',(-0.1125,-0.625,0.800000871504));
#445 = B_SPLINE_CURVE_WITH_KNOTS('',1,(#446,#447),.UNSPECIFIED.,.F.,.F.,
  (2,2),(-0.8875,-0.4625),.PIECEWISE_BEZIER_KNOTS.);
#446 = CARTESIAN_POINT('',(-0.1125,-0.625,0.800000871504));
#447 = CARTESIAN_POINT('',(-0.5375,-0.625,0.800000871504));
#448 = ORIENTED_EDGE('',*,*,#449,.T.);
#449 = EDGE_CURVE('',#443,#450,#452,.T.);
#450 = VERTEX_POINT('',#451);
#451 = CARTESIAN_POINT('',(-0.1125,-0.614459437397,0.875000871504));
#452 = B_SPLINE_CURVE_WITH_KNOTS('',1,(#453,#454),.UNSPECIFIED.,.F.,.F.,
  (2,2),(-0.302948271756,-0.227211203817),.PIECEWISE_BEZIER_KNOTS.);
#453 = CARTESIAN_POINT('',(-0.1125,-0.625,0.800000871504));
#454 = CARTESIAN_POINT('',(-0.1125,-0.614459437397,0.875000871504));
#455 = ORIENTED_EDGE('',*,*,#456,.T.);
#456 = EDGE_CURVE('',#450,#457,#459,.T.);
#457 = VERTEX_POINT('',#458);
#458 = CARTESIAN_POINT('',(0.1125,-0.614459437397,0.875000871504));
#459 = B_SPLINE_CURVE_WITH_KNOTS('',1,(#460,#461),.UNSPECIFIED.,.F.,.F.,
  (2,2),(-0.1125,0.1125),.PIECEWISE_BEZIER_KNOTS.);
#460 = CARTESIAN_POINT('',(-0.1125,-0.614459437397,0.875000871504));
#461 = CARTESIAN_POINT('',(0.1125,-0.614459437397,0.875000871504));
#462 = ORIENTED_EDGE('',*,*,#463,.F.);
#463 = EDGE_CURVE('',#464,#457,#466,.T.);
#464 = VERTEX_POINT('',#465);
#465 = CARTESIAN_POINT('',(0.1125,-0.625,0.800000871504));
#466 = B_SPLINE_CURVE_WITH_KNOTS('',1,(#467,#468),.UNSPECIFIED.,.F.,.F.,
  (2,2),(-0.302948271756,-0.227211203817),.PIECEWISE_BEZIER_KNOTS.);
#467 = CARTESIAN_POINT('',(0.1125,-0.625,0.800000871504));
#468 = CARTESIAN_POINT('',(0.1125,-0.614459437397,0.875000871504));
#469 = ORIENTED_EDGE('',*,*,#470,.F.);
#470 = EDGE_CURVE('',#471,#464,#473,.T.);
#471 = VERTEX_POINT('',#472);
#472 = CARTESIAN_POINT('',(0.5375,-0.625,0.800000871504));
#473 = B_SPLINE_CURVE_WITH_KNOTS('',1,(#474,#475),.UNSPECIFIED.,.F.,.F.,
  (2,2),(-1.5375,-1.1125),.PIECEWISE_BEZIER_KNOTS.);
#474 = CARTESIAN_POINT('',(0.5375,-0.625,0.800000871504));
#475 = CARTESIAN_POINT('',(0.1125,-0.625,0.800000871504));
#476 = ORIENTED_EDGE('',*,*,#477,.T.);
#477 = EDGE_CURVE('',#471,#478,#480,.T.);
#478 = VERTEX_POINT('',#479);
#479 = CARTESIAN_POINT('',(0.5375,-0.614459437397,0.875000871504));
#480 = B_SPLINE_CURVE_WITH_KNOTS('',1,(#481,#482),.UNSPECIFIED.,.F.,.F.,
  (2,2),(-0.302948271756,-0.227211203817),.PIECEWISE_BEZIER_KNOTS.);
#481 = CARTESIAN_POINT('',(0.5375,-0.625,0.800000871504));
#482 = CARTESIAN_POINT('',(0.5375,-0.614459437397,0.875000871504));
#483 = ORIENTED_EDGE('',*,*,#484,.T.);
#484 = EDGE_CURVE('',#478,#366,#485,.T.);
#485 = B_SPLINE_CURVE_WITH_KNOTS('',1,(#486,#487),.UNSPECIFIED.,.F.,.F.,
  (2,2),(0.5375,0.7625),.PIECEWISE_BEZIER_KNOTS.);
#486 = CARTESIAN_POINT('',(0.5375,-0.614459437397,0.875000871504));
#487 = CARTESIAN_POINT('',(0.7625,-0.614459437397,0.875000871504));
#488 = B_SPLINE_SURFACE_WITH_KNOTS('',1,1,(
    (#489,#490)
    ,(#491,#492
    )),.UNSPECIFIED.,.F.,.F.,.F.,(2,2),(2,2),(-0.950486596563,
    0.950486596563),(4.346433689081E-02,0.302948271756),
  .PIECEWISE_BEZIER_KNOTS.);
#489 = CARTESIAN_POINT('',(0.950486596563,-0.588886816136,1.056959526552
    ));
#490 = CARTESIAN_POINT('',(0.950486596563,-0.625,0.800000871504));
#491 = CARTESIAN_POINT('',(-0.950486596563,-0.588886816136,
    1.056959526552));
#492 = CARTESIAN_POINT('',(-0.950486596563,-0.625,0.800000871504));
#493 = ADVANCED_FACE('',(#494),#576,.F.);
#494 = FACE_BOUND('',#495,.T.);
#495 = EDGE_LOOP('',(#496,#503,#510,#515,#516,#523,#530,#535,#536,#543,
    #550,#555,#556,#563,#570,#575));
#496 = ORIENTED_EDGE('',*,*,#497,.F.);
#497 = EDGE_CURVE('',#498,#364,#500,.T.);
#498 = VERTEX_POINT('',#499);
#499 = CARTESIAN_POINT('',(0.7625,-0.618438350236,0.725000871504));
#500 = B_SPLINE_CURVE_WITH_KNOTS('',1,(#501,#502),.UNSPECIFIED.,.F.,.F.,
  (2,2),(-7.528648781579E-02,-3.699975396134E-14),
  .PIECEWISE_BEZIER_KNOTS.);
#501 = CARTESIAN_POINT('',(0.7625,-0.618438350236,0.725000871504));
#502 = CARTESIAN_POINT('',(0.7625,-0.625,0.800000871504));
#503 = ORIENTED_EDGE('',*,*,#504,.F.);
#504 = EDGE_CURVE('',#505,#498,#507,.T.);
#505 = VERTEX_POINT('',#506);
#506 = CARTESIAN_POINT('',(0.5375,-0.618438350236,0.725000871504));
#507 = B_SPLINE_CURVE_WITH_KNOTS('',1,(#508,#509),.UNSPECIFIED.,.F.,.F.,
  (2,2),(1.5375,1.7625),.PIECEWISE_BEZIER_KNOTS.);
#508 = CARTESIAN_POINT('',(0.5375,-0.618438350236,0.725000871504));
#509 = CARTESIAN_POINT('',(0.7625,-0.618438350236,0.725000871504));
#510 = ORIENTED_EDGE('',*,*,#511,.T.);
#511 = EDGE_CURVE('',#505,#471,#512,.T.);
#512 = B_SPLINE_CURVE_WITH_KNOTS('',1,(#513,#514),.UNSPECIFIED.,.F.,.F.,
  (2,2),(-7.528648781579E-02,-3.671914325559E-14),
  .PIECEWISE_BEZIER_KNOTS.);
#513 = CARTESIAN_POINT('',(0.5375,-0.618438350236,0.725000871504));
#514 = CARTESIAN_POINT('',(0.5375,-0.625,0.800000871504));
#515 = ORIENTED_EDGE('',*,*,#470,.T.);
#516 = ORIENTED_EDGE('',*,*,#517,.F.);
#517 = EDGE_CURVE('',#518,#464,#520,.T.);
#518 = VERTEX_POINT('',#519);
#519 = CARTESIAN_POINT('',(0.1125,-0.618438350236,0.725000871504));
#520 = B_SPLINE_CURVE_WITH_KNOTS('',1,(#521,#522),.UNSPECIFIED.,.F.,.F.,
  (2,2),(-7.528648781579E-02,-3.699975396134E-14),
  .PIECEWISE_BEZIER_KNOTS.);
#521 = CARTESIAN_POINT('',(0.1125,-0.618438350236,0.725000871504));
#522 = CARTESIAN_POINT('',(0.1125,-0.625,0.800000871504));
#523 = ORIENTED_EDGE('',*,*,#524,.F.);
#524 = EDGE_CURVE('',#525,#518,#527,.T.);
#525 = VERTEX_POINT('',#526);
#526 = CARTESIAN_POINT('',(-0.1125,-0.618438350236,0.725000871504));
#527 = B_SPLINE_CURVE_WITH_KNOTS('',1,(#528,#529),.UNSPECIFIED.,.F.,.F.,
  (2,2),(0.8875,1.1125),.PIECEWISE_BEZIER_KNOTS.);
#528 = CARTESIAN_POINT('',(-0.1125,-0.618438350236,0.725000871504));
#529 = CARTESIAN_POINT('',(0.1125,-0.618438350236,0.725000871504));
#530 = ORIENTED_EDGE('',*,*,#531,.T.);
#531 = EDGE_CURVE('',#525,#443,#532,.T.);
#532 = B_SPLINE_CURVE_WITH_KNOTS('',1,(#533,#534),.UNSPECIFIED.,.F.,.F.,
  (2,2),(-7.528648781579E-02,-3.671914325559E-14),
  .PIECEWISE_BEZIER_KNOTS.);
#533 = CARTESIAN_POINT('',(-0.1125,-0.618438350236,0.725000871504));
#534 = CARTESIAN_POINT('',(-0.1125,-0.625,0.800000871504));
#535 = ORIENTED_EDGE('',*,*,#442,.T.);
#536 = ORIENTED_EDGE('',*,*,#537,.F.);
#537 = EDGE_CURVE('',#538,#436,#540,.T.);
#538 = VERTEX_POINT('',#539);
#539 = CARTESIAN_POINT('',(-0.5375,-0.618438350236,0.725000871504));
#540 = B_SPLINE_CURVE_WITH_KNOTS('',1,(#541,#542),.UNSPECIFIED.,.F.,.F.,
  (2,2),(-7.528648781579E-02,-3.699975396134E-14),
  .PIECEWISE_BEZIER_KNOTS.);
#541 = CARTESIAN_POINT('',(-0.5375,-0.618438350236,0.725000871504));
#542 = CARTESIAN_POINT('',(-0.5375,-0.625,0.800000871504));
#543 = ORIENTED_EDGE('',*,*,#544,.F.);
#544 = EDGE_CURVE('',#545,#538,#547,.T.);
#545 = VERTEX_POINT('',#546);
#546 = CARTESIAN_POINT('',(-0.7625,-0.618438350236,0.725000871504));
#547 = B_SPLINE_CURVE_WITH_KNOTS('',1,(#548,#549),.UNSPECIFIED.,.F.,.F.,
  (2,2),(0.2375,0.4625),.PIECEWISE_BEZIER_KNOTS.);
#548 = CARTESIAN_POINT('',(-0.7625,-0.618438350236,0.725000871504));
#549 = CARTESIAN_POINT('',(-0.5375,-0.618438350236,0.725000871504));
#550 = ORIENTED_EDGE('',*,*,#551,.T.);
#551 = EDGE_CURVE('',#545,#415,#552,.T.);
#552 = B_SPLINE_CURVE_WITH_KNOTS('',1,(#553,#554),.UNSPECIFIED.,.F.,.F.,
  (2,2),(-7.528648781579E-02,-3.671914325559E-14),
  .PIECEWISE_BEZIER_KNOTS.);
#553 = CARTESIAN_POINT('',(-0.7625,-0.618438350236,0.725000871504));
#554 = CARTESIAN_POINT('',(-0.7625,-0.625,0.800000871504));
#555 = ORIENTED_EDGE('',*,*,#414,.T.);
#556 = ORIENTED_EDGE('',*,*,#557,.T.);
#557 = EDGE_CURVE('',#408,#558,#560,.T.);
#558 = VERTEX_POINT('',#559);
#559 = CARTESIAN_POINT('',(-0.892941376831,-0.567751111736,
    0.145643084367));
#560 = B_SPLINE_CURVE_WITH_KNOTS('',1,(#561,#562),.UNSPECIFIED.,.F.,.F.,
  (2,2),(4.324809623083E-03,0.663672202127),.PIECEWISE_BEZIER_KNOTS.);
#561 = CARTESIAN_POINT('',(-0.950190265095,-0.625,0.800000871504));
#562 = CARTESIAN_POINT('',(-0.892941376831,-0.567751111736,
    0.145643084367));
#563 = ORIENTED_EDGE('',*,*,#564,.T.);
#564 = EDGE_CURVE('',#558,#565,#567,.T.);
#565 = VERTEX_POINT('',#566);
#566 = CARTESIAN_POINT('',(0.892941376831,-0.567751111736,0.145643084367
    ));
#567 = B_SPLINE_CURVE_WITH_KNOTS('',1,(#568,#569),.UNSPECIFIED.,.F.,.F.,
  (2,2),(-1.831699312363,-4.581655870087E-02),.PIECEWISE_BEZIER_KNOTS.);
#568 = CARTESIAN_POINT('',(-0.892941376831,-0.567751111736,
    0.145643084367));
#569 = CARTESIAN_POINT('',(0.892941376831,-0.567751111736,0.145643084367
    ));
#570 = ORIENTED_EDGE('',*,*,#571,.T.);
#571 = EDGE_CURVE('',#565,#373,#572,.T.);
#572 = B_SPLINE_CURVE_WITH_KNOTS('',1,(#573,#574),.UNSPECIFIED.,.F.,.F.,
  (2,2),(-0.490019014399,0.169328378105),.PIECEWISE_BEZIER_KNOTS.);
#573 = CARTESIAN_POINT('',(0.892941376831,-0.567751111736,0.145643084367
    ));
#574 = CARTESIAN_POINT('',(0.950190265095,-0.625,0.800000871504));
#575 = ORIENTED_EDGE('',*,*,#372,.T.);
#576 = B_SPLINE_SURFACE_WITH_KNOTS('',1,1,(
    (#577,#578)
    ,(#579,#580
    )),.UNSPECIFIED.,.F.,.F.,.F.,(2,2),(2,2),(4.980973490459E-02,
    1.950190265095),(3.665783383896E-14,0.65685732758),
  .PIECEWISE_BEZIER_KNOTS.);
#577 = CARTESIAN_POINT('',(-0.950190265095,-0.625,0.800000871504));
#578 = CARTESIAN_POINT('',(-0.950190265095,-0.567751111736,
    0.145643084367));
#579 = CARTESIAN_POINT('',(0.950190265095,-0.625,0.800000871504));
#580 = CARTESIAN_POINT('',(0.950190265095,-0.567751111736,0.145643084367
    ));
#581 = ADVANCED_FACE('',(#582),#604,.F.);
#582 = FACE_BOUND('',#583,.T.);
#583 = EDGE_LOOP('',(#584,#585,#592,#599));
#584 = ORIENTED_EDGE('',*,*,#350,.T.);
#585 = ORIENTED_EDGE('',*,*,#586,.T.);
#586 = EDGE_CURVE('',#344,#587,#589,.T.);
#587 = VERTEX_POINT('',#588);
#588 = CARTESIAN_POINT('',(0.942751111736,-0.517941376831,0.145643084367
    ));
#589 = B_SPLINE_CURVE_WITH_KNOTS('',1,(#590,#591),.UNSPECIFIED.,.F.,.F.,
  (2,2),(-0.104208432707,0.555138959797),.PIECEWISE_BEZIER_KNOTS.);
#590 = CARTESIAN_POINT('',(1.,-0.575190265095,0.800000871504));
#591 = CARTESIAN_POINT('',(0.942751111736,-0.517941376831,0.145643084367
    ));
#592 = ORIENTED_EDGE('',*,*,#593,.T.);
#593 = EDGE_CURVE('',#587,#594,#596,.T.);
#594 = VERTEX_POINT('',#595);
#595 = CARTESIAN_POINT('',(0.942751111736,0.517941376831,0.145643084367)
  );
#596 = B_SPLINE_CURVE_WITH_KNOTS('',1,(#597,#598),.UNSPECIFIED.,.F.,.F.,
  (2,2),(-1.081699312363,-4.581655870087E-02),.PIECEWISE_BEZIER_KNOTS.);
#597 = CARTESIAN_POINT('',(0.942751111736,-0.517941376831,0.145643084367
    ));
#598 = CARTESIAN_POINT('',(0.942751111736,0.517941376831,0.145643084367)
  );
#599 = ORIENTED_EDGE('',*,*,#600,.T.);
#600 = EDGE_CURVE('',#594,#316,#601,.T.);
#601 = B_SPLINE_CURVE_WITH_KNOTS('',1,(#602,#603),.UNSPECIFIED.,.F.,.F.,
  (2,2),(-0.663672202127,-4.324809623083E-03),.PIECEWISE_BEZIER_KNOTS.);
#602 = CARTESIAN_POINT('',(0.942751111736,0.517941376831,0.145643084367)
  );
#603 = CARTESIAN_POINT('',(1.,0.575190265095,0.800000871504));
#604 = B_SPLINE_SURFACE_WITH_KNOTS('',1,1,(
    (#605,#606)
    ,(#607,#608
    )),.UNSPECIFIED.,.F.,.F.,.F.,(2,2),(2,2),(-1.200190265095,
    -4.980973490459E-02),(3.666840804743E-14,0.65685732758),
  .PIECEWISE_BEZIER_KNOTS.);
#605 = CARTESIAN_POINT('',(1.,-0.575190265095,0.800000871504));
#606 = CARTESIAN_POINT('',(0.942751111736,-0.575190265095,0.145643084367
    ));
#607 = CARTESIAN_POINT('',(1.,0.575190265095,0.800000871504));
#608 = CARTESIAN_POINT('',(0.942751111736,0.575190265095,0.145643084367)
  );
#609 = ADVANCED_FACE('',(#610),#632,.F.);
#610 = FACE_BOUND('',#611,.T.);
#611 = EDGE_LOOP('',(#612,#613,#620,#627));
#612 = ORIENTED_EDGE('',*,*,#286,.T.);
#613 = ORIENTED_EDGE('',*,*,#614,.T.);
#614 = EDGE_CURVE('',#280,#615,#617,.T.);
#615 = VERTEX_POINT('',#616);
#616 = CARTESIAN_POINT('',(-0.942751111736,0.517941376831,0.145643084367
    ));
#617 = B_SPLINE_CURVE_WITH_KNOTS('',1,(#618,#619),.UNSPECIFIED.,.F.,.F.,
  (2,2),(4.324809623083E-03,0.663672202127),.PIECEWISE_BEZIER_KNOTS.);
#618 = CARTESIAN_POINT('',(-1.,0.575190265095,0.800000871504));
#619 = CARTESIAN_POINT('',(-0.942751111736,0.517941376831,0.145643084367
    ));
#620 = ORIENTED_EDGE('',*,*,#621,.T.);
#621 = EDGE_CURVE('',#615,#622,#624,.T.);
#622 = VERTEX_POINT('',#623);
#623 = CARTESIAN_POINT('',(-0.942751111736,-0.517941376831,
    0.145643084367));
#624 = B_SPLINE_CURVE_WITH_KNOTS('',1,(#625,#626),.UNSPECIFIED.,.F.,.F.,
  (2,2),(-1.081699312363,-4.581655870087E-02),.PIECEWISE_BEZIER_KNOTS.);
#625 = CARTESIAN_POINT('',(-0.942751111736,0.517941376831,0.145643084367
    ));
#626 = CARTESIAN_POINT('',(-0.942751111736,-0.517941376831,
    0.145643084367));
#627 = ORIENTED_EDGE('',*,*,#628,.T.);
#628 = EDGE_CURVE('',#622,#287,#629,.T.);
#629 = B_SPLINE_CURVE_WITH_KNOTS('',1,(#630,#631),.UNSPECIFIED.,.F.,.F.,
  (2,2),(-0.555138959797,0.104208432707),.PIECEWISE_BEZIER_KNOTS.);
#630 = CARTESIAN_POINT('',(-0.942751111736,-0.517941376831,
    0.145643084367));
#631 = CARTESIAN_POINT('',(-1.,-0.575190265095,0.800000871504));
#632 = B_SPLINE_SURFACE_WITH_KNOTS('',1,1,(
    (#633,#634)
    ,(#635,#636
    )),.UNSPECIFIED.,.F.,.F.,.F.,(2,2),(2,2),(4.980973490459E-02,
    1.200190265095),(3.666795447409E-14,0.65685732758),
  .PIECEWISE_BEZIER_KNOTS.);
#633 = CARTESIAN_POINT('',(-1.,0.575190265095,0.800000871504));
#634 = CARTESIAN_POINT('',(-0.942751111736,0.575190265095,0.145643084367
    ));
#635 = CARTESIAN_POINT('',(-1.,-0.575190265095,0.800000871504));
#636 = CARTESIAN_POINT('',(-0.942751111736,-0.575190265095,
    0.145643084367));
#637 = ADVANCED_FACE('',(#638),#720,.F.);
#638 = FACE_BOUND('',#639,.T.);
#639 = EDGE_LOOP('',(#640,#647,#648,#655,#662,#667,#668,#675,#682,#687,
    #688,#695,#702,#707,#708,#715));
#640 = ORIENTED_EDGE('',*,*,#641,.F.);
#641 = EDGE_CURVE('',#132,#642,#644,.T.);
#642 = VERTEX_POINT('',#643);
#643 = CARTESIAN_POINT('',(0.7625,0.618438350236,0.725000871504));
#644 = B_SPLINE_CURVE_WITH_KNOTS('',1,(#645,#646),.UNSPECIFIED.,.F.,.F.,
  (2,2),(3.699975396134E-14,7.528648781579E-02),
  .PIECEWISE_BEZIER_KNOTS.);
#645 = CARTESIAN_POINT('',(0.7625,0.625,0.800000871504));
#646 = CARTESIAN_POINT('',(0.7625,0.618438350236,0.725000871504));
#647 = ORIENTED_EDGE('',*,*,#250,.T.);
#648 = ORIENTED_EDGE('',*,*,#649,.T.);
#649 = EDGE_CURVE('',#244,#650,#652,.T.);
#650 = VERTEX_POINT('',#651);
#651 = CARTESIAN_POINT('',(0.892941376831,0.567751111736,0.145643084367)
  );
#652 = B_SPLINE_CURVE_WITH_KNOTS('',1,(#653,#654),.UNSPECIFIED.,.F.,.F.,
  (2,2),(-0.169328378105,0.490019014399),.PIECEWISE_BEZIER_KNOTS.);
#653 = CARTESIAN_POINT('',(0.950190265095,0.625,0.800000871504));
#654 = CARTESIAN_POINT('',(0.892941376831,0.567751111736,0.145643084367)
  );
#655 = ORIENTED_EDGE('',*,*,#656,.T.);
#656 = EDGE_CURVE('',#650,#657,#659,.T.);
#657 = VERTEX_POINT('',#658);
#658 = CARTESIAN_POINT('',(-0.892941376831,0.567751111736,0.145643084367
    ));
#659 = B_SPLINE_CURVE_WITH_KNOTS('',1,(#660,#661),.UNSPECIFIED.,.F.,.F.,
  (2,2),(-1.831699312363,-4.581655870087E-02),.PIECEWISE_BEZIER_KNOTS.);
#660 = CARTESIAN_POINT('',(0.892941376831,0.567751111736,0.145643084367)
  );
#661 = CARTESIAN_POINT('',(-0.892941376831,0.567751111736,0.145643084367
    ));
#662 = ORIENTED_EDGE('',*,*,#663,.T.);
#663 = EDGE_CURVE('',#657,#209,#664,.T.);
#664 = B_SPLINE_CURVE_WITH_KNOTS('',1,(#665,#666),.UNSPECIFIED.,.F.,.F.,
  (2,2),(-0.663672202127,-4.324809623083E-03),.PIECEWISE_BEZIER_KNOTS.);
#665 = CARTESIAN_POINT('',(-0.892941376831,0.567751111736,0.145643084367
    ));
#666 = CARTESIAN_POINT('',(-0.950190265095,0.625,0.800000871504));
#667 = ORIENTED_EDGE('',*,*,#208,.T.);
#668 = ORIENTED_EDGE('',*,*,#669,.T.);
#669 = EDGE_CURVE('',#202,#670,#672,.T.);
#670 = VERTEX_POINT('',#671);
#671 = CARTESIAN_POINT('',(-0.7625,0.618438350236,0.725000871504));
#672 = B_SPLINE_CURVE_WITH_KNOTS('',1,(#673,#674),.UNSPECIFIED.,.F.,.F.,
  (2,2),(3.699975396134E-14,7.528648781579E-02),
  .PIECEWISE_BEZIER_KNOTS.);
#673 = CARTESIAN_POINT('',(-0.7625,0.625,0.800000871504));
#674 = CARTESIAN_POINT('',(-0.7625,0.618438350236,0.725000871504));
#675 = ORIENTED_EDGE('',*,*,#676,.T.);
#676 = EDGE_CURVE('',#670,#677,#679,.T.);
#677 = VERTEX_POINT('',#678);
#678 = CARTESIAN_POINT('',(-0.5375,0.618438350236,0.725000871504));
#679 = B_SPLINE_CURVE_WITH_KNOTS('',1,(#680,#681),.UNSPECIFIED.,.F.,.F.,
  (2,2),(0.2375,0.4625),.PIECEWISE_BEZIER_KNOTS.);
#680 = CARTESIAN_POINT('',(-0.7625,0.618438350236,0.725000871504));
#681 = CARTESIAN_POINT('',(-0.5375,0.618438350236,0.725000871504));
#682 = ORIENTED_EDGE('',*,*,#683,.F.);
#683 = EDGE_CURVE('',#181,#677,#684,.T.);
#684 = B_SPLINE_CURVE_WITH_KNOTS('',1,(#685,#686),.UNSPECIFIED.,.F.,.F.,
  (2,2),(3.699975396134E-14,7.528648781579E-02),
  .PIECEWISE_BEZIER_KNOTS.);
#685 = CARTESIAN_POINT('',(-0.5375,0.625,0.800000871504));
#686 = CARTESIAN_POINT('',(-0.5375,0.618438350236,0.725000871504));
#687 = ORIENTED_EDGE('',*,*,#180,.T.);
#688 = ORIENTED_EDGE('',*,*,#689,.T.);
#689 = EDGE_CURVE('',#174,#690,#692,.T.);
#690 = VERTEX_POINT('',#691);
#691 = CARTESIAN_POINT('',(-0.1125,0.618438350236,0.725000871504));
#692 = B_SPLINE_CURVE_WITH_KNOTS('',1,(#693,#694),.UNSPECIFIED.,.F.,.F.,
  (2,2),(3.699975396134E-14,7.528648781579E-02),
  .PIECEWISE_BEZIER_KNOTS.);
#693 = CARTESIAN_POINT('',(-0.1125,0.625,0.800000871504));
#694 = CARTESIAN_POINT('',(-0.1125,0.618438350236,0.725000871504));
#695 = ORIENTED_EDGE('',*,*,#696,.T.);
#696 = EDGE_CURVE('',#690,#697,#699,.T.);
#697 = VERTEX_POINT('',#698);
#698 = CARTESIAN_POINT('',(0.1125,0.618438350236,0.725000871504));
#699 = B_SPLINE_CURVE_WITH_KNOTS('',1,(#700,#701),.UNSPECIFIED.,.F.,.F.,
  (2,2),(0.8875,1.1125),.PIECEWISE_BEZIER_KNOTS.);
#700 = CARTESIAN_POINT('',(-0.1125,0.618438350236,0.725000871504));
#701 = CARTESIAN_POINT('',(0.1125,0.618438350236,0.725000871504));
#702 = ORIENTED_EDGE('',*,*,#703,.F.);
#703 = EDGE_CURVE('',#153,#697,#704,.T.);
#704 = B_SPLINE_CURVE_WITH_KNOTS('',1,(#705,#706),.UNSPECIFIED.,.F.,.F.,
  (2,2),(3.699975396134E-14,7.528648781579E-02),
  .PIECEWISE_BEZIER_KNOTS.);
#705 = CARTESIAN_POINT('',(0.1125,0.625,0.800000871504));
#706 = CARTESIAN_POINT('',(0.1125,0.618438350236,0.725000871504));
#707 = ORIENTED_EDGE('',*,*,#152,.T.);
#708 = ORIENTED_EDGE('',*,*,#709,.T.);
#709 = EDGE_CURVE('',#146,#710,#712,.T.);
#710 = VERTEX_POINT('',#711);
#711 = CARTESIAN_POINT('',(0.5375,0.618438350236,0.725000871504));
#712 = B_SPLINE_CURVE_WITH_KNOTS('',1,(#713,#714),.UNSPECIFIED.,.F.,.F.,
  (2,2),(3.699975396134E-14,7.528648781579E-02),
  .PIECEWISE_BEZIER_KNOTS.);
#713 = CARTESIAN_POINT('',(0.5375,0.625,0.800000871504));
#714 = CARTESIAN_POINT('',(0.5375,0.618438350236,0.725000871504));
#715 = ORIENTED_EDGE('',*,*,#716,.T.);
#716 = EDGE_CURVE('',#710,#642,#717,.T.);
#717 = B_SPLINE_CURVE_WITH_KNOTS('',1,(#718,#719),.UNSPECIFIED.,.F.,.F.,
  (2,2),(1.5375,1.7625),.PIECEWISE_BEZIER_KNOTS.);
#718 = CARTESIAN_POINT('',(0.5375,0.618438350236,0.725000871504));
#719 = CARTESIAN_POINT('',(0.7625,0.618438350236,0.725000871504));
#720 = B_SPLINE_SURFACE_WITH_KNOTS('',1,1,(
    (#721,#722)
    ,(#723,#724
    )),.UNSPECIFIED.,.F.,.F.,.F.,(2,2),(2,2),(-1.950190265095,
    -4.980973490459E-02),(3.666795447409E-14,0.65685732758),
  .PIECEWISE_BEZIER_KNOTS.);
#721 = CARTESIAN_POINT('',(0.950190265095,0.625,0.800000871504));
#722 = CARTESIAN_POINT('',(0.950190265095,0.567751111736,0.145643084367)
  );
#723 = CARTESIAN_POINT('',(-0.950190265095,0.625,0.800000871504));
#724 = CARTESIAN_POINT('',(-0.950190265095,0.567751111736,0.145643084367
    ));
#725 = ADVANCED_FACE('',(#726),#764,.T.);
#726 = FACE_BOUND('',#727,.T.);
#727 = EDGE_LOOP('',(#728,#736,#737,#743,#744,#750,#751,#759));
#728 = ORIENTED_EDGE('',*,*,#729,.F.);
#729 = EDGE_CURVE('',#24,#730,#732,.T.);
#730 = VERTEX_POINT('',#731);
#731 = CARTESIAN_POINT('',(-0.579620210946,0.542534108824,1.099900871504
    ));
#732 = ( BOUNDED_CURVE() B_SPLINE_CURVE(2,(#733,#734,#735),
.UNSPECIFIED.,.F.,.F.) B_SPLINE_CURVE_WITH_KNOTS((3,3),(3.14159265359,
3.204848752465),.PIECEWISE_BEZIER_KNOTS.) CURVE() 
GEOMETRIC_REPRESENTATION_ITEM() RATIONAL_B_SPLINE_CURVE((1.,
0.999499874937,1.)) REPRESENTATION_ITEM('') );
#733 = CARTESIAN_POINT('',(-0.579620210946,0.539373412698,1.100000871504
    ));
#734 = CARTESIAN_POINT('',(-0.579620210946,0.540955342691,1.100000871504
    ));
#735 = CARTESIAN_POINT('',(-0.579620210946,0.542534108824,1.099900871504
    ));
#736 = ORIENTED_EDGE('',*,*,#44,.F.);
#737 = ORIENTED_EDGE('',*,*,#738,.F.);
#738 = EDGE_CURVE('',#230,#38,#739,.T.);
#739 = ( BOUNDED_CURVE() B_SPLINE_CURVE(2,(#740,#741,#742),
.UNSPECIFIED.,.F.,.F.) B_SPLINE_CURVE_WITH_KNOTS((3,3),(1.710422666954,
3.14159265359),.PIECEWISE_BEZIER_KNOTS.) CURVE() 
GEOMETRIC_REPRESENTATION_ITEM() RATIONAL_B_SPLINE_CURVE((1.,
0.754709580223,1.)) REPRESENTATION_ITEM('') );
#740 = CARTESIAN_POINT('',(0.914373412698,0.588886816136,1.056959526552)
  );
#741 = CARTESIAN_POINT('',(0.914373412698,0.582837749589,1.100000871504)
  );
#742 = CARTESIAN_POINT('',(0.914373412698,0.539373412698,1.100000871504)
  );
#743 = ORIENTED_EDGE('',*,*,#229,.F.);
#744 = ORIENTED_EDGE('',*,*,#745,.F.);
#745 = EDGE_CURVE('',#67,#223,#746,.T.);
#746 = ( BOUNDED_CURVE() B_SPLINE_CURVE(2,(#747,#748,#749),
.UNSPECIFIED.,.F.,.F.) B_SPLINE_CURVE_WITH_KNOTS((3,3),(0.,
1.431169986635),.PIECEWISE_BEZIER_KNOTS.) CURVE() 
GEOMETRIC_REPRESENTATION_ITEM() RATIONAL_B_SPLINE_CURVE((1.,
0.754709580223,1.)) REPRESENTATION_ITEM('') );
#747 = CARTESIAN_POINT('',(-0.914373412698,0.539373412698,1.100000871504
    ));
#748 = CARTESIAN_POINT('',(-0.914373412698,0.582837749589,1.100000871504
    ));
#749 = CARTESIAN_POINT('',(-0.914373412698,0.588886816136,1.056959526552
    ));
#750 = ORIENTED_EDGE('',*,*,#66,.F.);
#751 = ORIENTED_EDGE('',*,*,#752,.F.);
#752 = EDGE_CURVE('',#753,#58,#755,.T.);
#753 = VERTEX_POINT('',#754);
#754 = CARTESIAN_POINT('',(-0.789595834533,0.542534108824,1.099900871504
    ));
#755 = ( BOUNDED_CURVE() B_SPLINE_CURVE(2,(#756,#757,#758),
.UNSPECIFIED.,.F.,.F.) B_SPLINE_CURVE_WITH_KNOTS((3,3),(6.219929208304,
6.28318530718),.PIECEWISE_BEZIER_KNOTS.) CURVE() 
GEOMETRIC_REPRESENTATION_ITEM() RATIONAL_B_SPLINE_CURVE((1.,
0.999499874937,1.)) REPRESENTATION_ITEM('') );
#756 = CARTESIAN_POINT('',(-0.789595834533,0.542534108824,1.099900871504
    ));
#757 = CARTESIAN_POINT('',(-0.789595834533,0.540955342691,1.100000871504
    ));
#758 = CARTESIAN_POINT('',(-0.789595834533,0.539373412698,1.100000871504
    ));
#759 = ORIENTED_EDGE('',*,*,#760,.F.);
#760 = EDGE_CURVE('',#730,#753,#761,.T.);
#761 = B_SPLINE_CURVE_WITH_KNOTS('',1,(#762,#763),.UNSPECIFIED.,.F.,.F.,
  (2,2),(0.579620210946,0.789595834533),.PIECEWISE_BEZIER_KNOTS.);
#762 = CARTESIAN_POINT('',(-0.579620210946,0.542534108824,1.099900871504
    ));
#763 = CARTESIAN_POINT('',(-0.789595834533,0.542534108824,1.099900871504
    ));
#764 = ( BOUNDED_SURFACE() B_SPLINE_SURFACE(2,1,(
    (#765,#766)
    ,(#767,#768)
,(#769,#770
    )),.UNSPECIFIED.,.F.,.F.,.F.) B_SPLINE_SURFACE_WITH_KNOTS((3,3),(2,2
    ),(0.,1.431169986635),(-0.914373412698,0.914373412698),
.PIECEWISE_BEZIER_KNOTS.) GEOMETRIC_REPRESENTATION_ITEM() 
RATIONAL_B_SPLINE_SURFACE((
    (1.,1.)
    ,(0.754709580223,0.754709580223)
,(1.,1.))) REPRESENTATION_ITEM('') SURFACE() );
#765 = CARTESIAN_POINT('',(0.914373412698,0.539373412698,1.100000871504)
  );
#766 = CARTESIAN_POINT('',(-0.914373412698,0.539373412698,1.100000871504
    ));
#767 = CARTESIAN_POINT('',(0.914373412698,0.582837749589,1.100000871504)
  );
#768 = CARTESIAN_POINT('',(-0.914373412698,0.582837749589,1.100000871504
    ));
#769 = CARTESIAN_POINT('',(0.914373412698,0.588886816136,1.056959526552)
  );
#770 = CARTESIAN_POINT('',(-0.914373412698,0.588886816136,1.056959526552
    ));
#771 = ADVANCED_FACE('',(#772),#787,.T.);
#772 = FACE_BOUND('',#773,.T.);
#773 = EDGE_LOOP('',(#774,#780,#781));
#774 = ORIENTED_EDGE('',*,*,#775,.F.);
#775 = EDGE_CURVE('',#230,#323,#776,.T.);
#776 = ( BOUNDED_CURVE() B_SPLINE_CURVE(2,(#777,#778,#779),
.UNSPECIFIED.,.F.,.F.) B_SPLINE_CURVE_WITH_KNOTS((3,3),(3.14159265359,
4.693018617048),.PIECEWISE_BEZIER_KNOTS.) CURVE() 
GEOMETRIC_REPRESENTATION_ITEM() RATIONAL_B_SPLINE_CURVE((1.,
0.713921967736,1.)) REPRESENTATION_ITEM('') );
#777 = CARTESIAN_POINT('',(0.914373412698,0.588886816136,1.056959526552)
  );
#778 = CARTESIAN_POINT('',(0.962946006188,0.587946006188,1.06365373717)
  );
#779 = CARTESIAN_POINT('',(0.963886816136,0.539373412698,1.056959526552)
  );
#780 = ORIENTED_EDGE('',*,*,#738,.T.);
#781 = ORIENTED_EDGE('',*,*,#782,.F.);
#782 = EDGE_CURVE('',#323,#38,#783,.T.);
#783 = ( BOUNDED_CURVE() B_SPLINE_CURVE(2,(#784,#785,#786),
.UNSPECIFIED.,.F.,.F.) B_SPLINE_CURVE_WITH_KNOTS((3,3),(3.281218993749,
4.712388980385),.PIECEWISE_BEZIER_KNOTS.) CURVE() 
GEOMETRIC_REPRESENTATION_ITEM() RATIONAL_B_SPLINE_CURVE((1.,
0.754709580223,1.)) REPRESENTATION_ITEM('') );
#784 = CARTESIAN_POINT('',(0.963886816136,0.539373412698,1.056959526552)
  );
#785 = CARTESIAN_POINT('',(0.957837749589,0.539373412698,1.100000871504)
  );
#786 = CARTESIAN_POINT('',(0.914373412698,0.539373412698,1.100000871504)
  );
#787 = ( BOUNDED_SURFACE() B_SPLINE_SURFACE(2,2,(
    (#788,#789,#790)
    ,(#791,#792,#793)
    ,(#794,#795,#796
)),.UNSPECIFIED.,.F.,.F.,.F.) B_SPLINE_SURFACE_WITH_KNOTS((3,3),(3,3),(
    3.281218993749,4.712388980385),(-2.22044604925E-15,1.431169986635),
.PIECEWISE_BEZIER_KNOTS.) GEOMETRIC_REPRESENTATION_ITEM() 
RATIONAL_B_SPLINE_SURFACE((
    (1.,0.754709580223,1.)
    ,(0.754709580223,0.56958655048,0.754709580223)
,(1.,0.754709580223,1.))) REPRESENTATION_ITEM('') SURFACE() );
#788 = CARTESIAN_POINT('',(0.914373412698,0.588886816136,1.056959526552)
  );
#789 = CARTESIAN_POINT('',(0.957837749589,0.588886816136,1.056959526552)
  );
#790 = CARTESIAN_POINT('',(0.963886816136,0.546264346594,1.050969329106)
  );
#791 = CARTESIAN_POINT('',(0.914373412698,0.582837749589,1.100000871504)
  );
#792 = CARTESIAN_POINT('',(0.957837749589,0.582837749589,1.100000871504)
  );
#793 = CARTESIAN_POINT('',(0.963886816136,0.545422479245,1.056959526552)
  );
#794 = CARTESIAN_POINT('',(0.914373412698,0.539373412698,1.100000871504)
  );
#795 = CARTESIAN_POINT('',(0.957837749589,0.539373412698,1.100000871504)
  );
#796 = CARTESIAN_POINT('',(0.963886816136,0.539373412698,1.056959526552)
  );
#797 = ADVANCED_FACE('',(#798),#813,.T.);
#798 = FACE_BOUND('',#799,.T.);
#799 = EDGE_LOOP('',(#800,#806,#807));
#800 = ORIENTED_EDGE('',*,*,#801,.F.);
#801 = EDGE_CURVE('',#67,#266,#802,.T.);
#802 = ( BOUNDED_CURVE() B_SPLINE_CURVE(2,(#803,#804,#805),
.UNSPECIFIED.,.F.,.F.) B_SPLINE_CURVE_WITH_KNOTS((3,3),(0.,
1.431169986635),.PIECEWISE_BEZIER_KNOTS.) CURVE() 
GEOMETRIC_REPRESENTATION_ITEM() RATIONAL_B_SPLINE_CURVE((1.,
0.754709580223,1.)) REPRESENTATION_ITEM('') );
#803 = CARTESIAN_POINT('',(-0.914373412698,0.539373412698,1.100000871504
    ));
#804 = CARTESIAN_POINT('',(-0.957837749589,0.539373412698,1.100000871504
    ));
#805 = CARTESIAN_POINT('',(-0.963886816136,0.539373412698,1.056959526552
    ));
#806 = ORIENTED_EDGE('',*,*,#745,.T.);
#807 = ORIENTED_EDGE('',*,*,#808,.F.);
#808 = EDGE_CURVE('',#266,#223,#809,.T.);
#809 = ( BOUNDED_CURVE() B_SPLINE_CURVE(2,(#810,#811,#812),
.UNSPECIFIED.,.F.,.F.) B_SPLINE_CURVE_WITH_KNOTS((3,3),(3.14159265359,
4.693018617048),.PIECEWISE_BEZIER_KNOTS.) CURVE() 
GEOMETRIC_REPRESENTATION_ITEM() RATIONAL_B_SPLINE_CURVE((1.,
0.713921967736,1.)) REPRESENTATION_ITEM('') );
#810 = CARTESIAN_POINT('',(-0.963886816136,0.539373412698,1.056959526552
    ));
#811 = CARTESIAN_POINT('',(-0.962946006188,0.587946006188,1.06365373717)
  );
#812 = CARTESIAN_POINT('',(-0.914373412698,0.588886816136,1.056959526552
    ));
#813 = ( BOUNDED_SURFACE() B_SPLINE_SURFACE(2,2,(
    (#814,#815,#816)
    ,(#817,#818,#819)
    ,(#820,#821,#822
)),.UNSPECIFIED.,.F.,.F.,.F.) B_SPLINE_SURFACE_WITH_KNOTS((3,3),(3,3),(
    3.281218993749,4.712388980385),(-1.431169986635,0.),
.PIECEWISE_BEZIER_KNOTS.) GEOMETRIC_REPRESENTATION_ITEM() 
RATIONAL_B_SPLINE_SURFACE((
    (1.,0.754709580223,1.)
    ,(0.754709580223,0.56958655048,0.754709580223)
,(1.,0.754709580223,1.))) REPRESENTATION_ITEM('') SURFACE() );
#814 = CARTESIAN_POINT('',(-0.963886816136,0.546264346594,1.050969329106
    ));
#815 = CARTESIAN_POINT('',(-0.957837749589,0.588886816136,1.056959526552
    ));
#816 = CARTESIAN_POINT('',(-0.914373412698,0.588886816136,1.056959526552
    ));
#817 = CARTESIAN_POINT('',(-0.963886816136,0.545422479245,1.056959526552
    ));
#818 = CARTESIAN_POINT('',(-0.957837749589,0.582837749589,1.100000871504
    ));
#819 = CARTESIAN_POINT('',(-0.914373412698,0.582837749589,1.100000871504
    ));
#820 = CARTESIAN_POINT('',(-0.963886816136,0.539373412698,1.056959526552
    ));
#821 = CARTESIAN_POINT('',(-0.957837749589,0.539373412698,1.100000871504
    ));
#822 = CARTESIAN_POINT('',(-0.914373412698,0.539373412698,1.100000871504
    ));
#823 = ADVANCED_FACE('',(#824),#835,.T.);
#824 = FACE_BOUND('',#825,.T.);
#825 = EDGE_LOOP('',(#826,#827,#828,#834));
#826 = ORIENTED_EDGE('',*,*,#782,.T.);
#827 = ORIENTED_EDGE('',*,*,#37,.F.);
#828 = ORIENTED_EDGE('',*,*,#829,.F.);
#829 = EDGE_CURVE('',#330,#31,#830,.T.);
#830 = ( BOUNDED_CURVE() B_SPLINE_CURVE(2,(#831,#832,#833),
.UNSPECIFIED.,.F.,.F.) B_SPLINE_CURVE_WITH_KNOTS((3,3),(1.710422666954,
3.14159265359),.PIECEWISE_BEZIER_KNOTS.) CURVE() 
GEOMETRIC_REPRESENTATION_ITEM() RATIONAL_B_SPLINE_CURVE((1.,
0.754709580223,1.)) REPRESENTATION_ITEM('') );
#831 = CARTESIAN_POINT('',(0.963886816136,-0.539373412698,1.056959526552
    ));
#832 = CARTESIAN_POINT('',(0.957837749589,-0.539373412698,1.100000871504
    ));
#833 = CARTESIAN_POINT('',(0.914373412698,-0.539373412698,1.100000871504
    ));
#834 = ORIENTED_EDGE('',*,*,#329,.F.);
#835 = ( BOUNDED_SURFACE() B_SPLINE_SURFACE(2,1,(
    (#836,#837)
    ,(#838,#839)
,(#840,#841
    )),.UNSPECIFIED.,.F.,.F.,.F.) B_SPLINE_SURFACE_WITH_KNOTS((3,3),(2,2
    ),(1.570796326795,3.00196631343),(-0.539373412698,0.539373412698),
.PIECEWISE_BEZIER_KNOTS.) GEOMETRIC_REPRESENTATION_ITEM() 
RATIONAL_B_SPLINE_SURFACE((
    (1.,1.)
    ,(0.754709580223,0.754709580223)
,(1.,1.))) REPRESENTATION_ITEM('') SURFACE() );
#836 = CARTESIAN_POINT('',(0.914373412698,-0.539373412698,1.100000871504
    ));
#837 = CARTESIAN_POINT('',(0.914373412698,0.539373412698,1.100000871504)
  );
#838 = CARTESIAN_POINT('',(0.957837749589,-0.539373412698,1.100000871504
    ));
#839 = CARTESIAN_POINT('',(0.957837749589,0.539373412698,1.100000871504)
  );
#840 = CARTESIAN_POINT('',(0.963886816136,-0.539373412698,1.056959526552
    ));
#841 = CARTESIAN_POINT('',(0.963886816136,0.539373412698,1.056959526552)
  );
#842 = ADVANCED_FACE('',(#843),#855,.T.);
#843 = FACE_BOUND('',#844,.T.);
#844 = EDGE_LOOP('',(#845,#846,#847,#854));
#845 = ORIENTED_EDGE('',*,*,#775,.T.);
#846 = ORIENTED_EDGE('',*,*,#322,.F.);
#847 = ORIENTED_EDGE('',*,*,#848,.F.);
#848 = EDGE_CURVE('',#237,#314,#849,.T.);
#849 = ( BOUNDED_CURVE() B_SPLINE_CURVE(3,(#850,#851,#852,#853),
.UNSPECIFIED.,.F.,.F.) B_SPLINE_CURVE_WITH_KNOTS((4,4),(2.365888331013,
3.917296976166),.PIECEWISE_BEZIER_KNOTS.) CURVE() 
GEOMETRIC_REPRESENTATION_ITEM() RATIONAL_B_SPLINE_CURVE((1.,
0.809285354044,0.809285354044,1.)) REPRESENTATION_ITEM('') );
#850 = CARTESIAN_POINT('',(0.950486596563,0.625,0.800000871504));
#851 = CARTESIAN_POINT('',(0.979500466735,0.624894165965,0.800752125328)
  );
#852 = CARTESIAN_POINT('',(0.999894165965,0.604500466735,0.800752125328)
  );
#853 = CARTESIAN_POINT('',(1.,0.575486596563,0.800000871504));
#854 = ORIENTED_EDGE('',*,*,#236,.F.);
#855 = ( BOUNDED_SURFACE() B_SPLINE_SURFACE(2,1,(
    (#856,#857)
    ,(#858,#859)
,(#860,#861
    )),.UNSPECIFIED.,.F.,.F.,.F.) B_SPLINE_SURFACE_WITH_KNOTS((3,3),(2,2
    ),(0.,1.551425963458),(-0.381691830018,-0.117399099616),
.PIECEWISE_BEZIER_KNOTS.) GEOMETRIC_REPRESENTATION_ITEM() 
RATIONAL_B_SPLINE_SURFACE((
    (1.,1.)
    ,(0.713921967736,0.713921967736)
,(1.,1.))) REPRESENTATION_ITEM('') SURFACE() );
#856 = CARTESIAN_POINT('',(1.00031812532,0.575804721883,0.797737292233)
  );
#857 = CARTESIAN_POINT('',(0.963886816136,0.539373412698,1.056959526552)
  );
#858 = CARTESIAN_POINT('',(0.999377315372,0.624377315372,0.80443150285)
  );
#859 = CARTESIAN_POINT('',(0.962946006188,0.587946006188,1.06365373717)
  );
#860 = CARTESIAN_POINT('',(0.950804721883,0.62531812532,0.797737292233)
  );
#861 = CARTESIAN_POINT('',(0.914373412698,0.588886816136,1.056959526552)
  );
#862 = ADVANCED_FACE('',(#863),#875,.T.);
#863 = FACE_BOUND('',#864,.T.);
#864 = EDGE_LOOP('',(#865,#866,#867,#874));
#865 = ORIENTED_EDGE('',*,*,#808,.T.);
#866 = ORIENTED_EDGE('',*,*,#222,.F.);
#867 = ORIENTED_EDGE('',*,*,#868,.F.);
#868 = EDGE_CURVE('',#273,#216,#869,.T.);
#869 = ( BOUNDED_CURVE() B_SPLINE_CURVE(3,(#870,#871,#872,#873),
.UNSPECIFIED.,.F.,.F.) B_SPLINE_CURVE_WITH_KNOTS((4,4),(5.507480984603,
7.058889629756),.PIECEWISE_BEZIER_KNOTS.) CURVE() 
GEOMETRIC_REPRESENTATION_ITEM() RATIONAL_B_SPLINE_CURVE((1.,
0.809285354044,0.809285354044,1.)) REPRESENTATION_ITEM('') );
#870 = CARTESIAN_POINT('',(-1.,0.575486596563,0.800000871504));
#871 = CARTESIAN_POINT('',(-0.999894165965,0.604500466735,0.800752125328
    ));
#872 = CARTESIAN_POINT('',(-0.979500466735,0.624894165965,0.800752125328
    ));
#873 = CARTESIAN_POINT('',(-0.950486596563,0.625,0.800000871504));
#874 = ORIENTED_EDGE('',*,*,#272,.F.);
#875 = ( BOUNDED_SURFACE() B_SPLINE_SURFACE(2,1,(
    (#876,#877)
    ,(#878,#879)
,(#880,#881
    )),.UNSPECIFIED.,.F.,.F.,.F.) B_SPLINE_SURFACE_WITH_KNOTS((3,3),(2,2
    ),(0.,1.551425963458),(0.117399099616,0.381691830018),
.PIECEWISE_BEZIER_KNOTS.) GEOMETRIC_REPRESENTATION_ITEM() 
RATIONAL_B_SPLINE_SURFACE((
    (1.,1.)
    ,(0.713921967736,0.713921967736)
,(1.,1.))) REPRESENTATION_ITEM('') SURFACE() );
#876 = CARTESIAN_POINT('',(-0.963886816136,0.539373412698,1.056959526552
    ));
#877 = CARTESIAN_POINT('',(-1.00031812532,0.575804721883,0.797737292233)
  );
#878 = CARTESIAN_POINT('',(-0.962946006188,0.587946006188,1.06365373717)
  );
#879 = CARTESIAN_POINT('',(-0.999377315372,0.624377315372,0.80443150285)
  );
#880 = CARTESIAN_POINT('',(-0.914373412698,0.588886816136,1.056959526552
    ));
#881 = CARTESIAN_POINT('',(-0.950804721883,0.62531812532,0.797737292233)
  );
#882 = ADVANCED_FACE('',(#883),#894,.T.);
#883 = FACE_BOUND('',#884,.T.);
#884 = EDGE_LOOP('',(#885,#886,#887,#893));
#885 = ORIENTED_EDGE('',*,*,#801,.T.);
#886 = ORIENTED_EDGE('',*,*,#263,.F.);
#887 = ORIENTED_EDGE('',*,*,#888,.F.);
#888 = EDGE_CURVE('',#74,#264,#889,.T.);
#889 = ( BOUNDED_CURVE() B_SPLINE_CURVE(2,(#890,#891,#892),
.UNSPECIFIED.,.F.,.F.) B_SPLINE_CURVE_WITH_KNOTS((3,3),(1.570796326795,
3.00196631343),.PIECEWISE_BEZIER_KNOTS.) CURVE() 
GEOMETRIC_REPRESENTATION_ITEM() RATIONAL_B_SPLINE_CURVE((1.,
0.754709580223,1.)) REPRESENTATION_ITEM('') );
#890 = CARTESIAN_POINT('',(-0.914373412698,-0.539373412698,
    1.100000871504));
#891 = CARTESIAN_POINT('',(-0.957837749589,-0.539373412698,
    1.100000871504));
#892 = CARTESIAN_POINT('',(-0.963886816136,-0.539373412698,
    1.056959526552));
#893 = ORIENTED_EDGE('',*,*,#73,.F.);
#894 = ( BOUNDED_SURFACE() B_SPLINE_SURFACE(2,1,(
    (#895,#896)
    ,(#897,#898)
,(#899,#900
    )),.UNSPECIFIED.,.F.,.F.,.F.) B_SPLINE_SURFACE_WITH_KNOTS((3,3),(2,2
    ),(1.570796326795,3.00196631343),(-0.539373412698,0.539373412698),
.PIECEWISE_BEZIER_KNOTS.) GEOMETRIC_REPRESENTATION_ITEM() 
RATIONAL_B_SPLINE_SURFACE((
    (1.,1.)
    ,(0.754709580223,0.754709580223)
,(1.,1.))) REPRESENTATION_ITEM('') SURFACE() );
#895 = CARTESIAN_POINT('',(-0.914373412698,0.539373412698,1.100000871504
    ));
#896 = CARTESIAN_POINT('',(-0.914373412698,-0.539373412698,
    1.100000871504));
#897 = CARTESIAN_POINT('',(-0.957837749589,0.539373412698,1.100000871504
    ));
#898 = CARTESIAN_POINT('',(-0.957837749589,-0.539373412698,
    1.100000871504));
#899 = CARTESIAN_POINT('',(-0.963886816136,0.539373412698,1.056959526552
    ));
#900 = CARTESIAN_POINT('',(-0.963886816136,-0.539373412698,
    1.056959526552));
#901 = ADVANCED_FACE('',(#902),#940,.T.);
#902 = FACE_BOUND('',#903,.T.);
#903 = EDGE_LOOP('',(#904,#912,#919,#925,#926,#932,#933,#939));
#904 = ORIENTED_EDGE('',*,*,#905,.F.);
#905 = EDGE_CURVE('',#906,#22,#908,.T.);
#906 = VERTEX_POINT('',#907);
#907 = CARTESIAN_POINT('',(-0.579620210946,-0.542534108824,
    1.099900871504));
#908 = ( BOUNDED_CURVE() B_SPLINE_CURVE(2,(#909,#910,#911),
.UNSPECIFIED.,.F.,.F.) B_SPLINE_CURVE_WITH_KNOTS((3,3),(3.078336554715,
3.14159265359),.PIECEWISE_BEZIER_KNOTS.) CURVE() 
GEOMETRIC_REPRESENTATION_ITEM() RATIONAL_B_SPLINE_CURVE((1.,
0.999499874937,1.)) REPRESENTATION_ITEM('') );
#909 = CARTESIAN_POINT('',(-0.579620210946,-0.542534108824,
    1.099900871504));
#910 = CARTESIAN_POINT('',(-0.579620210946,-0.540955342691,
    1.100000871504));
#911 = CARTESIAN_POINT('',(-0.579620210946,-0.539373412698,
    1.100000871504));
#912 = ORIENTED_EDGE('',*,*,#913,.F.);
#913 = EDGE_CURVE('',#914,#906,#916,.T.);
#914 = VERTEX_POINT('',#915);
#915 = CARTESIAN_POINT('',(-0.789595834533,-0.542534108824,
    1.099900871504));
#916 = B_SPLINE_CURVE_WITH_KNOTS('',1,(#917,#918),.UNSPECIFIED.,.F.,.F.,
  (2,2),(-0.789595834533,-0.579620210946),.PIECEWISE_BEZIER_KNOTS.);
#917 = CARTESIAN_POINT('',(-0.789595834533,-0.542534108824,
    1.099900871504));
#918 = CARTESIAN_POINT('',(-0.579620210946,-0.542534108824,
    1.099900871504));
#919 = ORIENTED_EDGE('',*,*,#920,.F.);
#920 = EDGE_CURVE('',#60,#914,#921,.T.);
#921 = ( BOUNDED_CURVE() B_SPLINE_CURVE(2,(#922,#923,#924),
.UNSPECIFIED.,.F.,.F.) B_SPLINE_CURVE_WITH_KNOTS((3,3),(0.,
6.325609887519E-02),.PIECEWISE_BEZIER_KNOTS.) CURVE() 
GEOMETRIC_REPRESENTATION_ITEM() RATIONAL_B_SPLINE_CURVE((1.,
0.999499874937,1.)) REPRESENTATION_ITEM('') );
#922 = CARTESIAN_POINT('',(-0.789595834533,-0.539373412698,
    1.100000871504));
#923 = CARTESIAN_POINT('',(-0.789595834533,-0.540955342691,
    1.100000871504));
#924 = CARTESIAN_POINT('',(-0.789595834533,-0.542534108824,
    1.099900871504));
#925 = ORIENTED_EDGE('',*,*,#80,.F.);
#926 = ORIENTED_EDGE('',*,*,#927,.F.);
#927 = EDGE_CURVE('',#394,#74,#928,.T.);
#928 = ( BOUNDED_CURVE() B_SPLINE_CURVE(2,(#929,#930,#931),
.UNSPECIFIED.,.F.,.F.) B_SPLINE_CURVE_WITH_KNOTS((3,3),(4.852015320544,
6.28318530718),.PIECEWISE_BEZIER_KNOTS.) CURVE() 
GEOMETRIC_REPRESENTATION_ITEM() RATIONAL_B_SPLINE_CURVE((1.,
0.754709580223,1.)) REPRESENTATION_ITEM('') );
#929 = CARTESIAN_POINT('',(-0.914373412698,-0.588886816136,
    1.056959526552));
#930 = CARTESIAN_POINT('',(-0.914373412698,-0.582837749589,
    1.100000871504));
#931 = CARTESIAN_POINT('',(-0.914373412698,-0.539373412698,
    1.100000871504));
#932 = ORIENTED_EDGE('',*,*,#393,.F.);
#933 = ORIENTED_EDGE('',*,*,#934,.F.);
#934 = EDGE_CURVE('',#31,#387,#935,.T.);
#935 = ( BOUNDED_CURVE() B_SPLINE_CURVE(2,(#936,#937,#938),
.UNSPECIFIED.,.F.,.F.) B_SPLINE_CURVE_WITH_KNOTS((3,3),(3.14159265359,
4.572762640225),.PIECEWISE_BEZIER_KNOTS.) CURVE() 
GEOMETRIC_REPRESENTATION_ITEM() RATIONAL_B_SPLINE_CURVE((1.,
0.754709580223,1.)) REPRESENTATION_ITEM('') );
#936 = CARTESIAN_POINT('',(0.914373412698,-0.539373412698,1.100000871504
    ));
#937 = CARTESIAN_POINT('',(0.914373412698,-0.582837749589,1.100000871504
    ));
#938 = CARTESIAN_POINT('',(0.914373412698,-0.588886816136,1.056959526552
    ));
#939 = ORIENTED_EDGE('',*,*,#30,.F.);
#940 = ( BOUNDED_SURFACE() B_SPLINE_SURFACE(2,1,(
    (#941,#942)
    ,(#943,#944)
,(#945,#946
    )),.UNSPECIFIED.,.F.,.F.,.F.) B_SPLINE_SURFACE_WITH_KNOTS((3,3),(2,2
    ),(3.14159265359,4.572762640225),(-0.914373412698,0.914373412698),
.PIECEWISE_BEZIER_KNOTS.) GEOMETRIC_REPRESENTATION_ITEM() 
RATIONAL_B_SPLINE_SURFACE((
    (1.,1.)
    ,(0.754709580223,0.754709580223)
,(1.,1.))) REPRESENTATION_ITEM('') SURFACE() );
#941 = CARTESIAN_POINT('',(-0.914373412698,-0.539373412698,
    1.100000871504));
#942 = CARTESIAN_POINT('',(0.914373412698,-0.539373412698,1.100000871504
    ));
#943 = CARTESIAN_POINT('',(-0.914373412698,-0.582837749589,
    1.100000871504));
#944 = CARTESIAN_POINT('',(0.914373412698,-0.582837749589,1.100000871504
    ));
#945 = CARTESIAN_POINT('',(-0.914373412698,-0.588886816136,
    1.056959526552));
#946 = CARTESIAN_POINT('',(0.914373412698,-0.588886816136,1.056959526552
    ));
#947 = ADVANCED_FACE('',(#948),#958,.T.);
#948 = FACE_BOUND('',#949,.T.);
#949 = EDGE_LOOP('',(#950,#951,#952));
#950 = ORIENTED_EDGE('',*,*,#829,.T.);
#951 = ORIENTED_EDGE('',*,*,#934,.T.);
#952 = ORIENTED_EDGE('',*,*,#953,.F.);
#953 = EDGE_CURVE('',#330,#387,#954,.T.);
#954 = ( BOUNDED_CURVE() B_SPLINE_CURVE(2,(#955,#956,#957),
.UNSPECIFIED.,.F.,.F.) B_SPLINE_CURVE_WITH_KNOTS((3,3),(4.731759343722,
6.28318530718),.PIECEWISE_BEZIER_KNOTS.) CURVE() 
GEOMETRIC_REPRESENTATION_ITEM() RATIONAL_B_SPLINE_CURVE((1.,
0.713921967736,1.)) REPRESENTATION_ITEM('') );
#955 = CARTESIAN_POINT('',(0.963886816136,-0.539373412698,1.056959526552
    ));
#956 = CARTESIAN_POINT('',(0.962946006188,-0.587946006188,1.06365373717)
  );
#957 = CARTESIAN_POINT('',(0.914373412698,-0.588886816136,1.056959526552
    ));
#958 = ( BOUNDED_SURFACE() B_SPLINE_SURFACE(2,2,(
    (#959,#960,#961)
    ,(#962,#963,#964)
    ,(#965,#966,#967
)),.UNSPECIFIED.,.F.,.F.,.F.) B_SPLINE_SURFACE_WITH_KNOTS((3,3),(3,3),(
    4.712388980385,6.14355896702),(-2.22044604925E-15,1.431169986635),
.PIECEWISE_BEZIER_KNOTS.) GEOMETRIC_REPRESENTATION_ITEM() 
RATIONAL_B_SPLINE_SURFACE((
    (1.,0.754709580223,1.)
    ,(0.754709580223,0.56958655048,0.754709580223)
,(1.,0.754709580223,1.))) REPRESENTATION_ITEM('') SURFACE() );
#959 = CARTESIAN_POINT('',(0.914373412698,-0.539373412698,1.100000871504
    ));
#960 = CARTESIAN_POINT('',(0.957837749589,-0.539373412698,1.100000871504
    ));
#961 = CARTESIAN_POINT('',(0.963886816136,-0.539373412698,1.056959526552
    ));
#962 = CARTESIAN_POINT('',(0.914373412698,-0.582837749589,1.100000871504
    ));
#963 = CARTESIAN_POINT('',(0.957837749589,-0.582837749589,1.100000871504
    ));
#964 = CARTESIAN_POINT('',(0.963886816136,-0.545422479245,1.056959526552
    ));
#965 = CARTESIAN_POINT('',(0.914373412698,-0.588886816136,1.056959526552
    ));
#966 = CARTESIAN_POINT('',(0.957837749589,-0.588886816136,1.056959526552
    ));
#967 = CARTESIAN_POINT('',(0.963886816136,-0.546264346594,1.050969329106
    ));
#968 = ADVANCED_FACE('',(#969),#982,.T.);
#969 = FACE_BOUND('',#970,.T.);
#970 = EDGE_LOOP('',(#971,#972,#973,#979,#980,#981));
#971 = ORIENTED_EDGE('',*,*,#313,.T.);
#972 = ORIENTED_EDGE('',*,*,#600,.F.);
#973 = ORIENTED_EDGE('',*,*,#974,.F.);
#974 = EDGE_CURVE('',#650,#594,#975,.T.);
#975 = ( BOUNDED_CURVE() B_SPLINE_CURVE(2,(#976,#977,#978),
.UNSPECIFIED.,.F.,.F.) B_SPLINE_CURVE_WITH_KNOTS((3,3),(1.578392523341,
3.14159265359),.PIECEWISE_BEZIER_KNOTS.) CURVE() 
GEOMETRIC_REPRESENTATION_ITEM() RATIONAL_B_SPLINE_CURVE((1.,
0.709787335578,1.)) REPRESENTATION_ITEM('') );
#976 = CARTESIAN_POINT('',(0.892941376831,0.567751111736,0.145643084367)
  );
#977 = CARTESIAN_POINT('',(0.942375603247,0.567375603247,0.141351002701)
  );
#978 = CARTESIAN_POINT('',(0.942751111736,0.517941376831,0.145643084367)
  );
#979 = ORIENTED_EDGE('',*,*,#649,.F.);
#980 = ORIENTED_EDGE('',*,*,#243,.T.);
#981 = ORIENTED_EDGE('',*,*,#848,.T.);
#982 = ( BOUNDED_SURFACE() B_SPLINE_SURFACE(2,1,(
    (#983,#984)
    ,(#985,#986)
,(#987,#988
    )),.UNSPECIFIED.,.F.,.F.,.F.) B_SPLINE_SURFACE_WITH_KNOTS((3,3),(2,2
    ),(1.578392523341,3.14159265359),(-0.171667350136,0.490019014399),
.PIECEWISE_BEZIER_KNOTS.) GEOMETRIC_REPRESENTATION_ITEM() 
RATIONAL_B_SPLINE_SURFACE((
    (1.,1.)
    ,(0.709787335578,0.709787335578)
,(1.,1.))) REPRESENTATION_ITEM('') SURFACE() );
#983 = CARTESIAN_POINT('',(0.95039335007,0.625203084975,0.802322143386)
  );
#984 = CARTESIAN_POINT('',(0.892941376831,0.567751111736,0.145643084367)
  );
#985 = CARTESIAN_POINT('',(0.999827576486,0.624827576486,0.79803006172)
  );
#986 = CARTESIAN_POINT('',(0.942375603247,0.567375603247,0.141351002701)
  );
#987 = CARTESIAN_POINT('',(1.000203084975,0.57539335007,0.802322143386)
  );
#988 = CARTESIAN_POINT('',(0.942751111736,0.517941376831,0.145643084367)
  );
#989 = ADVANCED_FACE('',(#990),#1006,.T.);
#990 = FACE_BOUND('',#991,.T.);
#991 = EDGE_LOOP('',(#992,#998,#999,#1005));
#992 = ORIENTED_EDGE('',*,*,#993,.F.);
#993 = EDGE_CURVE('',#657,#110,#994,.T.);
#994 = ( BOUNDED_CURVE() B_SPLINE_CURVE(2,(#995,#996,#997),
.UNSPECIFIED.,.F.,.F.) B_SPLINE_CURVE_WITH_KNOTS((3,3),(1.658062789395,
3.14159265359),.PIECEWISE_BEZIER_KNOTS.) CURVE() 
GEOMETRIC_REPRESENTATION_ITEM() RATIONAL_B_SPLINE_CURVE((1.,
0.73727733681,1.)) REPRESENTATION_ITEM('') );
#995 = CARTESIAN_POINT('',(-0.892941376831,0.567751111736,0.145643084367
    ));
#996 = CARTESIAN_POINT('',(-0.892941376831,0.563757935532,0.100000871504
    ));
#997 = CARTESIAN_POINT('',(-0.892941376831,0.517941376831,0.100000871504
    ));
#998 = ORIENTED_EDGE('',*,*,#656,.F.);
#999 = ORIENTED_EDGE('',*,*,#1000,.F.);
#1000 = EDGE_CURVE('',#94,#650,#1001,.T.);
#1001 = ( BOUNDED_CURVE() B_SPLINE_CURVE(2,(#1002,#1003,#1004),
.UNSPECIFIED.,.F.,.F.) B_SPLINE_CURVE_WITH_KNOTS((3,3),(4.712388980385,
6.19591884458),.PIECEWISE_BEZIER_KNOTS.) CURVE() 
GEOMETRIC_REPRESENTATION_ITEM() RATIONAL_B_SPLINE_CURVE((1.,
0.73727733681,1.)) REPRESENTATION_ITEM('') );
#1002 = CARTESIAN_POINT('',(0.892941376831,0.517941376831,0.100000871504
    ));
#1003 = CARTESIAN_POINT('',(0.892941376831,0.563757935532,0.100000871504
    ));
#1004 = CARTESIAN_POINT('',(0.892941376831,0.567751111736,0.145643084367
    ));
#1005 = ORIENTED_EDGE('',*,*,#116,.F.);
#1006 = ( BOUNDED_SURFACE() B_SPLINE_SURFACE(2,1,(
    (#1007,#1008)
    ,(#1009,#1010)
    ,(#1011,#1012
)),.UNSPECIFIED.,.F.,.F.,.F.) B_SPLINE_SURFACE_WITH_KNOTS((3,3),(2,2),(
    0.,1.483529864195),(-0.892941376831,0.892941376831),
.PIECEWISE_BEZIER_KNOTS.) GEOMETRIC_REPRESENTATION_ITEM() 
RATIONAL_B_SPLINE_SURFACE((
    (1.,1.)
    ,(0.73727733681,0.73727733681)
,(1.,1.))) REPRESENTATION_ITEM('') SURFACE() );
#1007 = CARTESIAN_POINT('',(-0.892941376831,0.517941376831,
    0.100000871504));
#1008 = CARTESIAN_POINT('',(0.892941376831,0.517941376831,0.100000871504
    ));
#1009 = CARTESIAN_POINT('',(-0.892941376831,0.563757935532,
    0.100000871504));
#1010 = CARTESIAN_POINT('',(0.892941376831,0.563757935532,0.100000871504
    ));
#1011 = CARTESIAN_POINT('',(-0.892941376831,0.567751111736,
    0.145643084367));
#1012 = CARTESIAN_POINT('',(0.892941376831,0.567751111736,0.145643084367
    ));
#1013 = ADVANCED_FACE('',(#1014),#1027,.T.);
#1014 = FACE_BOUND('',#1015,.T.);
#1015 = EDGE_LOOP('',(#1016,#1017,#1018,#1024,#1025,#1026));
#1016 = ORIENTED_EDGE('',*,*,#215,.T.);
#1017 = ORIENTED_EDGE('',*,*,#663,.F.);
#1018 = ORIENTED_EDGE('',*,*,#1019,.F.);
#1019 = EDGE_CURVE('',#615,#657,#1020,.T.);
#1020 = ( BOUNDED_CURVE() B_SPLINE_CURVE(2,(#1021,#1022,#1023),
.UNSPECIFIED.,.F.,.F.) B_SPLINE_CURVE_WITH_KNOTS((3,3),(0.,
1.563200130248),.PIECEWISE_BEZIER_KNOTS.) CURVE() 
GEOMETRIC_REPRESENTATION_ITEM() RATIONAL_B_SPLINE_CURVE((1.,
0.709787335578,1.)) REPRESENTATION_ITEM('') );
#1021 = CARTESIAN_POINT('',(-0.942751111736,0.517941376831,
    0.145643084367));
#1022 = CARTESIAN_POINT('',(-0.942375603247,0.567375603247,
    0.141351002701));
#1023 = CARTESIAN_POINT('',(-0.892941376831,0.567751111736,
    0.145643084367));
#1024 = ORIENTED_EDGE('',*,*,#614,.F.);
#1025 = ORIENTED_EDGE('',*,*,#279,.T.);
#1026 = ORIENTED_EDGE('',*,*,#868,.T.);
#1027 = ( BOUNDED_SURFACE() B_SPLINE_SURFACE(2,1,(
    (#1028,#1029)
    ,(#1030,#1031)
    ,(#1032,#1033
)),.UNSPECIFIED.,.F.,.F.,.F.) B_SPLINE_SURFACE_WITH_KNOTS((3,3),(2,2),(
    1.578392523341,3.14159265359),(-0.663672202127,-1.98583759228E-03),
.PIECEWISE_BEZIER_KNOTS.) GEOMETRIC_REPRESENTATION_ITEM() 
RATIONAL_B_SPLINE_SURFACE((
    (1.,1.)
    ,(0.709787335578,0.709787335578)
,(1.,1.))) REPRESENTATION_ITEM('') SURFACE() );
#1028 = CARTESIAN_POINT('',(-0.892941376831,0.567751111736,
    0.145643084367));
#1029 = CARTESIAN_POINT('',(-0.95039335007,0.625203084975,0.802322143386
    ));
#1030 = CARTESIAN_POINT('',(-0.942375603247,0.567375603247,
    0.141351002701));
#1031 = CARTESIAN_POINT('',(-0.999827576486,0.624827576486,0.79803006172
    ));
#1032 = CARTESIAN_POINT('',(-0.942751111736,0.517941376831,
    0.145643084367));
#1033 = CARTESIAN_POINT('',(-1.000203084975,0.57539335007,0.802322143386
    ));
#1034 = ADVANCED_FACE('',(#1035),#1045,.T.);
#1035 = FACE_BOUND('',#1036,.T.);
#1036 = EDGE_LOOP('',(#1037,#1038,#1039));
#1037 = ORIENTED_EDGE('',*,*,#927,.T.);
#1038 = ORIENTED_EDGE('',*,*,#888,.T.);
#1039 = ORIENTED_EDGE('',*,*,#1040,.F.);
#1040 = EDGE_CURVE('',#394,#264,#1041,.T.);
#1041 = ( BOUNDED_CURVE() B_SPLINE_CURVE(2,(#1042,#1043,#1044),
.UNSPECIFIED.,.F.,.F.) B_SPLINE_CURVE_WITH_KNOTS((3,3),(0.,
1.551425963458),.PIECEWISE_BEZIER_KNOTS.) CURVE() 
GEOMETRIC_REPRESENTATION_ITEM() RATIONAL_B_SPLINE_CURVE((1.,
0.713921967736,1.)) REPRESENTATION_ITEM('') );
#1042 = CARTESIAN_POINT('',(-0.914373412698,-0.588886816136,
    1.056959526552));
#1043 = CARTESIAN_POINT('',(-0.962946006188,-0.587946006188,
    1.06365373717));
#1044 = CARTESIAN_POINT('',(-0.963886816136,-0.539373412698,
    1.056959526552));
#1045 = ( BOUNDED_SURFACE() B_SPLINE_SURFACE(2,2,(
    (#1046,#1047,#1048)
    ,(#1049,#1050,#1051)
    ,(#1052,#1053,#1054
)),.UNSPECIFIED.,.F.,.F.,.F.) B_SPLINE_SURFACE_WITH_KNOTS((3,3),(3,3),(
    4.712388980385,6.14355896702),(-1.431169986635,2.22044604925E-15),
.PIECEWISE_BEZIER_KNOTS.) GEOMETRIC_REPRESENTATION_ITEM() 
RATIONAL_B_SPLINE_SURFACE((
    (1.,0.754709580223,1.)
    ,(0.754709580223,0.56958655048,0.754709580223)
,(1.,0.754709580223,1.))) REPRESENTATION_ITEM('') SURFACE() );
#1046 = CARTESIAN_POINT('',(-0.963886816136,-0.539373412698,
    1.056959526552));
#1047 = CARTESIAN_POINT('',(-0.957837749589,-0.539373412698,
    1.100000871504));
#1048 = CARTESIAN_POINT('',(-0.914373412698,-0.539373412698,
    1.100000871504));
#1049 = CARTESIAN_POINT('',(-0.963886816136,-0.545422479245,
    1.056959526552));
#1050 = CARTESIAN_POINT('',(-0.957837749589,-0.582837749589,
    1.100000871504));
#1051 = CARTESIAN_POINT('',(-0.914373412698,-0.582837749589,
    1.100000871504));
#1052 = CARTESIAN_POINT('',(-0.963886816136,-0.546264346594,
    1.050969329106));
#1053 = CARTESIAN_POINT('',(-0.957837749589,-0.588886816136,
    1.056959526552));
#1054 = CARTESIAN_POINT('',(-0.914373412698,-0.588886816136,
    1.056959526552));
#1055 = ADVANCED_FACE('',(#1056),#1068,.T.);
#1056 = FACE_BOUND('',#1057,.T.);
#1057 = EDGE_LOOP('',(#1058,#1059,#1060,#1067));
#1058 = ORIENTED_EDGE('',*,*,#953,.T.);
#1059 = ORIENTED_EDGE('',*,*,#386,.F.);
#1060 = ORIENTED_EDGE('',*,*,#1061,.F.);
#1061 = EDGE_CURVE('',#337,#380,#1062,.T.);
#1062 = ( BOUNDED_CURVE() B_SPLINE_CURVE(3,(#1063,#1064,#1065,#1066),
.UNSPECIFIED.,.F.,.F.) B_SPLINE_CURVE_WITH_KNOTS((4,4),(2.365888331013,
3.917296976166),.PIECEWISE_BEZIER_KNOTS.) CURVE() 
GEOMETRIC_REPRESENTATION_ITEM() RATIONAL_B_SPLINE_CURVE((1.,
0.809285354044,0.809285354044,1.)) REPRESENTATION_ITEM('') );
#1063 = CARTESIAN_POINT('',(1.,-0.575486596563,0.800000871504));
#1064 = CARTESIAN_POINT('',(0.999894165965,-0.604500466735,
    0.800752125328));
#1065 = CARTESIAN_POINT('',(0.979500466735,-0.624894165965,
    0.800752125328));
#1066 = CARTESIAN_POINT('',(0.950486596563,-0.625,0.800000871504));
#1067 = ORIENTED_EDGE('',*,*,#336,.F.);
#1068 = ( BOUNDED_SURFACE() B_SPLINE_SURFACE(2,1,(
    (#1069,#1070)
    ,(#1071,#1072)
    ,(#1073,#1074
)),.UNSPECIFIED.,.F.,.F.,.F.) B_SPLINE_SURFACE_WITH_KNOTS((3,3),(2,2),(
    0.,1.551425963458),(-0.433383531577,-0.169090801175),
.PIECEWISE_BEZIER_KNOTS.) GEOMETRIC_REPRESENTATION_ITEM() 
RATIONAL_B_SPLINE_SURFACE((
    (1.,1.)
    ,(0.713921967736,0.713921967736)
,(1.,1.))) REPRESENTATION_ITEM('') SURFACE() );
#1069 = CARTESIAN_POINT('',(0.950804721883,-0.62531812532,0.797737292233
    ));
#1070 = CARTESIAN_POINT('',(0.914373412698,-0.588886816136,
    1.056959526552));
#1071 = CARTESIAN_POINT('',(0.999377315372,-0.624377315372,0.80443150285
    ));
#1072 = CARTESIAN_POINT('',(0.962946006188,-0.587946006188,1.06365373717
    ));
#1073 = CARTESIAN_POINT('',(1.00031812532,-0.575804721883,0.797737292233
    ));
#1074 = CARTESIAN_POINT('',(0.963886816136,-0.539373412698,
    1.056959526552));
#1075 = ADVANCED_FACE('',(#1076),#1086,.T.);
#1076 = FACE_BOUND('',#1077,.T.);
#1077 = EDGE_LOOP('',(#1078,#1079,#1080));
#1078 = ORIENTED_EDGE('',*,*,#1000,.T.);
#1079 = ORIENTED_EDGE('',*,*,#974,.T.);
#1080 = ORIENTED_EDGE('',*,*,#1081,.F.);
#1081 = EDGE_CURVE('',#94,#594,#1082,.T.);
#1082 = ( BOUNDED_CURVE() B_SPLINE_CURVE(2,(#1083,#1084,#1085),
.UNSPECIFIED.,.F.,.F.) B_SPLINE_CURVE_WITH_KNOTS((3,3),(3.14159265359,
4.625122517785),.PIECEWISE_BEZIER_KNOTS.) CURVE() 
GEOMETRIC_REPRESENTATION_ITEM() RATIONAL_B_SPLINE_CURVE((1.,
0.73727733681,1.)) REPRESENTATION_ITEM('') );
#1083 = CARTESIAN_POINT('',(0.892941376831,0.517941376831,0.100000871504
    ));
#1084 = CARTESIAN_POINT('',(0.938757935532,0.517941376831,0.100000871504
    ));
#1085 = CARTESIAN_POINT('',(0.942751111736,0.517941376831,0.145643084367
    ));
#1086 = ( BOUNDED_SURFACE() B_SPLINE_SURFACE(2,2,(
    (#1087,#1088,#1089)
    ,(#1090,#1091,#1092)
    ,(#1093,#1094,#1095
)),.UNSPECIFIED.,.F.,.F.,.F.) B_SPLINE_SURFACE_WITH_KNOTS((3,3),(3,3),(
    3.22885911619,4.712388980385),(-2.22044604925E-15,1.483529864195),
.PIECEWISE_BEZIER_KNOTS.) GEOMETRIC_REPRESENTATION_ITEM() 
RATIONAL_B_SPLINE_SURFACE((
    (1.,0.73727733681,1.)
    ,(0.73727733681,0.543577871374,0.73727733681)
,(1.,0.73727733681,1.))) REPRESENTATION_ITEM('') SURFACE() );
#1087 = CARTESIAN_POINT('',(0.942751111736,0.517941376831,0.145643084367
    ));
#1088 = CARTESIAN_POINT('',(0.942751111736,0.563757935532,0.145643084367
    ));
#1089 = CARTESIAN_POINT('',(0.897282581273,0.567751111736,0.14962106533)
  );
#1090 = CARTESIAN_POINT('',(0.938757935532,0.517941376831,0.100000871504
    ));
#1091 = CARTESIAN_POINT('',(0.938757935532,0.563757935532,0.100000871504
    ));
#1092 = CARTESIAN_POINT('',(0.896934553035,0.567751111736,0.145643084367
    ));
#1093 = CARTESIAN_POINT('',(0.892941376831,0.517941376831,0.100000871504
    ));
#1094 = CARTESIAN_POINT('',(0.892941376831,0.563757935532,0.100000871504
    ));
#1095 = CARTESIAN_POINT('',(0.892941376831,0.567751111736,0.145643084367
    ));
#1096 = ADVANCED_FACE('',(#1097),#1107,.T.);
#1097 = FACE_BOUND('',#1098,.T.);
#1098 = EDGE_LOOP('',(#1099,#1100,#1101));
#1099 = ORIENTED_EDGE('',*,*,#1019,.T.);
#1100 = ORIENTED_EDGE('',*,*,#993,.T.);
#1101 = ORIENTED_EDGE('',*,*,#1102,.F.);
#1102 = EDGE_CURVE('',#615,#110,#1103,.T.);
#1103 = ( BOUNDED_CURVE() B_SPLINE_CURVE(2,(#1104,#1105,#1106),
.UNSPECIFIED.,.F.,.F.) B_SPLINE_CURVE_WITH_KNOTS((3,3),(1.658062789395,
3.14159265359),.PIECEWISE_BEZIER_KNOTS.) CURVE() 
GEOMETRIC_REPRESENTATION_ITEM() RATIONAL_B_SPLINE_CURVE((1.,
0.73727733681,1.)) REPRESENTATION_ITEM('') );
#1104 = CARTESIAN_POINT('',(-0.942751111736,0.517941376831,
    0.145643084367));
#1105 = CARTESIAN_POINT('',(-0.938757935532,0.517941376831,
    0.100000871504));
#1106 = CARTESIAN_POINT('',(-0.892941376831,0.517941376831,
    0.100000871504));
#1107 = ( BOUNDED_SURFACE() B_SPLINE_SURFACE(2,2,(
    (#1108,#1109,#1110)
    ,(#1111,#1112,#1113)
    ,(#1114,#1115,#1116
)),.UNSPECIFIED.,.F.,.F.,.F.) B_SPLINE_SURFACE_WITH_KNOTS((3,3),(3,3),(
    4.712388980385,6.19591884458),(0.,1.483529864195),
.PIECEWISE_BEZIER_KNOTS.) GEOMETRIC_REPRESENTATION_ITEM() 
RATIONAL_B_SPLINE_SURFACE((
    (1.,0.73727733681,1.)
    ,(0.73727733681,0.543577871374,0.73727733681)
,(1.,0.73727733681,1.))) REPRESENTATION_ITEM('') SURFACE() );
#1108 = CARTESIAN_POINT('',(-0.892941376831,0.517941376831,
    0.100000871504));
#1109 = CARTESIAN_POINT('',(-0.892941376831,0.563757935532,
    0.100000871504));
#1110 = CARTESIAN_POINT('',(-0.892941376831,0.567751111736,
    0.145643084367));
#1111 = CARTESIAN_POINT('',(-0.938757935532,0.517941376831,
    0.100000871504));
#1112 = CARTESIAN_POINT('',(-0.938757935532,0.563757935532,
    0.100000871504));
#1113 = CARTESIAN_POINT('',(-0.896934553035,0.567751111736,
    0.145643084367));
#1114 = CARTESIAN_POINT('',(-0.942751111736,0.517941376831,
    0.145643084367));
#1115 = CARTESIAN_POINT('',(-0.942751111736,0.563757935532,
    0.145643084367));
#1116 = CARTESIAN_POINT('',(-0.897282581273,0.567751111736,0.14962106533
    ));
#1117 = ADVANCED_FACE('',(#1118),#1130,.T.);
#1118 = FACE_BOUND('',#1119,.T.);
#1119 = EDGE_LOOP('',(#1120,#1121,#1122,#1129));
#1120 = ORIENTED_EDGE('',*,*,#1040,.T.);
#1121 = ORIENTED_EDGE('',*,*,#300,.F.);
#1122 = ORIENTED_EDGE('',*,*,#1123,.F.);
#1123 = EDGE_CURVE('',#401,#294,#1124,.T.);
#1124 = ( BOUNDED_CURVE() B_SPLINE_CURVE(3,(#1125,#1126,#1127,#1128),
.UNSPECIFIED.,.F.,.F.) B_SPLINE_CURVE_WITH_KNOTS((4,4),(5.507480984603,
7.058889629756),.PIECEWISE_BEZIER_KNOTS.) CURVE() 
GEOMETRIC_REPRESENTATION_ITEM() RATIONAL_B_SPLINE_CURVE((1.,
0.809285354044,0.809285354044,1.)) REPRESENTATION_ITEM('') );
#1125 = CARTESIAN_POINT('',(-0.950486596563,-0.625,0.800000871504));
#1126 = CARTESIAN_POINT('',(-0.979500466735,-0.624894165965,
    0.800752125328));
#1127 = CARTESIAN_POINT('',(-0.999894165965,-0.604500466735,
    0.800752125328));
#1128 = CARTESIAN_POINT('',(-1.,-0.575486596563,0.800000871504));
#1129 = ORIENTED_EDGE('',*,*,#400,.F.);
#1130 = ( BOUNDED_SURFACE() B_SPLINE_SURFACE(2,1,(
    (#1131,#1132)
    ,(#1133,#1134)
    ,(#1135,#1136
)),.UNSPECIFIED.,.F.,.F.,.F.) B_SPLINE_SURFACE_WITH_KNOTS((3,3),(2,2),(
    3.14159265359,4.693018617048),(0.169090801175,0.433383531577),
.PIECEWISE_BEZIER_KNOTS.) GEOMETRIC_REPRESENTATION_ITEM() 
RATIONAL_B_SPLINE_SURFACE((
    (1.,1.)
    ,(0.713921967736,0.713921967736)
,(1.,1.))) REPRESENTATION_ITEM('') SURFACE() );
#1131 = CARTESIAN_POINT('',(-0.914373412698,-0.588886816136,
    1.056959526552));
#1132 = CARTESIAN_POINT('',(-0.950804721883,-0.62531812532,
    0.797737292233));
#1133 = CARTESIAN_POINT('',(-0.962946006188,-0.587946006188,
    1.06365373717));
#1134 = CARTESIAN_POINT('',(-0.999377315372,-0.624377315372,
    0.80443150285));
#1135 = CARTESIAN_POINT('',(-0.963886816136,-0.539373412698,
    1.056959526552));
#1136 = CARTESIAN_POINT('',(-1.00031812532,-0.575804721883,
    0.797737292233));
#1137 = ADVANCED_FACE('',(#1138),#1151,.T.);
#1138 = FACE_BOUND('',#1139,.T.);
#1139 = EDGE_LOOP('',(#1140,#1141,#1142,#1148,#1149,#1150));
#1140 = ORIENTED_EDGE('',*,*,#379,.T.);
#1141 = ORIENTED_EDGE('',*,*,#571,.F.);
#1142 = ORIENTED_EDGE('',*,*,#1143,.F.);
#1143 = EDGE_CURVE('',#587,#565,#1144,.T.);
#1144 = ( BOUNDED_CURVE() B_SPLINE_CURVE(2,(#1145,#1146,#1147),
.UNSPECIFIED.,.F.,.F.) B_SPLINE_CURVE_WITH_KNOTS((3,3),(3.14159265359,
4.704792783838),.PIECEWISE_BEZIER_KNOTS.) CURVE() 
GEOMETRIC_REPRESENTATION_ITEM() RATIONAL_B_SPLINE_CURVE((1.,
0.709787335578,1.)) REPRESENTATION_ITEM('') );
#1145 = CARTESIAN_POINT('',(0.942751111736,-0.517941376831,
    0.145643084367));
#1146 = CARTESIAN_POINT('',(0.942375603247,-0.567375603247,
    0.141351002701));
#1147 = CARTESIAN_POINT('',(0.892941376831,-0.567751111736,
    0.145643084367));
#1148 = ORIENTED_EDGE('',*,*,#586,.F.);
#1149 = ORIENTED_EDGE('',*,*,#343,.T.);
#1150 = ORIENTED_EDGE('',*,*,#1061,.T.);
#1151 = ( BOUNDED_SURFACE() B_SPLINE_SURFACE(2,1,(
    (#1152,#1153)
    ,(#1154,#1155)
    ,(#1156,#1157
)),.UNSPECIFIED.,.F.,.F.,.F.) B_SPLINE_SURFACE_WITH_KNOTS((3,3),(2,2),(
    1.578392523341,3.14159265359),(-0.106547404738,0.555138959797),
.PIECEWISE_BEZIER_KNOTS.) GEOMETRIC_REPRESENTATION_ITEM() 
RATIONAL_B_SPLINE_SURFACE((
    (1.,1.)
    ,(0.709787335578,0.709787335578)
,(1.,1.))) REPRESENTATION_ITEM('') SURFACE() );
#1152 = CARTESIAN_POINT('',(1.000203084975,-0.57539335007,0.802322143386
    ));
#1153 = CARTESIAN_POINT('',(0.942751111736,-0.517941376831,
    0.145643084367));
#1154 = CARTESIAN_POINT('',(0.999827576486,-0.624827576486,0.79803006172
    ));
#1155 = CARTESIAN_POINT('',(0.942375603247,-0.567375603247,
    0.141351002701));
#1156 = CARTESIAN_POINT('',(0.95039335007,-0.625203084975,0.802322143386
    ));
#1157 = CARTESIAN_POINT('',(0.892941376831,-0.567751111736,
    0.145643084367));
#1158 = ADVANCED_FACE('',(#1159),#1170,.T.);
#1159 = FACE_BOUND('',#1160,.T.);
#1160 = EDGE_LOOP('',(#1161,#1162,#1163,#1169));
#1161 = ORIENTED_EDGE('',*,*,#1081,.T.);
#1162 = ORIENTED_EDGE('',*,*,#593,.F.);
#1163 = ORIENTED_EDGE('',*,*,#1164,.F.);
#1164 = EDGE_CURVE('',#96,#587,#1165,.T.);
#1165 = ( BOUNDED_CURVE() B_SPLINE_CURVE(2,(#1166,#1167,#1168),
.UNSPECIFIED.,.F.,.F.) B_SPLINE_CURVE_WITH_KNOTS((3,3),(0.,
1.483529864195),.PIECEWISE_BEZIER_KNOTS.) CURVE() 
GEOMETRIC_REPRESENTATION_ITEM() RATIONAL_B_SPLINE_CURVE((1.,
0.73727733681,1.)) REPRESENTATION_ITEM('') );
#1166 = CARTESIAN_POINT('',(0.892941376831,-0.517941376831,
    0.100000871504));
#1167 = CARTESIAN_POINT('',(0.938757935532,-0.517941376831,
    0.100000871504));
#1168 = CARTESIAN_POINT('',(0.942751111736,-0.517941376831,
    0.145643084367));
#1169 = ORIENTED_EDGE('',*,*,#93,.F.);
#1170 = ( BOUNDED_SURFACE() B_SPLINE_SURFACE(2,1,(
    (#1171,#1172)
    ,(#1173,#1174)
    ,(#1175,#1176
)),.UNSPECIFIED.,.F.,.F.,.F.) B_SPLINE_SURFACE_WITH_KNOTS((3,3),(2,2),(
    4.712388980385,6.19591884458),(-0.517941376831,0.517941376831),
.PIECEWISE_BEZIER_KNOTS.) GEOMETRIC_REPRESENTATION_ITEM() 
RATIONAL_B_SPLINE_SURFACE((
    (1.,1.)
    ,(0.73727733681,0.73727733681)
,(1.,1.))) REPRESENTATION_ITEM('') SURFACE() );
#1171 = CARTESIAN_POINT('',(0.892941376831,0.517941376831,0.100000871504
    ));
#1172 = CARTESIAN_POINT('',(0.892941376831,-0.517941376831,
    0.100000871504));
#1173 = CARTESIAN_POINT('',(0.938757935532,0.517941376831,0.100000871504
    ));
#1174 = CARTESIAN_POINT('',(0.938757935532,-0.517941376831,
    0.100000871504));
#1175 = CARTESIAN_POINT('',(0.942751111736,0.517941376831,0.145643084367
    ));
#1176 = CARTESIAN_POINT('',(0.942751111736,-0.517941376831,
    0.145643084367));
#1177 = ADVANCED_FACE('',(#1178),#1189,.T.);
#1178 = FACE_BOUND('',#1179,.T.);
#1179 = EDGE_LOOP('',(#1180,#1181,#1182,#1188));
#1180 = ORIENTED_EDGE('',*,*,#1102,.T.);
#1181 = ORIENTED_EDGE('',*,*,#109,.F.);
#1182 = ORIENTED_EDGE('',*,*,#1183,.F.);
#1183 = EDGE_CURVE('',#622,#103,#1184,.T.);
#1184 = ( BOUNDED_CURVE() B_SPLINE_CURVE(2,(#1185,#1186,#1187),
.UNSPECIFIED.,.F.,.F.) B_SPLINE_CURVE_WITH_KNOTS((3,3),(4.799655442984,
6.28318530718),.PIECEWISE_BEZIER_KNOTS.) CURVE() 
GEOMETRIC_REPRESENTATION_ITEM() RATIONAL_B_SPLINE_CURVE((1.,
0.73727733681,1.)) REPRESENTATION_ITEM('') );
#1185 = CARTESIAN_POINT('',(-0.942751111736,-0.517941376831,
    0.145643084367));
#1186 = CARTESIAN_POINT('',(-0.938757935532,-0.517941376831,
    0.100000871504));
#1187 = CARTESIAN_POINT('',(-0.892941376831,-0.517941376831,
    0.100000871504));
#1188 = ORIENTED_EDGE('',*,*,#621,.F.);
#1189 = ( BOUNDED_SURFACE() B_SPLINE_SURFACE(2,1,(
    (#1190,#1191)
    ,(#1192,#1193)
    ,(#1194,#1195
)),.UNSPECIFIED.,.F.,.F.,.F.) B_SPLINE_SURFACE_WITH_KNOTS((3,3),(2,2),(
    4.712388980385,6.19591884458),(-0.517941376831,0.517941376831),
.PIECEWISE_BEZIER_KNOTS.) GEOMETRIC_REPRESENTATION_ITEM() 
RATIONAL_B_SPLINE_SURFACE((
    (1.,1.)
    ,(0.73727733681,0.73727733681)
,(1.,1.))) REPRESENTATION_ITEM('') SURFACE() );
#1190 = CARTESIAN_POINT('',(-0.892941376831,-0.517941376831,
    0.100000871504));
#1191 = CARTESIAN_POINT('',(-0.892941376831,0.517941376831,
    0.100000871504));
#1192 = CARTESIAN_POINT('',(-0.938757935532,-0.517941376831,
    0.100000871504));
#1193 = CARTESIAN_POINT('',(-0.938757935532,0.517941376831,
    0.100000871504));
#1194 = CARTESIAN_POINT('',(-0.942751111736,-0.517941376831,
    0.145643084367));
#1195 = CARTESIAN_POINT('',(-0.942751111736,0.517941376831,
    0.145643084367));
#1196 = ADVANCED_FACE('',(#1197),#1210,.T.);
#1197 = FACE_BOUND('',#1198,.T.);
#1198 = EDGE_LOOP('',(#1199,#1200,#1201,#1207,#1208,#1209));
#1199 = ORIENTED_EDGE('',*,*,#293,.T.);
#1200 = ORIENTED_EDGE('',*,*,#628,.F.);
#1201 = ORIENTED_EDGE('',*,*,#1202,.F.);
#1202 = EDGE_CURVE('',#558,#622,#1203,.T.);
#1203 = ( BOUNDED_CURVE() B_SPLINE_CURVE(2,(#1204,#1205,#1206),
.UNSPECIFIED.,.F.,.F.) B_SPLINE_CURVE_WITH_KNOTS((3,3),(4.719985176931,
6.28318530718),.PIECEWISE_BEZIER_KNOTS.) CURVE() 
GEOMETRIC_REPRESENTATION_ITEM() RATIONAL_B_SPLINE_CURVE((1.,
0.709787335578,1.)) REPRESENTATION_ITEM('') );
#1204 = CARTESIAN_POINT('',(-0.892941376831,-0.567751111736,
    0.145643084367));
#1205 = CARTESIAN_POINT('',(-0.942375603247,-0.567375603247,
    0.141351002701));
#1206 = CARTESIAN_POINT('',(-0.942751111736,-0.517941376831,
    0.145643084367));
#1207 = ORIENTED_EDGE('',*,*,#557,.F.);
#1208 = ORIENTED_EDGE('',*,*,#407,.T.);
#1209 = ORIENTED_EDGE('',*,*,#1123,.T.);
#1210 = ( BOUNDED_SURFACE() B_SPLINE_SURFACE(2,1,(
    (#1211,#1212)
    ,(#1213,#1214)
    ,(#1215,#1216
)),.UNSPECIFIED.,.F.,.F.,.F.) B_SPLINE_SURFACE_WITH_KNOTS((3,3),(2,2),(
    4.719985176931,6.28318530718),(-0.555138959797,0.106547404738),
.PIECEWISE_BEZIER_KNOTS.) GEOMETRIC_REPRESENTATION_ITEM() 
RATIONAL_B_SPLINE_SURFACE((
    (1.,1.)
    ,(0.709787335578,0.709787335578)
,(1.,1.))) REPRESENTATION_ITEM('') SURFACE() );
#1211 = CARTESIAN_POINT('',(-0.942751111736,-0.517941376831,
    0.145643084367));
#1212 = CARTESIAN_POINT('',(-1.000203084975,-0.57539335007,
    0.802322143386));
#1213 = CARTESIAN_POINT('',(-0.942375603247,-0.567375603247,
    0.141351002701));
#1214 = CARTESIAN_POINT('',(-0.999827576486,-0.624827576486,
    0.79803006172));
#1215 = CARTESIAN_POINT('',(-0.892941376831,-0.567751111736,
    0.145643084367));
#1216 = CARTESIAN_POINT('',(-0.95039335007,-0.625203084975,
    0.802322143386));
#1217 = ADVANCED_FACE('',(#1218),#1228,.T.);
#1218 = FACE_BOUND('',#1219,.T.);
#1219 = EDGE_LOOP('',(#1220,#1221,#1222));
#1220 = ORIENTED_EDGE('',*,*,#1164,.T.);
#1221 = ORIENTED_EDGE('',*,*,#1143,.T.);
#1222 = ORIENTED_EDGE('',*,*,#1223,.F.);
#1223 = EDGE_CURVE('',#96,#565,#1224,.T.);
#1224 = ( BOUNDED_CURVE() B_SPLINE_CURVE(2,(#1225,#1226,#1227),
.UNSPECIFIED.,.F.,.F.) B_SPLINE_CURVE_WITH_KNOTS((3,3),(0.,
1.483529864195),.PIECEWISE_BEZIER_KNOTS.) CURVE() 
GEOMETRIC_REPRESENTATION_ITEM() RATIONAL_B_SPLINE_CURVE((1.,
0.73727733681,1.)) REPRESENTATION_ITEM('') );
#1225 = CARTESIAN_POINT('',(0.892941376831,-0.517941376831,
    0.100000871504));
#1226 = CARTESIAN_POINT('',(0.892941376831,-0.563757935532,
    0.100000871504));
#1227 = CARTESIAN_POINT('',(0.892941376831,-0.567751111736,
    0.145643084367));
#1228 = ( BOUNDED_SURFACE() B_SPLINE_SURFACE(2,2,(
    (#1229,#1230,#1231)
    ,(#1232,#1233,#1234)
    ,(#1235,#1236,#1237
)),.UNSPECIFIED.,.F.,.F.,.F.) B_SPLINE_SURFACE_WITH_KNOTS((3,3),(3,3),(
    3.22885911619,4.712388980385),(-1.483529864195,0.),
.PIECEWISE_BEZIER_KNOTS.) GEOMETRIC_REPRESENTATION_ITEM() 
RATIONAL_B_SPLINE_SURFACE((
    (1.,0.73727733681,1.)
    ,(0.73727733681,0.543577871374,0.73727733681)
,(1.,0.73727733681,1.))) REPRESENTATION_ITEM('') SURFACE() );
#1229 = CARTESIAN_POINT('',(0.897282581273,-0.567751111736,0.14962106533
    ));
#1230 = CARTESIAN_POINT('',(0.942751111736,-0.563757935532,
    0.145643084367));
#1231 = CARTESIAN_POINT('',(0.942751111736,-0.517941376831,
    0.145643084367));
#1232 = CARTESIAN_POINT('',(0.896934553035,-0.567751111736,
    0.145643084367));
#1233 = CARTESIAN_POINT('',(0.938757935532,-0.563757935532,
    0.100000871504));
#1234 = CARTESIAN_POINT('',(0.938757935532,-0.517941376831,
    0.100000871504));
#1235 = CARTESIAN_POINT('',(0.892941376831,-0.567751111736,
    0.145643084367));
#1236 = CARTESIAN_POINT('',(0.892941376831,-0.563757935532,
    0.100000871504));
#1237 = CARTESIAN_POINT('',(0.892941376831,-0.517941376831,
    0.100000871504));
#1238 = ADVANCED_FACE('',(#1239),#1249,.T.);
#1239 = FACE_BOUND('',#1240,.T.);
#1240 = EDGE_LOOP('',(#1241,#1242,#1243));
#1241 = ORIENTED_EDGE('',*,*,#1202,.T.);
#1242 = ORIENTED_EDGE('',*,*,#1183,.T.);
#1243 = ORIENTED_EDGE('',*,*,#1244,.F.);
#1244 = EDGE_CURVE('',#558,#103,#1245,.T.);
#1245 = ( BOUNDED_CURVE() B_SPLINE_CURVE(2,(#1246,#1247,#1248),
.UNSPECIFIED.,.F.,.F.) B_SPLINE_CURVE_WITH_KNOTS((3,3),(1.658062789395,
3.14159265359),.PIECEWISE_BEZIER_KNOTS.) CURVE() 
GEOMETRIC_REPRESENTATION_ITEM() RATIONAL_B_SPLINE_CURVE((1.,
0.73727733681,1.)) REPRESENTATION_ITEM('') );
#1246 = CARTESIAN_POINT('',(-0.892941376831,-0.567751111736,
    0.145643084367));
#1247 = CARTESIAN_POINT('',(-0.892941376831,-0.563757935532,
    0.100000871504));
#1248 = CARTESIAN_POINT('',(-0.892941376831,-0.517941376831,
    0.100000871504));
#1249 = ( BOUNDED_SURFACE() B_SPLINE_SURFACE(2,2,(
    (#1250,#1251,#1252)
    ,(#1253,#1254,#1255)
    ,(#1256,#1257,#1258
)),.UNSPECIFIED.,.F.,.F.,.F.) B_SPLINE_SURFACE_WITH_KNOTS((3,3),(3,3),(
    4.712388980385,6.19591884458),(-1.483529864195,0.),
.PIECEWISE_BEZIER_KNOTS.) GEOMETRIC_REPRESENTATION_ITEM() 
RATIONAL_B_SPLINE_SURFACE((
    (1.,0.73727733681,1.)
    ,(0.73727733681,0.543577871374,0.73727733681)
,(1.,0.73727733681,1.))) REPRESENTATION_ITEM('') SURFACE() );
#1250 = CARTESIAN_POINT('',(-0.892941376831,-0.567751111736,
    0.145643084367));
#1251 = CARTESIAN_POINT('',(-0.892941376831,-0.563757935532,
    0.100000871504));
#1252 = CARTESIAN_POINT('',(-0.892941376831,-0.517941376831,
    0.100000871504));
#1253 = CARTESIAN_POINT('',(-0.896934553035,-0.567751111736,
    0.145643084367));
#1254 = CARTESIAN_POINT('',(-0.938757935532,-0.563757935532,
    0.100000871504));
#1255 = CARTESIAN_POINT('',(-0.938757935532,-0.517941376831,
    0.100000871504));
#1256 = CARTESIAN_POINT('',(-0.897282581273,-0.567751111736,
    0.14962106533));
#1257 = CARTESIAN_POINT('',(-0.942751111736,-0.563757935532,
    0.145643084367));
#1258 = CARTESIAN_POINT('',(-0.942751111736,-0.517941376831,
    0.145643084367));
#1259 = ADVANCED_FACE('',(#1260),#1266,.T.);
#1260 = FACE_BOUND('',#1261,.T.);
#1261 = EDGE_LOOP('',(#1262,#1263,#1264,#1265));
#1262 = ORIENTED_EDGE('',*,*,#1223,.T.);
#1263 = ORIENTED_EDGE('',*,*,#564,.F.);
#1264 = ORIENTED_EDGE('',*,*,#1244,.T.);
#1265 = ORIENTED_EDGE('',*,*,#102,.F.);
#1266 = ( BOUNDED_SURFACE() B_SPLINE_SURFACE(2,1,(
    (#1267,#1268)
    ,(#1269,#1270)
    ,(#1271,#1272
)),.UNSPECIFIED.,.F.,.F.,.F.) B_SPLINE_SURFACE_WITH_KNOTS((3,3),(2,2),(
    3.14159265359,4.625122517785),(-0.892941376831,0.892941376831),
.PIECEWISE_BEZIER_KNOTS.) GEOMETRIC_REPRESENTATION_ITEM() 
RATIONAL_B_SPLINE_SURFACE((
    (1.,1.)
    ,(0.73727733681,0.73727733681)
,(1.,1.))) REPRESENTATION_ITEM('') SURFACE() );
#1267 = CARTESIAN_POINT('',(0.892941376831,-0.517941376831,
    0.100000871504));
#1268 = CARTESIAN_POINT('',(-0.892941376831,-0.517941376831,
    0.100000871504));
#1269 = CARTESIAN_POINT('',(0.892941376831,-0.563757935532,
    0.100000871504));
#1270 = CARTESIAN_POINT('',(-0.892941376831,-0.563757935532,
    0.100000871504));
#1271 = CARTESIAN_POINT('',(0.892941376831,-0.567751111736,
    0.145643084367));
#1272 = CARTESIAN_POINT('',(-0.892941376831,-0.567751111736,
    0.145643084367));
#1273 = ADVANCED_FACE('',(#1274),#1284,.F.);
#1274 = FACE_BOUND('',#1275,.T.);
#1275 = EDGE_LOOP('',(#1276,#1277,#1282,#1283));
#1276 = ORIENTED_EDGE('',*,*,#729,.T.);
#1277 = ORIENTED_EDGE('',*,*,#1278,.F.);
#1278 = EDGE_CURVE('',#906,#730,#1279,.T.);
#1279 = B_SPLINE_CURVE_WITH_KNOTS('',1,(#1280,#1281),.UNSPECIFIED.,.F.,
  .F.,(2,2),(0.272215055618,1.357283273267),.PIECEWISE_BEZIER_KNOTS.);
#1280 = CARTESIAN_POINT('',(-0.579620210946,-0.542534108824,
    1.099900871504));
#1281 = CARTESIAN_POINT('',(-0.579620210946,0.542534108824,
    1.099900871504));
#1282 = ORIENTED_EDGE('',*,*,#905,.T.);
#1283 = ORIENTED_EDGE('',*,*,#21,.T.);
#1284 = B_SPLINE_SURFACE_WITH_KNOTS('',1,1,(
    (#1285,#1286)
    ,(#1287,#1288
    )),.UNSPECIFIED.,.F.,.F.,.F.,(2,2),(2,2),(-9.999999999999E-05,
    3.816391647149E-16),(0.272215055618,1.357283273267),
  .PIECEWISE_BEZIER_KNOTS.);
#1285 = CARTESIAN_POINT('',(-0.579620210946,-0.542534108824,
    1.100000871504));
#1286 = CARTESIAN_POINT('',(-0.579620210946,0.542534108824,
    1.100000871504));
#1287 = CARTESIAN_POINT('',(-0.579620210946,-0.542534108824,
    1.099900871504));
#1288 = CARTESIAN_POINT('',(-0.579620210946,0.542534108824,
    1.099900871504));
#1289 = ADVANCED_FACE('',(#1290),#1300,.F.);
#1290 = FACE_BOUND('',#1291,.T.);
#1291 = EDGE_LOOP('',(#1292,#1293,#1294,#1295));
#1292 = ORIENTED_EDGE('',*,*,#752,.T.);
#1293 = ORIENTED_EDGE('',*,*,#57,.T.);
#1294 = ORIENTED_EDGE('',*,*,#920,.T.);
#1295 = ORIENTED_EDGE('',*,*,#1296,.F.);
#1296 = EDGE_CURVE('',#753,#914,#1297,.T.);
#1297 = B_SPLINE_CURVE_WITH_KNOTS('',1,(#1298,#1299),.UNSPECIFIED.,.F.,
  .F.,(2,2),(-1.357283273267,-0.272215055618),.PIECEWISE_BEZIER_KNOTS.);
#1298 = CARTESIAN_POINT('',(-0.789595834533,0.542534108824,
    1.099900871504));
#1299 = CARTESIAN_POINT('',(-0.789595834533,-0.542534108824,
    1.099900871504));
#1300 = B_SPLINE_SURFACE_WITH_KNOTS('',1,1,(
    (#1301,#1302)
    ,(#1303,#1304
    )),.UNSPECIFIED.,.F.,.F.,.F.,(2,2),(2,2),(-3.885780586188E-16,
    9.999999999999E-05),(0.272215055618,1.357283273267),
  .PIECEWISE_BEZIER_KNOTS.);
#1301 = CARTESIAN_POINT('',(-0.789595834533,-0.542534108824,
    1.099900871504));
#1302 = CARTESIAN_POINT('',(-0.789595834533,0.542534108824,
    1.099900871504));
#1303 = CARTESIAN_POINT('',(-0.789595834533,-0.542534108824,
    1.100000871504));
#1304 = CARTESIAN_POINT('',(-0.789595834533,0.542534108824,
    1.100000871504));
#1305 = ADVANCED_FACE('',(#1306),#1312,.F.);
#1306 = FACE_BOUND('',#1307,.T.);
#1307 = EDGE_LOOP('',(#1308,#1309,#1310,#1311));
#1308 = ORIENTED_EDGE('',*,*,#760,.T.);
#1309 = ORIENTED_EDGE('',*,*,#1296,.T.);
#1310 = ORIENTED_EDGE('',*,*,#913,.T.);
#1311 = ORIENTED_EDGE('',*,*,#1278,.T.);
#1312 = B_SPLINE_SURFACE_WITH_KNOTS('',1,1,(
    (#1313,#1314)
    ,(#1315,#1316
    )),.UNSPECIFIED.,.F.,.F.,.F.,(2,2),(2,2),(0.579620210946,
    0.789595834533),(-0.542534108824,0.542534108824),
  .PIECEWISE_BEZIER_KNOTS.);
#1313 = CARTESIAN_POINT('',(-0.579620210946,-0.542534108824,
    1.099900871504));
#1314 = CARTESIAN_POINT('',(-0.579620210946,0.542534108824,
    1.099900871504));
#1315 = CARTESIAN_POINT('',(-0.789595834533,-0.542534108824,
    1.099900871504));
#1316 = CARTESIAN_POINT('',(-0.789595834533,0.542534108824,
    1.099900871504));
#1317 = ADVANCED_FACE('',(#1318),#1348,.F.);
#1318 = FACE_BOUND('',#1319,.T.);
#1319 = EDGE_LOOP('',(#1320,#1329,#1336,#1343));
#1320 = ORIENTED_EDGE('',*,*,#1321,.T.);
#1321 = EDGE_CURVE('',#1322,#1324,#1326,.T.);
#1322 = VERTEX_POINT('',#1323);
#1323 = CARTESIAN_POINT('',(-0.7625,-0.825,0.150000871504));
#1324 = VERTEX_POINT('',#1325);
#1325 = CARTESIAN_POINT('',(-0.7625,-1.05,0.150000871504));
#1326 = B_SPLINE_CURVE_WITH_KNOTS('',1,(#1327,#1328),.UNSPECIFIED.,.F.,
  .F.,(2,2),(0.,0.225),.PIECEWISE_BEZIER_KNOTS.);
#1327 = CARTESIAN_POINT('',(-0.7625,-0.825,0.150000871504));
#1328 = CARTESIAN_POINT('',(-0.7625,-1.05,0.150000871504));
#1329 = ORIENTED_EDGE('',*,*,#1330,.F.);
#1330 = EDGE_CURVE('',#1331,#1324,#1333,.T.);
#1331 = VERTEX_POINT('',#1332);
#1332 = CARTESIAN_POINT('',(-0.5375,-1.05,0.150000871504));
#1333 = B_SPLINE_CURVE_WITH_KNOTS('',1,(#1334,#1335),.UNSPECIFIED.,.F.,
  .F.,(2,2),(-0.,0.225),.PIECEWISE_BEZIER_KNOTS.);
#1334 = CARTESIAN_POINT('',(-0.5375,-1.05,0.150000871504));
#1335 = CARTESIAN_POINT('',(-0.7625,-1.05,0.150000871504));
#1336 = ORIENTED_EDGE('',*,*,#1337,.F.);
#1337 = EDGE_CURVE('',#1338,#1331,#1340,.T.);
#1338 = VERTEX_POINT('',#1339);
#1339 = CARTESIAN_POINT('',(-0.5375,-0.825,0.150000871504));
#1340 = B_SPLINE_CURVE_WITH_KNOTS('',1,(#1341,#1342),.UNSPECIFIED.,.F.,
  .F.,(2,2),(0.,0.225),.PIECEWISE_BEZIER_KNOTS.);
#1341 = CARTESIAN_POINT('',(-0.5375,-0.825,0.150000871504));
#1342 = CARTESIAN_POINT('',(-0.5375,-1.05,0.150000871504));
#1343 = ORIENTED_EDGE('',*,*,#1344,.T.);
#1344 = EDGE_CURVE('',#1338,#1322,#1345,.T.);
#1345 = B_SPLINE_CURVE_WITH_KNOTS('',1,(#1346,#1347),.UNSPECIFIED.,.F.,
  .F.,(2,2),(-0.,0.225),.PIECEWISE_BEZIER_KNOTS.);
#1346 = CARTESIAN_POINT('',(-0.5375,-0.825,0.150000871504));
#1347 = CARTESIAN_POINT('',(-0.7625,-0.825,0.150000871504));
#1348 = B_SPLINE_SURFACE_WITH_KNOTS('',1,1,(
    (#1349,#1350)
    ,(#1351,#1352
    )),.UNSPECIFIED.,.F.,.F.,.F.,(2,2),(2,2),(-0.225,0.),(-0.225,0.),
  .PIECEWISE_BEZIER_KNOTS.);
#1349 = CARTESIAN_POINT('',(-0.7625,-1.05,0.150000871504));
#1350 = CARTESIAN_POINT('',(-0.5375,-1.05,0.150000871504));
#1351 = CARTESIAN_POINT('',(-0.7625,-0.825,0.150000871504));
#1352 = CARTESIAN_POINT('',(-0.5375,-0.825,0.150000871504));
#1353 = ADVANCED_FACE('',(#1354),#1376,.T.);
#1354 = FACE_BOUND('',#1355,.T.);
#1355 = EDGE_LOOP('',(#1356,#1363,#1370,#1375));
#1356 = ORIENTED_EDGE('',*,*,#1357,.F.);
#1357 = EDGE_CURVE('',#1358,#1324,#1360,.T.);
#1358 = VERTEX_POINT('',#1359);
#1359 = CARTESIAN_POINT('',(-0.7625,-1.05,8.715044625585E-07));
#1360 = B_SPLINE_CURVE_WITH_KNOTS('',1,(#1361,#1362),.UNSPECIFIED.,.F.,
  .F.,(2,2),(0.,0.15),.PIECEWISE_BEZIER_KNOTS.);
#1361 = CARTESIAN_POINT('',(-0.7625,-1.05,8.715044625585E-07));
#1362 = CARTESIAN_POINT('',(-0.7625,-1.05,0.150000871504));
#1363 = ORIENTED_EDGE('',*,*,#1364,.F.);
#1364 = EDGE_CURVE('',#1365,#1358,#1367,.T.);
#1365 = VERTEX_POINT('',#1366);
#1366 = CARTESIAN_POINT('',(-0.5375,-1.05,8.715044625585E-07));
#1367 = B_SPLINE_CURVE_WITH_KNOTS('',1,(#1368,#1369),.UNSPECIFIED.,.F.,
  .F.,(2,2),(-0.,0.225),.PIECEWISE_BEZIER_KNOTS.);
#1368 = CARTESIAN_POINT('',(-0.5375,-1.05,8.715044625585E-07));
#1369 = CARTESIAN_POINT('',(-0.7625,-1.05,8.715044625585E-07));
#1370 = ORIENTED_EDGE('',*,*,#1371,.T.);
#1371 = EDGE_CURVE('',#1365,#1331,#1372,.T.);
#1372 = B_SPLINE_CURVE_WITH_KNOTS('',1,(#1373,#1374),.UNSPECIFIED.,.F.,
  .F.,(2,2),(0.,0.15),.PIECEWISE_BEZIER_KNOTS.);
#1373 = CARTESIAN_POINT('',(-0.5375,-1.05,8.715044625585E-07));
#1374 = CARTESIAN_POINT('',(-0.5375,-1.05,0.150000871504));
#1375 = ORIENTED_EDGE('',*,*,#1330,.T.);
#1376 = B_SPLINE_SURFACE_WITH_KNOTS('',1,1,(
    (#1377,#1378)
    ,(#1379,#1380
    )),.UNSPECIFIED.,.F.,.F.,.F.,(2,2),(2,2),(-0.15,0.),(-0.225,0.),
  .PIECEWISE_BEZIER_KNOTS.);
#1377 = CARTESIAN_POINT('',(-0.7625,-1.05,0.150000871504));
#1378 = CARTESIAN_POINT('',(-0.5375,-1.05,0.150000871504));
#1379 = CARTESIAN_POINT('',(-0.7625,-1.05,8.715044625585E-07));
#1380 = CARTESIAN_POINT('',(-0.5375,-1.05,8.715044625585E-07));
#1381 = ADVANCED_FACE('',(#1382),#1404,.T.);
#1382 = FACE_BOUND('',#1383,.T.);
#1383 = EDGE_LOOP('',(#1384,#1391,#1398,#1403));
#1384 = ORIENTED_EDGE('',*,*,#1385,.F.);
#1385 = EDGE_CURVE('',#1386,#1358,#1388,.T.);
#1386 = VERTEX_POINT('',#1387);
#1387 = CARTESIAN_POINT('',(-0.7625,-0.825,8.715044625856E-07));
#1388 = B_SPLINE_CURVE_WITH_KNOTS('',1,(#1389,#1390),.UNSPECIFIED.,.F.,
  .F.,(2,2),(0.,0.225),.PIECEWISE_BEZIER_KNOTS.);
#1389 = CARTESIAN_POINT('',(-0.7625,-0.825,8.715044625856E-07));
#1390 = CARTESIAN_POINT('',(-0.7625,-1.05,8.715044625585E-07));
#1391 = ORIENTED_EDGE('',*,*,#1392,.F.);
#1392 = EDGE_CURVE('',#1393,#1386,#1395,.T.);
#1393 = VERTEX_POINT('',#1394);
#1394 = CARTESIAN_POINT('',(-0.5375,-0.825,8.715044625856E-07));
#1395 = B_SPLINE_CURVE_WITH_KNOTS('',1,(#1396,#1397),.UNSPECIFIED.,.F.,
  .F.,(2,2),(-0.,0.225),.PIECEWISE_BEZIER_KNOTS.);
#1396 = CARTESIAN_POINT('',(-0.5375,-0.825,8.715044625856E-07));
#1397 = CARTESIAN_POINT('',(-0.7625,-0.825,8.715044625856E-07));
#1398 = ORIENTED_EDGE('',*,*,#1399,.T.);
#1399 = EDGE_CURVE('',#1393,#1365,#1400,.T.);
#1400 = B_SPLINE_CURVE_WITH_KNOTS('',1,(#1401,#1402),.UNSPECIFIED.,.F.,
  .F.,(2,2),(0.,0.225),.PIECEWISE_BEZIER_KNOTS.);
#1401 = CARTESIAN_POINT('',(-0.5375,-0.825,8.715044625856E-07));
#1402 = CARTESIAN_POINT('',(-0.5375,-1.05,8.715044625585E-07));
#1403 = ORIENTED_EDGE('',*,*,#1364,.T.);
#1404 = B_SPLINE_SURFACE_WITH_KNOTS('',1,1,(
    (#1405,#1406)
    ,(#1407,#1408
    )),.UNSPECIFIED.,.F.,.F.,.F.,(2,2),(2,2),(-0.225,0.),(-0.225,0.),
  .PIECEWISE_BEZIER_KNOTS.);
#1405 = CARTESIAN_POINT('',(-0.7625,-1.05,8.715044625585E-07));
#1406 = CARTESIAN_POINT('',(-0.5375,-1.05,8.715044625585E-07));
#1407 = CARTESIAN_POINT('',(-0.7625,-0.825,8.715044625856E-07));
#1408 = CARTESIAN_POINT('',(-0.5375,-0.825,8.715044625856E-07));
#1409 = ADVANCED_FACE('',(#1410),#1434,.T.);
#1410 = FACE_BOUND('',#1411,.T.);
#1411 = EDGE_LOOP('',(#1412,#1420,#1427,#1433));
#1412 = ORIENTED_EDGE('',*,*,#1413,.F.);
#1413 = EDGE_CURVE('',#1414,#1386,#1416,.T.);
#1414 = VERTEX_POINT('',#1415);
#1415 = CARTESIAN_POINT('',(-0.7625,-0.65,0.175000871504));
#1416 = ( BOUNDED_CURVE() B_SPLINE_CURVE(2,(#1417,#1418,#1419),
.UNSPECIFIED.,.F.,.F.) B_SPLINE_CURVE_WITH_KNOTS((3,3),(4.712388980385,
6.28318530718),.PIECEWISE_BEZIER_KNOTS.) CURVE() 
GEOMETRIC_REPRESENTATION_ITEM() RATIONAL_B_SPLINE_CURVE((1.,
0.707106781187,1.)) REPRESENTATION_ITEM('') );
#1417 = CARTESIAN_POINT('',(-0.7625,-0.65,0.175000871504));
#1418 = CARTESIAN_POINT('',(-0.7625,-0.65,8.715044626527E-07));
#1419 = CARTESIAN_POINT('',(-0.7625,-0.825,8.715044625972E-07));
#1420 = ORIENTED_EDGE('',*,*,#1421,.F.);
#1421 = EDGE_CURVE('',#1422,#1414,#1424,.T.);
#1422 = VERTEX_POINT('',#1423);
#1423 = CARTESIAN_POINT('',(-0.5375,-0.65,0.175000871504));
#1424 = B_SPLINE_CURVE_WITH_KNOTS('',1,(#1425,#1426),.UNSPECIFIED.,.F.,
  .F.,(2,2),(-0.,0.225),.PIECEWISE_BEZIER_KNOTS.);
#1425 = CARTESIAN_POINT('',(-0.5375,-0.65,0.175000871504));
#1426 = CARTESIAN_POINT('',(-0.7625,-0.65,0.175000871504));
#1427 = ORIENTED_EDGE('',*,*,#1428,.T.);
#1428 = EDGE_CURVE('',#1422,#1393,#1429,.T.);
#1429 = ( BOUNDED_CURVE() B_SPLINE_CURVE(2,(#1430,#1431,#1432),
.UNSPECIFIED.,.F.,.F.) B_SPLINE_CURVE_WITH_KNOTS((3,3),(4.712388980385,
6.28318530718),.PIECEWISE_BEZIER_KNOTS.) CURVE() 
GEOMETRIC_REPRESENTATION_ITEM() RATIONAL_B_SPLINE_CURVE((1.,
0.707106781187,1.)) REPRESENTATION_ITEM('') );
#1430 = CARTESIAN_POINT('',(-0.5375,-0.65,0.175000871504));
#1431 = CARTESIAN_POINT('',(-0.5375,-0.65,8.715044626527E-07));
#1432 = CARTESIAN_POINT('',(-0.5375,-0.825,8.715044625972E-07));
#1433 = ORIENTED_EDGE('',*,*,#1392,.T.);
#1434 = ( BOUNDED_SURFACE() B_SPLINE_SURFACE(2,1,(
    (#1435,#1436)
    ,(#1437,#1438)
    ,(#1439,#1440
)),.UNSPECIFIED.,.F.,.F.,.F.) B_SPLINE_SURFACE_WITH_KNOTS((3,3),(2,2),(
    1.570796326795,3.14159265359),(0.,0.225),.PIECEWISE_BEZIER_KNOTS.) 
GEOMETRIC_REPRESENTATION_ITEM() RATIONAL_B_SPLINE_SURFACE((
    (1.,1.)
    ,(0.707106781187,0.707106781187)
,(1.,1.))) REPRESENTATION_ITEM('') SURFACE() );
#1435 = CARTESIAN_POINT('',(-0.5375,-0.65,0.175000871504));
#1436 = CARTESIAN_POINT('',(-0.7625,-0.65,0.175000871504));
#1437 = CARTESIAN_POINT('',(-0.5375,-0.65,8.715044626527E-07));
#1438 = CARTESIAN_POINT('',(-0.7625,-0.65,8.715044626527E-07));
#1439 = CARTESIAN_POINT('',(-0.5375,-0.825,8.715044626249E-07));
#1440 = CARTESIAN_POINT('',(-0.7625,-0.825,8.715044626249E-07));
#1441 = ADVANCED_FACE('',(#1442),#1464,.T.);
#1442 = FACE_BOUND('',#1443,.T.);
#1443 = EDGE_LOOP('',(#1444,#1451,#1458,#1463));
#1444 = ORIENTED_EDGE('',*,*,#1445,.F.);
#1445 = EDGE_CURVE('',#1446,#1414,#1448,.T.);
#1446 = VERTEX_POINT('',#1447);
#1447 = CARTESIAN_POINT('',(-0.7625,-0.65,0.700000871504));
#1448 = B_SPLINE_CURVE_WITH_KNOTS('',1,(#1449,#1450),.UNSPECIFIED.,.F.,
  .F.,(2,2),(0.,0.525),.PIECEWISE_BEZIER_KNOTS.);
#1449 = CARTESIAN_POINT('',(-0.7625,-0.65,0.700000871504));
#1450 = CARTESIAN_POINT('',(-0.7625,-0.65,0.175000871504));
#1451 = ORIENTED_EDGE('',*,*,#1452,.F.);
#1452 = EDGE_CURVE('',#1453,#1446,#1455,.T.);
#1453 = VERTEX_POINT('',#1454);
#1454 = CARTESIAN_POINT('',(-0.5375,-0.65,0.700000871504));
#1455 = B_SPLINE_CURVE_WITH_KNOTS('',1,(#1456,#1457),.UNSPECIFIED.,.F.,
  .F.,(2,2),(-0.,0.225),.PIECEWISE_BEZIER_KNOTS.);
#1456 = CARTESIAN_POINT('',(-0.5375,-0.65,0.700000871504));
#1457 = CARTESIAN_POINT('',(-0.7625,-0.65,0.700000871504));
#1458 = ORIENTED_EDGE('',*,*,#1459,.T.);
#1459 = EDGE_CURVE('',#1453,#1422,#1460,.T.);
#1460 = B_SPLINE_CURVE_WITH_KNOTS('',1,(#1461,#1462),.UNSPECIFIED.,.F.,
  .F.,(2,2),(0.,0.525),.PIECEWISE_BEZIER_KNOTS.);
#1461 = CARTESIAN_POINT('',(-0.5375,-0.65,0.700000871504));
#1462 = CARTESIAN_POINT('',(-0.5375,-0.65,0.175000871504));
#1463 = ORIENTED_EDGE('',*,*,#1421,.T.);
#1464 = B_SPLINE_SURFACE_WITH_KNOTS('',1,1,(
    (#1465,#1466)
    ,(#1467,#1468
    )),.UNSPECIFIED.,.F.,.F.,.F.,(2,2),(2,2),(-0.525,0.),(-0.225,0.),
  .PIECEWISE_BEZIER_KNOTS.);
#1465 = CARTESIAN_POINT('',(-0.7625,-0.65,0.175000871504));
#1466 = CARTESIAN_POINT('',(-0.5375,-0.65,0.175000871504));
#1467 = CARTESIAN_POINT('',(-0.7625,-0.65,0.700000871504));
#1468 = CARTESIAN_POINT('',(-0.5375,-0.65,0.700000871504));
#1469 = ADVANCED_FACE('',(#1470),#1494,.F.);
#1470 = FACE_BOUND('',#1471,.F.);
#1471 = EDGE_LOOP('',(#1472,#1473,#1481,#1488));
#1472 = ORIENTED_EDGE('',*,*,#1452,.F.);
#1473 = ORIENTED_EDGE('',*,*,#1474,.F.);
#1474 = EDGE_CURVE('',#1475,#1453,#1477,.T.);
#1475 = VERTEX_POINT('',#1476);
#1476 = CARTESIAN_POINT('',(-0.5375,-0.625,0.725000871504));
#1477 = ( BOUNDED_CURVE() B_SPLINE_CURVE(2,(#1478,#1479,#1480),
.UNSPECIFIED.,.F.,.F.) B_SPLINE_CURVE_WITH_KNOTS((3,3),(3.14159265359,
4.712388980385),.PIECEWISE_BEZIER_KNOTS.) CURVE() 
GEOMETRIC_REPRESENTATION_ITEM() RATIONAL_B_SPLINE_CURVE((1.,
0.707106781187,1.)) REPRESENTATION_ITEM('') );
#1478 = CARTESIAN_POINT('',(-0.5375,-0.625,0.725000871504));
#1479 = CARTESIAN_POINT('',(-0.5375,-0.65,0.725000871504));
#1480 = CARTESIAN_POINT('',(-0.5375,-0.65,0.700000871504));
#1481 = ORIENTED_EDGE('',*,*,#1482,.T.);
#1482 = EDGE_CURVE('',#1475,#1483,#1485,.T.);
#1483 = VERTEX_POINT('',#1484);
#1484 = CARTESIAN_POINT('',(-0.7625,-0.625,0.725000871504));
#1485 = B_SPLINE_CURVE_WITH_KNOTS('',1,(#1486,#1487),.UNSPECIFIED.,.F.,
  .F.,(2,2),(-0.,0.225),.PIECEWISE_BEZIER_KNOTS.);
#1486 = CARTESIAN_POINT('',(-0.5375,-0.625,0.725000871504));
#1487 = CARTESIAN_POINT('',(-0.7625,-0.625,0.725000871504));
#1488 = ORIENTED_EDGE('',*,*,#1489,.T.);
#1489 = EDGE_CURVE('',#1483,#1446,#1490,.T.);
#1490 = ( BOUNDED_CURVE() B_SPLINE_CURVE(2,(#1491,#1492,#1493),
.UNSPECIFIED.,.F.,.F.) B_SPLINE_CURVE_WITH_KNOTS((3,3),(3.14159265359,
4.712388980385),.PIECEWISE_BEZIER_KNOTS.) CURVE() 
GEOMETRIC_REPRESENTATION_ITEM() RATIONAL_B_SPLINE_CURVE((1.,
0.707106781187,1.)) REPRESENTATION_ITEM('') );
#1491 = CARTESIAN_POINT('',(-0.7625,-0.625,0.725000871504));
#1492 = CARTESIAN_POINT('',(-0.7625,-0.65,0.725000871504));
#1493 = CARTESIAN_POINT('',(-0.7625,-0.65,0.700000871504));
#1494 = ( BOUNDED_SURFACE() B_SPLINE_SURFACE(2,1,(
    (#1495,#1496)
    ,(#1497,#1498)
    ,(#1499,#1500
)),.UNSPECIFIED.,.F.,.F.,.F.) B_SPLINE_SURFACE_WITH_KNOTS((3,3),(2,2),(
    4.712388980385,6.28318530718),(0.,0.225),.PIECEWISE_BEZIER_KNOTS.) 
GEOMETRIC_REPRESENTATION_ITEM() RATIONAL_B_SPLINE_SURFACE((
    (1.,1.)
    ,(0.707106781187,0.707106781187)
,(1.,1.))) REPRESENTATION_ITEM('') SURFACE() );
#1495 = CARTESIAN_POINT('',(-0.5375,-0.65,0.700000871504));
#1496 = CARTESIAN_POINT('',(-0.7625,-0.65,0.700000871504));
#1497 = CARTESIAN_POINT('',(-0.5375,-0.65,0.725000871504));
#1498 = CARTESIAN_POINT('',(-0.7625,-0.65,0.725000871504));
#1499 = CARTESIAN_POINT('',(-0.5375,-0.625,0.725000871504));
#1500 = CARTESIAN_POINT('',(-0.7625,-0.625,0.725000871504));
#1501 = ADVANCED_FACE('',(#1502),#1516,.T.);
#1502 = FACE_BOUND('',#1503,.T.);
#1503 = EDGE_LOOP('',(#1504,#1509,#1510,#1515));
#1504 = ORIENTED_EDGE('',*,*,#1505,.F.);
#1505 = EDGE_CURVE('',#545,#1483,#1506,.T.);
#1506 = B_SPLINE_CURVE_WITH_KNOTS('',1,(#1507,#1508),.UNSPECIFIED.,.F.,
  .F.,(2,2),(0.195887227378,0.202448877142),.PIECEWISE_BEZIER_KNOTS.);
#1507 = CARTESIAN_POINT('',(-0.7625,-0.618438350236,0.725000871504));
#1508 = CARTESIAN_POINT('',(-0.7625,-0.625,0.725000871504));
#1509 = ORIENTED_EDGE('',*,*,#544,.T.);
#1510 = ORIENTED_EDGE('',*,*,#1511,.T.);
#1511 = EDGE_CURVE('',#538,#1475,#1512,.T.);
#1512 = B_SPLINE_CURVE_WITH_KNOTS('',1,(#1513,#1514),.UNSPECIFIED.,.F.,
  .F.,(2,2),(0.195887227378,0.202448877142),.PIECEWISE_BEZIER_KNOTS.);
#1513 = CARTESIAN_POINT('',(-0.5375,-0.618438350236,0.725000871504));
#1514 = CARTESIAN_POINT('',(-0.5375,-0.625,0.725000871504));
#1515 = ORIENTED_EDGE('',*,*,#1482,.T.);
#1516 = B_SPLINE_SURFACE_WITH_KNOTS('',1,1,(
    (#1517,#1518)
    ,(#1519,#1520
    )),.UNSPECIFIED.,.F.,.F.,.F.,(2,2),(2,2),(-0.202448877142,
    -0.195887227378),(-0.225,0.),.PIECEWISE_BEZIER_KNOTS.);
#1517 = CARTESIAN_POINT('',(-0.7625,-0.625,0.725000871504));
#1518 = CARTESIAN_POINT('',(-0.5375,-0.625,0.725000871504));
#1519 = CARTESIAN_POINT('',(-0.7625,-0.618438350236,0.725000871504));
#1520 = CARTESIAN_POINT('',(-0.5375,-0.618438350236,0.725000871504));
#1521 = ADVANCED_FACE('',(#1522),#1544,.F.);
#1522 = FACE_BOUND('',#1523,.T.);
#1523 = EDGE_LOOP('',(#1524,#1525,#1532,#1539));
#1524 = ORIENTED_EDGE('',*,*,#428,.F.);
#1525 = ORIENTED_EDGE('',*,*,#1526,.T.);
#1526 = EDGE_CURVE('',#422,#1527,#1529,.T.);
#1527 = VERTEX_POINT('',#1528);
#1528 = CARTESIAN_POINT('',(-0.7625,-0.625,0.875000871504));
#1529 = B_SPLINE_CURVE_WITH_KNOTS('',1,(#1530,#1531),.UNSPECIFIED.,.F.,
  .F.,(2,2),(0.191908314539,0.202448877142),.PIECEWISE_BEZIER_KNOTS.);
#1530 = CARTESIAN_POINT('',(-0.7625,-0.614459437397,0.875000871504));
#1531 = CARTESIAN_POINT('',(-0.7625,-0.625,0.875000871504));
#1532 = ORIENTED_EDGE('',*,*,#1533,.F.);
#1533 = EDGE_CURVE('',#1534,#1527,#1536,.T.);
#1534 = VERTEX_POINT('',#1535);
#1535 = CARTESIAN_POINT('',(-0.5375,-0.625,0.875000871504));
#1536 = B_SPLINE_CURVE_WITH_KNOTS('',1,(#1537,#1538),.UNSPECIFIED.,.F.,
  .F.,(2,2),(-0.,0.225),.PIECEWISE_BEZIER_KNOTS.);
#1537 = CARTESIAN_POINT('',(-0.5375,-0.625,0.875000871504));
#1538 = CARTESIAN_POINT('',(-0.7625,-0.625,0.875000871504));
#1539 = ORIENTED_EDGE('',*,*,#1540,.F.);
#1540 = EDGE_CURVE('',#429,#1534,#1541,.T.);
#1541 = B_SPLINE_CURVE_WITH_KNOTS('',1,(#1542,#1543),.UNSPECIFIED.,.F.,
  .F.,(2,2),(0.191908314539,0.202448877142),.PIECEWISE_BEZIER_KNOTS.);
#1542 = CARTESIAN_POINT('',(-0.5375,-0.614459437397,0.875000871504));
#1543 = CARTESIAN_POINT('',(-0.5375,-0.625,0.875000871504));
#1544 = B_SPLINE_SURFACE_WITH_KNOTS('',1,1,(
    (#1545,#1546)
    ,(#1547,#1548
    )),.UNSPECIFIED.,.F.,.F.,.F.,(2,2),(2,2),(-0.202448877142,
    -0.191908314539),(-0.225,0.),.PIECEWISE_BEZIER_KNOTS.);
#1545 = CARTESIAN_POINT('',(-0.7625,-0.625,0.875000871504));
#1546 = CARTESIAN_POINT('',(-0.5375,-0.625,0.875000871504));
#1547 = CARTESIAN_POINT('',(-0.7625,-0.614459437397,0.875000871504));
#1548 = CARTESIAN_POINT('',(-0.5375,-0.614459437397,0.875000871504));
#1549 = ADVANCED_FACE('',(#1550),#1574,.T.);
#1550 = FACE_BOUND('',#1551,.T.);
#1551 = EDGE_LOOP('',(#1552,#1560,#1567,#1573));
#1552 = ORIENTED_EDGE('',*,*,#1553,.T.);
#1553 = EDGE_CURVE('',#1527,#1554,#1556,.T.);
#1554 = VERTEX_POINT('',#1555);
#1555 = CARTESIAN_POINT('',(-0.7625,-0.8,0.700000871504));
#1556 = ( BOUNDED_CURVE() B_SPLINE_CURVE(2,(#1557,#1558,#1559),
.UNSPECIFIED.,.F.,.F.) B_SPLINE_CURVE_WITH_KNOTS((3,3),(3.14159265359,
4.712388980385),.PIECEWISE_BEZIER_KNOTS.) CURVE() 
GEOMETRIC_REPRESENTATION_ITEM() RATIONAL_B_SPLINE_CURVE((1.,
0.707106781187,1.)) REPRESENTATION_ITEM('') );
#1557 = CARTESIAN_POINT('',(-0.7625,-0.625,0.875000871504));
#1558 = CARTESIAN_POINT('',(-0.7625,-0.8,0.875000871504));
#1559 = CARTESIAN_POINT('',(-0.7625,-0.8,0.700000871504));
#1560 = ORIENTED_EDGE('',*,*,#1561,.F.);
#1561 = EDGE_CURVE('',#1562,#1554,#1564,.T.);
#1562 = VERTEX_POINT('',#1563);
#1563 = CARTESIAN_POINT('',(-0.5375,-0.8,0.700000871504));
#1564 = B_SPLINE_CURVE_WITH_KNOTS('',1,(#1565,#1566),.UNSPECIFIED.,.F.,
  .F.,(2,2),(-0.,0.225),.PIECEWISE_BEZIER_KNOTS.);
#1565 = CARTESIAN_POINT('',(-0.5375,-0.8,0.700000871504));
#1566 = CARTESIAN_POINT('',(-0.7625,-0.8,0.700000871504));
#1567 = ORIENTED_EDGE('',*,*,#1568,.F.);
#1568 = EDGE_CURVE('',#1534,#1562,#1569,.T.);
#1569 = ( BOUNDED_CURVE() B_SPLINE_CURVE(2,(#1570,#1571,#1572),
.UNSPECIFIED.,.F.,.F.) B_SPLINE_CURVE_WITH_KNOTS((3,3),(3.14159265359,
4.712388980385),.PIECEWISE_BEZIER_KNOTS.) CURVE() 
GEOMETRIC_REPRESENTATION_ITEM() RATIONAL_B_SPLINE_CURVE((1.,
0.707106781187,1.)) REPRESENTATION_ITEM('') );
#1570 = CARTESIAN_POINT('',(-0.5375,-0.625,0.875000871504));
#1571 = CARTESIAN_POINT('',(-0.5375,-0.8,0.875000871504));
#1572 = CARTESIAN_POINT('',(-0.5375,-0.8,0.700000871504));
#1573 = ORIENTED_EDGE('',*,*,#1533,.T.);
#1574 = ( BOUNDED_SURFACE() B_SPLINE_SURFACE(2,1,(
    (#1575,#1576)
    ,(#1577,#1578)
    ,(#1579,#1580
)),.UNSPECIFIED.,.F.,.F.,.F.) B_SPLINE_SURFACE_WITH_KNOTS((3,3),(2,2),(
    4.712388980385,6.28318530718),(0.,0.225),.PIECEWISE_BEZIER_KNOTS.) 
GEOMETRIC_REPRESENTATION_ITEM() RATIONAL_B_SPLINE_SURFACE((
    (1.,1.)
    ,(0.707106781187,0.707106781187)
,(1.,1.))) REPRESENTATION_ITEM('') SURFACE() );
#1575 = CARTESIAN_POINT('',(-0.5375,-0.8,0.700000871504));
#1576 = CARTESIAN_POINT('',(-0.7625,-0.8,0.700000871504));
#1577 = CARTESIAN_POINT('',(-0.5375,-0.8,0.875000871504));
#1578 = CARTESIAN_POINT('',(-0.7625,-0.8,0.875000871504));
#1579 = CARTESIAN_POINT('',(-0.5375,-0.625,0.875000871504));
#1580 = CARTESIAN_POINT('',(-0.7625,-0.625,0.875000871504));
#1581 = ADVANCED_FACE('',(#1582),#1604,.F.);
#1582 = FACE_BOUND('',#1583,.T.);
#1583 = EDGE_LOOP('',(#1584,#1591,#1598,#1603));
#1584 = ORIENTED_EDGE('',*,*,#1585,.T.);
#1585 = EDGE_CURVE('',#1554,#1586,#1588,.T.);
#1586 = VERTEX_POINT('',#1587);
#1587 = CARTESIAN_POINT('',(-0.7625,-0.8,0.175000871504));
#1588 = B_SPLINE_CURVE_WITH_KNOTS('',1,(#1589,#1590),.UNSPECIFIED.,.F.,
  .F.,(2,2),(0.,0.525),.PIECEWISE_BEZIER_KNOTS.);
#1589 = CARTESIAN_POINT('',(-0.7625,-0.8,0.700000871504));
#1590 = CARTESIAN_POINT('',(-0.7625,-0.8,0.175000871504));
#1591 = ORIENTED_EDGE('',*,*,#1592,.F.);
#1592 = EDGE_CURVE('',#1593,#1586,#1595,.T.);
#1593 = VERTEX_POINT('',#1594);
#1594 = CARTESIAN_POINT('',(-0.5375,-0.8,0.175000871504));
#1595 = B_SPLINE_CURVE_WITH_KNOTS('',1,(#1596,#1597),.UNSPECIFIED.,.F.,
  .F.,(2,2),(-0.,0.225),.PIECEWISE_BEZIER_KNOTS.);
#1596 = CARTESIAN_POINT('',(-0.5375,-0.8,0.175000871504));
#1597 = CARTESIAN_POINT('',(-0.7625,-0.8,0.175000871504));
#1598 = ORIENTED_EDGE('',*,*,#1599,.F.);
#1599 = EDGE_CURVE('',#1562,#1593,#1600,.T.);
#1600 = B_SPLINE_CURVE_WITH_KNOTS('',1,(#1601,#1602),.UNSPECIFIED.,.F.,
  .F.,(2,2),(0.,0.525),.PIECEWISE_BEZIER_KNOTS.);
#1601 = CARTESIAN_POINT('',(-0.5375,-0.8,0.700000871504));
#1602 = CARTESIAN_POINT('',(-0.5375,-0.8,0.175000871504));
#1603 = ORIENTED_EDGE('',*,*,#1561,.T.);
#1604 = B_SPLINE_SURFACE_WITH_KNOTS('',1,1,(
    (#1605,#1606)
    ,(#1607,#1608
    )),.UNSPECIFIED.,.F.,.F.,.F.,(2,2),(2,2),(-0.525,0.),(-0.225,0.),
  .PIECEWISE_BEZIER_KNOTS.);
#1605 = CARTESIAN_POINT('',(-0.7625,-0.8,0.175000871504));
#1606 = CARTESIAN_POINT('',(-0.5375,-0.8,0.175000871504));
#1607 = CARTESIAN_POINT('',(-0.7625,-0.8,0.700000871504));
#1608 = CARTESIAN_POINT('',(-0.5375,-0.8,0.700000871504));
#1609 = ADVANCED_FACE('',(#1610),#1626,.F.);
#1610 = FACE_BOUND('',#1611,.F.);
#1611 = EDGE_LOOP('',(#1612,#1613,#1619,#1620));
#1612 = ORIENTED_EDGE('',*,*,#1592,.F.);
#1613 = ORIENTED_EDGE('',*,*,#1614,.T.);
#1614 = EDGE_CURVE('',#1593,#1338,#1615,.T.);
#1615 = ( BOUNDED_CURVE() B_SPLINE_CURVE(2,(#1616,#1617,#1618),
.UNSPECIFIED.,.F.,.F.) B_SPLINE_CURVE_WITH_KNOTS((3,3),(4.712388980385,
6.28318530718),.PIECEWISE_BEZIER_KNOTS.) CURVE() 
GEOMETRIC_REPRESENTATION_ITEM() RATIONAL_B_SPLINE_CURVE((1.,
0.707106781187,1.)) REPRESENTATION_ITEM('') );
#1616 = CARTESIAN_POINT('',(-0.5375,-0.8,0.175000871504));
#1617 = CARTESIAN_POINT('',(-0.5375,-0.8,0.150000871504));
#1618 = CARTESIAN_POINT('',(-0.5375,-0.825,0.150000871504));
#1619 = ORIENTED_EDGE('',*,*,#1344,.T.);
#1620 = ORIENTED_EDGE('',*,*,#1621,.F.);
#1621 = EDGE_CURVE('',#1586,#1322,#1622,.T.);
#1622 = ( BOUNDED_CURVE() B_SPLINE_CURVE(2,(#1623,#1624,#1625),
.UNSPECIFIED.,.F.,.F.) B_SPLINE_CURVE_WITH_KNOTS((3,3),(4.712388980385,
6.28318530718),.PIECEWISE_BEZIER_KNOTS.) CURVE() 
GEOMETRIC_REPRESENTATION_ITEM() RATIONAL_B_SPLINE_CURVE((1.,
0.707106781187,1.)) REPRESENTATION_ITEM('') );
#1623 = CARTESIAN_POINT('',(-0.7625,-0.8,0.175000871504));
#1624 = CARTESIAN_POINT('',(-0.7625,-0.8,0.150000871504));
#1625 = CARTESIAN_POINT('',(-0.7625,-0.825,0.150000871504));
#1626 = ( BOUNDED_SURFACE() B_SPLINE_SURFACE(2,1,(
    (#1627,#1628)
    ,(#1629,#1630)
    ,(#1631,#1632
)),.UNSPECIFIED.,.F.,.F.,.F.) B_SPLINE_SURFACE_WITH_KNOTS((3,3),(2,2),(
    1.570796326795,3.14159265359),(0.,0.225),.PIECEWISE_BEZIER_KNOTS.) 
GEOMETRIC_REPRESENTATION_ITEM() RATIONAL_B_SPLINE_SURFACE((
    (1.,1.)
    ,(0.707106781187,0.707106781187)
,(1.,1.))) REPRESENTATION_ITEM('') SURFACE() );
#1627 = CARTESIAN_POINT('',(-0.5375,-0.8,0.175000871504));
#1628 = CARTESIAN_POINT('',(-0.7625,-0.8,0.175000871504));
#1629 = CARTESIAN_POINT('',(-0.5375,-0.8,0.150000871504));
#1630 = CARTESIAN_POINT('',(-0.7625,-0.8,0.150000871504));
#1631 = CARTESIAN_POINT('',(-0.5375,-0.825,0.150000871504));
#1632 = CARTESIAN_POINT('',(-0.7625,-0.825,0.150000871504));
#1633 = ADVANCED_FACE('',(#1634),#1649,.T.);
#1634 = FACE_BOUND('',#1635,.T.);
#1635 = EDGE_LOOP('',(#1636,#1637,#1638,#1639,#1640,#1641,#1642,#1643,
    #1644,#1645,#1646,#1647,#1648));
#1636 = ORIENTED_EDGE('',*,*,#537,.T.);
#1637 = ORIENTED_EDGE('',*,*,#435,.T.);
#1638 = ORIENTED_EDGE('',*,*,#1540,.T.);
#1639 = ORIENTED_EDGE('',*,*,#1568,.T.);
#1640 = ORIENTED_EDGE('',*,*,#1599,.T.);
#1641 = ORIENTED_EDGE('',*,*,#1614,.T.);
#1642 = ORIENTED_EDGE('',*,*,#1337,.T.);
#1643 = ORIENTED_EDGE('',*,*,#1371,.F.);
#1644 = ORIENTED_EDGE('',*,*,#1399,.F.);
#1645 = ORIENTED_EDGE('',*,*,#1428,.F.);
#1646 = ORIENTED_EDGE('',*,*,#1459,.F.);
#1647 = ORIENTED_EDGE('',*,*,#1474,.F.);
#1648 = ORIENTED_EDGE('',*,*,#1511,.F.);
#1649 = B_SPLINE_SURFACE_WITH_KNOTS('',1,1,(
    (#1650,#1651)
    ,(#1652,#1653
    )),.UNSPECIFIED.,.F.,.F.,.F.,(2,2),(2,2),(-0.7,0.175),(-0.225,
    0.210540562603),.PIECEWISE_BEZIER_KNOTS.);
#1650 = CARTESIAN_POINT('',(-0.5375,-1.05,0.875000871504));
#1651 = CARTESIAN_POINT('',(-0.5375,-0.614459437397,0.875000871504));
#1652 = CARTESIAN_POINT('',(-0.5375,-1.05,8.715044625694E-07));
#1653 = CARTESIAN_POINT('',(-0.5375,-0.614459437397,8.715044625694E-07)
  );
#1654 = ADVANCED_FACE('',(#1655),#1670,.F.);
#1655 = FACE_BOUND('',#1656,.T.);
#1656 = EDGE_LOOP('',(#1657,#1658,#1659,#1660,#1661,#1662,#1663,#1664,
    #1665,#1666,#1667,#1668,#1669));
#1657 = ORIENTED_EDGE('',*,*,#421,.F.);
#1658 = ORIENTED_EDGE('',*,*,#551,.F.);
#1659 = ORIENTED_EDGE('',*,*,#1505,.T.);
#1660 = ORIENTED_EDGE('',*,*,#1489,.T.);
#1661 = ORIENTED_EDGE('',*,*,#1445,.T.);
#1662 = ORIENTED_EDGE('',*,*,#1413,.T.);
#1663 = ORIENTED_EDGE('',*,*,#1385,.T.);
#1664 = ORIENTED_EDGE('',*,*,#1357,.T.);
#1665 = ORIENTED_EDGE('',*,*,#1321,.F.);
#1666 = ORIENTED_EDGE('',*,*,#1621,.F.);
#1667 = ORIENTED_EDGE('',*,*,#1585,.F.);
#1668 = ORIENTED_EDGE('',*,*,#1553,.F.);
#1669 = ORIENTED_EDGE('',*,*,#1526,.F.);
#1670 = B_SPLINE_SURFACE_WITH_KNOTS('',1,1,(
    (#1671,#1672)
    ,(#1673,#1674
    )),.UNSPECIFIED.,.F.,.F.,.F.,(2,2),(2,2),(-0.7,0.175),(-0.225,
    0.210540562603),.PIECEWISE_BEZIER_KNOTS.);
#1671 = CARTESIAN_POINT('',(-0.7625,-1.05,0.875000871504));
#1672 = CARTESIAN_POINT('',(-0.7625,-0.614459437397,0.875000871504));
#1673 = CARTESIAN_POINT('',(-0.7625,-1.05,8.715044625694E-07));
#1674 = CARTESIAN_POINT('',(-0.7625,-0.614459437397,8.715044625694E-07)
  );
#1675 = ADVANCED_FACE('',(#1676),#1706,.T.);
#1676 = FACE_BOUND('',#1677,.T.);
#1677 = EDGE_LOOP('',(#1678,#1687,#1694,#1701));
#1678 = ORIENTED_EDGE('',*,*,#1679,.F.);
#1679 = EDGE_CURVE('',#1680,#1682,#1684,.T.);
#1680 = VERTEX_POINT('',#1681);
#1681 = CARTESIAN_POINT('',(-0.7625,0.825,0.150000871504));
#1682 = VERTEX_POINT('',#1683);
#1683 = CARTESIAN_POINT('',(-0.7625,1.05,0.150000871504));
#1684 = B_SPLINE_CURVE_WITH_KNOTS('',1,(#1685,#1686),.UNSPECIFIED.,.F.,
  .F.,(2,2),(0.,0.225),.PIECEWISE_BEZIER_KNOTS.);
#1685 = CARTESIAN_POINT('',(-0.7625,0.825,0.150000871504));
#1686 = CARTESIAN_POINT('',(-0.7625,1.05,0.150000871504));
#1687 = ORIENTED_EDGE('',*,*,#1688,.F.);
#1688 = EDGE_CURVE('',#1689,#1680,#1691,.T.);
#1689 = VERTEX_POINT('',#1690);
#1690 = CARTESIAN_POINT('',(-0.5375,0.825,0.150000871504));
#1691 = B_SPLINE_CURVE_WITH_KNOTS('',1,(#1692,#1693),.UNSPECIFIED.,.F.,
  .F.,(2,2),(-0.,0.225),.PIECEWISE_BEZIER_KNOTS.);
#1692 = CARTESIAN_POINT('',(-0.5375,0.825,0.150000871504));
#1693 = CARTESIAN_POINT('',(-0.7625,0.825,0.150000871504));
#1694 = ORIENTED_EDGE('',*,*,#1695,.T.);
#1695 = EDGE_CURVE('',#1689,#1696,#1698,.T.);
#1696 = VERTEX_POINT('',#1697);
#1697 = CARTESIAN_POINT('',(-0.5375,1.05,0.150000871504));
#1698 = B_SPLINE_CURVE_WITH_KNOTS('',1,(#1699,#1700),.UNSPECIFIED.,.F.,
  .F.,(2,2),(0.,0.225),.PIECEWISE_BEZIER_KNOTS.);
#1699 = CARTESIAN_POINT('',(-0.5375,0.825,0.150000871504));
#1700 = CARTESIAN_POINT('',(-0.5375,1.05,0.150000871504));
#1701 = ORIENTED_EDGE('',*,*,#1702,.T.);
#1702 = EDGE_CURVE('',#1696,#1682,#1703,.T.);
#1703 = B_SPLINE_CURVE_WITH_KNOTS('',1,(#1704,#1705),.UNSPECIFIED.,.F.,
  .F.,(2,2),(-0.,0.225),.PIECEWISE_BEZIER_KNOTS.);
#1704 = CARTESIAN_POINT('',(-0.5375,1.05,0.150000871504));
#1705 = CARTESIAN_POINT('',(-0.7625,1.05,0.150000871504));
#1706 = B_SPLINE_SURFACE_WITH_KNOTS('',1,1,(
    (#1707,#1708)
    ,(#1709,#1710
    )),.UNSPECIFIED.,.F.,.F.,.F.,(2,2),(2,2),(-0.225,0.),(-0.225,0.),
  .PIECEWISE_BEZIER_KNOTS.);
#1707 = CARTESIAN_POINT('',(-0.7625,1.05,0.150000871504));
#1708 = CARTESIAN_POINT('',(-0.5375,1.05,0.150000871504));
#1709 = CARTESIAN_POINT('',(-0.7625,0.825,0.150000871504));
#1710 = CARTESIAN_POINT('',(-0.5375,0.825,0.150000871504));
#1711 = ADVANCED_FACE('',(#1712),#1736,.F.);
#1712 = FACE_BOUND('',#1713,.F.);
#1713 = EDGE_LOOP('',(#1714,#1715,#1723,#1730));
#1714 = ORIENTED_EDGE('',*,*,#1688,.F.);
#1715 = ORIENTED_EDGE('',*,*,#1716,.F.);
#1716 = EDGE_CURVE('',#1717,#1689,#1719,.T.);
#1717 = VERTEX_POINT('',#1718);
#1718 = CARTESIAN_POINT('',(-0.5375,0.8,0.175000871504));
#1719 = ( BOUNDED_CURVE() B_SPLINE_CURVE(2,(#1720,#1721,#1722),
.UNSPECIFIED.,.F.,.F.) B_SPLINE_CURVE_WITH_KNOTS((3,3),(4.712388980385,
6.28318530718),.PIECEWISE_BEZIER_KNOTS.) CURVE() 
GEOMETRIC_REPRESENTATION_ITEM() RATIONAL_B_SPLINE_CURVE((1.,
0.707106781187,1.)) REPRESENTATION_ITEM('') );
#1720 = CARTESIAN_POINT('',(-0.5375,0.8,0.175000871504));
#1721 = CARTESIAN_POINT('',(-0.5375,0.8,0.150000871504));
#1722 = CARTESIAN_POINT('',(-0.5375,0.825,0.150000871504));
#1723 = ORIENTED_EDGE('',*,*,#1724,.T.);
#1724 = EDGE_CURVE('',#1717,#1725,#1727,.T.);
#1725 = VERTEX_POINT('',#1726);
#1726 = CARTESIAN_POINT('',(-0.7625,0.8,0.175000871504));
#1727 = B_SPLINE_CURVE_WITH_KNOTS('',1,(#1728,#1729),.UNSPECIFIED.,.F.,
  .F.,(2,2),(-0.,0.225),.PIECEWISE_BEZIER_KNOTS.);
#1728 = CARTESIAN_POINT('',(-0.5375,0.8,0.175000871504));
#1729 = CARTESIAN_POINT('',(-0.7625,0.8,0.175000871504));
#1730 = ORIENTED_EDGE('',*,*,#1731,.T.);
#1731 = EDGE_CURVE('',#1725,#1680,#1732,.T.);
#1732 = ( BOUNDED_CURVE() B_SPLINE_CURVE(2,(#1733,#1734,#1735),
.UNSPECIFIED.,.F.,.F.) B_SPLINE_CURVE_WITH_KNOTS((3,3),(4.712388980385,
6.28318530718),.PIECEWISE_BEZIER_KNOTS.) CURVE() 
GEOMETRIC_REPRESENTATION_ITEM() RATIONAL_B_SPLINE_CURVE((1.,
0.707106781187,1.)) REPRESENTATION_ITEM('') );
#1733 = CARTESIAN_POINT('',(-0.7625,0.8,0.175000871504));
#1734 = CARTESIAN_POINT('',(-0.7625,0.8,0.150000871504));
#1735 = CARTESIAN_POINT('',(-0.7625,0.825,0.150000871504));
#1736 = ( BOUNDED_SURFACE() B_SPLINE_SURFACE(2,1,(
    (#1737,#1738)
    ,(#1739,#1740)
    ,(#1741,#1742
)),.UNSPECIFIED.,.F.,.F.,.F.) B_SPLINE_SURFACE_WITH_KNOTS((3,3),(2,2),(
    3.14159265359,4.712388980385),(0.,0.225),.PIECEWISE_BEZIER_KNOTS.) 
GEOMETRIC_REPRESENTATION_ITEM() RATIONAL_B_SPLINE_SURFACE((
    (1.,1.)
    ,(0.707106781187,0.707106781187)
,(1.,1.))) REPRESENTATION_ITEM('') SURFACE() );
#1737 = CARTESIAN_POINT('',(-0.5375,0.825,0.150000871504));
#1738 = CARTESIAN_POINT('',(-0.7625,0.825,0.150000871504));
#1739 = CARTESIAN_POINT('',(-0.5375,0.8,0.150000871504));
#1740 = CARTESIAN_POINT('',(-0.7625,0.8,0.150000871504));
#1741 = CARTESIAN_POINT('',(-0.5375,0.8,0.175000871504));
#1742 = CARTESIAN_POINT('',(-0.7625,0.8,0.175000871504));
#1743 = ADVANCED_FACE('',(#1744),#1766,.T.);
#1744 = FACE_BOUND('',#1745,.T.);
#1745 = EDGE_LOOP('',(#1746,#1753,#1760,#1765));
#1746 = ORIENTED_EDGE('',*,*,#1747,.F.);
#1747 = EDGE_CURVE('',#1748,#1725,#1750,.T.);
#1748 = VERTEX_POINT('',#1749);
#1749 = CARTESIAN_POINT('',(-0.7625,0.8,0.700000871504));
#1750 = B_SPLINE_CURVE_WITH_KNOTS('',1,(#1751,#1752),.UNSPECIFIED.,.F.,
  .F.,(2,2),(0.,0.525),.PIECEWISE_BEZIER_KNOTS.);
#1751 = CARTESIAN_POINT('',(-0.7625,0.8,0.700000871504));
#1752 = CARTESIAN_POINT('',(-0.7625,0.8,0.175000871504));
#1753 = ORIENTED_EDGE('',*,*,#1754,.F.);
#1754 = EDGE_CURVE('',#1755,#1748,#1757,.T.);
#1755 = VERTEX_POINT('',#1756);
#1756 = CARTESIAN_POINT('',(-0.5375,0.8,0.700000871504));
#1757 = B_SPLINE_CURVE_WITH_KNOTS('',1,(#1758,#1759),.UNSPECIFIED.,.F.,
  .F.,(2,2),(-0.,0.225),.PIECEWISE_BEZIER_KNOTS.);
#1758 = CARTESIAN_POINT('',(-0.5375,0.8,0.700000871504));
#1759 = CARTESIAN_POINT('',(-0.7625,0.8,0.700000871504));
#1760 = ORIENTED_EDGE('',*,*,#1761,.T.);
#1761 = EDGE_CURVE('',#1755,#1717,#1762,.T.);
#1762 = B_SPLINE_CURVE_WITH_KNOTS('',1,(#1763,#1764),.UNSPECIFIED.,.F.,
  .F.,(2,2),(0.,0.525),.PIECEWISE_BEZIER_KNOTS.);
#1763 = CARTESIAN_POINT('',(-0.5375,0.8,0.700000871504));
#1764 = CARTESIAN_POINT('',(-0.5375,0.8,0.175000871504));
#1765 = ORIENTED_EDGE('',*,*,#1724,.T.);
#1766 = B_SPLINE_SURFACE_WITH_KNOTS('',1,1,(
    (#1767,#1768)
    ,(#1769,#1770
    )),.UNSPECIFIED.,.F.,.F.,.F.,(2,2),(2,2),(-0.525,0.),(-0.225,0.),
  .PIECEWISE_BEZIER_KNOTS.);
#1767 = CARTESIAN_POINT('',(-0.7625,0.8,0.175000871504));
#1768 = CARTESIAN_POINT('',(-0.5375,0.8,0.175000871504));
#1769 = CARTESIAN_POINT('',(-0.7625,0.8,0.700000871504));
#1770 = CARTESIAN_POINT('',(-0.5375,0.8,0.700000871504));
#1771 = ADVANCED_FACE('',(#1772),#1796,.T.);
#1772 = FACE_BOUND('',#1773,.T.);
#1773 = EDGE_LOOP('',(#1774,#1782,#1789,#1795));
#1774 = ORIENTED_EDGE('',*,*,#1775,.F.);
#1775 = EDGE_CURVE('',#1776,#1748,#1778,.T.);
#1776 = VERTEX_POINT('',#1777);
#1777 = CARTESIAN_POINT('',(-0.7625,0.625,0.875000871504));
#1778 = ( BOUNDED_CURVE() B_SPLINE_CURVE(2,(#1779,#1780,#1781),
.UNSPECIFIED.,.F.,.F.) B_SPLINE_CURVE_WITH_KNOTS((3,3),(3.14159265359,
4.712388980385),.PIECEWISE_BEZIER_KNOTS.) CURVE() 
GEOMETRIC_REPRESENTATION_ITEM() RATIONAL_B_SPLINE_CURVE((1.,
0.707106781187,1.)) REPRESENTATION_ITEM('') );
#1779 = CARTESIAN_POINT('',(-0.7625,0.625,0.875000871504));
#1780 = CARTESIAN_POINT('',(-0.7625,0.8,0.875000871504));
#1781 = CARTESIAN_POINT('',(-0.7625,0.8,0.700000871504));
#1782 = ORIENTED_EDGE('',*,*,#1783,.F.);
#1783 = EDGE_CURVE('',#1784,#1776,#1786,.T.);
#1784 = VERTEX_POINT('',#1785);
#1785 = CARTESIAN_POINT('',(-0.5375,0.625,0.875000871504));
#1786 = B_SPLINE_CURVE_WITH_KNOTS('',1,(#1787,#1788),.UNSPECIFIED.,.F.,
  .F.,(2,2),(-0.,0.225),.PIECEWISE_BEZIER_KNOTS.);
#1787 = CARTESIAN_POINT('',(-0.5375,0.625,0.875000871504));
#1788 = CARTESIAN_POINT('',(-0.7625,0.625,0.875000871504));
#1789 = ORIENTED_EDGE('',*,*,#1790,.T.);
#1790 = EDGE_CURVE('',#1784,#1755,#1791,.T.);
#1791 = ( BOUNDED_CURVE() B_SPLINE_CURVE(2,(#1792,#1793,#1794),
.UNSPECIFIED.,.F.,.F.) B_SPLINE_CURVE_WITH_KNOTS((3,3),(3.14159265359,
4.712388980385),.PIECEWISE_BEZIER_KNOTS.) CURVE() 
GEOMETRIC_REPRESENTATION_ITEM() RATIONAL_B_SPLINE_CURVE((1.,
0.707106781187,1.)) REPRESENTATION_ITEM('') );
#1792 = CARTESIAN_POINT('',(-0.5375,0.625,0.875000871504));
#1793 = CARTESIAN_POINT('',(-0.5375,0.8,0.875000871504));
#1794 = CARTESIAN_POINT('',(-0.5375,0.8,0.700000871504));
#1795 = ORIENTED_EDGE('',*,*,#1754,.T.);
#1796 = ( BOUNDED_SURFACE() B_SPLINE_SURFACE(2,1,(
    (#1797,#1798)
    ,(#1799,#1800)
    ,(#1801,#1802
)),.UNSPECIFIED.,.F.,.F.,.F.) B_SPLINE_SURFACE_WITH_KNOTS((3,3),(2,2),(
    0.,1.570796326795),(0.,0.225),.PIECEWISE_BEZIER_KNOTS.) 
GEOMETRIC_REPRESENTATION_ITEM() RATIONAL_B_SPLINE_SURFACE((
    (1.,1.)
    ,(0.707106781187,0.707106781187)
,(1.,1.))) REPRESENTATION_ITEM('') SURFACE() );
#1797 = CARTESIAN_POINT('',(-0.5375,0.625,0.875000871504));
#1798 = CARTESIAN_POINT('',(-0.7625,0.625,0.875000871504));
#1799 = CARTESIAN_POINT('',(-0.5375,0.8,0.875000871504));
#1800 = CARTESIAN_POINT('',(-0.7625,0.8,0.875000871504));
#1801 = CARTESIAN_POINT('',(-0.5375,0.8,0.700000871504));
#1802 = CARTESIAN_POINT('',(-0.7625,0.8,0.700000871504));
#1803 = ADVANCED_FACE('',(#1804),#1818,.T.);
#1804 = FACE_BOUND('',#1805,.T.);
#1805 = EDGE_LOOP('',(#1806,#1811,#1812,#1817));
#1806 = ORIENTED_EDGE('',*,*,#1807,.F.);
#1807 = EDGE_CURVE('',#195,#1776,#1808,.T.);
#1808 = B_SPLINE_CURVE_WITH_KNOTS('',1,(#1809,#1810),.UNSPECIFIED.,.F.,
  .F.,(2,2),(0.191908314539,0.202448877142),.PIECEWISE_BEZIER_KNOTS.);
#1809 = CARTESIAN_POINT('',(-0.7625,0.614459437397,0.875000871504));
#1810 = CARTESIAN_POINT('',(-0.7625,0.625,0.875000871504));
#1811 = ORIENTED_EDGE('',*,*,#194,.T.);
#1812 = ORIENTED_EDGE('',*,*,#1813,.T.);
#1813 = EDGE_CURVE('',#188,#1784,#1814,.T.);
#1814 = B_SPLINE_CURVE_WITH_KNOTS('',1,(#1815,#1816),.UNSPECIFIED.,.F.,
  .F.,(2,2),(0.191908314539,0.202448877142),.PIECEWISE_BEZIER_KNOTS.);
#1815 = CARTESIAN_POINT('',(-0.5375,0.614459437397,0.875000871504));
#1816 = CARTESIAN_POINT('',(-0.5375,0.625,0.875000871504));
#1817 = ORIENTED_EDGE('',*,*,#1783,.T.);
#1818 = B_SPLINE_SURFACE_WITH_KNOTS('',1,1,(
    (#1819,#1820)
    ,(#1821,#1822
    )),.UNSPECIFIED.,.F.,.F.,.F.,(2,2),(2,2),(-0.202448877142,
    -0.191908314539),(-0.225,0.),.PIECEWISE_BEZIER_KNOTS.);
#1819 = CARTESIAN_POINT('',(-0.7625,0.625,0.875000871504));
#1820 = CARTESIAN_POINT('',(-0.5375,0.625,0.875000871504));
#1821 = CARTESIAN_POINT('',(-0.7625,0.614459437397,0.875000871504));
#1822 = CARTESIAN_POINT('',(-0.5375,0.614459437397,0.875000871504));
#1823 = ADVANCED_FACE('',(#1824),#1846,.F.);
#1824 = FACE_BOUND('',#1825,.T.);
#1825 = EDGE_LOOP('',(#1826,#1827,#1834,#1841));
#1826 = ORIENTED_EDGE('',*,*,#676,.F.);
#1827 = ORIENTED_EDGE('',*,*,#1828,.T.);
#1828 = EDGE_CURVE('',#670,#1829,#1831,.T.);
#1829 = VERTEX_POINT('',#1830);
#1830 = CARTESIAN_POINT('',(-0.7625,0.625,0.725000871504));
#1831 = B_SPLINE_CURVE_WITH_KNOTS('',1,(#1832,#1833),.UNSPECIFIED.,.F.,
  .F.,(2,2),(0.195887227378,0.202448877142),.PIECEWISE_BEZIER_KNOTS.);
#1832 = CARTESIAN_POINT('',(-0.7625,0.618438350236,0.725000871504));
#1833 = CARTESIAN_POINT('',(-0.7625,0.625,0.725000871504));
#1834 = ORIENTED_EDGE('',*,*,#1835,.F.);
#1835 = EDGE_CURVE('',#1836,#1829,#1838,.T.);
#1836 = VERTEX_POINT('',#1837);
#1837 = CARTESIAN_POINT('',(-0.5375,0.625,0.725000871504));
#1838 = B_SPLINE_CURVE_WITH_KNOTS('',1,(#1839,#1840),.UNSPECIFIED.,.F.,
  .F.,(2,2),(-0.,0.225),.PIECEWISE_BEZIER_KNOTS.);
#1839 = CARTESIAN_POINT('',(-0.5375,0.625,0.725000871504));
#1840 = CARTESIAN_POINT('',(-0.7625,0.625,0.725000871504));
#1841 = ORIENTED_EDGE('',*,*,#1842,.F.);
#1842 = EDGE_CURVE('',#677,#1836,#1843,.T.);
#1843 = B_SPLINE_CURVE_WITH_KNOTS('',1,(#1844,#1845),.UNSPECIFIED.,.F.,
  .F.,(2,2),(0.195887227378,0.202448877142),.PIECEWISE_BEZIER_KNOTS.);
#1844 = CARTESIAN_POINT('',(-0.5375,0.618438350236,0.725000871504));
#1845 = CARTESIAN_POINT('',(-0.5375,0.625,0.725000871504));
#1846 = B_SPLINE_SURFACE_WITH_KNOTS('',1,1,(
    (#1847,#1848)
    ,(#1849,#1850
    )),.UNSPECIFIED.,.F.,.F.,.F.,(2,2),(2,2),(-0.202448877142,
    -0.195887227378),(-0.225,0.),.PIECEWISE_BEZIER_KNOTS.);
#1847 = CARTESIAN_POINT('',(-0.7625,0.625,0.725000871504));
#1848 = CARTESIAN_POINT('',(-0.5375,0.625,0.725000871504));
#1849 = CARTESIAN_POINT('',(-0.7625,0.618438350236,0.725000871504));
#1850 = CARTESIAN_POINT('',(-0.5375,0.618438350236,0.725000871504));
#1851 = ADVANCED_FACE('',(#1852),#1876,.F.);
#1852 = FACE_BOUND('',#1853,.F.);
#1853 = EDGE_LOOP('',(#1854,#1855,#1863,#1870));
#1854 = ORIENTED_EDGE('',*,*,#1835,.F.);
#1855 = ORIENTED_EDGE('',*,*,#1856,.T.);
#1856 = EDGE_CURVE('',#1836,#1857,#1859,.T.);
#1857 = VERTEX_POINT('',#1858);
#1858 = CARTESIAN_POINT('',(-0.5375,0.65,0.700000871504));
#1859 = ( BOUNDED_CURVE() B_SPLINE_CURVE(2,(#1860,#1861,#1862),
.UNSPECIFIED.,.F.,.F.) B_SPLINE_CURVE_WITH_KNOTS((3,3),(3.14159265359,
4.712388980385),.PIECEWISE_BEZIER_KNOTS.) CURVE() 
GEOMETRIC_REPRESENTATION_ITEM() RATIONAL_B_SPLINE_CURVE((1.,
0.707106781187,1.)) REPRESENTATION_ITEM('') );
#1860 = CARTESIAN_POINT('',(-0.5375,0.625,0.725000871504));
#1861 = CARTESIAN_POINT('',(-0.5375,0.65,0.725000871504));
#1862 = CARTESIAN_POINT('',(-0.5375,0.65,0.700000871504));
#1863 = ORIENTED_EDGE('',*,*,#1864,.T.);
#1864 = EDGE_CURVE('',#1857,#1865,#1867,.T.);
#1865 = VERTEX_POINT('',#1866);
#1866 = CARTESIAN_POINT('',(-0.7625,0.65,0.700000871504));
#1867 = B_SPLINE_CURVE_WITH_KNOTS('',1,(#1868,#1869),.UNSPECIFIED.,.F.,
  .F.,(2,2),(-0.,0.225),.PIECEWISE_BEZIER_KNOTS.);
#1868 = CARTESIAN_POINT('',(-0.5375,0.65,0.700000871504));
#1869 = CARTESIAN_POINT('',(-0.7625,0.65,0.700000871504));
#1870 = ORIENTED_EDGE('',*,*,#1871,.F.);
#1871 = EDGE_CURVE('',#1829,#1865,#1872,.T.);
#1872 = ( BOUNDED_CURVE() B_SPLINE_CURVE(2,(#1873,#1874,#1875),
.UNSPECIFIED.,.F.,.F.) B_SPLINE_CURVE_WITH_KNOTS((3,3),(3.14159265359,
4.712388980385),.PIECEWISE_BEZIER_KNOTS.) CURVE() 
GEOMETRIC_REPRESENTATION_ITEM() RATIONAL_B_SPLINE_CURVE((1.,
0.707106781187,1.)) REPRESENTATION_ITEM('') );
#1873 = CARTESIAN_POINT('',(-0.7625,0.625,0.725000871504));
#1874 = CARTESIAN_POINT('',(-0.7625,0.65,0.725000871504));
#1875 = CARTESIAN_POINT('',(-0.7625,0.65,0.700000871504));
#1876 = ( BOUNDED_SURFACE() B_SPLINE_SURFACE(2,1,(
    (#1877,#1878)
    ,(#1879,#1880)
    ,(#1881,#1882
)),.UNSPECIFIED.,.F.,.F.,.F.) B_SPLINE_SURFACE_WITH_KNOTS((3,3),(2,2),(
    0.,1.570796326795),(0.,0.225),.PIECEWISE_BEZIER_KNOTS.) 
GEOMETRIC_REPRESENTATION_ITEM() RATIONAL_B_SPLINE_SURFACE((
    (1.,1.)
    ,(0.707106781187,0.707106781187)
,(1.,1.))) REPRESENTATION_ITEM('') SURFACE() );
#1877 = CARTESIAN_POINT('',(-0.5375,0.625,0.725000871504));
#1878 = CARTESIAN_POINT('',(-0.7625,0.625,0.725000871504));
#1879 = CARTESIAN_POINT('',(-0.5375,0.65,0.725000871504));
#1880 = CARTESIAN_POINT('',(-0.7625,0.65,0.725000871504));
#1881 = CARTESIAN_POINT('',(-0.5375,0.65,0.700000871504));
#1882 = CARTESIAN_POINT('',(-0.7625,0.65,0.700000871504));
#1883 = ADVANCED_FACE('',(#1884),#1906,.F.);
#1884 = FACE_BOUND('',#1885,.T.);
#1885 = EDGE_LOOP('',(#1886,#1893,#1900,#1905));
#1886 = ORIENTED_EDGE('',*,*,#1887,.T.);
#1887 = EDGE_CURVE('',#1865,#1888,#1890,.T.);
#1888 = VERTEX_POINT('',#1889);
#1889 = CARTESIAN_POINT('',(-0.7625,0.65,0.175000871504));
#1890 = B_SPLINE_CURVE_WITH_KNOTS('',1,(#1891,#1892),.UNSPECIFIED.,.F.,
  .F.,(2,2),(0.,0.525),.PIECEWISE_BEZIER_KNOTS.);
#1891 = CARTESIAN_POINT('',(-0.7625,0.65,0.700000871504));
#1892 = CARTESIAN_POINT('',(-0.7625,0.65,0.175000871504));
#1893 = ORIENTED_EDGE('',*,*,#1894,.F.);
#1894 = EDGE_CURVE('',#1895,#1888,#1897,.T.);
#1895 = VERTEX_POINT('',#1896);
#1896 = CARTESIAN_POINT('',(-0.5375,0.65,0.175000871504));
#1897 = B_SPLINE_CURVE_WITH_KNOTS('',1,(#1898,#1899),.UNSPECIFIED.,.F.,
  .F.,(2,2),(-0.,0.225),.PIECEWISE_BEZIER_KNOTS.);
#1898 = CARTESIAN_POINT('',(-0.5375,0.65,0.175000871504));
#1899 = CARTESIAN_POINT('',(-0.7625,0.65,0.175000871504));
#1900 = ORIENTED_EDGE('',*,*,#1901,.F.);
#1901 = EDGE_CURVE('',#1857,#1895,#1902,.T.);
#1902 = B_SPLINE_CURVE_WITH_KNOTS('',1,(#1903,#1904),.UNSPECIFIED.,.F.,
  .F.,(2,2),(0.,0.525),.PIECEWISE_BEZIER_KNOTS.);
#1903 = CARTESIAN_POINT('',(-0.5375,0.65,0.700000871504));
#1904 = CARTESIAN_POINT('',(-0.5375,0.65,0.175000871504));
#1905 = ORIENTED_EDGE('',*,*,#1864,.T.);
#1906 = B_SPLINE_SURFACE_WITH_KNOTS('',1,1,(
    (#1907,#1908)
    ,(#1909,#1910
    )),.UNSPECIFIED.,.F.,.F.,.F.,(2,2),(2,2),(-0.525,0.),(-0.225,0.),
  .PIECEWISE_BEZIER_KNOTS.);
#1907 = CARTESIAN_POINT('',(-0.7625,0.65,0.175000871504));
#1908 = CARTESIAN_POINT('',(-0.5375,0.65,0.175000871504));
#1909 = CARTESIAN_POINT('',(-0.7625,0.65,0.700000871504));
#1910 = CARTESIAN_POINT('',(-0.5375,0.65,0.700000871504));
#1911 = ADVANCED_FACE('',(#1912),#1936,.T.);
#1912 = FACE_BOUND('',#1913,.T.);
#1913 = EDGE_LOOP('',(#1914,#1922,#1929,#1935));
#1914 = ORIENTED_EDGE('',*,*,#1915,.T.);
#1915 = EDGE_CURVE('',#1888,#1916,#1918,.T.);
#1916 = VERTEX_POINT('',#1917);
#1917 = CARTESIAN_POINT('',(-0.7625,0.825,8.715044625856E-07));
#1918 = ( BOUNDED_CURVE() B_SPLINE_CURVE(2,(#1919,#1920,#1921),
.UNSPECIFIED.,.F.,.F.) B_SPLINE_CURVE_WITH_KNOTS((3,3),(4.712388980385,
6.28318530718),.PIECEWISE_BEZIER_KNOTS.) CURVE() 
GEOMETRIC_REPRESENTATION_ITEM() RATIONAL_B_SPLINE_CURVE((1.,
0.707106781187,1.)) REPRESENTATION_ITEM('') );
#1919 = CARTESIAN_POINT('',(-0.7625,0.65,0.175000871504));
#1920 = CARTESIAN_POINT('',(-0.7625,0.65,8.715044626527E-07));
#1921 = CARTESIAN_POINT('',(-0.7625,0.825,8.715044625972E-07));
#1922 = ORIENTED_EDGE('',*,*,#1923,.F.);
#1923 = EDGE_CURVE('',#1924,#1916,#1926,.T.);
#1924 = VERTEX_POINT('',#1925);
#1925 = CARTESIAN_POINT('',(-0.5375,0.825,8.715044625856E-07));
#1926 = B_SPLINE_CURVE_WITH_KNOTS('',1,(#1927,#1928),.UNSPECIFIED.,.F.,
  .F.,(2,2),(-0.,0.225),.PIECEWISE_BEZIER_KNOTS.);
#1927 = CARTESIAN_POINT('',(-0.5375,0.825,8.715044625856E-07));
#1928 = CARTESIAN_POINT('',(-0.7625,0.825,8.715044625856E-07));
#1929 = ORIENTED_EDGE('',*,*,#1930,.F.);
#1930 = EDGE_CURVE('',#1895,#1924,#1931,.T.);
#1931 = ( BOUNDED_CURVE() B_SPLINE_CURVE(2,(#1932,#1933,#1934),
.UNSPECIFIED.,.F.,.F.) B_SPLINE_CURVE_WITH_KNOTS((3,3),(4.712388980385,
6.28318530718),.PIECEWISE_BEZIER_KNOTS.) CURVE() 
GEOMETRIC_REPRESENTATION_ITEM() RATIONAL_B_SPLINE_CURVE((1.,
0.707106781187,1.)) REPRESENTATION_ITEM('') );
#1932 = CARTESIAN_POINT('',(-0.5375,0.65,0.175000871504));
#1933 = CARTESIAN_POINT('',(-0.5375,0.65,8.715044626527E-07));
#1934 = CARTESIAN_POINT('',(-0.5375,0.825,8.715044625972E-07));
#1935 = ORIENTED_EDGE('',*,*,#1894,.T.);
#1936 = ( BOUNDED_SURFACE() B_SPLINE_SURFACE(2,1,(
    (#1937,#1938)
    ,(#1939,#1940)
    ,(#1941,#1942
)),.UNSPECIFIED.,.F.,.F.,.F.) B_SPLINE_SURFACE_WITH_KNOTS((3,3),(2,2),(
    3.14159265359,4.712388980385),(0.,0.225),.PIECEWISE_BEZIER_KNOTS.) 
GEOMETRIC_REPRESENTATION_ITEM() RATIONAL_B_SPLINE_SURFACE((
    (1.,1.)
    ,(0.707106781187,0.707106781187)
,(1.,1.))) REPRESENTATION_ITEM('') SURFACE() );
#1937 = CARTESIAN_POINT('',(-0.5375,0.825,8.715044626249E-07));
#1938 = CARTESIAN_POINT('',(-0.7625,0.825,8.715044626249E-07));
#1939 = CARTESIAN_POINT('',(-0.5375,0.65,8.715044625972E-07));
#1940 = CARTESIAN_POINT('',(-0.7625,0.65,8.715044625972E-07));
#1941 = CARTESIAN_POINT('',(-0.5375,0.65,0.175000871504));
#1942 = CARTESIAN_POINT('',(-0.7625,0.65,0.175000871504));
#1943 = ADVANCED_FACE('',(#1944),#1966,.F.);
#1944 = FACE_BOUND('',#1945,.T.);
#1945 = EDGE_LOOP('',(#1946,#1953,#1960,#1965));
#1946 = ORIENTED_EDGE('',*,*,#1947,.T.);
#1947 = EDGE_CURVE('',#1916,#1948,#1950,.T.);
#1948 = VERTEX_POINT('',#1949);
#1949 = CARTESIAN_POINT('',(-0.7625,1.05,8.715044625585E-07));
#1950 = B_SPLINE_CURVE_WITH_KNOTS('',1,(#1951,#1952),.UNSPECIFIED.,.F.,
  .F.,(2,2),(0.,0.225),.PIECEWISE_BEZIER_KNOTS.);
#1951 = CARTESIAN_POINT('',(-0.7625,0.825,8.715044625856E-07));
#1952 = CARTESIAN_POINT('',(-0.7625,1.05,8.715044625585E-07));
#1953 = ORIENTED_EDGE('',*,*,#1954,.F.);
#1954 = EDGE_CURVE('',#1955,#1948,#1957,.T.);
#1955 = VERTEX_POINT('',#1956);
#1956 = CARTESIAN_POINT('',(-0.5375,1.05,8.715044625585E-07));
#1957 = B_SPLINE_CURVE_WITH_KNOTS('',1,(#1958,#1959),.UNSPECIFIED.,.F.,
  .F.,(2,2),(-0.,0.225),.PIECEWISE_BEZIER_KNOTS.);
#1958 = CARTESIAN_POINT('',(-0.5375,1.05,8.715044625585E-07));
#1959 = CARTESIAN_POINT('',(-0.7625,1.05,8.715044625585E-07));
#1960 = ORIENTED_EDGE('',*,*,#1961,.F.);
#1961 = EDGE_CURVE('',#1924,#1955,#1962,.T.);
#1962 = B_SPLINE_CURVE_WITH_KNOTS('',1,(#1963,#1964),.UNSPECIFIED.,.F.,
  .F.,(2,2),(0.,0.225),.PIECEWISE_BEZIER_KNOTS.);
#1963 = CARTESIAN_POINT('',(-0.5375,0.825,8.715044625856E-07));
#1964 = CARTESIAN_POINT('',(-0.5375,1.05,8.715044625585E-07));
#1965 = ORIENTED_EDGE('',*,*,#1923,.T.);
#1966 = B_SPLINE_SURFACE_WITH_KNOTS('',1,1,(
    (#1967,#1968)
    ,(#1969,#1970
    )),.UNSPECIFIED.,.F.,.F.,.F.,(2,2),(2,2),(-0.225,0.),(-0.225,0.),
  .PIECEWISE_BEZIER_KNOTS.);
#1967 = CARTESIAN_POINT('',(-0.7625,1.05,8.715044625585E-07));
#1968 = CARTESIAN_POINT('',(-0.5375,1.05,8.715044625585E-07));
#1969 = CARTESIAN_POINT('',(-0.7625,0.825,8.715044625856E-07));
#1970 = CARTESIAN_POINT('',(-0.5375,0.825,8.715044625856E-07));
#1971 = ADVANCED_FACE('',(#1972),#1986,.F.);
#1972 = FACE_BOUND('',#1973,.T.);
#1973 = EDGE_LOOP('',(#1974,#1979,#1980,#1985));
#1974 = ORIENTED_EDGE('',*,*,#1975,.T.);
#1975 = EDGE_CURVE('',#1948,#1682,#1976,.T.);
#1976 = B_SPLINE_CURVE_WITH_KNOTS('',1,(#1977,#1978),.UNSPECIFIED.,.F.,
  .F.,(2,2),(0.,0.15),.PIECEWISE_BEZIER_KNOTS.);
#1977 = CARTESIAN_POINT('',(-0.7625,1.05,8.715044625585E-07));
#1978 = CARTESIAN_POINT('',(-0.7625,1.05,0.150000871504));
#1979 = ORIENTED_EDGE('',*,*,#1702,.F.);
#1980 = ORIENTED_EDGE('',*,*,#1981,.F.);
#1981 = EDGE_CURVE('',#1955,#1696,#1982,.T.);
#1982 = B_SPLINE_CURVE_WITH_KNOTS('',1,(#1983,#1984),.UNSPECIFIED.,.F.,
  .F.,(2,2),(0.,0.15),.PIECEWISE_BEZIER_KNOTS.);
#1983 = CARTESIAN_POINT('',(-0.5375,1.05,8.715044625585E-07));
#1984 = CARTESIAN_POINT('',(-0.5375,1.05,0.150000871504));
#1985 = ORIENTED_EDGE('',*,*,#1954,.T.);
#1986 = B_SPLINE_SURFACE_WITH_KNOTS('',1,1,(
    (#1987,#1988)
    ,(#1989,#1990
    )),.UNSPECIFIED.,.F.,.F.,.F.,(2,2),(2,2),(-0.15,0.),(-0.225,0.),
  .PIECEWISE_BEZIER_KNOTS.);
#1987 = CARTESIAN_POINT('',(-0.7625,1.05,0.150000871504));
#1988 = CARTESIAN_POINT('',(-0.5375,1.05,0.150000871504));
#1989 = CARTESIAN_POINT('',(-0.7625,1.05,8.715044625585E-07));
#1990 = CARTESIAN_POINT('',(-0.5375,1.05,8.715044625585E-07));
#1991 = ADVANCED_FACE('',(#1992),#2007,.T.);
#1992 = FACE_BOUND('',#1993,.T.);
#1993 = EDGE_LOOP('',(#1994,#1995,#1996,#1997,#1998,#1999,#2000,#2001,
    #2002,#2003,#2004,#2005,#2006));
#1994 = ORIENTED_EDGE('',*,*,#1813,.F.);
#1995 = ORIENTED_EDGE('',*,*,#187,.T.);
#1996 = ORIENTED_EDGE('',*,*,#683,.T.);
#1997 = ORIENTED_EDGE('',*,*,#1842,.T.);
#1998 = ORIENTED_EDGE('',*,*,#1856,.T.);
#1999 = ORIENTED_EDGE('',*,*,#1901,.T.);
#2000 = ORIENTED_EDGE('',*,*,#1930,.T.);
#2001 = ORIENTED_EDGE('',*,*,#1961,.T.);
#2002 = ORIENTED_EDGE('',*,*,#1981,.T.);
#2003 = ORIENTED_EDGE('',*,*,#1695,.F.);
#2004 = ORIENTED_EDGE('',*,*,#1716,.F.);
#2005 = ORIENTED_EDGE('',*,*,#1761,.F.);
#2006 = ORIENTED_EDGE('',*,*,#1790,.F.);
#2007 = B_SPLINE_SURFACE_WITH_KNOTS('',1,1,(
    (#2008,#2009)
    ,(#2010,#2011
    )),.UNSPECIFIED.,.F.,.F.,.F.,(2,2),(2,2),(-0.7,0.175),(
    -0.210540562603,0.225),.PIECEWISE_BEZIER_KNOTS.);
#2008 = CARTESIAN_POINT('',(-0.5375,0.614459437397,0.875000871504));
#2009 = CARTESIAN_POINT('',(-0.5375,1.05,0.875000871504));
#2010 = CARTESIAN_POINT('',(-0.5375,0.614459437397,8.715044625694E-07));
#2011 = CARTESIAN_POINT('',(-0.5375,1.05,8.715044625694E-07));
#2012 = ADVANCED_FACE('',(#2013),#2028,.F.);
#2013 = FACE_BOUND('',#2014,.T.);
#2014 = EDGE_LOOP('',(#2015,#2016,#2017,#2018,#2019,#2020,#2021,#2022,
    #2023,#2024,#2025,#2026,#2027));
#2015 = ORIENTED_EDGE('',*,*,#201,.F.);
#2016 = ORIENTED_EDGE('',*,*,#1807,.T.);
#2017 = ORIENTED_EDGE('',*,*,#1775,.T.);
#2018 = ORIENTED_EDGE('',*,*,#1747,.T.);
#2019 = ORIENTED_EDGE('',*,*,#1731,.T.);
#2020 = ORIENTED_EDGE('',*,*,#1679,.T.);
#2021 = ORIENTED_EDGE('',*,*,#1975,.F.);
#2022 = ORIENTED_EDGE('',*,*,#1947,.F.);
#2023 = ORIENTED_EDGE('',*,*,#1915,.F.);
#2024 = ORIENTED_EDGE('',*,*,#1887,.F.);
#2025 = ORIENTED_EDGE('',*,*,#1871,.F.);
#2026 = ORIENTED_EDGE('',*,*,#1828,.F.);
#2027 = ORIENTED_EDGE('',*,*,#669,.F.);
#2028 = B_SPLINE_SURFACE_WITH_KNOTS('',1,1,(
    (#2029,#2030)
    ,(#2031,#2032
    )),.UNSPECIFIED.,.F.,.F.,.F.,(2,2),(2,2),(-0.7,0.175),(
    -0.210540562603,0.225),.PIECEWISE_BEZIER_KNOTS.);
#2029 = CARTESIAN_POINT('',(-0.7625,0.614459437397,0.875000871504));
#2030 = CARTESIAN_POINT('',(-0.7625,1.05,0.875000871504));
#2031 = CARTESIAN_POINT('',(-0.7625,0.614459437397,8.715044625694E-07));
#2032 = CARTESIAN_POINT('',(-0.7625,1.05,8.715044625694E-07));
#2033 = ADVANCED_FACE('',(#2034),#2064,.T.);
#2034 = FACE_BOUND('',#2035,.T.);
#2035 = EDGE_LOOP('',(#2036,#2045,#2052,#2059));
#2036 = ORIENTED_EDGE('',*,*,#2037,.F.);
#2037 = EDGE_CURVE('',#2038,#2040,#2042,.T.);
#2038 = VERTEX_POINT('',#2039);
#2039 = CARTESIAN_POINT('',(-0.1125,0.825,0.150000871504));
#2040 = VERTEX_POINT('',#2041);
#2041 = CARTESIAN_POINT('',(-0.1125,1.05,0.150000871504));
#2042 = B_SPLINE_CURVE_WITH_KNOTS('',1,(#2043,#2044),.UNSPECIFIED.,.F.,
  .F.,(2,2),(0.,0.225),.PIECEWISE_BEZIER_KNOTS.);
#2043 = CARTESIAN_POINT('',(-0.1125,0.825,0.150000871504));
#2044 = CARTESIAN_POINT('',(-0.1125,1.05,0.150000871504));
#2045 = ORIENTED_EDGE('',*,*,#2046,.F.);
#2046 = EDGE_CURVE('',#2047,#2038,#2049,.T.);
#2047 = VERTEX_POINT('',#2048);
#2048 = CARTESIAN_POINT('',(0.1125,0.825,0.150000871504));
#2049 = B_SPLINE_CURVE_WITH_KNOTS('',1,(#2050,#2051),.UNSPECIFIED.,.F.,
  .F.,(2,2),(-0.,0.225),.PIECEWISE_BEZIER_KNOTS.);
#2050 = CARTESIAN_POINT('',(0.1125,0.825,0.150000871504));
#2051 = CARTESIAN_POINT('',(-0.1125,0.825,0.150000871504));
#2052 = ORIENTED_EDGE('',*,*,#2053,.T.);
#2053 = EDGE_CURVE('',#2047,#2054,#2056,.T.);
#2054 = VERTEX_POINT('',#2055);
#2055 = CARTESIAN_POINT('',(0.1125,1.05,0.150000871504));
#2056 = B_SPLINE_CURVE_WITH_KNOTS('',1,(#2057,#2058),.UNSPECIFIED.,.F.,
  .F.,(2,2),(0.,0.225),.PIECEWISE_BEZIER_KNOTS.);
#2057 = CARTESIAN_POINT('',(0.1125,0.825,0.150000871504));
#2058 = CARTESIAN_POINT('',(0.1125,1.05,0.150000871504));
#2059 = ORIENTED_EDGE('',*,*,#2060,.T.);
#2060 = EDGE_CURVE('',#2054,#2040,#2061,.T.);
#2061 = B_SPLINE_CURVE_WITH_KNOTS('',1,(#2062,#2063),.UNSPECIFIED.,.F.,
  .F.,(2,2),(-0.,0.225),.PIECEWISE_BEZIER_KNOTS.);
#2062 = CARTESIAN_POINT('',(0.1125,1.05,0.150000871504));
#2063 = CARTESIAN_POINT('',(-0.1125,1.05,0.150000871504));
#2064 = B_SPLINE_SURFACE_WITH_KNOTS('',1,1,(
    (#2065,#2066)
    ,(#2067,#2068
    )),.UNSPECIFIED.,.F.,.F.,.F.,(2,2),(2,2),(-0.225,0.),(-0.225,0.),
  .PIECEWISE_BEZIER_KNOTS.);
#2065 = CARTESIAN_POINT('',(-0.1125,1.05,0.150000871504));
#2066 = CARTESIAN_POINT('',(0.1125,1.05,0.150000871504));
#2067 = CARTESIAN_POINT('',(-0.1125,0.825,0.150000871504));
#2068 = CARTESIAN_POINT('',(0.1125,0.825,0.150000871504));
#2069 = ADVANCED_FACE('',(#2070),#2094,.F.);
#2070 = FACE_BOUND('',#2071,.F.);
#2071 = EDGE_LOOP('',(#2072,#2073,#2081,#2088));
#2072 = ORIENTED_EDGE('',*,*,#2046,.F.);
#2073 = ORIENTED_EDGE('',*,*,#2074,.F.);
#2074 = EDGE_CURVE('',#2075,#2047,#2077,.T.);
#2075 = VERTEX_POINT('',#2076);
#2076 = CARTESIAN_POINT('',(0.1125,0.8,0.175000871504));
#2077 = ( BOUNDED_CURVE() B_SPLINE_CURVE(2,(#2078,#2079,#2080),
.UNSPECIFIED.,.F.,.F.) B_SPLINE_CURVE_WITH_KNOTS((3,3),(4.712388980385,
6.28318530718),.PIECEWISE_BEZIER_KNOTS.) CURVE() 
GEOMETRIC_REPRESENTATION_ITEM() RATIONAL_B_SPLINE_CURVE((1.,
0.707106781187,1.)) REPRESENTATION_ITEM('') );
#2078 = CARTESIAN_POINT('',(0.1125,0.8,0.175000871504));
#2079 = CARTESIAN_POINT('',(0.1125,0.8,0.150000871504));
#2080 = CARTESIAN_POINT('',(0.1125,0.825,0.150000871504));
#2081 = ORIENTED_EDGE('',*,*,#2082,.T.);
#2082 = EDGE_CURVE('',#2075,#2083,#2085,.T.);
#2083 = VERTEX_POINT('',#2084);
#2084 = CARTESIAN_POINT('',(-0.1125,0.8,0.175000871504));
#2085 = B_SPLINE_CURVE_WITH_KNOTS('',1,(#2086,#2087),.UNSPECIFIED.,.F.,
  .F.,(2,2),(-0.,0.225),.PIECEWISE_BEZIER_KNOTS.);
#2086 = CARTESIAN_POINT('',(0.1125,0.8,0.175000871504));
#2087 = CARTESIAN_POINT('',(-0.1125,0.8,0.175000871504));
#2088 = ORIENTED_EDGE('',*,*,#2089,.T.);
#2089 = EDGE_CURVE('',#2083,#2038,#2090,.T.);
#2090 = ( BOUNDED_CURVE() B_SPLINE_CURVE(2,(#2091,#2092,#2093),
.UNSPECIFIED.,.F.,.F.) B_SPLINE_CURVE_WITH_KNOTS((3,3),(4.712388980385,
6.28318530718),.PIECEWISE_BEZIER_KNOTS.) CURVE() 
GEOMETRIC_REPRESENTATION_ITEM() RATIONAL_B_SPLINE_CURVE((1.,
0.707106781187,1.)) REPRESENTATION_ITEM('') );
#2091 = CARTESIAN_POINT('',(-0.1125,0.8,0.175000871504));
#2092 = CARTESIAN_POINT('',(-0.1125,0.8,0.150000871504));
#2093 = CARTESIAN_POINT('',(-0.1125,0.825,0.150000871504));
#2094 = ( BOUNDED_SURFACE() B_SPLINE_SURFACE(2,1,(
    (#2095,#2096)
    ,(#2097,#2098)
    ,(#2099,#2100
)),.UNSPECIFIED.,.F.,.F.,.F.) B_SPLINE_SURFACE_WITH_KNOTS((3,3),(2,2),(
    3.14159265359,4.712388980385),(0.,0.225),.PIECEWISE_BEZIER_KNOTS.) 
GEOMETRIC_REPRESENTATION_ITEM() RATIONAL_B_SPLINE_SURFACE((
    (1.,1.)
    ,(0.707106781187,0.707106781187)
,(1.,1.))) REPRESENTATION_ITEM('') SURFACE() );
#2095 = CARTESIAN_POINT('',(0.1125,0.825,0.150000871504));
#2096 = CARTESIAN_POINT('',(-0.1125,0.825,0.150000871504));
#2097 = CARTESIAN_POINT('',(0.1125,0.8,0.150000871504));
#2098 = CARTESIAN_POINT('',(-0.1125,0.8,0.150000871504));
#2099 = CARTESIAN_POINT('',(0.1125,0.8,0.175000871504));
#2100 = CARTESIAN_POINT('',(-0.1125,0.8,0.175000871504));
#2101 = ADVANCED_FACE('',(#2102),#2124,.T.);
#2102 = FACE_BOUND('',#2103,.T.);
#2103 = EDGE_LOOP('',(#2104,#2111,#2118,#2123));
#2104 = ORIENTED_EDGE('',*,*,#2105,.F.);
#2105 = EDGE_CURVE('',#2106,#2083,#2108,.T.);
#2106 = VERTEX_POINT('',#2107);
#2107 = CARTESIAN_POINT('',(-0.1125,0.8,0.700000871504));
#2108 = B_SPLINE_CURVE_WITH_KNOTS('',1,(#2109,#2110),.UNSPECIFIED.,.F.,
  .F.,(2,2),(0.,0.525),.PIECEWISE_BEZIER_KNOTS.);
#2109 = CARTESIAN_POINT('',(-0.1125,0.8,0.700000871504));
#2110 = CARTESIAN_POINT('',(-0.1125,0.8,0.175000871504));
#2111 = ORIENTED_EDGE('',*,*,#2112,.F.);
#2112 = EDGE_CURVE('',#2113,#2106,#2115,.T.);
#2113 = VERTEX_POINT('',#2114);
#2114 = CARTESIAN_POINT('',(0.1125,0.8,0.700000871504));
#2115 = B_SPLINE_CURVE_WITH_KNOTS('',1,(#2116,#2117),.UNSPECIFIED.,.F.,
  .F.,(2,2),(-0.,0.225),.PIECEWISE_BEZIER_KNOTS.);
#2116 = CARTESIAN_POINT('',(0.1125,0.8,0.700000871504));
#2117 = CARTESIAN_POINT('',(-0.1125,0.8,0.700000871504));
#2118 = ORIENTED_EDGE('',*,*,#2119,.T.);
#2119 = EDGE_CURVE('',#2113,#2075,#2120,.T.);
#2120 = B_SPLINE_CURVE_WITH_KNOTS('',1,(#2121,#2122),.UNSPECIFIED.,.F.,
  .F.,(2,2),(0.,0.525),.PIECEWISE_BEZIER_KNOTS.);
#2121 = CARTESIAN_POINT('',(0.1125,0.8,0.700000871504));
#2122 = CARTESIAN_POINT('',(0.1125,0.8,0.175000871504));
#2123 = ORIENTED_EDGE('',*,*,#2082,.T.);
#2124 = B_SPLINE_SURFACE_WITH_KNOTS('',1,1,(
    (#2125,#2126)
    ,(#2127,#2128
    )),.UNSPECIFIED.,.F.,.F.,.F.,(2,2),(2,2),(-0.525,0.),(-0.225,0.),
  .PIECEWISE_BEZIER_KNOTS.);
#2125 = CARTESIAN_POINT('',(-0.1125,0.8,0.175000871504));
#2126 = CARTESIAN_POINT('',(0.1125,0.8,0.175000871504));
#2127 = CARTESIAN_POINT('',(-0.1125,0.8,0.700000871504));
#2128 = CARTESIAN_POINT('',(0.1125,0.8,0.700000871504));
#2129 = ADVANCED_FACE('',(#2130),#2154,.T.);
#2130 = FACE_BOUND('',#2131,.T.);
#2131 = EDGE_LOOP('',(#2132,#2140,#2147,#2153));
#2132 = ORIENTED_EDGE('',*,*,#2133,.F.);
#2133 = EDGE_CURVE('',#2134,#2106,#2136,.T.);
#2134 = VERTEX_POINT('',#2135);
#2135 = CARTESIAN_POINT('',(-0.1125,0.625,0.875000871504));
#2136 = ( BOUNDED_CURVE() B_SPLINE_CURVE(2,(#2137,#2138,#2139),
.UNSPECIFIED.,.F.,.F.) B_SPLINE_CURVE_WITH_KNOTS((3,3),(3.14159265359,
4.712388980385),.PIECEWISE_BEZIER_KNOTS.) CURVE() 
GEOMETRIC_REPRESENTATION_ITEM() RATIONAL_B_SPLINE_CURVE((1.,
0.707106781187,1.)) REPRESENTATION_ITEM('') );
#2137 = CARTESIAN_POINT('',(-0.1125,0.625,0.875000871504));
#2138 = CARTESIAN_POINT('',(-0.1125,0.8,0.875000871504));
#2139 = CARTESIAN_POINT('',(-0.1125,0.8,0.700000871504));
#2140 = ORIENTED_EDGE('',*,*,#2141,.F.);
#2141 = EDGE_CURVE('',#2142,#2134,#2144,.T.);
#2142 = VERTEX_POINT('',#2143);
#2143 = CARTESIAN_POINT('',(0.1125,0.625,0.875000871504));
#2144 = B_SPLINE_CURVE_WITH_KNOTS('',1,(#2145,#2146),.UNSPECIFIED.,.F.,
  .F.,(2,2),(-0.,0.225),.PIECEWISE_BEZIER_KNOTS.);
#2145 = CARTESIAN_POINT('',(0.1125,0.625,0.875000871504));
#2146 = CARTESIAN_POINT('',(-0.1125,0.625,0.875000871504));
#2147 = ORIENTED_EDGE('',*,*,#2148,.T.);
#2148 = EDGE_CURVE('',#2142,#2113,#2149,.T.);
#2149 = ( BOUNDED_CURVE() B_SPLINE_CURVE(2,(#2150,#2151,#2152),
.UNSPECIFIED.,.F.,.F.) B_SPLINE_CURVE_WITH_KNOTS((3,3),(3.14159265359,
4.712388980385),.PIECEWISE_BEZIER_KNOTS.) CURVE() 
GEOMETRIC_REPRESENTATION_ITEM() RATIONAL_B_SPLINE_CURVE((1.,
0.707106781187,1.)) REPRESENTATION_ITEM('') );
#2150 = CARTESIAN_POINT('',(0.1125,0.625,0.875000871504));
#2151 = CARTESIAN_POINT('',(0.1125,0.8,0.875000871504));
#2152 = CARTESIAN_POINT('',(0.1125,0.8,0.700000871504));
#2153 = ORIENTED_EDGE('',*,*,#2112,.T.);
#2154 = ( BOUNDED_SURFACE() B_SPLINE_SURFACE(2,1,(
    (#2155,#2156)
    ,(#2157,#2158)
    ,(#2159,#2160
)),.UNSPECIFIED.,.F.,.F.,.F.) B_SPLINE_SURFACE_WITH_KNOTS((3,3),(2,2),(
    0.,1.570796326795),(0.,0.225),.PIECEWISE_BEZIER_KNOTS.) 
GEOMETRIC_REPRESENTATION_ITEM() RATIONAL_B_SPLINE_SURFACE((
    (1.,1.)
    ,(0.707106781187,0.707106781187)
,(1.,1.))) REPRESENTATION_ITEM('') SURFACE() );
#2155 = CARTESIAN_POINT('',(0.1125,0.625,0.875000871504));
#2156 = CARTESIAN_POINT('',(-0.1125,0.625,0.875000871504));
#2157 = CARTESIAN_POINT('',(0.1125,0.8,0.875000871504));
#2158 = CARTESIAN_POINT('',(-0.1125,0.8,0.875000871504));
#2159 = CARTESIAN_POINT('',(0.1125,0.8,0.700000871504));
#2160 = CARTESIAN_POINT('',(-0.1125,0.8,0.700000871504));
#2161 = ADVANCED_FACE('',(#2162),#2176,.T.);
#2162 = FACE_BOUND('',#2163,.T.);
#2163 = EDGE_LOOP('',(#2164,#2169,#2170,#2175));
#2164 = ORIENTED_EDGE('',*,*,#2165,.F.);
#2165 = EDGE_CURVE('',#167,#2134,#2166,.T.);
#2166 = B_SPLINE_CURVE_WITH_KNOTS('',1,(#2167,#2168),.UNSPECIFIED.,.F.,
  .F.,(2,2),(0.191908314539,0.202448877142),.PIECEWISE_BEZIER_KNOTS.);
#2167 = CARTESIAN_POINT('',(-0.1125,0.614459437397,0.875000871504));
#2168 = CARTESIAN_POINT('',(-0.1125,0.625,0.875000871504));
#2169 = ORIENTED_EDGE('',*,*,#166,.T.);
#2170 = ORIENTED_EDGE('',*,*,#2171,.T.);
#2171 = EDGE_CURVE('',#160,#2142,#2172,.T.);
#2172 = B_SPLINE_CURVE_WITH_KNOTS('',1,(#2173,#2174),.UNSPECIFIED.,.F.,
  .F.,(2,2),(0.191908314539,0.202448877142),.PIECEWISE_BEZIER_KNOTS.);
#2173 = CARTESIAN_POINT('',(0.1125,0.614459437397,0.875000871504));
#2174 = CARTESIAN_POINT('',(0.1125,0.625,0.875000871504));
#2175 = ORIENTED_EDGE('',*,*,#2141,.T.);
#2176 = B_SPLINE_SURFACE_WITH_KNOTS('',1,1,(
    (#2177,#2178)
    ,(#2179,#2180
    )),.UNSPECIFIED.,.F.,.F.,.F.,(2,2),(2,2),(-0.202448877142,
    -0.191908314539),(-0.225,0.),.PIECEWISE_BEZIER_KNOTS.);
#2177 = CARTESIAN_POINT('',(-0.1125,0.625,0.875000871504));
#2178 = CARTESIAN_POINT('',(0.1125,0.625,0.875000871504));
#2179 = CARTESIAN_POINT('',(-0.1125,0.614459437397,0.875000871504));
#2180 = CARTESIAN_POINT('',(0.1125,0.614459437397,0.875000871504));
#2181 = ADVANCED_FACE('',(#2182),#2204,.F.);
#2182 = FACE_BOUND('',#2183,.T.);
#2183 = EDGE_LOOP('',(#2184,#2185,#2192,#2199));
#2184 = ORIENTED_EDGE('',*,*,#696,.F.);
#2185 = ORIENTED_EDGE('',*,*,#2186,.T.);
#2186 = EDGE_CURVE('',#690,#2187,#2189,.T.);
#2187 = VERTEX_POINT('',#2188);
#2188 = CARTESIAN_POINT('',(-0.1125,0.625,0.725000871504));
#2189 = B_SPLINE_CURVE_WITH_KNOTS('',1,(#2190,#2191),.UNSPECIFIED.,.F.,
  .F.,(2,2),(0.195887227378,0.202448877142),.PIECEWISE_BEZIER_KNOTS.);
#2190 = CARTESIAN_POINT('',(-0.1125,0.618438350236,0.725000871504));
#2191 = CARTESIAN_POINT('',(-0.1125,0.625,0.725000871504));
#2192 = ORIENTED_EDGE('',*,*,#2193,.F.);
#2193 = EDGE_CURVE('',#2194,#2187,#2196,.T.);
#2194 = VERTEX_POINT('',#2195);
#2195 = CARTESIAN_POINT('',(0.1125,0.625,0.725000871504));
#2196 = B_SPLINE_CURVE_WITH_KNOTS('',1,(#2197,#2198),.UNSPECIFIED.,.F.,
  .F.,(2,2),(-0.,0.225),.PIECEWISE_BEZIER_KNOTS.);
#2197 = CARTESIAN_POINT('',(0.1125,0.625,0.725000871504));
#2198 = CARTESIAN_POINT('',(-0.1125,0.625,0.725000871504));
#2199 = ORIENTED_EDGE('',*,*,#2200,.F.);
#2200 = EDGE_CURVE('',#697,#2194,#2201,.T.);
#2201 = B_SPLINE_CURVE_WITH_KNOTS('',1,(#2202,#2203),.UNSPECIFIED.,.F.,
  .F.,(2,2),(0.195887227378,0.202448877142),.PIECEWISE_BEZIER_KNOTS.);
#2202 = CARTESIAN_POINT('',(0.1125,0.618438350236,0.725000871504));
#2203 = CARTESIAN_POINT('',(0.1125,0.625,0.725000871504));
#2204 = B_SPLINE_SURFACE_WITH_KNOTS('',1,1,(
    (#2205,#2206)
    ,(#2207,#2208
    )),.UNSPECIFIED.,.F.,.F.,.F.,(2,2),(2,2),(-0.202448877142,
    -0.195887227378),(-0.225,0.),.PIECEWISE_BEZIER_KNOTS.);
#2205 = CARTESIAN_POINT('',(-0.1125,0.625,0.725000871504));
#2206 = CARTESIAN_POINT('',(0.1125,0.625,0.725000871504));
#2207 = CARTESIAN_POINT('',(-0.1125,0.618438350236,0.725000871504));
#2208 = CARTESIAN_POINT('',(0.1125,0.618438350236,0.725000871504));
#2209 = ADVANCED_FACE('',(#2210),#2234,.F.);
#2210 = FACE_BOUND('',#2211,.F.);
#2211 = EDGE_LOOP('',(#2212,#2213,#2221,#2228));
#2212 = ORIENTED_EDGE('',*,*,#2193,.F.);
#2213 = ORIENTED_EDGE('',*,*,#2214,.T.);
#2214 = EDGE_CURVE('',#2194,#2215,#2217,.T.);
#2215 = VERTEX_POINT('',#2216);
#2216 = CARTESIAN_POINT('',(0.1125,0.65,0.700000871504));
#2217 = ( BOUNDED_CURVE() B_SPLINE_CURVE(2,(#2218,#2219,#2220),
.UNSPECIFIED.,.F.,.F.) B_SPLINE_CURVE_WITH_KNOTS((3,3),(3.14159265359,
4.712388980385),.PIECEWISE_BEZIER_KNOTS.) CURVE() 
GEOMETRIC_REPRESENTATION_ITEM() RATIONAL_B_SPLINE_CURVE((1.,
0.707106781187,1.)) REPRESENTATION_ITEM('') );
#2218 = CARTESIAN_POINT('',(0.1125,0.625,0.725000871504));
#2219 = CARTESIAN_POINT('',(0.1125,0.65,0.725000871504));
#2220 = CARTESIAN_POINT('',(0.1125,0.65,0.700000871504));
#2221 = ORIENTED_EDGE('',*,*,#2222,.T.);
#2222 = EDGE_CURVE('',#2215,#2223,#2225,.T.);
#2223 = VERTEX_POINT('',#2224);
#2224 = CARTESIAN_POINT('',(-0.1125,0.65,0.700000871504));
#2225 = B_SPLINE_CURVE_WITH_KNOTS('',1,(#2226,#2227),.UNSPECIFIED.,.F.,
  .F.,(2,2),(-0.,0.225),.PIECEWISE_BEZIER_KNOTS.);
#2226 = CARTESIAN_POINT('',(0.1125,0.65,0.700000871504));
#2227 = CARTESIAN_POINT('',(-0.1125,0.65,0.700000871504));
#2228 = ORIENTED_EDGE('',*,*,#2229,.F.);
#2229 = EDGE_CURVE('',#2187,#2223,#2230,.T.);
#2230 = ( BOUNDED_CURVE() B_SPLINE_CURVE(2,(#2231,#2232,#2233),
.UNSPECIFIED.,.F.,.F.) B_SPLINE_CURVE_WITH_KNOTS((3,3),(3.14159265359,
4.712388980385),.PIECEWISE_BEZIER_KNOTS.) CURVE() 
GEOMETRIC_REPRESENTATION_ITEM() RATIONAL_B_SPLINE_CURVE((1.,
0.707106781187,1.)) REPRESENTATION_ITEM('') );
#2231 = CARTESIAN_POINT('',(-0.1125,0.625,0.725000871504));
#2232 = CARTESIAN_POINT('',(-0.1125,0.65,0.725000871504));
#2233 = CARTESIAN_POINT('',(-0.1125,0.65,0.700000871504));
#2234 = ( BOUNDED_SURFACE() B_SPLINE_SURFACE(2,1,(
    (#2235,#2236)
    ,(#2237,#2238)
    ,(#2239,#2240
)),.UNSPECIFIED.,.F.,.F.,.F.) B_SPLINE_SURFACE_WITH_KNOTS((3,3),(2,2),(
    0.,1.570796326795),(0.,0.225),.PIECEWISE_BEZIER_KNOTS.) 
GEOMETRIC_REPRESENTATION_ITEM() RATIONAL_B_SPLINE_SURFACE((
    (1.,1.)
    ,(0.707106781187,0.707106781187)
,(1.,1.))) REPRESENTATION_ITEM('') SURFACE() );
#2235 = CARTESIAN_POINT('',(0.1125,0.625,0.725000871504));
#2236 = CARTESIAN_POINT('',(-0.1125,0.625,0.725000871504));
#2237 = CARTESIAN_POINT('',(0.1125,0.65,0.725000871504));
#2238 = CARTESIAN_POINT('',(-0.1125,0.65,0.725000871504));
#2239 = CARTESIAN_POINT('',(0.1125,0.65,0.700000871504));
#2240 = CARTESIAN_POINT('',(-0.1125,0.65,0.700000871504));
#2241 = ADVANCED_FACE('',(#2242),#2264,.F.);
#2242 = FACE_BOUND('',#2243,.T.);
#2243 = EDGE_LOOP('',(#2244,#2251,#2258,#2263));
#2244 = ORIENTED_EDGE('',*,*,#2245,.T.);
#2245 = EDGE_CURVE('',#2223,#2246,#2248,.T.);
#2246 = VERTEX_POINT('',#2247);
#2247 = CARTESIAN_POINT('',(-0.1125,0.65,0.175000871504));
#2248 = B_SPLINE_CURVE_WITH_KNOTS('',1,(#2249,#2250),.UNSPECIFIED.,.F.,
  .F.,(2,2),(0.,0.525),.PIECEWISE_BEZIER_KNOTS.);
#2249 = CARTESIAN_POINT('',(-0.1125,0.65,0.700000871504));
#2250 = CARTESIAN_POINT('',(-0.1125,0.65,0.175000871504));
#2251 = ORIENTED_EDGE('',*,*,#2252,.F.);
#2252 = EDGE_CURVE('',#2253,#2246,#2255,.T.);
#2253 = VERTEX_POINT('',#2254);
#2254 = CARTESIAN_POINT('',(0.1125,0.65,0.175000871504));
#2255 = B_SPLINE_CURVE_WITH_KNOTS('',1,(#2256,#2257),.UNSPECIFIED.,.F.,
  .F.,(2,2),(-0.,0.225),.PIECEWISE_BEZIER_KNOTS.);
#2256 = CARTESIAN_POINT('',(0.1125,0.65,0.175000871504));
#2257 = CARTESIAN_POINT('',(-0.1125,0.65,0.175000871504));
#2258 = ORIENTED_EDGE('',*,*,#2259,.F.);
#2259 = EDGE_CURVE('',#2215,#2253,#2260,.T.);
#2260 = B_SPLINE_CURVE_WITH_KNOTS('',1,(#2261,#2262),.UNSPECIFIED.,.F.,
  .F.,(2,2),(0.,0.525),.PIECEWISE_BEZIER_KNOTS.);
#2261 = CARTESIAN_POINT('',(0.1125,0.65,0.700000871504));
#2262 = CARTESIAN_POINT('',(0.1125,0.65,0.175000871504));
#2263 = ORIENTED_EDGE('',*,*,#2222,.T.);
#2264 = B_SPLINE_SURFACE_WITH_KNOTS('',1,1,(
    (#2265,#2266)
    ,(#2267,#2268
    )),.UNSPECIFIED.,.F.,.F.,.F.,(2,2),(2,2),(-0.525,0.),(-0.225,0.),
  .PIECEWISE_BEZIER_KNOTS.);
#2265 = CARTESIAN_POINT('',(-0.1125,0.65,0.175000871504));
#2266 = CARTESIAN_POINT('',(0.1125,0.65,0.175000871504));
#2267 = CARTESIAN_POINT('',(-0.1125,0.65,0.700000871504));
#2268 = CARTESIAN_POINT('',(0.1125,0.65,0.700000871504));
#2269 = ADVANCED_FACE('',(#2270),#2294,.T.);
#2270 = FACE_BOUND('',#2271,.T.);
#2271 = EDGE_LOOP('',(#2272,#2280,#2287,#2293));
#2272 = ORIENTED_EDGE('',*,*,#2273,.T.);
#2273 = EDGE_CURVE('',#2246,#2274,#2276,.T.);
#2274 = VERTEX_POINT('',#2275);
#2275 = CARTESIAN_POINT('',(-0.1125,0.825,8.715044625856E-07));
#2276 = ( BOUNDED_CURVE() B_SPLINE_CURVE(2,(#2277,#2278,#2279),
.UNSPECIFIED.,.F.,.F.) B_SPLINE_CURVE_WITH_KNOTS((3,3),(4.712388980385,
6.28318530718),.PIECEWISE_BEZIER_KNOTS.) CURVE() 
GEOMETRIC_REPRESENTATION_ITEM() RATIONAL_B_SPLINE_CURVE((1.,
0.707106781187,1.)) REPRESENTATION_ITEM('') );
#2277 = CARTESIAN_POINT('',(-0.1125,0.65,0.175000871504));
#2278 = CARTESIAN_POINT('',(-0.1125,0.65,8.715044626527E-07));
#2279 = CARTESIAN_POINT('',(-0.1125,0.825,8.715044625972E-07));
#2280 = ORIENTED_EDGE('',*,*,#2281,.F.);
#2281 = EDGE_CURVE('',#2282,#2274,#2284,.T.);
#2282 = VERTEX_POINT('',#2283);
#2283 = CARTESIAN_POINT('',(0.1125,0.825,8.715044625856E-07));
#2284 = B_SPLINE_CURVE_WITH_KNOTS('',1,(#2285,#2286),.UNSPECIFIED.,.F.,
  .F.,(2,2),(-0.,0.225),.PIECEWISE_BEZIER_KNOTS.);
#2285 = CARTESIAN_POINT('',(0.1125,0.825,8.715044625856E-07));
#2286 = CARTESIAN_POINT('',(-0.1125,0.825,8.715044625856E-07));
#2287 = ORIENTED_EDGE('',*,*,#2288,.F.);
#2288 = EDGE_CURVE('',#2253,#2282,#2289,.T.);
#2289 = ( BOUNDED_CURVE() B_SPLINE_CURVE(2,(#2290,#2291,#2292),
.UNSPECIFIED.,.F.,.F.) B_SPLINE_CURVE_WITH_KNOTS((3,3),(4.712388980385,
6.28318530718),.PIECEWISE_BEZIER_KNOTS.) CURVE() 
GEOMETRIC_REPRESENTATION_ITEM() RATIONAL_B_SPLINE_CURVE((1.,
0.707106781187,1.)) REPRESENTATION_ITEM('') );
#2290 = CARTESIAN_POINT('',(0.1125,0.65,0.175000871504));
#2291 = CARTESIAN_POINT('',(0.1125,0.65,8.715044626527E-07));
#2292 = CARTESIAN_POINT('',(0.1125,0.825,8.715044625972E-07));
#2293 = ORIENTED_EDGE('',*,*,#2252,.T.);
#2294 = ( BOUNDED_SURFACE() B_SPLINE_SURFACE(2,1,(
    (#2295,#2296)
    ,(#2297,#2298)
    ,(#2299,#2300
)),.UNSPECIFIED.,.F.,.F.,.F.) B_SPLINE_SURFACE_WITH_KNOTS((3,3),(2,2),(
    3.14159265359,4.712388980385),(0.,0.225),.PIECEWISE_BEZIER_KNOTS.) 
GEOMETRIC_REPRESENTATION_ITEM() RATIONAL_B_SPLINE_SURFACE((
    (1.,1.)
    ,(0.707106781187,0.707106781187)
,(1.,1.))) REPRESENTATION_ITEM('') SURFACE() );
#2295 = CARTESIAN_POINT('',(0.1125,0.825,8.715044626249E-07));
#2296 = CARTESIAN_POINT('',(-0.1125,0.825,8.715044626249E-07));
#2297 = CARTESIAN_POINT('',(0.1125,0.65,8.715044625972E-07));
#2298 = CARTESIAN_POINT('',(-0.1125,0.65,8.715044625972E-07));
#2299 = CARTESIAN_POINT('',(0.1125,0.65,0.175000871504));
#2300 = CARTESIAN_POINT('',(-0.1125,0.65,0.175000871504));
#2301 = ADVANCED_FACE('',(#2302),#2324,.F.);
#2302 = FACE_BOUND('',#2303,.T.);
#2303 = EDGE_LOOP('',(#2304,#2311,#2318,#2323));
#2304 = ORIENTED_EDGE('',*,*,#2305,.T.);
#2305 = EDGE_CURVE('',#2274,#2306,#2308,.T.);
#2306 = VERTEX_POINT('',#2307);
#2307 = CARTESIAN_POINT('',(-0.1125,1.05,8.715044625585E-07));
#2308 = B_SPLINE_CURVE_WITH_KNOTS('',1,(#2309,#2310),.UNSPECIFIED.,.F.,
  .F.,(2,2),(0.,0.225),.PIECEWISE_BEZIER_KNOTS.);
#2309 = CARTESIAN_POINT('',(-0.1125,0.825,8.715044625856E-07));
#2310 = CARTESIAN_POINT('',(-0.1125,1.05,8.715044625585E-07));
#2311 = ORIENTED_EDGE('',*,*,#2312,.F.);
#2312 = EDGE_CURVE('',#2313,#2306,#2315,.T.);
#2313 = VERTEX_POINT('',#2314);
#2314 = CARTESIAN_POINT('',(0.1125,1.05,8.715044625585E-07));
#2315 = B_SPLINE_CURVE_WITH_KNOTS('',1,(#2316,#2317),.UNSPECIFIED.,.F.,
  .F.,(2,2),(-0.,0.225),.PIECEWISE_BEZIER_KNOTS.);
#2316 = CARTESIAN_POINT('',(0.1125,1.05,8.715044625585E-07));
#2317 = CARTESIAN_POINT('',(-0.1125,1.05,8.715044625585E-07));
#2318 = ORIENTED_EDGE('',*,*,#2319,.F.);
#2319 = EDGE_CURVE('',#2282,#2313,#2320,.T.);
#2320 = B_SPLINE_CURVE_WITH_KNOTS('',1,(#2321,#2322),.UNSPECIFIED.,.F.,
  .F.,(2,2),(0.,0.225),.PIECEWISE_BEZIER_KNOTS.);
#2321 = CARTESIAN_POINT('',(0.1125,0.825,8.715044625856E-07));
#2322 = CARTESIAN_POINT('',(0.1125,1.05,8.715044625585E-07));
#2323 = ORIENTED_EDGE('',*,*,#2281,.T.);
#2324 = B_SPLINE_SURFACE_WITH_KNOTS('',1,1,(
    (#2325,#2326)
    ,(#2327,#2328
    )),.UNSPECIFIED.,.F.,.F.,.F.,(2,2),(2,2),(-0.225,0.),(-0.225,0.),
  .PIECEWISE_BEZIER_KNOTS.);
#2325 = CARTESIAN_POINT('',(-0.1125,1.05,8.715044625585E-07));
#2326 = CARTESIAN_POINT('',(0.1125,1.05,8.715044625585E-07));
#2327 = CARTESIAN_POINT('',(-0.1125,0.825,8.715044625856E-07));
#2328 = CARTESIAN_POINT('',(0.1125,0.825,8.715044625856E-07));
#2329 = ADVANCED_FACE('',(#2330),#2344,.F.);
#2330 = FACE_BOUND('',#2331,.T.);
#2331 = EDGE_LOOP('',(#2332,#2337,#2338,#2343));
#2332 = ORIENTED_EDGE('',*,*,#2333,.T.);
#2333 = EDGE_CURVE('',#2306,#2040,#2334,.T.);
#2334 = B_SPLINE_CURVE_WITH_KNOTS('',1,(#2335,#2336),.UNSPECIFIED.,.F.,
  .F.,(2,2),(0.,0.15),.PIECEWISE_BEZIER_KNOTS.);
#2335 = CARTESIAN_POINT('',(-0.1125,1.05,8.715044625585E-07));
#2336 = CARTESIAN_POINT('',(-0.1125,1.05,0.150000871504));
#2337 = ORIENTED_EDGE('',*,*,#2060,.F.);
#2338 = ORIENTED_EDGE('',*,*,#2339,.F.);
#2339 = EDGE_CURVE('',#2313,#2054,#2340,.T.);
#2340 = B_SPLINE_CURVE_WITH_KNOTS('',1,(#2341,#2342),.UNSPECIFIED.,.F.,
  .F.,(2,2),(0.,0.15),.PIECEWISE_BEZIER_KNOTS.);
#2341 = CARTESIAN_POINT('',(0.1125,1.05,8.715044625585E-07));
#2342 = CARTESIAN_POINT('',(0.1125,1.05,0.150000871504));
#2343 = ORIENTED_EDGE('',*,*,#2312,.T.);
#2344 = B_SPLINE_SURFACE_WITH_KNOTS('',1,1,(
    (#2345,#2346)
    ,(#2347,#2348
    )),.UNSPECIFIED.,.F.,.F.,.F.,(2,2),(2,2),(-0.15,0.),(-0.225,0.),
  .PIECEWISE_BEZIER_KNOTS.);
#2345 = CARTESIAN_POINT('',(-0.1125,1.05,0.150000871504));
#2346 = CARTESIAN_POINT('',(0.1125,1.05,0.150000871504));
#2347 = CARTESIAN_POINT('',(-0.1125,1.05,8.715044625585E-07));
#2348 = CARTESIAN_POINT('',(0.1125,1.05,8.715044625585E-07));
#2349 = ADVANCED_FACE('',(#2350),#2365,.T.);
#2350 = FACE_BOUND('',#2351,.T.);
#2351 = EDGE_LOOP('',(#2352,#2353,#2354,#2355,#2356,#2357,#2358,#2359,
    #2360,#2361,#2362,#2363,#2364));
#2352 = ORIENTED_EDGE('',*,*,#2171,.F.);
#2353 = ORIENTED_EDGE('',*,*,#159,.T.);
#2354 = ORIENTED_EDGE('',*,*,#703,.T.);
#2355 = ORIENTED_EDGE('',*,*,#2200,.T.);
#2356 = ORIENTED_EDGE('',*,*,#2214,.T.);
#2357 = ORIENTED_EDGE('',*,*,#2259,.T.);
#2358 = ORIENTED_EDGE('',*,*,#2288,.T.);
#2359 = ORIENTED_EDGE('',*,*,#2319,.T.);
#2360 = ORIENTED_EDGE('',*,*,#2339,.T.);
#2361 = ORIENTED_EDGE('',*,*,#2053,.F.);
#2362 = ORIENTED_EDGE('',*,*,#2074,.F.);
#2363 = ORIENTED_EDGE('',*,*,#2119,.F.);
#2364 = ORIENTED_EDGE('',*,*,#2148,.F.);
#2365 = B_SPLINE_SURFACE_WITH_KNOTS('',1,1,(
    (#2366,#2367)
    ,(#2368,#2369
    )),.UNSPECIFIED.,.F.,.F.,.F.,(2,2),(2,2),(-0.7,0.175),(
    -0.210540562603,0.225),.PIECEWISE_BEZIER_KNOTS.);
#2366 = CARTESIAN_POINT('',(0.1125,0.614459437397,0.875000871504));
#2367 = CARTESIAN_POINT('',(0.1125,1.05,0.875000871504));
#2368 = CARTESIAN_POINT('',(0.1125,0.614459437397,8.715044625694E-07));
#2369 = CARTESIAN_POINT('',(0.1125,1.05,8.715044625694E-07));
#2370 = ADVANCED_FACE('',(#2371),#2386,.F.);
#2371 = FACE_BOUND('',#2372,.T.);
#2372 = EDGE_LOOP('',(#2373,#2374,#2375,#2376,#2377,#2378,#2379,#2380,
    #2381,#2382,#2383,#2384,#2385));
#2373 = ORIENTED_EDGE('',*,*,#173,.F.);
#2374 = ORIENTED_EDGE('',*,*,#2165,.T.);
#2375 = ORIENTED_EDGE('',*,*,#2133,.T.);
#2376 = ORIENTED_EDGE('',*,*,#2105,.T.);
#2377 = ORIENTED_EDGE('',*,*,#2089,.T.);
#2378 = ORIENTED_EDGE('',*,*,#2037,.T.);
#2379 = ORIENTED_EDGE('',*,*,#2333,.F.);
#2380 = ORIENTED_EDGE('',*,*,#2305,.F.);
#2381 = ORIENTED_EDGE('',*,*,#2273,.F.);
#2382 = ORIENTED_EDGE('',*,*,#2245,.F.);
#2383 = ORIENTED_EDGE('',*,*,#2229,.F.);
#2384 = ORIENTED_EDGE('',*,*,#2186,.F.);
#2385 = ORIENTED_EDGE('',*,*,#689,.F.);
#2386 = B_SPLINE_SURFACE_WITH_KNOTS('',1,1,(
    (#2387,#2388)
    ,(#2389,#2390
    )),.UNSPECIFIED.,.F.,.F.,.F.,(2,2),(2,2),(-0.7,0.175),(
    -0.210540562603,0.225),.PIECEWISE_BEZIER_KNOTS.);
#2387 = CARTESIAN_POINT('',(-0.1125,0.614459437397,0.875000871504));
#2388 = CARTESIAN_POINT('',(-0.1125,1.05,0.875000871504));
#2389 = CARTESIAN_POINT('',(-0.1125,0.614459437397,8.715044625694E-07));
#2390 = CARTESIAN_POINT('',(-0.1125,1.05,8.715044625694E-07));
#2391 = ADVANCED_FACE('',(#2392),#2422,.T.);
#2392 = FACE_BOUND('',#2393,.T.);
#2393 = EDGE_LOOP('',(#2394,#2403,#2410,#2417));
#2394 = ORIENTED_EDGE('',*,*,#2395,.F.);
#2395 = EDGE_CURVE('',#2396,#2398,#2400,.T.);
#2396 = VERTEX_POINT('',#2397);
#2397 = CARTESIAN_POINT('',(0.5375,0.825,0.150000871504));
#2398 = VERTEX_POINT('',#2399);
#2399 = CARTESIAN_POINT('',(0.5375,1.05,0.150000871504));
#2400 = B_SPLINE_CURVE_WITH_KNOTS('',1,(#2401,#2402),.UNSPECIFIED.,.F.,
  .F.,(2,2),(0.,0.225),.PIECEWISE_BEZIER_KNOTS.);
#2401 = CARTESIAN_POINT('',(0.5375,0.825,0.150000871504));
#2402 = CARTESIAN_POINT('',(0.5375,1.05,0.150000871504));
#2403 = ORIENTED_EDGE('',*,*,#2404,.F.);
#2404 = EDGE_CURVE('',#2405,#2396,#2407,.T.);
#2405 = VERTEX_POINT('',#2406);
#2406 = CARTESIAN_POINT('',(0.7625,0.825,0.150000871504));
#2407 = B_SPLINE_CURVE_WITH_KNOTS('',1,(#2408,#2409),.UNSPECIFIED.,.F.,
  .F.,(2,2),(-0.,0.225),.PIECEWISE_BEZIER_KNOTS.);
#2408 = CARTESIAN_POINT('',(0.7625,0.825,0.150000871504));
#2409 = CARTESIAN_POINT('',(0.5375,0.825,0.150000871504));
#2410 = ORIENTED_EDGE('',*,*,#2411,.T.);
#2411 = EDGE_CURVE('',#2405,#2412,#2414,.T.);
#2412 = VERTEX_POINT('',#2413);
#2413 = CARTESIAN_POINT('',(0.7625,1.05,0.150000871504));
#2414 = B_SPLINE_CURVE_WITH_KNOTS('',1,(#2415,#2416),.UNSPECIFIED.,.F.,
  .F.,(2,2),(0.,0.225),.PIECEWISE_BEZIER_KNOTS.);
#2415 = CARTESIAN_POINT('',(0.7625,0.825,0.150000871504));
#2416 = CARTESIAN_POINT('',(0.7625,1.05,0.150000871504));
#2417 = ORIENTED_EDGE('',*,*,#2418,.T.);
#2418 = EDGE_CURVE('',#2412,#2398,#2419,.T.);
#2419 = B_SPLINE_CURVE_WITH_KNOTS('',1,(#2420,#2421),.UNSPECIFIED.,.F.,
  .F.,(2,2),(-0.,0.225),.PIECEWISE_BEZIER_KNOTS.);
#2420 = CARTESIAN_POINT('',(0.7625,1.05,0.150000871504));
#2421 = CARTESIAN_POINT('',(0.5375,1.05,0.150000871504));
#2422 = B_SPLINE_SURFACE_WITH_KNOTS('',1,1,(
    (#2423,#2424)
    ,(#2425,#2426
    )),.UNSPECIFIED.,.F.,.F.,.F.,(2,2),(2,2),(-0.225,0.),(-0.225,0.),
  .PIECEWISE_BEZIER_KNOTS.);
#2423 = CARTESIAN_POINT('',(0.5375,1.05,0.150000871504));
#2424 = CARTESIAN_POINT('',(0.7625,1.05,0.150000871504));
#2425 = CARTESIAN_POINT('',(0.5375,0.825,0.150000871504));
#2426 = CARTESIAN_POINT('',(0.7625,0.825,0.150000871504));
#2427 = ADVANCED_FACE('',(#2428),#2452,.F.);
#2428 = FACE_BOUND('',#2429,.F.);
#2429 = EDGE_LOOP('',(#2430,#2431,#2439,#2446));
#2430 = ORIENTED_EDGE('',*,*,#2404,.F.);
#2431 = ORIENTED_EDGE('',*,*,#2432,.F.);
#2432 = EDGE_CURVE('',#2433,#2405,#2435,.T.);
#2433 = VERTEX_POINT('',#2434);
#2434 = CARTESIAN_POINT('',(0.7625,0.8,0.175000871504));
#2435 = ( BOUNDED_CURVE() B_SPLINE_CURVE(2,(#2436,#2437,#2438),
.UNSPECIFIED.,.F.,.F.) B_SPLINE_CURVE_WITH_KNOTS((3,3),(4.712388980385,
6.28318530718),.PIECEWISE_BEZIER_KNOTS.) CURVE() 
GEOMETRIC_REPRESENTATION_ITEM() RATIONAL_B_SPLINE_CURVE((1.,
0.707106781187,1.)) REPRESENTATION_ITEM('') );
#2436 = CARTESIAN_POINT('',(0.7625,0.8,0.175000871504));
#2437 = CARTESIAN_POINT('',(0.7625,0.8,0.150000871504));
#2438 = CARTESIAN_POINT('',(0.7625,0.825,0.150000871504));
#2439 = ORIENTED_EDGE('',*,*,#2440,.T.);
#2440 = EDGE_CURVE('',#2433,#2441,#2443,.T.);
#2441 = VERTEX_POINT('',#2442);
#2442 = CARTESIAN_POINT('',(0.5375,0.8,0.175000871504));
#2443 = B_SPLINE_CURVE_WITH_KNOTS('',1,(#2444,#2445),.UNSPECIFIED.,.F.,
  .F.,(2,2),(-0.,0.225),.PIECEWISE_BEZIER_KNOTS.);
#2444 = CARTESIAN_POINT('',(0.7625,0.8,0.175000871504));
#2445 = CARTESIAN_POINT('',(0.5375,0.8,0.175000871504));
#2446 = ORIENTED_EDGE('',*,*,#2447,.T.);
#2447 = EDGE_CURVE('',#2441,#2396,#2448,.T.);
#2448 = ( BOUNDED_CURVE() B_SPLINE_CURVE(2,(#2449,#2450,#2451),
.UNSPECIFIED.,.F.,.F.) B_SPLINE_CURVE_WITH_KNOTS((3,3),(4.712388980385,
6.28318530718),.PIECEWISE_BEZIER_KNOTS.) CURVE() 
GEOMETRIC_REPRESENTATION_ITEM() RATIONAL_B_SPLINE_CURVE((1.,
0.707106781187,1.)) REPRESENTATION_ITEM('') );
#2449 = CARTESIAN_POINT('',(0.5375,0.8,0.175000871504));
#2450 = CARTESIAN_POINT('',(0.5375,0.8,0.150000871504));
#2451 = CARTESIAN_POINT('',(0.5375,0.825,0.150000871504));
#2452 = ( BOUNDED_SURFACE() B_SPLINE_SURFACE(2,1,(
    (#2453,#2454)
    ,(#2455,#2456)
    ,(#2457,#2458
)),.UNSPECIFIED.,.F.,.F.,.F.) B_SPLINE_SURFACE_WITH_KNOTS((3,3),(2,2),(
    3.14159265359,4.712388980385),(0.,0.225),.PIECEWISE_BEZIER_KNOTS.) 
GEOMETRIC_REPRESENTATION_ITEM() RATIONAL_B_SPLINE_SURFACE((
    (1.,1.)
    ,(0.707106781187,0.707106781187)
,(1.,1.))) REPRESENTATION_ITEM('') SURFACE() );
#2453 = CARTESIAN_POINT('',(0.7625,0.825,0.150000871504));
#2454 = CARTESIAN_POINT('',(0.5375,0.825,0.150000871504));
#2455 = CARTESIAN_POINT('',(0.7625,0.8,0.150000871504));
#2456 = CARTESIAN_POINT('',(0.5375,0.8,0.150000871504));
#2457 = CARTESIAN_POINT('',(0.7625,0.8,0.175000871504));
#2458 = CARTESIAN_POINT('',(0.5375,0.8,0.175000871504));
#2459 = ADVANCED_FACE('',(#2460),#2482,.T.);
#2460 = FACE_BOUND('',#2461,.T.);
#2461 = EDGE_LOOP('',(#2462,#2469,#2476,#2481));
#2462 = ORIENTED_EDGE('',*,*,#2463,.F.);
#2463 = EDGE_CURVE('',#2464,#2441,#2466,.T.);
#2464 = VERTEX_POINT('',#2465);
#2465 = CARTESIAN_POINT('',(0.5375,0.8,0.700000871504));
#2466 = B_SPLINE_CURVE_WITH_KNOTS('',1,(#2467,#2468),.UNSPECIFIED.,.F.,
  .F.,(2,2),(0.,0.525),.PIECEWISE_BEZIER_KNOTS.);
#2467 = CARTESIAN_POINT('',(0.5375,0.8,0.700000871504));
#2468 = CARTESIAN_POINT('',(0.5375,0.8,0.175000871504));
#2469 = ORIENTED_EDGE('',*,*,#2470,.F.);
#2470 = EDGE_CURVE('',#2471,#2464,#2473,.T.);
#2471 = VERTEX_POINT('',#2472);
#2472 = CARTESIAN_POINT('',(0.7625,0.8,0.700000871504));
#2473 = B_SPLINE_CURVE_WITH_KNOTS('',1,(#2474,#2475),.UNSPECIFIED.,.F.,
  .F.,(2,2),(-0.,0.225),.PIECEWISE_BEZIER_KNOTS.);
#2474 = CARTESIAN_POINT('',(0.7625,0.8,0.700000871504));
#2475 = CARTESIAN_POINT('',(0.5375,0.8,0.700000871504));
#2476 = ORIENTED_EDGE('',*,*,#2477,.T.);
#2477 = EDGE_CURVE('',#2471,#2433,#2478,.T.);
#2478 = B_SPLINE_CURVE_WITH_KNOTS('',1,(#2479,#2480),.UNSPECIFIED.,.F.,
  .F.,(2,2),(0.,0.525),.PIECEWISE_BEZIER_KNOTS.);
#2479 = CARTESIAN_POINT('',(0.7625,0.8,0.700000871504));
#2480 = CARTESIAN_POINT('',(0.7625,0.8,0.175000871504));
#2481 = ORIENTED_EDGE('',*,*,#2440,.T.);
#2482 = B_SPLINE_SURFACE_WITH_KNOTS('',1,1,(
    (#2483,#2484)
    ,(#2485,#2486
    )),.UNSPECIFIED.,.F.,.F.,.F.,(2,2),(2,2),(-0.525,0.),(-0.225,0.),
  .PIECEWISE_BEZIER_KNOTS.);
#2483 = CARTESIAN_POINT('',(0.5375,0.8,0.175000871504));
#2484 = CARTESIAN_POINT('',(0.7625,0.8,0.175000871504));
#2485 = CARTESIAN_POINT('',(0.5375,0.8,0.700000871504));
#2486 = CARTESIAN_POINT('',(0.7625,0.8,0.700000871504));
#2487 = ADVANCED_FACE('',(#2488),#2512,.T.);
#2488 = FACE_BOUND('',#2489,.T.);
#2489 = EDGE_LOOP('',(#2490,#2498,#2505,#2511));
#2490 = ORIENTED_EDGE('',*,*,#2491,.F.);
#2491 = EDGE_CURVE('',#2492,#2464,#2494,.T.);
#2492 = VERTEX_POINT('',#2493);
#2493 = CARTESIAN_POINT('',(0.5375,0.625,0.875000871504));
#2494 = ( BOUNDED_CURVE() B_SPLINE_CURVE(2,(#2495,#2496,#2497),
.UNSPECIFIED.,.F.,.F.) B_SPLINE_CURVE_WITH_KNOTS((3,3),(3.14159265359,
4.712388980385),.PIECEWISE_BEZIER_KNOTS.) CURVE() 
GEOMETRIC_REPRESENTATION_ITEM() RATIONAL_B_SPLINE_CURVE((1.,
0.707106781187,1.)) REPRESENTATION_ITEM('') );
#2495 = CARTESIAN_POINT('',(0.5375,0.625,0.875000871504));
#2496 = CARTESIAN_POINT('',(0.5375,0.8,0.875000871504));
#2497 = CARTESIAN_POINT('',(0.5375,0.8,0.700000871504));
#2498 = ORIENTED_EDGE('',*,*,#2499,.F.);
#2499 = EDGE_CURVE('',#2500,#2492,#2502,.T.);
#2500 = VERTEX_POINT('',#2501);
#2501 = CARTESIAN_POINT('',(0.7625,0.625,0.875000871504));
#2502 = B_SPLINE_CURVE_WITH_KNOTS('',1,(#2503,#2504),.UNSPECIFIED.,.F.,
  .F.,(2,2),(-0.,0.225),.PIECEWISE_BEZIER_KNOTS.);
#2503 = CARTESIAN_POINT('',(0.7625,0.625,0.875000871504));
#2504 = CARTESIAN_POINT('',(0.5375,0.625,0.875000871504));
#2505 = ORIENTED_EDGE('',*,*,#2506,.T.);
#2506 = EDGE_CURVE('',#2500,#2471,#2507,.T.);
#2507 = ( BOUNDED_CURVE() B_SPLINE_CURVE(2,(#2508,#2509,#2510),
.UNSPECIFIED.,.F.,.F.) B_SPLINE_CURVE_WITH_KNOTS((3,3),(3.14159265359,
4.712388980385),.PIECEWISE_BEZIER_KNOTS.) CURVE() 
GEOMETRIC_REPRESENTATION_ITEM() RATIONAL_B_SPLINE_CURVE((1.,
0.707106781187,1.)) REPRESENTATION_ITEM('') );
#2508 = CARTESIAN_POINT('',(0.7625,0.625,0.875000871504));
#2509 = CARTESIAN_POINT('',(0.7625,0.8,0.875000871504));
#2510 = CARTESIAN_POINT('',(0.7625,0.8,0.700000871504));
#2511 = ORIENTED_EDGE('',*,*,#2470,.T.);
#2512 = ( BOUNDED_SURFACE() B_SPLINE_SURFACE(2,1,(
    (#2513,#2514)
    ,(#2515,#2516)
    ,(#2517,#2518
)),.UNSPECIFIED.,.F.,.F.,.F.) B_SPLINE_SURFACE_WITH_KNOTS((3,3),(2,2),(
    0.,1.570796326795),(0.,0.225),.PIECEWISE_BEZIER_KNOTS.) 
GEOMETRIC_REPRESENTATION_ITEM() RATIONAL_B_SPLINE_SURFACE((
    (1.,1.)
    ,(0.707106781187,0.707106781187)
,(1.,1.))) REPRESENTATION_ITEM('') SURFACE() );
#2513 = CARTESIAN_POINT('',(0.7625,0.625,0.875000871504));
#2514 = CARTESIAN_POINT('',(0.5375,0.625,0.875000871504));
#2515 = CARTESIAN_POINT('',(0.7625,0.8,0.875000871504));
#2516 = CARTESIAN_POINT('',(0.5375,0.8,0.875000871504));
#2517 = CARTESIAN_POINT('',(0.7625,0.8,0.700000871504));
#2518 = CARTESIAN_POINT('',(0.5375,0.8,0.700000871504));
#2519 = ADVANCED_FACE('',(#2520),#2534,.T.);
#2520 = FACE_BOUND('',#2521,.T.);
#2521 = EDGE_LOOP('',(#2522,#2527,#2528,#2533));
#2522 = ORIENTED_EDGE('',*,*,#2523,.F.);
#2523 = EDGE_CURVE('',#139,#2492,#2524,.T.);
#2524 = B_SPLINE_CURVE_WITH_KNOTS('',1,(#2525,#2526),.UNSPECIFIED.,.F.,
  .F.,(2,2),(0.191908314539,0.202448877142),.PIECEWISE_BEZIER_KNOTS.);
#2525 = CARTESIAN_POINT('',(0.5375,0.614459437397,0.875000871504));
#2526 = CARTESIAN_POINT('',(0.5375,0.625,0.875000871504));
#2527 = ORIENTED_EDGE('',*,*,#138,.T.);
#2528 = ORIENTED_EDGE('',*,*,#2529,.T.);
#2529 = EDGE_CURVE('',#130,#2500,#2530,.T.);
#2530 = B_SPLINE_CURVE_WITH_KNOTS('',1,(#2531,#2532),.UNSPECIFIED.,.F.,
  .F.,(2,2),(0.191908314539,0.202448877142),.PIECEWISE_BEZIER_KNOTS.);
#2531 = CARTESIAN_POINT('',(0.7625,0.614459437397,0.875000871504));
#2532 = CARTESIAN_POINT('',(0.7625,0.625,0.875000871504));
#2533 = ORIENTED_EDGE('',*,*,#2499,.T.);
#2534 = B_SPLINE_SURFACE_WITH_KNOTS('',1,1,(
    (#2535,#2536)
    ,(#2537,#2538
    )),.UNSPECIFIED.,.F.,.F.,.F.,(2,2),(2,2),(-0.202448877142,
    -0.191908314539),(-0.225,0.),.PIECEWISE_BEZIER_KNOTS.);
#2535 = CARTESIAN_POINT('',(0.5375,0.625,0.875000871504));
#2536 = CARTESIAN_POINT('',(0.7625,0.625,0.875000871504));
#2537 = CARTESIAN_POINT('',(0.5375,0.614459437397,0.875000871504));
#2538 = CARTESIAN_POINT('',(0.7625,0.614459437397,0.875000871504));
#2539 = ADVANCED_FACE('',(#2540),#2562,.F.);
#2540 = FACE_BOUND('',#2541,.T.);
#2541 = EDGE_LOOP('',(#2542,#2543,#2550,#2557));
#2542 = ORIENTED_EDGE('',*,*,#716,.F.);
#2543 = ORIENTED_EDGE('',*,*,#2544,.T.);
#2544 = EDGE_CURVE('',#710,#2545,#2547,.T.);
#2545 = VERTEX_POINT('',#2546);
#2546 = CARTESIAN_POINT('',(0.5375,0.625,0.725000871504));
#2547 = B_SPLINE_CURVE_WITH_KNOTS('',1,(#2548,#2549),.UNSPECIFIED.,.F.,
  .F.,(2,2),(0.195887227378,0.202448877142),.PIECEWISE_BEZIER_KNOTS.);
#2548 = CARTESIAN_POINT('',(0.5375,0.618438350236,0.725000871504));
#2549 = CARTESIAN_POINT('',(0.5375,0.625,0.725000871504));
#2550 = ORIENTED_EDGE('',*,*,#2551,.F.);
#2551 = EDGE_CURVE('',#2552,#2545,#2554,.T.);
#2552 = VERTEX_POINT('',#2553);
#2553 = CARTESIAN_POINT('',(0.7625,0.625,0.725000871504));
#2554 = B_SPLINE_CURVE_WITH_KNOTS('',1,(#2555,#2556),.UNSPECIFIED.,.F.,
  .F.,(2,2),(-0.,0.225),.PIECEWISE_BEZIER_KNOTS.);
#2555 = CARTESIAN_POINT('',(0.7625,0.625,0.725000871504));
#2556 = CARTESIAN_POINT('',(0.5375,0.625,0.725000871504));
#2557 = ORIENTED_EDGE('',*,*,#2558,.F.);
#2558 = EDGE_CURVE('',#642,#2552,#2559,.T.);
#2559 = B_SPLINE_CURVE_WITH_KNOTS('',1,(#2560,#2561),.UNSPECIFIED.,.F.,
  .F.,(2,2),(0.195887227378,0.202448877142),.PIECEWISE_BEZIER_KNOTS.);
#2560 = CARTESIAN_POINT('',(0.7625,0.618438350236,0.725000871504));
#2561 = CARTESIAN_POINT('',(0.7625,0.625,0.725000871504));
#2562 = B_SPLINE_SURFACE_WITH_KNOTS('',1,1,(
    (#2563,#2564)
    ,(#2565,#2566
    )),.UNSPECIFIED.,.F.,.F.,.F.,(2,2),(2,2),(-0.202448877142,
    -0.195887227378),(-0.225,0.),.PIECEWISE_BEZIER_KNOTS.);
#2563 = CARTESIAN_POINT('',(0.5375,0.625,0.725000871504));
#2564 = CARTESIAN_POINT('',(0.7625,0.625,0.725000871504));
#2565 = CARTESIAN_POINT('',(0.5375,0.618438350236,0.725000871504));
#2566 = CARTESIAN_POINT('',(0.7625,0.618438350236,0.725000871504));
#2567 = ADVANCED_FACE('',(#2568),#2592,.F.);
#2568 = FACE_BOUND('',#2569,.F.);
#2569 = EDGE_LOOP('',(#2570,#2571,#2579,#2586));
#2570 = ORIENTED_EDGE('',*,*,#2551,.F.);
#2571 = ORIENTED_EDGE('',*,*,#2572,.T.);
#2572 = EDGE_CURVE('',#2552,#2573,#2575,.T.);
#2573 = VERTEX_POINT('',#2574);
#2574 = CARTESIAN_POINT('',(0.7625,0.65,0.700000871504));
#2575 = ( BOUNDED_CURVE() B_SPLINE_CURVE(2,(#2576,#2577,#2578),
.UNSPECIFIED.,.F.,.F.) B_SPLINE_CURVE_WITH_KNOTS((3,3),(3.14159265359,
4.712388980385),.PIECEWISE_BEZIER_KNOTS.) CURVE() 
GEOMETRIC_REPRESENTATION_ITEM() RATIONAL_B_SPLINE_CURVE((1.,
0.707106781187,1.)) REPRESENTATION_ITEM('') );
#2576 = CARTESIAN_POINT('',(0.7625,0.625,0.725000871504));
#2577 = CARTESIAN_POINT('',(0.7625,0.65,0.725000871504));
#2578 = CARTESIAN_POINT('',(0.7625,0.65,0.700000871504));
#2579 = ORIENTED_EDGE('',*,*,#2580,.T.);
#2580 = EDGE_CURVE('',#2573,#2581,#2583,.T.);
#2581 = VERTEX_POINT('',#2582);
#2582 = CARTESIAN_POINT('',(0.5375,0.65,0.700000871504));
#2583 = B_SPLINE_CURVE_WITH_KNOTS('',1,(#2584,#2585),.UNSPECIFIED.,.F.,
  .F.,(2,2),(-0.,0.225),.PIECEWISE_BEZIER_KNOTS.);
#2584 = CARTESIAN_POINT('',(0.7625,0.65,0.700000871504));
#2585 = CARTESIAN_POINT('',(0.5375,0.65,0.700000871504));
#2586 = ORIENTED_EDGE('',*,*,#2587,.F.);
#2587 = EDGE_CURVE('',#2545,#2581,#2588,.T.);
#2588 = ( BOUNDED_CURVE() B_SPLINE_CURVE(2,(#2589,#2590,#2591),
.UNSPECIFIED.,.F.,.F.) B_SPLINE_CURVE_WITH_KNOTS((3,3),(3.14159265359,
4.712388980385),.PIECEWISE_BEZIER_KNOTS.) CURVE() 
GEOMETRIC_REPRESENTATION_ITEM() RATIONAL_B_SPLINE_CURVE((1.,
0.707106781187,1.)) REPRESENTATION_ITEM('') );
#2589 = CARTESIAN_POINT('',(0.5375,0.625,0.725000871504));
#2590 = CARTESIAN_POINT('',(0.5375,0.65,0.725000871504));
#2591 = CARTESIAN_POINT('',(0.5375,0.65,0.700000871504));
#2592 = ( BOUNDED_SURFACE() B_SPLINE_SURFACE(2,1,(
    (#2593,#2594)
    ,(#2595,#2596)
    ,(#2597,#2598
)),.UNSPECIFIED.,.F.,.F.,.F.) B_SPLINE_SURFACE_WITH_KNOTS((3,3),(2,2),(
    0.,1.570796326795),(0.,0.225),.PIECEWISE_BEZIER_KNOTS.) 
GEOMETRIC_REPRESENTATION_ITEM() RATIONAL_B_SPLINE_SURFACE((
    (1.,1.)
    ,(0.707106781187,0.707106781187)
,(1.,1.))) REPRESENTATION_ITEM('') SURFACE() );
#2593 = CARTESIAN_POINT('',(0.7625,0.625,0.725000871504));
#2594 = CARTESIAN_POINT('',(0.5375,0.625,0.725000871504));
#2595 = CARTESIAN_POINT('',(0.7625,0.65,0.725000871504));
#2596 = CARTESIAN_POINT('',(0.5375,0.65,0.725000871504));
#2597 = CARTESIAN_POINT('',(0.7625,0.65,0.700000871504));
#2598 = CARTESIAN_POINT('',(0.5375,0.65,0.700000871504));
#2599 = ADVANCED_FACE('',(#2600),#2622,.F.);
#2600 = FACE_BOUND('',#2601,.T.);
#2601 = EDGE_LOOP('',(#2602,#2609,#2616,#2621));
#2602 = ORIENTED_EDGE('',*,*,#2603,.T.);
#2603 = EDGE_CURVE('',#2581,#2604,#2606,.T.);
#2604 = VERTEX_POINT('',#2605);
#2605 = CARTESIAN_POINT('',(0.5375,0.65,0.175000871504));
#2606 = B_SPLINE_CURVE_WITH_KNOTS('',1,(#2607,#2608),.UNSPECIFIED.,.F.,
  .F.,(2,2),(0.,0.525),.PIECEWISE_BEZIER_KNOTS.);
#2607 = CARTESIAN_POINT('',(0.5375,0.65,0.700000871504));
#2608 = CARTESIAN_POINT('',(0.5375,0.65,0.175000871504));
#2609 = ORIENTED_EDGE('',*,*,#2610,.F.);
#2610 = EDGE_CURVE('',#2611,#2604,#2613,.T.);
#2611 = VERTEX_POINT('',#2612);
#2612 = CARTESIAN_POINT('',(0.7625,0.65,0.175000871504));
#2613 = B_SPLINE_CURVE_WITH_KNOTS('',1,(#2614,#2615),.UNSPECIFIED.,.F.,
  .F.,(2,2),(-0.,0.225),.PIECEWISE_BEZIER_KNOTS.);
#2614 = CARTESIAN_POINT('',(0.7625,0.65,0.175000871504));
#2615 = CARTESIAN_POINT('',(0.5375,0.65,0.175000871504));
#2616 = ORIENTED_EDGE('',*,*,#2617,.F.);
#2617 = EDGE_CURVE('',#2573,#2611,#2618,.T.);
#2618 = B_SPLINE_CURVE_WITH_KNOTS('',1,(#2619,#2620),.UNSPECIFIED.,.F.,
  .F.,(2,2),(0.,0.525),.PIECEWISE_BEZIER_KNOTS.);
#2619 = CARTESIAN_POINT('',(0.7625,0.65,0.700000871504));
#2620 = CARTESIAN_POINT('',(0.7625,0.65,0.175000871504));
#2621 = ORIENTED_EDGE('',*,*,#2580,.T.);
#2622 = B_SPLINE_SURFACE_WITH_KNOTS('',1,1,(
    (#2623,#2624)
    ,(#2625,#2626
    )),.UNSPECIFIED.,.F.,.F.,.F.,(2,2),(2,2),(-0.525,0.),(-0.225,0.),
  .PIECEWISE_BEZIER_KNOTS.);
#2623 = CARTESIAN_POINT('',(0.5375,0.65,0.175000871504));
#2624 = CARTESIAN_POINT('',(0.7625,0.65,0.175000871504));
#2625 = CARTESIAN_POINT('',(0.5375,0.65,0.700000871504));
#2626 = CARTESIAN_POINT('',(0.7625,0.65,0.700000871504));
#2627 = ADVANCED_FACE('',(#2628),#2652,.T.);
#2628 = FACE_BOUND('',#2629,.T.);
#2629 = EDGE_LOOP('',(#2630,#2638,#2645,#2651));
#2630 = ORIENTED_EDGE('',*,*,#2631,.T.);
#2631 = EDGE_CURVE('',#2604,#2632,#2634,.T.);
#2632 = VERTEX_POINT('',#2633);
#2633 = CARTESIAN_POINT('',(0.5375,0.825,8.715044625856E-07));
#2634 = ( BOUNDED_CURVE() B_SPLINE_CURVE(2,(#2635,#2636,#2637),
.UNSPECIFIED.,.F.,.F.) B_SPLINE_CURVE_WITH_KNOTS((3,3),(4.712388980385,
6.28318530718),.PIECEWISE_BEZIER_KNOTS.) CURVE() 
GEOMETRIC_REPRESENTATION_ITEM() RATIONAL_B_SPLINE_CURVE((1.,
0.707106781187,1.)) REPRESENTATION_ITEM('') );
#2635 = CARTESIAN_POINT('',(0.5375,0.65,0.175000871504));
#2636 = CARTESIAN_POINT('',(0.5375,0.65,8.715044626527E-07));
#2637 = CARTESIAN_POINT('',(0.5375,0.825,8.715044625972E-07));
#2638 = ORIENTED_EDGE('',*,*,#2639,.F.);
#2639 = EDGE_CURVE('',#2640,#2632,#2642,.T.);
#2640 = VERTEX_POINT('',#2641);
#2641 = CARTESIAN_POINT('',(0.7625,0.825,8.715044625856E-07));
#2642 = B_SPLINE_CURVE_WITH_KNOTS('',1,(#2643,#2644),.UNSPECIFIED.,.F.,
  .F.,(2,2),(-0.,0.225),.PIECEWISE_BEZIER_KNOTS.);
#2643 = CARTESIAN_POINT('',(0.7625,0.825,8.715044625856E-07));
#2644 = CARTESIAN_POINT('',(0.5375,0.825,8.715044625856E-07));
#2645 = ORIENTED_EDGE('',*,*,#2646,.F.);
#2646 = EDGE_CURVE('',#2611,#2640,#2647,.T.);
#2647 = ( BOUNDED_CURVE() B_SPLINE_CURVE(2,(#2648,#2649,#2650),
.UNSPECIFIED.,.F.,.F.) B_SPLINE_CURVE_WITH_KNOTS((3,3),(4.712388980385,
6.28318530718),.PIECEWISE_BEZIER_KNOTS.) CURVE() 
GEOMETRIC_REPRESENTATION_ITEM() RATIONAL_B_SPLINE_CURVE((1.,
0.707106781187,1.)) REPRESENTATION_ITEM('') );
#2648 = CARTESIAN_POINT('',(0.7625,0.65,0.175000871504));
#2649 = CARTESIAN_POINT('',(0.7625,0.65,8.715044626527E-07));
#2650 = CARTESIAN_POINT('',(0.7625,0.825,8.715044625972E-07));
#2651 = ORIENTED_EDGE('',*,*,#2610,.T.);
#2652 = ( BOUNDED_SURFACE() B_SPLINE_SURFACE(2,1,(
    (#2653,#2654)
    ,(#2655,#2656)
    ,(#2657,#2658
)),.UNSPECIFIED.,.F.,.F.,.F.) B_SPLINE_SURFACE_WITH_KNOTS((3,3),(2,2),(
    3.14159265359,4.712388980385),(0.,0.225),.PIECEWISE_BEZIER_KNOTS.) 
GEOMETRIC_REPRESENTATION_ITEM() RATIONAL_B_SPLINE_SURFACE((
    (1.,1.)
    ,(0.707106781187,0.707106781187)
,(1.,1.))) REPRESENTATION_ITEM('') SURFACE() );
#2653 = CARTESIAN_POINT('',(0.7625,0.825,8.715044626249E-07));
#2654 = CARTESIAN_POINT('',(0.5375,0.825,8.715044626249E-07));
#2655 = CARTESIAN_POINT('',(0.7625,0.65,8.715044625972E-07));
#2656 = CARTESIAN_POINT('',(0.5375,0.65,8.715044625972E-07));
#2657 = CARTESIAN_POINT('',(0.7625,0.65,0.175000871504));
#2658 = CARTESIAN_POINT('',(0.5375,0.65,0.175000871504));
#2659 = ADVANCED_FACE('',(#2660),#2682,.F.);
#2660 = FACE_BOUND('',#2661,.T.);
#2661 = EDGE_LOOP('',(#2662,#2669,#2676,#2681));
#2662 = ORIENTED_EDGE('',*,*,#2663,.T.);
#2663 = EDGE_CURVE('',#2632,#2664,#2666,.T.);
#2664 = VERTEX_POINT('',#2665);
#2665 = CARTESIAN_POINT('',(0.5375,1.05,8.715044625585E-07));
#2666 = B_SPLINE_CURVE_WITH_KNOTS('',1,(#2667,#2668),.UNSPECIFIED.,.F.,
  .F.,(2,2),(0.,0.225),.PIECEWISE_BEZIER_KNOTS.);
#2667 = CARTESIAN_POINT('',(0.5375,0.825,8.715044625856E-07));
#2668 = CARTESIAN_POINT('',(0.5375,1.05,8.715044625585E-07));
#2669 = ORIENTED_EDGE('',*,*,#2670,.F.);
#2670 = EDGE_CURVE('',#2671,#2664,#2673,.T.);
#2671 = VERTEX_POINT('',#2672);
#2672 = CARTESIAN_POINT('',(0.7625,1.05,8.715044625585E-07));
#2673 = B_SPLINE_CURVE_WITH_KNOTS('',1,(#2674,#2675),.UNSPECIFIED.,.F.,
  .F.,(2,2),(-0.,0.225),.PIECEWISE_BEZIER_KNOTS.);
#2674 = CARTESIAN_POINT('',(0.7625,1.05,8.715044625585E-07));
#2675 = CARTESIAN_POINT('',(0.5375,1.05,8.715044625585E-07));
#2676 = ORIENTED_EDGE('',*,*,#2677,.F.);
#2677 = EDGE_CURVE('',#2640,#2671,#2678,.T.);
#2678 = B_SPLINE_CURVE_WITH_KNOTS('',1,(#2679,#2680),.UNSPECIFIED.,.F.,
  .F.,(2,2),(0.,0.225),.PIECEWISE_BEZIER_KNOTS.);
#2679 = CARTESIAN_POINT('',(0.7625,0.825,8.715044625856E-07));
#2680 = CARTESIAN_POINT('',(0.7625,1.05,8.715044625585E-07));
#2681 = ORIENTED_EDGE('',*,*,#2639,.T.);
#2682 = B_SPLINE_SURFACE_WITH_KNOTS('',1,1,(
    (#2683,#2684)
    ,(#2685,#2686
    )),.UNSPECIFIED.,.F.,.F.,.F.,(2,2),(2,2),(-0.225,0.),(-0.225,0.),
  .PIECEWISE_BEZIER_KNOTS.);
#2683 = CARTESIAN_POINT('',(0.5375,1.05,8.715044625585E-07));
#2684 = CARTESIAN_POINT('',(0.7625,1.05,8.715044625585E-07));
#2685 = CARTESIAN_POINT('',(0.5375,0.825,8.715044625856E-07));
#2686 = CARTESIAN_POINT('',(0.7625,0.825,8.715044625856E-07));
#2687 = ADVANCED_FACE('',(#2688),#2702,.F.);
#2688 = FACE_BOUND('',#2689,.T.);
#2689 = EDGE_LOOP('',(#2690,#2695,#2696,#2701));
#2690 = ORIENTED_EDGE('',*,*,#2691,.T.);
#2691 = EDGE_CURVE('',#2664,#2398,#2692,.T.);
#2692 = B_SPLINE_CURVE_WITH_KNOTS('',1,(#2693,#2694),.UNSPECIFIED.,.F.,
  .F.,(2,2),(0.,0.15),.PIECEWISE_BEZIER_KNOTS.);
#2693 = CARTESIAN_POINT('',(0.5375,1.05,8.715044625585E-07));
#2694 = CARTESIAN_POINT('',(0.5375,1.05,0.150000871504));
#2695 = ORIENTED_EDGE('',*,*,#2418,.F.);
#2696 = ORIENTED_EDGE('',*,*,#2697,.F.);
#2697 = EDGE_CURVE('',#2671,#2412,#2698,.T.);
#2698 = B_SPLINE_CURVE_WITH_KNOTS('',1,(#2699,#2700),.UNSPECIFIED.,.F.,
  .F.,(2,2),(0.,0.15),.PIECEWISE_BEZIER_KNOTS.);
#2699 = CARTESIAN_POINT('',(0.7625,1.05,8.715044625585E-07));
#2700 = CARTESIAN_POINT('',(0.7625,1.05,0.150000871504));
#2701 = ORIENTED_EDGE('',*,*,#2670,.T.);
#2702 = B_SPLINE_SURFACE_WITH_KNOTS('',1,1,(
    (#2703,#2704)
    ,(#2705,#2706
    )),.UNSPECIFIED.,.F.,.F.,.F.,(2,2),(2,2),(-0.15,0.),(-0.225,0.),
  .PIECEWISE_BEZIER_KNOTS.);
#2703 = CARTESIAN_POINT('',(0.5375,1.05,0.150000871504));
#2704 = CARTESIAN_POINT('',(0.7625,1.05,0.150000871504));
#2705 = CARTESIAN_POINT('',(0.5375,1.05,8.715044625585E-07));
#2706 = CARTESIAN_POINT('',(0.7625,1.05,8.715044625585E-07));
#2707 = ADVANCED_FACE('',(#2708),#2723,.T.);
#2708 = FACE_BOUND('',#2709,.T.);
#2709 = EDGE_LOOP('',(#2710,#2711,#2712,#2713,#2714,#2715,#2716,#2717,
    #2718,#2719,#2720,#2721,#2722));
#2710 = ORIENTED_EDGE('',*,*,#2529,.F.);
#2711 = ORIENTED_EDGE('',*,*,#129,.T.);
#2712 = ORIENTED_EDGE('',*,*,#641,.T.);
#2713 = ORIENTED_EDGE('',*,*,#2558,.T.);
#2714 = ORIENTED_EDGE('',*,*,#2572,.T.);
#2715 = ORIENTED_EDGE('',*,*,#2617,.T.);
#2716 = ORIENTED_EDGE('',*,*,#2646,.T.);
#2717 = ORIENTED_EDGE('',*,*,#2677,.T.);
#2718 = ORIENTED_EDGE('',*,*,#2697,.T.);
#2719 = ORIENTED_EDGE('',*,*,#2411,.F.);
#2720 = ORIENTED_EDGE('',*,*,#2432,.F.);
#2721 = ORIENTED_EDGE('',*,*,#2477,.F.);
#2722 = ORIENTED_EDGE('',*,*,#2506,.F.);
#2723 = B_SPLINE_SURFACE_WITH_KNOTS('',1,1,(
    (#2724,#2725)
    ,(#2726,#2727
    )),.UNSPECIFIED.,.F.,.F.,.F.,(2,2),(2,2),(-0.7,0.175),(
    -0.210540562603,0.225),.PIECEWISE_BEZIER_KNOTS.);
#2724 = CARTESIAN_POINT('',(0.7625,0.614459437397,0.875000871504));
#2725 = CARTESIAN_POINT('',(0.7625,1.05,0.875000871504));
#2726 = CARTESIAN_POINT('',(0.7625,0.614459437397,8.715044625694E-07));
#2727 = CARTESIAN_POINT('',(0.7625,1.05,8.715044625694E-07));
#2728 = ADVANCED_FACE('',(#2729),#2744,.F.);
#2729 = FACE_BOUND('',#2730,.T.);
#2730 = EDGE_LOOP('',(#2731,#2732,#2733,#2734,#2735,#2736,#2737,#2738,
    #2739,#2740,#2741,#2742,#2743));
#2731 = ORIENTED_EDGE('',*,*,#145,.F.);
#2732 = ORIENTED_EDGE('',*,*,#2523,.T.);
#2733 = ORIENTED_EDGE('',*,*,#2491,.T.);
#2734 = ORIENTED_EDGE('',*,*,#2463,.T.);
#2735 = ORIENTED_EDGE('',*,*,#2447,.T.);
#2736 = ORIENTED_EDGE('',*,*,#2395,.T.);
#2737 = ORIENTED_EDGE('',*,*,#2691,.F.);
#2738 = ORIENTED_EDGE('',*,*,#2663,.F.);
#2739 = ORIENTED_EDGE('',*,*,#2631,.F.);
#2740 = ORIENTED_EDGE('',*,*,#2603,.F.);
#2741 = ORIENTED_EDGE('',*,*,#2587,.F.);
#2742 = ORIENTED_EDGE('',*,*,#2544,.F.);
#2743 = ORIENTED_EDGE('',*,*,#709,.F.);
#2744 = B_SPLINE_SURFACE_WITH_KNOTS('',1,1,(
    (#2745,#2746)
    ,(#2747,#2748
    )),.UNSPECIFIED.,.F.,.F.,.F.,(2,2),(2,2),(-0.7,0.175),(
    -0.210540562603,0.225),.PIECEWISE_BEZIER_KNOTS.);
#2745 = CARTESIAN_POINT('',(0.5375,0.614459437397,0.875000871504));
#2746 = CARTESIAN_POINT('',(0.5375,1.05,0.875000871504));
#2747 = CARTESIAN_POINT('',(0.5375,0.614459437397,8.715044625694E-07));
#2748 = CARTESIAN_POINT('',(0.5375,1.05,8.715044625694E-07));
#2749 = ADVANCED_FACE('',(#2750),#2780,.F.);
#2750 = FACE_BOUND('',#2751,.T.);
#2751 = EDGE_LOOP('',(#2752,#2761,#2768,#2775));
#2752 = ORIENTED_EDGE('',*,*,#2753,.T.);
#2753 = EDGE_CURVE('',#2754,#2756,#2758,.T.);
#2754 = VERTEX_POINT('',#2755);
#2755 = CARTESIAN_POINT('',(-0.1125,-0.825,0.150000871504));
#2756 = VERTEX_POINT('',#2757);
#2757 = CARTESIAN_POINT('',(-0.1125,-1.05,0.150000871504));
#2758 = B_SPLINE_CURVE_WITH_KNOTS('',1,(#2759,#2760),.UNSPECIFIED.,.F.,
  .F.,(2,2),(0.,0.225),.PIECEWISE_BEZIER_KNOTS.);
#2759 = CARTESIAN_POINT('',(-0.1125,-0.825,0.150000871504));
#2760 = CARTESIAN_POINT('',(-0.1125,-1.05,0.150000871504));
#2761 = ORIENTED_EDGE('',*,*,#2762,.F.);
#2762 = EDGE_CURVE('',#2763,#2756,#2765,.T.);
#2763 = VERTEX_POINT('',#2764);
#2764 = CARTESIAN_POINT('',(0.1125,-1.05,0.150000871504));
#2765 = B_SPLINE_CURVE_WITH_KNOTS('',1,(#2766,#2767),.UNSPECIFIED.,.F.,
  .F.,(2,2),(-0.,0.225),.PIECEWISE_BEZIER_KNOTS.);
#2766 = CARTESIAN_POINT('',(0.1125,-1.05,0.150000871504));
#2767 = CARTESIAN_POINT('',(-0.1125,-1.05,0.150000871504));
#2768 = ORIENTED_EDGE('',*,*,#2769,.F.);
#2769 = EDGE_CURVE('',#2770,#2763,#2772,.T.);
#2770 = VERTEX_POINT('',#2771);
#2771 = CARTESIAN_POINT('',(0.1125,-0.825,0.150000871504));
#2772 = B_SPLINE_CURVE_WITH_KNOTS('',1,(#2773,#2774),.UNSPECIFIED.,.F.,
  .F.,(2,2),(0.,0.225),.PIECEWISE_BEZIER_KNOTS.);
#2773 = CARTESIAN_POINT('',(0.1125,-0.825,0.150000871504));
#2774 = CARTESIAN_POINT('',(0.1125,-1.05,0.150000871504));
#2775 = ORIENTED_EDGE('',*,*,#2776,.T.);
#2776 = EDGE_CURVE('',#2770,#2754,#2777,.T.);
#2777 = B_SPLINE_CURVE_WITH_KNOTS('',1,(#2778,#2779),.UNSPECIFIED.,.F.,
  .F.,(2,2),(-0.,0.225),.PIECEWISE_BEZIER_KNOTS.);
#2778 = CARTESIAN_POINT('',(0.1125,-0.825,0.150000871504));
#2779 = CARTESIAN_POINT('',(-0.1125,-0.825,0.150000871504));
#2780 = B_SPLINE_SURFACE_WITH_KNOTS('',1,1,(
    (#2781,#2782)
    ,(#2783,#2784
    )),.UNSPECIFIED.,.F.,.F.,.F.,(2,2),(2,2),(-0.225,0.),(-0.225,0.),
  .PIECEWISE_BEZIER_KNOTS.);
#2781 = CARTESIAN_POINT('',(-0.1125,-1.05,0.150000871504));
#2782 = CARTESIAN_POINT('',(0.1125,-1.05,0.150000871504));
#2783 = CARTESIAN_POINT('',(-0.1125,-0.825,0.150000871504));
#2784 = CARTESIAN_POINT('',(0.1125,-0.825,0.150000871504));
#2785 = ADVANCED_FACE('',(#2786),#2808,.T.);
#2786 = FACE_BOUND('',#2787,.T.);
#2787 = EDGE_LOOP('',(#2788,#2795,#2802,#2807));
#2788 = ORIENTED_EDGE('',*,*,#2789,.F.);
#2789 = EDGE_CURVE('',#2790,#2756,#2792,.T.);
#2790 = VERTEX_POINT('',#2791);
#2791 = CARTESIAN_POINT('',(-0.1125,-1.05,8.715044625585E-07));
#2792 = B_SPLINE_CURVE_WITH_KNOTS('',1,(#2793,#2794),.UNSPECIFIED.,.F.,
  .F.,(2,2),(0.,0.15),.PIECEWISE_BEZIER_KNOTS.);
#2793 = CARTESIAN_POINT('',(-0.1125,-1.05,8.715044625585E-07));
#2794 = CARTESIAN_POINT('',(-0.1125,-1.05,0.150000871504));
#2795 = ORIENTED_EDGE('',*,*,#2796,.F.);
#2796 = EDGE_CURVE('',#2797,#2790,#2799,.T.);
#2797 = VERTEX_POINT('',#2798);
#2798 = CARTESIAN_POINT('',(0.1125,-1.05,8.715044625585E-07));
#2799 = B_SPLINE_CURVE_WITH_KNOTS('',1,(#2800,#2801),.UNSPECIFIED.,.F.,
  .F.,(2,2),(-0.,0.225),.PIECEWISE_BEZIER_KNOTS.);
#2800 = CARTESIAN_POINT('',(0.1125,-1.05,8.715044625585E-07));
#2801 = CARTESIAN_POINT('',(-0.1125,-1.05,8.715044625585E-07));
#2802 = ORIENTED_EDGE('',*,*,#2803,.T.);
#2803 = EDGE_CURVE('',#2797,#2763,#2804,.T.);
#2804 = B_SPLINE_CURVE_WITH_KNOTS('',1,(#2805,#2806),.UNSPECIFIED.,.F.,
  .F.,(2,2),(0.,0.15),.PIECEWISE_BEZIER_KNOTS.);
#2805 = CARTESIAN_POINT('',(0.1125,-1.05,8.715044625585E-07));
#2806 = CARTESIAN_POINT('',(0.1125,-1.05,0.150000871504));
#2807 = ORIENTED_EDGE('',*,*,#2762,.T.);
#2808 = B_SPLINE_SURFACE_WITH_KNOTS('',1,1,(
    (#2809,#2810)
    ,(#2811,#2812
    )),.UNSPECIFIED.,.F.,.F.,.F.,(2,2),(2,2),(-0.15,0.),(-0.225,0.),
  .PIECEWISE_BEZIER_KNOTS.);
#2809 = CARTESIAN_POINT('',(-0.1125,-1.05,0.150000871504));
#2810 = CARTESIAN_POINT('',(0.1125,-1.05,0.150000871504));
#2811 = CARTESIAN_POINT('',(-0.1125,-1.05,8.715044625585E-07));
#2812 = CARTESIAN_POINT('',(0.1125,-1.05,8.715044625585E-07));
#2813 = ADVANCED_FACE('',(#2814),#2836,.T.);
#2814 = FACE_BOUND('',#2815,.T.);
#2815 = EDGE_LOOP('',(#2816,#2823,#2830,#2835));
#2816 = ORIENTED_EDGE('',*,*,#2817,.F.);
#2817 = EDGE_CURVE('',#2818,#2790,#2820,.T.);
#2818 = VERTEX_POINT('',#2819);
#2819 = CARTESIAN_POINT('',(-0.1125,-0.825,8.715044625856E-07));
#2820 = B_SPLINE_CURVE_WITH_KNOTS('',1,(#2821,#2822),.UNSPECIFIED.,.F.,
  .F.,(2,2),(0.,0.225),.PIECEWISE_BEZIER_KNOTS.);
#2821 = CARTESIAN_POINT('',(-0.1125,-0.825,8.715044625856E-07));
#2822 = CARTESIAN_POINT('',(-0.1125,-1.05,8.715044625585E-07));
#2823 = ORIENTED_EDGE('',*,*,#2824,.F.);
#2824 = EDGE_CURVE('',#2825,#2818,#2827,.T.);
#2825 = VERTEX_POINT('',#2826);
#2826 = CARTESIAN_POINT('',(0.1125,-0.825,8.715044625856E-07));
#2827 = B_SPLINE_CURVE_WITH_KNOTS('',1,(#2828,#2829),.UNSPECIFIED.,.F.,
  .F.,(2,2),(-0.,0.225),.PIECEWISE_BEZIER_KNOTS.);
#2828 = CARTESIAN_POINT('',(0.1125,-0.825,8.715044625856E-07));
#2829 = CARTESIAN_POINT('',(-0.1125,-0.825,8.715044625856E-07));
#2830 = ORIENTED_EDGE('',*,*,#2831,.T.);
#2831 = EDGE_CURVE('',#2825,#2797,#2832,.T.);
#2832 = B_SPLINE_CURVE_WITH_KNOTS('',1,(#2833,#2834),.UNSPECIFIED.,.F.,
  .F.,(2,2),(0.,0.225),.PIECEWISE_BEZIER_KNOTS.);
#2833 = CARTESIAN_POINT('',(0.1125,-0.825,8.715044625856E-07));
#2834 = CARTESIAN_POINT('',(0.1125,-1.05,8.715044625585E-07));
#2835 = ORIENTED_EDGE('',*,*,#2796,.T.);
#2836 = B_SPLINE_SURFACE_WITH_KNOTS('',1,1,(
    (#2837,#2838)
    ,(#2839,#2840
    )),.UNSPECIFIED.,.F.,.F.,.F.,(2,2),(2,2),(-0.225,0.),(-0.225,0.),
  .PIECEWISE_BEZIER_KNOTS.);
#2837 = CARTESIAN_POINT('',(-0.1125,-1.05,8.715044625585E-07));
#2838 = CARTESIAN_POINT('',(0.1125,-1.05,8.715044625585E-07));
#2839 = CARTESIAN_POINT('',(-0.1125,-0.825,8.715044625856E-07));
#2840 = CARTESIAN_POINT('',(0.1125,-0.825,8.715044625856E-07));
#2841 = ADVANCED_FACE('',(#2842),#2866,.T.);
#2842 = FACE_BOUND('',#2843,.T.);
#2843 = EDGE_LOOP('',(#2844,#2852,#2859,#2865));
#2844 = ORIENTED_EDGE('',*,*,#2845,.F.);
#2845 = EDGE_CURVE('',#2846,#2818,#2848,.T.);
#2846 = VERTEX_POINT('',#2847);
#2847 = CARTESIAN_POINT('',(-0.1125,-0.65,0.175000871504));
#2848 = ( BOUNDED_CURVE() B_SPLINE_CURVE(2,(#2849,#2850,#2851),
.UNSPECIFIED.,.F.,.F.) B_SPLINE_CURVE_WITH_KNOTS((3,3),(4.712388980385,
6.28318530718),.PIECEWISE_BEZIER_KNOTS.) CURVE() 
GEOMETRIC_REPRESENTATION_ITEM() RATIONAL_B_SPLINE_CURVE((1.,
0.707106781187,1.)) REPRESENTATION_ITEM('') );
#2849 = CARTESIAN_POINT('',(-0.1125,-0.65,0.175000871504));
#2850 = CARTESIAN_POINT('',(-0.1125,-0.65,8.715044626527E-07));
#2851 = CARTESIAN_POINT('',(-0.1125,-0.825,8.715044625972E-07));
#2852 = ORIENTED_EDGE('',*,*,#2853,.F.);
#2853 = EDGE_CURVE('',#2854,#2846,#2856,.T.);
#2854 = VERTEX_POINT('',#2855);
#2855 = CARTESIAN_POINT('',(0.1125,-0.65,0.175000871504));
#2856 = B_SPLINE_CURVE_WITH_KNOTS('',1,(#2857,#2858),.UNSPECIFIED.,.F.,
  .F.,(2,2),(-0.,0.225),.PIECEWISE_BEZIER_KNOTS.);
#2857 = CARTESIAN_POINT('',(0.1125,-0.65,0.175000871504));
#2858 = CARTESIAN_POINT('',(-0.1125,-0.65,0.175000871504));
#2859 = ORIENTED_EDGE('',*,*,#2860,.T.);
#2860 = EDGE_CURVE('',#2854,#2825,#2861,.T.);
#2861 = ( BOUNDED_CURVE() B_SPLINE_CURVE(2,(#2862,#2863,#2864),
.UNSPECIFIED.,.F.,.F.) B_SPLINE_CURVE_WITH_KNOTS((3,3),(4.712388980385,
6.28318530718),.PIECEWISE_BEZIER_KNOTS.) CURVE() 
GEOMETRIC_REPRESENTATION_ITEM() RATIONAL_B_SPLINE_CURVE((1.,
0.707106781187,1.)) REPRESENTATION_ITEM('') );
#2862 = CARTESIAN_POINT('',(0.1125,-0.65,0.175000871504));
#2863 = CARTESIAN_POINT('',(0.1125,-0.65,8.715044626527E-07));
#2864 = CARTESIAN_POINT('',(0.1125,-0.825,8.715044625972E-07));
#2865 = ORIENTED_EDGE('',*,*,#2824,.T.);
#2866 = ( BOUNDED_SURFACE() B_SPLINE_SURFACE(2,1,(
    (#2867,#2868)
    ,(#2869,#2870)
    ,(#2871,#2872
)),.UNSPECIFIED.,.F.,.F.,.F.) B_SPLINE_SURFACE_WITH_KNOTS((3,3),(2,2),(
    1.570796326795,3.14159265359),(0.,0.225),.PIECEWISE_BEZIER_KNOTS.) 
GEOMETRIC_REPRESENTATION_ITEM() RATIONAL_B_SPLINE_SURFACE((
    (1.,1.)
    ,(0.707106781187,0.707106781187)
,(1.,1.))) REPRESENTATION_ITEM('') SURFACE() );
#2867 = CARTESIAN_POINT('',(0.1125,-0.65,0.175000871504));
#2868 = CARTESIAN_POINT('',(-0.1125,-0.65,0.175000871504));
#2869 = CARTESIAN_POINT('',(0.1125,-0.65,8.715044626527E-07));
#2870 = CARTESIAN_POINT('',(-0.1125,-0.65,8.715044626527E-07));
#2871 = CARTESIAN_POINT('',(0.1125,-0.825,8.715044626249E-07));
#2872 = CARTESIAN_POINT('',(-0.1125,-0.825,8.715044626249E-07));
#2873 = ADVANCED_FACE('',(#2874),#2896,.T.);
#2874 = FACE_BOUND('',#2875,.T.);
#2875 = EDGE_LOOP('',(#2876,#2883,#2890,#2895));
#2876 = ORIENTED_EDGE('',*,*,#2877,.F.);
#2877 = EDGE_CURVE('',#2878,#2846,#2880,.T.);
#2878 = VERTEX_POINT('',#2879);
#2879 = CARTESIAN_POINT('',(-0.1125,-0.65,0.700000871504));
#2880 = B_SPLINE_CURVE_WITH_KNOTS('',1,(#2881,#2882),.UNSPECIFIED.,.F.,
  .F.,(2,2),(0.,0.525),.PIECEWISE_BEZIER_KNOTS.);
#2881 = CARTESIAN_POINT('',(-0.1125,-0.65,0.700000871504));
#2882 = CARTESIAN_POINT('',(-0.1125,-0.65,0.175000871504));
#2883 = ORIENTED_EDGE('',*,*,#2884,.F.);
#2884 = EDGE_CURVE('',#2885,#2878,#2887,.T.);
#2885 = VERTEX_POINT('',#2886);
#2886 = CARTESIAN_POINT('',(0.1125,-0.65,0.700000871504));
#2887 = B_SPLINE_CURVE_WITH_KNOTS('',1,(#2888,#2889),.UNSPECIFIED.,.F.,
  .F.,(2,2),(-0.,0.225),.PIECEWISE_BEZIER_KNOTS.);
#2888 = CARTESIAN_POINT('',(0.1125,-0.65,0.700000871504));
#2889 = CARTESIAN_POINT('',(-0.1125,-0.65,0.700000871504));
#2890 = ORIENTED_EDGE('',*,*,#2891,.T.);
#2891 = EDGE_CURVE('',#2885,#2854,#2892,.T.);
#2892 = B_SPLINE_CURVE_WITH_KNOTS('',1,(#2893,#2894),.UNSPECIFIED.,.F.,
  .F.,(2,2),(0.,0.525),.PIECEWISE_BEZIER_KNOTS.);
#2893 = CARTESIAN_POINT('',(0.1125,-0.65,0.700000871504));
#2894 = CARTESIAN_POINT('',(0.1125,-0.65,0.175000871504));
#2895 = ORIENTED_EDGE('',*,*,#2853,.T.);
#2896 = B_SPLINE_SURFACE_WITH_KNOTS('',1,1,(
    (#2897,#2898)
    ,(#2899,#2900
    )),.UNSPECIFIED.,.F.,.F.,.F.,(2,2),(2,2),(-0.525,0.),(-0.225,0.),
  .PIECEWISE_BEZIER_KNOTS.);
#2897 = CARTESIAN_POINT('',(-0.1125,-0.65,0.175000871504));
#2898 = CARTESIAN_POINT('',(0.1125,-0.65,0.175000871504));
#2899 = CARTESIAN_POINT('',(-0.1125,-0.65,0.700000871504));
#2900 = CARTESIAN_POINT('',(0.1125,-0.65,0.700000871504));
#2901 = ADVANCED_FACE('',(#2902),#2926,.F.);
#2902 = FACE_BOUND('',#2903,.F.);
#2903 = EDGE_LOOP('',(#2904,#2905,#2913,#2920));
#2904 = ORIENTED_EDGE('',*,*,#2884,.F.);
#2905 = ORIENTED_EDGE('',*,*,#2906,.F.);
#2906 = EDGE_CURVE('',#2907,#2885,#2909,.T.);
#2907 = VERTEX_POINT('',#2908);
#2908 = CARTESIAN_POINT('',(0.1125,-0.625,0.725000871504));
#2909 = ( BOUNDED_CURVE() B_SPLINE_CURVE(2,(#2910,#2911,#2912),
.UNSPECIFIED.,.F.,.F.) B_SPLINE_CURVE_WITH_KNOTS((3,3),(3.14159265359,
4.712388980385),.PIECEWISE_BEZIER_KNOTS.) CURVE() 
GEOMETRIC_REPRESENTATION_ITEM() RATIONAL_B_SPLINE_CURVE((1.,
0.707106781187,1.)) REPRESENTATION_ITEM('') );
#2910 = CARTESIAN_POINT('',(0.1125,-0.625,0.725000871504));
#2911 = CARTESIAN_POINT('',(0.1125,-0.65,0.725000871504));
#2912 = CARTESIAN_POINT('',(0.1125,-0.65,0.700000871504));
#2913 = ORIENTED_EDGE('',*,*,#2914,.T.);
#2914 = EDGE_CURVE('',#2907,#2915,#2917,.T.);
#2915 = VERTEX_POINT('',#2916);
#2916 = CARTESIAN_POINT('',(-0.1125,-0.625,0.725000871504));
#2917 = B_SPLINE_CURVE_WITH_KNOTS('',1,(#2918,#2919),.UNSPECIFIED.,.F.,
  .F.,(2,2),(-0.,0.225),.PIECEWISE_BEZIER_KNOTS.);
#2918 = CARTESIAN_POINT('',(0.1125,-0.625,0.725000871504));
#2919 = CARTESIAN_POINT('',(-0.1125,-0.625,0.725000871504));
#2920 = ORIENTED_EDGE('',*,*,#2921,.T.);
#2921 = EDGE_CURVE('',#2915,#2878,#2922,.T.);
#2922 = ( BOUNDED_CURVE() B_SPLINE_CURVE(2,(#2923,#2924,#2925),
.UNSPECIFIED.,.F.,.F.) B_SPLINE_CURVE_WITH_KNOTS((3,3),(3.14159265359,
4.712388980385),.PIECEWISE_BEZIER_KNOTS.) CURVE() 
GEOMETRIC_REPRESENTATION_ITEM() RATIONAL_B_SPLINE_CURVE((1.,
0.707106781187,1.)) REPRESENTATION_ITEM('') );
#2923 = CARTESIAN_POINT('',(-0.1125,-0.625,0.725000871504));
#2924 = CARTESIAN_POINT('',(-0.1125,-0.65,0.725000871504));
#2925 = CARTESIAN_POINT('',(-0.1125,-0.65,0.700000871504));
#2926 = ( BOUNDED_SURFACE() B_SPLINE_SURFACE(2,1,(
    (#2927,#2928)
    ,(#2929,#2930)
    ,(#2931,#2932
)),.UNSPECIFIED.,.F.,.F.,.F.) B_SPLINE_SURFACE_WITH_KNOTS((3,3),(2,2),(
    4.712388980385,6.28318530718),(0.,0.225),.PIECEWISE_BEZIER_KNOTS.) 
GEOMETRIC_REPRESENTATION_ITEM() RATIONAL_B_SPLINE_SURFACE((
    (1.,1.)
    ,(0.707106781187,0.707106781187)
,(1.,1.))) REPRESENTATION_ITEM('') SURFACE() );
#2927 = CARTESIAN_POINT('',(0.1125,-0.65,0.700000871504));
#2928 = CARTESIAN_POINT('',(-0.1125,-0.65,0.700000871504));
#2929 = CARTESIAN_POINT('',(0.1125,-0.65,0.725000871504));
#2930 = CARTESIAN_POINT('',(-0.1125,-0.65,0.725000871504));
#2931 = CARTESIAN_POINT('',(0.1125,-0.625,0.725000871504));
#2932 = CARTESIAN_POINT('',(-0.1125,-0.625,0.725000871504));
#2933 = ADVANCED_FACE('',(#2934),#2948,.T.);
#2934 = FACE_BOUND('',#2935,.T.);
#2935 = EDGE_LOOP('',(#2936,#2941,#2942,#2947));
#2936 = ORIENTED_EDGE('',*,*,#2937,.F.);
#2937 = EDGE_CURVE('',#525,#2915,#2938,.T.);
#2938 = B_SPLINE_CURVE_WITH_KNOTS('',1,(#2939,#2940),.UNSPECIFIED.,.F.,
  .F.,(2,2),(0.195887227378,0.202448877142),.PIECEWISE_BEZIER_KNOTS.);
#2939 = CARTESIAN_POINT('',(-0.1125,-0.618438350236,0.725000871504));
#2940 = CARTESIAN_POINT('',(-0.1125,-0.625,0.725000871504));
#2941 = ORIENTED_EDGE('',*,*,#524,.T.);
#2942 = ORIENTED_EDGE('',*,*,#2943,.T.);
#2943 = EDGE_CURVE('',#518,#2907,#2944,.T.);
#2944 = B_SPLINE_CURVE_WITH_KNOTS('',1,(#2945,#2946),.UNSPECIFIED.,.F.,
  .F.,(2,2),(0.195887227378,0.202448877142),.PIECEWISE_BEZIER_KNOTS.);
#2945 = CARTESIAN_POINT('',(0.1125,-0.618438350236,0.725000871504));
#2946 = CARTESIAN_POINT('',(0.1125,-0.625,0.725000871504));
#2947 = ORIENTED_EDGE('',*,*,#2914,.T.);
#2948 = B_SPLINE_SURFACE_WITH_KNOTS('',1,1,(
    (#2949,#2950)
    ,(#2951,#2952
    )),.UNSPECIFIED.,.F.,.F.,.F.,(2,2),(2,2),(-0.202448877142,
    -0.195887227378),(-0.225,0.),.PIECEWISE_BEZIER_KNOTS.);
#2949 = CARTESIAN_POINT('',(-0.1125,-0.625,0.725000871504));
#2950 = CARTESIAN_POINT('',(0.1125,-0.625,0.725000871504));
#2951 = CARTESIAN_POINT('',(-0.1125,-0.618438350236,0.725000871504));
#2952 = CARTESIAN_POINT('',(0.1125,-0.618438350236,0.725000871504));
#2953 = ADVANCED_FACE('',(#2954),#2976,.F.);
#2954 = FACE_BOUND('',#2955,.T.);
#2955 = EDGE_LOOP('',(#2956,#2957,#2964,#2971));
#2956 = ORIENTED_EDGE('',*,*,#456,.F.);
#2957 = ORIENTED_EDGE('',*,*,#2958,.T.);
#2958 = EDGE_CURVE('',#450,#2959,#2961,.T.);
#2959 = VERTEX_POINT('',#2960);
#2960 = CARTESIAN_POINT('',(-0.1125,-0.625,0.875000871504));
#2961 = B_SPLINE_CURVE_WITH_KNOTS('',1,(#2962,#2963),.UNSPECIFIED.,.F.,
  .F.,(2,2),(0.191908314539,0.202448877142),.PIECEWISE_BEZIER_KNOTS.);
#2962 = CARTESIAN_POINT('',(-0.1125,-0.614459437397,0.875000871504));
#2963 = CARTESIAN_POINT('',(-0.1125,-0.625,0.875000871504));
#2964 = ORIENTED_EDGE('',*,*,#2965,.F.);
#2965 = EDGE_CURVE('',#2966,#2959,#2968,.T.);
#2966 = VERTEX_POINT('',#2967);
#2967 = CARTESIAN_POINT('',(0.1125,-0.625,0.875000871504));
#2968 = B_SPLINE_CURVE_WITH_KNOTS('',1,(#2969,#2970),.UNSPECIFIED.,.F.,
  .F.,(2,2),(-0.,0.225),.PIECEWISE_BEZIER_KNOTS.);
#2969 = CARTESIAN_POINT('',(0.1125,-0.625,0.875000871504));
#2970 = CARTESIAN_POINT('',(-0.1125,-0.625,0.875000871504));
#2971 = ORIENTED_EDGE('',*,*,#2972,.F.);
#2972 = EDGE_CURVE('',#457,#2966,#2973,.T.);
#2973 = B_SPLINE_CURVE_WITH_KNOTS('',1,(#2974,#2975),.UNSPECIFIED.,.F.,
  .F.,(2,2),(0.191908314539,0.202448877142),.PIECEWISE_BEZIER_KNOTS.);
#2974 = CARTESIAN_POINT('',(0.1125,-0.614459437397,0.875000871504));
#2975 = CARTESIAN_POINT('',(0.1125,-0.625,0.875000871504));
#2976 = B_SPLINE_SURFACE_WITH_KNOTS('',1,1,(
    (#2977,#2978)
    ,(#2979,#2980
    )),.UNSPECIFIED.,.F.,.F.,.F.,(2,2),(2,2),(-0.202448877142,
    -0.191908314539),(-0.225,0.),.PIECEWISE_BEZIER_KNOTS.);
#2977 = CARTESIAN_POINT('',(-0.1125,-0.625,0.875000871504));
#2978 = CARTESIAN_POINT('',(0.1125,-0.625,0.875000871504));
#2979 = CARTESIAN_POINT('',(-0.1125,-0.614459437397,0.875000871504));
#2980 = CARTESIAN_POINT('',(0.1125,-0.614459437397,0.875000871504));
#2981 = ADVANCED_FACE('',(#2982),#3006,.T.);
#2982 = FACE_BOUND('',#2983,.T.);
#2983 = EDGE_LOOP('',(#2984,#2992,#2999,#3005));
#2984 = ORIENTED_EDGE('',*,*,#2985,.T.);
#2985 = EDGE_CURVE('',#2959,#2986,#2988,.T.);
#2986 = VERTEX_POINT('',#2987);
#2987 = CARTESIAN_POINT('',(-0.1125,-0.8,0.700000871504));
#2988 = ( BOUNDED_CURVE() B_SPLINE_CURVE(2,(#2989,#2990,#2991),
.UNSPECIFIED.,.F.,.F.) B_SPLINE_CURVE_WITH_KNOTS((3,3),(3.14159265359,
4.712388980385),.PIECEWISE_BEZIER_KNOTS.) CURVE() 
GEOMETRIC_REPRESENTATION_ITEM() RATIONAL_B_SPLINE_CURVE((1.,
0.707106781187,1.)) REPRESENTATION_ITEM('') );
#2989 = CARTESIAN_POINT('',(-0.1125,-0.625,0.875000871504));
#2990 = CARTESIAN_POINT('',(-0.1125,-0.8,0.875000871504));
#2991 = CARTESIAN_POINT('',(-0.1125,-0.8,0.700000871504));
#2992 = ORIENTED_EDGE('',*,*,#2993,.F.);
#2993 = EDGE_CURVE('',#2994,#2986,#2996,.T.);
#2994 = VERTEX_POINT('',#2995);
#2995 = CARTESIAN_POINT('',(0.1125,-0.8,0.700000871504));
#2996 = B_SPLINE_CURVE_WITH_KNOTS('',1,(#2997,#2998),.UNSPECIFIED.,.F.,
  .F.,(2,2),(-0.,0.225),.PIECEWISE_BEZIER_KNOTS.);
#2997 = CARTESIAN_POINT('',(0.1125,-0.8,0.700000871504));
#2998 = CARTESIAN_POINT('',(-0.1125,-0.8,0.700000871504));
#2999 = ORIENTED_EDGE('',*,*,#3000,.F.);
#3000 = EDGE_CURVE('',#2966,#2994,#3001,.T.);
#3001 = ( BOUNDED_CURVE() B_SPLINE_CURVE(2,(#3002,#3003,#3004),
.UNSPECIFIED.,.F.,.F.) B_SPLINE_CURVE_WITH_KNOTS((3,3),(3.14159265359,
4.712388980385),.PIECEWISE_BEZIER_KNOTS.) CURVE() 
GEOMETRIC_REPRESENTATION_ITEM() RATIONAL_B_SPLINE_CURVE((1.,
0.707106781187,1.)) REPRESENTATION_ITEM('') );
#3002 = CARTESIAN_POINT('',(0.1125,-0.625,0.875000871504));
#3003 = CARTESIAN_POINT('',(0.1125,-0.8,0.875000871504));
#3004 = CARTESIAN_POINT('',(0.1125,-0.8,0.700000871504));
#3005 = ORIENTED_EDGE('',*,*,#2965,.T.);
#3006 = ( BOUNDED_SURFACE() B_SPLINE_SURFACE(2,1,(
    (#3007,#3008)
    ,(#3009,#3010)
    ,(#3011,#3012
)),.UNSPECIFIED.,.F.,.F.,.F.) B_SPLINE_SURFACE_WITH_KNOTS((3,3),(2,2),(
    4.712388980385,6.28318530718),(0.,0.225),.PIECEWISE_BEZIER_KNOTS.) 
GEOMETRIC_REPRESENTATION_ITEM() RATIONAL_B_SPLINE_SURFACE((
    (1.,1.)
    ,(0.707106781187,0.707106781187)
,(1.,1.))) REPRESENTATION_ITEM('') SURFACE() );
#3007 = CARTESIAN_POINT('',(0.1125,-0.8,0.700000871504));
#3008 = CARTESIAN_POINT('',(-0.1125,-0.8,0.700000871504));
#3009 = CARTESIAN_POINT('',(0.1125,-0.8,0.875000871504));
#3010 = CARTESIAN_POINT('',(-0.1125,-0.8,0.875000871504));
#3011 = CARTESIAN_POINT('',(0.1125,-0.625,0.875000871504));
#3012 = CARTESIAN_POINT('',(-0.1125,-0.625,0.875000871504));
#3013 = ADVANCED_FACE('',(#3014),#3036,.F.);
#3014 = FACE_BOUND('',#3015,.T.);
#3015 = EDGE_LOOP('',(#3016,#3023,#3030,#3035));
#3016 = ORIENTED_EDGE('',*,*,#3017,.T.);
#3017 = EDGE_CURVE('',#2986,#3018,#3020,.T.);
#3018 = VERTEX_POINT('',#3019);
#3019 = CARTESIAN_POINT('',(-0.1125,-0.8,0.175000871504));
#3020 = B_SPLINE_CURVE_WITH_KNOTS('',1,(#3021,#3022),.UNSPECIFIED.,.F.,
  .F.,(2,2),(0.,0.525),.PIECEWISE_BEZIER_KNOTS.);
#3021 = CARTESIAN_POINT('',(-0.1125,-0.8,0.700000871504));
#3022 = CARTESIAN_POINT('',(-0.1125,-0.8,0.175000871504));
#3023 = ORIENTED_EDGE('',*,*,#3024,.F.);
#3024 = EDGE_CURVE('',#3025,#3018,#3027,.T.);
#3025 = VERTEX_POINT('',#3026);
#3026 = CARTESIAN_POINT('',(0.1125,-0.8,0.175000871504));
#3027 = B_SPLINE_CURVE_WITH_KNOTS('',1,(#3028,#3029),.UNSPECIFIED.,.F.,
  .F.,(2,2),(-0.,0.225),.PIECEWISE_BEZIER_KNOTS.);
#3028 = CARTESIAN_POINT('',(0.1125,-0.8,0.175000871504));
#3029 = CARTESIAN_POINT('',(-0.1125,-0.8,0.175000871504));
#3030 = ORIENTED_EDGE('',*,*,#3031,.F.);
#3031 = EDGE_CURVE('',#2994,#3025,#3032,.T.);
#3032 = B_SPLINE_CURVE_WITH_KNOTS('',1,(#3033,#3034),.UNSPECIFIED.,.F.,
  .F.,(2,2),(0.,0.525),.PIECEWISE_BEZIER_KNOTS.);
#3033 = CARTESIAN_POINT('',(0.1125,-0.8,0.700000871504));
#3034 = CARTESIAN_POINT('',(0.1125,-0.8,0.175000871504));
#3035 = ORIENTED_EDGE('',*,*,#2993,.T.);
#3036 = B_SPLINE_SURFACE_WITH_KNOTS('',1,1,(
    (#3037,#3038)
    ,(#3039,#3040
    )),.UNSPECIFIED.,.F.,.F.,.F.,(2,2),(2,2),(-0.525,0.),(-0.225,0.),
  .PIECEWISE_BEZIER_KNOTS.);
#3037 = CARTESIAN_POINT('',(-0.1125,-0.8,0.175000871504));
#3038 = CARTESIAN_POINT('',(0.1125,-0.8,0.175000871504));
#3039 = CARTESIAN_POINT('',(-0.1125,-0.8,0.700000871504));
#3040 = CARTESIAN_POINT('',(0.1125,-0.8,0.700000871504));
#3041 = ADVANCED_FACE('',(#3042),#3058,.F.);
#3042 = FACE_BOUND('',#3043,.F.);
#3043 = EDGE_LOOP('',(#3044,#3045,#3051,#3052));
#3044 = ORIENTED_EDGE('',*,*,#3024,.F.);
#3045 = ORIENTED_EDGE('',*,*,#3046,.T.);
#3046 = EDGE_CURVE('',#3025,#2770,#3047,.T.);
#3047 = ( BOUNDED_CURVE() B_SPLINE_CURVE(2,(#3048,#3049,#3050),
.UNSPECIFIED.,.F.,.F.) B_SPLINE_CURVE_WITH_KNOTS((3,3),(4.712388980385,
6.28318530718),.PIECEWISE_BEZIER_KNOTS.) CURVE() 
GEOMETRIC_REPRESENTATION_ITEM() RATIONAL_B_SPLINE_CURVE((1.,
0.707106781187,1.)) REPRESENTATION_ITEM('') );
#3048 = CARTESIAN_POINT('',(0.1125,-0.8,0.175000871504));
#3049 = CARTESIAN_POINT('',(0.1125,-0.8,0.150000871504));
#3050 = CARTESIAN_POINT('',(0.1125,-0.825,0.150000871504));
#3051 = ORIENTED_EDGE('',*,*,#2776,.T.);
#3052 = ORIENTED_EDGE('',*,*,#3053,.F.);
#3053 = EDGE_CURVE('',#3018,#2754,#3054,.T.);
#3054 = ( BOUNDED_CURVE() B_SPLINE_CURVE(2,(#3055,#3056,#3057),
.UNSPECIFIED.,.F.,.F.) B_SPLINE_CURVE_WITH_KNOTS((3,3),(4.712388980385,
6.28318530718),.PIECEWISE_BEZIER_KNOTS.) CURVE() 
GEOMETRIC_REPRESENTATION_ITEM() RATIONAL_B_SPLINE_CURVE((1.,
0.707106781187,1.)) REPRESENTATION_ITEM('') );
#3055 = CARTESIAN_POINT('',(-0.1125,-0.8,0.175000871504));
#3056 = CARTESIAN_POINT('',(-0.1125,-0.8,0.150000871504));
#3057 = CARTESIAN_POINT('',(-0.1125,-0.825,0.150000871504));
#3058 = ( BOUNDED_SURFACE() B_SPLINE_SURFACE(2,1,(
    (#3059,#3060)
    ,(#3061,#3062)
    ,(#3063,#3064
)),.UNSPECIFIED.,.F.,.F.,.F.) B_SPLINE_SURFACE_WITH_KNOTS((3,3),(2,2),(
    1.570796326795,3.14159265359),(0.,0.225),.PIECEWISE_BEZIER_KNOTS.) 
GEOMETRIC_REPRESENTATION_ITEM() RATIONAL_B_SPLINE_SURFACE((
    (1.,1.)
    ,(0.707106781187,0.707106781187)
,(1.,1.))) REPRESENTATION_ITEM('') SURFACE() );
#3059 = CARTESIAN_POINT('',(0.1125,-0.8,0.175000871504));
#3060 = CARTESIAN_POINT('',(-0.1125,-0.8,0.175000871504));
#3061 = CARTESIAN_POINT('',(0.1125,-0.8,0.150000871504));
#3062 = CARTESIAN_POINT('',(-0.1125,-0.8,0.150000871504));
#3063 = CARTESIAN_POINT('',(0.1125,-0.825,0.150000871504));
#3064 = CARTESIAN_POINT('',(-0.1125,-0.825,0.150000871504));
#3065 = ADVANCED_FACE('',(#3066),#3081,.T.);
#3066 = FACE_BOUND('',#3067,.T.);
#3067 = EDGE_LOOP('',(#3068,#3069,#3070,#3071,#3072,#3073,#3074,#3075,
    #3076,#3077,#3078,#3079,#3080));
#3068 = ORIENTED_EDGE('',*,*,#517,.T.);
#3069 = ORIENTED_EDGE('',*,*,#463,.T.);
#3070 = ORIENTED_EDGE('',*,*,#2972,.T.);
#3071 = ORIENTED_EDGE('',*,*,#3000,.T.);
#3072 = ORIENTED_EDGE('',*,*,#3031,.T.);
#3073 = ORIENTED_EDGE('',*,*,#3046,.T.);
#3074 = ORIENTED_EDGE('',*,*,#2769,.T.);
#3075 = ORIENTED_EDGE('',*,*,#2803,.F.);
#3076 = ORIENTED_EDGE('',*,*,#2831,.F.);
#3077 = ORIENTED_EDGE('',*,*,#2860,.F.);
#3078 = ORIENTED_EDGE('',*,*,#2891,.F.);
#3079 = ORIENTED_EDGE('',*,*,#2906,.F.);
#3080 = ORIENTED_EDGE('',*,*,#2943,.F.);
#3081 = B_SPLINE_SURFACE_WITH_KNOTS('',1,1,(
    (#3082,#3083)
    ,(#3084,#3085
    )),.UNSPECIFIED.,.F.,.F.,.F.,(2,2),(2,2),(-0.7,0.175),(-0.225,
    0.210540562603),.PIECEWISE_BEZIER_KNOTS.);
#3082 = CARTESIAN_POINT('',(0.1125,-1.05,0.875000871504));
#3083 = CARTESIAN_POINT('',(0.1125,-0.614459437397,0.875000871504));
#3084 = CARTESIAN_POINT('',(0.1125,-1.05,8.715044625694E-07));
#3085 = CARTESIAN_POINT('',(0.1125,-0.614459437397,8.715044625694E-07));
#3086 = ADVANCED_FACE('',(#3087),#3102,.F.);
#3087 = FACE_BOUND('',#3088,.T.);
#3088 = EDGE_LOOP('',(#3089,#3090,#3091,#3092,#3093,#3094,#3095,#3096,
    #3097,#3098,#3099,#3100,#3101));
#3089 = ORIENTED_EDGE('',*,*,#449,.F.);
#3090 = ORIENTED_EDGE('',*,*,#531,.F.);
#3091 = ORIENTED_EDGE('',*,*,#2937,.T.);
#3092 = ORIENTED_EDGE('',*,*,#2921,.T.);
#3093 = ORIENTED_EDGE('',*,*,#2877,.T.);
#3094 = ORIENTED_EDGE('',*,*,#2845,.T.);
#3095 = ORIENTED_EDGE('',*,*,#2817,.T.);
#3096 = ORIENTED_EDGE('',*,*,#2789,.T.);
#3097 = ORIENTED_EDGE('',*,*,#2753,.F.);
#3098 = ORIENTED_EDGE('',*,*,#3053,.F.);
#3099 = ORIENTED_EDGE('',*,*,#3017,.F.);
#3100 = ORIENTED_EDGE('',*,*,#2985,.F.);
#3101 = ORIENTED_EDGE('',*,*,#2958,.F.);
#3102 = B_SPLINE_SURFACE_WITH_KNOTS('',1,1,(
    (#3103,#3104)
    ,(#3105,#3106
    )),.UNSPECIFIED.,.F.,.F.,.F.,(2,2),(2,2),(-0.7,0.175),(-0.225,
    0.210540562603),.PIECEWISE_BEZIER_KNOTS.);
#3103 = CARTESIAN_POINT('',(-0.1125,-1.05,0.875000871504));
#3104 = CARTESIAN_POINT('',(-0.1125,-0.614459437397,0.875000871504));
#3105 = CARTESIAN_POINT('',(-0.1125,-1.05,8.715044625694E-07));
#3106 = CARTESIAN_POINT('',(-0.1125,-0.614459437397,8.715044625694E-07)
  );
#3107 = ADVANCED_FACE('',(#3108),#3138,.F.);
#3108 = FACE_BOUND('',#3109,.T.);
#3109 = EDGE_LOOP('',(#3110,#3119,#3126,#3133));
#3110 = ORIENTED_EDGE('',*,*,#3111,.T.);
#3111 = EDGE_CURVE('',#3112,#3114,#3116,.T.);
#3112 = VERTEX_POINT('',#3113);
#3113 = CARTESIAN_POINT('',(0.5375,-0.825,0.150000871504));
#3114 = VERTEX_POINT('',#3115);
#3115 = CARTESIAN_POINT('',(0.5375,-1.05,0.150000871504));
#3116 = B_SPLINE_CURVE_WITH_KNOTS('',1,(#3117,#3118),.UNSPECIFIED.,.F.,
  .F.,(2,2),(0.,0.225),.PIECEWISE_BEZIER_KNOTS.);
#3117 = CARTESIAN_POINT('',(0.5375,-0.825,0.150000871504));
#3118 = CARTESIAN_POINT('',(0.5375,-1.05,0.150000871504));
#3119 = ORIENTED_EDGE('',*,*,#3120,.F.);
#3120 = EDGE_CURVE('',#3121,#3114,#3123,.T.);
#3121 = VERTEX_POINT('',#3122);
#3122 = CARTESIAN_POINT('',(0.7625,-1.05,0.150000871504));
#3123 = B_SPLINE_CURVE_WITH_KNOTS('',1,(#3124,#3125),.UNSPECIFIED.,.F.,
  .F.,(2,2),(-0.,0.225),.PIECEWISE_BEZIER_KNOTS.);
#3124 = CARTESIAN_POINT('',(0.7625,-1.05,0.150000871504));
#3125 = CARTESIAN_POINT('',(0.5375,-1.05,0.150000871504));
#3126 = ORIENTED_EDGE('',*,*,#3127,.F.);
#3127 = EDGE_CURVE('',#3128,#3121,#3130,.T.);
#3128 = VERTEX_POINT('',#3129);
#3129 = CARTESIAN_POINT('',(0.7625,-0.825,0.150000871504));
#3130 = B_SPLINE_CURVE_WITH_KNOTS('',1,(#3131,#3132),.UNSPECIFIED.,.F.,
  .F.,(2,2),(0.,0.225),.PIECEWISE_BEZIER_KNOTS.);
#3131 = CARTESIAN_POINT('',(0.7625,-0.825,0.150000871504));
#3132 = CARTESIAN_POINT('',(0.7625,-1.05,0.150000871504));
#3133 = ORIENTED_EDGE('',*,*,#3134,.T.);
#3134 = EDGE_CURVE('',#3128,#3112,#3135,.T.);
#3135 = B_SPLINE_CURVE_WITH_KNOTS('',1,(#3136,#3137),.UNSPECIFIED.,.F.,
  .F.,(2,2),(-0.,0.225),.PIECEWISE_BEZIER_KNOTS.);
#3136 = CARTESIAN_POINT('',(0.7625,-0.825,0.150000871504));
#3137 = CARTESIAN_POINT('',(0.5375,-0.825,0.150000871504));
#3138 = B_SPLINE_SURFACE_WITH_KNOTS('',1,1,(
    (#3139,#3140)
    ,(#3141,#3142
    )),.UNSPECIFIED.,.F.,.F.,.F.,(2,2),(2,2),(-0.225,0.),(-0.225,0.),
  .PIECEWISE_BEZIER_KNOTS.);
#3139 = CARTESIAN_POINT('',(0.5375,-1.05,0.150000871504));
#3140 = CARTESIAN_POINT('',(0.7625,-1.05,0.150000871504));
#3141 = CARTESIAN_POINT('',(0.5375,-0.825,0.150000871504));
#3142 = CARTESIAN_POINT('',(0.7625,-0.825,0.150000871504));
#3143 = ADVANCED_FACE('',(#3144),#3166,.T.);
#3144 = FACE_BOUND('',#3145,.T.);
#3145 = EDGE_LOOP('',(#3146,#3153,#3160,#3165));
#3146 = ORIENTED_EDGE('',*,*,#3147,.F.);
#3147 = EDGE_CURVE('',#3148,#3114,#3150,.T.);
#3148 = VERTEX_POINT('',#3149);
#3149 = CARTESIAN_POINT('',(0.5375,-1.05,8.715044625585E-07));
#3150 = B_SPLINE_CURVE_WITH_KNOTS('',1,(#3151,#3152),.UNSPECIFIED.,.F.,
  .F.,(2,2),(0.,0.15),.PIECEWISE_BEZIER_KNOTS.);
#3151 = CARTESIAN_POINT('',(0.5375,-1.05,8.715044625585E-07));
#3152 = CARTESIAN_POINT('',(0.5375,-1.05,0.150000871504));
#3153 = ORIENTED_EDGE('',*,*,#3154,.F.);
#3154 = EDGE_CURVE('',#3155,#3148,#3157,.T.);
#3155 = VERTEX_POINT('',#3156);
#3156 = CARTESIAN_POINT('',(0.7625,-1.05,8.715044625585E-07));
#3157 = B_SPLINE_CURVE_WITH_KNOTS('',1,(#3158,#3159),.UNSPECIFIED.,.F.,
  .F.,(2,2),(-0.,0.225),.PIECEWISE_BEZIER_KNOTS.);
#3158 = CARTESIAN_POINT('',(0.7625,-1.05,8.715044625585E-07));
#3159 = CARTESIAN_POINT('',(0.5375,-1.05,8.715044625585E-07));
#3160 = ORIENTED_EDGE('',*,*,#3161,.T.);
#3161 = EDGE_CURVE('',#3155,#3121,#3162,.T.);
#3162 = B_SPLINE_CURVE_WITH_KNOTS('',1,(#3163,#3164),.UNSPECIFIED.,.F.,
  .F.,(2,2),(0.,0.15),.PIECEWISE_BEZIER_KNOTS.);
#3163 = CARTESIAN_POINT('',(0.7625,-1.05,8.715044625585E-07));
#3164 = CARTESIAN_POINT('',(0.7625,-1.05,0.150000871504));
#3165 = ORIENTED_EDGE('',*,*,#3120,.T.);
#3166 = B_SPLINE_SURFACE_WITH_KNOTS('',1,1,(
    (#3167,#3168)
    ,(#3169,#3170
    )),.UNSPECIFIED.,.F.,.F.,.F.,(2,2),(2,2),(-0.15,0.),(-0.225,0.),
  .PIECEWISE_BEZIER_KNOTS.);
#3167 = CARTESIAN_POINT('',(0.5375,-1.05,0.150000871504));
#3168 = CARTESIAN_POINT('',(0.7625,-1.05,0.150000871504));
#3169 = CARTESIAN_POINT('',(0.5375,-1.05,8.715044625585E-07));
#3170 = CARTESIAN_POINT('',(0.7625,-1.05,8.715044625585E-07));
#3171 = ADVANCED_FACE('',(#3172),#3194,.T.);
#3172 = FACE_BOUND('',#3173,.T.);
#3173 = EDGE_LOOP('',(#3174,#3181,#3188,#3193));
#3174 = ORIENTED_EDGE('',*,*,#3175,.F.);
#3175 = EDGE_CURVE('',#3176,#3148,#3178,.T.);
#3176 = VERTEX_POINT('',#3177);
#3177 = CARTESIAN_POINT('',(0.5375,-0.825,8.715044625856E-07));
#3178 = B_SPLINE_CURVE_WITH_KNOTS('',1,(#3179,#3180),.UNSPECIFIED.,.F.,
  .F.,(2,2),(0.,0.225),.PIECEWISE_BEZIER_KNOTS.);
#3179 = CARTESIAN_POINT('',(0.5375,-0.825,8.715044625856E-07));
#3180 = CARTESIAN_POINT('',(0.5375,-1.05,8.715044625585E-07));
#3181 = ORIENTED_EDGE('',*,*,#3182,.F.);
#3182 = EDGE_CURVE('',#3183,#3176,#3185,.T.);
#3183 = VERTEX_POINT('',#3184);
#3184 = CARTESIAN_POINT('',(0.7625,-0.825,8.715044625856E-07));
#3185 = B_SPLINE_CURVE_WITH_KNOTS('',1,(#3186,#3187),.UNSPECIFIED.,.F.,
  .F.,(2,2),(-0.,0.225),.PIECEWISE_BEZIER_KNOTS.);
#3186 = CARTESIAN_POINT('',(0.7625,-0.825,8.715044625856E-07));
#3187 = CARTESIAN_POINT('',(0.5375,-0.825,8.715044625856E-07));
#3188 = ORIENTED_EDGE('',*,*,#3189,.T.);
#3189 = EDGE_CURVE('',#3183,#3155,#3190,.T.);
#3190 = B_SPLINE_CURVE_WITH_KNOTS('',1,(#3191,#3192),.UNSPECIFIED.,.F.,
  .F.,(2,2),(0.,0.225),.PIECEWISE_BEZIER_KNOTS.);
#3191 = CARTESIAN_POINT('',(0.7625,-0.825,8.715044625856E-07));
#3192 = CARTESIAN_POINT('',(0.7625,-1.05,8.715044625585E-07));
#3193 = ORIENTED_EDGE('',*,*,#3154,.T.);
#3194 = B_SPLINE_SURFACE_WITH_KNOTS('',1,1,(
    (#3195,#3196)
    ,(#3197,#3198
    )),.UNSPECIFIED.,.F.,.F.,.F.,(2,2),(2,2),(-0.225,0.),(-0.225,0.),
  .PIECEWISE_BEZIER_KNOTS.);
#3195 = CARTESIAN_POINT('',(0.5375,-1.05,8.715044625585E-07));
#3196 = CARTESIAN_POINT('',(0.7625,-1.05,8.715044625585E-07));
#3197 = CARTESIAN_POINT('',(0.5375,-0.825,8.715044625856E-07));
#3198 = CARTESIAN_POINT('',(0.7625,-0.825,8.715044625856E-07));
#3199 = ADVANCED_FACE('',(#3200),#3224,.T.);
#3200 = FACE_BOUND('',#3201,.T.);
#3201 = EDGE_LOOP('',(#3202,#3210,#3217,#3223));
#3202 = ORIENTED_EDGE('',*,*,#3203,.F.);
#3203 = EDGE_CURVE('',#3204,#3176,#3206,.T.);
#3204 = VERTEX_POINT('',#3205);
#3205 = CARTESIAN_POINT('',(0.5375,-0.65,0.175000871504));
#3206 = ( BOUNDED_CURVE() B_SPLINE_CURVE(2,(#3207,#3208,#3209),
.UNSPECIFIED.,.F.,.F.) B_SPLINE_CURVE_WITH_KNOTS((3,3),(4.712388980385,
6.28318530718),.PIECEWISE_BEZIER_KNOTS.) CURVE() 
GEOMETRIC_REPRESENTATION_ITEM() RATIONAL_B_SPLINE_CURVE((1.,
0.707106781187,1.)) REPRESENTATION_ITEM('') );
#3207 = CARTESIAN_POINT('',(0.5375,-0.65,0.175000871504));
#3208 = CARTESIAN_POINT('',(0.5375,-0.65,8.715044626527E-07));
#3209 = CARTESIAN_POINT('',(0.5375,-0.825,8.715044625972E-07));
#3210 = ORIENTED_EDGE('',*,*,#3211,.F.);
#3211 = EDGE_CURVE('',#3212,#3204,#3214,.T.);
#3212 = VERTEX_POINT('',#3213);
#3213 = CARTESIAN_POINT('',(0.7625,-0.65,0.175000871504));
#3214 = B_SPLINE_CURVE_WITH_KNOTS('',1,(#3215,#3216),.UNSPECIFIED.,.F.,
  .F.,(2,2),(-0.,0.225),.PIECEWISE_BEZIER_KNOTS.);
#3215 = CARTESIAN_POINT('',(0.7625,-0.65,0.175000871504));
#3216 = CARTESIAN_POINT('',(0.5375,-0.65,0.175000871504));
#3217 = ORIENTED_EDGE('',*,*,#3218,.T.);
#3218 = EDGE_CURVE('',#3212,#3183,#3219,.T.);
#3219 = ( BOUNDED_CURVE() B_SPLINE_CURVE(2,(#3220,#3221,#3222),
.UNSPECIFIED.,.F.,.F.) B_SPLINE_CURVE_WITH_KNOTS((3,3),(4.712388980385,
6.28318530718),.PIECEWISE_BEZIER_KNOTS.) CURVE() 
GEOMETRIC_REPRESENTATION_ITEM() RATIONAL_B_SPLINE_CURVE((1.,
0.707106781187,1.)) REPRESENTATION_ITEM('') );
#3220 = CARTESIAN_POINT('',(0.7625,-0.65,0.175000871504));
#3221 = CARTESIAN_POINT('',(0.7625,-0.65,8.715044626527E-07));
#3222 = CARTESIAN_POINT('',(0.7625,-0.825,8.715044625972E-07));
#3223 = ORIENTED_EDGE('',*,*,#3182,.T.);
#3224 = ( BOUNDED_SURFACE() B_SPLINE_SURFACE(2,1,(
    (#3225,#3226)
    ,(#3227,#3228)
    ,(#3229,#3230
)),.UNSPECIFIED.,.F.,.F.,.F.) B_SPLINE_SURFACE_WITH_KNOTS((3,3),(2,2),(
    1.570796326795,3.14159265359),(0.,0.225),.PIECEWISE_BEZIER_KNOTS.) 
GEOMETRIC_REPRESENTATION_ITEM() RATIONAL_B_SPLINE_SURFACE((
    (1.,1.)
    ,(0.707106781187,0.707106781187)
,(1.,1.))) REPRESENTATION_ITEM('') SURFACE() );
#3225 = CARTESIAN_POINT('',(0.7625,-0.65,0.175000871504));
#3226 = CARTESIAN_POINT('',(0.5375,-0.65,0.175000871504));
#3227 = CARTESIAN_POINT('',(0.7625,-0.65,8.715044626527E-07));
#3228 = CARTESIAN_POINT('',(0.5375,-0.65,8.715044626527E-07));
#3229 = CARTESIAN_POINT('',(0.7625,-0.825,8.715044626249E-07));
#3230 = CARTESIAN_POINT('',(0.5375,-0.825,8.715044626249E-07));
#3231 = ADVANCED_FACE('',(#3232),#3254,.T.);
#3232 = FACE_BOUND('',#3233,.T.);
#3233 = EDGE_LOOP('',(#3234,#3241,#3248,#3253));
#3234 = ORIENTED_EDGE('',*,*,#3235,.F.);
#3235 = EDGE_CURVE('',#3236,#3204,#3238,.T.);
#3236 = VERTEX_POINT('',#3237);
#3237 = CARTESIAN_POINT('',(0.5375,-0.65,0.700000871504));
#3238 = B_SPLINE_CURVE_WITH_KNOTS('',1,(#3239,#3240),.UNSPECIFIED.,.F.,
  .F.,(2,2),(0.,0.525),.PIECEWISE_BEZIER_KNOTS.);
#3239 = CARTESIAN_POINT('',(0.5375,-0.65,0.700000871504));
#3240 = CARTESIAN_POINT('',(0.5375,-0.65,0.175000871504));
#3241 = ORIENTED_EDGE('',*,*,#3242,.F.);
#3242 = EDGE_CURVE('',#3243,#3236,#3245,.T.);
#3243 = VERTEX_POINT('',#3244);
#3244 = CARTESIAN_POINT('',(0.7625,-0.65,0.700000871504));
#3245 = B_SPLINE_CURVE_WITH_KNOTS('',1,(#3246,#3247),.UNSPECIFIED.,.F.,
  .F.,(2,2),(-0.,0.225),.PIECEWISE_BEZIER_KNOTS.);
#3246 = CARTESIAN_POINT('',(0.7625,-0.65,0.700000871504));
#3247 = CARTESIAN_POINT('',(0.5375,-0.65,0.700000871504));
#3248 = ORIENTED_EDGE('',*,*,#3249,.T.);
#3249 = EDGE_CURVE('',#3243,#3212,#3250,.T.);
#3250 = B_SPLINE_CURVE_WITH_KNOTS('',1,(#3251,#3252),.UNSPECIFIED.,.F.,
  .F.,(2,2),(0.,0.525),.PIECEWISE_BEZIER_KNOTS.);
#3251 = CARTESIAN_POINT('',(0.7625,-0.65,0.700000871504));
#3252 = CARTESIAN_POINT('',(0.7625,-0.65,0.175000871504));
#3253 = ORIENTED_EDGE('',*,*,#3211,.T.);
#3254 = B_SPLINE_SURFACE_WITH_KNOTS('',1,1,(
    (#3255,#3256)
    ,(#3257,#3258
    )),.UNSPECIFIED.,.F.,.F.,.F.,(2,2),(2,2),(-0.525,0.),(-0.225,0.),
  .PIECEWISE_BEZIER_KNOTS.);
#3255 = CARTESIAN_POINT('',(0.5375,-0.65,0.175000871504));
#3256 = CARTESIAN_POINT('',(0.7625,-0.65,0.175000871504));
#3257 = CARTESIAN_POINT('',(0.5375,-0.65,0.700000871504));
#3258 = CARTESIAN_POINT('',(0.7625,-0.65,0.700000871504));
#3259 = ADVANCED_FACE('',(#3260),#3284,.F.);
#3260 = FACE_BOUND('',#3261,.F.);
#3261 = EDGE_LOOP('',(#3262,#3263,#3271,#3278));
#3262 = ORIENTED_EDGE('',*,*,#3242,.F.);
#3263 = ORIENTED_EDGE('',*,*,#3264,.F.);
#3264 = EDGE_CURVE('',#3265,#3243,#3267,.T.);
#3265 = VERTEX_POINT('',#3266);
#3266 = CARTESIAN_POINT('',(0.7625,-0.625,0.725000871504));
#3267 = ( BOUNDED_CURVE() B_SPLINE_CURVE(2,(#3268,#3269,#3270),
.UNSPECIFIED.,.F.,.F.) B_SPLINE_CURVE_WITH_KNOTS((3,3),(3.14159265359,
4.712388980385),.PIECEWISE_BEZIER_KNOTS.) CURVE() 
GEOMETRIC_REPRESENTATION_ITEM() RATIONAL_B_SPLINE_CURVE((1.,
0.707106781187,1.)) REPRESENTATION_ITEM('') );
#3268 = CARTESIAN_POINT('',(0.7625,-0.625,0.725000871504));
#3269 = CARTESIAN_POINT('',(0.7625,-0.65,0.725000871504));
#3270 = CARTESIAN_POINT('',(0.7625,-0.65,0.700000871504));
#3271 = ORIENTED_EDGE('',*,*,#3272,.T.);
#3272 = EDGE_CURVE('',#3265,#3273,#3275,.T.);
#3273 = VERTEX_POINT('',#3274);
#3274 = CARTESIAN_POINT('',(0.5375,-0.625,0.725000871504));
#3275 = B_SPLINE_CURVE_WITH_KNOTS('',1,(#3276,#3277),.UNSPECIFIED.,.F.,
  .F.,(2,2),(-0.,0.225),.PIECEWISE_BEZIER_KNOTS.);
#3276 = CARTESIAN_POINT('',(0.7625,-0.625,0.725000871504));
#3277 = CARTESIAN_POINT('',(0.5375,-0.625,0.725000871504));
#3278 = ORIENTED_EDGE('',*,*,#3279,.T.);
#3279 = EDGE_CURVE('',#3273,#3236,#3280,.T.);
#3280 = ( BOUNDED_CURVE() B_SPLINE_CURVE(2,(#3281,#3282,#3283),
.UNSPECIFIED.,.F.,.F.) B_SPLINE_CURVE_WITH_KNOTS((3,3),(3.14159265359,
4.712388980385),.PIECEWISE_BEZIER_KNOTS.) CURVE() 
GEOMETRIC_REPRESENTATION_ITEM() RATIONAL_B_SPLINE_CURVE((1.,
0.707106781187,1.)) REPRESENTATION_ITEM('') );
#3281 = CARTESIAN_POINT('',(0.5375,-0.625,0.725000871504));
#3282 = CARTESIAN_POINT('',(0.5375,-0.65,0.725000871504));
#3283 = CARTESIAN_POINT('',(0.5375,-0.65,0.700000871504));
#3284 = ( BOUNDED_SURFACE() B_SPLINE_SURFACE(2,1,(
    (#3285,#3286)
    ,(#3287,#3288)
    ,(#3289,#3290
)),.UNSPECIFIED.,.F.,.F.,.F.) B_SPLINE_SURFACE_WITH_KNOTS((3,3),(2,2),(
    4.712388980385,6.28318530718),(0.,0.225),.PIECEWISE_BEZIER_KNOTS.) 
GEOMETRIC_REPRESENTATION_ITEM() RATIONAL_B_SPLINE_SURFACE((
    (1.,1.)
    ,(0.707106781187,0.707106781187)
,(1.,1.))) REPRESENTATION_ITEM('') SURFACE() );
#3285 = CARTESIAN_POINT('',(0.7625,-0.65,0.700000871504));
#3286 = CARTESIAN_POINT('',(0.5375,-0.65,0.700000871504));
#3287 = CARTESIAN_POINT('',(0.7625,-0.65,0.725000871504));
#3288 = CARTESIAN_POINT('',(0.5375,-0.65,0.725000871504));
#3289 = CARTESIAN_POINT('',(0.7625,-0.625,0.725000871504));
#3290 = CARTESIAN_POINT('',(0.5375,-0.625,0.725000871504));
#3291 = ADVANCED_FACE('',(#3292),#3306,.T.);
#3292 = FACE_BOUND('',#3293,.T.);
#3293 = EDGE_LOOP('',(#3294,#3299,#3300,#3305));
#3294 = ORIENTED_EDGE('',*,*,#3295,.F.);
#3295 = EDGE_CURVE('',#505,#3273,#3296,.T.);
#3296 = B_SPLINE_CURVE_WITH_KNOTS('',1,(#3297,#3298),.UNSPECIFIED.,.F.,
  .F.,(2,2),(0.195887227378,0.202448877142),.PIECEWISE_BEZIER_KNOTS.);
#3297 = CARTESIAN_POINT('',(0.5375,-0.618438350236,0.725000871504));
#3298 = CARTESIAN_POINT('',(0.5375,-0.625,0.725000871504));
#3299 = ORIENTED_EDGE('',*,*,#504,.T.);
#3300 = ORIENTED_EDGE('',*,*,#3301,.T.);
#3301 = EDGE_CURVE('',#498,#3265,#3302,.T.);
#3302 = B_SPLINE_CURVE_WITH_KNOTS('',1,(#3303,#3304),.UNSPECIFIED.,.F.,
  .F.,(2,2),(0.195887227378,0.202448877142),.PIECEWISE_BEZIER_KNOTS.);
#3303 = CARTESIAN_POINT('',(0.7625,-0.618438350236,0.725000871504));
#3304 = CARTESIAN_POINT('',(0.7625,-0.625,0.725000871504));
#3305 = ORIENTED_EDGE('',*,*,#3272,.T.);
#3306 = B_SPLINE_SURFACE_WITH_KNOTS('',1,1,(
    (#3307,#3308)
    ,(#3309,#3310
    )),.UNSPECIFIED.,.F.,.F.,.F.,(2,2),(2,2),(-0.202448877142,
    -0.195887227378),(-0.225,0.),.PIECEWISE_BEZIER_KNOTS.);
#3307 = CARTESIAN_POINT('',(0.5375,-0.625,0.725000871504));
#3308 = CARTESIAN_POINT('',(0.7625,-0.625,0.725000871504));
#3309 = CARTESIAN_POINT('',(0.5375,-0.618438350236,0.725000871504));
#3310 = CARTESIAN_POINT('',(0.7625,-0.618438350236,0.725000871504));
#3311 = ADVANCED_FACE('',(#3312),#3334,.F.);
#3312 = FACE_BOUND('',#3313,.T.);
#3313 = EDGE_LOOP('',(#3314,#3315,#3322,#3329));
#3314 = ORIENTED_EDGE('',*,*,#484,.F.);
#3315 = ORIENTED_EDGE('',*,*,#3316,.T.);
#3316 = EDGE_CURVE('',#478,#3317,#3319,.T.);
#3317 = VERTEX_POINT('',#3318);
#3318 = CARTESIAN_POINT('',(0.5375,-0.625,0.875000871504));
#3319 = B_SPLINE_CURVE_WITH_KNOTS('',1,(#3320,#3321),.UNSPECIFIED.,.F.,
  .F.,(2,2),(0.191908314539,0.202448877142),.PIECEWISE_BEZIER_KNOTS.);
#3320 = CARTESIAN_POINT('',(0.5375,-0.614459437397,0.875000871504));
#3321 = CARTESIAN_POINT('',(0.5375,-0.625,0.875000871504));
#3322 = ORIENTED_EDGE('',*,*,#3323,.F.);
#3323 = EDGE_CURVE('',#3324,#3317,#3326,.T.);
#3324 = VERTEX_POINT('',#3325);
#3325 = CARTESIAN_POINT('',(0.7625,-0.625,0.875000871504));
#3326 = B_SPLINE_CURVE_WITH_KNOTS('',1,(#3327,#3328),.UNSPECIFIED.,.F.,
  .F.,(2,2),(-0.,0.225),.PIECEWISE_BEZIER_KNOTS.);
#3327 = CARTESIAN_POINT('',(0.7625,-0.625,0.875000871504));
#3328 = CARTESIAN_POINT('',(0.5375,-0.625,0.875000871504));
#3329 = ORIENTED_EDGE('',*,*,#3330,.F.);
#3330 = EDGE_CURVE('',#366,#3324,#3331,.T.);
#3331 = B_SPLINE_CURVE_WITH_KNOTS('',1,(#3332,#3333),.UNSPECIFIED.,.F.,
  .F.,(2,2),(0.191908314539,0.202448877142),.PIECEWISE_BEZIER_KNOTS.);
#3332 = CARTESIAN_POINT('',(0.7625,-0.614459437397,0.875000871504));
#3333 = CARTESIAN_POINT('',(0.7625,-0.625,0.875000871504));
#3334 = B_SPLINE_SURFACE_WITH_KNOTS('',1,1,(
    (#3335,#3336)
    ,(#3337,#3338
    )),.UNSPECIFIED.,.F.,.F.,.F.,(2,2),(2,2),(-0.202448877142,
    -0.191908314539),(-0.225,0.),.PIECEWISE_BEZIER_KNOTS.);
#3335 = CARTESIAN_POINT('',(0.5375,-0.625,0.875000871504));
#3336 = CARTESIAN_POINT('',(0.7625,-0.625,0.875000871504));
#3337 = CARTESIAN_POINT('',(0.5375,-0.614459437397,0.875000871504));
#3338 = CARTESIAN_POINT('',(0.7625,-0.614459437397,0.875000871504));
#3339 = ADVANCED_FACE('',(#3340),#3364,.T.);
#3340 = FACE_BOUND('',#3341,.T.);
#3341 = EDGE_LOOP('',(#3342,#3350,#3357,#3363));
#3342 = ORIENTED_EDGE('',*,*,#3343,.T.);
#3343 = EDGE_CURVE('',#3317,#3344,#3346,.T.);
#3344 = VERTEX_POINT('',#3345);
#3345 = CARTESIAN_POINT('',(0.5375,-0.8,0.700000871504));
#3346 = ( BOUNDED_CURVE() B_SPLINE_CURVE(2,(#3347,#3348,#3349),
.UNSPECIFIED.,.F.,.F.) B_SPLINE_CURVE_WITH_KNOTS((3,3),(3.14159265359,
4.712388980385),.PIECEWISE_BEZIER_KNOTS.) CURVE() 
GEOMETRIC_REPRESENTATION_ITEM() RATIONAL_B_SPLINE_CURVE((1.,
0.707106781187,1.)) REPRESENTATION_ITEM('') );
#3347 = CARTESIAN_POINT('',(0.5375,-0.625,0.875000871504));
#3348 = CARTESIAN_POINT('',(0.5375,-0.8,0.875000871504));
#3349 = CARTESIAN_POINT('',(0.5375,-0.8,0.700000871504));
#3350 = ORIENTED_EDGE('',*,*,#3351,.F.);
#3351 = EDGE_CURVE('',#3352,#3344,#3354,.T.);
#3352 = VERTEX_POINT('',#3353);
#3353 = CARTESIAN_POINT('',(0.7625,-0.8,0.700000871504));
#3354 = B_SPLINE_CURVE_WITH_KNOTS('',1,(#3355,#3356),.UNSPECIFIED.,.F.,
  .F.,(2,2),(-0.,0.225),.PIECEWISE_BEZIER_KNOTS.);
#3355 = CARTESIAN_POINT('',(0.7625,-0.8,0.700000871504));
#3356 = CARTESIAN_POINT('',(0.5375,-0.8,0.700000871504));
#3357 = ORIENTED_EDGE('',*,*,#3358,.F.);
#3358 = EDGE_CURVE('',#3324,#3352,#3359,.T.);
#3359 = ( BOUNDED_CURVE() B_SPLINE_CURVE(2,(#3360,#3361,#3362),
.UNSPECIFIED.,.F.,.F.) B_SPLINE_CURVE_WITH_KNOTS((3,3),(3.14159265359,
4.712388980385),.PIECEWISE_BEZIER_KNOTS.) CURVE() 
GEOMETRIC_REPRESENTATION_ITEM() RATIONAL_B_SPLINE_CURVE((1.,
0.707106781187,1.)) REPRESENTATION_ITEM('') );
#3360 = CARTESIAN_POINT('',(0.7625,-0.625,0.875000871504));
#3361 = CARTESIAN_POINT('',(0.7625,-0.8,0.875000871504));
#3362 = CARTESIAN_POINT('',(0.7625,-0.8,0.700000871504));
#3363 = ORIENTED_EDGE('',*,*,#3323,.T.);
#3364 = ( BOUNDED_SURFACE() B_SPLINE_SURFACE(2,1,(
    (#3365,#3366)
    ,(#3367,#3368)
    ,(#3369,#3370
)),.UNSPECIFIED.,.F.,.F.,.F.) B_SPLINE_SURFACE_WITH_KNOTS((3,3),(2,2),(
    4.712388980385,6.28318530718),(0.,0.225),.PIECEWISE_BEZIER_KNOTS.) 
GEOMETRIC_REPRESENTATION_ITEM() RATIONAL_B_SPLINE_SURFACE((
    (1.,1.)
    ,(0.707106781187,0.707106781187)
,(1.,1.))) REPRESENTATION_ITEM('') SURFACE() );
#3365 = CARTESIAN_POINT('',(0.7625,-0.8,0.700000871504));
#3366 = CARTESIAN_POINT('',(0.5375,-0.8,0.700000871504));
#3367 = CARTESIAN_POINT('',(0.7625,-0.8,0.875000871504));
#3368 = CARTESIAN_POINT('',(0.5375,-0.8,0.875000871504));
#3369 = CARTESIAN_POINT('',(0.7625,-0.625,0.875000871504));
#3370 = CARTESIAN_POINT('',(0.5375,-0.625,0.875000871504));
#3371 = ADVANCED_FACE('',(#3372),#3394,.F.);
#3372 = FACE_BOUND('',#3373,.T.);
#3373 = EDGE_LOOP('',(#3374,#3381,#3388,#3393));
#3374 = ORIENTED_EDGE('',*,*,#3375,.T.);
#3375 = EDGE_CURVE('',#3344,#3376,#3378,.T.);
#3376 = VERTEX_POINT('',#3377);
#3377 = CARTESIAN_POINT('',(0.5375,-0.8,0.175000871504));
#3378 = B_SPLINE_CURVE_WITH_KNOTS('',1,(#3379,#3380),.UNSPECIFIED.,.F.,
  .F.,(2,2),(0.,0.525),.PIECEWISE_BEZIER_KNOTS.);
#3379 = CARTESIAN_POINT('',(0.5375,-0.8,0.700000871504));
#3380 = CARTESIAN_POINT('',(0.5375,-0.8,0.175000871504));
#3381 = ORIENTED_EDGE('',*,*,#3382,.F.);
#3382 = EDGE_CURVE('',#3383,#3376,#3385,.T.);
#3383 = VERTEX_POINT('',#3384);
#3384 = CARTESIAN_POINT('',(0.7625,-0.8,0.175000871504));
#3385 = B_SPLINE_CURVE_WITH_KNOTS('',1,(#3386,#3387),.UNSPECIFIED.,.F.,
  .F.,(2,2),(-0.,0.225),.PIECEWISE_BEZIER_KNOTS.);
#3386 = CARTESIAN_POINT('',(0.7625,-0.8,0.175000871504));
#3387 = CARTESIAN_POINT('',(0.5375,-0.8,0.175000871504));
#3388 = ORIENTED_EDGE('',*,*,#3389,.F.);
#3389 = EDGE_CURVE('',#3352,#3383,#3390,.T.);
#3390 = B_SPLINE_CURVE_WITH_KNOTS('',1,(#3391,#3392),.UNSPECIFIED.,.F.,
  .F.,(2,2),(0.,0.525),.PIECEWISE_BEZIER_KNOTS.);
#3391 = CARTESIAN_POINT('',(0.7625,-0.8,0.700000871504));
#3392 = CARTESIAN_POINT('',(0.7625,-0.8,0.175000871504));
#3393 = ORIENTED_EDGE('',*,*,#3351,.T.);
#3394 = B_SPLINE_SURFACE_WITH_KNOTS('',1,1,(
    (#3395,#3396)
    ,(#3397,#3398
    )),.UNSPECIFIED.,.F.,.F.,.F.,(2,2),(2,2),(-0.525,0.),(-0.225,0.),
  .PIECEWISE_BEZIER_KNOTS.);
#3395 = CARTESIAN_POINT('',(0.5375,-0.8,0.175000871504));
#3396 = CARTESIAN_POINT('',(0.7625,-0.8,0.175000871504));
#3397 = CARTESIAN_POINT('',(0.5375,-0.8,0.700000871504));
#3398 = CARTESIAN_POINT('',(0.7625,-0.8,0.700000871504));
#3399 = ADVANCED_FACE('',(#3400),#3416,.F.);
#3400 = FACE_BOUND('',#3401,.F.);
#3401 = EDGE_LOOP('',(#3402,#3403,#3409,#3410));
#3402 = ORIENTED_EDGE('',*,*,#3382,.F.);
#3403 = ORIENTED_EDGE('',*,*,#3404,.T.);
#3404 = EDGE_CURVE('',#3383,#3128,#3405,.T.);
#3405 = ( BOUNDED_CURVE() B_SPLINE_CURVE(2,(#3406,#3407,#3408),
.UNSPECIFIED.,.F.,.F.) B_SPLINE_CURVE_WITH_KNOTS((3,3),(4.712388980385,
6.28318530718),.PIECEWISE_BEZIER_KNOTS.) CURVE() 
GEOMETRIC_REPRESENTATION_ITEM() RATIONAL_B_SPLINE_CURVE((1.,
0.707106781187,1.)) REPRESENTATION_ITEM('') );
#3406 = CARTESIAN_POINT('',(0.7625,-0.8,0.175000871504));
#3407 = CARTESIAN_POINT('',(0.7625,-0.8,0.150000871504));
#3408 = CARTESIAN_POINT('',(0.7625,-0.825,0.150000871504));
#3409 = ORIENTED_EDGE('',*,*,#3134,.T.);
#3410 = ORIENTED_EDGE('',*,*,#3411,.F.);
#3411 = EDGE_CURVE('',#3376,#3112,#3412,.T.);
#3412 = ( BOUNDED_CURVE() B_SPLINE_CURVE(2,(#3413,#3414,#3415),
.UNSPECIFIED.,.F.,.F.) B_SPLINE_CURVE_WITH_KNOTS((3,3),(4.712388980385,
6.28318530718),.PIECEWISE_BEZIER_KNOTS.) CURVE() 
GEOMETRIC_REPRESENTATION_ITEM() RATIONAL_B_SPLINE_CURVE((1.,
0.707106781187,1.)) REPRESENTATION_ITEM('') );
#3413 = CARTESIAN_POINT('',(0.5375,-0.8,0.175000871504));
#3414 = CARTESIAN_POINT('',(0.5375,-0.8,0.150000871504));
#3415 = CARTESIAN_POINT('',(0.5375,-0.825,0.150000871504));
#3416 = ( BOUNDED_SURFACE() B_SPLINE_SURFACE(2,1,(
    (#3417,#3418)
    ,(#3419,#3420)
    ,(#3421,#3422
)),.UNSPECIFIED.,.F.,.F.,.F.) B_SPLINE_SURFACE_WITH_KNOTS((3,3),(2,2),(
    1.570796326795,3.14159265359),(0.,0.225),.PIECEWISE_BEZIER_KNOTS.) 
GEOMETRIC_REPRESENTATION_ITEM() RATIONAL_B_SPLINE_SURFACE((
    (1.,1.)
    ,(0.707106781187,0.707106781187)
,(1.,1.))) REPRESENTATION_ITEM('') SURFACE() );
#3417 = CARTESIAN_POINT('',(0.7625,-0.8,0.175000871504));
#3418 = CARTESIAN_POINT('',(0.5375,-0.8,0.175000871504));
#3419 = CARTESIAN_POINT('',(0.7625,-0.8,0.150000871504));
#3420 = CARTESIAN_POINT('',(0.5375,-0.8,0.150000871504));
#3421 = CARTESIAN_POINT('',(0.7625,-0.825,0.150000871504));
#3422 = CARTESIAN_POINT('',(0.5375,-0.825,0.150000871504));
#3423 = ADVANCED_FACE('',(#3424),#3439,.T.);
#3424 = FACE_BOUND('',#3425,.T.);
#3425 = EDGE_LOOP('',(#3426,#3427,#3428,#3429,#3430,#3431,#3432,#3433,
    #3434,#3435,#3436,#3437,#3438));
#3426 = ORIENTED_EDGE('',*,*,#497,.T.);
#3427 = ORIENTED_EDGE('',*,*,#363,.T.);
#3428 = ORIENTED_EDGE('',*,*,#3330,.T.);
#3429 = ORIENTED_EDGE('',*,*,#3358,.T.);
#3430 = ORIENTED_EDGE('',*,*,#3389,.T.);
#3431 = ORIENTED_EDGE('',*,*,#3404,.T.);
#3432 = ORIENTED_EDGE('',*,*,#3127,.T.);
#3433 = ORIENTED_EDGE('',*,*,#3161,.F.);
#3434 = ORIENTED_EDGE('',*,*,#3189,.F.);
#3435 = ORIENTED_EDGE('',*,*,#3218,.F.);
#3436 = ORIENTED_EDGE('',*,*,#3249,.F.);
#3437 = ORIENTED_EDGE('',*,*,#3264,.F.);
#3438 = ORIENTED_EDGE('',*,*,#3301,.F.);
#3439 = B_SPLINE_SURFACE_WITH_KNOTS('',1,1,(
    (#3440,#3441)
    ,(#3442,#3443
    )),.UNSPECIFIED.,.F.,.F.,.F.,(2,2),(2,2),(-0.7,0.175),(-0.225,
    0.210540562603),.PIECEWISE_BEZIER_KNOTS.);
#3440 = CARTESIAN_POINT('',(0.7625,-1.05,0.875000871504));
#3441 = CARTESIAN_POINT('',(0.7625,-0.614459437397,0.875000871504));
#3442 = CARTESIAN_POINT('',(0.7625,-1.05,8.715044625694E-07));
#3443 = CARTESIAN_POINT('',(0.7625,-0.614459437397,8.715044625694E-07));
#3444 = ADVANCED_FACE('',(#3445),#3460,.F.);
#3445 = FACE_BOUND('',#3446,.T.);
#3446 = EDGE_LOOP('',(#3447,#3448,#3449,#3450,#3451,#3452,#3453,#3454,
    #3455,#3456,#3457,#3458,#3459));
#3447 = ORIENTED_EDGE('',*,*,#477,.F.);
#3448 = ORIENTED_EDGE('',*,*,#511,.F.);
#3449 = ORIENTED_EDGE('',*,*,#3295,.T.);
#3450 = ORIENTED_EDGE('',*,*,#3279,.T.);
#3451 = ORIENTED_EDGE('',*,*,#3235,.T.);
#3452 = ORIENTED_EDGE('',*,*,#3203,.T.);
#3453 = ORIENTED_EDGE('',*,*,#3175,.T.);
#3454 = ORIENTED_EDGE('',*,*,#3147,.T.);
#3455 = ORIENTED_EDGE('',*,*,#3111,.F.);
#3456 = ORIENTED_EDGE('',*,*,#3411,.F.);
#3457 = ORIENTED_EDGE('',*,*,#3375,.F.);
#3458 = ORIENTED_EDGE('',*,*,#3343,.F.);
#3459 = ORIENTED_EDGE('',*,*,#3316,.F.);
#3460 = B_SPLINE_SURFACE_WITH_KNOTS('',1,1,(
    (#3461,#3462)
    ,(#3463,#3464
    )),.UNSPECIFIED.,.F.,.F.,.F.,(2,2),(2,2),(-0.7,0.175),(-0.225,
    0.210540562603),.PIECEWISE_BEZIER_KNOTS.);
#3461 = CARTESIAN_POINT('',(0.5375,-1.05,0.875000871504));
#3462 = CARTESIAN_POINT('',(0.5375,-0.614459437397,0.875000871504));
#3463 = CARTESIAN_POINT('',(0.5375,-1.05,8.715044625694E-07));
#3464 = CARTESIAN_POINT('',(0.5375,-0.614459437397,8.715044625694E-07));
#3465 = ( GEOMETRIC_REPRESENTATION_CONTEXT(3) 
GLOBAL_UNCERTAINTY_ASSIGNED_CONTEXT((#3469)) 
GLOBAL_UNIT_ASSIGNED_CONTEXT((#3466,#3467,#3468)) REPRESENTATION_CONTEXT
('Context #1','3D Context with UNIT and UNCERTAINTY') );
#3466 = ( LENGTH_UNIT() NAMED_UNIT(*) SI_UNIT(.MILLI.,.METRE.) );
#3467 = ( NAMED_UNIT(*) PLANE_ANGLE_UNIT() SI_UNIT($,.RADIAN.) );
#3468 = ( NAMED_UNIT(*) SI_UNIT($,.STERADIAN.) SOLID_ANGLE_UNIT() );
#3469 = UNCERTAINTY_MEASURE_WITH_UNIT(LENGTH_MEASURE(2.E-07),#3466,
  'distance_accuracy_value','confusion accuracy');
#3470 = PRODUCT_RELATED_PRODUCT_CATEGORY('part',$,(#7));
#3471 = MECHANICAL_DESIGN_GEOMETRIC_PRESENTATION_REPRESENTATION('',(
    #3472,#3482,#3490,#3497,#3504,#3511,#3518,#3525,#3532,#3539,#3546,
    #3553,#3560,#3567,#3574,#3581,#3588,#3595,#3602,#3609,#3616,#3623,
    #3630,#3637,#3644,#3651,#3658,#3665,#3672,#3679,#3686,#3693,#3700,
    #3707,#3714,#3721,#3728,#3736,#3743,#3750,#3758,#3765,#3772,#3779,
    #3786,#3793,#3800,#3807,#3814,#3821,#3828,#3835,#3842,#3849,#3856,
    #3863,#3870,#3877,#3884,#3891,#3898,#3905,#3912,#3919,#3926,#3933,
    #3940,#3947,#3954,#3961,#3968,#3975,#3982,#3989,#3996,#4003,#4010,
    #4017,#4024,#4031,#4038,#4045,#4052,#4059,#4066,#4073,#4080,#4087,
    #4094,#4101,#4108,#4115,#4122,#4129,#4136,#4143,#4150,#4157,#4164,
    #4171,#4178,#4185,#4192,#4199,#4206,#4213,#4220,#4227,#4234,#4241,
    #4248,#4255,#4262,#4269,#4276,#4283,#4290),#3465);
#3472 = STYLED_ITEM('color',(#3473),#15);
#3473 = PRESENTATION_STYLE_ASSIGNMENT((#3474,#3480));
#3474 = SURFACE_STYLE_USAGE(.BOTH.,#3475);
#3475 = SURFACE_SIDE_STYLE('',(#3476));
#3476 = SURFACE_STYLE_FILL_AREA(#3477);
#3477 = FILL_AREA_STYLE('',(#3478));
#3478 = FILL_AREA_STYLE_COLOUR('',#3479);
#3479 = DRAUGHTING_PRE_DEFINED_COLOUR('white');
#3480 = CURVE_STYLE('',#3481,POSITIVE_LENGTH_MEASURE(0.1),#3479);
#3481 = DRAUGHTING_PRE_DEFINED_CURVE_FONT('continuous');
#3482 = OVER_RIDING_STYLED_ITEM('overriding color',(#3483),#17,#3472);
#3483 = PRESENTATION_STYLE_ASSIGNMENT((#3484));
#3484 = SURFACE_STYLE_USAGE(.BOTH.,#3485);
#3485 = SURFACE_SIDE_STYLE('',(#3486));
#3486 = SURFACE_STYLE_FILL_AREA(#3487);
#3487 = FILL_AREA_STYLE('',(#3488));
#3488 = FILL_AREA_STYLE_COLOUR('',#3489);
#3489 = COLOUR_RGB('',0.223529416636,0.223529416636,0.223529416636);
#3490 = OVER_RIDING_STYLED_ITEM('overriding color',(#3491),#53,#3472);
#3491 = PRESENTATION_STYLE_ASSIGNMENT((#3492));
#3492 = SURFACE_STYLE_USAGE(.BOTH.,#3493);
#3493 = SURFACE_SIDE_STYLE('',(#3494));
#3494 = SURFACE_STYLE_FILL_AREA(#3495);
#3495 = FILL_AREA_STYLE('',(#3496));
#3496 = FILL_AREA_STYLE_COLOUR('',#3489);
#3497 = OVER_RIDING_STYLED_ITEM('overriding color',(#3498),#89,#3472);
#3498 = PRESENTATION_STYLE_ASSIGNMENT((#3499));
#3499 = SURFACE_STYLE_USAGE(.BOTH.,#3500);
#3500 = SURFACE_SIDE_STYLE('',(#3501));
#3501 = SURFACE_STYLE_FILL_AREA(#3502);
#3502 = FILL_AREA_STYLE('',(#3503));
#3503 = FILL_AREA_STYLE_COLOUR('',#3489);
#3504 = OVER_RIDING_STYLED_ITEM('overriding color',(#3505),#125,#3472);
#3505 = PRESENTATION_STYLE_ASSIGNMENT((#3506));
#3506 = SURFACE_STYLE_USAGE(.BOTH.,#3507);
#3507 = SURFACE_SIDE_STYLE('',(#3508));
#3508 = SURFACE_STYLE_FILL_AREA(#3509);
#3509 = FILL_AREA_STYLE('',(#3510));
#3510 = FILL_AREA_STYLE_COLOUR('',#3489);
#3511 = OVER_RIDING_STYLED_ITEM('overriding color',(#3512),#259,#3472);
#3512 = PRESENTATION_STYLE_ASSIGNMENT((#3513));
#3513 = SURFACE_STYLE_USAGE(.BOTH.,#3514);
#3514 = SURFACE_SIDE_STYLE('',(#3515));
#3515 = SURFACE_STYLE_FILL_AREA(#3516);
#3516 = FILL_AREA_STYLE('',(#3517));
#3517 = FILL_AREA_STYLE_COLOUR('',#3489);
#3518 = OVER_RIDING_STYLED_ITEM('overriding color',(#3519),#309,#3472);
#3519 = PRESENTATION_STYLE_ASSIGNMENT((#3520));
#3520 = SURFACE_STYLE_USAGE(.BOTH.,#3521);
#3521 = SURFACE_SIDE_STYLE('',(#3522));
#3522 = SURFACE_STYLE_FILL_AREA(#3523);
#3523 = FILL_AREA_STYLE('',(#3524));
#3524 = FILL_AREA_STYLE_COLOUR('',#3489);
#3525 = OVER_RIDING_STYLED_ITEM('overriding color',(#3526),#359,#3472);
#3526 = PRESENTATION_STYLE_ASSIGNMENT((#3527));
#3527 = SURFACE_STYLE_USAGE(.BOTH.,#3528);
#3528 = SURFACE_SIDE_STYLE('',(#3529));
#3529 = SURFACE_STYLE_FILL_AREA(#3530);
#3530 = FILL_AREA_STYLE('',(#3531));
#3531 = FILL_AREA_STYLE_COLOUR('',#3489);
#3532 = OVER_RIDING_STYLED_ITEM('overriding color',(#3533),#493,#3472);
#3533 = PRESENTATION_STYLE_ASSIGNMENT((#3534));
#3534 = SURFACE_STYLE_USAGE(.BOTH.,#3535);
#3535 = SURFACE_SIDE_STYLE('',(#3536));
#3536 = SURFACE_STYLE_FILL_AREA(#3537);
#3537 = FILL_AREA_STYLE('',(#3538));
#3538 = FILL_AREA_STYLE_COLOUR('',#3489);
#3539 = OVER_RIDING_STYLED_ITEM('overriding color',(#3540),#581,#3472);
#3540 = PRESENTATION_STYLE_ASSIGNMENT((#3541));
#3541 = SURFACE_STYLE_USAGE(.BOTH.,#3542);
#3542 = SURFACE_SIDE_STYLE('',(#3543));
#3543 = SURFACE_STYLE_FILL_AREA(#3544);
#3544 = FILL_AREA_STYLE('',(#3545));
#3545 = FILL_AREA_STYLE_COLOUR('',#3489);
#3546 = OVER_RIDING_STYLED_ITEM('overriding color',(#3547),#609,#3472);
#3547 = PRESENTATION_STYLE_ASSIGNMENT((#3548));
#3548 = SURFACE_STYLE_USAGE(.BOTH.,#3549);
#3549 = SURFACE_SIDE_STYLE('',(#3550));
#3550 = SURFACE_STYLE_FILL_AREA(#3551);
#3551 = FILL_AREA_STYLE('',(#3552));
#3552 = FILL_AREA_STYLE_COLOUR('',#3489);
#3553 = OVER_RIDING_STYLED_ITEM('overriding color',(#3554),#637,#3472);
#3554 = PRESENTATION_STYLE_ASSIGNMENT((#3555));
#3555 = SURFACE_STYLE_USAGE(.BOTH.,#3556);
#3556 = SURFACE_SIDE_STYLE('',(#3557));
#3557 = SURFACE_STYLE_FILL_AREA(#3558);
#3558 = FILL_AREA_STYLE('',(#3559));
#3559 = FILL_AREA_STYLE_COLOUR('',#3489);
#3560 = OVER_RIDING_STYLED_ITEM('overriding color',(#3561),#725,#3472);
#3561 = PRESENTATION_STYLE_ASSIGNMENT((#3562));
#3562 = SURFACE_STYLE_USAGE(.BOTH.,#3563);
#3563 = SURFACE_SIDE_STYLE('',(#3564));
#3564 = SURFACE_STYLE_FILL_AREA(#3565);
#3565 = FILL_AREA_STYLE('',(#3566));
#3566 = FILL_AREA_STYLE_COLOUR('',#3489);
#3567 = OVER_RIDING_STYLED_ITEM('overriding color',(#3568),#771,#3472);
#3568 = PRESENTATION_STYLE_ASSIGNMENT((#3569));
#3569 = SURFACE_STYLE_USAGE(.BOTH.,#3570);
#3570 = SURFACE_SIDE_STYLE('',(#3571));
#3571 = SURFACE_STYLE_FILL_AREA(#3572);
#3572 = FILL_AREA_STYLE('',(#3573));
#3573 = FILL_AREA_STYLE_COLOUR('',#3489);
#3574 = OVER_RIDING_STYLED_ITEM('overriding color',(#3575),#797,#3472);
#3575 = PRESENTATION_STYLE_ASSIGNMENT((#3576));
#3576 = SURFACE_STYLE_USAGE(.BOTH.,#3577);
#3577 = SURFACE_SIDE_STYLE('',(#3578));
#3578 = SURFACE_STYLE_FILL_AREA(#3579);
#3579 = FILL_AREA_STYLE('',(#3580));
#3580 = FILL_AREA_STYLE_COLOUR('',#3489);
#3581 = OVER_RIDING_STYLED_ITEM('overriding color',(#3582),#823,#3472);
#3582 = PRESENTATION_STYLE_ASSIGNMENT((#3583));
#3583 = SURFACE_STYLE_USAGE(.BOTH.,#3584);
#3584 = SURFACE_SIDE_STYLE('',(#3585));
#3585 = SURFACE_STYLE_FILL_AREA(#3586);
#3586 = FILL_AREA_STYLE('',(#3587));
#3587 = FILL_AREA_STYLE_COLOUR('',#3489);
#3588 = OVER_RIDING_STYLED_ITEM('overriding color',(#3589),#842,#3472);
#3589 = PRESENTATION_STYLE_ASSIGNMENT((#3590));
#3590 = SURFACE_STYLE_USAGE(.BOTH.,#3591);
#3591 = SURFACE_SIDE_STYLE('',(#3592));
#3592 = SURFACE_STYLE_FILL_AREA(#3593);
#3593 = FILL_AREA_STYLE('',(#3594));
#3594 = FILL_AREA_STYLE_COLOUR('',#3489);
#3595 = OVER_RIDING_STYLED_ITEM('overriding color',(#3596),#862,#3472);
#3596 = PRESENTATION_STYLE_ASSIGNMENT((#3597));
#3597 = SURFACE_STYLE_USAGE(.BOTH.,#3598);
#3598 = SURFACE_SIDE_STYLE('',(#3599));
#3599 = SURFACE_STYLE_FILL_AREA(#3600);
#3600 = FILL_AREA_STYLE('',(#3601));
#3601 = FILL_AREA_STYLE_COLOUR('',#3489);
#3602 = OVER_RIDING_STYLED_ITEM('overriding color',(#3603),#882,#3472);
#3603 = PRESENTATION_STYLE_ASSIGNMENT((#3604));
#3604 = SURFACE_STYLE_USAGE(.BOTH.,#3605);
#3605 = SURFACE_SIDE_STYLE('',(#3606));
#3606 = SURFACE_STYLE_FILL_AREA(#3607);
#3607 = FILL_AREA_STYLE('',(#3608));
#3608 = FILL_AREA_STYLE_COLOUR('',#3489);
#3609 = OVER_RIDING_STYLED_ITEM('overriding color',(#3610),#901,#3472);
#3610 = PRESENTATION_STYLE_ASSIGNMENT((#3611));
#3611 = SURFACE_STYLE_USAGE(.BOTH.,#3612);
#3612 = SURFACE_SIDE_STYLE('',(#3613));
#3613 = SURFACE_STYLE_FILL_AREA(#3614);
#3614 = FILL_AREA_STYLE('',(#3615));
#3615 = FILL_AREA_STYLE_COLOUR('',#3489);
#3616 = OVER_RIDING_STYLED_ITEM('overriding color',(#3617),#947,#3472);
#3617 = PRESENTATION_STYLE_ASSIGNMENT((#3618));
#3618 = SURFACE_STYLE_USAGE(.BOTH.,#3619);
#3619 = SURFACE_SIDE_STYLE('',(#3620));
#3620 = SURFACE_STYLE_FILL_AREA(#3621);
#3621 = FILL_AREA_STYLE('',(#3622));
#3622 = FILL_AREA_STYLE_COLOUR('',#3489);
#3623 = OVER_RIDING_STYLED_ITEM('overriding color',(#3624),#968,#3472);
#3624 = PRESENTATION_STYLE_ASSIGNMENT((#3625));
#3625 = SURFACE_STYLE_USAGE(.BOTH.,#3626);
#3626 = SURFACE_SIDE_STYLE('',(#3627));
#3627 = SURFACE_STYLE_FILL_AREA(#3628);
#3628 = FILL_AREA_STYLE('',(#3629));
#3629 = FILL_AREA_STYLE_COLOUR('',#3489);
#3630 = OVER_RIDING_STYLED_ITEM('overriding color',(#3631),#989,#3472);
#3631 = PRESENTATION_STYLE_ASSIGNMENT((#3632));
#3632 = SURFACE_STYLE_USAGE(.BOTH.,#3633);
#3633 = SURFACE_SIDE_STYLE('',(#3634));
#3634 = SURFACE_STYLE_FILL_AREA(#3635);
#3635 = FILL_AREA_STYLE('',(#3636));
#3636 = FILL_AREA_STYLE_COLOUR('',#3489);
#3637 = OVER_RIDING_STYLED_ITEM('overriding color',(#3638),#1013,#3472);
#3638 = PRESENTATION_STYLE_ASSIGNMENT((#3639));
#3639 = SURFACE_STYLE_USAGE(.BOTH.,#3640);
#3640 = SURFACE_SIDE_STYLE('',(#3641));
#3641 = SURFACE_STYLE_FILL_AREA(#3642);
#3642 = FILL_AREA_STYLE('',(#3643));
#3643 = FILL_AREA_STYLE_COLOUR('',#3489);
#3644 = OVER_RIDING_STYLED_ITEM('overriding color',(#3645),#1034,#3472);
#3645 = PRESENTATION_STYLE_ASSIGNMENT((#3646));
#3646 = SURFACE_STYLE_USAGE(.BOTH.,#3647);
#3647 = SURFACE_SIDE_STYLE('',(#3648));
#3648 = SURFACE_STYLE_FILL_AREA(#3649);
#3649 = FILL_AREA_STYLE('',(#3650));
#3650 = FILL_AREA_STYLE_COLOUR('',#3489);
#3651 = OVER_RIDING_STYLED_ITEM('overriding color',(#3652),#1055,#3472);
#3652 = PRESENTATION_STYLE_ASSIGNMENT((#3653));
#3653 = SURFACE_STYLE_USAGE(.BOTH.,#3654);
#3654 = SURFACE_SIDE_STYLE('',(#3655));
#3655 = SURFACE_STYLE_FILL_AREA(#3656);
#3656 = FILL_AREA_STYLE('',(#3657));
#3657 = FILL_AREA_STYLE_COLOUR('',#3489);
#3658 = OVER_RIDING_STYLED_ITEM('overriding color',(#3659),#1075,#3472);
#3659 = PRESENTATION_STYLE_ASSIGNMENT((#3660));
#3660 = SURFACE_STYLE_USAGE(.BOTH.,#3661);
#3661 = SURFACE_SIDE_STYLE('',(#3662));
#3662 = SURFACE_STYLE_FILL_AREA(#3663);
#3663 = FILL_AREA_STYLE('',(#3664));
#3664 = FILL_AREA_STYLE_COLOUR('',#3489);
#3665 = OVER_RIDING_STYLED_ITEM('overriding color',(#3666),#1096,#3472);
#3666 = PRESENTATION_STYLE_ASSIGNMENT((#3667));
#3667 = SURFACE_STYLE_USAGE(.BOTH.,#3668);
#3668 = SURFACE_SIDE_STYLE('',(#3669));
#3669 = SURFACE_STYLE_FILL_AREA(#3670);
#3670 = FILL_AREA_STYLE('',(#3671));
#3671 = FILL_AREA_STYLE_COLOUR('',#3489);
#3672 = OVER_RIDING_STYLED_ITEM('overriding color',(#3673),#1117,#3472);
#3673 = PRESENTATION_STYLE_ASSIGNMENT((#3674));
#3674 = SURFACE_STYLE_USAGE(.BOTH.,#3675);
#3675 = SURFACE_SIDE_STYLE('',(#3676));
#3676 = SURFACE_STYLE_FILL_AREA(#3677);
#3677 = FILL_AREA_STYLE('',(#3678));
#3678 = FILL_AREA_STYLE_COLOUR('',#3489);
#3679 = OVER_RIDING_STYLED_ITEM('overriding color',(#3680),#1137,#3472);
#3680 = PRESENTATION_STYLE_ASSIGNMENT((#3681));
#3681 = SURFACE_STYLE_USAGE(.BOTH.,#3682);
#3682 = SURFACE_SIDE_STYLE('',(#3683));
#3683 = SURFACE_STYLE_FILL_AREA(#3684);
#3684 = FILL_AREA_STYLE('',(#3685));
#3685 = FILL_AREA_STYLE_COLOUR('',#3489);
#3686 = OVER_RIDING_STYLED_ITEM('overriding color',(#3687),#1158,#3472);
#3687 = PRESENTATION_STYLE_ASSIGNMENT((#3688));
#3688 = SURFACE_STYLE_USAGE(.BOTH.,#3689);
#3689 = SURFACE_SIDE_STYLE('',(#3690));
#3690 = SURFACE_STYLE_FILL_AREA(#3691);
#3691 = FILL_AREA_STYLE('',(#3692));
#3692 = FILL_AREA_STYLE_COLOUR('',#3489);
#3693 = OVER_RIDING_STYLED_ITEM('overriding color',(#3694),#1177,#3472);
#3694 = PRESENTATION_STYLE_ASSIGNMENT((#3695));
#3695 = SURFACE_STYLE_USAGE(.BOTH.,#3696);
#3696 = SURFACE_SIDE_STYLE('',(#3697));
#3697 = SURFACE_STYLE_FILL_AREA(#3698);
#3698 = FILL_AREA_STYLE('',(#3699));
#3699 = FILL_AREA_STYLE_COLOUR('',#3489);
#3700 = OVER_RIDING_STYLED_ITEM('overriding color',(#3701),#1196,#3472);
#3701 = PRESENTATION_STYLE_ASSIGNMENT((#3702));
#3702 = SURFACE_STYLE_USAGE(.BOTH.,#3703);
#3703 = SURFACE_SIDE_STYLE('',(#3704));
#3704 = SURFACE_STYLE_FILL_AREA(#3705);
#3705 = FILL_AREA_STYLE('',(#3706));
#3706 = FILL_AREA_STYLE_COLOUR('',#3489);
#3707 = OVER_RIDING_STYLED_ITEM('overriding color',(#3708),#1217,#3472);
#3708 = PRESENTATION_STYLE_ASSIGNMENT((#3709));
#3709 = SURFACE_STYLE_USAGE(.BOTH.,#3710);
#3710 = SURFACE_SIDE_STYLE('',(#3711));
#3711 = SURFACE_STYLE_FILL_AREA(#3712);
#3712 = FILL_AREA_STYLE('',(#3713));
#3713 = FILL_AREA_STYLE_COLOUR('',#3489);
#3714 = OVER_RIDING_STYLED_ITEM('overriding color',(#3715),#1238,#3472);
#3715 = PRESENTATION_STYLE_ASSIGNMENT((#3716));
#3716 = SURFACE_STYLE_USAGE(.BOTH.,#3717);
#3717 = SURFACE_SIDE_STYLE('',(#3718));
#3718 = SURFACE_STYLE_FILL_AREA(#3719);
#3719 = FILL_AREA_STYLE('',(#3720));
#3720 = FILL_AREA_STYLE_COLOUR('',#3489);
#3721 = OVER_RIDING_STYLED_ITEM('overriding color',(#3722),#1259,#3472);
#3722 = PRESENTATION_STYLE_ASSIGNMENT((#3723));
#3723 = SURFACE_STYLE_USAGE(.BOTH.,#3724);
#3724 = SURFACE_SIDE_STYLE('',(#3725));
#3725 = SURFACE_STYLE_FILL_AREA(#3726);
#3726 = FILL_AREA_STYLE('',(#3727));
#3727 = FILL_AREA_STYLE_COLOUR('',#3489);
#3728 = OVER_RIDING_STYLED_ITEM('overriding color',(#3729),#1273,#3472);
#3729 = PRESENTATION_STYLE_ASSIGNMENT((#3730));
#3730 = SURFACE_STYLE_USAGE(.BOTH.,#3731);
#3731 = SURFACE_SIDE_STYLE('',(#3732));
#3732 = SURFACE_STYLE_FILL_AREA(#3733);
#3733 = FILL_AREA_STYLE('',(#3734));
#3734 = FILL_AREA_STYLE_COLOUR('',#3735);
#3735 = COLOUR_RGB('',0.439215679954,0.439215679954,0.439215679954);
#3736 = OVER_RIDING_STYLED_ITEM('overriding color',(#3737),#1289,#3472);
#3737 = PRESENTATION_STYLE_ASSIGNMENT((#3738));
#3738 = SURFACE_STYLE_USAGE(.BOTH.,#3739);
#3739 = SURFACE_SIDE_STYLE('',(#3740));
#3740 = SURFACE_STYLE_FILL_AREA(#3741);
#3741 = FILL_AREA_STYLE('',(#3742));
#3742 = FILL_AREA_STYLE_COLOUR('',#3735);
#3743 = OVER_RIDING_STYLED_ITEM('overriding color',(#3744),#1305,#3472);
#3744 = PRESENTATION_STYLE_ASSIGNMENT((#3745));
#3745 = SURFACE_STYLE_USAGE(.BOTH.,#3746);
#3746 = SURFACE_SIDE_STYLE('',(#3747));
#3747 = SURFACE_STYLE_FILL_AREA(#3748);
#3748 = FILL_AREA_STYLE('',(#3749));
#3749 = FILL_AREA_STYLE_COLOUR('',#3735);
#3750 = OVER_RIDING_STYLED_ITEM('overriding color',(#3751),#1317,#3472);
#3751 = PRESENTATION_STYLE_ASSIGNMENT((#3752));
#3752 = SURFACE_STYLE_USAGE(.BOTH.,#3753);
#3753 = SURFACE_SIDE_STYLE('',(#3754));
#3754 = SURFACE_STYLE_FILL_AREA(#3755);
#3755 = FILL_AREA_STYLE('',(#3756));
#3756 = FILL_AREA_STYLE_COLOUR('',#3757);
#3757 = COLOUR_RGB('',0.850980378684,0.850980378684,0.850980378684);
#3758 = OVER_RIDING_STYLED_ITEM('overriding color',(#3759),#1353,#3472);
#3759 = PRESENTATION_STYLE_ASSIGNMENT((#3760));
#3760 = SURFACE_STYLE_USAGE(.BOTH.,#3761);
#3761 = SURFACE_SIDE_STYLE('',(#3762));
#3762 = SURFACE_STYLE_FILL_AREA(#3763);
#3763 = FILL_AREA_STYLE('',(#3764));
#3764 = FILL_AREA_STYLE_COLOUR('',#3757);
#3765 = OVER_RIDING_STYLED_ITEM('overriding color',(#3766),#1381,#3472);
#3766 = PRESENTATION_STYLE_ASSIGNMENT((#3767));
#3767 = SURFACE_STYLE_USAGE(.BOTH.,#3768);
#3768 = SURFACE_SIDE_STYLE('',(#3769));
#3769 = SURFACE_STYLE_FILL_AREA(#3770);
#3770 = FILL_AREA_STYLE('',(#3771));
#3771 = FILL_AREA_STYLE_COLOUR('',#3757);
#3772 = OVER_RIDING_STYLED_ITEM('overriding color',(#3773),#1409,#3472);
#3773 = PRESENTATION_STYLE_ASSIGNMENT((#3774));
#3774 = SURFACE_STYLE_USAGE(.BOTH.,#3775);
#3775 = SURFACE_SIDE_STYLE('',(#3776));
#3776 = SURFACE_STYLE_FILL_AREA(#3777);
#3777 = FILL_AREA_STYLE('',(#3778));
#3778 = FILL_AREA_STYLE_COLOUR('',#3757);
#3779 = OVER_RIDING_STYLED_ITEM('overriding color',(#3780),#1441,#3472);
#3780 = PRESENTATION_STYLE_ASSIGNMENT((#3781));
#3781 = SURFACE_STYLE_USAGE(.BOTH.,#3782);
#3782 = SURFACE_SIDE_STYLE('',(#3783));
#3783 = SURFACE_STYLE_FILL_AREA(#3784);
#3784 = FILL_AREA_STYLE('',(#3785));
#3785 = FILL_AREA_STYLE_COLOUR('',#3757);
#3786 = OVER_RIDING_STYLED_ITEM('overriding color',(#3787),#1469,#3472);
#3787 = PRESENTATION_STYLE_ASSIGNMENT((#3788));
#3788 = SURFACE_STYLE_USAGE(.BOTH.,#3789);
#3789 = SURFACE_SIDE_STYLE('',(#3790));
#3790 = SURFACE_STYLE_FILL_AREA(#3791);
#3791 = FILL_AREA_STYLE('',(#3792));
#3792 = FILL_AREA_STYLE_COLOUR('',#3757);
#3793 = OVER_RIDING_STYLED_ITEM('overriding color',(#3794),#1501,#3472);
#3794 = PRESENTATION_STYLE_ASSIGNMENT((#3795));
#3795 = SURFACE_STYLE_USAGE(.BOTH.,#3796);
#3796 = SURFACE_SIDE_STYLE('',(#3797));
#3797 = SURFACE_STYLE_FILL_AREA(#3798);
#3798 = FILL_AREA_STYLE('',(#3799));
#3799 = FILL_AREA_STYLE_COLOUR('',#3757);
#3800 = OVER_RIDING_STYLED_ITEM('overriding color',(#3801),#1521,#3472);
#3801 = PRESENTATION_STYLE_ASSIGNMENT((#3802));
#3802 = SURFACE_STYLE_USAGE(.BOTH.,#3803);
#3803 = SURFACE_SIDE_STYLE('',(#3804));
#3804 = SURFACE_STYLE_FILL_AREA(#3805);
#3805 = FILL_AREA_STYLE('',(#3806));
#3806 = FILL_AREA_STYLE_COLOUR('',#3757);
#3807 = OVER_RIDING_STYLED_ITEM('overriding color',(#3808),#1549,#3472);
#3808 = PRESENTATION_STYLE_ASSIGNMENT((#3809));
#3809 = SURFACE_STYLE_USAGE(.BOTH.,#3810);
#3810 = SURFACE_SIDE_STYLE('',(#3811));
#3811 = SURFACE_STYLE_FILL_AREA(#3812);
#3812 = FILL_AREA_STYLE('',(#3813));
#3813 = FILL_AREA_STYLE_COLOUR('',#3757);
#3814 = OVER_RIDING_STYLED_ITEM('overriding color',(#3815),#1581,#3472);
#3815 = PRESENTATION_STYLE_ASSIGNMENT((#3816));
#3816 = SURFACE_STYLE_USAGE(.BOTH.,#3817);
#3817 = SURFACE_SIDE_STYLE('',(#3818));
#3818 = SURFACE_STYLE_FILL_AREA(#3819);
#3819 = FILL_AREA_STYLE('',(#3820));
#3820 = FILL_AREA_STYLE_COLOUR('',#3757);
#3821 = OVER_RIDING_STYLED_ITEM('overriding color',(#3822),#1609,#3472);
#3822 = PRESENTATION_STYLE_ASSIGNMENT((#3823));
#3823 = SURFACE_STYLE_USAGE(.BOTH.,#3824);
#3824 = SURFACE_SIDE_STYLE('',(#3825));
#3825 = SURFACE_STYLE_FILL_AREA(#3826);
#3826 = FILL_AREA_STYLE('',(#3827));
#3827 = FILL_AREA_STYLE_COLOUR('',#3757);
#3828 = OVER_RIDING_STYLED_ITEM('overriding color',(#3829),#1633,#3472);
#3829 = PRESENTATION_STYLE_ASSIGNMENT((#3830));
#3830 = SURFACE_STYLE_USAGE(.BOTH.,#3831);
#3831 = SURFACE_SIDE_STYLE('',(#3832));
#3832 = SURFACE_STYLE_FILL_AREA(#3833);
#3833 = FILL_AREA_STYLE('',(#3834));
#3834 = FILL_AREA_STYLE_COLOUR('',#3757);
#3835 = OVER_RIDING_STYLED_ITEM('overriding color',(#3836),#1654,#3472);
#3836 = PRESENTATION_STYLE_ASSIGNMENT((#3837));
#3837 = SURFACE_STYLE_USAGE(.BOTH.,#3838);
#3838 = SURFACE_SIDE_STYLE('',(#3839));
#3839 = SURFACE_STYLE_FILL_AREA(#3840);
#3840 = FILL_AREA_STYLE('',(#3841));
#3841 = FILL_AREA_STYLE_COLOUR('',#3757);
#3842 = OVER_RIDING_STYLED_ITEM('overriding color',(#3843),#1675,#3472);
#3843 = PRESENTATION_STYLE_ASSIGNMENT((#3844));
#3844 = SURFACE_STYLE_USAGE(.BOTH.,#3845);
#3845 = SURFACE_SIDE_STYLE('',(#3846));
#3846 = SURFACE_STYLE_FILL_AREA(#3847);
#3847 = FILL_AREA_STYLE('',(#3848));
#3848 = FILL_AREA_STYLE_COLOUR('',#3757);
#3849 = OVER_RIDING_STYLED_ITEM('overriding color',(#3850),#1711,#3472);
#3850 = PRESENTATION_STYLE_ASSIGNMENT((#3851));
#3851 = SURFACE_STYLE_USAGE(.BOTH.,#3852);
#3852 = SURFACE_SIDE_STYLE('',(#3853));
#3853 = SURFACE_STYLE_FILL_AREA(#3854);
#3854 = FILL_AREA_STYLE('',(#3855));
#3855 = FILL_AREA_STYLE_COLOUR('',#3757);
#3856 = OVER_RIDING_STYLED_ITEM('overriding color',(#3857),#1743,#3472);
#3857 = PRESENTATION_STYLE_ASSIGNMENT((#3858));
#3858 = SURFACE_STYLE_USAGE(.BOTH.,#3859);
#3859 = SURFACE_SIDE_STYLE('',(#3860));
#3860 = SURFACE_STYLE_FILL_AREA(#3861);
#3861 = FILL_AREA_STYLE('',(#3862));
#3862 = FILL_AREA_STYLE_COLOUR('',#3757);
#3863 = OVER_RIDING_STYLED_ITEM('overriding color',(#3864),#1771,#3472);
#3864 = PRESENTATION_STYLE_ASSIGNMENT((#3865));
#3865 = SURFACE_STYLE_USAGE(.BOTH.,#3866);
#3866 = SURFACE_SIDE_STYLE('',(#3867));
#3867 = SURFACE_STYLE_FILL_AREA(#3868);
#3868 = FILL_AREA_STYLE('',(#3869));
#3869 = FILL_AREA_STYLE_COLOUR('',#3757);
#3870 = OVER_RIDING_STYLED_ITEM('overriding color',(#3871),#1803,#3472);
#3871 = PRESENTATION_STYLE_ASSIGNMENT((#3872));
#3872 = SURFACE_STYLE_USAGE(.BOTH.,#3873);
#3873 = SURFACE_SIDE_STYLE('',(#3874));
#3874 = SURFACE_STYLE_FILL_AREA(#3875);
#3875 = FILL_AREA_STYLE('',(#3876));
#3876 = FILL_AREA_STYLE_COLOUR('',#3757);
#3877 = OVER_RIDING_STYLED_ITEM('overriding color',(#3878),#1823,#3472);
#3878 = PRESENTATION_STYLE_ASSIGNMENT((#3879));
#3879 = SURFACE_STYLE_USAGE(.BOTH.,#3880);
#3880 = SURFACE_SIDE_STYLE('',(#3881));
#3881 = SURFACE_STYLE_FILL_AREA(#3882);
#3882 = FILL_AREA_STYLE('',(#3883));
#3883 = FILL_AREA_STYLE_COLOUR('',#3757);
#3884 = OVER_RIDING_STYLED_ITEM('overriding color',(#3885),#1851,#3472);
#3885 = PRESENTATION_STYLE_ASSIGNMENT((#3886));
#3886 = SURFACE_STYLE_USAGE(.BOTH.,#3887);
#3887 = SURFACE_SIDE_STYLE('',(#3888));
#3888 = SURFACE_STYLE_FILL_AREA(#3889);
#3889 = FILL_AREA_STYLE('',(#3890));
#3890 = FILL_AREA_STYLE_COLOUR('',#3757);
#3891 = OVER_RIDING_STYLED_ITEM('overriding color',(#3892),#1883,#3472);
#3892 = PRESENTATION_STYLE_ASSIGNMENT((#3893));
#3893 = SURFACE_STYLE_USAGE(.BOTH.,#3894);
#3894 = SURFACE_SIDE_STYLE('',(#3895));
#3895 = SURFACE_STYLE_FILL_AREA(#3896);
#3896 = FILL_AREA_STYLE('',(#3897));
#3897 = FILL_AREA_STYLE_COLOUR('',#3757);
#3898 = OVER_RIDING_STYLED_ITEM('overriding color',(#3899),#1911,#3472);
#3899 = PRESENTATION_STYLE_ASSIGNMENT((#3900));
#3900 = SURFACE_STYLE_USAGE(.BOTH.,#3901);
#3901 = SURFACE_SIDE_STYLE('',(#3902));
#3902 = SURFACE_STYLE_FILL_AREA(#3903);
#3903 = FILL_AREA_STYLE('',(#3904));
#3904 = FILL_AREA_STYLE_COLOUR('',#3757);
#3905 = OVER_RIDING_STYLED_ITEM('overriding color',(#3906),#1943,#3472);
#3906 = PRESENTATION_STYLE_ASSIGNMENT((#3907));
#3907 = SURFACE_STYLE_USAGE(.BOTH.,#3908);
#3908 = SURFACE_SIDE_STYLE('',(#3909));
#3909 = SURFACE_STYLE_FILL_AREA(#3910);
#3910 = FILL_AREA_STYLE('',(#3911));
#3911 = FILL_AREA_STYLE_COLOUR('',#3757);
#3912 = OVER_RIDING_STYLED_ITEM('overriding color',(#3913),#1971,#3472);
#3913 = PRESENTATION_STYLE_ASSIGNMENT((#3914));
#3914 = SURFACE_STYLE_USAGE(.BOTH.,#3915);
#3915 = SURFACE_SIDE_STYLE('',(#3916));
#3916 = SURFACE_STYLE_FILL_AREA(#3917);
#3917 = FILL_AREA_STYLE('',(#3918));
#3918 = FILL_AREA_STYLE_COLOUR('',#3757);
#3919 = OVER_RIDING_STYLED_ITEM('overriding color',(#3920),#1991,#3472);
#3920 = PRESENTATION_STYLE_ASSIGNMENT((#3921));
#3921 = SURFACE_STYLE_USAGE(.BOTH.,#3922);
#3922 = SURFACE_SIDE_STYLE('',(#3923));
#3923 = SURFACE_STYLE_FILL_AREA(#3924);
#3924 = FILL_AREA_STYLE('',(#3925));
#3925 = FILL_AREA_STYLE_COLOUR('',#3757);
#3926 = OVER_RIDING_STYLED_ITEM('overriding color',(#3927),#2012,#3472);
#3927 = PRESENTATION_STYLE_ASSIGNMENT((#3928));
#3928 = SURFACE_STYLE_USAGE(.BOTH.,#3929);
#3929 = SURFACE_SIDE_STYLE('',(#3930));
#3930 = SURFACE_STYLE_FILL_AREA(#3931);
#3931 = FILL_AREA_STYLE('',(#3932));
#3932 = FILL_AREA_STYLE_COLOUR('',#3757);
#3933 = OVER_RIDING_STYLED_ITEM('overriding color',(#3934),#2033,#3472);
#3934 = PRESENTATION_STYLE_ASSIGNMENT((#3935));
#3935 = SURFACE_STYLE_USAGE(.BOTH.,#3936);
#3936 = SURFACE_SIDE_STYLE('',(#3937));
#3937 = SURFACE_STYLE_FILL_AREA(#3938);
#3938 = FILL_AREA_STYLE('',(#3939));
#3939 = FILL_AREA_STYLE_COLOUR('',#3757);
#3940 = OVER_RIDING_STYLED_ITEM('overriding color',(#3941),#2069,#3472);
#3941 = PRESENTATION_STYLE_ASSIGNMENT((#3942));
#3942 = SURFACE_STYLE_USAGE(.BOTH.,#3943);
#3943 = SURFACE_SIDE_STYLE('',(#3944));
#3944 = SURFACE_STYLE_FILL_AREA(#3945);
#3945 = FILL_AREA_STYLE('',(#3946));
#3946 = FILL_AREA_STYLE_COLOUR('',#3757);
#3947 = OVER_RIDING_STYLED_ITEM('overriding color',(#3948),#2101,#3472);
#3948 = PRESENTATION_STYLE_ASSIGNMENT((#3949));
#3949 = SURFACE_STYLE_USAGE(.BOTH.,#3950);
#3950 = SURFACE_SIDE_STYLE('',(#3951));
#3951 = SURFACE_STYLE_FILL_AREA(#3952);
#3952 = FILL_AREA_STYLE('',(#3953));
#3953 = FILL_AREA_STYLE_COLOUR('',#3757);
#3954 = OVER_RIDING_STYLED_ITEM('overriding color',(#3955),#2129,#3472);
#3955 = PRESENTATION_STYLE_ASSIGNMENT((#3956));
#3956 = SURFACE_STYLE_USAGE(.BOTH.,#3957);
#3957 = SURFACE_SIDE_STYLE('',(#3958));
#3958 = SURFACE_STYLE_FILL_AREA(#3959);
#3959 = FILL_AREA_STYLE('',(#3960));
#3960 = FILL_AREA_STYLE_COLOUR('',#3757);
#3961 = OVER_RIDING_STYLED_ITEM('overriding color',(#3962),#2161,#3472);
#3962 = PRESENTATION_STYLE_ASSIGNMENT((#3963));
#3963 = SURFACE_STYLE_USAGE(.BOTH.,#3964);
#3964 = SURFACE_SIDE_STYLE('',(#3965));
#3965 = SURFACE_STYLE_FILL_AREA(#3966);
#3966 = FILL_AREA_STYLE('',(#3967));
#3967 = FILL_AREA_STYLE_COLOUR('',#3757);
#3968 = OVER_RIDING_STYLED_ITEM('overriding color',(#3969),#2181,#3472);
#3969 = PRESENTATION_STYLE_ASSIGNMENT((#3970));
#3970 = SURFACE_STYLE_USAGE(.BOTH.,#3971);
#3971 = SURFACE_SIDE_STYLE('',(#3972));
#3972 = SURFACE_STYLE_FILL_AREA(#3973);
#3973 = FILL_AREA_STYLE('',(#3974));
#3974 = FILL_AREA_STYLE_COLOUR('',#3757);
#3975 = OVER_RIDING_STYLED_ITEM('overriding color',(#3976),#2209,#3472);
#3976 = PRESENTATION_STYLE_ASSIGNMENT((#3977));
#3977 = SURFACE_STYLE_USAGE(.BOTH.,#3978);
#3978 = SURFACE_SIDE_STYLE('',(#3979));
#3979 = SURFACE_STYLE_FILL_AREA(#3980);
#3980 = FILL_AREA_STYLE('',(#3981));
#3981 = FILL_AREA_STYLE_COLOUR('',#3757);
#3982 = OVER_RIDING_STYLED_ITEM('overriding color',(#3983),#2241,#3472);
#3983 = PRESENTATION_STYLE_ASSIGNMENT((#3984));
#3984 = SURFACE_STYLE_USAGE(.BOTH.,#3985);
#3985 = SURFACE_SIDE_STYLE('',(#3986));
#3986 = SURFACE_STYLE_FILL_AREA(#3987);
#3987 = FILL_AREA_STYLE('',(#3988));
#3988 = FILL_AREA_STYLE_COLOUR('',#3757);
#3989 = OVER_RIDING_STYLED_ITEM('overriding color',(#3990),#2269,#3472);
#3990 = PRESENTATION_STYLE_ASSIGNMENT((#3991));
#3991 = SURFACE_STYLE_USAGE(.BOTH.,#3992);
#3992 = SURFACE_SIDE_STYLE('',(#3993));
#3993 = SURFACE_STYLE_FILL_AREA(#3994);
#3994 = FILL_AREA_STYLE('',(#3995));
#3995 = FILL_AREA_STYLE_COLOUR('',#3757);
#3996 = OVER_RIDING_STYLED_ITEM('overriding color',(#3997),#2301,#3472);
#3997 = PRESENTATION_STYLE_ASSIGNMENT((#3998));
#3998 = SURFACE_STYLE_USAGE(.BOTH.,#3999);
#3999 = SURFACE_SIDE_STYLE('',(#4000));
#4000 = SURFACE_STYLE_FILL_AREA(#4001);
#4001 = FILL_AREA_STYLE('',(#4002));
#4002 = FILL_AREA_STYLE_COLOUR('',#3757);
#4003 = OVER_RIDING_STYLED_ITEM('overriding color',(#4004),#2329,#3472);
#4004 = PRESENTATION_STYLE_ASSIGNMENT((#4005));
#4005 = SURFACE_STYLE_USAGE(.BOTH.,#4006);
#4006 = SURFACE_SIDE_STYLE('',(#4007));
#4007 = SURFACE_STYLE_FILL_AREA(#4008);
#4008 = FILL_AREA_STYLE('',(#4009));
#4009 = FILL_AREA_STYLE_COLOUR('',#3757);
#4010 = OVER_RIDING_STYLED_ITEM('overriding color',(#4011),#2349,#3472);
#4011 = PRESENTATION_STYLE_ASSIGNMENT((#4012));
#4012 = SURFACE_STYLE_USAGE(.BOTH.,#4013);
#4013 = SURFACE_SIDE_STYLE('',(#4014));
#4014 = SURFACE_STYLE_FILL_AREA(#4015);
#4015 = FILL_AREA_STYLE('',(#4016));
#4016 = FILL_AREA_STYLE_COLOUR('',#3757);
#4017 = OVER_RIDING_STYLED_ITEM('overriding color',(#4018),#2370,#3472);
#4018 = PRESENTATION_STYLE_ASSIGNMENT((#4019));
#4019 = SURFACE_STYLE_USAGE(.BOTH.,#4020);
#4020 = SURFACE_SIDE_STYLE('',(#4021));
#4021 = SURFACE_STYLE_FILL_AREA(#4022);
#4022 = FILL_AREA_STYLE('',(#4023));
#4023 = FILL_AREA_STYLE_COLOUR('',#3757);
#4024 = OVER_RIDING_STYLED_ITEM('overriding color',(#4025),#2391,#3472);
#4025 = PRESENTATION_STYLE_ASSIGNMENT((#4026));
#4026 = SURFACE_STYLE_USAGE(.BOTH.,#4027);
#4027 = SURFACE_SIDE_STYLE('',(#4028));
#4028 = SURFACE_STYLE_FILL_AREA(#4029);
#4029 = FILL_AREA_STYLE('',(#4030));
#4030 = FILL_AREA_STYLE_COLOUR('',#3757);
#4031 = OVER_RIDING_STYLED_ITEM('overriding color',(#4032),#2427,#3472);
#4032 = PRESENTATION_STYLE_ASSIGNMENT((#4033));
#4033 = SURFACE_STYLE_USAGE(.BOTH.,#4034);
#4034 = SURFACE_SIDE_STYLE('',(#4035));
#4035 = SURFACE_STYLE_FILL_AREA(#4036);
#4036 = FILL_AREA_STYLE('',(#4037));
#4037 = FILL_AREA_STYLE_COLOUR('',#3757);
#4038 = OVER_RIDING_STYLED_ITEM('overriding color',(#4039),#2459,#3472);
#4039 = PRESENTATION_STYLE_ASSIGNMENT((#4040));
#4040 = SURFACE_STYLE_USAGE(.BOTH.,#4041);
#4041 = SURFACE_SIDE_STYLE('',(#4042));
#4042 = SURFACE_STYLE_FILL_AREA(#4043);
#4043 = FILL_AREA_STYLE('',(#4044));
#4044 = FILL_AREA_STYLE_COLOUR('',#3757);
#4045 = OVER_RIDING_STYLED_ITEM('overriding color',(#4046),#2487,#3472);
#4046 = PRESENTATION_STYLE_ASSIGNMENT((#4047));
#4047 = SURFACE_STYLE_USAGE(.BOTH.,#4048);
#4048 = SURFACE_SIDE_STYLE('',(#4049));
#4049 = SURFACE_STYLE_FILL_AREA(#4050);
#4050 = FILL_AREA_STYLE('',(#4051));
#4051 = FILL_AREA_STYLE_COLOUR('',#3757);
#4052 = OVER_RIDING_STYLED_ITEM('overriding color',(#4053),#2519,#3472);
#4053 = PRESENTATION_STYLE_ASSIGNMENT((#4054));
#4054 = SURFACE_STYLE_USAGE(.BOTH.,#4055);
#4055 = SURFACE_SIDE_STYLE('',(#4056));
#4056 = SURFACE_STYLE_FILL_AREA(#4057);
#4057 = FILL_AREA_STYLE('',(#4058));
#4058 = FILL_AREA_STYLE_COLOUR('',#3757);
#4059 = OVER_RIDING_STYLED_ITEM('overriding color',(#4060),#2539,#3472);
#4060 = PRESENTATION_STYLE_ASSIGNMENT((#4061));
#4061 = SURFACE_STYLE_USAGE(.BOTH.,#4062);
#4062 = SURFACE_SIDE_STYLE('',(#4063));
#4063 = SURFACE_STYLE_FILL_AREA(#4064);
#4064 = FILL_AREA_STYLE('',(#4065));
#4065 = FILL_AREA_STYLE_COLOUR('',#3757);
#4066 = OVER_RIDING_STYLED_ITEM('overriding color',(#4067),#2567,#3472);
#4067 = PRESENTATION_STYLE_ASSIGNMENT((#4068));
#4068 = SURFACE_STYLE_USAGE(.BOTH.,#4069);
#4069 = SURFACE_SIDE_STYLE('',(#4070));
#4070 = SURFACE_STYLE_FILL_AREA(#4071);
#4071 = FILL_AREA_STYLE('',(#4072));
#4072 = FILL_AREA_STYLE_COLOUR('',#3757);
#4073 = OVER_RIDING_STYLED_ITEM('overriding color',(#4074),#2599,#3472);
#4074 = PRESENTATION_STYLE_ASSIGNMENT((#4075));
#4075 = SURFACE_STYLE_USAGE(.BOTH.,#4076);
#4076 = SURFACE_SIDE_STYLE('',(#4077));
#4077 = SURFACE_STYLE_FILL_AREA(#4078);
#4078 = FILL_AREA_STYLE('',(#4079));
#4079 = FILL_AREA_STYLE_COLOUR('',#3757);
#4080 = OVER_RIDING_STYLED_ITEM('overriding color',(#4081),#2627,#3472);
#4081 = PRESENTATION_STYLE_ASSIGNMENT((#4082));
#4082 = SURFACE_STYLE_USAGE(.BOTH.,#4083);
#4083 = SURFACE_SIDE_STYLE('',(#4084));
#4084 = SURFACE_STYLE_FILL_AREA(#4085);
#4085 = FILL_AREA_STYLE('',(#4086));
#4086 = FILL_AREA_STYLE_COLOUR('',#3757);
#4087 = OVER_RIDING_STYLED_ITEM('overriding color',(#4088),#2659,#3472);
#4088 = PRESENTATION_STYLE_ASSIGNMENT((#4089));
#4089 = SURFACE_STYLE_USAGE(.BOTH.,#4090);
#4090 = SURFACE_SIDE_STYLE('',(#4091));
#4091 = SURFACE_STYLE_FILL_AREA(#4092);
#4092 = FILL_AREA_STYLE('',(#4093));
#4093 = FILL_AREA_STYLE_COLOUR('',#3757);
#4094 = OVER_RIDING_STYLED_ITEM('overriding color',(#4095),#2687,#3472);
#4095 = PRESENTATION_STYLE_ASSIGNMENT((#4096));
#4096 = SURFACE_STYLE_USAGE(.BOTH.,#4097);
#4097 = SURFACE_SIDE_STYLE('',(#4098));
#4098 = SURFACE_STYLE_FILL_AREA(#4099);
#4099 = FILL_AREA_STYLE('',(#4100));
#4100 = FILL_AREA_STYLE_COLOUR('',#3757);
#4101 = OVER_RIDING_STYLED_ITEM('overriding color',(#4102),#2707,#3472);
#4102 = PRESENTATION_STYLE_ASSIGNMENT((#4103));
#4103 = SURFACE_STYLE_USAGE(.BOTH.,#4104);
#4104 = SURFACE_SIDE_STYLE('',(#4105));
#4105 = SURFACE_STYLE_FILL_AREA(#4106);
#4106 = FILL_AREA_STYLE('',(#4107));
#4107 = FILL_AREA_STYLE_COLOUR('',#3757);
#4108 = OVER_RIDING_STYLED_ITEM('overriding color',(#4109),#2728,#3472);
#4109 = PRESENTATION_STYLE_ASSIGNMENT((#4110));
#4110 = SURFACE_STYLE_USAGE(.BOTH.,#4111);
#4111 = SURFACE_SIDE_STYLE('',(#4112));
#4112 = SURFACE_STYLE_FILL_AREA(#4113);
#4113 = FILL_AREA_STYLE('',(#4114));
#4114 = FILL_AREA_STYLE_COLOUR('',#3757);
#4115 = OVER_RIDING_STYLED_ITEM('overriding color',(#4116),#2749,#3472);
#4116 = PRESENTATION_STYLE_ASSIGNMENT((#4117));
#4117 = SURFACE_STYLE_USAGE(.BOTH.,#4118);
#4118 = SURFACE_SIDE_STYLE('',(#4119));
#4119 = SURFACE_STYLE_FILL_AREA(#4120);
#4120 = FILL_AREA_STYLE('',(#4121));
#4121 = FILL_AREA_STYLE_COLOUR('',#3757);
#4122 = OVER_RIDING_STYLED_ITEM('overriding color',(#4123),#2785,#3472);
#4123 = PRESENTATION_STYLE_ASSIGNMENT((#4124));
#4124 = SURFACE_STYLE_USAGE(.BOTH.,#4125);
#4125 = SURFACE_SIDE_STYLE('',(#4126));
#4126 = SURFACE_STYLE_FILL_AREA(#4127);
#4127 = FILL_AREA_STYLE('',(#4128));
#4128 = FILL_AREA_STYLE_COLOUR('',#3757);
#4129 = OVER_RIDING_STYLED_ITEM('overriding color',(#4130),#2813,#3472);
#4130 = PRESENTATION_STYLE_ASSIGNMENT((#4131));
#4131 = SURFACE_STYLE_USAGE(.BOTH.,#4132);
#4132 = SURFACE_SIDE_STYLE('',(#4133));
#4133 = SURFACE_STYLE_FILL_AREA(#4134);
#4134 = FILL_AREA_STYLE('',(#4135));
#4135 = FILL_AREA_STYLE_COLOUR('',#3757);
#4136 = OVER_RIDING_STYLED_ITEM('overriding color',(#4137),#2841,#3472);
#4137 = PRESENTATION_STYLE_ASSIGNMENT((#4138));
#4138 = SURFACE_STYLE_USAGE(.BOTH.,#4139);
#4139 = SURFACE_SIDE_STYLE('',(#4140));
#4140 = SURFACE_STYLE_FILL_AREA(#4141);
#4141 = FILL_AREA_STYLE('',(#4142));
#4142 = FILL_AREA_STYLE_COLOUR('',#3757);
#4143 = OVER_RIDING_STYLED_ITEM('overriding color',(#4144),#2873,#3472);
#4144 = PRESENTATION_STYLE_ASSIGNMENT((#4145));
#4145 = SURFACE_STYLE_USAGE(.BOTH.,#4146);
#4146 = SURFACE_SIDE_STYLE('',(#4147));
#4147 = SURFACE_STYLE_FILL_AREA(#4148);
#4148 = FILL_AREA_STYLE('',(#4149));
#4149 = FILL_AREA_STYLE_COLOUR('',#3757);
#4150 = OVER_RIDING_STYLED_ITEM('overriding color',(#4151),#2901,#3472);
#4151 = PRESENTATION_STYLE_ASSIGNMENT((#4152));
#4152 = SURFACE_STYLE_USAGE(.BOTH.,#4153);
#4153 = SURFACE_SIDE_STYLE('',(#4154));
#4154 = SURFACE_STYLE_FILL_AREA(#4155);
#4155 = FILL_AREA_STYLE('',(#4156));
#4156 = FILL_AREA_STYLE_COLOUR('',#3757);
#4157 = OVER_RIDING_STYLED_ITEM('overriding color',(#4158),#2933,#3472);
#4158 = PRESENTATION_STYLE_ASSIGNMENT((#4159));
#4159 = SURFACE_STYLE_USAGE(.BOTH.,#4160);
#4160 = SURFACE_SIDE_STYLE('',(#4161));
#4161 = SURFACE_STYLE_FILL_AREA(#4162);
#4162 = FILL_AREA_STYLE('',(#4163));
#4163 = FILL_AREA_STYLE_COLOUR('',#3757);
#4164 = OVER_RIDING_STYLED_ITEM('overriding color',(#4165),#2953,#3472);
#4165 = PRESENTATION_STYLE_ASSIGNMENT((#4166));
#4166 = SURFACE_STYLE_USAGE(.BOTH.,#4167);
#4167 = SURFACE_SIDE_STYLE('',(#4168));
#4168 = SURFACE_STYLE_FILL_AREA(#4169);
#4169 = FILL_AREA_STYLE('',(#4170));
#4170 = FILL_AREA_STYLE_COLOUR('',#3757);
#4171 = OVER_RIDING_STYLED_ITEM('overriding color',(#4172),#2981,#3472);
#4172 = PRESENTATION_STYLE_ASSIGNMENT((#4173));
#4173 = SURFACE_STYLE_USAGE(.BOTH.,#4174);
#4174 = SURFACE_SIDE_STYLE('',(#4175));
#4175 = SURFACE_STYLE_FILL_AREA(#4176);
#4176 = FILL_AREA_STYLE('',(#4177));
#4177 = FILL_AREA_STYLE_COLOUR('',#3757);
#4178 = OVER_RIDING_STYLED_ITEM('overriding color',(#4179),#3013,#3472);
#4179 = PRESENTATION_STYLE_ASSIGNMENT((#4180));
#4180 = SURFACE_STYLE_USAGE(.BOTH.,#4181);
#4181 = SURFACE_SIDE_STYLE('',(#4182));
#4182 = SURFACE_STYLE_FILL_AREA(#4183);
#4183 = FILL_AREA_STYLE('',(#4184));
#4184 = FILL_AREA_STYLE_COLOUR('',#3757);
#4185 = OVER_RIDING_STYLED_ITEM('overriding color',(#4186),#3041,#3472);
#4186 = PRESENTATION_STYLE_ASSIGNMENT((#4187));
#4187 = SURFACE_STYLE_USAGE(.BOTH.,#4188);
#4188 = SURFACE_SIDE_STYLE('',(#4189));
#4189 = SURFACE_STYLE_FILL_AREA(#4190);
#4190 = FILL_AREA_STYLE('',(#4191));
#4191 = FILL_AREA_STYLE_COLOUR('',#3757);
#4192 = OVER_RIDING_STYLED_ITEM('overriding color',(#4193),#3065,#3472);
#4193 = PRESENTATION_STYLE_ASSIGNMENT((#4194));
#4194 = SURFACE_STYLE_USAGE(.BOTH.,#4195);
#4195 = SURFACE_SIDE_STYLE('',(#4196));
#4196 = SURFACE_STYLE_FILL_AREA(#4197);
#4197 = FILL_AREA_STYLE('',(#4198));
#4198 = FILL_AREA_STYLE_COLOUR('',#3757);
#4199 = OVER_RIDING_STYLED_ITEM('overriding color',(#4200),#3086,#3472);
#4200 = PRESENTATION_STYLE_ASSIGNMENT((#4201));
#4201 = SURFACE_STYLE_USAGE(.BOTH.,#4202);
#4202 = SURFACE_SIDE_STYLE('',(#4203));
#4203 = SURFACE_STYLE_FILL_AREA(#4204);
#4204 = FILL_AREA_STYLE('',(#4205));
#4205 = FILL_AREA_STYLE_COLOUR('',#3757);
#4206 = OVER_RIDING_STYLED_ITEM('overriding color',(#4207),#3107,#3472);
#4207 = PRESENTATION_STYLE_ASSIGNMENT((#4208));
#4208 = SURFACE_STYLE_USAGE(.BOTH.,#4209);
#4209 = SURFACE_SIDE_STYLE('',(#4210));
#4210 = SURFACE_STYLE_FILL_AREA(#4211);
#4211 = FILL_AREA_STYLE('',(#4212));
#4212 = FILL_AREA_STYLE_COLOUR('',#3757);
#4213 = OVER_RIDING_STYLED_ITEM('overriding color',(#4214),#3143,#3472);
#4214 = PRESENTATION_STYLE_ASSIGNMENT((#4215));
#4215 = SURFACE_STYLE_USAGE(.BOTH.,#4216);
#4216 = SURFACE_SIDE_STYLE('',(#4217));
#4217 = SURFACE_STYLE_FILL_AREA(#4218);
#4218 = FILL_AREA_STYLE('',(#4219));
#4219 = FILL_AREA_STYLE_COLOUR('',#3757);
#4220 = OVER_RIDING_STYLED_ITEM('overriding color',(#4221),#3171,#3472);
#4221 = PRESENTATION_STYLE_ASSIGNMENT((#4222));
#4222 = SURFACE_STYLE_USAGE(.BOTH.,#4223);
#4223 = SURFACE_SIDE_STYLE('',(#4224));
#4224 = SURFACE_STYLE_FILL_AREA(#4225);
#4225 = FILL_AREA_STYLE('',(#4226));
#4226 = FILL_AREA_STYLE_COLOUR('',#3757);
#4227 = OVER_RIDING_STYLED_ITEM('overriding color',(#4228),#3199,#3472);
#4228 = PRESENTATION_STYLE_ASSIGNMENT((#4229));
#4229 = SURFACE_STYLE_USAGE(.BOTH.,#4230);
#4230 = SURFACE_SIDE_STYLE('',(#4231));
#4231 = SURFACE_STYLE_FILL_AREA(#4232);
#4232 = FILL_AREA_STYLE('',(#4233));
#4233 = FILL_AREA_STYLE_COLOUR('',#3757);
#4234 = OVER_RIDING_STYLED_ITEM('overriding color',(#4235),#3231,#3472);
#4235 = PRESENTATION_STYLE_ASSIGNMENT((#4236));
#4236 = SURFACE_STYLE_USAGE(.BOTH.,#4237);
#4237 = SURFACE_SIDE_STYLE('',(#4238));
#4238 = SURFACE_STYLE_FILL_AREA(#4239);
#4239 = FILL_AREA_STYLE('',(#4240));
#4240 = FILL_AREA_STYLE_COLOUR('',#3757);
#4241 = OVER_RIDING_STYLED_ITEM('overriding color',(#4242),#3259,#3472);
#4242 = PRESENTATION_STYLE_ASSIGNMENT((#4243));
#4243 = SURFACE_STYLE_USAGE(.BOTH.,#4244);
#4244 = SURFACE_SIDE_STYLE('',(#4245));
#4245 = SURFACE_STYLE_FILL_AREA(#4246);
#4246 = FILL_AREA_STYLE('',(#4247));
#4247 = FILL_AREA_STYLE_COLOUR('',#3757);
#4248 = OVER_RIDING_STYLED_ITEM('overriding color',(#4249),#3291,#3472);
#4249 = PRESENTATION_STYLE_ASSIGNMENT((#4250));
#4250 = SURFACE_STYLE_USAGE(.BOTH.,#4251);
#4251 = SURFACE_SIDE_STYLE('',(#4252));
#4252 = SURFACE_STYLE_FILL_AREA(#4253);
#4253 = FILL_AREA_STYLE('',(#4254));
#4254 = FILL_AREA_STYLE_COLOUR('',#3757);
#4255 = OVER_RIDING_STYLED_ITEM('overriding color',(#4256),#3311,#3472);
#4256 = PRESENTATION_STYLE_ASSIGNMENT((#4257));
#4257 = SURFACE_STYLE_USAGE(.BOTH.,#4258);
#4258 = SURFACE_SIDE_STYLE('',(#4259));
#4259 = SURFACE_STYLE_FILL_AREA(#4260);
#4260 = FILL_AREA_STYLE('',(#4261));
#4261 = FILL_AREA_STYLE_COLOUR('',#3757);
#4262 = OVER_RIDING_STYLED_ITEM('overriding color',(#4263),#3339,#3472);
#4263 = PRESENTATION_STYLE_ASSIGNMENT((#4264));
#4264 = SURFACE_STYLE_USAGE(.BOTH.,#4265);
#4265 = SURFACE_SIDE_STYLE('',(#4266));
#4266 = SURFACE_STYLE_FILL_AREA(#4267);
#4267 = FILL_AREA_STYLE('',(#4268));
#4268 = FILL_AREA_STYLE_COLOUR('',#3757);
#4269 = OVER_RIDING_STYLED_ITEM('overriding color',(#4270),#3371,#3472);
#4270 = PRESENTATION_STYLE_ASSIGNMENT((#4271));
#4271 = SURFACE_STYLE_USAGE(.BOTH.,#4272);
#4272 = SURFACE_SIDE_STYLE('',(#4273));
#4273 = SURFACE_STYLE_FILL_AREA(#4274);
#4274 = FILL_AREA_STYLE('',(#4275));
#4275 = FILL_AREA_STYLE_COLOUR('',#3757);
#4276 = OVER_RIDING_STYLED_ITEM('overriding color',(#4277),#3399,#3472);
#4277 = PRESENTATION_STYLE_ASSIGNMENT((#4278));
#4278 = SURFACE_STYLE_USAGE(.BOTH.,#4279);
#4279 = SURFACE_SIDE_STYLE('',(#4280));
#4280 = SURFACE_STYLE_FILL_AREA(#4281);
#4281 = FILL_AREA_STYLE('',(#4282));
#4282 = FILL_AREA_STYLE_COLOUR('',#3757);
#4283 = OVER_RIDING_STYLED_ITEM('overriding color',(#4284),#3423,#3472);
#4284 = PRESENTATION_STYLE_ASSIGNMENT((#4285));
#4285 = SURFACE_STYLE_USAGE(.BOTH.,#4286);
#4286 = SURFACE_SIDE_STYLE('',(#4287));
#4287 = SURFACE_STYLE_FILL_AREA(#4288);
#4288 = FILL_AREA_STYLE('',(#4289));
#4289 = FILL_AREA_STYLE_COLOUR('',#3757);
#4290 = OVER_RIDING_STYLED_ITEM('overriding color',(#4291),#3444,#3472);
#4291 = PRESENTATION_STYLE_ASSIGNMENT((#4292));
#4292 = SURFACE_STYLE_USAGE(.BOTH.,#4293);
#4293 = SURFACE_SIDE_STYLE('',(#4294));
#4294 = SURFACE_STYLE_FILL_AREA(#4295);
#4295 = FILL_AREA_STYLE('',(#4296));
#4296 = FILL_AREA_STYLE_COLOUR('',#3757);
ENDSEC;
END-ISO-10303-21;
