ISO-10303-21;
HEADER;
FILE_DESCRIPTION(('Open CASCADE Model'),'2;1');
FILE_NAME('Open CASCADE Shape Model','2026-09-27T22:36:39',('Author'),(
    'Open CASCADE'),'Open CASCADE STEP processor 7.9','Open CASCADE 7.9'
  ,'Unknown');
FILE_SCHEMA(('AUTOMOTIVE_DESIGN { 1 0 10303 214 1 1 1 1 }'));
ENDSEC;
DATA;
#1 = APPLICATION_PROTOCOL_DEFINITION('international standard',
  'automotive_design',2000,#2);
#2 = APPLICATION_CONTEXT(
  'core data for automotive mechanical design processes');
#3 = SHAPE_DEFINITION_REPRESENTATION(#4,#10);
#4 = PRODUCT_DEFINITION_SHAPE('','',#5);
#5 = PRODUCT_DEFINITION('design','',#6,#9);
#6 = PRODUCT_DEFINITION_FORMATION('','',#7);
#7 = PRODUCT('COMPOUND','COMPOUND','',(#8));
#8 = PRODUCT_CONTEXT('',#2,'mechanical');
#9 = PRODUCT_DEFINITION_CONTEXT('part definition',#2,'design');
#10 = SHAPE_REPRESENTATION('',(#11,#15,#3923,#4121,#4655,#5033,#5539,
    #5997,#6375,#7169,#7969,#8477,#8855,#9361,#9819),#11143);
#11 = AXIS2_PLACEMENT_3D('',#12,#13,#14);
#12 = CARTESIAN_POINT('',(0.,0.,0.));
#13 = DIRECTION('',(0.,0.,1.));
#14 = DIRECTION('',(1.,0.,-0.));
#15 = MANIFOLD_SOLID_BREP('',#16);
#16 = CLOSED_SHELL('',(#17,#660,#707,#743,#784,#880,#921,#957,#998,#1068
    ,#1104,#1123,#1147,#1166,#1187,#1208,#1227,#1246,#1265,#1284,#1305,
    #1326,#1340,#1368,#1398,#1428,#1444,#1460,#1472,#1500,#1530,#1560,
    #1576,#1592,#1604,#1632,#1662,#1692,#1708,#1724,#1736,#1764,#1794,
    #1824,#1840,#1856,#1868,#1896,#1926,#1956,#1972,#1988,#2000,#2028,
    #2050,#2072,#2094,#2116,#2138,#2160,#2176,#2246,#2274,#2296,#2333,
    #2355,#2392,#2408,#2436,#2458,#2480,#2553,#2620,#2704,#2732,#2805,
    #2878,#2900,#2916,#2944,#2966,#2988,#3010,#3032,#3054,#3076,#3098,
    #3120,#3142,#3164,#3180,#3200,#3228,#3277,#3350,#3423,#3472,#3494,
    #3543,#3616,#3689,#3732,#3750,#3778,#3800,#3822,#3844,#3866,#3882,
    #3896,#3910));
#17 = ADVANCED_FACE('',(#18,#76,#278,#349,#435,#611),#655,.T.);
#18 = FACE_BOUND('',#19,.T.);
#19 = EDGE_LOOP('',(#20,#29,#36,#43,#50,#57,#64,#71));
#20 = ORIENTED_EDGE('',*,*,#21,.T.);
#21 = EDGE_CURVE('',#22,#24,#26,.T.);
#22 = VERTEX_POINT('',#23);
#23 = CARTESIAN_POINT('',(-0.318023041928,-0.184451767479,3.00001E-02));
#24 = VERTEX_POINT('',#25);
#25 = CARTESIAN_POINT('',(-0.344852310221,-0.184451767479,3.00001E-02));
#26 = B_SPLINE_CURVE_WITH_KNOTS('',1,(#27,#28),.UNSPECIFIED.,.F.,.F.,(2,
    2),(0.,2.682926829268E-02),.PIECEWISE_BEZIER_KNOTS.);
#27 = CARTESIAN_POINT('',(-0.318023041928,-0.184451767479,3.00001E-02));
#28 = CARTESIAN_POINT('',(-0.344852310221,-0.184451767479,3.00001E-02));
#29 = ORIENTED_EDGE('',*,*,#30,.T.);
#30 = EDGE_CURVE('',#24,#31,#33,.T.);
#31 = VERTEX_POINT('',#32);
#32 = CARTESIAN_POINT('',(-0.422901090709,-0.384451767479,3.00001E-02));
#33 = B_SPLINE_CURVE_WITH_KNOTS('',1,(#34,#35),.UNSPECIFIED.,.F.,.F.,(2,
    2),(5.171294611889E-17,0.214689571558),.PIECEWISE_BEZIER_KNOTS.);
#34 = CARTESIAN_POINT('',(-0.344852310221,-0.184451767479,3.00001E-02));
#35 = CARTESIAN_POINT('',(-0.422901090709,-0.384451767479,3.00001E-02));
#36 = ORIENTED_EDGE('',*,*,#37,.T.);
#37 = EDGE_CURVE('',#31,#38,#40,.T.);
#38 = VERTEX_POINT('',#39);
#39 = CARTESIAN_POINT('',(-0.393632798026,-0.384451767479,3.00001E-02));
#40 = B_SPLINE_CURVE_WITH_KNOTS('',1,(#41,#42),.UNSPECIFIED.,.F.,.F.,(2,
    2),(0.,2.926829268293E-02),.PIECEWISE_BEZIER_KNOTS.);
#41 = CARTESIAN_POINT('',(-0.422901090709,-0.384451767479,3.00001E-02));
#42 = CARTESIAN_POINT('',(-0.393632798026,-0.384451767479,3.00001E-02));
#43 = ORIENTED_EDGE('',*,*,#44,.T.);
#44 = EDGE_CURVE('',#38,#45,#47,.T.);
#45 = VERTEX_POINT('',#46);
#46 = CARTESIAN_POINT('',(-0.373396517538,-0.328354206504,3.00001E-02));
#47 = B_SPLINE_CURVE_WITH_KNOTS('',1,(#48,#49),.UNSPECIFIED.,.F.,.F.,(2,
    2),(0.,5.963592369867E-02),.PIECEWISE_BEZIER_KNOTS.);
#48 = CARTESIAN_POINT('',(-0.393632798026,-0.384451767479,3.00001E-02));
#49 = CARTESIAN_POINT('',(-0.373396517538,-0.328354206504,3.00001E-02));
#50 = ORIENTED_EDGE('',*,*,#51,.T.);
#51 = EDGE_CURVE('',#45,#52,#54,.T.);
#52 = VERTEX_POINT('',#53);
#53 = CARTESIAN_POINT('',(-0.290774566319,-0.328354206504,3.00001E-02));
#54 = B_SPLINE_CURVE_WITH_KNOTS('',1,(#55,#56),.UNSPECIFIED.,.F.,.F.,(2,
    2),(0.,8.262195121951E-02),.PIECEWISE_BEZIER_KNOTS.);
#55 = CARTESIAN_POINT('',(-0.373396517538,-0.328354206504,3.00001E-02));
#56 = CARTESIAN_POINT('',(-0.290774566319,-0.328354206504,3.00001E-02));
#57 = ORIENTED_EDGE('',*,*,#58,.T.);
#58 = EDGE_CURVE('',#52,#59,#61,.T.);
#59 = VERTEX_POINT('',#60);
#60 = CARTESIAN_POINT('',(-0.271681578514,-0.384451767479,3.00001E-02));
#61 = B_SPLINE_CURVE_WITH_KNOTS('',1,(#62,#63),.UNSPECIFIED.,.F.,.F.,(2,
    2),(0.,5.925772971292E-02),.PIECEWISE_BEZIER_KNOTS.);
#62 = CARTESIAN_POINT('',(-0.290774566319,-0.328354206504,3.00001E-02));
#63 = CARTESIAN_POINT('',(-0.271681578514,-0.384451767479,3.00001E-02));
#64 = ORIENTED_EDGE('',*,*,#65,.T.);
#65 = EDGE_CURVE('',#59,#66,#68,.T.);
#66 = VERTEX_POINT('',#67);
#67 = CARTESIAN_POINT('',(-0.242413285831,-0.384451767479,3.00001E-02));
#68 = B_SPLINE_CURVE_WITH_KNOTS('',1,(#69,#70),.UNSPECIFIED.,.F.,.F.,(2,
    2),(0.,2.926829268293E-02),.PIECEWISE_BEZIER_KNOTS.);
#69 = CARTESIAN_POINT('',(-0.271681578514,-0.384451767479,3.00001E-02));
#70 = CARTESIAN_POINT('',(-0.242413285831,-0.384451767479,3.00001E-02));
#71 = ORIENTED_EDGE('',*,*,#72,.T.);
#72 = EDGE_CURVE('',#66,#22,#73,.T.);
#73 = B_SPLINE_CURVE_WITH_KNOTS('',1,(#74,#75),.UNSPECIFIED.,.F.,.F.,(2,
    2),(0.,0.213814955551),.PIECEWISE_BEZIER_KNOTS.);
#74 = CARTESIAN_POINT('',(-0.242413285831,-0.384451767479,3.00001E-02));
#75 = CARTESIAN_POINT('',(-0.318023041928,-0.184451767479,3.00001E-02));
#76 = FACE_BOUND('',#77,.T.);
#77 = EDGE_LOOP('',(#78,#87,#94,#101,#108,#115,#122,#129,#136,#143,#150,
    #157,#164,#172,#179,#187,#194,#201,#208,#215,#222,#229,#236,#243,
    #250,#258,#265,#273));
#78 = ORIENTED_EDGE('',*,*,#79,.F.);
#79 = EDGE_CURVE('',#80,#82,#84,.T.);
#80 = VERTEX_POINT('',#81);
#81 = CARTESIAN_POINT('',(-0.5,-0.615,3.00001E-02));
#82 = VERTEX_POINT('',#83);
#83 = CARTESIAN_POINT('',(-0.6,-0.615,3.00001E-02));
#84 = B_SPLINE_CURVE_WITH_KNOTS('',1,(#85,#86),.UNSPECIFIED.,.F.,.F.,(2,
    2),(1.05,1.15),.PIECEWISE_BEZIER_KNOTS.);
#85 = CARTESIAN_POINT('',(-0.5,-0.615,3.00001E-02));
#86 = CARTESIAN_POINT('',(-0.6,-0.615,3.00001E-02));
#87 = ORIENTED_EDGE('',*,*,#88,.F.);
#88 = EDGE_CURVE('',#89,#80,#91,.T.);
#89 = VERTEX_POINT('',#90);
#90 = CARTESIAN_POINT('',(-0.5,-0.385,3.00001E-02));
#91 = B_SPLINE_CURVE_WITH_KNOTS('',1,(#92,#93),.UNSPECIFIED.,.F.,.F.,(2,
    2),(1.135,1.365),.PIECEWISE_BEZIER_KNOTS.);
#92 = CARTESIAN_POINT('',(-0.5,-0.385,3.00001E-02));
#93 = CARTESIAN_POINT('',(-0.5,-0.615,3.00001E-02));
#94 = ORIENTED_EDGE('',*,*,#95,.F.);
#95 = EDGE_CURVE('',#96,#89,#98,.T.);
#96 = VERTEX_POINT('',#97);
#97 = CARTESIAN_POINT('',(-0.6,-0.385,3.00001E-02));
#98 = B_SPLINE_CURVE_WITH_KNOTS('',1,(#99,#100),.UNSPECIFIED.,.F.,.F.,(2
    ,2),(-1.15,-1.05),.PIECEWISE_BEZIER_KNOTS.);
#99 = CARTESIAN_POINT('',(-0.6,-0.385,3.00001E-02));
#100 = CARTESIAN_POINT('',(-0.5,-0.385,3.00001E-02));
#101 = ORIENTED_EDGE('',*,*,#102,.F.);
#102 = EDGE_CURVE('',#103,#96,#105,.T.);
#103 = VERTEX_POINT('',#104);
#104 = CARTESIAN_POINT('',(-0.6,-0.115,3.00001E-02));
#105 = B_SPLINE_CURVE_WITH_KNOTS('',1,(#106,#107),.UNSPECIFIED.,.F.,.F.,
  (2,2),(0.865,1.135),.PIECEWISE_BEZIER_KNOTS.);
#106 = CARTESIAN_POINT('',(-0.6,-0.115,3.00001E-02));
#107 = CARTESIAN_POINT('',(-0.6,-0.385,3.00001E-02));
#108 = ORIENTED_EDGE('',*,*,#109,.F.);
#109 = EDGE_CURVE('',#110,#103,#112,.T.);
#110 = VERTEX_POINT('',#111);
#111 = CARTESIAN_POINT('',(-0.5,-0.115,3.00001E-02));
#112 = B_SPLINE_CURVE_WITH_KNOTS('',1,(#113,#114),.UNSPECIFIED.,.F.,.F.,
  (2,2),(1.05,1.15),.PIECEWISE_BEZIER_KNOTS.);
#113 = CARTESIAN_POINT('',(-0.5,-0.115,3.00001E-02));
#114 = CARTESIAN_POINT('',(-0.6,-0.115,3.00001E-02));
#115 = ORIENTED_EDGE('',*,*,#116,.F.);
#116 = EDGE_CURVE('',#117,#110,#119,.T.);
#117 = VERTEX_POINT('',#118);
#118 = CARTESIAN_POINT('',(-0.5,0.115,3.00001E-02));
#119 = B_SPLINE_CURVE_WITH_KNOTS('',1,(#120,#121),.UNSPECIFIED.,.F.,.F.,
  (2,2),(0.635,0.865),.PIECEWISE_BEZIER_KNOTS.);
#120 = CARTESIAN_POINT('',(-0.5,0.115,3.00001E-02));
#121 = CARTESIAN_POINT('',(-0.5,-0.115,3.00001E-02));
#122 = ORIENTED_EDGE('',*,*,#123,.F.);
#123 = EDGE_CURVE('',#124,#117,#126,.T.);
#124 = VERTEX_POINT('',#125);
#125 = CARTESIAN_POINT('',(-0.6,0.115,3.00001E-02));
#126 = B_SPLINE_CURVE_WITH_KNOTS('',1,(#127,#128),.UNSPECIFIED.,.F.,.F.,
  (2,2),(-1.15,-1.05),.PIECEWISE_BEZIER_KNOTS.);
#127 = CARTESIAN_POINT('',(-0.6,0.115,3.00001E-02));
#128 = CARTESIAN_POINT('',(-0.5,0.115,3.00001E-02));
#129 = ORIENTED_EDGE('',*,*,#130,.F.);
#130 = EDGE_CURVE('',#131,#124,#133,.T.);
#131 = VERTEX_POINT('',#132);
#132 = CARTESIAN_POINT('',(-0.6,0.385,3.00001E-02));
#133 = B_SPLINE_CURVE_WITH_KNOTS('',1,(#134,#135),.UNSPECIFIED.,.F.,.F.,
  (2,2),(0.365,0.635),.PIECEWISE_BEZIER_KNOTS.);
#134 = CARTESIAN_POINT('',(-0.6,0.385,3.00001E-02));
#135 = CARTESIAN_POINT('',(-0.6,0.115,3.00001E-02));
#136 = ORIENTED_EDGE('',*,*,#137,.F.);
#137 = EDGE_CURVE('',#138,#131,#140,.T.);
#138 = VERTEX_POINT('',#139);
#139 = CARTESIAN_POINT('',(-0.5,0.385,3.00001E-02));
#140 = B_SPLINE_CURVE_WITH_KNOTS('',1,(#141,#142),.UNSPECIFIED.,.F.,.F.,
  (2,2),(1.05,1.15),.PIECEWISE_BEZIER_KNOTS.);
#141 = CARTESIAN_POINT('',(-0.5,0.385,3.00001E-02));
#142 = CARTESIAN_POINT('',(-0.6,0.385,3.00001E-02));
#143 = ORIENTED_EDGE('',*,*,#144,.F.);
#144 = EDGE_CURVE('',#145,#138,#147,.T.);
#145 = VERTEX_POINT('',#146);
#146 = CARTESIAN_POINT('',(-0.5,0.615,3.00001E-02));
#147 = B_SPLINE_CURVE_WITH_KNOTS('',1,(#148,#149),.UNSPECIFIED.,.F.,.F.,
  (2,2),(0.135,0.365),.PIECEWISE_BEZIER_KNOTS.);
#148 = CARTESIAN_POINT('',(-0.5,0.615,3.00001E-02));
#149 = CARTESIAN_POINT('',(-0.5,0.385,3.00001E-02));
#150 = ORIENTED_EDGE('',*,*,#151,.F.);
#151 = EDGE_CURVE('',#152,#145,#154,.T.);
#152 = VERTEX_POINT('',#153);
#153 = CARTESIAN_POINT('',(-0.6,0.615,3.00001E-02));
#154 = B_SPLINE_CURVE_WITH_KNOTS('',1,(#155,#156),.UNSPECIFIED.,.F.,.F.,
  (2,2),(-1.15,-1.05),.PIECEWISE_BEZIER_KNOTS.);
#155 = CARTESIAN_POINT('',(-0.6,0.615,3.00001E-02));
#156 = CARTESIAN_POINT('',(-0.5,0.615,3.00001E-02));
#157 = ORIENTED_EDGE('',*,*,#158,.F.);
#158 = EDGE_CURVE('',#159,#152,#161,.T.);
#159 = VERTEX_POINT('',#160);
#160 = CARTESIAN_POINT('',(-0.6,0.75,3.00001E-02));
#161 = B_SPLINE_CURVE_WITH_KNOTS('',1,(#162,#163),.UNSPECIFIED.,.F.,.F.,
  (2,2),(0.,0.135),.PIECEWISE_BEZIER_KNOTS.);
#162 = CARTESIAN_POINT('',(-0.6,0.75,3.00001E-02));
#163 = CARTESIAN_POINT('',(-0.6,0.615,3.00001E-02));
#164 = ORIENTED_EDGE('',*,*,#165,.F.);
#165 = EDGE_CURVE('',#166,#159,#168,.T.);
#166 = VERTEX_POINT('',#167);
#167 = CARTESIAN_POINT('',(-0.55,0.8,3.00001E-02));
#168 = ( BOUNDED_CURVE() B_SPLINE_CURVE(2,(#169,#170,#171),
.UNSPECIFIED.,.F.,.F.) B_SPLINE_CURVE_WITH_KNOTS((3,3),(1.570796326795,
3.14159265359),.PIECEWISE_BEZIER_KNOTS.) CURVE() 
GEOMETRIC_REPRESENTATION_ITEM() RATIONAL_B_SPLINE_CURVE((1.,
0.707106781187,1.)) REPRESENTATION_ITEM('') );
#169 = CARTESIAN_POINT('',(-0.55,0.8,3.00001E-02));
#170 = CARTESIAN_POINT('',(-0.6,0.8,3.00001E-02));
#171 = CARTESIAN_POINT('',(-0.6,0.75,3.00001E-02));
#172 = ORIENTED_EDGE('',*,*,#173,.F.);
#173 = EDGE_CURVE('',#174,#166,#176,.T.);
#174 = VERTEX_POINT('',#175);
#175 = CARTESIAN_POINT('',(0.55,0.8,3.00001E-02));
#176 = B_SPLINE_CURVE_WITH_KNOTS('',1,(#177,#178),.UNSPECIFIED.,.F.,.F.,
  (2,2),(-1.1,-0.),.PIECEWISE_BEZIER_KNOTS.);
#177 = CARTESIAN_POINT('',(0.55,0.8,3.00001E-02));
#178 = CARTESIAN_POINT('',(-0.55,0.8,3.00001E-02));
#179 = ORIENTED_EDGE('',*,*,#180,.F.);
#180 = EDGE_CURVE('',#181,#174,#183,.T.);
#181 = VERTEX_POINT('',#182);
#182 = CARTESIAN_POINT('',(0.6,0.75,3.00001E-02));
#183 = ( BOUNDED_CURVE() B_SPLINE_CURVE(2,(#184,#185,#186),
.UNSPECIFIED.,.F.,.F.) B_SPLINE_CURVE_WITH_KNOTS((3,3),(3.14159265359,
4.712388980385),.PIECEWISE_BEZIER_KNOTS.) CURVE() 
GEOMETRIC_REPRESENTATION_ITEM() RATIONAL_B_SPLINE_CURVE((1.,
0.707106781187,1.)) REPRESENTATION_ITEM('') );
#184 = CARTESIAN_POINT('',(0.6,0.75,3.00001E-02));
#185 = CARTESIAN_POINT('',(0.6,0.8,3.00001E-02));
#186 = CARTESIAN_POINT('',(0.55,0.8,3.00001E-02));
#187 = ORIENTED_EDGE('',*,*,#188,.F.);
#188 = EDGE_CURVE('',#189,#181,#191,.T.);
#189 = VERTEX_POINT('',#190);
#190 = CARTESIAN_POINT('',(0.6,0.615,3.00001E-02));
#191 = B_SPLINE_CURVE_WITH_KNOTS('',1,(#192,#193),.UNSPECIFIED.,.F.,.F.,
  (2,2),(-0.135,0.),.PIECEWISE_BEZIER_KNOTS.);
#192 = CARTESIAN_POINT('',(0.6,0.615,3.00001E-02));
#193 = CARTESIAN_POINT('',(0.6,0.75,3.00001E-02));
#194 = ORIENTED_EDGE('',*,*,#195,.F.);
#195 = EDGE_CURVE('',#196,#189,#198,.T.);
#196 = VERTEX_POINT('',#197);
#197 = CARTESIAN_POINT('',(0.5,0.615,3.00001E-02));
#198 = B_SPLINE_CURVE_WITH_KNOTS('',1,(#199,#200),.UNSPECIFIED.,.F.,.F.,
  (2,2),(-5.E-02,5.E-02),.PIECEWISE_BEZIER_KNOTS.);
#199 = CARTESIAN_POINT('',(0.5,0.615,3.00001E-02));
#200 = CARTESIAN_POINT('',(0.6,0.615,3.00001E-02));
#201 = ORIENTED_EDGE('',*,*,#202,.F.);
#202 = EDGE_CURVE('',#203,#196,#205,.T.);
#203 = VERTEX_POINT('',#204);
#204 = CARTESIAN_POINT('',(0.5,0.385,3.00001E-02));
#205 = B_SPLINE_CURVE_WITH_KNOTS('',1,(#206,#207),.UNSPECIFIED.,.F.,.F.,
  (2,2),(-0.365,-0.135),.PIECEWISE_BEZIER_KNOTS.);
#206 = CARTESIAN_POINT('',(0.5,0.385,3.00001E-02));
#207 = CARTESIAN_POINT('',(0.5,0.615,3.00001E-02));
#208 = ORIENTED_EDGE('',*,*,#209,.F.);
#209 = EDGE_CURVE('',#210,#203,#212,.T.);
#210 = VERTEX_POINT('',#211);
#211 = CARTESIAN_POINT('',(0.6,0.385,3.00001E-02));
#212 = B_SPLINE_CURVE_WITH_KNOTS('',1,(#213,#214),.UNSPECIFIED.,.F.,.F.,
  (2,2),(-5.E-02,5.E-02),.PIECEWISE_BEZIER_KNOTS.);
#213 = CARTESIAN_POINT('',(0.6,0.385,3.00001E-02));
#214 = CARTESIAN_POINT('',(0.5,0.385,3.00001E-02));
#215 = ORIENTED_EDGE('',*,*,#216,.F.);
#216 = EDGE_CURVE('',#217,#210,#219,.T.);
#217 = VERTEX_POINT('',#218);
#218 = CARTESIAN_POINT('',(0.6,-0.385,3.00001E-02));
#219 = B_SPLINE_CURVE_WITH_KNOTS('',1,(#220,#221),.UNSPECIFIED.,.F.,.F.,
  (2,2),(-1.135,-0.365),.PIECEWISE_BEZIER_KNOTS.);
#220 = CARTESIAN_POINT('',(0.6,-0.385,3.00001E-02));
#221 = CARTESIAN_POINT('',(0.6,0.385,3.00001E-02));
#222 = ORIENTED_EDGE('',*,*,#223,.F.);
#223 = EDGE_CURVE('',#224,#217,#226,.T.);
#224 = VERTEX_POINT('',#225);
#225 = CARTESIAN_POINT('',(0.5,-0.385,3.00001E-02));
#226 = B_SPLINE_CURVE_WITH_KNOTS('',1,(#227,#228),.UNSPECIFIED.,.F.,.F.,
  (2,2),(-5.E-02,5.E-02),.PIECEWISE_BEZIER_KNOTS.);
#227 = CARTESIAN_POINT('',(0.5,-0.385,3.00001E-02));
#228 = CARTESIAN_POINT('',(0.6,-0.385,3.00001E-02));
#229 = ORIENTED_EDGE('',*,*,#230,.F.);
#230 = EDGE_CURVE('',#231,#224,#233,.T.);
#231 = VERTEX_POINT('',#232);
#232 = CARTESIAN_POINT('',(0.5,-0.615,3.00001E-02));
#233 = B_SPLINE_CURVE_WITH_KNOTS('',1,(#234,#235),.UNSPECIFIED.,.F.,.F.,
  (2,2),(-1.365,-1.135),.PIECEWISE_BEZIER_KNOTS.);
#234 = CARTESIAN_POINT('',(0.5,-0.615,3.00001E-02));
#235 = CARTESIAN_POINT('',(0.5,-0.385,3.00001E-02));
#236 = ORIENTED_EDGE('',*,*,#237,.F.);
#237 = EDGE_CURVE('',#238,#231,#240,.T.);
#238 = VERTEX_POINT('',#239);
#239 = CARTESIAN_POINT('',(0.6,-0.615,3.00001E-02));
#240 = B_SPLINE_CURVE_WITH_KNOTS('',1,(#241,#242),.UNSPECIFIED.,.F.,.F.,
  (2,2),(-5.E-02,5.E-02),.PIECEWISE_BEZIER_KNOTS.);
#241 = CARTESIAN_POINT('',(0.6,-0.615,3.00001E-02));
#242 = CARTESIAN_POINT('',(0.5,-0.615,3.00001E-02));
#243 = ORIENTED_EDGE('',*,*,#244,.F.);
#244 = EDGE_CURVE('',#245,#238,#247,.T.);
#245 = VERTEX_POINT('',#246);
#246 = CARTESIAN_POINT('',(0.6,-0.75,3.00001E-02));
#247 = B_SPLINE_CURVE_WITH_KNOTS('',1,(#248,#249),.UNSPECIFIED.,.F.,.F.,
  (2,2),(-1.5,-1.365),.PIECEWISE_BEZIER_KNOTS.);
#248 = CARTESIAN_POINT('',(0.6,-0.75,3.00001E-02));
#249 = CARTESIAN_POINT('',(0.6,-0.615,3.00001E-02));
#250 = ORIENTED_EDGE('',*,*,#251,.F.);
#251 = EDGE_CURVE('',#252,#245,#254,.T.);
#252 = VERTEX_POINT('',#253);
#253 = CARTESIAN_POINT('',(0.55,-0.8,3.00001E-02));
#254 = ( BOUNDED_CURVE() B_SPLINE_CURVE(2,(#255,#256,#257),
.UNSPECIFIED.,.F.,.F.) B_SPLINE_CURVE_WITH_KNOTS((3,3),(4.712388980385,
6.28318530718),.PIECEWISE_BEZIER_KNOTS.) CURVE() 
GEOMETRIC_REPRESENTATION_ITEM() RATIONAL_B_SPLINE_CURVE((1.,
0.707106781187,1.)) REPRESENTATION_ITEM('') );
#255 = CARTESIAN_POINT('',(0.55,-0.8,3.00001E-02));
#256 = CARTESIAN_POINT('',(0.6,-0.8,3.00001E-02));
#257 = CARTESIAN_POINT('',(0.6,-0.75,3.00001E-02));
#258 = ORIENTED_EDGE('',*,*,#259,.F.);
#259 = EDGE_CURVE('',#260,#252,#262,.T.);
#260 = VERTEX_POINT('',#261);
#261 = CARTESIAN_POINT('',(-0.55,-0.8,3.00001E-02));
#262 = B_SPLINE_CURVE_WITH_KNOTS('',1,(#263,#264),.UNSPECIFIED.,.F.,.F.,
  (2,2),(0.,1.1),.PIECEWISE_BEZIER_KNOTS.);
#263 = CARTESIAN_POINT('',(-0.55,-0.8,3.00001E-02));
#264 = CARTESIAN_POINT('',(0.55,-0.8,3.00001E-02));
#265 = ORIENTED_EDGE('',*,*,#266,.F.);
#266 = EDGE_CURVE('',#267,#260,#269,.T.);
#267 = VERTEX_POINT('',#268);
#268 = CARTESIAN_POINT('',(-0.6,-0.75,3.00001E-02));
#269 = ( BOUNDED_CURVE() B_SPLINE_CURVE(2,(#270,#271,#272),
.UNSPECIFIED.,.F.,.F.) B_SPLINE_CURVE_WITH_KNOTS((3,3),(3.14159265359,
4.712388980385),.PIECEWISE_BEZIER_KNOTS.) CURVE() 
GEOMETRIC_REPRESENTATION_ITEM() RATIONAL_B_SPLINE_CURVE((1.,
0.707106781187,1.)) REPRESENTATION_ITEM('') );
#270 = CARTESIAN_POINT('',(-0.6,-0.75,3.00001E-02));
#271 = CARTESIAN_POINT('',(-0.6,-0.8,3.00001E-02));
#272 = CARTESIAN_POINT('',(-0.55,-0.8,3.00001E-02));
#273 = ORIENTED_EDGE('',*,*,#274,.F.);
#274 = EDGE_CURVE('',#82,#267,#275,.T.);
#275 = B_SPLINE_CURVE_WITH_KNOTS('',1,(#276,#277),.UNSPECIFIED.,.F.,.F.,
  (2,2),(1.365,1.5),.PIECEWISE_BEZIER_KNOTS.);
#276 = CARTESIAN_POINT('',(-0.6,-0.615,3.00001E-02));
#277 = CARTESIAN_POINT('',(-0.6,-0.75,3.00001E-02));
#278 = FACE_BOUND('',#279,.T.);
#279 = EDGE_LOOP('',(#280,#306,#313,#320,#327));
#280 = ORIENTED_EDGE('',*,*,#281,.T.);
#281 = EDGE_CURVE('',#282,#284,#286,.T.);
#282 = VERTEX_POINT('',#283);
#283 = CARTESIAN_POINT('',(-0.227779139489,-0.281936523577,3.00001E-02)
  );
#284 = VERTEX_POINT('',#285);
#285 = CARTESIAN_POINT('',(-0.121186151684,-0.384451767479,3.00001E-02)
  );
#286 = B_SPLINE_CURVE_WITH_KNOTS('',3,(#287,#288,#289,#290,#291,#292,
    #293,#294,#295,#296,#297,#298,#299,#300,#301,#302,#303,#304,#305),
  .UNSPECIFIED.,.F.,.F.,(4,1,1,1,1,1,1,1,1,1,1,1,1,1,1,1,4),(0.,
    6.806869584499E-02,0.133427432819,0.196146033813,0.257048592449,
    0.316882663159,0.376187208666,0.435960335364,0.496535236863,
    0.557465343481,0.61768686341,0.677943640697,0.738805284806,
    0.800949336767,0.86481466747,0.931024781079,1.),.UNSPECIFIED.);
#287 = CARTESIAN_POINT('',(-0.227779139489,-0.281936523577,3.00001E-02)
  );
#288 = CARTESIAN_POINT('',(-0.227698366049,-0.285714040478,3.00001E-02)
  );
#289 = CARTESIAN_POINT('',(-0.227540034929,-0.293118683337,3.00001E-02)
  );
#290 = CARTESIAN_POINT('',(-0.226092879203,-0.303925122352,3.00001E-02)
  );
#291 = CARTESIAN_POINT('',(-0.223782739986,-0.314164528941,3.00001E-02)
  );
#292 = CARTESIAN_POINT('',(-0.220539987614,-0.323831085908,3.00001E-02)
  );
#293 = CARTESIAN_POINT('',(-0.216341570392,-0.332917820978,3.00001E-02)
  );
#294 = CARTESIAN_POINT('',(-0.21113615846,-0.341391536383,3.00001E-02));
#295 = CARTESIAN_POINT('',(-0.205064048372,-0.349316841403,3.00001E-02)
  );
#296 = CARTESIAN_POINT('',(-0.198083638458,-0.356585152856,3.00001E-02)
  );
#297 = CARTESIAN_POINT('',(-0.190363808144,-0.363090265686,3.00001E-02)
  );
#298 = CARTESIAN_POINT('',(-0.182108840888,-0.368875628138,3.00001E-02)
  );
#299 = CARTESIAN_POINT('',(-0.173247805436,-0.37368249327,3.00001E-02));
#300 = CARTESIAN_POINT('',(-0.163856383744,-0.377609930793,3.00001E-02)
  );
#301 = CARTESIAN_POINT('',(-0.153951001429,-0.380728081406,3.00001E-02)
  );
#302 = CARTESIAN_POINT('',(-0.143488729883,-0.382851077097,3.00001E-02)
  );
#303 = CARTESIAN_POINT('',(-0.132517117776,-0.384246760818,3.00001E-02)
  );
#304 = CARTESIAN_POINT('',(-0.12501429508,-0.384382506404,3.00001E-02));
#305 = CARTESIAN_POINT('',(-0.121186151684,-0.384451767479,3.00001E-02)
  );
#306 = ORIENTED_EDGE('',*,*,#307,.T.);
#307 = EDGE_CURVE('',#284,#308,#310,.T.);
#308 = VERTEX_POINT('',#309);
#309 = CARTESIAN_POINT('',(-6.680352973325E-02,-0.384451767479,
    3.00001E-02));
#310 = B_SPLINE_CURVE_WITH_KNOTS('',1,(#311,#312),.UNSPECIFIED.,.F.,.F.,
  (2,2),(0.,5.438262195122E-02),.PIECEWISE_BEZIER_KNOTS.);
#311 = CARTESIAN_POINT('',(-0.121186151684,-0.384451767479,3.00001E-02)
  );
#312 = CARTESIAN_POINT('',(-6.680352973325E-02,-0.384451767479,
    3.00001E-02));
#313 = ORIENTED_EDGE('',*,*,#314,.T.);
#314 = EDGE_CURVE('',#308,#315,#317,.T.);
#315 = VERTEX_POINT('',#316);
#316 = CARTESIAN_POINT('',(-6.680352973325E-02,-0.184451767479,
    3.00001E-02));
#317 = B_SPLINE_CURVE_WITH_KNOTS('',1,(#318,#319),.UNSPECIFIED.,.F.,.F.,
  (2,2),(0.,0.2),.PIECEWISE_BEZIER_KNOTS.);
#318 = CARTESIAN_POINT('',(-6.680352973325E-02,-0.384451767479,
    3.00001E-02));
#319 = CARTESIAN_POINT('',(-6.680352973325E-02,-0.184451767479,
    3.00001E-02));
#320 = ORIENTED_EDGE('',*,*,#321,.T.);
#321 = EDGE_CURVE('',#315,#322,#324,.T.);
#322 = VERTEX_POINT('',#323);
#323 = CARTESIAN_POINT('',(-0.123244078514,-0.184451767479,3.00001E-02)
  );
#324 = B_SPLINE_CURVE_WITH_KNOTS('',1,(#325,#326),.UNSPECIFIED.,.F.,.F.,
  (2,2),(0.,5.644054878049E-02),.PIECEWISE_BEZIER_KNOTS.);
#325 = CARTESIAN_POINT('',(-6.680352973325E-02,-0.184451767479,
    3.00001E-02));
#326 = CARTESIAN_POINT('',(-0.123244078514,-0.184451767479,3.00001E-02)
  );
#327 = ORIENTED_EDGE('',*,*,#328,.T.);
#328 = EDGE_CURVE('',#322,#282,#329,.T.);
#329 = B_SPLINE_CURVE_WITH_KNOTS('',3,(#330,#331,#332,#333,#334,#335,
    #336,#337,#338,#339,#340,#341,#342,#343,#344,#345,#346,#347,#348),
  .UNSPECIFIED.,.F.,.F.,(4,1,1,1,1,1,1,1,1,1,1,1,1,1,1,1,4),(0.,
    6.86311786766E-02,0.134566466039,0.198328154011,0.260789766641,
    0.321999151484,0.382721746503,0.443537474036,0.505133429485,
    0.566213874765,0.626105864618,0.685349322161,0.744995870348,
    0.805415841815,0.867636266346,0.932307782302,1.),.UNSPECIFIED.);
#330 = CARTESIAN_POINT('',(-0.123244078514,-0.184451767479,3.00001E-02)
  );
#331 = CARTESIAN_POINT('',(-0.126918451327,-0.18453366587,3.00001E-02));
#332 = CARTESIAN_POINT('',(-0.134122864451,-0.184694245612,3.00001E-02)
  );
#333 = CARTESIAN_POINT('',(-0.144687693288,-0.185914036661,3.00001E-02)
  );
#334 = CARTESIAN_POINT('',(-0.15476686189,-0.188030770622,3.00001E-02));
#335 = CARTESIAN_POINT('',(-0.164388087297,-0.190918470368,3.00001E-02)
  );
#336 = CARTESIAN_POINT('',(-0.173562514106,-0.194607475277,3.00001E-02)
  );
#337 = CARTESIAN_POINT('',(-0.182203711667,-0.199228813622,3.00001E-02)
  );
#338 = CARTESIAN_POINT('',(-0.190406492478,-0.204621871342,3.00001E-02)
  );
#339 = CARTESIAN_POINT('',(-0.198064114972,-0.210798344999,3.00001E-02)
  );
#340 = CARTESIAN_POINT('',(-0.205043770083,-0.217665975897,3.00001E-02)
  );
#341 = CARTESIAN_POINT('',(-0.211128194265,-0.225176910629,3.00001E-02)
  );
#342 = CARTESIAN_POINT('',(-0.216337406333,-0.23323069155,3.00001E-02));
#343 = CARTESIAN_POINT('',(-0.220529451191,-0.24189099912,3.00001E-02));
#344 = CARTESIAN_POINT('',(-0.223784448881,-0.251111171605,3.00001E-02)
  );
#345 = CARTESIAN_POINT('',(-0.226089411712,-0.260884523194,3.00001E-02)
  );
#346 = CARTESIAN_POINT('',(-0.227543201252,-0.271222123411,3.00001E-02)
  );
#347 = CARTESIAN_POINT('',(-0.227699305911,-0.278311130263,3.00001E-02)
  );
#348 = CARTESIAN_POINT('',(-0.227779139489,-0.281936523577,3.00001E-02)
  );
#349 = FACE_BOUND('',#350,.T.);
#350 = EDGE_LOOP('',(#351,#360,#367,#374,#381,#388,#395,#402,#409,#416,
    #423,#430));
#351 = ORIENTED_EDGE('',*,*,#352,.T.);
#352 = EDGE_CURVE('',#353,#355,#357,.T.);
#353 = VERTEX_POINT('',#354);
#354 = CARTESIAN_POINT('',(5.27086653887E-02,-0.362500547967,3.00001E-02
    ));
#355 = VERTEX_POINT('',#356);
#356 = CARTESIAN_POINT('',(-2.777913948935E-02,-0.362500547967,
    3.00001E-02));
#357 = B_SPLINE_CURVE_WITH_KNOTS('',1,(#358,#359),.UNSPECIFIED.,.F.,.F.,
  (2,2),(0.,8.048780487805E-02),.PIECEWISE_BEZIER_KNOTS.);
#358 = CARTESIAN_POINT('',(5.27086653887E-02,-0.362500547967,3.00001E-02
    ));
#359 = CARTESIAN_POINT('',(-2.777913948935E-02,-0.362500547967,
    3.00001E-02));
#360 = ORIENTED_EDGE('',*,*,#361,.T.);
#361 = EDGE_CURVE('',#355,#362,#364,.T.);
#362 = VERTEX_POINT('',#363);
#363 = CARTESIAN_POINT('',(-2.777913948935E-02,-0.384451767479,
    3.00001E-02));
#364 = B_SPLINE_CURVE_WITH_KNOTS('',1,(#365,#366),.UNSPECIFIED.,.F.,.F.,
  (2,2),(5.551115123126E-17,2.19512195122E-02),
  .PIECEWISE_BEZIER_KNOTS.);
#365 = CARTESIAN_POINT('',(-2.777913948935E-02,-0.362500547967,
    3.00001E-02));
#366 = CARTESIAN_POINT('',(-2.777913948935E-02,-0.384451767479,
    3.00001E-02));
#367 = ORIENTED_EDGE('',*,*,#368,.T.);
#368 = EDGE_CURVE('',#362,#369,#371,.T.);
#369 = VERTEX_POINT('',#370);
#370 = CARTESIAN_POINT('',(7.953793368138E-02,-0.384451767479,
    3.00001E-02));
#371 = B_SPLINE_CURVE_WITH_KNOTS('',1,(#372,#373),.UNSPECIFIED.,.F.,.F.,
  (2,2),(0.,0.107317073171),.PIECEWISE_BEZIER_KNOTS.);
#372 = CARTESIAN_POINT('',(-2.777913948935E-02,-0.384451767479,
    3.00001E-02));
#373 = CARTESIAN_POINT('',(7.953793368138E-02,-0.384451767479,
    3.00001E-02));
#374 = ORIENTED_EDGE('',*,*,#375,.T.);
#375 = EDGE_CURVE('',#369,#376,#378,.T.);
#376 = VERTEX_POINT('',#377);
#377 = CARTESIAN_POINT('',(7.953793368138E-02,-0.184451767479,
    3.00001E-02));
#378 = B_SPLINE_CURVE_WITH_KNOTS('',1,(#379,#380),.UNSPECIFIED.,.F.,.F.,
  (2,2),(0.,0.2),.PIECEWISE_BEZIER_KNOTS.);
#379 = CARTESIAN_POINT('',(7.953793368138E-02,-0.384451767479,
    3.00001E-02));
#380 = CARTESIAN_POINT('',(7.953793368138E-02,-0.184451767479,
    3.00001E-02));
#381 = ORIENTED_EDGE('',*,*,#382,.T.);
#382 = EDGE_CURVE('',#376,#383,#385,.T.);
#383 = VERTEX_POINT('',#384);
#384 = CARTESIAN_POINT('',(-2.290109070886E-02,-0.184451767479,
    3.00001E-02));
#385 = B_SPLINE_CURVE_WITH_KNOTS('',1,(#386,#387),.UNSPECIFIED.,.F.,.F.,
  (2,2),(0.,0.10243902439),.PIECEWISE_BEZIER_KNOTS.);
#386 = CARTESIAN_POINT('',(7.953793368138E-02,-0.184451767479,
    3.00001E-02));
#387 = CARTESIAN_POINT('',(-2.290109070886E-02,-0.184451767479,
    3.00001E-02));
#388 = ORIENTED_EDGE('',*,*,#389,.T.);
#389 = EDGE_CURVE('',#383,#390,#392,.T.);
#390 = VERTEX_POINT('',#391);
#391 = CARTESIAN_POINT('',(-2.290109070886E-02,-0.206402986992,
    3.00001E-02));
#392 = B_SPLINE_CURVE_WITH_KNOTS('',1,(#393,#394),.UNSPECIFIED.,.F.,.F.,
  (2,2),(0.,2.19512195122E-02),.PIECEWISE_BEZIER_KNOTS.);
#393 = CARTESIAN_POINT('',(-2.290109070886E-02,-0.184451767479,
    3.00001E-02));
#394 = CARTESIAN_POINT('',(-2.290109070886E-02,-0.206402986992,
    3.00001E-02));
#395 = ORIENTED_EDGE('',*,*,#396,.T.);
#396 = EDGE_CURVE('',#390,#397,#399,.T.);
#397 = VERTEX_POINT('',#398);
#398 = CARTESIAN_POINT('',(5.27086653887E-02,-0.206402986992,3.00001E-02
    ));
#399 = B_SPLINE_CURVE_WITH_KNOTS('',1,(#400,#401),.UNSPECIFIED.,.F.,.F.,
  (2,2),(0.,7.560975609756E-02),.PIECEWISE_BEZIER_KNOTS.);
#400 = CARTESIAN_POINT('',(-2.290109070886E-02,-0.206402986992,
    3.00001E-02));
#401 = CARTESIAN_POINT('',(5.27086653887E-02,-0.206402986992,3.00001E-02
    ));
#402 = ORIENTED_EDGE('',*,*,#403,.T.);
#403 = EDGE_CURVE('',#397,#404,#406,.T.);
#404 = VERTEX_POINT('',#405);
#405 = CARTESIAN_POINT('',(5.27086653887E-02,-0.272256645528,3.00001E-02
    ));
#406 = B_SPLINE_CURVE_WITH_KNOTS('',1,(#407,#408),.UNSPECIFIED.,.F.,.F.,
  (2,2),(0.,6.585365853659E-02),.PIECEWISE_BEZIER_KNOTS.);
#407 = CARTESIAN_POINT('',(5.27086653887E-02,-0.206402986992,3.00001E-02
    ));
#408 = CARTESIAN_POINT('',(5.27086653887E-02,-0.272256645528,3.00001E-02
    ));
#409 = ORIENTED_EDGE('',*,*,#410,.T.);
#410 = EDGE_CURVE('',#404,#411,#413,.T.);
#411 = VERTEX_POINT('',#412);
#412 = CARTESIAN_POINT('',(-1.802304192838E-02,-0.272256645528,
    3.00001E-02));
#413 = B_SPLINE_CURVE_WITH_KNOTS('',1,(#414,#415),.UNSPECIFIED.,.F.,.F.,
  (2,2),(0.,7.073170731707E-02),.PIECEWISE_BEZIER_KNOTS.);
#414 = CARTESIAN_POINT('',(5.27086653887E-02,-0.272256645528,3.00001E-02
    ));
#415 = CARTESIAN_POINT('',(-1.802304192838E-02,-0.272256645528,
    3.00001E-02));
#416 = ORIENTED_EDGE('',*,*,#417,.T.);
#417 = EDGE_CURVE('',#411,#418,#420,.T.);
#418 = VERTEX_POINT('',#419);
#419 = CARTESIAN_POINT('',(-1.802304192838E-02,-0.29420786504,
    3.00001E-02));
#420 = B_SPLINE_CURVE_WITH_KNOTS('',1,(#421,#422),.UNSPECIFIED.,.F.,.F.,
  (2,2),(0.,2.19512195122E-02),.PIECEWISE_BEZIER_KNOTS.);
#421 = CARTESIAN_POINT('',(-1.802304192838E-02,-0.272256645528,
    3.00001E-02));
#422 = CARTESIAN_POINT('',(-1.802304192838E-02,-0.29420786504,
    3.00001E-02));
#423 = ORIENTED_EDGE('',*,*,#424,.T.);
#424 = EDGE_CURVE('',#418,#425,#427,.T.);
#425 = VERTEX_POINT('',#426);
#426 = CARTESIAN_POINT('',(5.27086653887E-02,-0.29420786504,3.00001E-02)
  );
#427 = B_SPLINE_CURVE_WITH_KNOTS('',1,(#428,#429),.UNSPECIFIED.,.F.,.F.,
  (2,2),(0.,7.073170731707E-02),.PIECEWISE_BEZIER_KNOTS.);
#428 = CARTESIAN_POINT('',(-1.802304192838E-02,-0.29420786504,
    3.00001E-02));
#429 = CARTESIAN_POINT('',(5.27086653887E-02,-0.29420786504,3.00001E-02)
  );
#430 = ORIENTED_EDGE('',*,*,#431,.T.);
#431 = EDGE_CURVE('',#425,#353,#432,.T.);
#432 = B_SPLINE_CURVE_WITH_KNOTS('',1,(#433,#434),.UNSPECIFIED.,.F.,.F.,
  (2,2),(0.,6.829268292683E-02),.PIECEWISE_BEZIER_KNOTS.);
#433 = CARTESIAN_POINT('',(5.27086653887E-02,-0.29420786504,3.00001E-02)
  );
#434 = CARTESIAN_POINT('',(5.27086653887E-02,-0.362500547967,3.00001E-02
    ));
#435 = FACE_BOUND('',#436,.T.);
#436 = EDGE_LOOP('',(#437,#455,#462,#478,#502,#526,#542,#549,#565,#589)
  );
#437 = ORIENTED_EDGE('',*,*,#438,.T.);
#438 = EDGE_CURVE('',#439,#441,#443,.T.);
#439 = VERTEX_POINT('',#440);
#440 = CARTESIAN_POINT('',(0.169896165389,-0.364939572357,3.00001E-02));
#441 = VERTEX_POINT('',#442);
#442 = CARTESIAN_POINT('',(0.118562323925,-0.352134694309,3.00001E-02));
#443 = B_SPLINE_CURVE_WITH_KNOTS('',3,(#444,#445,#446,#447,#448,#449,
    #450,#451,#452,#453,#454),.UNSPECIFIED.,.F.,.F.,(4,1,1,1,1,1,1,1,4),
  (0.,0.135294604763,0.266765657925,0.394816018836,0.520051654434,
    0.642175702971,0.762651820558,0.881834004381,1.),.UNSPECIFIED.);
#444 = CARTESIAN_POINT('',(0.169896165389,-0.364939572357,3.00001E-02));
#445 = CARTESIAN_POINT('',(0.167481081276,-0.364907864248,3.00001E-02));
#446 = CARTESIAN_POINT('',(0.162719165577,-0.36484534413,3.00001E-02));
#447 = CARTESIAN_POINT('',(0.155696789209,-0.36420374914,3.00001E-02));
#448 = CARTESIAN_POINT('',(0.148894743452,-0.363238105277,3.00001E-02));
#449 = CARTESIAN_POINT('',(0.142342593281,-0.361816762332,3.00001E-02));
#450 = CARTESIAN_POINT('',(0.136017874486,-0.360037561762,3.00001E-02));
#451 = CARTESIAN_POINT('',(0.129956443889,-0.357802749541,3.00001E-02));
#452 = CARTESIAN_POINT('',(0.124093532198,-0.355250131864,3.00001E-02));
#453 = CARTESIAN_POINT('',(0.120400789951,-0.353170205144,3.00001E-02));
#454 = CARTESIAN_POINT('',(0.118562323925,-0.352134694309,3.00001E-02));
#455 = ORIENTED_EDGE('',*,*,#456,.T.);
#456 = EDGE_CURVE('',#441,#457,#459,.T.);
#457 = VERTEX_POINT('',#458);
#458 = CARTESIAN_POINT('',(0.118562323925,-0.374085913821,3.00001E-02));
#459 = B_SPLINE_CURVE_WITH_KNOTS('',1,(#460,#461),.UNSPECIFIED.,.F.,.F.,
  (2,2),(0.,2.19512195122E-02),.PIECEWISE_BEZIER_KNOTS.);
#460 = CARTESIAN_POINT('',(0.118562323925,-0.352134694309,3.00001E-02));
#461 = CARTESIAN_POINT('',(0.118562323925,-0.374085913821,3.00001E-02));
#462 = ORIENTED_EDGE('',*,*,#463,.T.);
#463 = EDGE_CURVE('',#457,#464,#466,.T.);
#464 = VERTEX_POINT('',#465);
#465 = CARTESIAN_POINT('',(0.17359281173,-0.38689079187,3.00001E-02));
#466 = B_SPLINE_CURVE_WITH_KNOTS('',3,(#467,#468,#469,#470,#471,#472,
    #473,#474,#475,#476,#477),.UNSPECIFIED.,.F.,.F.,(4,1,1,1,1,1,1,1,4),
  (0.,0.112448389909,0.226527675213,0.344401949326,0.465864972487,
    0.591659449352,0.722168487025,0.858606387555,1.),.UNSPECIFIED.);
#467 = CARTESIAN_POINT('',(0.118562323925,-0.374085913821,3.00001E-02));
#468 = CARTESIAN_POINT('',(0.12043900208,-0.375121763755,3.00001E-02));
#469 = CARTESIAN_POINT('',(0.124219576795,-0.377208487074,3.00001E-02));
#470 = CARTESIAN_POINT('',(0.130265509692,-0.379783305096,3.00001E-02));
#471 = CARTESIAN_POINT('',(0.136627296276,-0.382004206818,3.00001E-02));
#472 = CARTESIAN_POINT('',(0.143360618772,-0.383775176731,3.00001E-02));
#473 = CARTESIAN_POINT('',(0.150420716035,-0.38519845988,3.00001E-02));
#474 = CARTESIAN_POINT('',(0.157844997882,-0.386162500558,3.00001E-02));
#475 = CARTESIAN_POINT('',(0.165604051668,-0.38679709716,3.00001E-02));
#476 = CARTESIAN_POINT('',(0.170898413003,-0.386859191107,3.00001E-02));
#477 = CARTESIAN_POINT('',(0.17359281173,-0.38689079187,3.00001E-02));
#478 = ORIENTED_EDGE('',*,*,#479,.T.);
#479 = EDGE_CURVE('',#464,#480,#482,.T.);
#480 = VERTEX_POINT('',#481);
#481 = CARTESIAN_POINT('',(0.26734281173,-0.288224633333,3.00001E-02));
#482 = B_SPLINE_CURVE_WITH_KNOTS('',3,(#483,#484,#485,#486,#487,#488,
    #489,#490,#491,#492,#493,#494,#495,#496,#497,#498,#499,#500,#501),
  .UNSPECIFIED.,.F.,.F.,(4,1,1,1,1,1,1,1,1,1,1,1,1,1,1,1,4),(0.,
    6.783324845577E-02,0.132655536508,0.195050884051,0.255582933069,
    0.314799834147,0.373600472826,0.432545595327,0.492430629284,
    0.552671255963,0.612513044188,0.672610250357,0.733838369314,
    0.796594238568,0.861449799291,0.929198942351,1.),.UNSPECIFIED.);
#483 = CARTESIAN_POINT('',(0.17359281173,-0.38689079187,3.00001E-02));
#484 = CARTESIAN_POINT('',(0.17706462404,-0.386813360453,3.00001E-02));
#485 = CARTESIAN_POINT('',(0.183854142973,-0.386661934619,3.00001E-02));
#486 = CARTESIAN_POINT('',(0.193772635347,-0.385388224168,3.00001E-02));
#487 = CARTESIAN_POINT('',(0.203155890703,-0.383261721188,3.00001E-02));
#488 = CARTESIAN_POINT('',(0.21200064995,-0.380273906326,3.00001E-02));
#489 = CARTESIAN_POINT('',(0.220337856202,-0.376498490786,3.00001E-02));
#490 = CARTESIAN_POINT('',(0.228124321898,-0.371831704707,3.00001E-02));
#491 = CARTESIAN_POINT('',(0.235308519632,-0.366236795631,3.00001E-02));
#492 = CARTESIAN_POINT('',(0.241985515231,-0.359939297425,3.00001E-02));
#493 = CARTESIAN_POINT('',(0.247943185558,-0.352893276012,3.00001E-02));
#494 = CARTESIAN_POINT('',(0.253158001622,-0.345271939049,3.00001E-02));
#495 = CARTESIAN_POINT('',(0.257569711338,-0.337098991523,3.00001E-02));
#496 = CARTESIAN_POINT('',(0.261149515638,-0.328369946586,3.00001E-02));
#497 = CARTESIAN_POINT('',(0.263939242321,-0.319102523467,3.00001E-02));
#498 = CARTESIAN_POINT('',(0.265890149686,-0.309288380181,3.00001E-02));
#499 = CARTESIAN_POINT('',(0.267157977147,-0.298941285804,3.00001E-02));
#500 = CARTESIAN_POINT('',(0.267280302032,-0.291848926472,3.00001E-02));
#501 = CARTESIAN_POINT('',(0.26734281173,-0.288224633333,3.00001E-02));
#502 = ORIENTED_EDGE('',*,*,#503,.T.);
#503 = EDGE_CURVE('',#480,#504,#506,.T.);
#504 = VERTEX_POINT('',#505);
#505 = CARTESIAN_POINT('',(0.165627872706,-0.182012743089,3.00001E-02));
#506 = B_SPLINE_CURVE_WITH_KNOTS('',3,(#507,#508,#509,#510,#511,#512,
    #513,#514,#515,#516,#517,#518,#519,#520,#521,#522,#523,#524,#525),
  .UNSPECIFIED.,.F.,.F.,(4,1,1,1,1,1,1,1,1,1,1,1,1,1,1,1,4),(0.,
    7.064371857535E-02,0.138256715509,0.203364124218,0.266324093803,
    0.327904761543,0.388737715173,0.449423528109,0.510861011459,
    0.572079396048,0.631734428731,0.691117210579,0.75036002949,
    0.810032900531,0.871362450829,0.934427141231,1.),.UNSPECIFIED.);
#507 = CARTESIAN_POINT('',(0.26734281173,-0.288224633333,3.00001E-02));
#508 = CARTESIAN_POINT('',(0.267255707039,-0.284333531111,3.00001E-02));
#509 = CARTESIAN_POINT('',(0.267085234579,-0.276718260797,3.00001E-02));
#510 = CARTESIAN_POINT('',(0.265730211442,-0.265582869122,3.00001E-02));
#511 = CARTESIAN_POINT('',(0.263506839761,-0.255024070031,3.00001E-02));
#512 = CARTESIAN_POINT('',(0.260324902893,-0.245057891495,3.00001E-02));
#513 = CARTESIAN_POINT('',(0.25627296485,-0.235670863578,3.00001E-02));
#514 = CARTESIAN_POINT('',(0.251347581887,-0.226850495999,3.00001E-02));
#515 = CARTESIAN_POINT('',(0.245468721652,-0.218642234042,3.00001E-02));
#516 = CARTESIAN_POINT('',(0.238730006754,-0.211101868838,3.00001E-02));
#517 = CARTESIAN_POINT('',(0.231354415809,-0.204267167538,3.00001E-02));
#518 = CARTESIAN_POINT('',(0.223396184374,-0.198303082976,3.00001E-02));
#519 = CARTESIAN_POINT('',(0.214951308392,-0.193262933198,3.00001E-02));
#520 = CARTESIAN_POINT('',(0.206031741173,-0.189113481916,3.00001E-02));
#521 = CARTESIAN_POINT('',(0.196604692906,-0.185946029343,3.00001E-02));
#522 = CARTESIAN_POINT('',(0.18671427015,-0.183671249046,3.00001E-02));
#523 = CARTESIAN_POINT('',(0.176326410525,-0.182261663367,3.00001E-02));
#524 = CARTESIAN_POINT('',(0.1692401081,-0.182096788092,3.00001E-02));
#525 = CARTESIAN_POINT('',(0.165627872706,-0.182012743089,3.00001E-02));
#526 = ORIENTED_EDGE('',*,*,#527,.T.);
#527 = EDGE_CURVE('',#504,#528,#530,.T.);
#528 = VERTEX_POINT('',#529);
#529 = CARTESIAN_POINT('',(0.118562323925,-0.189939572357,3.00001E-02));
#530 = B_SPLINE_CURVE_WITH_KNOTS('',3,(#531,#532,#533,#534,#535,#536,
    #537,#538,#539,#540,#541),.UNSPECIFIED.,.F.,.F.,(4,1,1,1,1,1,1,1,4),
  (0.,0.145186866472,0.28344261092,0.416524365929,0.543181123535,
    0.665153082638,0.781360206313,0.892756655642,1.),.UNSPECIFIED.);
#531 = CARTESIAN_POINT('',(0.165627872706,-0.182012743089,3.00001E-02));
#532 = CARTESIAN_POINT('',(0.163302500581,-0.182029411976,3.00001E-02));
#533 = CARTESIAN_POINT('',(0.158762768011,-0.182061953989,3.00001E-02));
#534 = CARTESIAN_POINT('',(0.152102919018,-0.182470033842,3.00001E-02));
#535 = CARTESIAN_POINT('',(0.145753463592,-0.183046775586,3.00001E-02));
#536 = CARTESIAN_POINT('',(0.139705213324,-0.183946099933,3.00001E-02));
#537 = CARTESIAN_POINT('',(0.133958479428,-0.185016651811,3.00001E-02));
#538 = CARTESIAN_POINT('',(0.128534790036,-0.186412167517,3.00001E-02));
#539 = CARTESIAN_POINT('',(0.123400050769,-0.187975832374,3.00001E-02));
#540 = CARTESIAN_POINT('',(0.120154348627,-0.189293334431,3.00001E-02));
#541 = CARTESIAN_POINT('',(0.118562323925,-0.189939572357,3.00001E-02));
#542 = ORIENTED_EDGE('',*,*,#543,.T.);
#543 = EDGE_CURVE('',#528,#544,#546,.T.);
#544 = VERTEX_POINT('',#545);
#545 = CARTESIAN_POINT('',(0.118562323925,-0.21676884065,3.00001E-02));
#546 = B_SPLINE_CURVE_WITH_KNOTS('',1,(#547,#548),.UNSPECIFIED.,.F.,.F.,
  (2,2),(0.,2.682926829268E-02),.PIECEWISE_BEZIER_KNOTS.);
#547 = CARTESIAN_POINT('',(0.118562323925,-0.189939572357,3.00001E-02));
#548 = CARTESIAN_POINT('',(0.118562323925,-0.21676884065,3.00001E-02));
#549 = ORIENTED_EDGE('',*,*,#550,.T.);
#550 = EDGE_CURVE('',#544,#551,#553,.T.);
#551 = VERTEX_POINT('',#552);
#552 = CARTESIAN_POINT('',(0.165399214169,-0.203963962601,3.00001E-02));
#553 = B_SPLINE_CURVE_WITH_KNOTS('',3,(#554,#555,#556,#557,#558,#559,
    #560,#561,#562,#563,#564),.UNSPECIFIED.,.F.,.F.,(4,1,1,1,1,1,1,1,4),
  (0.,0.125279696736,0.249419970742,0.373356799493,0.496681278782,
    0.620202915744,0.745086320161,0.871269195019,1.),.UNSPECIFIED.);
#554 = CARTESIAN_POINT('',(0.118562323925,-0.21676884065,3.00001E-02));
#555 = CARTESIAN_POINT('',(0.120338401051,-0.215736806052,3.00001E-02));
#556 = CARTESIAN_POINT('',(0.123874401825,-0.213682123242,3.00001E-02));
#557 = CARTESIAN_POINT('',(0.129435888148,-0.211113365357,3.00001E-02));
#558 = CARTESIAN_POINT('',(0.135104536778,-0.208885337722,3.00001E-02));
#559 = CARTESIAN_POINT('',(0.140920031089,-0.207106737556,3.00001E-02));
#560 = CARTESIAN_POINT('',(0.146845770088,-0.205670504272,3.00001E-02));
#561 = CARTESIAN_POINT('',(0.152912827156,-0.204707182129,3.00001E-02));
#562 = CARTESIAN_POINT('',(0.15910970737,-0.204059055411,3.00001E-02));
#563 = CARTESIAN_POINT('',(0.163288788227,-0.203995870721,3.00001E-02));
#564 = CARTESIAN_POINT('',(0.165399214169,-0.203963962601,3.00001E-02));
#565 = ORIENTED_EDGE('',*,*,#566,.T.);
#566 = EDGE_CURVE('',#551,#567,#569,.T.);
#567 = VERTEX_POINT('',#568);
#568 = CARTESIAN_POINT('',(0.240513543437,-0.286585913821,3.00001E-02));
#569 = B_SPLINE_CURVE_WITH_KNOTS('',3,(#570,#571,#572,#573,#574,#575,
    #576,#577,#578,#579,#580,#581,#582,#583,#584,#585,#586,#587,#588),
  .UNSPECIFIED.,.F.,.F.,(4,1,1,1,1,1,1,1,1,1,1,1,1,1,1,1,4),(0.,
    6.460397028839E-02,0.126702413963,0.186756814036,0.245505687365,
    0.30365202445,0.361503073971,0.420240222928,0.480033340777,
    0.540678134776,0.601191806381,0.662333502477,0.724739510297,
    0.789467736173,0.856504860044,0.926312095839,1.),.UNSPECIFIED.);
#570 = CARTESIAN_POINT('',(0.165399214169,-0.203963962601,3.00001E-02));
#571 = CARTESIAN_POINT('',(0.168109086542,-0.204022229818,3.00001E-02));
#572 = CARTESIAN_POINT('',(0.173423734692,-0.204136504484,3.00001E-02));
#573 = CARTESIAN_POINT('',(0.181188030234,-0.205258470421,3.00001E-02));
#574 = CARTESIAN_POINT('',(0.188593508871,-0.206937058267,3.00001E-02));
#575 = CARTESIAN_POINT('',(0.195610475135,-0.209393801723,3.00001E-02));
#576 = CARTESIAN_POINT('',(0.202230961228,-0.212564607792,3.00001E-02));
#577 = CARTESIAN_POINT('',(0.208449226028,-0.216461369254,3.00001E-02));
#578 = CARTESIAN_POINT('',(0.214303458239,-0.221000539729,3.00001E-02));
#579 = CARTESIAN_POINT('',(0.219704353539,-0.22623874718,3.00001E-02));
#580 = CARTESIAN_POINT('',(0.224626071494,-0.232031367935,3.00001E-02));
#581 = CARTESIAN_POINT('',(0.228850637561,-0.23841671007,3.00001E-02));
#582 = CARTESIAN_POINT('',(0.232513977605,-0.245221946087,3.00001E-02));
#583 = CARTESIAN_POINT('',(0.23544757319,-0.252566472134,3.00001E-02));
#584 = CARTESIAN_POINT('',(0.237719473039,-0.260393936908,3.00001E-02));
#585 = CARTESIAN_POINT('',(0.239359305845,-0.268693659841,3.00001E-02));
#586 = CARTESIAN_POINT('',(0.240309402381,-0.277480948525,3.00001E-02));
#587 = CARTESIAN_POINT('',(0.240444280542,-0.283496695632,3.00001E-02));
#588 = CARTESIAN_POINT('',(0.240513543437,-0.286585913821,3.00001E-02));
#589 = ORIENTED_EDGE('',*,*,#590,.T.);
#590 = EDGE_CURVE('',#567,#439,#591,.T.);
#591 = B_SPLINE_CURVE_WITH_KNOTS('',3,(#592,#593,#594,#595,#596,#597,
    #598,#599,#600,#601,#602,#603,#604,#605,#606,#607,#608,#609,#610),
  .UNSPECIFIED.,.F.,.F.,(4,1,1,1,1,1,1,1,1,1,1,1,1,1,1,1,4),(0.,
    7.377411937406E-02,0.144079114726,0.211348518309,0.27607688574,
    0.33852091582,0.399885116693,0.460254067465,0.520588964391,
    0.580207684563,0.638632908553,0.696364549491,0.75400177466,
    0.812805681374,0.872754425526,0.935181996978,1.),.UNSPECIFIED.);
#592 = CARTESIAN_POINT('',(0.240513543437,-0.286585913821,3.00001E-02));
#593 = CARTESIAN_POINT('',(0.240457979467,-0.28951015496,3.00001E-02));
#594 = CARTESIAN_POINT('',(0.240349464345,-0.295221128919,3.00001E-02));
#595 = CARTESIAN_POINT('',(0.23941714702,-0.303556664503,3.00001E-02));
#596 = CARTESIAN_POINT('',(0.237906898171,-0.311438008872,3.00001E-02));
#597 = CARTESIAN_POINT('',(0.235784429832,-0.318858215108,3.00001E-02));
#598 = CARTESIAN_POINT('',(0.233016808794,-0.325810416323,3.00001E-02));
#599 = CARTESIAN_POINT('',(0.229673619577,-0.332313084494,3.00001E-02));
#600 = CARTESIAN_POINT('',(0.225676416026,-0.338336854821,3.00001E-02));
#601 = CARTESIAN_POINT('',(0.221113436067,-0.34385352667,3.00001E-02));
#602 = CARTESIAN_POINT('',(0.216047326396,-0.348800657092,3.00001E-02));
#603 = CARTESIAN_POINT('',(0.210584174808,-0.353145349157,3.00001E-02));
#604 = CARTESIAN_POINT('',(0.204712078781,-0.356771814523,3.00001E-02));
#605 = CARTESIAN_POINT('',(0.198485794645,-0.359778994699,3.00001E-02));
#606 = CARTESIAN_POINT('',(0.191877190835,-0.362103959738,3.00001E-02));
#607 = CARTESIAN_POINT('',(0.184873896773,-0.363733841767,3.00001E-02));
#608 = CARTESIAN_POINT('',(0.177509415555,-0.364743355629,3.00001E-02));
#609 = CARTESIAN_POINT('',(0.172465500391,-0.364873352741,3.00001E-02));
#610 = CARTESIAN_POINT('',(0.169896165389,-0.364939572357,3.00001E-02));
#611 = FACE_BOUND('',#612,.T.);
#612 = EDGE_LOOP('',(#613,#622,#629,#636,#643,#650));
#613 = ORIENTED_EDGE('',*,*,#614,.T.);
#614 = EDGE_CURVE('',#615,#617,#619,.T.);
#615 = VERTEX_POINT('',#616);
#616 = CARTESIAN_POINT('',(0.360025738559,-0.362500547967,3.00001E-02));
#617 = VERTEX_POINT('',#618);
#618 = CARTESIAN_POINT('',(0.284415982462,-0.362500547967,3.00001E-02));
#619 = B_SPLINE_CURVE_WITH_KNOTS('',1,(#620,#621),.UNSPECIFIED.,.F.,.F.,
  (2,2),(0.,7.560975609756E-02),.PIECEWISE_BEZIER_KNOTS.);
#620 = CARTESIAN_POINT('',(0.360025738559,-0.362500547967,3.00001E-02));
#621 = CARTESIAN_POINT('',(0.284415982462,-0.362500547967,3.00001E-02));
#622 = ORIENTED_EDGE('',*,*,#623,.T.);
#623 = EDGE_CURVE('',#617,#624,#626,.T.);
#624 = VERTEX_POINT('',#625);
#625 = CARTESIAN_POINT('',(0.284415982462,-0.384451767479,3.00001E-02));
#626 = B_SPLINE_CURVE_WITH_KNOTS('',1,(#627,#628),.UNSPECIFIED.,.F.,.F.,
  (2,2),(5.551115123126E-17,2.19512195122E-02),
  .PIECEWISE_BEZIER_KNOTS.);
#627 = CARTESIAN_POINT('',(0.284415982462,-0.362500547967,3.00001E-02));
#628 = CARTESIAN_POINT('',(0.284415982462,-0.384451767479,3.00001E-02));
#629 = ORIENTED_EDGE('',*,*,#630,.T.);
#630 = EDGE_CURVE('',#624,#631,#633,.T.);
#631 = VERTEX_POINT('',#632);
#632 = CARTESIAN_POINT('',(0.386855006852,-0.384451767479,3.00001E-02));
#633 = B_SPLINE_CURVE_WITH_KNOTS('',1,(#634,#635),.UNSPECIFIED.,.F.,.F.,
  (2,2),(0.,0.10243902439),.PIECEWISE_BEZIER_KNOTS.);
#634 = CARTESIAN_POINT('',(0.284415982462,-0.384451767479,3.00001E-02));
#635 = CARTESIAN_POINT('',(0.386855006852,-0.384451767479,3.00001E-02));
#636 = ORIENTED_EDGE('',*,*,#637,.T.);
#637 = EDGE_CURVE('',#631,#638,#640,.T.);
#638 = VERTEX_POINT('',#639);
#639 = CARTESIAN_POINT('',(0.386855006852,-0.184451767479,3.00001E-02));
#640 = B_SPLINE_CURVE_WITH_KNOTS('',1,(#641,#642),.UNSPECIFIED.,.F.,.F.,
  (2,2),(0.,0.2),.PIECEWISE_BEZIER_KNOTS.);
#641 = CARTESIAN_POINT('',(0.386855006852,-0.384451767479,3.00001E-02));
#642 = CARTESIAN_POINT('',(0.386855006852,-0.184451767479,3.00001E-02));
#643 = ORIENTED_EDGE('',*,*,#644,.T.);
#644 = EDGE_CURVE('',#638,#645,#647,.T.);
#645 = VERTEX_POINT('',#646);
#646 = CARTESIAN_POINT('',(0.360025738559,-0.184451767479,3.00001E-02));
#647 = B_SPLINE_CURVE_WITH_KNOTS('',1,(#648,#649),.UNSPECIFIED.,.F.,.F.,
  (2,2),(0.,2.682926829268E-02),.PIECEWISE_BEZIER_KNOTS.);
#648 = CARTESIAN_POINT('',(0.386855006852,-0.184451767479,3.00001E-02));
#649 = CARTESIAN_POINT('',(0.360025738559,-0.184451767479,3.00001E-02));
#650 = ORIENTED_EDGE('',*,*,#651,.T.);
#651 = EDGE_CURVE('',#645,#615,#652,.T.);
#652 = B_SPLINE_CURVE_WITH_KNOTS('',1,(#653,#654),.UNSPECIFIED.,.F.,.F.,
  (2,2),(0.,0.178048780488),.PIECEWISE_BEZIER_KNOTS.);
#653 = CARTESIAN_POINT('',(0.360025738559,-0.184451767479,3.00001E-02));
#654 = CARTESIAN_POINT('',(0.360025738559,-0.362500547967,3.00001E-02));
#655 = B_SPLINE_SURFACE_WITH_KNOTS('',1,1,(
    (#656,#657)
    ,(#658,#659
    )),.UNSPECIFIED.,.F.,.F.,.F.,(2,2),(2,2),(-5.E-02,1.15),(-1.55,
    5.E-02),.PIECEWISE_BEZIER_KNOTS.);
#656 = CARTESIAN_POINT('',(0.6,-0.8,3.00001E-02));
#657 = CARTESIAN_POINT('',(0.6,0.8,3.00001E-02));
#658 = CARTESIAN_POINT('',(-0.6,-0.8,3.00001E-02));
#659 = CARTESIAN_POINT('',(-0.6,0.8,3.00001E-02));
#660 = ADVANCED_FACE('',(#661),#700,.T.);
#661 = FACE_BOUND('',#662,.T.);
#662 = EDGE_LOOP('',(#663,#670,#694,#699));
#663 = ORIENTED_EDGE('',*,*,#664,.F.);
#664 = EDGE_CURVE('',#665,#174,#667,.T.);
#665 = VERTEX_POINT('',#666);
#666 = CARTESIAN_POINT('',(0.55,0.799240387651,3.430807570705E-02));
#667 = B_SPLINE_CURVE_WITH_KNOTS('',1,(#668,#669),.UNSPECIFIED.,.F.,.F.,
  (2,2),(-4.3744331763E-03,0.),.PIECEWISE_BEZIER_KNOTS.);
#668 = CARTESIAN_POINT('',(0.55,0.799240387651,3.430807570705E-02));
#669 = CARTESIAN_POINT('',(0.55,0.8,3.00001E-02));
#670 = ORIENTED_EDGE('',*,*,#671,.T.);
#671 = EDGE_CURVE('',#665,#672,#674,.T.);
#672 = VERTEX_POINT('',#673);
#673 = CARTESIAN_POINT('',(0.599240387651,0.75,3.430807570705E-02));
#674 = B_SPLINE_CURVE_WITH_KNOTS('',3,(#675,#676,#677,#678,#679,#680,
    #681,#682,#683,#684,#685,#686,#687,#688,#689,#690,#691,#692,#693),
  .UNSPECIFIED.,.F.,.F.,(4,3,3,3,3,3,4),(-3.421040084711E-06,
    -4.235164736272E-22,1.674850867201E-05,3.501343026414E-05,
    5.169726455322E-05,7.002686901874E-05,7.344790910346E-05),
  .UNSPECIFIED.);
#675 = CARTESIAN_POINT('',(0.55,0.799240387651,3.430807570705E-02));
#676 = CARTESIAN_POINT('',(0.551135835853,0.799222792112,
    3.440786496497E-02));
#677 = CARTESIAN_POINT('',(0.552272638183,0.799167599669,
    3.449761340395E-02));
#678 = CARTESIAN_POINT('',(0.553405540259,0.799073164868,
    3.458708708531E-02));
#679 = CARTESIAN_POINT('',(0.558951929594,0.798610837026,
    3.5025126597E-02));
#680 = CARTESIAN_POINT('',(0.564502735626,0.797188984161,
    3.538087458124E-02));
#681 = CARTESIAN_POINT('',(0.569597593077,0.794919350977,
    3.562429411094E-02));
#682 = CARTESIAN_POINT('',(0.575138329511,0.792451089716,
    3.588901662182E-02));
#683 = CARTESIAN_POINT('',(0.580310572707,0.788896858503,
    3.60284235073E-02));
#684 = CARTESIAN_POINT('',(0.584603715605,0.784603715605,
    3.60284235073E-02));
#685 = CARTESIAN_POINT('',(0.588536191541,0.780671239669,
    3.60284235073E-02));
#686 = CARTESIAN_POINT('',(0.591847668741,0.776009472401,
    3.591208337207E-02));
#687 = CARTESIAN_POINT('',(0.594265473664,0.771006140707,
    3.568931602645E-02));
#688 = CARTESIAN_POINT('',(0.596914361867,0.765524612329,
    3.544525754675E-02));
#689 = CARTESIAN_POINT('',(0.598568598146,0.759458655016,
    3.506514646271E-02));
#690 = CARTESIAN_POINT('',(0.599073164868,0.753405540259,
    3.458708708532E-02));
#691 = CARTESIAN_POINT('',(0.599167599669,0.752272638183,
    3.449761340397E-02));
#692 = CARTESIAN_POINT('',(0.599222792112,0.751135835853,
    3.440786496497E-02));
#693 = CARTESIAN_POINT('',(0.599240387651,0.75,3.430807570705E-02));
#694 = ORIENTED_EDGE('',*,*,#695,.T.);
#695 = EDGE_CURVE('',#672,#181,#696,.T.);
#696 = B_SPLINE_CURVE_WITH_KNOTS('',1,(#697,#698),.UNSPECIFIED.,.F.,.F.,
  (2,2),(-4.374433176298E-03,0.),.PIECEWISE_BEZIER_KNOTS.);
#697 = CARTESIAN_POINT('',(0.599240387651,0.75,3.430807570705E-02));
#698 = CARTESIAN_POINT('',(0.6,0.75,3.00001E-02));
#699 = ORIENTED_EDGE('',*,*,#180,.T.);
#700 = ( BOUNDED_SURFACE() B_SPLINE_SURFACE(2,1,(
    (#701,#702)
    ,(#703,#704)
,(#705,#706
    )),.UNSPECIFIED.,.F.,.F.,.F.) B_SPLINE_SURFACE_WITH_KNOTS((3,3),(2,2
    ),(1.570796326795,3.14159265359),(-6.122559028434E-03,
    9.540979117872E-18),.PIECEWISE_BEZIER_KNOTS.) 
GEOMETRIC_REPRESENTATION_ITEM() RATIONAL_B_SPLINE_SURFACE((
    (1.,1.)
    ,(0.707106781187,0.707106781187)
,(1.,1.))) REPRESENTATION_ITEM('') SURFACE() );
#701 = CARTESIAN_POINT('',(0.55,0.798936828782,3.602964359948E-02));
#702 = CARTESIAN_POINT('',(0.55,0.8,3.00001E-02));
#703 = CARTESIAN_POINT('',(0.598936828782,0.798936828782,
    3.602964359948E-02));
#704 = CARTESIAN_POINT('',(0.6,0.8,3.00001E-02));
#705 = CARTESIAN_POINT('',(0.598936828782,0.75,3.602964359948E-02));
#706 = CARTESIAN_POINT('',(0.6,0.75,3.00001E-02));
#707 = ADVANCED_FACE('',(#708),#738,.T.);
#708 = FACE_BOUND('',#709,.T.);
#709 = EDGE_LOOP('',(#710,#717,#724,#731,#736,#737));
#710 = ORIENTED_EDGE('',*,*,#711,.F.);
#711 = EDGE_CURVE('',#712,#166,#714,.T.);
#712 = VERTEX_POINT('',#713);
#713 = CARTESIAN_POINT('',(-0.55,0.799240387651,3.430807570705E-02));
#714 = B_SPLINE_CURVE_WITH_KNOTS('',1,(#715,#716),.UNSPECIFIED.,.F.,.F.,
  (2,2),(-4.374433176298E-03,0.),.PIECEWISE_BEZIER_KNOTS.);
#715 = CARTESIAN_POINT('',(-0.55,0.799240387651,3.430807570705E-02));
#716 = CARTESIAN_POINT('',(-0.55,0.8,3.00001E-02));
#717 = ORIENTED_EDGE('',*,*,#718,.T.);
#718 = EDGE_CURVE('',#712,#719,#721,.T.);
#719 = VERTEX_POINT('',#720);
#720 = CARTESIAN_POINT('',(-0.452248830016,0.701489217667,0.588682508883
    ));
#721 = B_SPLINE_CURVE_WITH_KNOTS('',1,(#722,#723),.UNSPECIFIED.,.F.,.F.,
  (2,2),(4.309935546313E-03,0.575660611249),.PIECEWISE_BEZIER_KNOTS.);
#722 = CARTESIAN_POINT('',(-0.55,0.799240387651,3.430807570705E-02));
#723 = CARTESIAN_POINT('',(-0.452248830016,0.701489217667,0.588682508883
    ));
#724 = ORIENTED_EDGE('',*,*,#725,.T.);
#725 = EDGE_CURVE('',#719,#726,#728,.T.);
#726 = VERTEX_POINT('',#727);
#727 = CARTESIAN_POINT('',(0.452248830016,0.701489217667,0.588682508883)
  );
#728 = B_SPLINE_CURVE_WITH_KNOTS('',1,(#729,#730),.UNSPECIFIED.,.F.,.F.,
  (2,2),(9.775116998394E-02,1.002248830016),.PIECEWISE_BEZIER_KNOTS.);
#729 = CARTESIAN_POINT('',(-0.452248830016,0.701489217667,0.588682508883
    ));
#730 = CARTESIAN_POINT('',(0.452248830016,0.701489217667,0.588682508883)
  );
#731 = ORIENTED_EDGE('',*,*,#732,.T.);
#732 = EDGE_CURVE('',#726,#665,#733,.T.);
#733 = B_SPLINE_CURVE_WITH_KNOTS('',1,(#734,#735),.UNSPECIFIED.,.F.,.F.,
  (2,2),(-0.387463954528,0.183886721174),.PIECEWISE_BEZIER_KNOTS.);
#734 = CARTESIAN_POINT('',(0.452248830016,0.701489217667,0.588682508883)
  );
#735 = CARTESIAN_POINT('',(0.55,0.799240387651,3.430807570705E-02));
#736 = ORIENTED_EDGE('',*,*,#664,.T.);
#737 = ORIENTED_EDGE('',*,*,#173,.T.);
#738 = B_SPLINE_SURFACE_WITH_KNOTS('',1,1,(
    (#739,#740)
    ,(#741,#742
    )),.UNSPECIFIED.,.F.,.F.,.F.,(2,2),(2,2),(0.,0.567300985573),(
    -5.970389728369E-17,1.1),.PIECEWISE_BEZIER_KNOTS.);
#739 = CARTESIAN_POINT('',(-0.55,0.8,3.00001E-02));
#740 = CARTESIAN_POINT('',(0.55,0.8,3.00001E-02));
#741 = CARTESIAN_POINT('',(-0.55,0.701489217667,0.588682508883));
#742 = CARTESIAN_POINT('',(0.55,0.701489217667,0.588682508883));
#743 = ADVANCED_FACE('',(#744),#777,.T.);
#744 = FACE_BOUND('',#745,.T.);
#745 = EDGE_LOOP('',(#746,#753,#775,#776));
#746 = ORIENTED_EDGE('',*,*,#747,.F.);
#747 = EDGE_CURVE('',#748,#159,#750,.T.);
#748 = VERTEX_POINT('',#749);
#749 = CARTESIAN_POINT('',(-0.599240387651,0.75,3.430807570705E-02));
#750 = B_SPLINE_CURVE_WITH_KNOTS('',1,(#751,#752),.UNSPECIFIED.,.F.,.F.,
  (2,2),(-4.374433176298E-03,-0.),.PIECEWISE_BEZIER_KNOTS.);
#751 = CARTESIAN_POINT('',(-0.599240387651,0.75,3.430807570705E-02));
#752 = CARTESIAN_POINT('',(-0.6,0.75,3.00001E-02));
#753 = ORIENTED_EDGE('',*,*,#754,.T.);
#754 = EDGE_CURVE('',#748,#712,#755,.T.);
#755 = B_SPLINE_CURVE_WITH_KNOTS('',3,(#756,#757,#758,#759,#760,#761,
    #762,#763,#764,#765,#766,#767,#768,#769,#770,#771,#772,#773,#774),
  .UNSPECIFIED.,.F.,.F.,(4,3,3,3,3,3,4),(-3.421040084711E-06,0.,
    1.674850867201E-05,3.501343026414E-05,5.169726455323E-05,
    7.002686901874E-05,7.344790910346E-05),.UNSPECIFIED.);
#756 = CARTESIAN_POINT('',(-0.599240387651,0.75,3.430807570705E-02));
#757 = CARTESIAN_POINT('',(-0.599222792112,0.751135835853,
    3.440786496497E-02));
#758 = CARTESIAN_POINT('',(-0.599167599669,0.752272638183,
    3.449761340395E-02));
#759 = CARTESIAN_POINT('',(-0.599073164868,0.753405540259,
    3.458708708531E-02));
#760 = CARTESIAN_POINT('',(-0.598610837026,0.758951929594,
    3.5025126597E-02));
#761 = CARTESIAN_POINT('',(-0.597188984161,0.764502735626,
    3.538087458124E-02));
#762 = CARTESIAN_POINT('',(-0.594919350977,0.769597593077,
    3.562429411094E-02));
#763 = CARTESIAN_POINT('',(-0.592451089716,0.775138329511,
    3.588901662181E-02));
#764 = CARTESIAN_POINT('',(-0.588896858503,0.780310572707,
    3.60284235073E-02));
#765 = CARTESIAN_POINT('',(-0.584603715605,0.784603715605,
    3.60284235073E-02));
#766 = CARTESIAN_POINT('',(-0.580671239669,0.788536191541,
    3.60284235073E-02));
#767 = CARTESIAN_POINT('',(-0.576009472401,0.791847668741,
    3.591208337207E-02));
#768 = CARTESIAN_POINT('',(-0.571006140707,0.794265473664,
    3.568931602645E-02));
#769 = CARTESIAN_POINT('',(-0.565524612329,0.796914361867,
    3.544525754675E-02));
#770 = CARTESIAN_POINT('',(-0.559458655016,0.798568598146,
    3.506514646273E-02));
#771 = CARTESIAN_POINT('',(-0.553405540259,0.799073164868,
    3.458708708531E-02));
#772 = CARTESIAN_POINT('',(-0.552272638183,0.799167599669,
    3.449761340395E-02));
#773 = CARTESIAN_POINT('',(-0.551135835853,0.799222792112,
    3.440786496497E-02));
#774 = CARTESIAN_POINT('',(-0.55,0.799240387651,3.430807570705E-02));
#775 = ORIENTED_EDGE('',*,*,#711,.T.);
#776 = ORIENTED_EDGE('',*,*,#165,.T.);
#777 = ( BOUNDED_SURFACE() B_SPLINE_SURFACE(2,1,(
    (#778,#779)
    ,(#780,#781)
,(#782,#783
    )),.UNSPECIFIED.,.F.,.F.,.F.) B_SPLINE_SURFACE_WITH_KNOTS((3,3),(2,2
    ),(3.14159265359,4.712388980385),(-6.122559028431E-03,
    1.127570259385E-17),.PIECEWISE_BEZIER_KNOTS.) 
GEOMETRIC_REPRESENTATION_ITEM() RATIONAL_B_SPLINE_SURFACE((
    (1.,1.)
    ,(0.707106781187,0.707106781187)
,(1.,1.))) REPRESENTATION_ITEM('') SURFACE() );
#778 = CARTESIAN_POINT('',(-0.598936828782,0.75,3.602964359947E-02));
#779 = CARTESIAN_POINT('',(-0.6,0.75,3.00001E-02));
#780 = CARTESIAN_POINT('',(-0.598936828782,0.798936828782,
    3.602964359947E-02));
#781 = CARTESIAN_POINT('',(-0.6,0.8,3.00001E-02));
#782 = CARTESIAN_POINT('',(-0.55,0.798936828782,3.602964359947E-02));
#783 = CARTESIAN_POINT('',(-0.55,0.8,3.00001E-02));
#784 = ADVANCED_FACE('',(#785),#875,.T.);
#785 = FACE_BOUND('',#786,.T.);
#786 = EDGE_LOOP('',(#787,#796,#801,#802,#809,#816,#823,#828,#829,#830,
    #837,#844,#849,#850,#857,#864,#869,#870));
#787 = ORIENTED_EDGE('',*,*,#788,.T.);
#788 = EDGE_CURVE('',#789,#791,#793,.T.);
#789 = VERTEX_POINT('',#790);
#790 = CARTESIAN_POINT('',(-0.582367301929,-0.385,0.1300001));
#791 = VERTEX_POINT('',#792);
#792 = CARTESIAN_POINT('',(-0.582367301929,-0.615,0.1300001));
#793 = B_SPLINE_CURVE_WITH_KNOTS('',1,(#794,#795),.UNSPECIFIED.,.F.,.F.,
  (2,2),(1.135,1.365),.PIECEWISE_BEZIER_KNOTS.);
#794 = CARTESIAN_POINT('',(-0.582367301929,-0.385,0.1300001));
#795 = CARTESIAN_POINT('',(-0.582367301929,-0.615,0.1300001));
#796 = ORIENTED_EDGE('',*,*,#797,.T.);
#797 = EDGE_CURVE('',#791,#82,#798,.T.);
#798 = B_SPLINE_CURVE_WITH_KNOTS('',1,(#799,#800),.UNSPECIFIED.,.F.,.F.,
  (2,2),(-0.101542661189,-4.984780830921E-17),.PIECEWISE_BEZIER_KNOTS.);
#799 = CARTESIAN_POINT('',(-0.582367301929,-0.615,0.1300001));
#800 = CARTESIAN_POINT('',(-0.6,-0.615,3.00001E-02));
#801 = ORIENTED_EDGE('',*,*,#274,.T.);
#802 = ORIENTED_EDGE('',*,*,#803,.F.);
#803 = EDGE_CURVE('',#804,#267,#806,.T.);
#804 = VERTEX_POINT('',#805);
#805 = CARTESIAN_POINT('',(-0.599240387651,-0.75,3.430807570705E-02));
#806 = B_SPLINE_CURVE_WITH_KNOTS('',1,(#807,#808),.UNSPECIFIED.,.F.,.F.,
  (2,2),(-4.374433176298E-03,0.),.PIECEWISE_BEZIER_KNOTS.);
#807 = CARTESIAN_POINT('',(-0.599240387651,-0.75,3.430807570705E-02));
#808 = CARTESIAN_POINT('',(-0.6,-0.75,3.00001E-02));
#809 = ORIENTED_EDGE('',*,*,#810,.T.);
#810 = EDGE_CURVE('',#804,#811,#813,.T.);
#811 = VERTEX_POINT('',#812);
#812 = CARTESIAN_POINT('',(-0.501489217667,-0.652248830016,
    0.588682508883));
#813 = B_SPLINE_CURVE_WITH_KNOTS('',1,(#814,#815),.UNSPECIFIED.,.F.,.F.,
  (2,2),(-0.252321869073,0.31902880663),.PIECEWISE_BEZIER_KNOTS.);
#814 = CARTESIAN_POINT('',(-0.599240387651,-0.75,3.430807570705E-02));
#815 = CARTESIAN_POINT('',(-0.501489217667,-0.652248830016,
    0.588682508883));
#816 = ORIENTED_EDGE('',*,*,#817,.T.);
#817 = EDGE_CURVE('',#811,#818,#820,.T.);
#818 = VERTEX_POINT('',#819);
#819 = CARTESIAN_POINT('',(-0.501489217667,0.652248830016,0.588682508883
    ));
#820 = B_SPLINE_CURVE_WITH_KNOTS('',1,(#821,#822),.UNSPECIFIED.,.F.,.F.,
  (2,2),(-1.402248830016,-9.775116998394E-02),.PIECEWISE_BEZIER_KNOTS.);
#821 = CARTESIAN_POINT('',(-0.501489217667,-0.652248830016,
    0.588682508883));
#822 = CARTESIAN_POINT('',(-0.501489217667,0.652248830016,0.588682508883
    ));
#823 = ORIENTED_EDGE('',*,*,#824,.T.);
#824 = EDGE_CURVE('',#818,#748,#825,.T.);
#825 = B_SPLINE_CURVE_WITH_KNOTS('',1,(#826,#827),.UNSPECIFIED.,.F.,.F.,
  (2,2),(-0.575660611249,-4.309935546314E-03),.PIECEWISE_BEZIER_KNOTS.);
#826 = CARTESIAN_POINT('',(-0.501489217667,0.652248830016,0.588682508883
    ));
#827 = CARTESIAN_POINT('',(-0.599240387651,0.75,3.430807570705E-02));
#828 = ORIENTED_EDGE('',*,*,#747,.T.);
#829 = ORIENTED_EDGE('',*,*,#158,.T.);
#830 = ORIENTED_EDGE('',*,*,#831,.T.);
#831 = EDGE_CURVE('',#152,#832,#834,.T.);
#832 = VERTEX_POINT('',#833);
#833 = CARTESIAN_POINT('',(-0.582367301929,0.615,0.1300001));
#834 = B_SPLINE_CURVE_WITH_KNOTS('',1,(#835,#836),.UNSPECIFIED.,.F.,.F.,
  (2,2),(4.930003019592E-18,0.101542661189),.PIECEWISE_BEZIER_KNOTS.);
#835 = CARTESIAN_POINT('',(-0.6,0.615,3.00001E-02));
#836 = CARTESIAN_POINT('',(-0.582367301929,0.615,0.1300001));
#837 = ORIENTED_EDGE('',*,*,#838,.F.);
#838 = EDGE_CURVE('',#839,#832,#841,.T.);
#839 = VERTEX_POINT('',#840);
#840 = CARTESIAN_POINT('',(-0.582367301929,0.385,0.1300001));
#841 = B_SPLINE_CURVE_WITH_KNOTS('',1,(#842,#843),.UNSPECIFIED.,.F.,.F.,
  (2,2),(-0.365,-0.135),.PIECEWISE_BEZIER_KNOTS.);
#842 = CARTESIAN_POINT('',(-0.582367301929,0.385,0.1300001));
#843 = CARTESIAN_POINT('',(-0.582367301929,0.615,0.1300001));
#844 = ORIENTED_EDGE('',*,*,#845,.T.);
#845 = EDGE_CURVE('',#839,#131,#846,.T.);
#846 = B_SPLINE_CURVE_WITH_KNOTS('',1,(#847,#848),.UNSPECIFIED.,.F.,.F.,
  (2,2),(-0.101542661189,-1.332926742334E-17),.PIECEWISE_BEZIER_KNOTS.);
#847 = CARTESIAN_POINT('',(-0.582367301929,0.385,0.1300001));
#848 = CARTESIAN_POINT('',(-0.6,0.385,3.00001E-02));
#849 = ORIENTED_EDGE('',*,*,#130,.T.);
#850 = ORIENTED_EDGE('',*,*,#851,.T.);
#851 = EDGE_CURVE('',#124,#852,#854,.T.);
#852 = VERTEX_POINT('',#853);
#853 = CARTESIAN_POINT('',(-0.582367301929,0.115,0.1300001));
#854 = B_SPLINE_CURVE_WITH_KNOTS('',1,(#855,#856),.UNSPECIFIED.,.F.,.F.,
  (2,2),(2.318927346253E-17,0.101542661189),.PIECEWISE_BEZIER_KNOTS.);
#855 = CARTESIAN_POINT('',(-0.6,0.115,3.00001E-02));
#856 = CARTESIAN_POINT('',(-0.582367301929,0.115,0.1300001));
#857 = ORIENTED_EDGE('',*,*,#858,.T.);
#858 = EDGE_CURVE('',#852,#859,#861,.T.);
#859 = VERTEX_POINT('',#860);
#860 = CARTESIAN_POINT('',(-0.582367301929,-0.115,0.1300001));
#861 = B_SPLINE_CURVE_WITH_KNOTS('',1,(#862,#863),.UNSPECIFIED.,.F.,.F.,
  (2,2),(0.635,0.865),.PIECEWISE_BEZIER_KNOTS.);
#862 = CARTESIAN_POINT('',(-0.582367301929,0.115,0.1300001));
#863 = CARTESIAN_POINT('',(-0.582367301929,-0.115,0.1300001));
#864 = ORIENTED_EDGE('',*,*,#865,.T.);
#865 = EDGE_CURVE('',#859,#103,#866,.T.);
#866 = B_SPLINE_CURVE_WITH_KNOTS('',1,(#867,#868),.UNSPECIFIED.,.F.,.F.,
  (2,2),(-0.101542661189,-3.158853786628E-17),.PIECEWISE_BEZIER_KNOTS.);
#867 = CARTESIAN_POINT('',(-0.582367301929,-0.115,0.1300001));
#868 = CARTESIAN_POINT('',(-0.6,-0.115,3.00001E-02));
#869 = ORIENTED_EDGE('',*,*,#102,.T.);
#870 = ORIENTED_EDGE('',*,*,#871,.T.);
#871 = EDGE_CURVE('',#96,#789,#872,.T.);
#872 = B_SPLINE_CURVE_WITH_KNOTS('',1,(#873,#874),.UNSPECIFIED.,.F.,.F.,
  (2,2),(4.144854390546E-17,0.101542661189),.PIECEWISE_BEZIER_KNOTS.);
#873 = CARTESIAN_POINT('',(-0.6,-0.385,3.00001E-02));
#874 = CARTESIAN_POINT('',(-0.582367301929,-0.385,0.1300001));
#875 = B_SPLINE_SURFACE_WITH_KNOTS('',1,1,(
    (#876,#877)
    ,(#878,#879
    )),.UNSPECIFIED.,.F.,.F.,.F.,(2,2),(2,2),(-4.781345238778E-18,
    0.567300985573),(-1.5,1.070475317654E-17),.PIECEWISE_BEZIER_KNOTS.);
#876 = CARTESIAN_POINT('',(-0.6,-0.75,3.00001E-02));
#877 = CARTESIAN_POINT('',(-0.6,0.75,3.00001E-02));
#878 = CARTESIAN_POINT('',(-0.501489217667,-0.75,0.588682508883));
#879 = CARTESIAN_POINT('',(-0.501489217667,0.75,0.588682508883));
#880 = ADVANCED_FACE('',(#881),#914,.T.);
#881 = FACE_BOUND('',#882,.T.);
#882 = EDGE_LOOP('',(#883,#890,#912,#913));
#883 = ORIENTED_EDGE('',*,*,#884,.F.);
#884 = EDGE_CURVE('',#885,#260,#887,.T.);
#885 = VERTEX_POINT('',#886);
#886 = CARTESIAN_POINT('',(-0.55,-0.799240387651,3.430807570705E-02));
#887 = B_SPLINE_CURVE_WITH_KNOTS('',1,(#888,#889),.UNSPECIFIED.,.F.,.F.,
  (2,2),(-4.374433176298E-03,-0.),.PIECEWISE_BEZIER_KNOTS.);
#888 = CARTESIAN_POINT('',(-0.55,-0.799240387651,3.430807570705E-02));
#889 = CARTESIAN_POINT('',(-0.55,-0.8,3.00001E-02));
#890 = ORIENTED_EDGE('',*,*,#891,.T.);
#891 = EDGE_CURVE('',#885,#804,#892,.T.);
#892 = B_SPLINE_CURVE_WITH_KNOTS('',3,(#893,#894,#895,#896,#897,#898,
    #899,#900,#901,#902,#903,#904,#905,#906,#907,#908,#909,#910,#911),
  .UNSPECIFIED.,.F.,.F.,(4,3,3,3,3,3,4),(-3.421040084711E-06,0.,
    1.674850867201E-05,3.501343026414E-05,5.169726455323E-05,
    7.002686901874E-05,7.344790910346E-05),.UNSPECIFIED.);
#893 = CARTESIAN_POINT('',(-0.55,-0.799240387651,3.430807570705E-02));
#894 = CARTESIAN_POINT('',(-0.551135835853,-0.799222792112,
    3.440786496497E-02));
#895 = CARTESIAN_POINT('',(-0.552272638183,-0.799167599669,
    3.449761340395E-02));
#896 = CARTESIAN_POINT('',(-0.553405540259,-0.799073164868,
    3.458708708531E-02));
#897 = CARTESIAN_POINT('',(-0.558951929594,-0.798610837026,
    3.5025126597E-02));
#898 = CARTESIAN_POINT('',(-0.564502735626,-0.797188984161,
    3.538087458124E-02));
#899 = CARTESIAN_POINT('',(-0.569597593077,-0.794919350977,
    3.562429411094E-02));
#900 = CARTESIAN_POINT('',(-0.575138329511,-0.792451089716,
    3.588901662181E-02));
#901 = CARTESIAN_POINT('',(-0.580310572707,-0.788896858503,
    3.60284235073E-02));
#902 = CARTESIAN_POINT('',(-0.584603715605,-0.784603715605,
    3.60284235073E-02));
#903 = CARTESIAN_POINT('',(-0.588536191541,-0.780671239669,
    3.60284235073E-02));
#904 = CARTESIAN_POINT('',(-0.591847668741,-0.776009472401,
    3.591208337207E-02));
#905 = CARTESIAN_POINT('',(-0.594265473664,-0.771006140707,
    3.568931602645E-02));
#906 = CARTESIAN_POINT('',(-0.596914361867,-0.765524612329,
    3.544525754675E-02));
#907 = CARTESIAN_POINT('',(-0.598568598146,-0.759458655016,
    3.506514646273E-02));
#908 = CARTESIAN_POINT('',(-0.599073164868,-0.753405540259,
    3.458708708531E-02));
#909 = CARTESIAN_POINT('',(-0.599167599669,-0.752272638183,
    3.449761340395E-02));
#910 = CARTESIAN_POINT('',(-0.599222792112,-0.751135835853,
    3.440786496497E-02));
#911 = CARTESIAN_POINT('',(-0.599240387651,-0.75,3.430807570705E-02));
#912 = ORIENTED_EDGE('',*,*,#803,.T.);
#913 = ORIENTED_EDGE('',*,*,#266,.T.);
#914 = ( BOUNDED_SURFACE() B_SPLINE_SURFACE(2,1,(
    (#915,#916)
    ,(#917,#918)
,(#919,#920
    )),.UNSPECIFIED.,.F.,.F.,.F.) B_SPLINE_SURFACE_WITH_KNOTS((3,3),(2,2
    ),(1.570796326795,3.14159265359),(-6.122559028432E-03,
    9.540979117872E-18),.PIECEWISE_BEZIER_KNOTS.) 
GEOMETRIC_REPRESENTATION_ITEM() RATIONAL_B_SPLINE_SURFACE((
    (1.,1.)
    ,(0.707106781187,0.707106781187)
,(1.,1.))) REPRESENTATION_ITEM('') SURFACE() );
#915 = CARTESIAN_POINT('',(-0.55,-0.798936828782,3.602964359947E-02));
#916 = CARTESIAN_POINT('',(-0.55,-0.8,3.00001E-02));
#917 = CARTESIAN_POINT('',(-0.598936828782,-0.798936828782,
    3.602964359947E-02));
#918 = CARTESIAN_POINT('',(-0.6,-0.8,3.00001E-02));
#919 = CARTESIAN_POINT('',(-0.598936828782,-0.75,3.602964359947E-02));
#920 = CARTESIAN_POINT('',(-0.6,-0.75,3.00001E-02));
#921 = ADVANCED_FACE('',(#922),#952,.T.);
#922 = FACE_BOUND('',#923,.T.);
#923 = EDGE_LOOP('',(#924,#931,#938,#945,#950,#951));
#924 = ORIENTED_EDGE('',*,*,#925,.F.);
#925 = EDGE_CURVE('',#926,#252,#928,.T.);
#926 = VERTEX_POINT('',#927);
#927 = CARTESIAN_POINT('',(0.55,-0.799240387651,3.430807570705E-02));
#928 = B_SPLINE_CURVE_WITH_KNOTS('',1,(#929,#930),.UNSPECIFIED.,.F.,.F.,
  (2,2),(-4.374433176298E-03,-0.),.PIECEWISE_BEZIER_KNOTS.);
#929 = CARTESIAN_POINT('',(0.55,-0.799240387651,3.430807570705E-02));
#930 = CARTESIAN_POINT('',(0.55,-0.8,3.00001E-02));
#931 = ORIENTED_EDGE('',*,*,#932,.T.);
#932 = EDGE_CURVE('',#926,#933,#935,.T.);
#933 = VERTEX_POINT('',#934);
#934 = CARTESIAN_POINT('',(0.452248830016,-0.701489217667,0.588682508883
    ));
#935 = B_SPLINE_CURVE_WITH_KNOTS('',1,(#936,#937),.UNSPECIFIED.,.F.,.F.,
  (2,2),(-0.183886721174,0.387463954528),.PIECEWISE_BEZIER_KNOTS.);
#936 = CARTESIAN_POINT('',(0.55,-0.799240387651,3.430807570705E-02));
#937 = CARTESIAN_POINT('',(0.452248830016,-0.701489217667,0.588682508883
    ));
#938 = ORIENTED_EDGE('',*,*,#939,.T.);
#939 = EDGE_CURVE('',#933,#940,#942,.T.);
#940 = VERTEX_POINT('',#941);
#941 = CARTESIAN_POINT('',(-0.452248830016,-0.701489217667,
    0.588682508883));
#942 = B_SPLINE_CURVE_WITH_KNOTS('',1,(#943,#944),.UNSPECIFIED.,.F.,.F.,
  (2,2),(-1.002248830016,-9.775116998394E-02),.PIECEWISE_BEZIER_KNOTS.);
#943 = CARTESIAN_POINT('',(0.452248830016,-0.701489217667,0.588682508883
    ));
#944 = CARTESIAN_POINT('',(-0.452248830016,-0.701489217667,
    0.588682508883));
#945 = ORIENTED_EDGE('',*,*,#946,.T.);
#946 = EDGE_CURVE('',#940,#885,#947,.T.);
#947 = B_SPLINE_CURVE_WITH_KNOTS('',1,(#948,#949),.UNSPECIFIED.,.F.,.F.,
  (2,2),(-0.575660611249,-4.309935546313E-03),.PIECEWISE_BEZIER_KNOTS.);
#948 = CARTESIAN_POINT('',(-0.452248830016,-0.701489217667,
    0.588682508883));
#949 = CARTESIAN_POINT('',(-0.55,-0.799240387651,3.430807570705E-02));
#950 = ORIENTED_EDGE('',*,*,#884,.T.);
#951 = ORIENTED_EDGE('',*,*,#259,.T.);
#952 = B_SPLINE_SURFACE_WITH_KNOTS('',1,1,(
    (#953,#954)
    ,(#955,#956
    )),.UNSPECIFIED.,.F.,.F.,.F.,(2,2),(2,2),(-0.567300985573,0.),(
    -2.00248723857E-17,1.1),.PIECEWISE_BEZIER_KNOTS.);
#953 = CARTESIAN_POINT('',(-0.55,-0.701489217667,0.588682508883));
#954 = CARTESIAN_POINT('',(0.55,-0.701489217667,0.588682508883));
#955 = CARTESIAN_POINT('',(-0.55,-0.8,3.00001E-02));
#956 = CARTESIAN_POINT('',(0.55,-0.8,3.00001E-02));
#957 = ADVANCED_FACE('',(#958),#991,.T.);
#958 = FACE_BOUND('',#959,.T.);
#959 = EDGE_LOOP('',(#960,#967,#989,#990));
#960 = ORIENTED_EDGE('',*,*,#961,.F.);
#961 = EDGE_CURVE('',#962,#245,#964,.T.);
#962 = VERTEX_POINT('',#963);
#963 = CARTESIAN_POINT('',(0.599240387651,-0.75,3.430807570705E-02));
#964 = B_SPLINE_CURVE_WITH_KNOTS('',1,(#965,#966),.UNSPECIFIED.,.F.,.F.,
  (2,2),(-4.374433176297E-03,9.067240254885E-33),
  .PIECEWISE_BEZIER_KNOTS.);
#965 = CARTESIAN_POINT('',(0.599240387651,-0.75,3.430807570705E-02));
#966 = CARTESIAN_POINT('',(0.6,-0.75,3.00001E-02));
#967 = ORIENTED_EDGE('',*,*,#968,.T.);
#968 = EDGE_CURVE('',#962,#926,#969,.T.);
#969 = B_SPLINE_CURVE_WITH_KNOTS('',3,(#970,#971,#972,#973,#974,#975,
    #976,#977,#978,#979,#980,#981,#982,#983,#984,#985,#986,#987,#988),
  .UNSPECIFIED.,.F.,.F.,(4,3,3,3,3,3,4),(-3.421040084712E-06,0.,
    1.674850867201E-05,3.501343026414E-05,5.169726455323E-05,
    7.002686901875E-05,7.344790910346E-05),.UNSPECIFIED.);
#970 = CARTESIAN_POINT('',(0.599240387651,-0.75,3.430807570705E-02));
#971 = CARTESIAN_POINT('',(0.599222792112,-0.751135835853,
    3.440786496497E-02));
#972 = CARTESIAN_POINT('',(0.599167599669,-0.752272638183,
    3.449761340395E-02));
#973 = CARTESIAN_POINT('',(0.599073164868,-0.753405540259,
    3.458708708531E-02));
#974 = CARTESIAN_POINT('',(0.598610837026,-0.758951929594,
    3.5025126597E-02));
#975 = CARTESIAN_POINT('',(0.597188984161,-0.764502735626,
    3.538087458124E-02));
#976 = CARTESIAN_POINT('',(0.594919350977,-0.769597593077,
    3.562429411094E-02));
#977 = CARTESIAN_POINT('',(0.592451089716,-0.775138329511,
    3.588901662181E-02));
#978 = CARTESIAN_POINT('',(0.588896858503,-0.780310572707,
    3.60284235073E-02));
#979 = CARTESIAN_POINT('',(0.584603715605,-0.784603715605,
    3.60284235073E-02));
#980 = CARTESIAN_POINT('',(0.580671239669,-0.788536191541,
    3.60284235073E-02));
#981 = CARTESIAN_POINT('',(0.576009472401,-0.791847668741,
    3.591208337207E-02));
#982 = CARTESIAN_POINT('',(0.571006140707,-0.794265473664,
    3.568931602645E-02));
#983 = CARTESIAN_POINT('',(0.565524612329,-0.796914361867,
    3.544525754675E-02));
#984 = CARTESIAN_POINT('',(0.559458655016,-0.798568598146,
    3.506514646273E-02));
#985 = CARTESIAN_POINT('',(0.553405540259,-0.799073164868,
    3.458708708531E-02));
#986 = CARTESIAN_POINT('',(0.552272638183,-0.799167599669,
    3.449761340395E-02));
#987 = CARTESIAN_POINT('',(0.551135835853,-0.799222792112,
    3.440786496497E-02));
#988 = CARTESIAN_POINT('',(0.55,-0.799240387651,3.430807570705E-02));
#989 = ORIENTED_EDGE('',*,*,#925,.T.);
#990 = ORIENTED_EDGE('',*,*,#251,.T.);
#991 = ( BOUNDED_SURFACE() B_SPLINE_SURFACE(2,1,(
    (#992,#993)
    ,(#994,#995)
,(#996,#997
    )),.UNSPECIFIED.,.F.,.F.,.F.) B_SPLINE_SURFACE_WITH_KNOTS((3,3),(2,2
    ),(0.,1.570796326795),(-6.122559028432E-03,1.040834085586E-17),
.PIECEWISE_BEZIER_KNOTS.) GEOMETRIC_REPRESENTATION_ITEM() 
RATIONAL_B_SPLINE_SURFACE((
    (1.,1.)
    ,(0.707106781187,0.707106781187)
,(1.,1.))) REPRESENTATION_ITEM('') SURFACE() );
#992 = CARTESIAN_POINT('',(0.598936828782,-0.75,3.602964359947E-02));
#993 = CARTESIAN_POINT('',(0.6,-0.75,3.00001E-02));
#994 = CARTESIAN_POINT('',(0.598936828782,-0.798936828782,
    3.602964359947E-02));
#995 = CARTESIAN_POINT('',(0.6,-0.8,3.00001E-02));
#996 = CARTESIAN_POINT('',(0.55,-0.798936828782,3.602964359947E-02));
#997 = CARTESIAN_POINT('',(0.55,-0.8,3.00001E-02));
#998 = ADVANCED_FACE('',(#999),#1063,.T.);
#999 = FACE_BOUND('',#1000,.T.);
#1000 = EDGE_LOOP('',(#1001,#1002,#1009,#1016,#1021,#1022,#1029,#1036,
    #1041,#1042,#1043,#1050,#1057,#1062));
#1001 = ORIENTED_EDGE('',*,*,#244,.T.);
#1002 = ORIENTED_EDGE('',*,*,#1003,.T.);
#1003 = EDGE_CURVE('',#238,#1004,#1006,.T.);
#1004 = VERTEX_POINT('',#1005);
#1005 = CARTESIAN_POINT('',(0.582367301929,-0.615,0.1300001));
#1006 = B_SPLINE_CURVE_WITH_KNOTS('',1,(#1007,#1008),.UNSPECIFIED.,.F.,
  .F.,(2,2),(4.984780830921E-17,0.101542661189),
  .PIECEWISE_BEZIER_KNOTS.);
#1007 = CARTESIAN_POINT('',(0.6,-0.615,3.00001E-02));
#1008 = CARTESIAN_POINT('',(0.582367301929,-0.615,0.1300001));
#1009 = ORIENTED_EDGE('',*,*,#1010,.F.);
#1010 = EDGE_CURVE('',#1011,#1004,#1013,.T.);
#1011 = VERTEX_POINT('',#1012);
#1012 = CARTESIAN_POINT('',(0.582367301929,-0.385,0.1300001));
#1013 = B_SPLINE_CURVE_WITH_KNOTS('',1,(#1014,#1015),.UNSPECIFIED.,.F.,
  .F.,(2,2),(1.135,1.365),.PIECEWISE_BEZIER_KNOTS.);
#1014 = CARTESIAN_POINT('',(0.582367301929,-0.385,0.1300001));
#1015 = CARTESIAN_POINT('',(0.582367301929,-0.615,0.1300001));
#1016 = ORIENTED_EDGE('',*,*,#1017,.T.);
#1017 = EDGE_CURVE('',#1011,#217,#1018,.T.);
#1018 = B_SPLINE_CURVE_WITH_KNOTS('',1,(#1019,#1020),.UNSPECIFIED.,.F.,
  .F.,(2,2),(-0.101542661189,8.14516363612E-17),
  .PIECEWISE_BEZIER_KNOTS.);
#1019 = CARTESIAN_POINT('',(0.582367301929,-0.385,0.1300001));
#1020 = CARTESIAN_POINT('',(0.6,-0.385,3.00001E-02));
#1021 = ORIENTED_EDGE('',*,*,#216,.T.);
#1022 = ORIENTED_EDGE('',*,*,#1023,.T.);
#1023 = EDGE_CURVE('',#210,#1024,#1026,.T.);
#1024 = VERTEX_POINT('',#1025);
#1025 = CARTESIAN_POINT('',(0.582367301929,0.385,0.1300001));
#1026 = B_SPLINE_CURVE_WITH_KNOTS('',1,(#1027,#1028),.UNSPECIFIED.,.F.,
  .F.,(2,2),(-1.999390113501E-17,0.101542661189),
  .PIECEWISE_BEZIER_KNOTS.);
#1027 = CARTESIAN_POINT('',(0.6,0.385,3.00001E-02));
#1028 = CARTESIAN_POINT('',(0.582367301929,0.385,0.1300001));
#1029 = ORIENTED_EDGE('',*,*,#1030,.T.);
#1030 = EDGE_CURVE('',#1024,#1031,#1033,.T.);
#1031 = VERTEX_POINT('',#1032);
#1032 = CARTESIAN_POINT('',(0.582367301929,0.615,0.1300001));
#1033 = B_SPLINE_CURVE_WITH_KNOTS('',1,(#1034,#1035),.UNSPECIFIED.,.F.,
  .F.,(2,2),(-0.365,-0.135),.PIECEWISE_BEZIER_KNOTS.);
#1034 = CARTESIAN_POINT('',(0.582367301929,0.385,0.1300001));
#1035 = CARTESIAN_POINT('',(0.582367301929,0.615,0.1300001));
#1036 = ORIENTED_EDGE('',*,*,#1037,.T.);
#1037 = EDGE_CURVE('',#1031,#189,#1038,.T.);
#1038 = B_SPLINE_CURVE_WITH_KNOTS('',1,(#1039,#1040),.UNSPECIFIED.,.F.,
  .F.,(2,2),(-0.101542661189,1.150334037905E-17),
  .PIECEWISE_BEZIER_KNOTS.);
#1039 = CARTESIAN_POINT('',(0.582367301929,0.615,0.1300001));
#1040 = CARTESIAN_POINT('',(0.6,0.615,3.00001E-02));
#1041 = ORIENTED_EDGE('',*,*,#188,.T.);
#1042 = ORIENTED_EDGE('',*,*,#695,.F.);
#1043 = ORIENTED_EDGE('',*,*,#1044,.T.);
#1044 = EDGE_CURVE('',#672,#1045,#1047,.T.);
#1045 = VERTEX_POINT('',#1046);
#1046 = CARTESIAN_POINT('',(0.501489217667,0.652248830016,0.588682508883
    ));
#1047 = B_SPLINE_CURVE_WITH_KNOTS('',1,(#1048,#1049),.UNSPECIFIED.,.F.,
  .F.,(2,2),(4.309935546313E-03,0.575660611249),
  .PIECEWISE_BEZIER_KNOTS.);
#1048 = CARTESIAN_POINT('',(0.599240387651,0.75,3.430807570705E-02));
#1049 = CARTESIAN_POINT('',(0.501489217667,0.652248830016,0.588682508883
    ));
#1050 = ORIENTED_EDGE('',*,*,#1051,.T.);
#1051 = EDGE_CURVE('',#1045,#1052,#1054,.T.);
#1052 = VERTEX_POINT('',#1053);
#1053 = CARTESIAN_POINT('',(0.501489217667,-0.652248830016,
    0.588682508883));
#1054 = B_SPLINE_CURVE_WITH_KNOTS('',1,(#1055,#1056),.UNSPECIFIED.,.F.,
  .F.,(2,2),(9.775116998394E-02,1.402248830016),
  .PIECEWISE_BEZIER_KNOTS.);
#1055 = CARTESIAN_POINT('',(0.501489217667,0.652248830016,0.588682508883
    ));
#1056 = CARTESIAN_POINT('',(0.501489217667,-0.652248830016,
    0.588682508883));
#1057 = ORIENTED_EDGE('',*,*,#1058,.T.);
#1058 = EDGE_CURVE('',#1052,#962,#1059,.T.);
#1059 = B_SPLINE_CURVE_WITH_KNOTS('',1,(#1060,#1061),.UNSPECIFIED.,.F.,
  .F.,(2,2),(-0.31902880663,0.252321869073),.PIECEWISE_BEZIER_KNOTS.);
#1060 = CARTESIAN_POINT('',(0.501489217667,-0.652248830016,
    0.588682508883));
#1061 = CARTESIAN_POINT('',(0.599240387651,-0.75,3.430807570705E-02));
#1062 = ORIENTED_EDGE('',*,*,#961,.T.);
#1063 = B_SPLINE_SURFACE_WITH_KNOTS('',1,1,(
    (#1064,#1065)
    ,(#1066,#1067
    )),.UNSPECIFIED.,.F.,.F.,.F.,(2,2),(2,2),(-0.567300985573,
    4.121765932765E-17),(-1.5,5.655883044051E-17),
  .PIECEWISE_BEZIER_KNOTS.);
#1064 = CARTESIAN_POINT('',(0.501489217667,-0.75,0.588682508883));
#1065 = CARTESIAN_POINT('',(0.501489217667,0.75,0.588682508883));
#1066 = CARTESIAN_POINT('',(0.6,-0.75,3.00001E-02));
#1067 = CARTESIAN_POINT('',(0.6,0.75,3.00001E-02));
#1068 = ADVANCED_FACE('',(#1069),#1099,.F.);
#1069 = FACE_BOUND('',#1070,.T.);
#1070 = EDGE_LOOP('',(#1071,#1080,#1087,#1094));
#1071 = ORIENTED_EDGE('',*,*,#1072,.T.);
#1072 = EDGE_CURVE('',#1073,#1075,#1077,.T.);
#1073 = VERTEX_POINT('',#1074);
#1074 = CARTESIAN_POINT('',(-0.452248830016,0.652248830016,0.6300001));
#1075 = VERTEX_POINT('',#1076);
#1076 = CARTESIAN_POINT('',(-0.452248830016,-0.652248830016,0.6300001));
#1077 = B_SPLINE_CURVE_WITH_KNOTS('',1,(#1078,#1079),.UNSPECIFIED.,.F.,
  .F.,(2,2),(9.775116998394E-02,1.402248830016),
  .PIECEWISE_BEZIER_KNOTS.);
#1078 = CARTESIAN_POINT('',(-0.452248830016,0.652248830016,0.6300001));
#1079 = CARTESIAN_POINT('',(-0.452248830016,-0.652248830016,0.6300001));
#1080 = ORIENTED_EDGE('',*,*,#1081,.T.);
#1081 = EDGE_CURVE('',#1075,#1082,#1084,.T.);
#1082 = VERTEX_POINT('',#1083);
#1083 = CARTESIAN_POINT('',(0.452248830016,-0.652248830016,0.6300001));
#1084 = B_SPLINE_CURVE_WITH_KNOTS('',1,(#1085,#1086),.UNSPECIFIED.,.F.,
  .F.,(2,2),(-1.002248830016,-9.775116998394E-02),
  .PIECEWISE_BEZIER_KNOTS.);
#1085 = CARTESIAN_POINT('',(-0.452248830016,-0.652248830016,0.6300001));
#1086 = CARTESIAN_POINT('',(0.452248830016,-0.652248830016,0.6300001));
#1087 = ORIENTED_EDGE('',*,*,#1088,.T.);
#1088 = EDGE_CURVE('',#1082,#1089,#1091,.T.);
#1089 = VERTEX_POINT('',#1090);
#1090 = CARTESIAN_POINT('',(0.452248830016,0.652248830016,0.6300001));
#1091 = B_SPLINE_CURVE_WITH_KNOTS('',1,(#1092,#1093),.UNSPECIFIED.,.F.,
  .F.,(2,2),(-1.402248830016,-9.775116998394E-02),
  .PIECEWISE_BEZIER_KNOTS.);
#1092 = CARTESIAN_POINT('',(0.452248830016,-0.652248830016,0.6300001));
#1093 = CARTESIAN_POINT('',(0.452248830016,0.652248830016,0.6300001));
#1094 = ORIENTED_EDGE('',*,*,#1095,.T.);
#1095 = EDGE_CURVE('',#1089,#1073,#1096,.T.);
#1096 = B_SPLINE_CURVE_WITH_KNOTS('',1,(#1097,#1098),.UNSPECIFIED.,.F.,
  .F.,(2,2),(9.775116998394E-02,1.002248830016),
  .PIECEWISE_BEZIER_KNOTS.);
#1097 = CARTESIAN_POINT('',(0.452248830016,0.652248830016,0.6300001));
#1098 = CARTESIAN_POINT('',(-0.452248830016,0.652248830016,0.6300001));
#1099 = B_SPLINE_SURFACE_WITH_KNOTS('',1,1,(
    (#1100,#1101)
    ,(#1102,#1103
    )),.UNSPECIFIED.,.F.,.F.,.F.,(2,2),(2,2),(9.775116998394E-02,
    1.002248830016),(-1.402248830016,-9.775116998394E-02),
  .PIECEWISE_BEZIER_KNOTS.);
#1100 = CARTESIAN_POINT('',(0.452248830016,-0.652248830016,0.6300001));
#1101 = CARTESIAN_POINT('',(0.452248830016,0.652248830016,0.6300001));
#1102 = CARTESIAN_POINT('',(-0.452248830016,-0.652248830016,0.6300001));
#1103 = CARTESIAN_POINT('',(-0.452248830016,0.652248830016,0.6300001));
#1104 = ADVANCED_FACE('',(#1105),#1116,.T.);
#1105 = FACE_BOUND('',#1106,.T.);
#1106 = EDGE_LOOP('',(#1107,#1108,#1109,#1115));
#1107 = ORIENTED_EDGE('',*,*,#754,.F.);
#1108 = ORIENTED_EDGE('',*,*,#824,.F.);
#1109 = ORIENTED_EDGE('',*,*,#1110,.F.);
#1110 = EDGE_CURVE('',#719,#818,#1111,.T.);
#1111 = ( BOUNDED_CURVE() B_SPLINE_CURVE(2,(#1112,#1113,#1114),
.UNSPECIFIED.,.F.,.F.) B_SPLINE_CURVE_WITH_KNOTS((3,3),(3.14159265359,
4.682230719392),.PIECEWISE_BEZIER_KNOTS.) CURVE() 
GEOMETRIC_REPRESENTATION_ITEM() RATIONAL_B_SPLINE_CURVE((1.,
0.717688543035,1.)) REPRESENTATION_ITEM('') );
#1112 = CARTESIAN_POINT('',(-0.452248830016,0.701489217667,
    0.588682508883));
#1113 = CARTESIAN_POINT('',(-0.500047899366,0.700047899366,
    0.596856631158));
#1114 = CARTESIAN_POINT('',(-0.501489217667,0.652248830016,
    0.588682508883));
#1115 = ORIENTED_EDGE('',*,*,#718,.F.);
#1116 = ( BOUNDED_SURFACE() B_SPLINE_SURFACE(2,1,(
    (#1117,#1118)
    ,(#1119,#1120)
    ,(#1121,#1122
)),.UNSPECIFIED.,.F.,.F.,.F.) B_SPLINE_SURFACE_WITH_KNOTS((3,3),(2,2),(
    0.,1.540638065802),(-0.575660611249,-2.561753403677E-03),
.PIECEWISE_BEZIER_KNOTS.) GEOMETRIC_REPRESENTATION_ITEM() 
RATIONAL_B_SPLINE_SURFACE((
    (1.,1.)
    ,(0.717688543035,0.717688543035)
,(1.,1.))) REPRESENTATION_ITEM('') SURFACE() );
#1117 = CARTESIAN_POINT('',(-0.501489217667,0.652248830016,
    0.588682508883));
#1118 = CARTESIAN_POINT('',(-0.599539480409,0.750299092759,
    3.261183638219E-02));
#1119 = CARTESIAN_POINT('',(-0.500047899366,0.700047899366,
    0.596856631158));
#1120 = CARTESIAN_POINT('',(-0.598098162109,0.798098162109,
    4.078595865714E-02));
#1121 = CARTESIAN_POINT('',(-0.452248830016,0.701489217667,
    0.588682508883));
#1122 = CARTESIAN_POINT('',(-0.550299092759,0.799539480409,
    3.261183638219E-02));
#1123 = ADVANCED_FACE('',(#1124),#1140,.T.);
#1124 = FACE_BOUND('',#1125,.T.);
#1125 = EDGE_LOOP('',(#1126,#1132,#1133,#1139));
#1126 = ORIENTED_EDGE('',*,*,#1127,.F.);
#1127 = EDGE_CURVE('',#726,#1089,#1128,.T.);
#1128 = ( BOUNDED_CURVE() B_SPLINE_CURVE(2,(#1129,#1130,#1131),
.UNSPECIFIED.,.F.,.F.) B_SPLINE_CURVE_WITH_KNOTS((3,3),(1.745329251994,
3.14159265359),.PIECEWISE_BEZIER_KNOTS.) CURVE() 
GEOMETRIC_REPRESENTATION_ITEM() RATIONAL_B_SPLINE_CURVE((1.,
0.766044443119,1.)) REPRESENTATION_ITEM('') );
#1129 = CARTESIAN_POINT('',(0.452248830016,0.701489217667,0.588682508883
    ));
#1130 = CARTESIAN_POINT('',(0.452248830016,0.694203811575,0.6300001));
#1131 = CARTESIAN_POINT('',(0.452248830016,0.652248830016,0.6300001));
#1132 = ORIENTED_EDGE('',*,*,#725,.F.);
#1133 = ORIENTED_EDGE('',*,*,#1134,.F.);
#1134 = EDGE_CURVE('',#1073,#719,#1135,.T.);
#1135 = ( BOUNDED_CURVE() B_SPLINE_CURVE(2,(#1136,#1137,#1138),
.UNSPECIFIED.,.F.,.F.) B_SPLINE_CURVE_WITH_KNOTS((3,3),(1.570796326795,
2.96705972839),.PIECEWISE_BEZIER_KNOTS.) CURVE() 
GEOMETRIC_REPRESENTATION_ITEM() RATIONAL_B_SPLINE_CURVE((1.,
0.766044443119,1.)) REPRESENTATION_ITEM('') );
#1136 = CARTESIAN_POINT('',(-0.452248830016,0.652248830016,0.6300001));
#1137 = CARTESIAN_POINT('',(-0.452248830016,0.694203811575,0.6300001));
#1138 = CARTESIAN_POINT('',(-0.452248830016,0.701489217667,
    0.588682508883));
#1139 = ORIENTED_EDGE('',*,*,#1095,.F.);
#1140 = ( BOUNDED_SURFACE() B_SPLINE_SURFACE(2,1,(
    (#1141,#1142)
    ,(#1143,#1144)
    ,(#1145,#1146
)),.UNSPECIFIED.,.F.,.F.,.F.) B_SPLINE_SURFACE_WITH_KNOTS((3,3),(2,2),(
    1.745329251994,3.14159265359),(-1.002248830016,-9.775116998394E-02),
.PIECEWISE_BEZIER_KNOTS.) GEOMETRIC_REPRESENTATION_ITEM() 
RATIONAL_B_SPLINE_SURFACE((
    (1.,1.)
    ,(0.766044443119,0.766044443119)
,(1.,1.))) REPRESENTATION_ITEM('') SURFACE() );
#1141 = CARTESIAN_POINT('',(-0.452248830016,0.701489217667,
    0.588682508883));
#1142 = CARTESIAN_POINT('',(0.452248830016,0.701489217667,0.588682508883
    ));
#1143 = CARTESIAN_POINT('',(-0.452248830016,0.694203811575,0.6300001));
#1144 = CARTESIAN_POINT('',(0.452248830016,0.694203811575,0.6300001));
#1145 = CARTESIAN_POINT('',(-0.452248830016,0.652248830016,0.6300001));
#1146 = CARTESIAN_POINT('',(0.452248830016,0.652248830016,0.6300001));
#1147 = ADVANCED_FACE('',(#1148),#1159,.T.);
#1148 = FACE_BOUND('',#1149,.T.);
#1149 = EDGE_LOOP('',(#1150,#1151,#1152,#1158));
#1150 = ORIENTED_EDGE('',*,*,#671,.F.);
#1151 = ORIENTED_EDGE('',*,*,#732,.F.);
#1152 = ORIENTED_EDGE('',*,*,#1153,.F.);
#1153 = EDGE_CURVE('',#1045,#726,#1154,.T.);
#1154 = ( BOUNDED_CURVE() B_SPLINE_CURVE(2,(#1155,#1156,#1157),
.UNSPECIFIED.,.F.,.F.) B_SPLINE_CURVE_WITH_KNOTS((3,3),(0.,
1.540638065802),.PIECEWISE_BEZIER_KNOTS.) CURVE() 
GEOMETRIC_REPRESENTATION_ITEM() RATIONAL_B_SPLINE_CURVE((1.,
0.717688543035,1.)) REPRESENTATION_ITEM('') );
#1155 = CARTESIAN_POINT('',(0.501489217667,0.652248830016,0.588682508883
    ));
#1156 = CARTESIAN_POINT('',(0.500047899366,0.700047899366,0.596856631158
    ));
#1157 = CARTESIAN_POINT('',(0.452248830016,0.701489217667,0.588682508883
    ));
#1158 = ORIENTED_EDGE('',*,*,#1044,.F.);
#1159 = ( BOUNDED_SURFACE() B_SPLINE_SURFACE(2,1,(
    (#1160,#1161)
    ,(#1162,#1163)
    ,(#1164,#1165
)),.UNSPECIFIED.,.F.,.F.,.F.) B_SPLINE_SURFACE_WITH_KNOTS((3,3),(2,2),(
    0.,1.540638065802),(-0.387463954528,0.185634903317),
.PIECEWISE_BEZIER_KNOTS.) GEOMETRIC_REPRESENTATION_ITEM() 
RATIONAL_B_SPLINE_SURFACE((
    (1.,1.)
    ,(0.717688543035,0.717688543035)
,(1.,1.))) REPRESENTATION_ITEM('') SURFACE() );
#1160 = CARTESIAN_POINT('',(0.452248830016,0.701489217667,0.588682508883
    ));
#1161 = CARTESIAN_POINT('',(0.550299092759,0.799539480409,
    3.261183638219E-02));
#1162 = CARTESIAN_POINT('',(0.500047899366,0.700047899366,0.596856631158
    ));
#1163 = CARTESIAN_POINT('',(0.598098162109,0.798098162109,
    4.078595865714E-02));
#1164 = CARTESIAN_POINT('',(0.501489217667,0.652248830016,0.588682508883
    ));
#1165 = CARTESIAN_POINT('',(0.599539480409,0.750299092759,
    3.261183638219E-02));
#1166 = ADVANCED_FACE('',(#1167),#1177,.T.);
#1167 = FACE_BOUND('',#1168,.T.);
#1168 = EDGE_LOOP('',(#1169,#1170,#1171));
#1169 = ORIENTED_EDGE('',*,*,#1134,.T.);
#1170 = ORIENTED_EDGE('',*,*,#1110,.T.);
#1171 = ORIENTED_EDGE('',*,*,#1172,.F.);
#1172 = EDGE_CURVE('',#1073,#818,#1173,.T.);
#1173 = ( BOUNDED_CURVE() B_SPLINE_CURVE(2,(#1174,#1175,#1176),
.UNSPECIFIED.,.F.,.F.) B_SPLINE_CURVE_WITH_KNOTS((3,3),(0.,
1.396263401595),.PIECEWISE_BEZIER_KNOTS.) CURVE() 
GEOMETRIC_REPRESENTATION_ITEM() RATIONAL_B_SPLINE_CURVE((1.,
0.766044443119,1.)) REPRESENTATION_ITEM('') );
#1174 = CARTESIAN_POINT('',(-0.452248830016,0.652248830016,0.6300001));
#1175 = CARTESIAN_POINT('',(-0.494203811575,0.652248830016,0.6300001));
#1176 = CARTESIAN_POINT('',(-0.501489217667,0.652248830016,
    0.588682508883));
#1177 = ( BOUNDED_SURFACE() B_SPLINE_SURFACE(2,2,(
    (#1178,#1179,#1180)
    ,(#1181,#1182,#1183)
    ,(#1184,#1185,#1186
)),.UNSPECIFIED.,.F.,.F.,.F.) B_SPLINE_SURFACE_WITH_KNOTS((3,3),(3,3),(
    3.316125578789,4.712388980385),(0.,1.396263401595),
.PIECEWISE_BEZIER_KNOTS.) GEOMETRIC_REPRESENTATION_ITEM() 
RATIONAL_B_SPLINE_SURFACE((
    (1.,0.766044443119,1.)
    ,(0.766044443119,0.586824088833,0.766044443119)
,(1.,0.766044443119,1.))) REPRESENTATION_ITEM('') SURFACE() );
#1178 = CARTESIAN_POINT('',(-0.501489217667,0.652248830016,
    0.588682508883));
#1179 = CARTESIAN_POINT('',(-0.501489217667,0.694203811575,
    0.588682508883));
#1180 = CARTESIAN_POINT('',(-0.460799333599,0.701489217667,0.58150778448
    ));
#1181 = CARTESIAN_POINT('',(-0.494203811575,0.652248830016,0.6300001));
#1182 = CARTESIAN_POINT('',(-0.494203811575,0.694203811575,0.6300001));
#1183 = CARTESIAN_POINT('',(-0.459534236108,0.701489217667,
    0.588682508883));
#1184 = CARTESIAN_POINT('',(-0.452248830016,0.652248830016,0.6300001));
#1185 = CARTESIAN_POINT('',(-0.452248830016,0.694203811575,0.6300001));
#1186 = CARTESIAN_POINT('',(-0.452248830016,0.701489217667,
    0.588682508883));
#1187 = ADVANCED_FACE('',(#1188),#1198,.T.);
#1188 = FACE_BOUND('',#1189,.T.);
#1189 = EDGE_LOOP('',(#1190,#1191,#1192));
#1190 = ORIENTED_EDGE('',*,*,#1153,.T.);
#1191 = ORIENTED_EDGE('',*,*,#1127,.T.);
#1192 = ORIENTED_EDGE('',*,*,#1193,.F.);
#1193 = EDGE_CURVE('',#1045,#1089,#1194,.T.);
#1194 = ( BOUNDED_CURVE() B_SPLINE_CURVE(2,(#1195,#1196,#1197),
.UNSPECIFIED.,.F.,.F.) B_SPLINE_CURVE_WITH_KNOTS((3,3),(3.316125578789,
4.712388980385),.PIECEWISE_BEZIER_KNOTS.) CURVE() 
GEOMETRIC_REPRESENTATION_ITEM() RATIONAL_B_SPLINE_CURVE((1.,
0.766044443119,1.)) REPRESENTATION_ITEM('') );
#1195 = CARTESIAN_POINT('',(0.501489217667,0.652248830016,0.588682508883
    ));
#1196 = CARTESIAN_POINT('',(0.494203811575,0.652248830016,0.6300001));
#1197 = CARTESIAN_POINT('',(0.452248830016,0.652248830016,0.6300001));
#1198 = ( BOUNDED_SURFACE() B_SPLINE_SURFACE(2,2,(
    (#1199,#1200,#1201)
    ,(#1202,#1203,#1204)
    ,(#1205,#1206,#1207
)),.UNSPECIFIED.,.F.,.F.,.F.) B_SPLINE_SURFACE_WITH_KNOTS((3,3),(3,3),(
    4.712388980385,6.10865238198),(-2.22044604925E-15,1.396263401595),
.PIECEWISE_BEZIER_KNOTS.) GEOMETRIC_REPRESENTATION_ITEM() 
RATIONAL_B_SPLINE_SURFACE((
    (1.,0.766044443119,1.)
    ,(0.766044443119,0.586824088833,0.766044443119)
,(1.,0.766044443119,1.))) REPRESENTATION_ITEM('') SURFACE() );
#1199 = CARTESIAN_POINT('',(0.452248830016,0.652248830016,0.6300001));
#1200 = CARTESIAN_POINT('',(0.452248830016,0.694203811575,0.6300001));
#1201 = CARTESIAN_POINT('',(0.452248830016,0.701489217667,0.588682508883
    ));
#1202 = CARTESIAN_POINT('',(0.494203811575,0.652248830016,0.6300001));
#1203 = CARTESIAN_POINT('',(0.494203811575,0.694203811575,0.6300001));
#1204 = CARTESIAN_POINT('',(0.459534236108,0.701489217667,0.588682508883
    ));
#1205 = CARTESIAN_POINT('',(0.501489217667,0.652248830016,0.588682508883
    ));
#1206 = CARTESIAN_POINT('',(0.501489217667,0.694203811575,0.588682508883
    ));
#1207 = CARTESIAN_POINT('',(0.460799333599,0.701489217667,0.58150778448)
  );
#1208 = ADVANCED_FACE('',(#1209),#1220,.T.);
#1209 = FACE_BOUND('',#1210,.T.);
#1210 = EDGE_LOOP('',(#1211,#1212,#1213,#1219));
#1211 = ORIENTED_EDGE('',*,*,#891,.F.);
#1212 = ORIENTED_EDGE('',*,*,#946,.F.);
#1213 = ORIENTED_EDGE('',*,*,#1214,.F.);
#1214 = EDGE_CURVE('',#811,#940,#1215,.T.);
#1215 = ( BOUNDED_CURVE() B_SPLINE_CURVE(2,(#1216,#1217,#1218),
.UNSPECIFIED.,.F.,.F.) B_SPLINE_CURVE_WITH_KNOTS((3,3),(3.14159265359,
4.682230719392),.PIECEWISE_BEZIER_KNOTS.) CURVE() 
GEOMETRIC_REPRESENTATION_ITEM() RATIONAL_B_SPLINE_CURVE((1.,
0.717688543035,1.)) REPRESENTATION_ITEM('') );
#1216 = CARTESIAN_POINT('',(-0.501489217667,-0.652248830016,
    0.588682508883));
#1217 = CARTESIAN_POINT('',(-0.500047899366,-0.700047899366,
    0.596856631158));
#1218 = CARTESIAN_POINT('',(-0.452248830016,-0.701489217667,
    0.588682508883));
#1219 = ORIENTED_EDGE('',*,*,#810,.F.);
#1220 = ( BOUNDED_SURFACE() B_SPLINE_SURFACE(2,1,(
    (#1221,#1222)
    ,(#1223,#1224)
    ,(#1225,#1226
)),.UNSPECIFIED.,.F.,.F.,.F.) B_SPLINE_SURFACE_WITH_KNOTS((3,3),(2,2),(
    3.14159265359,4.682230719392),(-0.575660611249,-2.561753403677E-03),
.PIECEWISE_BEZIER_KNOTS.) GEOMETRIC_REPRESENTATION_ITEM() 
RATIONAL_B_SPLINE_SURFACE((
    (1.,1.)
    ,(0.717688543035,0.717688543035)
,(1.,1.))) REPRESENTATION_ITEM('') SURFACE() );
#1221 = CARTESIAN_POINT('',(-0.452248830016,-0.701489217667,
    0.588682508883));
#1222 = CARTESIAN_POINT('',(-0.550299092759,-0.799539480409,
    3.261183638219E-02));
#1223 = CARTESIAN_POINT('',(-0.500047899366,-0.700047899366,
    0.596856631158));
#1224 = CARTESIAN_POINT('',(-0.598098162109,-0.798098162109,
    4.078595865714E-02));
#1225 = CARTESIAN_POINT('',(-0.501489217667,-0.652248830016,
    0.588682508883));
#1226 = CARTESIAN_POINT('',(-0.599539480409,-0.750299092759,
    3.261183638219E-02));
#1227 = ADVANCED_FACE('',(#1228),#1239,.T.);
#1228 = FACE_BOUND('',#1229,.T.);
#1229 = EDGE_LOOP('',(#1230,#1231,#1232,#1238));
#1230 = ORIENTED_EDGE('',*,*,#1172,.T.);
#1231 = ORIENTED_EDGE('',*,*,#817,.F.);
#1232 = ORIENTED_EDGE('',*,*,#1233,.F.);
#1233 = EDGE_CURVE('',#1075,#811,#1234,.T.);
#1234 = ( BOUNDED_CURVE() B_SPLINE_CURVE(2,(#1235,#1236,#1237),
.UNSPECIFIED.,.F.,.F.) B_SPLINE_CURVE_WITH_KNOTS((3,3),(3.14159265359,
4.537856055185),.PIECEWISE_BEZIER_KNOTS.) CURVE() 
GEOMETRIC_REPRESENTATION_ITEM() RATIONAL_B_SPLINE_CURVE((1.,
0.766044443119,1.)) REPRESENTATION_ITEM('') );
#1235 = CARTESIAN_POINT('',(-0.452248830016,-0.652248830016,0.6300001));
#1236 = CARTESIAN_POINT('',(-0.494203811575,-0.652248830016,0.6300001));
#1237 = CARTESIAN_POINT('',(-0.501489217667,-0.652248830016,
    0.588682508883));
#1238 = ORIENTED_EDGE('',*,*,#1072,.F.);
#1239 = ( BOUNDED_SURFACE() B_SPLINE_SURFACE(2,1,(
    (#1240,#1241)
    ,(#1242,#1243)
    ,(#1244,#1245
)),.UNSPECIFIED.,.F.,.F.,.F.) B_SPLINE_SURFACE_WITH_KNOTS((3,3),(2,2),(
    0.174532925199,1.570796326795),(-1.402248830016,-9.775116998394E-02)
,.PIECEWISE_BEZIER_KNOTS.) GEOMETRIC_REPRESENTATION_ITEM() 
RATIONAL_B_SPLINE_SURFACE((
    (1.,1.)
    ,(0.766044443119,0.766044443119)
,(1.,1.))) REPRESENTATION_ITEM('') SURFACE() );
#1240 = CARTESIAN_POINT('',(-0.501489217667,-0.652248830016,
    0.588682508883));
#1241 = CARTESIAN_POINT('',(-0.501489217667,0.652248830016,
    0.588682508883));
#1242 = CARTESIAN_POINT('',(-0.494203811575,-0.652248830016,0.6300001));
#1243 = CARTESIAN_POINT('',(-0.494203811575,0.652248830016,0.6300001));
#1244 = CARTESIAN_POINT('',(-0.452248830016,-0.652248830016,0.6300001));
#1245 = CARTESIAN_POINT('',(-0.452248830016,0.652248830016,0.6300001));
#1246 = ADVANCED_FACE('',(#1247),#1258,.T.);
#1247 = FACE_BOUND('',#1248,.T.);
#1248 = EDGE_LOOP('',(#1249,#1250,#1251,#1257));
#1249 = ORIENTED_EDGE('',*,*,#1193,.T.);
#1250 = ORIENTED_EDGE('',*,*,#1088,.F.);
#1251 = ORIENTED_EDGE('',*,*,#1252,.F.);
#1252 = EDGE_CURVE('',#1052,#1082,#1253,.T.);
#1253 = ( BOUNDED_CURVE() B_SPLINE_CURVE(2,(#1254,#1255,#1256),
.UNSPECIFIED.,.F.,.F.) B_SPLINE_CURVE_WITH_KNOTS((3,3),(1.745329251994,
3.14159265359),.PIECEWISE_BEZIER_KNOTS.) CURVE() 
GEOMETRIC_REPRESENTATION_ITEM() RATIONAL_B_SPLINE_CURVE((1.,
0.766044443119,1.)) REPRESENTATION_ITEM('') );
#1254 = CARTESIAN_POINT('',(0.501489217667,-0.652248830016,
    0.588682508883));
#1255 = CARTESIAN_POINT('',(0.494203811575,-0.652248830016,0.6300001));
#1256 = CARTESIAN_POINT('',(0.452248830016,-0.652248830016,0.6300001));
#1257 = ORIENTED_EDGE('',*,*,#1051,.F.);
#1258 = ( BOUNDED_SURFACE() B_SPLINE_SURFACE(2,1,(
    (#1259,#1260)
    ,(#1261,#1262)
    ,(#1263,#1264
)),.UNSPECIFIED.,.F.,.F.,.F.) B_SPLINE_SURFACE_WITH_KNOTS((3,3),(2,2),(
    0.174532925199,1.570796326795),(9.775116998394E-02,1.402248830016),
.PIECEWISE_BEZIER_KNOTS.) GEOMETRIC_REPRESENTATION_ITEM() 
RATIONAL_B_SPLINE_SURFACE((
    (1.,1.)
    ,(0.766044443119,0.766044443119)
,(1.,1.))) REPRESENTATION_ITEM('') SURFACE() );
#1259 = CARTESIAN_POINT('',(0.501489217667,0.652248830016,0.588682508883
    ));
#1260 = CARTESIAN_POINT('',(0.501489217667,-0.652248830016,
    0.588682508883));
#1261 = CARTESIAN_POINT('',(0.494203811575,0.652248830016,0.6300001));
#1262 = CARTESIAN_POINT('',(0.494203811575,-0.652248830016,0.6300001));
#1263 = CARTESIAN_POINT('',(0.452248830016,0.652248830016,0.6300001));
#1264 = CARTESIAN_POINT('',(0.452248830016,-0.652248830016,0.6300001));
#1265 = ADVANCED_FACE('',(#1266),#1277,.T.);
#1266 = FACE_BOUND('',#1267,.T.);
#1267 = EDGE_LOOP('',(#1268,#1269,#1270,#1276));
#1268 = ORIENTED_EDGE('',*,*,#968,.F.);
#1269 = ORIENTED_EDGE('',*,*,#1058,.F.);
#1270 = ORIENTED_EDGE('',*,*,#1271,.F.);
#1271 = EDGE_CURVE('',#933,#1052,#1272,.T.);
#1272 = ( BOUNDED_CURVE() B_SPLINE_CURVE(2,(#1273,#1274,#1275),
.UNSPECIFIED.,.F.,.F.) B_SPLINE_CURVE_WITH_KNOTS((3,3),(0.,
1.540638065802),.PIECEWISE_BEZIER_KNOTS.) CURVE() 
GEOMETRIC_REPRESENTATION_ITEM() RATIONAL_B_SPLINE_CURVE((1.,
0.717688543035,1.)) REPRESENTATION_ITEM('') );
#1273 = CARTESIAN_POINT('',(0.452248830016,-0.701489217667,
    0.588682508883));
#1274 = CARTESIAN_POINT('',(0.500047899366,-0.700047899366,
    0.596856631158));
#1275 = CARTESIAN_POINT('',(0.501489217667,-0.652248830016,
    0.588682508883));
#1276 = ORIENTED_EDGE('',*,*,#932,.F.);
#1277 = ( BOUNDED_SURFACE() B_SPLINE_SURFACE(2,1,(
    (#1278,#1279)
    ,(#1280,#1281)
    ,(#1282,#1283
)),.UNSPECIFIED.,.F.,.F.,.F.) B_SPLINE_SURFACE_WITH_KNOTS((3,3),(2,2),(
    3.14159265359,4.682230719392),(-0.31902880663,0.254070051215),
.PIECEWISE_BEZIER_KNOTS.) GEOMETRIC_REPRESENTATION_ITEM() 
RATIONAL_B_SPLINE_SURFACE((
    (1.,1.)
    ,(0.717688543035,0.717688543035)
,(1.,1.))) REPRESENTATION_ITEM('') SURFACE() );
#1278 = CARTESIAN_POINT('',(0.501489217667,-0.652248830016,
    0.588682508883));
#1279 = CARTESIAN_POINT('',(0.599539480409,-0.750299092759,
    3.261183638219E-02));
#1280 = CARTESIAN_POINT('',(0.500047899366,-0.700047899366,
    0.596856631158));
#1281 = CARTESIAN_POINT('',(0.598098162109,-0.798098162109,
    4.078595865714E-02));
#1282 = CARTESIAN_POINT('',(0.452248830016,-0.701489217667,
    0.588682508883));
#1283 = CARTESIAN_POINT('',(0.550299092759,-0.799539480409,
    3.261183638219E-02));
#1284 = ADVANCED_FACE('',(#1285),#1295,.T.);
#1285 = FACE_BOUND('',#1286,.T.);
#1286 = EDGE_LOOP('',(#1287,#1288,#1289));
#1287 = ORIENTED_EDGE('',*,*,#1233,.T.);
#1288 = ORIENTED_EDGE('',*,*,#1214,.T.);
#1289 = ORIENTED_EDGE('',*,*,#1290,.F.);
#1290 = EDGE_CURVE('',#1075,#940,#1291,.T.);
#1291 = ( BOUNDED_CURVE() B_SPLINE_CURVE(2,(#1292,#1293,#1294),
.UNSPECIFIED.,.F.,.F.) B_SPLINE_CURVE_WITH_KNOTS((3,3),(0.,
1.396263401595),.PIECEWISE_BEZIER_KNOTS.) CURVE() 
GEOMETRIC_REPRESENTATION_ITEM() RATIONAL_B_SPLINE_CURVE((1.,
0.766044443119,1.)) REPRESENTATION_ITEM('') );
#1292 = CARTESIAN_POINT('',(-0.452248830016,-0.652248830016,0.6300001));
#1293 = CARTESIAN_POINT('',(-0.452248830016,-0.694203811575,0.6300001));
#1294 = CARTESIAN_POINT('',(-0.452248830016,-0.701489217667,
    0.588682508883));
#1295 = ( BOUNDED_SURFACE() B_SPLINE_SURFACE(2,2,(
    (#1296,#1297,#1298)
    ,(#1299,#1300,#1301)
    ,(#1302,#1303,#1304
)),.UNSPECIFIED.,.F.,.F.,.F.) B_SPLINE_SURFACE_WITH_KNOTS((3,3),(3,3),(
    3.316125578789,4.712388980385),(-1.396263401595,0.),
.PIECEWISE_BEZIER_KNOTS.) GEOMETRIC_REPRESENTATION_ITEM() 
RATIONAL_B_SPLINE_SURFACE((
    (1.,0.766044443119,1.)
    ,(0.766044443119,0.586824088833,0.766044443119)
,(1.,0.766044443119,1.))) REPRESENTATION_ITEM('') SURFACE() );
#1296 = CARTESIAN_POINT('',(-0.460799333599,-0.701489217667,
    0.58150778448));
#1297 = CARTESIAN_POINT('',(-0.501489217667,-0.694203811575,
    0.588682508883));
#1298 = CARTESIAN_POINT('',(-0.501489217667,-0.652248830016,
    0.588682508883));
#1299 = CARTESIAN_POINT('',(-0.459534236108,-0.701489217667,
    0.588682508883));
#1300 = CARTESIAN_POINT('',(-0.494203811575,-0.694203811575,0.6300001));
#1301 = CARTESIAN_POINT('',(-0.494203811575,-0.652248830016,0.6300001));
#1302 = CARTESIAN_POINT('',(-0.452248830016,-0.701489217667,
    0.588682508883));
#1303 = CARTESIAN_POINT('',(-0.452248830016,-0.694203811575,0.6300001));
#1304 = CARTESIAN_POINT('',(-0.452248830016,-0.652248830016,0.6300001));
#1305 = ADVANCED_FACE('',(#1306),#1316,.T.);
#1306 = FACE_BOUND('',#1307,.T.);
#1307 = EDGE_LOOP('',(#1308,#1309,#1310));
#1308 = ORIENTED_EDGE('',*,*,#1271,.T.);
#1309 = ORIENTED_EDGE('',*,*,#1252,.T.);
#1310 = ORIENTED_EDGE('',*,*,#1311,.F.);
#1311 = EDGE_CURVE('',#933,#1082,#1312,.T.);
#1312 = ( BOUNDED_CURVE() B_SPLINE_CURVE(2,(#1313,#1314,#1315),
.UNSPECIFIED.,.F.,.F.) B_SPLINE_CURVE_WITH_KNOTS((3,3),(3.316125578789,
4.712388980385),.PIECEWISE_BEZIER_KNOTS.) CURVE() 
GEOMETRIC_REPRESENTATION_ITEM() RATIONAL_B_SPLINE_CURVE((1.,
0.766044443119,1.)) REPRESENTATION_ITEM('') );
#1313 = CARTESIAN_POINT('',(0.452248830016,-0.701489217667,
    0.588682508883));
#1314 = CARTESIAN_POINT('',(0.452248830016,-0.694203811575,0.6300001));
#1315 = CARTESIAN_POINT('',(0.452248830016,-0.652248830016,0.6300001));
#1316 = ( BOUNDED_SURFACE() B_SPLINE_SURFACE(2,2,(
    (#1317,#1318,#1319)
    ,(#1320,#1321,#1322)
    ,(#1323,#1324,#1325
)),.UNSPECIFIED.,.F.,.F.,.F.) B_SPLINE_SURFACE_WITH_KNOTS((3,3),(3,3),(
    4.712388980385,6.10865238198),(-1.396263401595,2.22044604925E-15),
.PIECEWISE_BEZIER_KNOTS.) GEOMETRIC_REPRESENTATION_ITEM() 
RATIONAL_B_SPLINE_SURFACE((
    (1.,0.766044443119,1.)
    ,(0.766044443119,0.586824088833,0.766044443119)
,(1.,0.766044443119,1.))) REPRESENTATION_ITEM('') SURFACE() );
#1317 = CARTESIAN_POINT('',(0.452248830016,-0.701489217667,
    0.588682508883));
#1318 = CARTESIAN_POINT('',(0.452248830016,-0.694203811575,0.6300001));
#1319 = CARTESIAN_POINT('',(0.452248830016,-0.652248830016,0.6300001));
#1320 = CARTESIAN_POINT('',(0.459534236108,-0.701489217667,
    0.588682508883));
#1321 = CARTESIAN_POINT('',(0.494203811575,-0.694203811575,0.6300001));
#1322 = CARTESIAN_POINT('',(0.494203811575,-0.652248830016,0.6300001));
#1323 = CARTESIAN_POINT('',(0.460799333599,-0.701489217667,0.58150778448
    ));
#1324 = CARTESIAN_POINT('',(0.501489217667,-0.694203811575,
    0.588682508883));
#1325 = CARTESIAN_POINT('',(0.501489217667,-0.652248830016,
    0.588682508883));
#1326 = ADVANCED_FACE('',(#1327),#1333,.T.);
#1327 = FACE_BOUND('',#1328,.T.);
#1328 = EDGE_LOOP('',(#1329,#1330,#1331,#1332));
#1329 = ORIENTED_EDGE('',*,*,#1290,.T.);
#1330 = ORIENTED_EDGE('',*,*,#939,.F.);
#1331 = ORIENTED_EDGE('',*,*,#1311,.T.);
#1332 = ORIENTED_EDGE('',*,*,#1081,.F.);
#1333 = ( BOUNDED_SURFACE() B_SPLINE_SURFACE(2,1,(
    (#1334,#1335)
    ,(#1336,#1337)
    ,(#1338,#1339
)),.UNSPECIFIED.,.F.,.F.,.F.) B_SPLINE_SURFACE_WITH_KNOTS((3,3),(2,2),(
    4.886921905584,6.28318530718),(9.775116998394E-02,1.002248830016),
.PIECEWISE_BEZIER_KNOTS.) GEOMETRIC_REPRESENTATION_ITEM() 
RATIONAL_B_SPLINE_SURFACE((
    (1.,1.)
    ,(0.766044443119,0.766044443119)
,(1.,1.))) REPRESENTATION_ITEM('') SURFACE() );
#1334 = CARTESIAN_POINT('',(0.452248830016,-0.701489217667,
    0.588682508883));
#1335 = CARTESIAN_POINT('',(-0.452248830016,-0.701489217667,
    0.588682508883));
#1336 = CARTESIAN_POINT('',(0.452248830016,-0.694203811575,0.6300001));
#1337 = CARTESIAN_POINT('',(-0.452248830016,-0.694203811575,0.6300001));
#1338 = CARTESIAN_POINT('',(0.452248830016,-0.652248830016,0.6300001));
#1339 = CARTESIAN_POINT('',(-0.452248830016,-0.652248830016,0.6300001));
#1340 = ADVANCED_FACE('',(#1341),#1363,.T.);
#1341 = FACE_BOUND('',#1342,.T.);
#1342 = EDGE_LOOP('',(#1343,#1344,#1351,#1358));
#1343 = ORIENTED_EDGE('',*,*,#1030,.F.);
#1344 = ORIENTED_EDGE('',*,*,#1345,.F.);
#1345 = EDGE_CURVE('',#1346,#1024,#1348,.T.);
#1346 = VERTEX_POINT('',#1347);
#1347 = CARTESIAN_POINT('',(0.8,0.385,0.1300001));
#1348 = B_SPLINE_CURVE_WITH_KNOTS('',1,(#1349,#1350),.UNSPECIFIED.,.F.,
  .F.,(2,2),(-0.3,-8.236730192915E-02),.PIECEWISE_BEZIER_KNOTS.);
#1349 = CARTESIAN_POINT('',(0.8,0.385,0.1300001));
#1350 = CARTESIAN_POINT('',(0.582367301929,0.385,0.1300001));
#1351 = ORIENTED_EDGE('',*,*,#1352,.F.);
#1352 = EDGE_CURVE('',#1353,#1346,#1355,.T.);
#1353 = VERTEX_POINT('',#1354);
#1354 = CARTESIAN_POINT('',(0.8,0.615,0.1300001));
#1355 = B_SPLINE_CURVE_WITH_KNOTS('',1,(#1356,#1357),.UNSPECIFIED.,.F.,
  .F.,(2,2),(0.,0.23),.PIECEWISE_BEZIER_KNOTS.);
#1356 = CARTESIAN_POINT('',(0.8,0.615,0.1300001));
#1357 = CARTESIAN_POINT('',(0.8,0.385,0.1300001));
#1358 = ORIENTED_EDGE('',*,*,#1359,.F.);
#1359 = EDGE_CURVE('',#1031,#1353,#1360,.T.);
#1360 = B_SPLINE_CURVE_WITH_KNOTS('',1,(#1361,#1362),.UNSPECIFIED.,.F.,
  .F.,(2,2),(8.236730192915E-02,0.3),.PIECEWISE_BEZIER_KNOTS.);
#1361 = CARTESIAN_POINT('',(0.582367301929,0.615,0.1300001));
#1362 = CARTESIAN_POINT('',(0.8,0.615,0.1300001));
#1363 = B_SPLINE_SURFACE_WITH_KNOTS('',1,1,(
    (#1364,#1365)
    ,(#1366,#1367
    )),.UNSPECIFIED.,.F.,.F.,.F.,(2,2),(2,2),(0.582367301929,0.8),(0.385
    ,0.615),.PIECEWISE_BEZIER_KNOTS.);
#1364 = CARTESIAN_POINT('',(0.582367301929,0.385,0.1300001));
#1365 = CARTESIAN_POINT('',(0.582367301929,0.615,0.1300001));
#1366 = CARTESIAN_POINT('',(0.8,0.385,0.1300001));
#1367 = CARTESIAN_POINT('',(0.8,0.615,0.1300001));
#1368 = ADVANCED_FACE('',(#1369),#1393,.T.);
#1369 = FACE_BOUND('',#1370,.T.);
#1370 = EDGE_LOOP('',(#1371,#1372,#1373,#1380,#1387,#1392));
#1371 = ORIENTED_EDGE('',*,*,#1037,.F.);
#1372 = ORIENTED_EDGE('',*,*,#1359,.T.);
#1373 = ORIENTED_EDGE('',*,*,#1374,.T.);
#1374 = EDGE_CURVE('',#1353,#1375,#1377,.T.);
#1375 = VERTEX_POINT('',#1376);
#1376 = CARTESIAN_POINT('',(0.8,0.615,9.999999999941E-08));
#1377 = B_SPLINE_CURVE_WITH_KNOTS('',1,(#1378,#1379),.UNSPECIFIED.,.F.,
  .F.,(2,2),(0.,0.13),.PIECEWISE_BEZIER_KNOTS.);
#1378 = CARTESIAN_POINT('',(0.8,0.615,0.1300001));
#1379 = CARTESIAN_POINT('',(0.8,0.615,9.999999999941E-08));
#1380 = ORIENTED_EDGE('',*,*,#1381,.F.);
#1381 = EDGE_CURVE('',#1382,#1375,#1384,.T.);
#1382 = VERTEX_POINT('',#1383);
#1383 = CARTESIAN_POINT('',(0.5,0.615,9.999999999941E-08));
#1384 = B_SPLINE_CURVE_WITH_KNOTS('',1,(#1385,#1386),.UNSPECIFIED.,.F.,
  .F.,(2,2),(0.,0.3),.PIECEWISE_BEZIER_KNOTS.);
#1385 = CARTESIAN_POINT('',(0.5,0.615,9.999999999941E-08));
#1386 = CARTESIAN_POINT('',(0.8,0.615,9.999999999941E-08));
#1387 = ORIENTED_EDGE('',*,*,#1388,.F.);
#1388 = EDGE_CURVE('',#196,#1382,#1389,.T.);
#1389 = B_SPLINE_CURVE_WITH_KNOTS('',1,(#1390,#1391),.UNSPECIFIED.,.F.,
  .F.,(2,2),(0.1,0.13),.PIECEWISE_BEZIER_KNOTS.);
#1390 = CARTESIAN_POINT('',(0.5,0.615,3.00001E-02));
#1391 = CARTESIAN_POINT('',(0.5,0.615,9.999999999941E-08));
#1392 = ORIENTED_EDGE('',*,*,#195,.T.);
#1393 = B_SPLINE_SURFACE_WITH_KNOTS('',1,1,(
    (#1394,#1395)
    ,(#1396,#1397
    )),.UNSPECIFIED.,.F.,.F.,.F.,(2,2),(2,2),(-0.3,0.),(-0.13,
    1.516076669125E-18),.PIECEWISE_BEZIER_KNOTS.);
#1394 = CARTESIAN_POINT('',(0.8,0.615,9.999999999941E-08));
#1395 = CARTESIAN_POINT('',(0.8,0.615,0.1300001));
#1396 = CARTESIAN_POINT('',(0.5,0.615,9.999999999941E-08));
#1397 = CARTESIAN_POINT('',(0.5,0.615,0.1300001));
#1398 = ADVANCED_FACE('',(#1399),#1423,.T.);
#1399 = FACE_BOUND('',#1400,.T.);
#1400 = EDGE_LOOP('',(#1401,#1402,#1403,#1410,#1417,#1422));
#1401 = ORIENTED_EDGE('',*,*,#1023,.F.);
#1402 = ORIENTED_EDGE('',*,*,#209,.T.);
#1403 = ORIENTED_EDGE('',*,*,#1404,.T.);
#1404 = EDGE_CURVE('',#203,#1405,#1407,.T.);
#1405 = VERTEX_POINT('',#1406);
#1406 = CARTESIAN_POINT('',(0.5,0.385,9.999999999941E-08));
#1407 = B_SPLINE_CURVE_WITH_KNOTS('',1,(#1408,#1409),.UNSPECIFIED.,.F.,
  .F.,(2,2),(0.1,0.13),.PIECEWISE_BEZIER_KNOTS.);
#1408 = CARTESIAN_POINT('',(0.5,0.385,3.00001E-02));
#1409 = CARTESIAN_POINT('',(0.5,0.385,9.999999999941E-08));
#1410 = ORIENTED_EDGE('',*,*,#1411,.F.);
#1411 = EDGE_CURVE('',#1412,#1405,#1414,.T.);
#1412 = VERTEX_POINT('',#1413);
#1413 = CARTESIAN_POINT('',(0.8,0.385,9.999999999941E-08));
#1414 = B_SPLINE_CURVE_WITH_KNOTS('',1,(#1415,#1416),.UNSPECIFIED.,.F.,
  .F.,(2,2),(-0.3,0.),.PIECEWISE_BEZIER_KNOTS.);
#1415 = CARTESIAN_POINT('',(0.8,0.385,9.999999999941E-08));
#1416 = CARTESIAN_POINT('',(0.5,0.385,9.999999999941E-08));
#1417 = ORIENTED_EDGE('',*,*,#1418,.F.);
#1418 = EDGE_CURVE('',#1346,#1412,#1419,.T.);
#1419 = B_SPLINE_CURVE_WITH_KNOTS('',1,(#1420,#1421),.UNSPECIFIED.,.F.,
  .F.,(2,2),(0.,0.13),.PIECEWISE_BEZIER_KNOTS.);
#1420 = CARTESIAN_POINT('',(0.8,0.385,0.1300001));
#1421 = CARTESIAN_POINT('',(0.8,0.385,9.999999999941E-08));
#1422 = ORIENTED_EDGE('',*,*,#1345,.T.);
#1423 = B_SPLINE_SURFACE_WITH_KNOTS('',1,1,(
    (#1424,#1425)
    ,(#1426,#1427
    )),.UNSPECIFIED.,.F.,.F.,.F.,(2,2),(2,2),(0.,0.3),(-0.13,
    1.516076669125E-18),.PIECEWISE_BEZIER_KNOTS.);
#1424 = CARTESIAN_POINT('',(0.5,0.385,9.999999999941E-08));
#1425 = CARTESIAN_POINT('',(0.5,0.385,0.1300001));
#1426 = CARTESIAN_POINT('',(0.8,0.385,9.999999999941E-08));
#1427 = CARTESIAN_POINT('',(0.8,0.385,0.1300001));
#1428 = ADVANCED_FACE('',(#1429),#1439,.T.);
#1429 = FACE_BOUND('',#1430,.T.);
#1430 = EDGE_LOOP('',(#1431,#1432,#1437,#1438));
#1431 = ORIENTED_EDGE('',*,*,#1418,.T.);
#1432 = ORIENTED_EDGE('',*,*,#1433,.F.);
#1433 = EDGE_CURVE('',#1375,#1412,#1434,.T.);
#1434 = B_SPLINE_CURVE_WITH_KNOTS('',1,(#1435,#1436),.UNSPECIFIED.,.F.,
  .F.,(2,2),(0.,0.23),.PIECEWISE_BEZIER_KNOTS.);
#1435 = CARTESIAN_POINT('',(0.8,0.615,9.999999999941E-08));
#1436 = CARTESIAN_POINT('',(0.8,0.385,9.999999999941E-08));
#1437 = ORIENTED_EDGE('',*,*,#1374,.F.);
#1438 = ORIENTED_EDGE('',*,*,#1352,.T.);
#1439 = B_SPLINE_SURFACE_WITH_KNOTS('',1,1,(
    (#1440,#1441)
    ,(#1442,#1443
    )),.UNSPECIFIED.,.F.,.F.,.F.,(2,2),(2,2),(0.,0.13),(-0.23,0.),
  .PIECEWISE_BEZIER_KNOTS.);
#1440 = CARTESIAN_POINT('',(0.8,0.385,0.1300001));
#1441 = CARTESIAN_POINT('',(0.8,0.615,0.1300001));
#1442 = CARTESIAN_POINT('',(0.8,0.385,9.999999999941E-08));
#1443 = CARTESIAN_POINT('',(0.8,0.615,9.999999999941E-08));
#1444 = ADVANCED_FACE('',(#1445),#1455,.T.);
#1445 = FACE_BOUND('',#1446,.T.);
#1446 = EDGE_LOOP('',(#1447,#1448,#1449,#1450));
#1447 = ORIENTED_EDGE('',*,*,#1404,.F.);
#1448 = ORIENTED_EDGE('',*,*,#202,.T.);
#1449 = ORIENTED_EDGE('',*,*,#1388,.T.);
#1450 = ORIENTED_EDGE('',*,*,#1451,.F.);
#1451 = EDGE_CURVE('',#1405,#1382,#1452,.T.);
#1452 = B_SPLINE_CURVE_WITH_KNOTS('',1,(#1453,#1454),.UNSPECIFIED.,.F.,
  .F.,(2,2),(-0.23,0.),.PIECEWISE_BEZIER_KNOTS.);
#1453 = CARTESIAN_POINT('',(0.5,0.385,9.999999999941E-08));
#1454 = CARTESIAN_POINT('',(0.5,0.615,9.999999999941E-08));
#1455 = B_SPLINE_SURFACE_WITH_KNOTS('',1,1,(
    (#1456,#1457)
    ,(#1458,#1459
    )),.UNSPECIFIED.,.F.,.F.,.F.,(2,2),(2,2),(0.,0.23),(-0.13,-0.1),
  .PIECEWISE_BEZIER_KNOTS.);
#1456 = CARTESIAN_POINT('',(0.5,0.615,9.999999999941E-08));
#1457 = CARTESIAN_POINT('',(0.5,0.615,3.00001E-02));
#1458 = CARTESIAN_POINT('',(0.5,0.385,9.999999999941E-08));
#1459 = CARTESIAN_POINT('',(0.5,0.385,3.00001E-02));
#1460 = ADVANCED_FACE('',(#1461),#1467,.F.);
#1461 = FACE_BOUND('',#1462,.T.);
#1462 = EDGE_LOOP('',(#1463,#1464,#1465,#1466));
#1463 = ORIENTED_EDGE('',*,*,#1433,.T.);
#1464 = ORIENTED_EDGE('',*,*,#1411,.T.);
#1465 = ORIENTED_EDGE('',*,*,#1451,.T.);
#1466 = ORIENTED_EDGE('',*,*,#1381,.T.);
#1467 = B_SPLINE_SURFACE_WITH_KNOTS('',1,1,(
    (#1468,#1469)
    ,(#1470,#1471
    )),.UNSPECIFIED.,.F.,.F.,.F.,(2,2),(2,2),(0.5,0.8),(0.385,0.615),
  .PIECEWISE_BEZIER_KNOTS.);
#1468 = CARTESIAN_POINT('',(0.5,0.385,9.999999999941E-08));
#1469 = CARTESIAN_POINT('',(0.5,0.615,9.999999999941E-08));
#1470 = CARTESIAN_POINT('',(0.8,0.385,9.999999999941E-08));
#1471 = CARTESIAN_POINT('',(0.8,0.615,9.999999999941E-08));
#1472 = ADVANCED_FACE('',(#1473),#1495,.F.);
#1473 = FACE_BOUND('',#1474,.T.);
#1474 = EDGE_LOOP('',(#1475,#1482,#1483,#1490));
#1475 = ORIENTED_EDGE('',*,*,#1476,.F.);
#1476 = EDGE_CURVE('',#1011,#1477,#1479,.T.);
#1477 = VERTEX_POINT('',#1478);
#1478 = CARTESIAN_POINT('',(0.8,-0.385,0.1300001));
#1479 = B_SPLINE_CURVE_WITH_KNOTS('',1,(#1480,#1481),.UNSPECIFIED.,.F.,
  .F.,(2,2),(8.236730192915E-02,0.3),.PIECEWISE_BEZIER_KNOTS.);
#1480 = CARTESIAN_POINT('',(0.582367301929,-0.385,0.1300001));
#1481 = CARTESIAN_POINT('',(0.8,-0.385,0.1300001));
#1482 = ORIENTED_EDGE('',*,*,#1010,.T.);
#1483 = ORIENTED_EDGE('',*,*,#1484,.F.);
#1484 = EDGE_CURVE('',#1485,#1004,#1487,.T.);
#1485 = VERTEX_POINT('',#1486);
#1486 = CARTESIAN_POINT('',(0.8,-0.615,0.1300001));
#1487 = B_SPLINE_CURVE_WITH_KNOTS('',1,(#1488,#1489),.UNSPECIFIED.,.F.,
  .F.,(2,2),(-0.3,-8.236730192915E-02),.PIECEWISE_BEZIER_KNOTS.);
#1488 = CARTESIAN_POINT('',(0.8,-0.615,0.1300001));
#1489 = CARTESIAN_POINT('',(0.582367301929,-0.615,0.1300001));
#1490 = ORIENTED_EDGE('',*,*,#1491,.F.);
#1491 = EDGE_CURVE('',#1477,#1485,#1492,.T.);
#1492 = B_SPLINE_CURVE_WITH_KNOTS('',1,(#1493,#1494),.UNSPECIFIED.,.F.,
  .F.,(2,2),(-0.23,-0.),.PIECEWISE_BEZIER_KNOTS.);
#1493 = CARTESIAN_POINT('',(0.8,-0.385,0.1300001));
#1494 = CARTESIAN_POINT('',(0.8,-0.615,0.1300001));
#1495 = B_SPLINE_SURFACE_WITH_KNOTS('',1,1,(
    (#1496,#1497)
    ,(#1498,#1499
    )),.UNSPECIFIED.,.F.,.F.,.F.,(2,2),(2,2),(-0.8,-0.582367301929),(
    -0.615,-0.385),.PIECEWISE_BEZIER_KNOTS.);
#1496 = CARTESIAN_POINT('',(0.8,-0.615,0.1300001));
#1497 = CARTESIAN_POINT('',(0.8,-0.385,0.1300001));
#1498 = CARTESIAN_POINT('',(0.582367301929,-0.615,0.1300001));
#1499 = CARTESIAN_POINT('',(0.582367301929,-0.385,0.1300001));
#1500 = ADVANCED_FACE('',(#1501),#1525,.T.);
#1501 = FACE_BOUND('',#1502,.T.);
#1502 = EDGE_LOOP('',(#1503,#1504,#1505,#1512,#1519,#1524));
#1503 = ORIENTED_EDGE('',*,*,#1003,.F.);
#1504 = ORIENTED_EDGE('',*,*,#237,.T.);
#1505 = ORIENTED_EDGE('',*,*,#1506,.T.);
#1506 = EDGE_CURVE('',#231,#1507,#1509,.T.);
#1507 = VERTEX_POINT('',#1508);
#1508 = CARTESIAN_POINT('',(0.5,-0.615,9.999999999941E-08));
#1509 = B_SPLINE_CURVE_WITH_KNOTS('',1,(#1510,#1511),.UNSPECIFIED.,.F.,
  .F.,(2,2),(0.1,0.13),.PIECEWISE_BEZIER_KNOTS.);
#1510 = CARTESIAN_POINT('',(0.5,-0.615,3.00001E-02));
#1511 = CARTESIAN_POINT('',(0.5,-0.615,9.999999999941E-08));
#1512 = ORIENTED_EDGE('',*,*,#1513,.F.);
#1513 = EDGE_CURVE('',#1514,#1507,#1516,.T.);
#1514 = VERTEX_POINT('',#1515);
#1515 = CARTESIAN_POINT('',(0.8,-0.615,9.999999999941E-08));
#1516 = B_SPLINE_CURVE_WITH_KNOTS('',1,(#1517,#1518),.UNSPECIFIED.,.F.,
  .F.,(2,2),(-0.3,-0.),.PIECEWISE_BEZIER_KNOTS.);
#1517 = CARTESIAN_POINT('',(0.8,-0.615,9.999999999941E-08));
#1518 = CARTESIAN_POINT('',(0.5,-0.615,9.999999999941E-08));
#1519 = ORIENTED_EDGE('',*,*,#1520,.F.);
#1520 = EDGE_CURVE('',#1485,#1514,#1521,.T.);
#1521 = B_SPLINE_CURVE_WITH_KNOTS('',1,(#1522,#1523),.UNSPECIFIED.,.F.,
  .F.,(2,2),(0.,0.13),.PIECEWISE_BEZIER_KNOTS.);
#1522 = CARTESIAN_POINT('',(0.8,-0.615,0.1300001));
#1523 = CARTESIAN_POINT('',(0.8,-0.615,9.999999999941E-08));
#1524 = ORIENTED_EDGE('',*,*,#1484,.T.);
#1525 = B_SPLINE_SURFACE_WITH_KNOTS('',1,1,(
    (#1526,#1527)
    ,(#1528,#1529
    )),.UNSPECIFIED.,.F.,.F.,.F.,(2,2),(2,2),(0.,0.3),(-0.13,
    4.619027690227E-19),.PIECEWISE_BEZIER_KNOTS.);
#1526 = CARTESIAN_POINT('',(0.5,-0.615,9.999999999941E-08));
#1527 = CARTESIAN_POINT('',(0.5,-0.615,0.1300001));
#1528 = CARTESIAN_POINT('',(0.8,-0.615,9.999999999941E-08));
#1529 = CARTESIAN_POINT('',(0.8,-0.615,0.1300001));
#1530 = ADVANCED_FACE('',(#1531),#1555,.T.);
#1531 = FACE_BOUND('',#1532,.T.);
#1532 = EDGE_LOOP('',(#1533,#1534,#1535,#1542,#1549,#1554));
#1533 = ORIENTED_EDGE('',*,*,#1017,.F.);
#1534 = ORIENTED_EDGE('',*,*,#1476,.T.);
#1535 = ORIENTED_EDGE('',*,*,#1536,.T.);
#1536 = EDGE_CURVE('',#1477,#1537,#1539,.T.);
#1537 = VERTEX_POINT('',#1538);
#1538 = CARTESIAN_POINT('',(0.8,-0.385,9.999999999941E-08));
#1539 = B_SPLINE_CURVE_WITH_KNOTS('',1,(#1540,#1541),.UNSPECIFIED.,.F.,
  .F.,(2,2),(0.,0.13),.PIECEWISE_BEZIER_KNOTS.);
#1540 = CARTESIAN_POINT('',(0.8,-0.385,0.1300001));
#1541 = CARTESIAN_POINT('',(0.8,-0.385,9.999999999941E-08));
#1542 = ORIENTED_EDGE('',*,*,#1543,.F.);
#1543 = EDGE_CURVE('',#1544,#1537,#1546,.T.);
#1544 = VERTEX_POINT('',#1545);
#1545 = CARTESIAN_POINT('',(0.5,-0.385,9.999999999941E-08));
#1546 = B_SPLINE_CURVE_WITH_KNOTS('',1,(#1547,#1548),.UNSPECIFIED.,.F.,
  .F.,(2,2),(0.,0.3),.PIECEWISE_BEZIER_KNOTS.);
#1547 = CARTESIAN_POINT('',(0.5,-0.385,9.999999999941E-08));
#1548 = CARTESIAN_POINT('',(0.8,-0.385,9.999999999941E-08));
#1549 = ORIENTED_EDGE('',*,*,#1550,.F.);
#1550 = EDGE_CURVE('',#224,#1544,#1551,.T.);
#1551 = B_SPLINE_CURVE_WITH_KNOTS('',1,(#1552,#1553),.UNSPECIFIED.,.F.,
  .F.,(2,2),(0.1,0.13),.PIECEWISE_BEZIER_KNOTS.);
#1552 = CARTESIAN_POINT('',(0.5,-0.385,3.00001E-02));
#1553 = CARTESIAN_POINT('',(0.5,-0.385,9.999999999941E-08));
#1554 = ORIENTED_EDGE('',*,*,#223,.T.);
#1555 = B_SPLINE_SURFACE_WITH_KNOTS('',1,1,(
    (#1556,#1557)
    ,(#1558,#1559
    )),.UNSPECIFIED.,.F.,.F.,.F.,(2,2),(2,2),(-0.3,0.),(-0.13,0.),
  .PIECEWISE_BEZIER_KNOTS.);
#1556 = CARTESIAN_POINT('',(0.8,-0.385,9.999999999941E-08));
#1557 = CARTESIAN_POINT('',(0.8,-0.385,0.1300001));
#1558 = CARTESIAN_POINT('',(0.5,-0.385,9.999999999941E-08));
#1559 = CARTESIAN_POINT('',(0.5,-0.385,0.1300001));
#1560 = ADVANCED_FACE('',(#1561),#1571,.T.);
#1561 = FACE_BOUND('',#1562,.T.);
#1562 = EDGE_LOOP('',(#1563,#1564,#1565,#1566));
#1563 = ORIENTED_EDGE('',*,*,#1506,.F.);
#1564 = ORIENTED_EDGE('',*,*,#230,.T.);
#1565 = ORIENTED_EDGE('',*,*,#1550,.T.);
#1566 = ORIENTED_EDGE('',*,*,#1567,.F.);
#1567 = EDGE_CURVE('',#1507,#1544,#1568,.T.);
#1568 = B_SPLINE_CURVE_WITH_KNOTS('',1,(#1569,#1570),.UNSPECIFIED.,.F.,
  .F.,(2,2),(0.,0.23),.PIECEWISE_BEZIER_KNOTS.);
#1569 = CARTESIAN_POINT('',(0.5,-0.615,9.999999999941E-08));
#1570 = CARTESIAN_POINT('',(0.5,-0.385,9.999999999941E-08));
#1571 = B_SPLINE_SURFACE_WITH_KNOTS('',1,1,(
    (#1572,#1573)
    ,(#1574,#1575
    )),.UNSPECIFIED.,.F.,.F.,.F.,(2,2),(2,2),(-0.23,2.22044604925E-16),(
    -0.13,-0.1),.PIECEWISE_BEZIER_KNOTS.);
#1572 = CARTESIAN_POINT('',(0.5,-0.385,9.999999999941E-08));
#1573 = CARTESIAN_POINT('',(0.5,-0.385,3.00001E-02));
#1574 = CARTESIAN_POINT('',(0.5,-0.615,9.999999999941E-08));
#1575 = CARTESIAN_POINT('',(0.5,-0.615,3.00001E-02));
#1576 = ADVANCED_FACE('',(#1577),#1587,.T.);
#1577 = FACE_BOUND('',#1578,.T.);
#1578 = EDGE_LOOP('',(#1579,#1580,#1585,#1586));
#1579 = ORIENTED_EDGE('',*,*,#1520,.T.);
#1580 = ORIENTED_EDGE('',*,*,#1581,.F.);
#1581 = EDGE_CURVE('',#1537,#1514,#1582,.T.);
#1582 = B_SPLINE_CURVE_WITH_KNOTS('',1,(#1583,#1584),.UNSPECIFIED.,.F.,
  .F.,(2,2),(-0.23,-0.),.PIECEWISE_BEZIER_KNOTS.);
#1583 = CARTESIAN_POINT('',(0.8,-0.385,9.999999999941E-08));
#1584 = CARTESIAN_POINT('',(0.8,-0.615,9.999999999941E-08));
#1585 = ORIENTED_EDGE('',*,*,#1536,.F.);
#1586 = ORIENTED_EDGE('',*,*,#1491,.T.);
#1587 = B_SPLINE_SURFACE_WITH_KNOTS('',1,1,(
    (#1588,#1589)
    ,(#1590,#1591
    )),.UNSPECIFIED.,.F.,.F.,.F.,(2,2),(2,2),(0.,0.13),(0.,0.23),
  .PIECEWISE_BEZIER_KNOTS.);
#1588 = CARTESIAN_POINT('',(0.8,-0.615,0.1300001));
#1589 = CARTESIAN_POINT('',(0.8,-0.385,0.1300001));
#1590 = CARTESIAN_POINT('',(0.8,-0.615,9.999999999941E-08));
#1591 = CARTESIAN_POINT('',(0.8,-0.385,9.999999999941E-08));
#1592 = ADVANCED_FACE('',(#1593),#1599,.T.);
#1593 = FACE_BOUND('',#1594,.T.);
#1594 = EDGE_LOOP('',(#1595,#1596,#1597,#1598));
#1595 = ORIENTED_EDGE('',*,*,#1567,.T.);
#1596 = ORIENTED_EDGE('',*,*,#1543,.T.);
#1597 = ORIENTED_EDGE('',*,*,#1581,.T.);
#1598 = ORIENTED_EDGE('',*,*,#1513,.T.);
#1599 = B_SPLINE_SURFACE_WITH_KNOTS('',1,1,(
    (#1600,#1601)
    ,(#1602,#1603
    )),.UNSPECIFIED.,.F.,.F.,.F.,(2,2),(2,2),(-0.8,-0.5),(-0.615,-0.385)
  ,.PIECEWISE_BEZIER_KNOTS.);
#1600 = CARTESIAN_POINT('',(0.8,-0.615,9.999999999941E-08));
#1601 = CARTESIAN_POINT('',(0.8,-0.385,9.999999999941E-08));
#1602 = CARTESIAN_POINT('',(0.5,-0.615,9.999999999941E-08));
#1603 = CARTESIAN_POINT('',(0.5,-0.385,9.999999999941E-08));
#1604 = ADVANCED_FACE('',(#1605),#1627,.F.);
#1605 = FACE_BOUND('',#1606,.T.);
#1606 = EDGE_LOOP('',(#1607,#1614,#1615,#1622));
#1607 = ORIENTED_EDGE('',*,*,#1608,.F.);
#1608 = EDGE_CURVE('',#839,#1609,#1611,.T.);
#1609 = VERTEX_POINT('',#1610);
#1610 = CARTESIAN_POINT('',(-0.8,0.385,0.1300001));
#1611 = B_SPLINE_CURVE_WITH_KNOTS('',1,(#1612,#1613),.UNSPECIFIED.,.F.,
  .F.,(2,2),(8.236730192915E-02,0.3),.PIECEWISE_BEZIER_KNOTS.);
#1612 = CARTESIAN_POINT('',(-0.582367301929,0.385,0.1300001));
#1613 = CARTESIAN_POINT('',(-0.8,0.385,0.1300001));
#1614 = ORIENTED_EDGE('',*,*,#838,.T.);
#1615 = ORIENTED_EDGE('',*,*,#1616,.F.);
#1616 = EDGE_CURVE('',#1617,#832,#1619,.T.);
#1617 = VERTEX_POINT('',#1618);
#1618 = CARTESIAN_POINT('',(-0.8,0.615,0.1300001));
#1619 = B_SPLINE_CURVE_WITH_KNOTS('',1,(#1620,#1621),.UNSPECIFIED.,.F.,
  .F.,(2,2),(-0.3,-8.236730192915E-02),.PIECEWISE_BEZIER_KNOTS.);
#1620 = CARTESIAN_POINT('',(-0.8,0.615,0.1300001));
#1621 = CARTESIAN_POINT('',(-0.582367301929,0.615,0.1300001));
#1622 = ORIENTED_EDGE('',*,*,#1623,.F.);
#1623 = EDGE_CURVE('',#1609,#1617,#1624,.T.);
#1624 = B_SPLINE_CURVE_WITH_KNOTS('',1,(#1625,#1626),.UNSPECIFIED.,.F.,
  .F.,(2,2),(-0.23,0.),.PIECEWISE_BEZIER_KNOTS.);
#1625 = CARTESIAN_POINT('',(-0.8,0.385,0.1300001));
#1626 = CARTESIAN_POINT('',(-0.8,0.615,0.1300001));
#1627 = B_SPLINE_SURFACE_WITH_KNOTS('',1,1,(
    (#1628,#1629)
    ,(#1630,#1631
    )),.UNSPECIFIED.,.F.,.F.,.F.,(2,2),(2,2),(0.582367301929,0.8),(0.385
    ,0.615),.PIECEWISE_BEZIER_KNOTS.);
#1628 = CARTESIAN_POINT('',(-0.582367301929,0.385,0.1300001));
#1629 = CARTESIAN_POINT('',(-0.582367301929,0.615,0.1300001));
#1630 = CARTESIAN_POINT('',(-0.8,0.385,0.1300001));
#1631 = CARTESIAN_POINT('',(-0.8,0.615,0.1300001));
#1632 = ADVANCED_FACE('',(#1633),#1657,.T.);
#1633 = FACE_BOUND('',#1634,.T.);
#1634 = EDGE_LOOP('',(#1635,#1636,#1637,#1644,#1651,#1656));
#1635 = ORIENTED_EDGE('',*,*,#845,.F.);
#1636 = ORIENTED_EDGE('',*,*,#1608,.T.);
#1637 = ORIENTED_EDGE('',*,*,#1638,.T.);
#1638 = EDGE_CURVE('',#1609,#1639,#1641,.T.);
#1639 = VERTEX_POINT('',#1640);
#1640 = CARTESIAN_POINT('',(-0.8,0.385,9.999999999941E-08));
#1641 = B_SPLINE_CURVE_WITH_KNOTS('',1,(#1642,#1643),.UNSPECIFIED.,.F.,
  .F.,(2,2),(0.,0.13),.PIECEWISE_BEZIER_KNOTS.);
#1642 = CARTESIAN_POINT('',(-0.8,0.385,0.1300001));
#1643 = CARTESIAN_POINT('',(-0.8,0.385,9.999999999941E-08));
#1644 = ORIENTED_EDGE('',*,*,#1645,.F.);
#1645 = EDGE_CURVE('',#1646,#1639,#1648,.T.);
#1646 = VERTEX_POINT('',#1647);
#1647 = CARTESIAN_POINT('',(-0.5,0.385,9.999999999941E-08));
#1648 = B_SPLINE_CURVE_WITH_KNOTS('',1,(#1649,#1650),.UNSPECIFIED.,.F.,
  .F.,(2,2),(0.,0.3),.PIECEWISE_BEZIER_KNOTS.);
#1649 = CARTESIAN_POINT('',(-0.5,0.385,9.999999999941E-08));
#1650 = CARTESIAN_POINT('',(-0.8,0.385,9.999999999941E-08));
#1651 = ORIENTED_EDGE('',*,*,#1652,.F.);
#1652 = EDGE_CURVE('',#138,#1646,#1653,.T.);
#1653 = B_SPLINE_CURVE_WITH_KNOTS('',1,(#1654,#1655),.UNSPECIFIED.,.F.,
  .F.,(2,2),(0.1,0.13),.PIECEWISE_BEZIER_KNOTS.);
#1654 = CARTESIAN_POINT('',(-0.5,0.385,3.00001E-02));
#1655 = CARTESIAN_POINT('',(-0.5,0.385,9.999999999941E-08));
#1656 = ORIENTED_EDGE('',*,*,#137,.T.);
#1657 = B_SPLINE_SURFACE_WITH_KNOTS('',1,1,(
    (#1658,#1659)
    ,(#1660,#1661
    )),.UNSPECIFIED.,.F.,.F.,.F.,(2,2),(2,2),(-1.094407109084E-18,0.13),
  (-0.3,0.),.PIECEWISE_BEZIER_KNOTS.);
#1658 = CARTESIAN_POINT('',(-0.8,0.385,0.1300001));
#1659 = CARTESIAN_POINT('',(-0.5,0.385,0.1300001));
#1660 = CARTESIAN_POINT('',(-0.8,0.385,9.999999999941E-08));
#1661 = CARTESIAN_POINT('',(-0.5,0.385,9.999999999941E-08));
#1662 = ADVANCED_FACE('',(#1663),#1687,.T.);
#1663 = FACE_BOUND('',#1664,.T.);
#1664 = EDGE_LOOP('',(#1665,#1666,#1667,#1674,#1681,#1686));
#1665 = ORIENTED_EDGE('',*,*,#831,.F.);
#1666 = ORIENTED_EDGE('',*,*,#151,.T.);
#1667 = ORIENTED_EDGE('',*,*,#1668,.T.);
#1668 = EDGE_CURVE('',#145,#1669,#1671,.T.);
#1669 = VERTEX_POINT('',#1670);
#1670 = CARTESIAN_POINT('',(-0.5,0.615,9.999999999941E-08));
#1671 = B_SPLINE_CURVE_WITH_KNOTS('',1,(#1672,#1673),.UNSPECIFIED.,.F.,
  .F.,(2,2),(0.1,0.13),.PIECEWISE_BEZIER_KNOTS.);
#1672 = CARTESIAN_POINT('',(-0.5,0.615,3.00001E-02));
#1673 = CARTESIAN_POINT('',(-0.5,0.615,9.999999999941E-08));
#1674 = ORIENTED_EDGE('',*,*,#1675,.F.);
#1675 = EDGE_CURVE('',#1676,#1669,#1678,.T.);
#1676 = VERTEX_POINT('',#1677);
#1677 = CARTESIAN_POINT('',(-0.8,0.615,9.999999999941E-08));
#1678 = B_SPLINE_CURVE_WITH_KNOTS('',1,(#1679,#1680),.UNSPECIFIED.,.F.,
  .F.,(2,2),(-0.3,0.),.PIECEWISE_BEZIER_KNOTS.);
#1679 = CARTESIAN_POINT('',(-0.8,0.615,9.999999999941E-08));
#1680 = CARTESIAN_POINT('',(-0.5,0.615,9.999999999941E-08));
#1681 = ORIENTED_EDGE('',*,*,#1682,.F.);
#1682 = EDGE_CURVE('',#1617,#1676,#1683,.T.);
#1683 = B_SPLINE_CURVE_WITH_KNOTS('',1,(#1684,#1685),.UNSPECIFIED.,.F.,
  .F.,(2,2),(0.,0.13),.PIECEWISE_BEZIER_KNOTS.);
#1684 = CARTESIAN_POINT('',(-0.8,0.615,0.1300001));
#1685 = CARTESIAN_POINT('',(-0.8,0.615,9.999999999941E-08));
#1686 = ORIENTED_EDGE('',*,*,#1616,.T.);
#1687 = B_SPLINE_SURFACE_WITH_KNOTS('',1,1,(
    (#1688,#1689)
    ,(#1690,#1691
    )),.UNSPECIFIED.,.F.,.F.,.F.,(2,2),(2,2),(-0.13,1.305241889105E-18),
  (-0.3,0.),.PIECEWISE_BEZIER_KNOTS.);
#1688 = CARTESIAN_POINT('',(-0.8,0.615,9.999999999941E-08));
#1689 = CARTESIAN_POINT('',(-0.5,0.615,9.999999999941E-08));
#1690 = CARTESIAN_POINT('',(-0.8,0.615,0.1300001));
#1691 = CARTESIAN_POINT('',(-0.5,0.615,0.1300001));
#1692 = ADVANCED_FACE('',(#1693),#1703,.T.);
#1693 = FACE_BOUND('',#1694,.T.);
#1694 = EDGE_LOOP('',(#1695,#1696,#1701,#1702));
#1695 = ORIENTED_EDGE('',*,*,#1682,.T.);
#1696 = ORIENTED_EDGE('',*,*,#1697,.F.);
#1697 = EDGE_CURVE('',#1639,#1676,#1698,.T.);
#1698 = B_SPLINE_CURVE_WITH_KNOTS('',1,(#1699,#1700),.UNSPECIFIED.,.F.,
  .F.,(2,2),(-0.23,0.),.PIECEWISE_BEZIER_KNOTS.);
#1699 = CARTESIAN_POINT('',(-0.8,0.385,9.999999999941E-08));
#1700 = CARTESIAN_POINT('',(-0.8,0.615,9.999999999941E-08));
#1701 = ORIENTED_EDGE('',*,*,#1638,.F.);
#1702 = ORIENTED_EDGE('',*,*,#1623,.T.);
#1703 = B_SPLINE_SURFACE_WITH_KNOTS('',1,1,(
    (#1704,#1705)
    ,(#1706,#1707
    )),.UNSPECIFIED.,.F.,.F.,.F.,(2,2),(2,2),(0.,0.23),(-0.13,0.),
  .PIECEWISE_BEZIER_KNOTS.);
#1704 = CARTESIAN_POINT('',(-0.8,0.615,9.999999999941E-08));
#1705 = CARTESIAN_POINT('',(-0.8,0.615,0.1300001));
#1706 = CARTESIAN_POINT('',(-0.8,0.385,9.999999999941E-08));
#1707 = CARTESIAN_POINT('',(-0.8,0.385,0.1300001));
#1708 = ADVANCED_FACE('',(#1709),#1719,.T.);
#1709 = FACE_BOUND('',#1710,.T.);
#1710 = EDGE_LOOP('',(#1711,#1712,#1713,#1714));
#1711 = ORIENTED_EDGE('',*,*,#1668,.F.);
#1712 = ORIENTED_EDGE('',*,*,#144,.T.);
#1713 = ORIENTED_EDGE('',*,*,#1652,.T.);
#1714 = ORIENTED_EDGE('',*,*,#1715,.F.);
#1715 = EDGE_CURVE('',#1669,#1646,#1716,.T.);
#1716 = B_SPLINE_CURVE_WITH_KNOTS('',1,(#1717,#1718),.UNSPECIFIED.,.F.,
  .F.,(2,2),(0.,0.23),.PIECEWISE_BEZIER_KNOTS.);
#1717 = CARTESIAN_POINT('',(-0.5,0.615,9.999999999941E-08));
#1718 = CARTESIAN_POINT('',(-0.5,0.385,9.999999999941E-08));
#1719 = B_SPLINE_SURFACE_WITH_KNOTS('',1,1,(
    (#1720,#1721)
    ,(#1722,#1723
    )),.UNSPECIFIED.,.F.,.F.,.F.,(2,2),(2,2),(-0.23,0.),(-0.13,-0.1),
  .PIECEWISE_BEZIER_KNOTS.);
#1720 = CARTESIAN_POINT('',(-0.5,0.385,9.999999999941E-08));
#1721 = CARTESIAN_POINT('',(-0.5,0.385,3.00001E-02));
#1722 = CARTESIAN_POINT('',(-0.5,0.615,9.999999999941E-08));
#1723 = CARTESIAN_POINT('',(-0.5,0.615,3.00001E-02));
#1724 = ADVANCED_FACE('',(#1725),#1731,.T.);
#1725 = FACE_BOUND('',#1726,.T.);
#1726 = EDGE_LOOP('',(#1727,#1728,#1729,#1730));
#1727 = ORIENTED_EDGE('',*,*,#1697,.T.);
#1728 = ORIENTED_EDGE('',*,*,#1675,.T.);
#1729 = ORIENTED_EDGE('',*,*,#1715,.T.);
#1730 = ORIENTED_EDGE('',*,*,#1645,.T.);
#1731 = B_SPLINE_SURFACE_WITH_KNOTS('',1,1,(
    (#1732,#1733)
    ,(#1734,#1735
    )),.UNSPECIFIED.,.F.,.F.,.F.,(2,2),(2,2),(0.5,0.8),(0.385,0.615),
  .PIECEWISE_BEZIER_KNOTS.);
#1732 = CARTESIAN_POINT('',(-0.5,0.385,9.999999999941E-08));
#1733 = CARTESIAN_POINT('',(-0.5,0.615,9.999999999941E-08));
#1734 = CARTESIAN_POINT('',(-0.8,0.385,9.999999999941E-08));
#1735 = CARTESIAN_POINT('',(-0.8,0.615,9.999999999941E-08));
#1736 = ADVANCED_FACE('',(#1737),#1759,.T.);
#1737 = FACE_BOUND('',#1738,.T.);
#1738 = EDGE_LOOP('',(#1739,#1740,#1747,#1754));
#1739 = ORIENTED_EDGE('',*,*,#858,.F.);
#1740 = ORIENTED_EDGE('',*,*,#1741,.F.);
#1741 = EDGE_CURVE('',#1742,#852,#1744,.T.);
#1742 = VERTEX_POINT('',#1743);
#1743 = CARTESIAN_POINT('',(-0.8,0.115,0.1300001));
#1744 = B_SPLINE_CURVE_WITH_KNOTS('',1,(#1745,#1746),.UNSPECIFIED.,.F.,
  .F.,(2,2),(-0.3,-8.236730192915E-02),.PIECEWISE_BEZIER_KNOTS.);
#1745 = CARTESIAN_POINT('',(-0.8,0.115,0.1300001));
#1746 = CARTESIAN_POINT('',(-0.582367301929,0.115,0.1300001));
#1747 = ORIENTED_EDGE('',*,*,#1748,.F.);
#1748 = EDGE_CURVE('',#1749,#1742,#1751,.T.);
#1749 = VERTEX_POINT('',#1750);
#1750 = CARTESIAN_POINT('',(-0.8,-0.115,0.1300001));
#1751 = B_SPLINE_CURVE_WITH_KNOTS('',1,(#1752,#1753),.UNSPECIFIED.,.F.,
  .F.,(2,2),(-0.23,0.),.PIECEWISE_BEZIER_KNOTS.);
#1752 = CARTESIAN_POINT('',(-0.8,-0.115,0.1300001));
#1753 = CARTESIAN_POINT('',(-0.8,0.115,0.1300001));
#1754 = ORIENTED_EDGE('',*,*,#1755,.F.);
#1755 = EDGE_CURVE('',#859,#1749,#1756,.T.);
#1756 = B_SPLINE_CURVE_WITH_KNOTS('',1,(#1757,#1758),.UNSPECIFIED.,.F.,
  .F.,(2,2),(8.236730192915E-02,0.3),.PIECEWISE_BEZIER_KNOTS.);
#1757 = CARTESIAN_POINT('',(-0.582367301929,-0.115,0.1300001));
#1758 = CARTESIAN_POINT('',(-0.8,-0.115,0.1300001));
#1759 = B_SPLINE_SURFACE_WITH_KNOTS('',1,1,(
    (#1760,#1761)
    ,(#1762,#1763
    )),.UNSPECIFIED.,.F.,.F.,.F.,(2,2),(2,2),(-0.8,-0.582367301929),(
    -0.115,0.115),.PIECEWISE_BEZIER_KNOTS.);
#1760 = CARTESIAN_POINT('',(-0.8,-0.115,0.1300001));
#1761 = CARTESIAN_POINT('',(-0.8,0.115,0.1300001));
#1762 = CARTESIAN_POINT('',(-0.582367301929,-0.115,0.1300001));
#1763 = CARTESIAN_POINT('',(-0.582367301929,0.115,0.1300001));
#1764 = ADVANCED_FACE('',(#1765),#1789,.T.);
#1765 = FACE_BOUND('',#1766,.T.);
#1766 = EDGE_LOOP('',(#1767,#1768,#1769,#1776,#1783,#1788));
#1767 = ORIENTED_EDGE('',*,*,#865,.F.);
#1768 = ORIENTED_EDGE('',*,*,#1755,.T.);
#1769 = ORIENTED_EDGE('',*,*,#1770,.T.);
#1770 = EDGE_CURVE('',#1749,#1771,#1773,.T.);
#1771 = VERTEX_POINT('',#1772);
#1772 = CARTESIAN_POINT('',(-0.8,-0.115,9.999999999941E-08));
#1773 = B_SPLINE_CURVE_WITH_KNOTS('',1,(#1774,#1775),.UNSPECIFIED.,.F.,
  .F.,(2,2),(0.,0.13),.PIECEWISE_BEZIER_KNOTS.);
#1774 = CARTESIAN_POINT('',(-0.8,-0.115,0.1300001));
#1775 = CARTESIAN_POINT('',(-0.8,-0.115,9.999999999941E-08));
#1776 = ORIENTED_EDGE('',*,*,#1777,.F.);
#1777 = EDGE_CURVE('',#1778,#1771,#1780,.T.);
#1778 = VERTEX_POINT('',#1779);
#1779 = CARTESIAN_POINT('',(-0.5,-0.115,9.999999999941E-08));
#1780 = B_SPLINE_CURVE_WITH_KNOTS('',1,(#1781,#1782),.UNSPECIFIED.,.F.,
  .F.,(2,2),(0.,0.3),.PIECEWISE_BEZIER_KNOTS.);
#1781 = CARTESIAN_POINT('',(-0.5,-0.115,9.999999999941E-08));
#1782 = CARTESIAN_POINT('',(-0.8,-0.115,9.999999999941E-08));
#1783 = ORIENTED_EDGE('',*,*,#1784,.F.);
#1784 = EDGE_CURVE('',#110,#1778,#1785,.T.);
#1785 = B_SPLINE_CURVE_WITH_KNOTS('',1,(#1786,#1787),.UNSPECIFIED.,.F.,
  .F.,(2,2),(0.1,0.13),.PIECEWISE_BEZIER_KNOTS.);
#1786 = CARTESIAN_POINT('',(-0.5,-0.115,3.00001E-02));
#1787 = CARTESIAN_POINT('',(-0.5,-0.115,9.999999999941E-08));
#1788 = ORIENTED_EDGE('',*,*,#109,.T.);
#1789 = B_SPLINE_SURFACE_WITH_KNOTS('',1,1,(
    (#1790,#1791)
    ,(#1792,#1793
    )),.UNSPECIFIED.,.F.,.F.,.F.,(2,2),(2,2),(-8.835723290636E-19,0.13),
  (-0.3,0.),.PIECEWISE_BEZIER_KNOTS.);
#1790 = CARTESIAN_POINT('',(-0.8,-0.115,0.1300001));
#1791 = CARTESIAN_POINT('',(-0.5,-0.115,0.1300001));
#1792 = CARTESIAN_POINT('',(-0.8,-0.115,9.999999999941E-08));
#1793 = CARTESIAN_POINT('',(-0.5,-0.115,9.999999999941E-08));
#1794 = ADVANCED_FACE('',(#1795),#1819,.T.);
#1795 = FACE_BOUND('',#1796,.T.);
#1796 = EDGE_LOOP('',(#1797,#1798,#1799,#1806,#1813,#1818));
#1797 = ORIENTED_EDGE('',*,*,#851,.F.);
#1798 = ORIENTED_EDGE('',*,*,#123,.T.);
#1799 = ORIENTED_EDGE('',*,*,#1800,.T.);
#1800 = EDGE_CURVE('',#117,#1801,#1803,.T.);
#1801 = VERTEX_POINT('',#1802);
#1802 = CARTESIAN_POINT('',(-0.5,0.115,9.999999999941E-08));
#1803 = B_SPLINE_CURVE_WITH_KNOTS('',1,(#1804,#1805),.UNSPECIFIED.,.F.,
  .F.,(2,2),(0.1,0.13),.PIECEWISE_BEZIER_KNOTS.);
#1804 = CARTESIAN_POINT('',(-0.5,0.115,3.00001E-02));
#1805 = CARTESIAN_POINT('',(-0.5,0.115,9.999999999941E-08));
#1806 = ORIENTED_EDGE('',*,*,#1807,.F.);
#1807 = EDGE_CURVE('',#1808,#1801,#1810,.T.);
#1808 = VERTEX_POINT('',#1809);
#1809 = CARTESIAN_POINT('',(-0.8,0.115,9.999999999941E-08));
#1810 = B_SPLINE_CURVE_WITH_KNOTS('',1,(#1811,#1812),.UNSPECIFIED.,.F.,
  .F.,(2,2),(-0.3,0.),.PIECEWISE_BEZIER_KNOTS.);
#1811 = CARTESIAN_POINT('',(-0.8,0.115,9.999999999941E-08));
#1812 = CARTESIAN_POINT('',(-0.5,0.115,9.999999999941E-08));
#1813 = ORIENTED_EDGE('',*,*,#1814,.F.);
#1814 = EDGE_CURVE('',#1742,#1808,#1815,.T.);
#1815 = B_SPLINE_CURVE_WITH_KNOTS('',1,(#1816,#1817),.UNSPECIFIED.,.F.,
  .F.,(2,2),(0.,0.13),.PIECEWISE_BEZIER_KNOTS.);
#1816 = CARTESIAN_POINT('',(-0.8,0.115,0.1300001));
#1817 = CARTESIAN_POINT('',(-0.8,0.115,9.999999999941E-08));
#1818 = ORIENTED_EDGE('',*,*,#1741,.T.);
#1819 = B_SPLINE_SURFACE_WITH_KNOTS('',1,1,(
    (#1820,#1821)
    ,(#1822,#1823
    )),.UNSPECIFIED.,.F.,.F.,.F.,(2,2),(2,2),(-0.13,8.835723290636E-19),
  (-0.3,0.),.PIECEWISE_BEZIER_KNOTS.);
#1820 = CARTESIAN_POINT('',(-0.8,0.115,9.999999999941E-08));
#1821 = CARTESIAN_POINT('',(-0.5,0.115,9.999999999941E-08));
#1822 = CARTESIAN_POINT('',(-0.8,0.115,0.1300001));
#1823 = CARTESIAN_POINT('',(-0.5,0.115,0.1300001));
#1824 = ADVANCED_FACE('',(#1825),#1835,.T.);
#1825 = FACE_BOUND('',#1826,.T.);
#1826 = EDGE_LOOP('',(#1827,#1828,#1829,#1830));
#1827 = ORIENTED_EDGE('',*,*,#1800,.F.);
#1828 = ORIENTED_EDGE('',*,*,#116,.T.);
#1829 = ORIENTED_EDGE('',*,*,#1784,.T.);
#1830 = ORIENTED_EDGE('',*,*,#1831,.F.);
#1831 = EDGE_CURVE('',#1801,#1778,#1832,.T.);
#1832 = B_SPLINE_CURVE_WITH_KNOTS('',1,(#1833,#1834),.UNSPECIFIED.,.F.,
  .F.,(2,2),(0.,0.23),.PIECEWISE_BEZIER_KNOTS.);
#1833 = CARTESIAN_POINT('',(-0.5,0.115,9.999999999941E-08));
#1834 = CARTESIAN_POINT('',(-0.5,-0.115,9.999999999941E-08));
#1835 = B_SPLINE_SURFACE_WITH_KNOTS('',1,1,(
    (#1836,#1837)
    ,(#1838,#1839
    )),.UNSPECIFIED.,.F.,.F.,.F.,(2,2),(2,2),(-0.23,0.),(-0.13,-0.1),
  .PIECEWISE_BEZIER_KNOTS.);
#1836 = CARTESIAN_POINT('',(-0.5,-0.115,9.999999999941E-08));
#1837 = CARTESIAN_POINT('',(-0.5,-0.115,3.00001E-02));
#1838 = CARTESIAN_POINT('',(-0.5,0.115,9.999999999941E-08));
#1839 = CARTESIAN_POINT('',(-0.5,0.115,3.00001E-02));
#1840 = ADVANCED_FACE('',(#1841),#1851,.T.);
#1841 = FACE_BOUND('',#1842,.T.);
#1842 = EDGE_LOOP('',(#1843,#1844,#1849,#1850));
#1843 = ORIENTED_EDGE('',*,*,#1814,.T.);
#1844 = ORIENTED_EDGE('',*,*,#1845,.F.);
#1845 = EDGE_CURVE('',#1771,#1808,#1846,.T.);
#1846 = B_SPLINE_CURVE_WITH_KNOTS('',1,(#1847,#1848),.UNSPECIFIED.,.F.,
  .F.,(2,2),(-0.23,0.),.PIECEWISE_BEZIER_KNOTS.);
#1847 = CARTESIAN_POINT('',(-0.8,-0.115,9.999999999941E-08));
#1848 = CARTESIAN_POINT('',(-0.8,0.115,9.999999999941E-08));
#1849 = ORIENTED_EDGE('',*,*,#1770,.F.);
#1850 = ORIENTED_EDGE('',*,*,#1748,.T.);
#1851 = B_SPLINE_SURFACE_WITH_KNOTS('',1,1,(
    (#1852,#1853)
    ,(#1854,#1855
    )),.UNSPECIFIED.,.F.,.F.,.F.,(2,2),(2,2),(0.,0.23),(-0.13,0.),
  .PIECEWISE_BEZIER_KNOTS.);
#1852 = CARTESIAN_POINT('',(-0.8,0.115,9.999999999941E-08));
#1853 = CARTESIAN_POINT('',(-0.8,0.115,0.1300001));
#1854 = CARTESIAN_POINT('',(-0.8,-0.115,9.999999999941E-08));
#1855 = CARTESIAN_POINT('',(-0.8,-0.115,0.1300001));
#1856 = ADVANCED_FACE('',(#1857),#1863,.F.);
#1857 = FACE_BOUND('',#1858,.T.);
#1858 = EDGE_LOOP('',(#1859,#1860,#1861,#1862));
#1859 = ORIENTED_EDGE('',*,*,#1777,.T.);
#1860 = ORIENTED_EDGE('',*,*,#1845,.T.);
#1861 = ORIENTED_EDGE('',*,*,#1807,.T.);
#1862 = ORIENTED_EDGE('',*,*,#1831,.T.);
#1863 = B_SPLINE_SURFACE_WITH_KNOTS('',1,1,(
    (#1864,#1865)
    ,(#1866,#1867
    )),.UNSPECIFIED.,.F.,.F.,.F.,(2,2),(2,2),(-0.8,-0.5),(-0.115,0.115),
  .PIECEWISE_BEZIER_KNOTS.);
#1864 = CARTESIAN_POINT('',(-0.8,-0.115,9.999999999941E-08));
#1865 = CARTESIAN_POINT('',(-0.8,0.115,9.999999999941E-08));
#1866 = CARTESIAN_POINT('',(-0.5,-0.115,9.999999999941E-08));
#1867 = CARTESIAN_POINT('',(-0.5,0.115,9.999999999941E-08));
#1868 = ADVANCED_FACE('',(#1869),#1891,.T.);
#1869 = FACE_BOUND('',#1870,.T.);
#1870 = EDGE_LOOP('',(#1871,#1872,#1879,#1886));
#1871 = ORIENTED_EDGE('',*,*,#788,.F.);
#1872 = ORIENTED_EDGE('',*,*,#1873,.F.);
#1873 = EDGE_CURVE('',#1874,#789,#1876,.T.);
#1874 = VERTEX_POINT('',#1875);
#1875 = CARTESIAN_POINT('',(-0.8,-0.385,0.1300001));
#1876 = B_SPLINE_CURVE_WITH_KNOTS('',1,(#1877,#1878),.UNSPECIFIED.,.F.,
  .F.,(2,2),(-0.3,-8.236730192915E-02),.PIECEWISE_BEZIER_KNOTS.);
#1877 = CARTESIAN_POINT('',(-0.8,-0.385,0.1300001));
#1878 = CARTESIAN_POINT('',(-0.582367301929,-0.385,0.1300001));
#1879 = ORIENTED_EDGE('',*,*,#1880,.F.);
#1880 = EDGE_CURVE('',#1881,#1874,#1883,.T.);
#1881 = VERTEX_POINT('',#1882);
#1882 = CARTESIAN_POINT('',(-0.8,-0.615,0.1300001));
#1883 = B_SPLINE_CURVE_WITH_KNOTS('',1,(#1884,#1885),.UNSPECIFIED.,.F.,
  .F.,(2,2),(-0.23,0.),.PIECEWISE_BEZIER_KNOTS.);
#1884 = CARTESIAN_POINT('',(-0.8,-0.615,0.1300001));
#1885 = CARTESIAN_POINT('',(-0.8,-0.385,0.1300001));
#1886 = ORIENTED_EDGE('',*,*,#1887,.F.);
#1887 = EDGE_CURVE('',#791,#1881,#1888,.T.);
#1888 = B_SPLINE_CURVE_WITH_KNOTS('',1,(#1889,#1890),.UNSPECIFIED.,.F.,
  .F.,(2,2),(8.236730192915E-02,0.3),.PIECEWISE_BEZIER_KNOTS.);
#1889 = CARTESIAN_POINT('',(-0.582367301929,-0.615,0.1300001));
#1890 = CARTESIAN_POINT('',(-0.8,-0.615,0.1300001));
#1891 = B_SPLINE_SURFACE_WITH_KNOTS('',1,1,(
    (#1892,#1893)
    ,(#1894,#1895
    )),.UNSPECIFIED.,.F.,.F.,.F.,(2,2),(2,2),(-0.8,-0.582367301929),(
    -0.615,-0.385),.PIECEWISE_BEZIER_KNOTS.);
#1892 = CARTESIAN_POINT('',(-0.8,-0.615,0.1300001));
#1893 = CARTESIAN_POINT('',(-0.8,-0.385,0.1300001));
#1894 = CARTESIAN_POINT('',(-0.582367301929,-0.615,0.1300001));
#1895 = CARTESIAN_POINT('',(-0.582367301929,-0.385,0.1300001));
#1896 = ADVANCED_FACE('',(#1897),#1921,.T.);
#1897 = FACE_BOUND('',#1898,.T.);
#1898 = EDGE_LOOP('',(#1899,#1900,#1901,#1908,#1915,#1920));
#1899 = ORIENTED_EDGE('',*,*,#797,.F.);
#1900 = ORIENTED_EDGE('',*,*,#1887,.T.);
#1901 = ORIENTED_EDGE('',*,*,#1902,.T.);
#1902 = EDGE_CURVE('',#1881,#1903,#1905,.T.);
#1903 = VERTEX_POINT('',#1904);
#1904 = CARTESIAN_POINT('',(-0.8,-0.615,9.999999999941E-08));
#1905 = B_SPLINE_CURVE_WITH_KNOTS('',1,(#1906,#1907),.UNSPECIFIED.,.F.,
  .F.,(2,2),(0.,0.13),.PIECEWISE_BEZIER_KNOTS.);
#1906 = CARTESIAN_POINT('',(-0.8,-0.615,0.1300001));
#1907 = CARTESIAN_POINT('',(-0.8,-0.615,9.999999999941E-08));
#1908 = ORIENTED_EDGE('',*,*,#1909,.F.);
#1909 = EDGE_CURVE('',#1910,#1903,#1912,.T.);
#1910 = VERTEX_POINT('',#1911);
#1911 = CARTESIAN_POINT('',(-0.5,-0.615,9.999999999941E-08));
#1912 = B_SPLINE_CURVE_WITH_KNOTS('',1,(#1913,#1914),.UNSPECIFIED.,.F.,
  .F.,(2,2),(0.,0.3),.PIECEWISE_BEZIER_KNOTS.);
#1913 = CARTESIAN_POINT('',(-0.5,-0.615,9.999999999941E-08));
#1914 = CARTESIAN_POINT('',(-0.8,-0.615,9.999999999941E-08));
#1915 = ORIENTED_EDGE('',*,*,#1916,.F.);
#1916 = EDGE_CURVE('',#80,#1910,#1917,.T.);
#1917 = B_SPLINE_CURVE_WITH_KNOTS('',1,(#1918,#1919),.UNSPECIFIED.,.F.,
  .F.,(2,2),(0.1,0.13),.PIECEWISE_BEZIER_KNOTS.);
#1918 = CARTESIAN_POINT('',(-0.5,-0.615,3.00001E-02));
#1919 = CARTESIAN_POINT('',(-0.5,-0.615,9.999999999941E-08));
#1920 = ORIENTED_EDGE('',*,*,#79,.T.);
#1921 = B_SPLINE_SURFACE_WITH_KNOTS('',1,1,(
    (#1922,#1923)
    ,(#1924,#1925
    )),.UNSPECIFIED.,.F.,.F.,.F.,(2,2),(2,2),(-4.619027690227E-19,0.13),
  (-0.3,0.),.PIECEWISE_BEZIER_KNOTS.);
#1922 = CARTESIAN_POINT('',(-0.8,-0.615,0.1300001));
#1923 = CARTESIAN_POINT('',(-0.5,-0.615,0.1300001));
#1924 = CARTESIAN_POINT('',(-0.8,-0.615,9.999999999941E-08));
#1925 = CARTESIAN_POINT('',(-0.5,-0.615,9.999999999941E-08));
#1926 = ADVANCED_FACE('',(#1927),#1951,.T.);
#1927 = FACE_BOUND('',#1928,.T.);
#1928 = EDGE_LOOP('',(#1929,#1930,#1931,#1938,#1945,#1950));
#1929 = ORIENTED_EDGE('',*,*,#871,.F.);
#1930 = ORIENTED_EDGE('',*,*,#95,.T.);
#1931 = ORIENTED_EDGE('',*,*,#1932,.T.);
#1932 = EDGE_CURVE('',#89,#1933,#1935,.T.);
#1933 = VERTEX_POINT('',#1934);
#1934 = CARTESIAN_POINT('',(-0.5,-0.385,9.999999999941E-08));
#1935 = B_SPLINE_CURVE_WITH_KNOTS('',1,(#1936,#1937),.UNSPECIFIED.,.F.,
  .F.,(2,2),(0.1,0.13),.PIECEWISE_BEZIER_KNOTS.);
#1936 = CARTESIAN_POINT('',(-0.5,-0.385,3.00001E-02));
#1937 = CARTESIAN_POINT('',(-0.5,-0.385,9.999999999941E-08));
#1938 = ORIENTED_EDGE('',*,*,#1939,.F.);
#1939 = EDGE_CURVE('',#1940,#1933,#1942,.T.);
#1940 = VERTEX_POINT('',#1941);
#1941 = CARTESIAN_POINT('',(-0.8,-0.385,9.999999999941E-08));
#1942 = B_SPLINE_CURVE_WITH_KNOTS('',1,(#1943,#1944),.UNSPECIFIED.,.F.,
  .F.,(2,2),(-0.3,0.),.PIECEWISE_BEZIER_KNOTS.);
#1943 = CARTESIAN_POINT('',(-0.8,-0.385,9.999999999941E-08));
#1944 = CARTESIAN_POINT('',(-0.5,-0.385,9.999999999941E-08));
#1945 = ORIENTED_EDGE('',*,*,#1946,.F.);
#1946 = EDGE_CURVE('',#1874,#1940,#1947,.T.);
#1947 = B_SPLINE_CURVE_WITH_KNOTS('',1,(#1948,#1949),.UNSPECIFIED.,.F.,
  .F.,(2,2),(0.,0.13),.PIECEWISE_BEZIER_KNOTS.);
#1948 = CARTESIAN_POINT('',(-0.8,-0.385,0.1300001));
#1949 = CARTESIAN_POINT('',(-0.8,-0.385,9.999999999941E-08));
#1950 = ORIENTED_EDGE('',*,*,#1873,.T.);
#1951 = B_SPLINE_SURFACE_WITH_KNOTS('',1,1,(
    (#1952,#1953)
    ,(#1954,#1955
    )),.UNSPECIFIED.,.F.,.F.,.F.,(2,2),(2,2),(-0.13,6.727375490432E-19),
  (-0.3,0.),.PIECEWISE_BEZIER_KNOTS.);
#1952 = CARTESIAN_POINT('',(-0.8,-0.385,9.999999999941E-08));
#1953 = CARTESIAN_POINT('',(-0.5,-0.385,9.999999999941E-08));
#1954 = CARTESIAN_POINT('',(-0.8,-0.385,0.1300001));
#1955 = CARTESIAN_POINT('',(-0.5,-0.385,0.1300001));
#1956 = ADVANCED_FACE('',(#1957),#1967,.T.);
#1957 = FACE_BOUND('',#1958,.T.);
#1958 = EDGE_LOOP('',(#1959,#1960,#1961,#1962));
#1959 = ORIENTED_EDGE('',*,*,#1932,.F.);
#1960 = ORIENTED_EDGE('',*,*,#88,.T.);
#1961 = ORIENTED_EDGE('',*,*,#1916,.T.);
#1962 = ORIENTED_EDGE('',*,*,#1963,.F.);
#1963 = EDGE_CURVE('',#1933,#1910,#1964,.T.);
#1964 = B_SPLINE_CURVE_WITH_KNOTS('',1,(#1965,#1966),.UNSPECIFIED.,.F.,
  .F.,(2,2),(0.,0.23),.PIECEWISE_BEZIER_KNOTS.);
#1965 = CARTESIAN_POINT('',(-0.5,-0.385,9.999999999941E-08));
#1966 = CARTESIAN_POINT('',(-0.5,-0.615,9.999999999941E-08));
#1967 = B_SPLINE_SURFACE_WITH_KNOTS('',1,1,(
    (#1968,#1969)
    ,(#1970,#1971
    )),.UNSPECIFIED.,.F.,.F.,.F.,(2,2),(2,2),(-0.23,0.),(-0.13,-0.1),
  .PIECEWISE_BEZIER_KNOTS.);
#1968 = CARTESIAN_POINT('',(-0.5,-0.615,9.999999999941E-08));
#1969 = CARTESIAN_POINT('',(-0.5,-0.615,3.00001E-02));
#1970 = CARTESIAN_POINT('',(-0.5,-0.385,9.999999999941E-08));
#1971 = CARTESIAN_POINT('',(-0.5,-0.385,3.00001E-02));
#1972 = ADVANCED_FACE('',(#1973),#1983,.T.);
#1973 = FACE_BOUND('',#1974,.T.);
#1974 = EDGE_LOOP('',(#1975,#1976,#1981,#1982));
#1975 = ORIENTED_EDGE('',*,*,#1946,.T.);
#1976 = ORIENTED_EDGE('',*,*,#1977,.F.);
#1977 = EDGE_CURVE('',#1903,#1940,#1978,.T.);
#1978 = B_SPLINE_CURVE_WITH_KNOTS('',1,(#1979,#1980),.UNSPECIFIED.,.F.,
  .F.,(2,2),(-0.23,0.),.PIECEWISE_BEZIER_KNOTS.);
#1979 = CARTESIAN_POINT('',(-0.8,-0.615,9.999999999941E-08));
#1980 = CARTESIAN_POINT('',(-0.8,-0.385,9.999999999941E-08));
#1981 = ORIENTED_EDGE('',*,*,#1902,.F.);
#1982 = ORIENTED_EDGE('',*,*,#1880,.T.);
#1983 = B_SPLINE_SURFACE_WITH_KNOTS('',1,1,(
    (#1984,#1985)
    ,(#1986,#1987
    )),.UNSPECIFIED.,.F.,.F.,.F.,(2,2),(2,2),(0.,0.23),(-0.13,0.),
  .PIECEWISE_BEZIER_KNOTS.);
#1984 = CARTESIAN_POINT('',(-0.8,-0.385,9.999999999941E-08));
#1985 = CARTESIAN_POINT('',(-0.8,-0.385,0.1300001));
#1986 = CARTESIAN_POINT('',(-0.8,-0.615,9.999999999941E-08));
#1987 = CARTESIAN_POINT('',(-0.8,-0.615,0.1300001));
#1988 = ADVANCED_FACE('',(#1989),#1995,.F.);
#1989 = FACE_BOUND('',#1990,.T.);
#1990 = EDGE_LOOP('',(#1991,#1992,#1993,#1994));
#1991 = ORIENTED_EDGE('',*,*,#1909,.T.);
#1992 = ORIENTED_EDGE('',*,*,#1977,.T.);
#1993 = ORIENTED_EDGE('',*,*,#1939,.T.);
#1994 = ORIENTED_EDGE('',*,*,#1963,.T.);
#1995 = B_SPLINE_SURFACE_WITH_KNOTS('',1,1,(
    (#1996,#1997)
    ,(#1998,#1999
    )),.UNSPECIFIED.,.F.,.F.,.F.,(2,2),(2,2),(-0.8,-0.5),(-0.615,-0.385)
  ,.PIECEWISE_BEZIER_KNOTS.);
#1996 = CARTESIAN_POINT('',(-0.8,-0.615,9.999999999941E-08));
#1997 = CARTESIAN_POINT('',(-0.8,-0.385,9.999999999941E-08));
#1998 = CARTESIAN_POINT('',(-0.5,-0.615,9.999999999941E-08));
#1999 = CARTESIAN_POINT('',(-0.5,-0.385,9.999999999941E-08));
#2000 = ADVANCED_FACE('',(#2001),#2023,.T.);
#2001 = FACE_BOUND('',#2002,.T.);
#2002 = EDGE_LOOP('',(#2003,#2004,#2011,#2018));
#2003 = ORIENTED_EDGE('',*,*,#30,.F.);
#2004 = ORIENTED_EDGE('',*,*,#2005,.F.);
#2005 = EDGE_CURVE('',#2006,#24,#2008,.T.);
#2006 = VERTEX_POINT('',#2007);
#2007 = CARTESIAN_POINT('',(-0.344852310221,-0.184451767479,3.10001E-02)
  );
#2008 = B_SPLINE_CURVE_WITH_KNOTS('',1,(#2009,#2010),.UNSPECIFIED.,.F.,
  .F.,(2,2),(-0.,1.E-03),.PIECEWISE_BEZIER_KNOTS.);
#2009 = CARTESIAN_POINT('',(-0.344852310221,-0.184451767479,3.10001E-02)
  );
#2010 = CARTESIAN_POINT('',(-0.344852310221,-0.184451767479,3.00001E-02)
  );
#2011 = ORIENTED_EDGE('',*,*,#2012,.T.);
#2012 = EDGE_CURVE('',#2006,#2013,#2015,.T.);
#2013 = VERTEX_POINT('',#2014);
#2014 = CARTESIAN_POINT('',(-0.422901090709,-0.384451767479,3.10001E-02)
  );
#2015 = B_SPLINE_CURVE_WITH_KNOTS('',1,(#2016,#2017),.UNSPECIFIED.,.F.,
  .F.,(2,2),(0.,0.214689571558),.PIECEWISE_BEZIER_KNOTS.);
#2016 = CARTESIAN_POINT('',(-0.344852310221,-0.184451767479,3.10001E-02)
  );
#2017 = CARTESIAN_POINT('',(-0.422901090709,-0.384451767479,3.10001E-02)
  );
#2018 = ORIENTED_EDGE('',*,*,#2019,.T.);
#2019 = EDGE_CURVE('',#2013,#31,#2020,.T.);
#2020 = B_SPLINE_CURVE_WITH_KNOTS('',1,(#2021,#2022),.UNSPECIFIED.,.F.,
  .F.,(2,2),(-0.,1.E-03),.PIECEWISE_BEZIER_KNOTS.);
#2021 = CARTESIAN_POINT('',(-0.422901090709,-0.384451767479,3.10001E-02)
  );
#2022 = CARTESIAN_POINT('',(-0.422901090709,-0.384451767479,3.00001E-02)
  );
#2023 = B_SPLINE_SURFACE_WITH_KNOTS('',1,1,(
    (#2024,#2025)
    ,(#2026,#2027
    )),.UNSPECIFIED.,.F.,.F.,.F.,(2,2),(2,2),(-0.214689571558,0.),(
    -1.E-03,0.),.PIECEWISE_BEZIER_KNOTS.);
#2024 = CARTESIAN_POINT('',(-0.422901090709,-0.384451767479,3.00001E-02)
  );
#2025 = CARTESIAN_POINT('',(-0.422901090709,-0.384451767479,3.10001E-02)
  );
#2026 = CARTESIAN_POINT('',(-0.344852310221,-0.184451767479,3.00001E-02)
  );
#2027 = CARTESIAN_POINT('',(-0.344852310221,-0.184451767479,3.10001E-02)
  );
#2028 = ADVANCED_FACE('',(#2029),#2045,.T.);
#2029 = FACE_BOUND('',#2030,.T.);
#2030 = EDGE_LOOP('',(#2031,#2032,#2033,#2040));
#2031 = ORIENTED_EDGE('',*,*,#37,.F.);
#2032 = ORIENTED_EDGE('',*,*,#2019,.F.);
#2033 = ORIENTED_EDGE('',*,*,#2034,.T.);
#2034 = EDGE_CURVE('',#2013,#2035,#2037,.T.);
#2035 = VERTEX_POINT('',#2036);
#2036 = CARTESIAN_POINT('',(-0.393632798026,-0.384451767479,3.10001E-02)
  );
#2037 = B_SPLINE_CURVE_WITH_KNOTS('',1,(#2038,#2039),.UNSPECIFIED.,.F.,
  .F.,(2,2),(0.,2.926829268293E-02),.PIECEWISE_BEZIER_KNOTS.);
#2038 = CARTESIAN_POINT('',(-0.422901090709,-0.384451767479,3.10001E-02)
  );
#2039 = CARTESIAN_POINT('',(-0.393632798026,-0.384451767479,3.10001E-02)
  );
#2040 = ORIENTED_EDGE('',*,*,#2041,.T.);
#2041 = EDGE_CURVE('',#2035,#38,#2042,.T.);
#2042 = B_SPLINE_CURVE_WITH_KNOTS('',1,(#2043,#2044),.UNSPECIFIED.,.F.,
  .F.,(2,2),(-0.,1.E-03),.PIECEWISE_BEZIER_KNOTS.);
#2043 = CARTESIAN_POINT('',(-0.393632798026,-0.384451767479,3.10001E-02)
  );
#2044 = CARTESIAN_POINT('',(-0.393632798026,-0.384451767479,3.00001E-02)
  );
#2045 = B_SPLINE_SURFACE_WITH_KNOTS('',1,1,(
    (#2046,#2047)
    ,(#2048,#2049
    )),.UNSPECIFIED.,.F.,.F.,.F.,(2,2),(2,2),(-1.E-03,0.),(0.,
    2.926829268293E-02),.PIECEWISE_BEZIER_KNOTS.);
#2046 = CARTESIAN_POINT('',(-0.422901090709,-0.384451767479,3.00001E-02)
  );
#2047 = CARTESIAN_POINT('',(-0.393632798026,-0.384451767479,3.00001E-02)
  );
#2048 = CARTESIAN_POINT('',(-0.422901090709,-0.384451767479,3.10001E-02)
  );
#2049 = CARTESIAN_POINT('',(-0.393632798026,-0.384451767479,3.10001E-02)
  );
#2050 = ADVANCED_FACE('',(#2051),#2067,.T.);
#2051 = FACE_BOUND('',#2052,.T.);
#2052 = EDGE_LOOP('',(#2053,#2054,#2055,#2062));
#2053 = ORIENTED_EDGE('',*,*,#44,.F.);
#2054 = ORIENTED_EDGE('',*,*,#2041,.F.);
#2055 = ORIENTED_EDGE('',*,*,#2056,.T.);
#2056 = EDGE_CURVE('',#2035,#2057,#2059,.T.);
#2057 = VERTEX_POINT('',#2058);
#2058 = CARTESIAN_POINT('',(-0.373396517538,-0.328354206504,3.10001E-02)
  );
#2059 = B_SPLINE_CURVE_WITH_KNOTS('',1,(#2060,#2061),.UNSPECIFIED.,.F.,
  .F.,(2,2),(0.,5.963592369867E-02),.PIECEWISE_BEZIER_KNOTS.);
#2060 = CARTESIAN_POINT('',(-0.393632798026,-0.384451767479,3.10001E-02)
  );
#2061 = CARTESIAN_POINT('',(-0.373396517538,-0.328354206504,3.10001E-02)
  );
#2062 = ORIENTED_EDGE('',*,*,#2063,.T.);
#2063 = EDGE_CURVE('',#2057,#45,#2064,.T.);
#2064 = B_SPLINE_CURVE_WITH_KNOTS('',1,(#2065,#2066),.UNSPECIFIED.,.F.,
  .F.,(2,2),(-0.,1.E-03),.PIECEWISE_BEZIER_KNOTS.);
#2065 = CARTESIAN_POINT('',(-0.373396517538,-0.328354206504,3.10001E-02)
  );
#2066 = CARTESIAN_POINT('',(-0.373396517538,-0.328354206504,3.00001E-02)
  );
#2067 = B_SPLINE_SURFACE_WITH_KNOTS('',1,1,(
    (#2068,#2069)
    ,(#2070,#2071
    )),.UNSPECIFIED.,.F.,.F.,.F.,(2,2),(2,2),(-5.963592369867E-02,0.),(
    -1.E-03,0.),.PIECEWISE_BEZIER_KNOTS.);
#2068 = CARTESIAN_POINT('',(-0.373396517538,-0.328354206504,3.00001E-02)
  );
#2069 = CARTESIAN_POINT('',(-0.373396517538,-0.328354206504,3.10001E-02)
  );
#2070 = CARTESIAN_POINT('',(-0.393632798026,-0.384451767479,3.00001E-02)
  );
#2071 = CARTESIAN_POINT('',(-0.393632798026,-0.384451767479,3.10001E-02)
  );
#2072 = ADVANCED_FACE('',(#2073),#2089,.T.);
#2073 = FACE_BOUND('',#2074,.T.);
#2074 = EDGE_LOOP('',(#2075,#2076,#2077,#2084));
#2075 = ORIENTED_EDGE('',*,*,#51,.F.);
#2076 = ORIENTED_EDGE('',*,*,#2063,.F.);
#2077 = ORIENTED_EDGE('',*,*,#2078,.T.);
#2078 = EDGE_CURVE('',#2057,#2079,#2081,.T.);
#2079 = VERTEX_POINT('',#2080);
#2080 = CARTESIAN_POINT('',(-0.290774566319,-0.328354206504,3.10001E-02)
  );
#2081 = B_SPLINE_CURVE_WITH_KNOTS('',1,(#2082,#2083),.UNSPECIFIED.,.F.,
  .F.,(2,2),(0.,8.262195121951E-02),.PIECEWISE_BEZIER_KNOTS.);
#2082 = CARTESIAN_POINT('',(-0.373396517538,-0.328354206504,3.10001E-02)
  );
#2083 = CARTESIAN_POINT('',(-0.290774566319,-0.328354206504,3.10001E-02)
  );
#2084 = ORIENTED_EDGE('',*,*,#2085,.T.);
#2085 = EDGE_CURVE('',#2079,#52,#2086,.T.);
#2086 = B_SPLINE_CURVE_WITH_KNOTS('',1,(#2087,#2088),.UNSPECIFIED.,.F.,
  .F.,(2,2),(-0.,1.E-03),.PIECEWISE_BEZIER_KNOTS.);
#2087 = CARTESIAN_POINT('',(-0.290774566319,-0.328354206504,3.10001E-02)
  );
#2088 = CARTESIAN_POINT('',(-0.290774566319,-0.328354206504,3.00001E-02)
  );
#2089 = B_SPLINE_SURFACE_WITH_KNOTS('',1,1,(
    (#2090,#2091)
    ,(#2092,#2093
    )),.UNSPECIFIED.,.F.,.F.,.F.,(2,2),(2,2),(-1.E-03,0.),(0.,
    8.262195121951E-02),.PIECEWISE_BEZIER_KNOTS.);
#2090 = CARTESIAN_POINT('',(-0.373396517538,-0.328354206504,3.00001E-02)
  );
#2091 = CARTESIAN_POINT('',(-0.290774566319,-0.328354206504,3.00001E-02)
  );
#2092 = CARTESIAN_POINT('',(-0.373396517538,-0.328354206504,3.10001E-02)
  );
#2093 = CARTESIAN_POINT('',(-0.290774566319,-0.328354206504,3.10001E-02)
  );
#2094 = ADVANCED_FACE('',(#2095),#2111,.T.);
#2095 = FACE_BOUND('',#2096,.T.);
#2096 = EDGE_LOOP('',(#2097,#2098,#2099,#2106));
#2097 = ORIENTED_EDGE('',*,*,#58,.F.);
#2098 = ORIENTED_EDGE('',*,*,#2085,.F.);
#2099 = ORIENTED_EDGE('',*,*,#2100,.T.);
#2100 = EDGE_CURVE('',#2079,#2101,#2103,.T.);
#2101 = VERTEX_POINT('',#2102);
#2102 = CARTESIAN_POINT('',(-0.271681578514,-0.384451767479,3.10001E-02)
  );
#2103 = B_SPLINE_CURVE_WITH_KNOTS('',1,(#2104,#2105),.UNSPECIFIED.,.F.,
  .F.,(2,2),(0.,5.925772971292E-02),.PIECEWISE_BEZIER_KNOTS.);
#2104 = CARTESIAN_POINT('',(-0.290774566319,-0.328354206504,3.10001E-02)
  );
#2105 = CARTESIAN_POINT('',(-0.271681578514,-0.384451767479,3.10001E-02)
  );
#2106 = ORIENTED_EDGE('',*,*,#2107,.T.);
#2107 = EDGE_CURVE('',#2101,#59,#2108,.T.);
#2108 = B_SPLINE_CURVE_WITH_KNOTS('',1,(#2109,#2110),.UNSPECIFIED.,.F.,
  .F.,(2,2),(-0.,1.E-03),.PIECEWISE_BEZIER_KNOTS.);
#2109 = CARTESIAN_POINT('',(-0.271681578514,-0.384451767479,3.10001E-02)
  );
#2110 = CARTESIAN_POINT('',(-0.271681578514,-0.384451767479,3.00001E-02)
  );
#2111 = B_SPLINE_SURFACE_WITH_KNOTS('',1,1,(
    (#2112,#2113)
    ,(#2114,#2115
    )),.UNSPECIFIED.,.F.,.F.,.F.,(2,2),(2,2),(-5.925772971292E-02,0.),(
    -1.E-03,0.),.PIECEWISE_BEZIER_KNOTS.);
#2112 = CARTESIAN_POINT('',(-0.271681578514,-0.384451767479,3.00001E-02)
  );
#2113 = CARTESIAN_POINT('',(-0.271681578514,-0.384451767479,3.10001E-02)
  );
#2114 = CARTESIAN_POINT('',(-0.290774566319,-0.328354206504,3.00001E-02)
  );
#2115 = CARTESIAN_POINT('',(-0.290774566319,-0.328354206504,3.10001E-02)
  );
#2116 = ADVANCED_FACE('',(#2117),#2133,.T.);
#2117 = FACE_BOUND('',#2118,.T.);
#2118 = EDGE_LOOP('',(#2119,#2120,#2121,#2128));
#2119 = ORIENTED_EDGE('',*,*,#65,.F.);
#2120 = ORIENTED_EDGE('',*,*,#2107,.F.);
#2121 = ORIENTED_EDGE('',*,*,#2122,.T.);
#2122 = EDGE_CURVE('',#2101,#2123,#2125,.T.);
#2123 = VERTEX_POINT('',#2124);
#2124 = CARTESIAN_POINT('',(-0.242413285831,-0.384451767479,3.10001E-02)
  );
#2125 = B_SPLINE_CURVE_WITH_KNOTS('',1,(#2126,#2127),.UNSPECIFIED.,.F.,
  .F.,(2,2),(0.,2.926829268293E-02),.PIECEWISE_BEZIER_KNOTS.);
#2126 = CARTESIAN_POINT('',(-0.271681578514,-0.384451767479,3.10001E-02)
  );
#2127 = CARTESIAN_POINT('',(-0.242413285831,-0.384451767479,3.10001E-02)
  );
#2128 = ORIENTED_EDGE('',*,*,#2129,.T.);
#2129 = EDGE_CURVE('',#2123,#66,#2130,.T.);
#2130 = B_SPLINE_CURVE_WITH_KNOTS('',1,(#2131,#2132),.UNSPECIFIED.,.F.,
  .F.,(2,2),(-0.,1.E-03),.PIECEWISE_BEZIER_KNOTS.);
#2131 = CARTESIAN_POINT('',(-0.242413285831,-0.384451767479,3.10001E-02)
  );
#2132 = CARTESIAN_POINT('',(-0.242413285831,-0.384451767479,3.00001E-02)
  );
#2133 = B_SPLINE_SURFACE_WITH_KNOTS('',1,1,(
    (#2134,#2135)
    ,(#2136,#2137
    )),.UNSPECIFIED.,.F.,.F.,.F.,(2,2),(2,2),(-1.E-03,0.),(0.,
    2.926829268293E-02),.PIECEWISE_BEZIER_KNOTS.);
#2134 = CARTESIAN_POINT('',(-0.271681578514,-0.384451767479,3.00001E-02)
  );
#2135 = CARTESIAN_POINT('',(-0.242413285831,-0.384451767479,3.00001E-02)
  );
#2136 = CARTESIAN_POINT('',(-0.271681578514,-0.384451767479,3.10001E-02)
  );
#2137 = CARTESIAN_POINT('',(-0.242413285831,-0.384451767479,3.10001E-02)
  );
#2138 = ADVANCED_FACE('',(#2139),#2155,.T.);
#2139 = FACE_BOUND('',#2140,.T.);
#2140 = EDGE_LOOP('',(#2141,#2142,#2143,#2150));
#2141 = ORIENTED_EDGE('',*,*,#72,.F.);
#2142 = ORIENTED_EDGE('',*,*,#2129,.F.);
#2143 = ORIENTED_EDGE('',*,*,#2144,.T.);
#2144 = EDGE_CURVE('',#2123,#2145,#2147,.T.);
#2145 = VERTEX_POINT('',#2146);
#2146 = CARTESIAN_POINT('',(-0.318023041928,-0.184451767479,3.10001E-02)
  );
#2147 = B_SPLINE_CURVE_WITH_KNOTS('',1,(#2148,#2149),.UNSPECIFIED.,.F.,
  .F.,(2,2),(0.,0.213814955551),.PIECEWISE_BEZIER_KNOTS.);
#2148 = CARTESIAN_POINT('',(-0.242413285831,-0.384451767479,3.10001E-02)
  );
#2149 = CARTESIAN_POINT('',(-0.318023041928,-0.184451767479,3.10001E-02)
  );
#2150 = ORIENTED_EDGE('',*,*,#2151,.T.);
#2151 = EDGE_CURVE('',#2145,#22,#2152,.T.);
#2152 = B_SPLINE_CURVE_WITH_KNOTS('',1,(#2153,#2154),.UNSPECIFIED.,.F.,
  .F.,(2,2),(-0.,1.E-03),.PIECEWISE_BEZIER_KNOTS.);
#2153 = CARTESIAN_POINT('',(-0.318023041928,-0.184451767479,3.10001E-02)
  );
#2154 = CARTESIAN_POINT('',(-0.318023041928,-0.184451767479,3.00001E-02)
  );
#2155 = B_SPLINE_SURFACE_WITH_KNOTS('',1,1,(
    (#2156,#2157)
    ,(#2158,#2159
    )),.UNSPECIFIED.,.F.,.F.,.F.,(2,2),(2,2),(-0.213814955551,0.),(
    -1.E-03,0.),.PIECEWISE_BEZIER_KNOTS.);
#2156 = CARTESIAN_POINT('',(-0.318023041928,-0.184451767479,3.00001E-02)
  );
#2157 = CARTESIAN_POINT('',(-0.318023041928,-0.184451767479,3.10001E-02)
  );
#2158 = CARTESIAN_POINT('',(-0.242413285831,-0.384451767479,3.00001E-02)
  );
#2159 = CARTESIAN_POINT('',(-0.242413285831,-0.384451767479,3.10001E-02)
  );
#2160 = ADVANCED_FACE('',(#2161),#2171,.T.);
#2161 = FACE_BOUND('',#2162,.T.);
#2162 = EDGE_LOOP('',(#2163,#2164,#2165,#2170));
#2163 = ORIENTED_EDGE('',*,*,#21,.F.);
#2164 = ORIENTED_EDGE('',*,*,#2151,.F.);
#2165 = ORIENTED_EDGE('',*,*,#2166,.T.);
#2166 = EDGE_CURVE('',#2145,#2006,#2167,.T.);
#2167 = B_SPLINE_CURVE_WITH_KNOTS('',1,(#2168,#2169),.UNSPECIFIED.,.F.,
  .F.,(2,2),(0.,2.682926829268E-02),.PIECEWISE_BEZIER_KNOTS.);
#2168 = CARTESIAN_POINT('',(-0.318023041928,-0.184451767479,3.10001E-02)
  );
#2169 = CARTESIAN_POINT('',(-0.344852310221,-0.184451767479,3.10001E-02)
  );
#2170 = ORIENTED_EDGE('',*,*,#2005,.T.);
#2171 = B_SPLINE_SURFACE_WITH_KNOTS('',1,1,(
    (#2172,#2173)
    ,(#2174,#2175)),.UNSPECIFIED.,.F.,.F.,.F.,(2,2),(2,2),(0.,1.E-03),(
    -2.682926829268E-02,0.),.PIECEWISE_BEZIER_KNOTS.);
#2172 = CARTESIAN_POINT('',(-0.344852310221,-0.184451767479,3.10001E-02)
  );
#2173 = CARTESIAN_POINT('',(-0.318023041928,-0.184451767479,3.10001E-02)
  );
#2174 = CARTESIAN_POINT('',(-0.344852310221,-0.184451767479,3.00001E-02)
  );
#2175 = CARTESIAN_POINT('',(-0.318023041928,-0.184451767479,3.00001E-02)
  );
#2176 = ADVANCED_FACE('',(#2177,#2231),#2241,.F.);
#2177 = FACE_BOUND('',#2178,.T.);
#2178 = EDGE_LOOP('',(#2179,#2188,#2195,#2207,#2214,#2226));
#2179 = ORIENTED_EDGE('',*,*,#2180,.F.);
#2180 = EDGE_CURVE('',#2181,#2183,#2185,.T.);
#2181 = VERTEX_POINT('',#2182);
#2182 = CARTESIAN_POINT('',(-0.297519993148,-0.306402986992,3.10001E-02)
  );
#2183 = VERTEX_POINT('',#2184);
#2184 = CARTESIAN_POINT('',(-0.364402615099,-0.306402986992,3.10001E-02)
  );
#2185 = B_SPLINE_CURVE_WITH_KNOTS('',1,(#2186,#2187),.UNSPECIFIED.,.F.,
  .F.,(2,2),(0.,6.688262195122E-02),.PIECEWISE_BEZIER_KNOTS.);
#2186 = CARTESIAN_POINT('',(-0.297519993148,-0.306402986992,3.10001E-02)
  );
#2187 = CARTESIAN_POINT('',(-0.364402615099,-0.306402986992,3.10001E-02)
  );
#2188 = ORIENTED_EDGE('',*,*,#2189,.F.);
#2189 = EDGE_CURVE('',#2190,#2181,#2192,.T.);
#2190 = VERTEX_POINT('',#2191);
#2191 = CARTESIAN_POINT('',(-0.327359932172,-0.222866401626,3.10001E-02)
  );
#2192 = B_SPLINE_CURVE_WITH_KNOTS('',1,(#2193,#2194),.UNSPECIFIED.,.F.,
  .F.,(2,2),(0.,8.870616131682E-02),.PIECEWISE_BEZIER_KNOTS.);
#2193 = CARTESIAN_POINT('',(-0.327359932172,-0.222866401626,3.10001E-02)
  );
#2194 = CARTESIAN_POINT('',(-0.297519993148,-0.306402986992,3.10001E-02)
  );
#2195 = ORIENTED_EDGE('',*,*,#2196,.F.);
#2196 = EDGE_CURVE('',#2197,#2190,#2199,.T.);
#2197 = VERTEX_POINT('',#2198);
#2198 = CARTESIAN_POINT('',(-0.330561151684,-0.208842011382,3.10001E-02)
  );
#2199 = B_SPLINE_CURVE_WITH_KNOTS('',3,(#2200,#2201,#2202,#2203,#2204,
    #2205,#2206),.UNSPECIFIED.,.F.,.F.,(4,1,1,1,4),(0.,0.300541113159,
    0.567747146484,0.800033613737,1.),.UNSPECIFIED.);
#2200 = CARTESIAN_POINT('',(-0.330561151684,-0.208842011382,3.10001E-02)
  );
#2201 = CARTESIAN_POINT('',(-0.33032793519,-0.210266189839,3.10001E-02)
  );
#2202 = CARTESIAN_POINT('',(-0.329887369845,-0.212956581337,3.10001E-02)
  );
#2203 = CARTESIAN_POINT('',(-0.329143672203,-0.216726376828,3.10001E-02)
  );
#2204 = CARTESIAN_POINT('',(-0.328315644085,-0.219984339073,3.10001E-02)
  );
#2205 = CARTESIAN_POINT('',(-0.327662216958,-0.221954826024,3.10001E-02)
  );
#2206 = CARTESIAN_POINT('',(-0.327359932172,-0.222866401626,3.10001E-02)
  );
#2207 = ORIENTED_EDGE('',*,*,#2208,.F.);
#2208 = EDGE_CURVE('',#2209,#2197,#2211,.T.);
#2209 = VERTEX_POINT('',#2210);
#2210 = CARTESIAN_POINT('',(-0.331209017538,-0.208842011382,3.10001E-02)
  );
#2211 = B_SPLINE_CURVE_WITH_KNOTS('',1,(#2212,#2213),.UNSPECIFIED.,.F.,
  .F.,(2,2),(0.,6.478658536585E-04),.PIECEWISE_BEZIER_KNOTS.);
#2212 = CARTESIAN_POINT('',(-0.331209017538,-0.208842011382,3.10001E-02)
  );
#2213 = CARTESIAN_POINT('',(-0.330561151684,-0.208842011382,3.10001E-02)
  );
#2214 = ORIENTED_EDGE('',*,*,#2215,.F.);
#2215 = EDGE_CURVE('',#2216,#2209,#2218,.T.);
#2216 = VERTEX_POINT('',#2217);
#2217 = CARTESIAN_POINT('',(-0.334295907782,-0.222866401626,3.10001E-02)
  );
#2218 = B_SPLINE_CURVE_WITH_KNOTS('',3,(#2219,#2220,#2221,#2222,#2223,
    #2224,#2225),.UNSPECIFIED.,.F.,.F.,(4,1,1,1,4),(0.,0.174481715317,
    0.398285759128,0.673897847399,1.),.UNSPECIFIED.);
#2219 = CARTESIAN_POINT('',(-0.334295907782,-0.222866401626,3.10001E-02)
  );
#2220 = CARTESIAN_POINT('',(-0.334046326757,-0.222068434735,3.10001E-02)
  );
#2221 = CARTESIAN_POINT('',(-0.333476613377,-0.220246932418,3.10001E-02)
  );
#2222 = CARTESIAN_POINT('',(-0.332730051783,-0.217103120503,3.10001E-02)
  );
#2223 = CARTESIAN_POINT('',(-0.331998094993,-0.213216390107,3.10001E-02)
  );
#2224 = CARTESIAN_POINT('',(-0.331486356739,-0.210379486176,3.10001E-02)
  );
#2225 = CARTESIAN_POINT('',(-0.331209017538,-0.208842011382,3.10001E-02)
  );
#2226 = ORIENTED_EDGE('',*,*,#2227,.F.);
#2227 = EDGE_CURVE('',#2183,#2216,#2228,.T.);
#2228 = B_SPLINE_CURVE_WITH_KNOTS('',1,(#2229,#2230),.UNSPECIFIED.,.F.,
  .F.,(2,2),(0.,8.879625510157E-02),.PIECEWISE_BEZIER_KNOTS.);
#2229 = CARTESIAN_POINT('',(-0.364402615099,-0.306402986992,3.10001E-02)
  );
#2230 = CARTESIAN_POINT('',(-0.334295907782,-0.222866401626,3.10001E-02)
  );
#2231 = FACE_BOUND('',#2232,.T.);
#2232 = EDGE_LOOP('',(#2233,#2234,#2235,#2236,#2237,#2238,#2239,#2240));
#2233 = ORIENTED_EDGE('',*,*,#2012,.F.);
#2234 = ORIENTED_EDGE('',*,*,#2166,.F.);
#2235 = ORIENTED_EDGE('',*,*,#2144,.F.);
#2236 = ORIENTED_EDGE('',*,*,#2122,.F.);
#2237 = ORIENTED_EDGE('',*,*,#2100,.F.);
#2238 = ORIENTED_EDGE('',*,*,#2078,.F.);
#2239 = ORIENTED_EDGE('',*,*,#2056,.F.);
#2240 = ORIENTED_EDGE('',*,*,#2034,.F.);
#2241 = B_SPLINE_SURFACE_WITH_KNOTS('',1,1,(
    (#2242,#2243)
    ,(#2244,#2245
    )),.UNSPECIFIED.,.F.,.F.,.F.,(2,2),(2,2),(-0.422901090709,
    -0.242413285831),(-0.384451767479,-0.184451767479),
  .PIECEWISE_BEZIER_KNOTS.);
#2242 = CARTESIAN_POINT('',(-0.422901090709,-0.384451767479,3.10001E-02)
  );
#2243 = CARTESIAN_POINT('',(-0.422901090709,-0.184451767479,3.10001E-02)
  );
#2244 = CARTESIAN_POINT('',(-0.242413285831,-0.384451767479,3.10001E-02)
  );
#2245 = CARTESIAN_POINT('',(-0.242413285831,-0.184451767479,3.10001E-02)
  );
#2246 = ADVANCED_FACE('',(#2247),#2269,.T.);
#2247 = FACE_BOUND('',#2248,.T.);
#2248 = EDGE_LOOP('',(#2249,#2258,#2263,#2264));
#2249 = ORIENTED_EDGE('',*,*,#2250,.F.);
#2250 = EDGE_CURVE('',#2251,#2253,#2255,.T.);
#2251 = VERTEX_POINT('',#2252);
#2252 = CARTESIAN_POINT('',(-0.297519993148,-0.306402986992,3.00001E-02)
  );
#2253 = VERTEX_POINT('',#2254);
#2254 = CARTESIAN_POINT('',(-0.364402615099,-0.306402986992,3.00001E-02)
  );
#2255 = B_SPLINE_CURVE_WITH_KNOTS('',1,(#2256,#2257),.UNSPECIFIED.,.F.,
  .F.,(2,2),(0.,6.688262195122E-02),.PIECEWISE_BEZIER_KNOTS.);
#2256 = CARTESIAN_POINT('',(-0.297519993148,-0.306402986992,3.00001E-02)
  );
#2257 = CARTESIAN_POINT('',(-0.364402615099,-0.306402986992,3.00001E-02)
  );
#2258 = ORIENTED_EDGE('',*,*,#2259,.F.);
#2259 = EDGE_CURVE('',#2181,#2251,#2260,.T.);
#2260 = B_SPLINE_CURVE_WITH_KNOTS('',1,(#2261,#2262),.UNSPECIFIED.,.F.,
  .F.,(2,2),(-0.,1.E-03),.PIECEWISE_BEZIER_KNOTS.);
#2261 = CARTESIAN_POINT('',(-0.297519993148,-0.306402986992,3.10001E-02)
  );
#2262 = CARTESIAN_POINT('',(-0.297519993148,-0.306402986992,3.00001E-02)
  );
#2263 = ORIENTED_EDGE('',*,*,#2180,.T.);
#2264 = ORIENTED_EDGE('',*,*,#2265,.T.);
#2265 = EDGE_CURVE('',#2183,#2253,#2266,.T.);
#2266 = B_SPLINE_CURVE_WITH_KNOTS('',1,(#2267,#2268),.UNSPECIFIED.,.F.,
  .F.,(2,2),(-0.,1.E-03),.PIECEWISE_BEZIER_KNOTS.);
#2267 = CARTESIAN_POINT('',(-0.364402615099,-0.306402986992,3.10001E-02)
  );
#2268 = CARTESIAN_POINT('',(-0.364402615099,-0.306402986992,3.00001E-02)
  );
#2269 = B_SPLINE_SURFACE_WITH_KNOTS('',1,1,(
    (#2270,#2271)
    ,(#2272,#2273)),.UNSPECIFIED.,.F.,.F.,.F.,(2,2),(2,2),(0.,1.E-03),(
    -6.688262195122E-02,0.),.PIECEWISE_BEZIER_KNOTS.);
#2270 = CARTESIAN_POINT('',(-0.364402615099,-0.306402986992,3.10001E-02)
  );
#2271 = CARTESIAN_POINT('',(-0.297519993148,-0.306402986992,3.10001E-02)
  );
#2272 = CARTESIAN_POINT('',(-0.364402615099,-0.306402986992,3.00001E-02)
  );
#2273 = CARTESIAN_POINT('',(-0.297519993148,-0.306402986992,3.00001E-02)
  );
#2274 = ADVANCED_FACE('',(#2275),#2291,.T.);
#2275 = FACE_BOUND('',#2276,.T.);
#2276 = EDGE_LOOP('',(#2277,#2284,#2289,#2290));
#2277 = ORIENTED_EDGE('',*,*,#2278,.F.);
#2278 = EDGE_CURVE('',#2279,#2251,#2281,.T.);
#2279 = VERTEX_POINT('',#2280);
#2280 = CARTESIAN_POINT('',(-0.327359932172,-0.222866401626,3.00001E-02)
  );
#2281 = B_SPLINE_CURVE_WITH_KNOTS('',1,(#2282,#2283),.UNSPECIFIED.,.F.,
  .F.,(2,2),(0.,8.870616131682E-02),.PIECEWISE_BEZIER_KNOTS.);
#2282 = CARTESIAN_POINT('',(-0.327359932172,-0.222866401626,3.00001E-02)
  );
#2283 = CARTESIAN_POINT('',(-0.297519993148,-0.306402986992,3.00001E-02)
  );
#2284 = ORIENTED_EDGE('',*,*,#2285,.F.);
#2285 = EDGE_CURVE('',#2190,#2279,#2286,.T.);
#2286 = B_SPLINE_CURVE_WITH_KNOTS('',1,(#2287,#2288),.UNSPECIFIED.,.F.,
  .F.,(2,2),(-0.,1.E-03),.PIECEWISE_BEZIER_KNOTS.);
#2287 = CARTESIAN_POINT('',(-0.327359932172,-0.222866401626,3.10001E-02)
  );
#2288 = CARTESIAN_POINT('',(-0.327359932172,-0.222866401626,3.00001E-02)
  );
#2289 = ORIENTED_EDGE('',*,*,#2189,.T.);
#2290 = ORIENTED_EDGE('',*,*,#2259,.T.);
#2291 = B_SPLINE_SURFACE_WITH_KNOTS('',1,1,(
    (#2292,#2293)
    ,(#2294,#2295
    )),.UNSPECIFIED.,.F.,.F.,.F.,(2,2),(2,2),(-8.870616131682E-02,0.),(
    -1.E-03,0.),.PIECEWISE_BEZIER_KNOTS.);
#2292 = CARTESIAN_POINT('',(-0.297519993148,-0.306402986992,3.00001E-02)
  );
#2293 = CARTESIAN_POINT('',(-0.297519993148,-0.306402986992,3.10001E-02)
  );
#2294 = CARTESIAN_POINT('',(-0.327359932172,-0.222866401626,3.00001E-02)
  );
#2295 = CARTESIAN_POINT('',(-0.327359932172,-0.222866401626,3.10001E-02)
  );
#2296 = ADVANCED_FACE('',(#2297),#2318,.T.);
#2297 = FACE_BOUND('',#2298,.T.);
#2298 = EDGE_LOOP('',(#2299,#2311,#2316,#2317));
#2299 = ORIENTED_EDGE('',*,*,#2300,.F.);
#2300 = EDGE_CURVE('',#2301,#2279,#2303,.T.);
#2301 = VERTEX_POINT('',#2302);
#2302 = CARTESIAN_POINT('',(-0.330561151684,-0.208842011382,3.00001E-02)
  );
#2303 = B_SPLINE_CURVE_WITH_KNOTS('',3,(#2304,#2305,#2306,#2307,#2308,
    #2309,#2310),.UNSPECIFIED.,.F.,.F.,(4,1,1,1,4),(0.,0.300541113159,
    0.567747146484,0.800033613737,1.),.UNSPECIFIED.);
#2304 = CARTESIAN_POINT('',(-0.330561151684,-0.208842011382,3.00001E-02)
  );
#2305 = CARTESIAN_POINT('',(-0.33032793519,-0.210266189839,3.00001E-02)
  );
#2306 = CARTESIAN_POINT('',(-0.329887369845,-0.212956581337,3.00001E-02)
  );
#2307 = CARTESIAN_POINT('',(-0.329143672203,-0.216726376828,3.00001E-02)
  );
#2308 = CARTESIAN_POINT('',(-0.328315644085,-0.219984339073,3.00001E-02)
  );
#2309 = CARTESIAN_POINT('',(-0.327662216958,-0.221954826024,3.00001E-02)
  );
#2310 = CARTESIAN_POINT('',(-0.327359932172,-0.222866401626,3.00001E-02)
  );
#2311 = ORIENTED_EDGE('',*,*,#2312,.F.);
#2312 = EDGE_CURVE('',#2197,#2301,#2313,.T.);
#2313 = B_SPLINE_CURVE_WITH_KNOTS('',1,(#2314,#2315),.UNSPECIFIED.,.F.,
  .F.,(2,2),(-0.,1.E-03),.PIECEWISE_BEZIER_KNOTS.);
#2314 = CARTESIAN_POINT('',(-0.330561151684,-0.208842011382,3.10001E-02)
  );
#2315 = CARTESIAN_POINT('',(-0.330561151684,-0.208842011382,3.00001E-02)
  );
#2316 = ORIENTED_EDGE('',*,*,#2196,.T.);
#2317 = ORIENTED_EDGE('',*,*,#2285,.T.);
#2318 = B_SPLINE_SURFACE_WITH_KNOTS('',3,1,(
    (#2319,#2320)
    ,(#2321,#2322)
    ,(#2323,#2324)
    ,(#2325,#2326)
    ,(#2327,#2328)
    ,(#2329,#2330)
    ,(#2331,#2332
    )),.UNSPECIFIED.,.F.,.F.,.F.,(4,1,1,1,4),(2,2),(0.,0.300541113159,
    0.567747146484,0.800033613737,1.),(0.,1.),.UNSPECIFIED.);
#2319 = CARTESIAN_POINT('',(-0.330561151684,-0.208842011382,3.10001E-02)
  );
#2320 = CARTESIAN_POINT('',(-0.330561151684,-0.208842011382,3.00001E-02)
  );
#2321 = CARTESIAN_POINT('',(-0.33032793519,-0.210266189839,3.10001E-02)
  );
#2322 = CARTESIAN_POINT('',(-0.33032793519,-0.210266189839,3.00001E-02)
  );
#2323 = CARTESIAN_POINT('',(-0.329887369845,-0.212956581337,3.10001E-02)
  );
#2324 = CARTESIAN_POINT('',(-0.329887369845,-0.212956581337,3.00001E-02)
  );
#2325 = CARTESIAN_POINT('',(-0.329143672203,-0.216726376828,3.10001E-02)
  );
#2326 = CARTESIAN_POINT('',(-0.329143672203,-0.216726376828,3.00001E-02)
  );
#2327 = CARTESIAN_POINT('',(-0.328315644085,-0.219984339073,3.10001E-02)
  );
#2328 = CARTESIAN_POINT('',(-0.328315644085,-0.219984339073,3.00001E-02)
  );
#2329 = CARTESIAN_POINT('',(-0.327662216958,-0.221954826024,3.10001E-02)
  );
#2330 = CARTESIAN_POINT('',(-0.327662216958,-0.221954826024,3.00001E-02)
  );
#2331 = CARTESIAN_POINT('',(-0.327359932172,-0.222866401626,3.10001E-02)
  );
#2332 = CARTESIAN_POINT('',(-0.327359932172,-0.222866401626,3.00001E-02)
  );
#2333 = ADVANCED_FACE('',(#2334),#2350,.T.);
#2334 = FACE_BOUND('',#2335,.T.);
#2335 = EDGE_LOOP('',(#2336,#2343,#2348,#2349));
#2336 = ORIENTED_EDGE('',*,*,#2337,.F.);
#2337 = EDGE_CURVE('',#2338,#2301,#2340,.T.);
#2338 = VERTEX_POINT('',#2339);
#2339 = CARTESIAN_POINT('',(-0.331209017538,-0.208842011382,3.00001E-02)
  );
#2340 = B_SPLINE_CURVE_WITH_KNOTS('',1,(#2341,#2342),.UNSPECIFIED.,.F.,
  .F.,(2,2),(0.,6.478658536585E-04),.PIECEWISE_BEZIER_KNOTS.);
#2341 = CARTESIAN_POINT('',(-0.331209017538,-0.208842011382,3.00001E-02)
  );
#2342 = CARTESIAN_POINT('',(-0.330561151684,-0.208842011382,3.00001E-02)
  );
#2343 = ORIENTED_EDGE('',*,*,#2344,.F.);
#2344 = EDGE_CURVE('',#2209,#2338,#2345,.T.);
#2345 = B_SPLINE_CURVE_WITH_KNOTS('',1,(#2346,#2347),.UNSPECIFIED.,.F.,
  .F.,(2,2),(-0.,1.E-03),.PIECEWISE_BEZIER_KNOTS.);
#2346 = CARTESIAN_POINT('',(-0.331209017538,-0.208842011382,3.10001E-02)
  );
#2347 = CARTESIAN_POINT('',(-0.331209017538,-0.208842011382,3.00001E-02)
  );
#2348 = ORIENTED_EDGE('',*,*,#2208,.T.);
#2349 = ORIENTED_EDGE('',*,*,#2312,.T.);
#2350 = B_SPLINE_SURFACE_WITH_KNOTS('',1,1,(
    (#2351,#2352)
    ,(#2353,#2354
    )),.UNSPECIFIED.,.F.,.F.,.F.,(2,2),(2,2),(-1.E-03,0.),(0.,
    6.478658536585E-04),.PIECEWISE_BEZIER_KNOTS.);
#2351 = CARTESIAN_POINT('',(-0.331209017538,-0.208842011382,3.00001E-02)
  );
#2352 = CARTESIAN_POINT('',(-0.330561151684,-0.208842011382,3.00001E-02)
  );
#2353 = CARTESIAN_POINT('',(-0.331209017538,-0.208842011382,3.10001E-02)
  );
#2354 = CARTESIAN_POINT('',(-0.330561151684,-0.208842011382,3.10001E-02)
  );
#2355 = ADVANCED_FACE('',(#2356),#2377,.T.);
#2356 = FACE_BOUND('',#2357,.T.);
#2357 = EDGE_LOOP('',(#2358,#2370,#2375,#2376));
#2358 = ORIENTED_EDGE('',*,*,#2359,.F.);
#2359 = EDGE_CURVE('',#2360,#2338,#2362,.T.);
#2360 = VERTEX_POINT('',#2361);
#2361 = CARTESIAN_POINT('',(-0.334295907782,-0.222866401626,3.00001E-02)
  );
#2362 = B_SPLINE_CURVE_WITH_KNOTS('',3,(#2363,#2364,#2365,#2366,#2367,
    #2368,#2369),.UNSPECIFIED.,.F.,.F.,(4,1,1,1,4),(0.,0.174481715317,
    0.398285759128,0.673897847399,1.),.UNSPECIFIED.);
#2363 = CARTESIAN_POINT('',(-0.334295907782,-0.222866401626,3.00001E-02)
  );
#2364 = CARTESIAN_POINT('',(-0.334046326757,-0.222068434735,3.00001E-02)
  );
#2365 = CARTESIAN_POINT('',(-0.333476613377,-0.220246932418,3.00001E-02)
  );
#2366 = CARTESIAN_POINT('',(-0.332730051783,-0.217103120503,3.00001E-02)
  );
#2367 = CARTESIAN_POINT('',(-0.331998094993,-0.213216390107,3.00001E-02)
  );
#2368 = CARTESIAN_POINT('',(-0.331486356739,-0.210379486176,3.00001E-02)
  );
#2369 = CARTESIAN_POINT('',(-0.331209017538,-0.208842011382,3.00001E-02)
  );
#2370 = ORIENTED_EDGE('',*,*,#2371,.F.);
#2371 = EDGE_CURVE('',#2216,#2360,#2372,.T.);
#2372 = B_SPLINE_CURVE_WITH_KNOTS('',1,(#2373,#2374),.UNSPECIFIED.,.F.,
  .F.,(2,2),(0.,1.E-03),.PIECEWISE_BEZIER_KNOTS.);
#2373 = CARTESIAN_POINT('',(-0.334295907782,-0.222866401626,3.10001E-02)
  );
#2374 = CARTESIAN_POINT('',(-0.334295907782,-0.222866401626,3.00001E-02)
  );
#2375 = ORIENTED_EDGE('',*,*,#2215,.T.);
#2376 = ORIENTED_EDGE('',*,*,#2344,.T.);
#2377 = B_SPLINE_SURFACE_WITH_KNOTS('',3,1,(
    (#2378,#2379)
    ,(#2380,#2381)
    ,(#2382,#2383)
    ,(#2384,#2385)
    ,(#2386,#2387)
    ,(#2388,#2389)
    ,(#2390,#2391
    )),.UNSPECIFIED.,.F.,.F.,.F.,(4,1,1,1,4),(2,2),(0.,0.174481715317,
    0.398285759128,0.673897847399,1.),(0.,1.),.UNSPECIFIED.);
#2378 = CARTESIAN_POINT('',(-0.334295907782,-0.222866401626,3.10001E-02)
  );
#2379 = CARTESIAN_POINT('',(-0.334295907782,-0.222866401626,3.00001E-02)
  );
#2380 = CARTESIAN_POINT('',(-0.334046326757,-0.222068434735,3.10001E-02)
  );
#2381 = CARTESIAN_POINT('',(-0.334046326757,-0.222068434735,3.00001E-02)
  );
#2382 = CARTESIAN_POINT('',(-0.333476613377,-0.220246932418,3.10001E-02)
  );
#2383 = CARTESIAN_POINT('',(-0.333476613377,-0.220246932418,3.00001E-02)
  );
#2384 = CARTESIAN_POINT('',(-0.332730051783,-0.217103120503,3.10001E-02)
  );
#2385 = CARTESIAN_POINT('',(-0.332730051783,-0.217103120503,3.00001E-02)
  );
#2386 = CARTESIAN_POINT('',(-0.331998094993,-0.213216390107,3.10001E-02)
  );
#2387 = CARTESIAN_POINT('',(-0.331998094993,-0.213216390107,3.00001E-02)
  );
#2388 = CARTESIAN_POINT('',(-0.331486356739,-0.210379486176,3.10001E-02)
  );
#2389 = CARTESIAN_POINT('',(-0.331486356739,-0.210379486176,3.00001E-02)
  );
#2390 = CARTESIAN_POINT('',(-0.331209017538,-0.208842011382,3.10001E-02)
  );
#2391 = CARTESIAN_POINT('',(-0.331209017538,-0.208842011382,3.00001E-02)
  );
#2392 = ADVANCED_FACE('',(#2393),#2403,.T.);
#2393 = FACE_BOUND('',#2394,.T.);
#2394 = EDGE_LOOP('',(#2395,#2400,#2401,#2402));
#2395 = ORIENTED_EDGE('',*,*,#2396,.F.);
#2396 = EDGE_CURVE('',#2253,#2360,#2397,.T.);
#2397 = B_SPLINE_CURVE_WITH_KNOTS('',1,(#2398,#2399),.UNSPECIFIED.,.F.,
  .F.,(2,2),(5.22230584869E-17,8.879625510157E-02),
  .PIECEWISE_BEZIER_KNOTS.);
#2398 = CARTESIAN_POINT('',(-0.364402615099,-0.306402986992,3.00001E-02)
  );
#2399 = CARTESIAN_POINT('',(-0.334295907782,-0.222866401626,3.00001E-02)
  );
#2400 = ORIENTED_EDGE('',*,*,#2265,.F.);
#2401 = ORIENTED_EDGE('',*,*,#2227,.T.);
#2402 = ORIENTED_EDGE('',*,*,#2371,.T.);
#2403 = B_SPLINE_SURFACE_WITH_KNOTS('',1,1,(
    (#2404,#2405)
    ,(#2406,#2407
    )),.UNSPECIFIED.,.F.,.F.,.F.,(2,2),(2,2),(-8.879625510157E-02,0.),(
    -1.E-03,0.),.PIECEWISE_BEZIER_KNOTS.);
#2404 = CARTESIAN_POINT('',(-0.334295907782,-0.222866401626,3.00001E-02)
  );
#2405 = CARTESIAN_POINT('',(-0.334295907782,-0.222866401626,3.10001E-02)
  );
#2406 = CARTESIAN_POINT('',(-0.364402615099,-0.306402986992,3.00001E-02)
  );
#2407 = CARTESIAN_POINT('',(-0.364402615099,-0.306402986992,3.10001E-02)
  );
#2408 = ADVANCED_FACE('',(#2409),#2431,.T.);
#2409 = FACE_BOUND('',#2410,.T.);
#2410 = EDGE_LOOP('',(#2411,#2412,#2419,#2426));
#2411 = ORIENTED_EDGE('',*,*,#307,.F.);
#2412 = ORIENTED_EDGE('',*,*,#2413,.F.);
#2413 = EDGE_CURVE('',#2414,#284,#2416,.T.);
#2414 = VERTEX_POINT('',#2415);
#2415 = CARTESIAN_POINT('',(-0.121186151684,-0.384451767479,3.10001E-02)
  );
#2416 = B_SPLINE_CURVE_WITH_KNOTS('',1,(#2417,#2418),.UNSPECIFIED.,.F.,
  .F.,(2,2),(-0.,1.E-03),.PIECEWISE_BEZIER_KNOTS.);
#2417 = CARTESIAN_POINT('',(-0.121186151684,-0.384451767479,3.10001E-02)
  );
#2418 = CARTESIAN_POINT('',(-0.121186151684,-0.384451767479,3.00001E-02)
  );
#2419 = ORIENTED_EDGE('',*,*,#2420,.T.);
#2420 = EDGE_CURVE('',#2414,#2421,#2423,.T.);
#2421 = VERTEX_POINT('',#2422);
#2422 = CARTESIAN_POINT('',(-6.680352973325E-02,-0.384451767479,
    3.10001E-02));
#2423 = B_SPLINE_CURVE_WITH_KNOTS('',1,(#2424,#2425),.UNSPECIFIED.,.F.,
  .F.,(2,2),(0.,5.438262195122E-02),.PIECEWISE_BEZIER_KNOTS.);
#2424 = CARTESIAN_POINT('',(-0.121186151684,-0.384451767479,3.10001E-02)
  );
#2425 = CARTESIAN_POINT('',(-6.680352973325E-02,-0.384451767479,
    3.10001E-02));
#2426 = ORIENTED_EDGE('',*,*,#2427,.T.);
#2427 = EDGE_CURVE('',#2421,#308,#2428,.T.);
#2428 = B_SPLINE_CURVE_WITH_KNOTS('',1,(#2429,#2430),.UNSPECIFIED.,.F.,
  .F.,(2,2),(-0.,1.E-03),.PIECEWISE_BEZIER_KNOTS.);
#2429 = CARTESIAN_POINT('',(-6.680352973325E-02,-0.384451767479,
    3.10001E-02));
#2430 = CARTESIAN_POINT('',(-6.680352973325E-02,-0.384451767479,
    3.00001E-02));
#2431 = B_SPLINE_SURFACE_WITH_KNOTS('',1,1,(
    (#2432,#2433)
    ,(#2434,#2435
    )),.UNSPECIFIED.,.F.,.F.,.F.,(2,2),(2,2),(-1.E-03,0.),(0.,
    5.438262195122E-02),.PIECEWISE_BEZIER_KNOTS.);
#2432 = CARTESIAN_POINT('',(-0.121186151684,-0.384451767479,3.00001E-02)
  );
#2433 = CARTESIAN_POINT('',(-6.680352973325E-02,-0.384451767479,
    3.00001E-02));
#2434 = CARTESIAN_POINT('',(-0.121186151684,-0.384451767479,3.10001E-02)
  );
#2435 = CARTESIAN_POINT('',(-6.680352973325E-02,-0.384451767479,
    3.10001E-02));
#2436 = ADVANCED_FACE('',(#2437),#2453,.T.);
#2437 = FACE_BOUND('',#2438,.T.);
#2438 = EDGE_LOOP('',(#2439,#2440,#2441,#2448));
#2439 = ORIENTED_EDGE('',*,*,#314,.F.);
#2440 = ORIENTED_EDGE('',*,*,#2427,.F.);
#2441 = ORIENTED_EDGE('',*,*,#2442,.T.);
#2442 = EDGE_CURVE('',#2421,#2443,#2445,.T.);
#2443 = VERTEX_POINT('',#2444);
#2444 = CARTESIAN_POINT('',(-6.680352973325E-02,-0.184451767479,
    3.10001E-02));
#2445 = B_SPLINE_CURVE_WITH_KNOTS('',1,(#2446,#2447),.UNSPECIFIED.,.F.,
  .F.,(2,2),(0.,0.2),.PIECEWISE_BEZIER_KNOTS.);
#2446 = CARTESIAN_POINT('',(-6.680352973325E-02,-0.384451767479,
    3.10001E-02));
#2447 = CARTESIAN_POINT('',(-6.680352973325E-02,-0.184451767479,
    3.10001E-02));
#2448 = ORIENTED_EDGE('',*,*,#2449,.T.);
#2449 = EDGE_CURVE('',#2443,#315,#2450,.T.);
#2450 = B_SPLINE_CURVE_WITH_KNOTS('',1,(#2451,#2452),.UNSPECIFIED.,.F.,
  .F.,(2,2),(-0.,1.E-03),.PIECEWISE_BEZIER_KNOTS.);
#2451 = CARTESIAN_POINT('',(-6.680352973325E-02,-0.184451767479,
    3.10001E-02));
#2452 = CARTESIAN_POINT('',(-6.680352973325E-02,-0.184451767479,
    3.00001E-02));
#2453 = B_SPLINE_SURFACE_WITH_KNOTS('',1,1,(
    (#2454,#2455)
    ,(#2456,#2457
    )),.UNSPECIFIED.,.F.,.F.,.F.,(2,2),(2,2),(-1.E-03,0.),(0.,0.2),
  .PIECEWISE_BEZIER_KNOTS.);
#2454 = CARTESIAN_POINT('',(-6.680352973325E-02,-0.384451767479,
    3.00001E-02));
#2455 = CARTESIAN_POINT('',(-6.680352973325E-02,-0.184451767479,
    3.00001E-02));
#2456 = CARTESIAN_POINT('',(-6.680352973325E-02,-0.384451767479,
    3.10001E-02));
#2457 = CARTESIAN_POINT('',(-6.680352973325E-02,-0.184451767479,
    3.10001E-02));
#2458 = ADVANCED_FACE('',(#2459),#2475,.T.);
#2459 = FACE_BOUND('',#2460,.T.);
#2460 = EDGE_LOOP('',(#2461,#2462,#2463,#2470));
#2461 = ORIENTED_EDGE('',*,*,#321,.F.);
#2462 = ORIENTED_EDGE('',*,*,#2449,.F.);
#2463 = ORIENTED_EDGE('',*,*,#2464,.T.);
#2464 = EDGE_CURVE('',#2443,#2465,#2467,.T.);
#2465 = VERTEX_POINT('',#2466);
#2466 = CARTESIAN_POINT('',(-0.123244078514,-0.184451767479,3.10001E-02)
  );
#2467 = B_SPLINE_CURVE_WITH_KNOTS('',1,(#2468,#2469),.UNSPECIFIED.,.F.,
  .F.,(2,2),(0.,5.644054878049E-02),.PIECEWISE_BEZIER_KNOTS.);
#2468 = CARTESIAN_POINT('',(-6.680352973325E-02,-0.184451767479,
    3.10001E-02));
#2469 = CARTESIAN_POINT('',(-0.123244078514,-0.184451767479,3.10001E-02)
  );
#2470 = ORIENTED_EDGE('',*,*,#2471,.T.);
#2471 = EDGE_CURVE('',#2465,#322,#2472,.T.);
#2472 = B_SPLINE_CURVE_WITH_KNOTS('',1,(#2473,#2474),.UNSPECIFIED.,.F.,
  .F.,(2,2),(-0.,1.E-03),.PIECEWISE_BEZIER_KNOTS.);
#2473 = CARTESIAN_POINT('',(-0.123244078514,-0.184451767479,3.10001E-02)
  );
#2474 = CARTESIAN_POINT('',(-0.123244078514,-0.184451767479,3.00001E-02)
  );
#2475 = B_SPLINE_SURFACE_WITH_KNOTS('',1,1,(
    (#2476,#2477)
    ,(#2478,#2479)),.UNSPECIFIED.,.F.,.F.,.F.,(2,2),(2,2),(0.,1.E-03),(
    -5.644054878049E-02,0.),.PIECEWISE_BEZIER_KNOTS.);
#2476 = CARTESIAN_POINT('',(-0.123244078514,-0.184451767479,3.10001E-02)
  );
#2477 = CARTESIAN_POINT('',(-6.680352973325E-02,-0.184451767479,
    3.10001E-02));
#2478 = CARTESIAN_POINT('',(-0.123244078514,-0.184451767479,3.00001E-02)
  );
#2479 = CARTESIAN_POINT('',(-6.680352973325E-02,-0.184451767479,
    3.00001E-02));
#2480 = ADVANCED_FACE('',(#2481),#2514,.T.);
#2481 = FACE_BOUND('',#2482,.T.);
#2482 = EDGE_LOOP('',(#2483,#2484,#2485,#2509));
#2483 = ORIENTED_EDGE('',*,*,#328,.F.);
#2484 = ORIENTED_EDGE('',*,*,#2471,.F.);
#2485 = ORIENTED_EDGE('',*,*,#2486,.T.);
#2486 = EDGE_CURVE('',#2465,#2487,#2489,.T.);
#2487 = VERTEX_POINT('',#2488);
#2488 = CARTESIAN_POINT('',(-0.227779139489,-0.281936523577,3.10001E-02)
  );
#2489 = B_SPLINE_CURVE_WITH_KNOTS('',3,(#2490,#2491,#2492,#2493,#2494,
    #2495,#2496,#2497,#2498,#2499,#2500,#2501,#2502,#2503,#2504,#2505,
    #2506,#2507,#2508),.UNSPECIFIED.,.F.,.F.,(4,1,1,1,1,1,1,1,1,1,1,1,1,
    1,1,1,4),(0.,6.86311786766E-02,0.134566466039,0.198328154011,
    0.260789766641,0.321999151484,0.382721746503,0.443537474036,
    0.505133429485,0.566213874765,0.626105864618,0.685349322161,
    0.744995870348,0.805415841815,0.867636266346,0.932307782302,1.),
  .UNSPECIFIED.);
#2490 = CARTESIAN_POINT('',(-0.123244078514,-0.184451767479,3.10001E-02)
  );
#2491 = CARTESIAN_POINT('',(-0.126918451327,-0.18453366587,3.10001E-02)
  );
#2492 = CARTESIAN_POINT('',(-0.134122864451,-0.184694245612,3.10001E-02)
  );
#2493 = CARTESIAN_POINT('',(-0.144687693288,-0.185914036661,3.10001E-02)
  );
#2494 = CARTESIAN_POINT('',(-0.15476686189,-0.188030770622,3.10001E-02)
  );
#2495 = CARTESIAN_POINT('',(-0.164388087297,-0.190918470368,3.10001E-02)
  );
#2496 = CARTESIAN_POINT('',(-0.173562514106,-0.194607475277,3.10001E-02)
  );
#2497 = CARTESIAN_POINT('',(-0.182203711667,-0.199228813622,3.10001E-02)
  );
#2498 = CARTESIAN_POINT('',(-0.190406492478,-0.204621871342,3.10001E-02)
  );
#2499 = CARTESIAN_POINT('',(-0.198064114972,-0.210798344999,3.10001E-02)
  );
#2500 = CARTESIAN_POINT('',(-0.205043770083,-0.217665975897,3.10001E-02)
  );
#2501 = CARTESIAN_POINT('',(-0.211128194265,-0.225176910629,3.10001E-02)
  );
#2502 = CARTESIAN_POINT('',(-0.216337406333,-0.23323069155,3.10001E-02)
  );
#2503 = CARTESIAN_POINT('',(-0.220529451191,-0.24189099912,3.10001E-02)
  );
#2504 = CARTESIAN_POINT('',(-0.223784448881,-0.251111171605,3.10001E-02)
  );
#2505 = CARTESIAN_POINT('',(-0.226089411712,-0.260884523194,3.10001E-02)
  );
#2506 = CARTESIAN_POINT('',(-0.227543201252,-0.271222123411,3.10001E-02)
  );
#2507 = CARTESIAN_POINT('',(-0.227699305911,-0.278311130263,3.10001E-02)
  );
#2508 = CARTESIAN_POINT('',(-0.227779139489,-0.281936523577,3.10001E-02)
  );
#2509 = ORIENTED_EDGE('',*,*,#2510,.T.);
#2510 = EDGE_CURVE('',#2487,#282,#2511,.T.);
#2511 = B_SPLINE_CURVE_WITH_KNOTS('',1,(#2512,#2513),.UNSPECIFIED.,.F.,
  .F.,(2,2),(-0.,1.E-03),.PIECEWISE_BEZIER_KNOTS.);
#2512 = CARTESIAN_POINT('',(-0.227779139489,-0.281936523577,3.10001E-02)
  );
#2513 = CARTESIAN_POINT('',(-0.227779139489,-0.281936523577,3.00001E-02)
  );
#2514 = B_SPLINE_SURFACE_WITH_KNOTS('',3,1,(
    (#2515,#2516)
    ,(#2517,#2518)
    ,(#2519,#2520)
    ,(#2521,#2522)
    ,(#2523,#2524)
    ,(#2525,#2526)
    ,(#2527,#2528)
    ,(#2529,#2530)
    ,(#2531,#2532)
    ,(#2533,#2534)
    ,(#2535,#2536)
    ,(#2537,#2538)
    ,(#2539,#2540)
    ,(#2541,#2542)
    ,(#2543,#2544)
    ,(#2545,#2546)
    ,(#2547,#2548)
    ,(#2549,#2550)
    ,(#2551,#2552
    )),.UNSPECIFIED.,.F.,.F.,.F.,(4,1,1,1,1,1,1,1,1,1,1,1,1,1,1,1,4),(2,
    2),(0.,6.86311786766E-02,0.134566466039,0.198328154011,
    0.260789766641,0.321999151484,0.382721746503,0.443537474036,
    0.505133429485,0.566213874765,0.626105864618,0.685349322161,
    0.744995870348,0.805415841815,0.867636266346,0.932307782302,1.),(0.,
    1.),.UNSPECIFIED.);
#2515 = CARTESIAN_POINT('',(-0.123244078514,-0.184451767479,3.10001E-02)
  );
#2516 = CARTESIAN_POINT('',(-0.123244078514,-0.184451767479,3.00001E-02)
  );
#2517 = CARTESIAN_POINT('',(-0.126918451327,-0.18453366587,3.10001E-02)
  );
#2518 = CARTESIAN_POINT('',(-0.126918451327,-0.18453366587,3.00001E-02)
  );
#2519 = CARTESIAN_POINT('',(-0.134122864451,-0.184694245612,3.10001E-02)
  );
#2520 = CARTESIAN_POINT('',(-0.134122864451,-0.184694245612,3.00001E-02)
  );
#2521 = CARTESIAN_POINT('',(-0.144687693288,-0.185914036661,3.10001E-02)
  );
#2522 = CARTESIAN_POINT('',(-0.144687693288,-0.185914036661,3.00001E-02)
  );
#2523 = CARTESIAN_POINT('',(-0.15476686189,-0.188030770622,3.10001E-02)
  );
#2524 = CARTESIAN_POINT('',(-0.15476686189,-0.188030770622,3.00001E-02)
  );
#2525 = CARTESIAN_POINT('',(-0.164388087297,-0.190918470368,3.10001E-02)
  );
#2526 = CARTESIAN_POINT('',(-0.164388087297,-0.190918470368,3.00001E-02)
  );
#2527 = CARTESIAN_POINT('',(-0.173562514106,-0.194607475277,3.10001E-02)
  );
#2528 = CARTESIAN_POINT('',(-0.173562514106,-0.194607475277,3.00001E-02)
  );
#2529 = CARTESIAN_POINT('',(-0.182203711667,-0.199228813622,3.10001E-02)
  );
#2530 = CARTESIAN_POINT('',(-0.182203711667,-0.199228813622,3.00001E-02)
  );
#2531 = CARTESIAN_POINT('',(-0.190406492478,-0.204621871342,3.10001E-02)
  );
#2532 = CARTESIAN_POINT('',(-0.190406492478,-0.204621871342,3.00001E-02)
  );
#2533 = CARTESIAN_POINT('',(-0.198064114972,-0.210798344999,3.10001E-02)
  );
#2534 = CARTESIAN_POINT('',(-0.198064114972,-0.210798344999,3.00001E-02)
  );
#2535 = CARTESIAN_POINT('',(-0.205043770083,-0.217665975897,3.10001E-02)
  );
#2536 = CARTESIAN_POINT('',(-0.205043770083,-0.217665975897,3.00001E-02)
  );
#2537 = CARTESIAN_POINT('',(-0.211128194265,-0.225176910629,3.10001E-02)
  );
#2538 = CARTESIAN_POINT('',(-0.211128194265,-0.225176910629,3.00001E-02)
  );
#2539 = CARTESIAN_POINT('',(-0.216337406333,-0.23323069155,3.10001E-02)
  );
#2540 = CARTESIAN_POINT('',(-0.216337406333,-0.23323069155,3.00001E-02)
  );
#2541 = CARTESIAN_POINT('',(-0.220529451191,-0.24189099912,3.10001E-02)
  );
#2542 = CARTESIAN_POINT('',(-0.220529451191,-0.24189099912,3.00001E-02)
  );
#2543 = CARTESIAN_POINT('',(-0.223784448881,-0.251111171605,3.10001E-02)
  );
#2544 = CARTESIAN_POINT('',(-0.223784448881,-0.251111171605,3.00001E-02)
  );
#2545 = CARTESIAN_POINT('',(-0.226089411712,-0.260884523194,3.10001E-02)
  );
#2546 = CARTESIAN_POINT('',(-0.226089411712,-0.260884523194,3.00001E-02)
  );
#2547 = CARTESIAN_POINT('',(-0.227543201252,-0.271222123411,3.10001E-02)
  );
#2548 = CARTESIAN_POINT('',(-0.227543201252,-0.271222123411,3.00001E-02)
  );
#2549 = CARTESIAN_POINT('',(-0.227699305911,-0.278311130263,3.10001E-02)
  );
#2550 = CARTESIAN_POINT('',(-0.227699305911,-0.278311130263,3.00001E-02)
  );
#2551 = CARTESIAN_POINT('',(-0.227779139489,-0.281936523577,3.10001E-02)
  );
#2552 = CARTESIAN_POINT('',(-0.227779139489,-0.281936523577,3.00001E-02)
  );
#2553 = ADVANCED_FACE('',(#2554),#2581,.T.);
#2554 = FACE_BOUND('',#2555,.T.);
#2555 = EDGE_LOOP('',(#2556,#2557,#2558,#2580));
#2556 = ORIENTED_EDGE('',*,*,#281,.F.);
#2557 = ORIENTED_EDGE('',*,*,#2510,.F.);
#2558 = ORIENTED_EDGE('',*,*,#2559,.T.);
#2559 = EDGE_CURVE('',#2487,#2414,#2560,.T.);
#2560 = B_SPLINE_CURVE_WITH_KNOTS('',3,(#2561,#2562,#2563,#2564,#2565,
    #2566,#2567,#2568,#2569,#2570,#2571,#2572,#2573,#2574,#2575,#2576,
    #2577,#2578,#2579),.UNSPECIFIED.,.F.,.F.,(4,1,1,1,1,1,1,1,1,1,1,1,1,
    1,1,1,4),(0.,6.806869584499E-02,0.133427432819,0.196146033813,
    0.257048592449,0.316882663159,0.376187208666,0.435960335364,
    0.496535236863,0.557465343481,0.61768686341,0.677943640697,
    0.738805284806,0.800949336767,0.86481466747,0.931024781079,1.),
  .UNSPECIFIED.);
#2561 = CARTESIAN_POINT('',(-0.227779139489,-0.281936523577,3.10001E-02)
  );
#2562 = CARTESIAN_POINT('',(-0.227698366049,-0.285714040478,3.10001E-02)
  );
#2563 = CARTESIAN_POINT('',(-0.227540034929,-0.293118683337,3.10001E-02)
  );
#2564 = CARTESIAN_POINT('',(-0.226092879203,-0.303925122352,3.10001E-02)
  );
#2565 = CARTESIAN_POINT('',(-0.223782739986,-0.314164528941,3.10001E-02)
  );
#2566 = CARTESIAN_POINT('',(-0.220539987614,-0.323831085908,3.10001E-02)
  );
#2567 = CARTESIAN_POINT('',(-0.216341570392,-0.332917820978,3.10001E-02)
  );
#2568 = CARTESIAN_POINT('',(-0.21113615846,-0.341391536383,3.10001E-02)
  );
#2569 = CARTESIAN_POINT('',(-0.205064048372,-0.349316841403,3.10001E-02)
  );
#2570 = CARTESIAN_POINT('',(-0.198083638458,-0.356585152856,3.10001E-02)
  );
#2571 = CARTESIAN_POINT('',(-0.190363808144,-0.363090265686,3.10001E-02)
  );
#2572 = CARTESIAN_POINT('',(-0.182108840888,-0.368875628138,3.10001E-02)
  );
#2573 = CARTESIAN_POINT('',(-0.173247805436,-0.37368249327,3.10001E-02)
  );
#2574 = CARTESIAN_POINT('',(-0.163856383744,-0.377609930793,3.10001E-02)
  );
#2575 = CARTESIAN_POINT('',(-0.153951001429,-0.380728081406,3.10001E-02)
  );
#2576 = CARTESIAN_POINT('',(-0.143488729883,-0.382851077097,3.10001E-02)
  );
#2577 = CARTESIAN_POINT('',(-0.132517117776,-0.384246760818,3.10001E-02)
  );
#2578 = CARTESIAN_POINT('',(-0.12501429508,-0.384382506404,3.10001E-02)
  );
#2579 = CARTESIAN_POINT('',(-0.121186151684,-0.384451767479,3.10001E-02)
  );
#2580 = ORIENTED_EDGE('',*,*,#2413,.T.);
#2581 = B_SPLINE_SURFACE_WITH_KNOTS('',3,1,(
    (#2582,#2583)
    ,(#2584,#2585)
    ,(#2586,#2587)
    ,(#2588,#2589)
    ,(#2590,#2591)
    ,(#2592,#2593)
    ,(#2594,#2595)
    ,(#2596,#2597)
    ,(#2598,#2599)
    ,(#2600,#2601)
    ,(#2602,#2603)
    ,(#2604,#2605)
    ,(#2606,#2607)
    ,(#2608,#2609)
    ,(#2610,#2611)
    ,(#2612,#2613)
    ,(#2614,#2615)
    ,(#2616,#2617)
    ,(#2618,#2619
    )),.UNSPECIFIED.,.F.,.F.,.F.,(4,1,1,1,1,1,1,1,1,1,1,1,1,1,1,1,4),(2,
    2),(0.,6.806869584499E-02,0.133427432819,0.196146033813,
    0.257048592449,0.316882663159,0.376187208666,0.435960335364,
    0.496535236863,0.557465343481,0.61768686341,0.677943640697,
    0.738805284806,0.800949336767,0.86481466747,0.931024781079,1.),(0.,
    1.),.UNSPECIFIED.);
#2582 = CARTESIAN_POINT('',(-0.227779139489,-0.281936523577,3.10001E-02)
  );
#2583 = CARTESIAN_POINT('',(-0.227779139489,-0.281936523577,3.00001E-02)
  );
#2584 = CARTESIAN_POINT('',(-0.227698366049,-0.285714040478,3.10001E-02)
  );
#2585 = CARTESIAN_POINT('',(-0.227698366049,-0.285714040478,3.00001E-02)
  );
#2586 = CARTESIAN_POINT('',(-0.227540034929,-0.293118683337,3.10001E-02)
  );
#2587 = CARTESIAN_POINT('',(-0.227540034929,-0.293118683337,3.00001E-02)
  );
#2588 = CARTESIAN_POINT('',(-0.226092879203,-0.303925122352,3.10001E-02)
  );
#2589 = CARTESIAN_POINT('',(-0.226092879203,-0.303925122352,3.00001E-02)
  );
#2590 = CARTESIAN_POINT('',(-0.223782739986,-0.314164528941,3.10001E-02)
  );
#2591 = CARTESIAN_POINT('',(-0.223782739986,-0.314164528941,3.00001E-02)
  );
#2592 = CARTESIAN_POINT('',(-0.220539987614,-0.323831085908,3.10001E-02)
  );
#2593 = CARTESIAN_POINT('',(-0.220539987614,-0.323831085908,3.00001E-02)
  );
#2594 = CARTESIAN_POINT('',(-0.216341570392,-0.332917820978,3.10001E-02)
  );
#2595 = CARTESIAN_POINT('',(-0.216341570392,-0.332917820978,3.00001E-02)
  );
#2596 = CARTESIAN_POINT('',(-0.21113615846,-0.341391536383,3.10001E-02)
  );
#2597 = CARTESIAN_POINT('',(-0.21113615846,-0.341391536383,3.00001E-02)
  );
#2598 = CARTESIAN_POINT('',(-0.205064048372,-0.349316841403,3.10001E-02)
  );
#2599 = CARTESIAN_POINT('',(-0.205064048372,-0.349316841403,3.00001E-02)
  );
#2600 = CARTESIAN_POINT('',(-0.198083638458,-0.356585152856,3.10001E-02)
  );
#2601 = CARTESIAN_POINT('',(-0.198083638458,-0.356585152856,3.00001E-02)
  );
#2602 = CARTESIAN_POINT('',(-0.190363808144,-0.363090265686,3.10001E-02)
  );
#2603 = CARTESIAN_POINT('',(-0.190363808144,-0.363090265686,3.00001E-02)
  );
#2604 = CARTESIAN_POINT('',(-0.182108840888,-0.368875628138,3.10001E-02)
  );
#2605 = CARTESIAN_POINT('',(-0.182108840888,-0.368875628138,3.00001E-02)
  );
#2606 = CARTESIAN_POINT('',(-0.173247805436,-0.37368249327,3.10001E-02)
  );
#2607 = CARTESIAN_POINT('',(-0.173247805436,-0.37368249327,3.00001E-02)
  );
#2608 = CARTESIAN_POINT('',(-0.163856383744,-0.377609930793,3.10001E-02)
  );
#2609 = CARTESIAN_POINT('',(-0.163856383744,-0.377609930793,3.00001E-02)
  );
#2610 = CARTESIAN_POINT('',(-0.153951001429,-0.380728081406,3.10001E-02)
  );
#2611 = CARTESIAN_POINT('',(-0.153951001429,-0.380728081406,3.00001E-02)
  );
#2612 = CARTESIAN_POINT('',(-0.143488729883,-0.382851077097,3.10001E-02)
  );
#2613 = CARTESIAN_POINT('',(-0.143488729883,-0.382851077097,3.00001E-02)
  );
#2614 = CARTESIAN_POINT('',(-0.132517117776,-0.384246760818,3.10001E-02)
  );
#2615 = CARTESIAN_POINT('',(-0.132517117776,-0.384246760818,3.00001E-02)
  );
#2616 = CARTESIAN_POINT('',(-0.12501429508,-0.384382506404,3.10001E-02)
  );
#2617 = CARTESIAN_POINT('',(-0.12501429508,-0.384382506404,3.00001E-02)
  );
#2618 = CARTESIAN_POINT('',(-0.121186151684,-0.384451767479,3.10001E-02)
  );
#2619 = CARTESIAN_POINT('',(-0.121186151684,-0.384451767479,3.00001E-02)
  );
#2620 = ADVANCED_FACE('',(#2621,#2692),#2699,.T.);
#2621 = FACE_BOUND('',#2622,.T.);
#2622 = EDGE_LOOP('',(#2623,#2649,#2673,#2680,#2687));
#2623 = ORIENTED_EDGE('',*,*,#2624,.F.);
#2624 = EDGE_CURVE('',#2625,#2627,#2629,.T.);
#2625 = VERTEX_POINT('',#2626);
#2626 = CARTESIAN_POINT('',(-0.200949871197,-0.282508169918,3.10001E-02)
  );
#2627 = VERTEX_POINT('',#2628);
#2628 = CARTESIAN_POINT('',(-0.123129749245,-0.206402986992,3.10001E-02)
  );
#2629 = B_SPLINE_CURVE_WITH_KNOTS('',3,(#2630,#2631,#2632,#2633,#2634,
    #2635,#2636,#2637,#2638,#2639,#2640,#2641,#2642,#2643,#2644,#2645,
    #2646,#2647,#2648),.UNSPECIFIED.,.F.,.F.,(4,1,1,1,1,1,1,1,1,1,1,1,1,
    1,1,1,4),(0.,7.430379644282E-02,0.144393610364,0.210499496103,
    0.273542606503,0.333824744579,0.392529672409,0.4500874546,
    0.507820611556,0.565464912777,0.623148722334,0.681297192791,
    0.740913498157,0.801855752196,0.865241237721,0.930941657047,1.),
  .UNSPECIFIED.);
#2630 = CARTESIAN_POINT('',(-0.200949871197,-0.282508169918,3.10001E-02)
  );
#2631 = CARTESIAN_POINT('',(-0.20088431508,-0.279443992891,3.10001E-02)
  );
#2632 = CARTESIAN_POINT('',(-0.200756920724,-0.273489417149,3.10001E-02)
  );
#2633 = CARTESIAN_POINT('',(-0.199765677883,-0.264853215576,3.10001E-02)
  );
#2634 = CARTESIAN_POINT('',(-0.198104480874,-0.256795820549,3.10001E-02)
  );
#2635 = CARTESIAN_POINT('',(-0.195742718739,-0.249336071187,3.10001E-02)
  );
#2636 = CARTESIAN_POINT('',(-0.192728212667,-0.242445203197,3.10001E-02)
  );
#2637 = CARTESIAN_POINT('',(-0.189016246367,-0.236162697512,3.10001E-02)
  );
#2638 = CARTESIAN_POINT('',(-0.184635592956,-0.230457754159,3.10001E-02)
  );
#2639 = CARTESIAN_POINT('',(-0.179586883271,-0.225395839679,3.10001E-02)
  );
#2640 = CARTESIAN_POINT('',(-0.173994078303,-0.220945686321,3.10001E-02)
  );
#2641 = CARTESIAN_POINT('',(-0.167994679412,-0.217029332291,3.10001E-02)
  );
#2642 = CARTESIAN_POINT('',(-0.161536643507,-0.213741004221,3.10001E-02)
  );
#2643 = CARTESIAN_POINT('',(-0.15467055713,-0.211038819013,3.10001E-02)
  );
#2644 = CARTESIAN_POINT('',(-0.147373182575,-0.2089303083,3.10001E-02));
#2645 = CARTESIAN_POINT('',(-0.139666907755,-0.207466788113,3.10001E-02)
  );
#2646 = CARTESIAN_POINT('',(-0.131534839588,-0.206575934157,3.10001E-02)
  );
#2647 = CARTESIAN_POINT('',(-0.125977604487,-0.206461585825,3.10001E-02)
  );
#2648 = CARTESIAN_POINT('',(-0.123129749245,-0.206402986992,3.10001E-02)
  );
#2649 = ORIENTED_EDGE('',*,*,#2650,.F.);
#2650 = EDGE_CURVE('',#2651,#2625,#2653,.T.);
#2651 = VERTEX_POINT('',#2652);
#2652 = CARTESIAN_POINT('',(-0.122024566319,-0.362500547967,3.10001E-02)
  );
#2653 = B_SPLINE_CURVE_WITH_KNOTS('',3,(#2654,#2655,#2656,#2657,#2658,
    #2659,#2660,#2661,#2662,#2663,#2664,#2665,#2666,#2667,#2668,#2669,
    #2670,#2671,#2672),.UNSPECIFIED.,.F.,.F.,(4,1,1,1,1,1,1,1,1,1,1,1,1,
    1,1,1,4),(0.,7.082657255516E-02,0.13816903328,0.202475331534,
    0.263973754414,0.323380320598,0.381797622713,0.439390074519,
    0.496902724546,0.554662169609,0.612741878492,0.671538836391,
    0.73165572209,0.794297811614,0.859482204979,0.927681325453,1.),
  .UNSPECIFIED.);
#2654 = CARTESIAN_POINT('',(-0.122024566319,-0.362500547967,3.10001E-02)
  );
#2655 = CARTESIAN_POINT('',(-0.125038080073,-0.362435406184,3.10001E-02)
  );
#2656 = CARTESIAN_POINT('',(-0.130916866342,-0.362308327082,3.10001E-02)
  );
#2657 = CARTESIAN_POINT('',(-0.139484177651,-0.361299166759,3.10001E-02)
  );
#2658 = CARTESIAN_POINT('',(-0.147547550679,-0.359678647856,3.10001E-02)
  );
#2659 = CARTESIAN_POINT('',(-0.155108053205,-0.357408548891,3.10001E-02)
  );
#2660 = CARTESIAN_POINT('',(-0.162132930601,-0.354399424749,3.10001E-02)
  );
#2661 = CARTESIAN_POINT('',(-0.168678853187,-0.350788305054,3.10001E-02)
  );
#2662 = CARTESIAN_POINT('',(-0.174700859571,-0.346491141211,3.10001E-02)
  );
#2663 = CARTESIAN_POINT('',(-0.180174538541,-0.341556129069,3.10001E-02)
  );
#2664 = CARTESIAN_POINT('',(-0.18505348732,-0.336007842925,3.10001E-02)
  );
#2665 = CARTESIAN_POINT('',(-0.189357960493,-0.329933074253,3.10001E-02)
  );
#2666 = CARTESIAN_POINT('',(-0.192934262524,-0.323289215155,3.10001E-02)
  );
#2667 = CARTESIAN_POINT('',(-0.195895760567,-0.316142157286,3.10001E-02)
  );
#2668 = CARTESIAN_POINT('',(-0.198158764333,-0.308460405266,3.10001E-02)
  );
#2669 = CARTESIAN_POINT('',(-0.199799219804,-0.300274732621,3.10001E-02)
  );
#2670 = CARTESIAN_POINT('',(-0.200746733416,-0.291562444896,3.10001E-02)
  );
#2671 = CARTESIAN_POINT('',(-0.200880847993,-0.285584678219,3.10001E-02)
  );
#2672 = CARTESIAN_POINT('',(-0.200949871197,-0.282508169918,3.10001E-02)
  );
#2673 = ORIENTED_EDGE('',*,*,#2674,.F.);
#2674 = EDGE_CURVE('',#2675,#2651,#2677,.T.);
#2675 = VERTEX_POINT('',#2676);
#2676 = CARTESIAN_POINT('',(-9.363279802594E-02,-0.362500547967,
    3.10001E-02));
#2677 = B_SPLINE_CURVE_WITH_KNOTS('',1,(#2678,#2679),.UNSPECIFIED.,.F.,
  .F.,(2,2),(0.,2.839176829268E-02),.PIECEWISE_BEZIER_KNOTS.);
#2678 = CARTESIAN_POINT('',(-9.363279802594E-02,-0.362500547967,
    3.10001E-02));
#2679 = CARTESIAN_POINT('',(-0.122024566319,-0.362500547967,3.10001E-02)
  );
#2680 = ORIENTED_EDGE('',*,*,#2681,.F.);
#2681 = EDGE_CURVE('',#2682,#2675,#2684,.T.);
#2682 = VERTEX_POINT('',#2683);
#2683 = CARTESIAN_POINT('',(-9.363279802594E-02,-0.206402986992,
    3.10001E-02));
#2684 = B_SPLINE_CURVE_WITH_KNOTS('',1,(#2685,#2686),.UNSPECIFIED.,.F.,
  .F.,(2,2),(0.,0.156097560976),.PIECEWISE_BEZIER_KNOTS.);
#2685 = CARTESIAN_POINT('',(-9.363279802594E-02,-0.206402986992,
    3.10001E-02));
#2686 = CARTESIAN_POINT('',(-9.363279802594E-02,-0.362500547967,
    3.10001E-02));
#2687 = ORIENTED_EDGE('',*,*,#2688,.F.);
#2688 = EDGE_CURVE('',#2627,#2682,#2689,.T.);
#2689 = B_SPLINE_CURVE_WITH_KNOTS('',1,(#2690,#2691),.UNSPECIFIED.,.F.,
  .F.,(2,2),(0.,2.949695121951E-02),.PIECEWISE_BEZIER_KNOTS.);
#2690 = CARTESIAN_POINT('',(-0.123129749245,-0.206402986992,3.10001E-02)
  );
#2691 = CARTESIAN_POINT('',(-9.363279802594E-02,-0.206402986992,
    3.10001E-02));
#2692 = FACE_BOUND('',#2693,.T.);
#2693 = EDGE_LOOP('',(#2694,#2695,#2696,#2697,#2698));
#2694 = ORIENTED_EDGE('',*,*,#2420,.F.);
#2695 = ORIENTED_EDGE('',*,*,#2559,.F.);
#2696 = ORIENTED_EDGE('',*,*,#2486,.F.);
#2697 = ORIENTED_EDGE('',*,*,#2464,.F.);
#2698 = ORIENTED_EDGE('',*,*,#2442,.F.);
#2699 = B_SPLINE_SURFACE_WITH_KNOTS('',1,1,(
    (#2700,#2701)
    ,(#2702,#2703
    )),.UNSPECIFIED.,.F.,.F.,.F.,(2,2),(2,2),(-0.130555917521,
    3.041969223555E-02),(-0.174060140086,2.593985991413E-02),
  .PIECEWISE_BEZIER_KNOTS.);
#2700 = CARTESIAN_POINT('',(-6.680352973325E-02,-0.384451767479,
    3.10001E-02));
#2701 = CARTESIAN_POINT('',(-6.680352973325E-02,-0.184451767479,
    3.10001E-02));
#2702 = CARTESIAN_POINT('',(-0.227779139489,-0.384451767479,3.10001E-02)
  );
#2703 = CARTESIAN_POINT('',(-0.227779139489,-0.184451767479,3.10001E-02)
  );
#2704 = ADVANCED_FACE('',(#2705),#2727,.T.);
#2705 = FACE_BOUND('',#2706,.T.);
#2706 = EDGE_LOOP('',(#2707,#2716,#2721,#2722));
#2707 = ORIENTED_EDGE('',*,*,#2708,.F.);
#2708 = EDGE_CURVE('',#2709,#2711,#2713,.T.);
#2709 = VERTEX_POINT('',#2710);
#2710 = CARTESIAN_POINT('',(-0.123129749245,-0.206402986992,3.00001E-02)
  );
#2711 = VERTEX_POINT('',#2712);
#2712 = CARTESIAN_POINT('',(-9.363279802594E-02,-0.206402986992,
    3.00001E-02));
#2713 = B_SPLINE_CURVE_WITH_KNOTS('',1,(#2714,#2715),.UNSPECIFIED.,.F.,
  .F.,(2,2),(0.,2.949695121951E-02),.PIECEWISE_BEZIER_KNOTS.);
#2714 = CARTESIAN_POINT('',(-0.123129749245,-0.206402986992,3.00001E-02)
  );
#2715 = CARTESIAN_POINT('',(-9.363279802594E-02,-0.206402986992,
    3.00001E-02));
#2716 = ORIENTED_EDGE('',*,*,#2717,.F.);
#2717 = EDGE_CURVE('',#2627,#2709,#2718,.T.);
#2718 = B_SPLINE_CURVE_WITH_KNOTS('',1,(#2719,#2720),.UNSPECIFIED.,.F.,
  .F.,(2,2),(-0.,1.E-03),.PIECEWISE_BEZIER_KNOTS.);
#2719 = CARTESIAN_POINT('',(-0.123129749245,-0.206402986992,3.10001E-02)
  );
#2720 = CARTESIAN_POINT('',(-0.123129749245,-0.206402986992,3.00001E-02)
  );
#2721 = ORIENTED_EDGE('',*,*,#2688,.T.);
#2722 = ORIENTED_EDGE('',*,*,#2723,.T.);
#2723 = EDGE_CURVE('',#2682,#2711,#2724,.T.);
#2724 = B_SPLINE_CURVE_WITH_KNOTS('',1,(#2725,#2726),.UNSPECIFIED.,.F.,
  .F.,(2,2),(-0.,1.E-03),.PIECEWISE_BEZIER_KNOTS.);
#2725 = CARTESIAN_POINT('',(-9.363279802594E-02,-0.206402986992,
    3.10001E-02));
#2726 = CARTESIAN_POINT('',(-9.363279802594E-02,-0.206402986992,
    3.00001E-02));
#2727 = B_SPLINE_SURFACE_WITH_KNOTS('',1,1,(
    (#2728,#2729)
    ,(#2730,#2731
    )),.UNSPECIFIED.,.F.,.F.,.F.,(2,2),(2,2),(-1.E-03,0.),(0.,
    2.949695121951E-02),.PIECEWISE_BEZIER_KNOTS.);
#2728 = CARTESIAN_POINT('',(-0.123129749245,-0.206402986992,3.00001E-02)
  );
#2729 = CARTESIAN_POINT('',(-9.363279802594E-02,-0.206402986992,
    3.00001E-02));
#2730 = CARTESIAN_POINT('',(-0.123129749245,-0.206402986992,3.10001E-02)
  );
#2731 = CARTESIAN_POINT('',(-9.363279802594E-02,-0.206402986992,
    3.10001E-02));
#2732 = ADVANCED_FACE('',(#2733),#2766,.T.);
#2733 = FACE_BOUND('',#2734,.T.);
#2734 = EDGE_LOOP('',(#2735,#2759,#2764,#2765));
#2735 = ORIENTED_EDGE('',*,*,#2736,.F.);
#2736 = EDGE_CURVE('',#2737,#2709,#2739,.T.);
#2737 = VERTEX_POINT('',#2738);
#2738 = CARTESIAN_POINT('',(-0.200949871197,-0.282508169918,3.00001E-02)
  );
#2739 = B_SPLINE_CURVE_WITH_KNOTS('',3,(#2740,#2741,#2742,#2743,#2744,
    #2745,#2746,#2747,#2748,#2749,#2750,#2751,#2752,#2753,#2754,#2755,
    #2756,#2757,#2758),.UNSPECIFIED.,.F.,.F.,(4,1,1,1,1,1,1,1,1,1,1,1,1,
    1,1,1,4),(0.,7.430379644282E-02,0.144393610364,0.210499496103,
    0.273542606503,0.333824744579,0.392529672409,0.4500874546,
    0.507820611556,0.565464912777,0.623148722334,0.681297192791,
    0.740913498157,0.801855752196,0.865241237721,0.930941657047,1.),
  .UNSPECIFIED.);
#2740 = CARTESIAN_POINT('',(-0.200949871197,-0.282508169918,3.00001E-02)
  );
#2741 = CARTESIAN_POINT('',(-0.20088431508,-0.279443992891,3.00001E-02)
  );
#2742 = CARTESIAN_POINT('',(-0.200756920724,-0.273489417149,3.00001E-02)
  );
#2743 = CARTESIAN_POINT('',(-0.199765677883,-0.264853215576,3.00001E-02)
  );
#2744 = CARTESIAN_POINT('',(-0.198104480874,-0.256795820549,3.00001E-02)
  );
#2745 = CARTESIAN_POINT('',(-0.195742718739,-0.249336071187,3.00001E-02)
  );
#2746 = CARTESIAN_POINT('',(-0.192728212667,-0.242445203197,3.00001E-02)
  );
#2747 = CARTESIAN_POINT('',(-0.189016246367,-0.236162697512,3.00001E-02)
  );
#2748 = CARTESIAN_POINT('',(-0.184635592956,-0.230457754159,3.00001E-02)
  );
#2749 = CARTESIAN_POINT('',(-0.179586883271,-0.225395839679,3.00001E-02)
  );
#2750 = CARTESIAN_POINT('',(-0.173994078303,-0.220945686321,3.00001E-02)
  );
#2751 = CARTESIAN_POINT('',(-0.167994679412,-0.217029332291,3.00001E-02)
  );
#2752 = CARTESIAN_POINT('',(-0.161536643507,-0.213741004221,3.00001E-02)
  );
#2753 = CARTESIAN_POINT('',(-0.15467055713,-0.211038819013,3.00001E-02)
  );
#2754 = CARTESIAN_POINT('',(-0.147373182575,-0.2089303083,3.00001E-02));
#2755 = CARTESIAN_POINT('',(-0.139666907755,-0.207466788113,3.00001E-02)
  );
#2756 = CARTESIAN_POINT('',(-0.131534839588,-0.206575934157,3.00001E-02)
  );
#2757 = CARTESIAN_POINT('',(-0.125977604487,-0.206461585825,3.00001E-02)
  );
#2758 = CARTESIAN_POINT('',(-0.123129749245,-0.206402986992,3.00001E-02)
  );
#2759 = ORIENTED_EDGE('',*,*,#2760,.F.);
#2760 = EDGE_CURVE('',#2625,#2737,#2761,.T.);
#2761 = B_SPLINE_CURVE_WITH_KNOTS('',1,(#2762,#2763),.UNSPECIFIED.,.F.,
  .F.,(2,2),(-0.,1.E-03),.PIECEWISE_BEZIER_KNOTS.);
#2762 = CARTESIAN_POINT('',(-0.200949871197,-0.282508169918,3.10001E-02)
  );
#2763 = CARTESIAN_POINT('',(-0.200949871197,-0.282508169918,3.00001E-02)
  );
#2764 = ORIENTED_EDGE('',*,*,#2624,.T.);
#2765 = ORIENTED_EDGE('',*,*,#2717,.T.);
#2766 = B_SPLINE_SURFACE_WITH_KNOTS('',3,1,(
    (#2767,#2768)
    ,(#2769,#2770)
    ,(#2771,#2772)
    ,(#2773,#2774)
    ,(#2775,#2776)
    ,(#2777,#2778)
    ,(#2779,#2780)
    ,(#2781,#2782)
    ,(#2783,#2784)
    ,(#2785,#2786)
    ,(#2787,#2788)
    ,(#2789,#2790)
    ,(#2791,#2792)
    ,(#2793,#2794)
    ,(#2795,#2796)
    ,(#2797,#2798)
    ,(#2799,#2800)
    ,(#2801,#2802)
    ,(#2803,#2804
    )),.UNSPECIFIED.,.F.,.F.,.F.,(4,1,1,1,1,1,1,1,1,1,1,1,1,1,1,1,4),(2,
    2),(0.,7.430379644282E-02,0.144393610364,0.210499496103,
    0.273542606503,0.333824744579,0.392529672409,0.4500874546,
    0.507820611556,0.565464912777,0.623148722334,0.681297192791,
    0.740913498157,0.801855752196,0.865241237721,0.930941657047,1.),(0.,
    1.),.UNSPECIFIED.);
#2767 = CARTESIAN_POINT('',(-0.200949871197,-0.282508169918,3.10001E-02)
  );
#2768 = CARTESIAN_POINT('',(-0.200949871197,-0.282508169918,3.00001E-02)
  );
#2769 = CARTESIAN_POINT('',(-0.20088431508,-0.279443992891,3.10001E-02)
  );
#2770 = CARTESIAN_POINT('',(-0.20088431508,-0.279443992891,3.00001E-02)
  );
#2771 = CARTESIAN_POINT('',(-0.200756920724,-0.273489417149,3.10001E-02)
  );
#2772 = CARTESIAN_POINT('',(-0.200756920724,-0.273489417149,3.00001E-02)
  );
#2773 = CARTESIAN_POINT('',(-0.199765677883,-0.264853215576,3.10001E-02)
  );
#2774 = CARTESIAN_POINT('',(-0.199765677883,-0.264853215576,3.00001E-02)
  );
#2775 = CARTESIAN_POINT('',(-0.198104480874,-0.256795820549,3.10001E-02)
  );
#2776 = CARTESIAN_POINT('',(-0.198104480874,-0.256795820549,3.00001E-02)
  );
#2777 = CARTESIAN_POINT('',(-0.195742718739,-0.249336071187,3.10001E-02)
  );
#2778 = CARTESIAN_POINT('',(-0.195742718739,-0.249336071187,3.00001E-02)
  );
#2779 = CARTESIAN_POINT('',(-0.192728212667,-0.242445203197,3.10001E-02)
  );
#2780 = CARTESIAN_POINT('',(-0.192728212667,-0.242445203197,3.00001E-02)
  );
#2781 = CARTESIAN_POINT('',(-0.189016246367,-0.236162697512,3.10001E-02)
  );
#2782 = CARTESIAN_POINT('',(-0.189016246367,-0.236162697512,3.00001E-02)
  );
#2783 = CARTESIAN_POINT('',(-0.184635592956,-0.230457754159,3.10001E-02)
  );
#2784 = CARTESIAN_POINT('',(-0.184635592956,-0.230457754159,3.00001E-02)
  );
#2785 = CARTESIAN_POINT('',(-0.179586883271,-0.225395839679,3.10001E-02)
  );
#2786 = CARTESIAN_POINT('',(-0.179586883271,-0.225395839679,3.00001E-02)
  );
#2787 = CARTESIAN_POINT('',(-0.173994078303,-0.220945686321,3.10001E-02)
  );
#2788 = CARTESIAN_POINT('',(-0.173994078303,-0.220945686321,3.00001E-02)
  );
#2789 = CARTESIAN_POINT('',(-0.167994679412,-0.217029332291,3.10001E-02)
  );
#2790 = CARTESIAN_POINT('',(-0.167994679412,-0.217029332291,3.00001E-02)
  );
#2791 = CARTESIAN_POINT('',(-0.161536643507,-0.213741004221,3.10001E-02)
  );
#2792 = CARTESIAN_POINT('',(-0.161536643507,-0.213741004221,3.00001E-02)
  );
#2793 = CARTESIAN_POINT('',(-0.15467055713,-0.211038819013,3.10001E-02)
  );
#2794 = CARTESIAN_POINT('',(-0.15467055713,-0.211038819013,3.00001E-02)
  );
#2795 = CARTESIAN_POINT('',(-0.147373182575,-0.2089303083,3.10001E-02));
#2796 = CARTESIAN_POINT('',(-0.147373182575,-0.2089303083,3.00001E-02));
#2797 = CARTESIAN_POINT('',(-0.139666907755,-0.207466788113,3.10001E-02)
  );
#2798 = CARTESIAN_POINT('',(-0.139666907755,-0.207466788113,3.00001E-02)
  );
#2799 = CARTESIAN_POINT('',(-0.131534839588,-0.206575934157,3.10001E-02)
  );
#2800 = CARTESIAN_POINT('',(-0.131534839588,-0.206575934157,3.00001E-02)
  );
#2801 = CARTESIAN_POINT('',(-0.125977604487,-0.206461585825,3.10001E-02)
  );
#2802 = CARTESIAN_POINT('',(-0.125977604487,-0.206461585825,3.00001E-02)
  );
#2803 = CARTESIAN_POINT('',(-0.123129749245,-0.206402986992,3.10001E-02)
  );
#2804 = CARTESIAN_POINT('',(-0.123129749245,-0.206402986992,3.00001E-02)
  );
#2805 = ADVANCED_FACE('',(#2806),#2839,.T.);
#2806 = FACE_BOUND('',#2807,.T.);
#2807 = EDGE_LOOP('',(#2808,#2832,#2837,#2838));
#2808 = ORIENTED_EDGE('',*,*,#2809,.F.);
#2809 = EDGE_CURVE('',#2810,#2737,#2812,.T.);
#2810 = VERTEX_POINT('',#2811);
#2811 = CARTESIAN_POINT('',(-0.122024566319,-0.362500547967,3.00001E-02)
  );
#2812 = B_SPLINE_CURVE_WITH_KNOTS('',3,(#2813,#2814,#2815,#2816,#2817,
    #2818,#2819,#2820,#2821,#2822,#2823,#2824,#2825,#2826,#2827,#2828,
    #2829,#2830,#2831),.UNSPECIFIED.,.F.,.F.,(4,1,1,1,1,1,1,1,1,1,1,1,1,
    1,1,1,4),(0.,7.082657255516E-02,0.13816903328,0.202475331534,
    0.263973754414,0.323380320598,0.381797622713,0.439390074519,
    0.496902724546,0.554662169609,0.612741878492,0.671538836391,
    0.73165572209,0.794297811614,0.859482204979,0.927681325453,1.),
  .UNSPECIFIED.);
#2813 = CARTESIAN_POINT('',(-0.122024566319,-0.362500547967,3.00001E-02)
  );
#2814 = CARTESIAN_POINT('',(-0.125038080073,-0.362435406184,3.00001E-02)
  );
#2815 = CARTESIAN_POINT('',(-0.130916866342,-0.362308327082,3.00001E-02)
  );
#2816 = CARTESIAN_POINT('',(-0.139484177651,-0.361299166759,3.00001E-02)
  );
#2817 = CARTESIAN_POINT('',(-0.147547550679,-0.359678647856,3.00001E-02)
  );
#2818 = CARTESIAN_POINT('',(-0.155108053205,-0.357408548891,3.00001E-02)
  );
#2819 = CARTESIAN_POINT('',(-0.162132930601,-0.354399424749,3.00001E-02)
  );
#2820 = CARTESIAN_POINT('',(-0.168678853187,-0.350788305054,3.00001E-02)
  );
#2821 = CARTESIAN_POINT('',(-0.174700859571,-0.346491141211,3.00001E-02)
  );
#2822 = CARTESIAN_POINT('',(-0.180174538541,-0.341556129069,3.00001E-02)
  );
#2823 = CARTESIAN_POINT('',(-0.18505348732,-0.336007842925,3.00001E-02)
  );
#2824 = CARTESIAN_POINT('',(-0.189357960493,-0.329933074253,3.00001E-02)
  );
#2825 = CARTESIAN_POINT('',(-0.192934262524,-0.323289215155,3.00001E-02)
  );
#2826 = CARTESIAN_POINT('',(-0.195895760567,-0.316142157286,3.00001E-02)
  );
#2827 = CARTESIAN_POINT('',(-0.198158764333,-0.308460405266,3.00001E-02)
  );
#2828 = CARTESIAN_POINT('',(-0.199799219804,-0.300274732621,3.00001E-02)
  );
#2829 = CARTESIAN_POINT('',(-0.200746733416,-0.291562444896,3.00001E-02)
  );
#2830 = CARTESIAN_POINT('',(-0.200880847993,-0.285584678219,3.00001E-02)
  );
#2831 = CARTESIAN_POINT('',(-0.200949871197,-0.282508169918,3.00001E-02)
  );
#2832 = ORIENTED_EDGE('',*,*,#2833,.F.);
#2833 = EDGE_CURVE('',#2651,#2810,#2834,.T.);
#2834 = B_SPLINE_CURVE_WITH_KNOTS('',1,(#2835,#2836),.UNSPECIFIED.,.F.,
  .F.,(2,2),(-0.,1.E-03),.PIECEWISE_BEZIER_KNOTS.);
#2835 = CARTESIAN_POINT('',(-0.122024566319,-0.362500547967,3.10001E-02)
  );
#2836 = CARTESIAN_POINT('',(-0.122024566319,-0.362500547967,3.00001E-02)
  );
#2837 = ORIENTED_EDGE('',*,*,#2650,.T.);
#2838 = ORIENTED_EDGE('',*,*,#2760,.T.);
#2839 = B_SPLINE_SURFACE_WITH_KNOTS('',3,1,(
    (#2840,#2841)
    ,(#2842,#2843)
    ,(#2844,#2845)
    ,(#2846,#2847)
    ,(#2848,#2849)
    ,(#2850,#2851)
    ,(#2852,#2853)
    ,(#2854,#2855)
    ,(#2856,#2857)
    ,(#2858,#2859)
    ,(#2860,#2861)
    ,(#2862,#2863)
    ,(#2864,#2865)
    ,(#2866,#2867)
    ,(#2868,#2869)
    ,(#2870,#2871)
    ,(#2872,#2873)
    ,(#2874,#2875)
    ,(#2876,#2877
    )),.UNSPECIFIED.,.F.,.F.,.F.,(4,1,1,1,1,1,1,1,1,1,1,1,1,1,1,1,4),(2,
    2),(0.,7.082657255516E-02,0.13816903328,0.202475331534,
    0.263973754414,0.323380320598,0.381797622713,0.439390074519,
    0.496902724546,0.554662169609,0.612741878492,0.671538836391,
    0.73165572209,0.794297811614,0.859482204979,0.927681325453,1.),(0.,
    1.),.UNSPECIFIED.);
#2840 = CARTESIAN_POINT('',(-0.122024566319,-0.362500547967,3.10001E-02)
  );
#2841 = CARTESIAN_POINT('',(-0.122024566319,-0.362500547967,3.00001E-02)
  );
#2842 = CARTESIAN_POINT('',(-0.125038080073,-0.362435406184,3.10001E-02)
  );
#2843 = CARTESIAN_POINT('',(-0.125038080073,-0.362435406184,3.00001E-02)
  );
#2844 = CARTESIAN_POINT('',(-0.130916866342,-0.362308327082,3.10001E-02)
  );
#2845 = CARTESIAN_POINT('',(-0.130916866342,-0.362308327082,3.00001E-02)
  );
#2846 = CARTESIAN_POINT('',(-0.139484177651,-0.361299166759,3.10001E-02)
  );
#2847 = CARTESIAN_POINT('',(-0.139484177651,-0.361299166759,3.00001E-02)
  );
#2848 = CARTESIAN_POINT('',(-0.147547550679,-0.359678647856,3.10001E-02)
  );
#2849 = CARTESIAN_POINT('',(-0.147547550679,-0.359678647856,3.00001E-02)
  );
#2850 = CARTESIAN_POINT('',(-0.155108053205,-0.357408548891,3.10001E-02)
  );
#2851 = CARTESIAN_POINT('',(-0.155108053205,-0.357408548891,3.00001E-02)
  );
#2852 = CARTESIAN_POINT('',(-0.162132930601,-0.354399424749,3.10001E-02)
  );
#2853 = CARTESIAN_POINT('',(-0.162132930601,-0.354399424749,3.00001E-02)
  );
#2854 = CARTESIAN_POINT('',(-0.168678853187,-0.350788305054,3.10001E-02)
  );
#2855 = CARTESIAN_POINT('',(-0.168678853187,-0.350788305054,3.00001E-02)
  );
#2856 = CARTESIAN_POINT('',(-0.174700859571,-0.346491141211,3.10001E-02)
  );
#2857 = CARTESIAN_POINT('',(-0.174700859571,-0.346491141211,3.00001E-02)
  );
#2858 = CARTESIAN_POINT('',(-0.180174538541,-0.341556129069,3.10001E-02)
  );
#2859 = CARTESIAN_POINT('',(-0.180174538541,-0.341556129069,3.00001E-02)
  );
#2860 = CARTESIAN_POINT('',(-0.18505348732,-0.336007842925,3.10001E-02)
  );
#2861 = CARTESIAN_POINT('',(-0.18505348732,-0.336007842925,3.00001E-02)
  );
#2862 = CARTESIAN_POINT('',(-0.189357960493,-0.329933074253,3.10001E-02)
  );
#2863 = CARTESIAN_POINT('',(-0.189357960493,-0.329933074253,3.00001E-02)
  );
#2864 = CARTESIAN_POINT('',(-0.192934262524,-0.323289215155,3.10001E-02)
  );
#2865 = CARTESIAN_POINT('',(-0.192934262524,-0.323289215155,3.00001E-02)
  );
#2866 = CARTESIAN_POINT('',(-0.195895760567,-0.316142157286,3.10001E-02)
  );
#2867 = CARTESIAN_POINT('',(-0.195895760567,-0.316142157286,3.00001E-02)
  );
#2868 = CARTESIAN_POINT('',(-0.198158764333,-0.308460405266,3.10001E-02)
  );
#2869 = CARTESIAN_POINT('',(-0.198158764333,-0.308460405266,3.00001E-02)
  );
#2870 = CARTESIAN_POINT('',(-0.199799219804,-0.300274732621,3.10001E-02)
  );
#2871 = CARTESIAN_POINT('',(-0.199799219804,-0.300274732621,3.00001E-02)
  );
#2872 = CARTESIAN_POINT('',(-0.200746733416,-0.291562444896,3.10001E-02)
  );
#2873 = CARTESIAN_POINT('',(-0.200746733416,-0.291562444896,3.00001E-02)
  );
#2874 = CARTESIAN_POINT('',(-0.200880847993,-0.285584678219,3.10001E-02)
  );
#2875 = CARTESIAN_POINT('',(-0.200880847993,-0.285584678219,3.00001E-02)
  );
#2876 = CARTESIAN_POINT('',(-0.200949871197,-0.282508169918,3.10001E-02)
  );
#2877 = CARTESIAN_POINT('',(-0.200949871197,-0.282508169918,3.00001E-02)
  );
#2878 = ADVANCED_FACE('',(#2879),#2895,.T.);
#2879 = FACE_BOUND('',#2880,.T.);
#2880 = EDGE_LOOP('',(#2881,#2888,#2893,#2894));
#2881 = ORIENTED_EDGE('',*,*,#2882,.F.);
#2882 = EDGE_CURVE('',#2883,#2810,#2885,.T.);
#2883 = VERTEX_POINT('',#2884);
#2884 = CARTESIAN_POINT('',(-9.363279802594E-02,-0.362500547967,
    3.00001E-02));
#2885 = B_SPLINE_CURVE_WITH_KNOTS('',1,(#2886,#2887),.UNSPECIFIED.,.F.,
  .F.,(2,2),(0.,2.839176829268E-02),.PIECEWISE_BEZIER_KNOTS.);
#2886 = CARTESIAN_POINT('',(-9.363279802594E-02,-0.362500547967,
    3.00001E-02));
#2887 = CARTESIAN_POINT('',(-0.122024566319,-0.362500547967,3.00001E-02)
  );
#2888 = ORIENTED_EDGE('',*,*,#2889,.F.);
#2889 = EDGE_CURVE('',#2675,#2883,#2890,.T.);
#2890 = B_SPLINE_CURVE_WITH_KNOTS('',1,(#2891,#2892),.UNSPECIFIED.,.F.,
  .F.,(2,2),(-0.,1.E-03),.PIECEWISE_BEZIER_KNOTS.);
#2891 = CARTESIAN_POINT('',(-9.363279802594E-02,-0.362500547967,
    3.10001E-02));
#2892 = CARTESIAN_POINT('',(-9.363279802594E-02,-0.362500547967,
    3.00001E-02));
#2893 = ORIENTED_EDGE('',*,*,#2674,.T.);
#2894 = ORIENTED_EDGE('',*,*,#2833,.T.);
#2895 = B_SPLINE_SURFACE_WITH_KNOTS('',1,1,(
    (#2896,#2897)
    ,(#2898,#2899)),.UNSPECIFIED.,.F.,.F.,.F.,(2,2),(2,2),(0.,1.E-03),(
    -2.839176829268E-02,0.),.PIECEWISE_BEZIER_KNOTS.);
#2896 = CARTESIAN_POINT('',(-0.122024566319,-0.362500547967,3.10001E-02)
  );
#2897 = CARTESIAN_POINT('',(-9.363279802594E-02,-0.362500547967,
    3.10001E-02));
#2898 = CARTESIAN_POINT('',(-0.122024566319,-0.362500547967,3.00001E-02)
  );
#2899 = CARTESIAN_POINT('',(-9.363279802594E-02,-0.362500547967,
    3.00001E-02));
#2900 = ADVANCED_FACE('',(#2901),#2911,.T.);
#2901 = FACE_BOUND('',#2902,.T.);
#2902 = EDGE_LOOP('',(#2903,#2908,#2909,#2910));
#2903 = ORIENTED_EDGE('',*,*,#2904,.F.);
#2904 = EDGE_CURVE('',#2711,#2883,#2905,.T.);
#2905 = B_SPLINE_CURVE_WITH_KNOTS('',1,(#2906,#2907),.UNSPECIFIED.,.F.,
  .F.,(2,2),(0.,0.156097560976),.PIECEWISE_BEZIER_KNOTS.);
#2906 = CARTESIAN_POINT('',(-9.363279802594E-02,-0.206402986992,
    3.00001E-02));
#2907 = CARTESIAN_POINT('',(-9.363279802594E-02,-0.362500547967,
    3.00001E-02));
#2908 = ORIENTED_EDGE('',*,*,#2723,.F.);
#2909 = ORIENTED_EDGE('',*,*,#2681,.T.);
#2910 = ORIENTED_EDGE('',*,*,#2889,.T.);
#2911 = B_SPLINE_SURFACE_WITH_KNOTS('',1,1,(
    (#2912,#2913)
    ,(#2914,#2915
    )),.UNSPECIFIED.,.F.,.F.,.F.,(2,2),(2,2),(0.,1.E-03),(
    -0.156097560976,0.),.PIECEWISE_BEZIER_KNOTS.);
#2912 = CARTESIAN_POINT('',(-9.363279802594E-02,-0.362500547967,
    3.10001E-02));
#2913 = CARTESIAN_POINT('',(-9.363279802594E-02,-0.206402986992,
    3.10001E-02));
#2914 = CARTESIAN_POINT('',(-9.363279802594E-02,-0.362500547967,
    3.00001E-02));
#2915 = CARTESIAN_POINT('',(-9.363279802594E-02,-0.206402986992,
    3.00001E-02));
#2916 = ADVANCED_FACE('',(#2917),#2939,.T.);
#2917 = FACE_BOUND('',#2918,.T.);
#2918 = EDGE_LOOP('',(#2919,#2920,#2927,#2934));
#2919 = ORIENTED_EDGE('',*,*,#361,.F.);
#2920 = ORIENTED_EDGE('',*,*,#2921,.F.);
#2921 = EDGE_CURVE('',#2922,#355,#2924,.T.);
#2922 = VERTEX_POINT('',#2923);
#2923 = CARTESIAN_POINT('',(-2.777913948935E-02,-0.362500547967,
    3.10001E-02));
#2924 = B_SPLINE_CURVE_WITH_KNOTS('',1,(#2925,#2926),.UNSPECIFIED.,.F.,
  .F.,(2,2),(-0.,1.E-03),.PIECEWISE_BEZIER_KNOTS.);
#2925 = CARTESIAN_POINT('',(-2.777913948935E-02,-0.362500547967,
    3.10001E-02));
#2926 = CARTESIAN_POINT('',(-2.777913948935E-02,-0.362500547967,
    3.00001E-02));
#2927 = ORIENTED_EDGE('',*,*,#2928,.T.);
#2928 = EDGE_CURVE('',#2922,#2929,#2931,.T.);
#2929 = VERTEX_POINT('',#2930);
#2930 = CARTESIAN_POINT('',(-2.777913948935E-02,-0.384451767479,
    3.10001E-02));
#2931 = B_SPLINE_CURVE_WITH_KNOTS('',1,(#2932,#2933),.UNSPECIFIED.,.F.,
  .F.,(2,2),(0.,2.19512195122E-02),.PIECEWISE_BEZIER_KNOTS.);
#2932 = CARTESIAN_POINT('',(-2.777913948935E-02,-0.362500547967,
    3.10001E-02));
#2933 = CARTESIAN_POINT('',(-2.777913948935E-02,-0.384451767479,
    3.10001E-02));
#2934 = ORIENTED_EDGE('',*,*,#2935,.T.);
#2935 = EDGE_CURVE('',#2929,#362,#2936,.T.);
#2936 = B_SPLINE_CURVE_WITH_KNOTS('',1,(#2937,#2938),.UNSPECIFIED.,.F.,
  .F.,(2,2),(-0.,1.E-03),.PIECEWISE_BEZIER_KNOTS.);
#2937 = CARTESIAN_POINT('',(-2.777913948935E-02,-0.384451767479,
    3.10001E-02));
#2938 = CARTESIAN_POINT('',(-2.777913948935E-02,-0.384451767479,
    3.00001E-02));
#2939 = B_SPLINE_SURFACE_WITH_KNOTS('',1,1,(
    (#2940,#2941)
    ,(#2942,#2943
    )),.UNSPECIFIED.,.F.,.F.,.F.,(2,2),(2,2),(0.,1.E-03),(
    -2.19512195122E-02,0.),.PIECEWISE_BEZIER_KNOTS.);
#2940 = CARTESIAN_POINT('',(-2.777913948935E-02,-0.384451767479,
    3.10001E-02));
#2941 = CARTESIAN_POINT('',(-2.777913948935E-02,-0.362500547967,
    3.10001E-02));
#2942 = CARTESIAN_POINT('',(-2.777913948935E-02,-0.384451767479,
    3.00001E-02));
#2943 = CARTESIAN_POINT('',(-2.777913948935E-02,-0.362500547967,
    3.00001E-02));
#2944 = ADVANCED_FACE('',(#2945),#2961,.T.);
#2945 = FACE_BOUND('',#2946,.T.);
#2946 = EDGE_LOOP('',(#2947,#2948,#2949,#2956));
#2947 = ORIENTED_EDGE('',*,*,#368,.F.);
#2948 = ORIENTED_EDGE('',*,*,#2935,.F.);
#2949 = ORIENTED_EDGE('',*,*,#2950,.T.);
#2950 = EDGE_CURVE('',#2929,#2951,#2953,.T.);
#2951 = VERTEX_POINT('',#2952);
#2952 = CARTESIAN_POINT('',(7.953793368138E-02,-0.384451767479,
    3.10001E-02));
#2953 = B_SPLINE_CURVE_WITH_KNOTS('',1,(#2954,#2955),.UNSPECIFIED.,.F.,
  .F.,(2,2),(0.,0.107317073171),.PIECEWISE_BEZIER_KNOTS.);
#2954 = CARTESIAN_POINT('',(-2.777913948935E-02,-0.384451767479,
    3.10001E-02));
#2955 = CARTESIAN_POINT('',(7.953793368138E-02,-0.384451767479,
    3.10001E-02));
#2956 = ORIENTED_EDGE('',*,*,#2957,.T.);
#2957 = EDGE_CURVE('',#2951,#369,#2958,.T.);
#2958 = B_SPLINE_CURVE_WITH_KNOTS('',1,(#2959,#2960),.UNSPECIFIED.,.F.,
  .F.,(2,2),(-0.,1.E-03),.PIECEWISE_BEZIER_KNOTS.);
#2959 = CARTESIAN_POINT('',(7.953793368138E-02,-0.384451767479,
    3.10001E-02));
#2960 = CARTESIAN_POINT('',(7.953793368138E-02,-0.384451767479,
    3.00001E-02));
#2961 = B_SPLINE_SURFACE_WITH_KNOTS('',1,1,(
    (#2962,#2963)
    ,(#2964,#2965
    )),.UNSPECIFIED.,.F.,.F.,.F.,(2,2),(2,2),(-1.E-03,0.),(0.,
    0.107317073171),.PIECEWISE_BEZIER_KNOTS.);
#2962 = CARTESIAN_POINT('',(-2.777913948935E-02,-0.384451767479,
    3.00001E-02));
#2963 = CARTESIAN_POINT('',(7.953793368138E-02,-0.384451767479,
    3.00001E-02));
#2964 = CARTESIAN_POINT('',(-2.777913948935E-02,-0.384451767479,
    3.10001E-02));
#2965 = CARTESIAN_POINT('',(7.953793368138E-02,-0.384451767479,
    3.10001E-02));
#2966 = ADVANCED_FACE('',(#2967),#2983,.T.);
#2967 = FACE_BOUND('',#2968,.T.);
#2968 = EDGE_LOOP('',(#2969,#2970,#2971,#2978));
#2969 = ORIENTED_EDGE('',*,*,#375,.F.);
#2970 = ORIENTED_EDGE('',*,*,#2957,.F.);
#2971 = ORIENTED_EDGE('',*,*,#2972,.T.);
#2972 = EDGE_CURVE('',#2951,#2973,#2975,.T.);
#2973 = VERTEX_POINT('',#2974);
#2974 = CARTESIAN_POINT('',(7.953793368138E-02,-0.184451767479,
    3.10001E-02));
#2975 = B_SPLINE_CURVE_WITH_KNOTS('',1,(#2976,#2977),.UNSPECIFIED.,.F.,
  .F.,(2,2),(0.,0.2),.PIECEWISE_BEZIER_KNOTS.);
#2976 = CARTESIAN_POINT('',(7.953793368138E-02,-0.384451767479,
    3.10001E-02));
#2977 = CARTESIAN_POINT('',(7.953793368138E-02,-0.184451767479,
    3.10001E-02));
#2978 = ORIENTED_EDGE('',*,*,#2979,.T.);
#2979 = EDGE_CURVE('',#2973,#376,#2980,.T.);
#2980 = B_SPLINE_CURVE_WITH_KNOTS('',1,(#2981,#2982),.UNSPECIFIED.,.F.,
  .F.,(2,2),(-0.,1.E-03),.PIECEWISE_BEZIER_KNOTS.);
#2981 = CARTESIAN_POINT('',(7.953793368138E-02,-0.184451767479,
    3.10001E-02));
#2982 = CARTESIAN_POINT('',(7.953793368138E-02,-0.184451767479,
    3.00001E-02));
#2983 = B_SPLINE_SURFACE_WITH_KNOTS('',1,1,(
    (#2984,#2985)
    ,(#2986,#2987
    )),.UNSPECIFIED.,.F.,.F.,.F.,(2,2),(2,2),(-1.E-03,0.),(0.,0.2),
  .PIECEWISE_BEZIER_KNOTS.);
#2984 = CARTESIAN_POINT('',(7.953793368138E-02,-0.384451767479,
    3.00001E-02));
#2985 = CARTESIAN_POINT('',(7.953793368138E-02,-0.184451767479,
    3.00001E-02));
#2986 = CARTESIAN_POINT('',(7.953793368138E-02,-0.384451767479,
    3.10001E-02));
#2987 = CARTESIAN_POINT('',(7.953793368138E-02,-0.184451767479,
    3.10001E-02));
#2988 = ADVANCED_FACE('',(#2989),#3005,.T.);
#2989 = FACE_BOUND('',#2990,.T.);
#2990 = EDGE_LOOP('',(#2991,#2992,#2993,#3000));
#2991 = ORIENTED_EDGE('',*,*,#382,.F.);
#2992 = ORIENTED_EDGE('',*,*,#2979,.F.);
#2993 = ORIENTED_EDGE('',*,*,#2994,.T.);
#2994 = EDGE_CURVE('',#2973,#2995,#2997,.T.);
#2995 = VERTEX_POINT('',#2996);
#2996 = CARTESIAN_POINT('',(-2.290109070886E-02,-0.184451767479,
    3.10001E-02));
#2997 = B_SPLINE_CURVE_WITH_KNOTS('',1,(#2998,#2999),.UNSPECIFIED.,.F.,
  .F.,(2,2),(0.,0.10243902439),.PIECEWISE_BEZIER_KNOTS.);
#2998 = CARTESIAN_POINT('',(7.953793368138E-02,-0.184451767479,
    3.10001E-02));
#2999 = CARTESIAN_POINT('',(-2.290109070886E-02,-0.184451767479,
    3.10001E-02));
#3000 = ORIENTED_EDGE('',*,*,#3001,.T.);
#3001 = EDGE_CURVE('',#2995,#383,#3002,.T.);
#3002 = B_SPLINE_CURVE_WITH_KNOTS('',1,(#3003,#3004),.UNSPECIFIED.,.F.,
  .F.,(2,2),(-0.,1.E-03),.PIECEWISE_BEZIER_KNOTS.);
#3003 = CARTESIAN_POINT('',(-2.290109070886E-02,-0.184451767479,
    3.10001E-02));
#3004 = CARTESIAN_POINT('',(-2.290109070886E-02,-0.184451767479,
    3.00001E-02));
#3005 = B_SPLINE_SURFACE_WITH_KNOTS('',1,1,(
    (#3006,#3007)
    ,(#3008,#3009
    )),.UNSPECIFIED.,.F.,.F.,.F.,(2,2),(2,2),(0.,1.E-03),(-0.10243902439
    ,0.),.PIECEWISE_BEZIER_KNOTS.);
#3006 = CARTESIAN_POINT('',(-2.290109070886E-02,-0.184451767479,
    3.10001E-02));
#3007 = CARTESIAN_POINT('',(7.953793368138E-02,-0.184451767479,
    3.10001E-02));
#3008 = CARTESIAN_POINT('',(-2.290109070886E-02,-0.184451767479,
    3.00001E-02));
#3009 = CARTESIAN_POINT('',(7.953793368138E-02,-0.184451767479,
    3.00001E-02));
#3010 = ADVANCED_FACE('',(#3011),#3027,.T.);
#3011 = FACE_BOUND('',#3012,.T.);
#3012 = EDGE_LOOP('',(#3013,#3014,#3015,#3022));
#3013 = ORIENTED_EDGE('',*,*,#389,.F.);
#3014 = ORIENTED_EDGE('',*,*,#3001,.F.);
#3015 = ORIENTED_EDGE('',*,*,#3016,.T.);
#3016 = EDGE_CURVE('',#2995,#3017,#3019,.T.);
#3017 = VERTEX_POINT('',#3018);
#3018 = CARTESIAN_POINT('',(-2.290109070886E-02,-0.206402986992,
    3.10001E-02));
#3019 = B_SPLINE_CURVE_WITH_KNOTS('',1,(#3020,#3021),.UNSPECIFIED.,.F.,
  .F.,(2,2),(0.,2.19512195122E-02),.PIECEWISE_BEZIER_KNOTS.);
#3020 = CARTESIAN_POINT('',(-2.290109070886E-02,-0.184451767479,
    3.10001E-02));
#3021 = CARTESIAN_POINT('',(-2.290109070886E-02,-0.206402986992,
    3.10001E-02));
#3022 = ORIENTED_EDGE('',*,*,#3023,.T.);
#3023 = EDGE_CURVE('',#3017,#390,#3024,.T.);
#3024 = B_SPLINE_CURVE_WITH_KNOTS('',1,(#3025,#3026),.UNSPECIFIED.,.F.,
  .F.,(2,2),(-0.,1.E-03),.PIECEWISE_BEZIER_KNOTS.);
#3025 = CARTESIAN_POINT('',(-2.290109070886E-02,-0.206402986992,
    3.10001E-02));
#3026 = CARTESIAN_POINT('',(-2.290109070886E-02,-0.206402986992,
    3.00001E-02));
#3027 = B_SPLINE_SURFACE_WITH_KNOTS('',1,1,(
    (#3028,#3029)
    ,(#3030,#3031
    )),.UNSPECIFIED.,.F.,.F.,.F.,(2,2),(2,2),(0.,1.E-03),(
    -2.19512195122E-02,0.),.PIECEWISE_BEZIER_KNOTS.);
#3028 = CARTESIAN_POINT('',(-2.290109070886E-02,-0.206402986992,
    3.10001E-02));
#3029 = CARTESIAN_POINT('',(-2.290109070886E-02,-0.184451767479,
    3.10001E-02));
#3030 = CARTESIAN_POINT('',(-2.290109070886E-02,-0.206402986992,
    3.00001E-02));
#3031 = CARTESIAN_POINT('',(-2.290109070886E-02,-0.184451767479,
    3.00001E-02));
#3032 = ADVANCED_FACE('',(#3033),#3049,.T.);
#3033 = FACE_BOUND('',#3034,.T.);
#3034 = EDGE_LOOP('',(#3035,#3036,#3037,#3044));
#3035 = ORIENTED_EDGE('',*,*,#396,.F.);
#3036 = ORIENTED_EDGE('',*,*,#3023,.F.);
#3037 = ORIENTED_EDGE('',*,*,#3038,.T.);
#3038 = EDGE_CURVE('',#3017,#3039,#3041,.T.);
#3039 = VERTEX_POINT('',#3040);
#3040 = CARTESIAN_POINT('',(5.27086653887E-02,-0.206402986992,
    3.10001E-02));
#3041 = B_SPLINE_CURVE_WITH_KNOTS('',1,(#3042,#3043),.UNSPECIFIED.,.F.,
  .F.,(2,2),(0.,7.560975609756E-02),.PIECEWISE_BEZIER_KNOTS.);
#3042 = CARTESIAN_POINT('',(-2.290109070886E-02,-0.206402986992,
    3.10001E-02));
#3043 = CARTESIAN_POINT('',(5.27086653887E-02,-0.206402986992,
    3.10001E-02));
#3044 = ORIENTED_EDGE('',*,*,#3045,.T.);
#3045 = EDGE_CURVE('',#3039,#397,#3046,.T.);
#3046 = B_SPLINE_CURVE_WITH_KNOTS('',1,(#3047,#3048),.UNSPECIFIED.,.F.,
  .F.,(2,2),(-0.,1.E-03),.PIECEWISE_BEZIER_KNOTS.);
#3047 = CARTESIAN_POINT('',(5.27086653887E-02,-0.206402986992,
    3.10001E-02));
#3048 = CARTESIAN_POINT('',(5.27086653887E-02,-0.206402986992,
    3.00001E-02));
#3049 = B_SPLINE_SURFACE_WITH_KNOTS('',1,1,(
    (#3050,#3051)
    ,(#3052,#3053
    )),.UNSPECIFIED.,.F.,.F.,.F.,(2,2),(2,2),(-1.E-03,0.),(0.,
    7.560975609756E-02),.PIECEWISE_BEZIER_KNOTS.);
#3050 = CARTESIAN_POINT('',(-2.290109070886E-02,-0.206402986992,
    3.00001E-02));
#3051 = CARTESIAN_POINT('',(5.27086653887E-02,-0.206402986992,
    3.00001E-02));
#3052 = CARTESIAN_POINT('',(-2.290109070886E-02,-0.206402986992,
    3.10001E-02));
#3053 = CARTESIAN_POINT('',(5.27086653887E-02,-0.206402986992,
    3.10001E-02));
#3054 = ADVANCED_FACE('',(#3055),#3071,.T.);
#3055 = FACE_BOUND('',#3056,.T.);
#3056 = EDGE_LOOP('',(#3057,#3058,#3059,#3066));
#3057 = ORIENTED_EDGE('',*,*,#403,.F.);
#3058 = ORIENTED_EDGE('',*,*,#3045,.F.);
#3059 = ORIENTED_EDGE('',*,*,#3060,.T.);
#3060 = EDGE_CURVE('',#3039,#3061,#3063,.T.);
#3061 = VERTEX_POINT('',#3062);
#3062 = CARTESIAN_POINT('',(5.27086653887E-02,-0.272256645528,
    3.10001E-02));
#3063 = B_SPLINE_CURVE_WITH_KNOTS('',1,(#3064,#3065),.UNSPECIFIED.,.F.,
  .F.,(2,2),(0.,6.585365853659E-02),.PIECEWISE_BEZIER_KNOTS.);
#3064 = CARTESIAN_POINT('',(5.27086653887E-02,-0.206402986992,
    3.10001E-02));
#3065 = CARTESIAN_POINT('',(5.27086653887E-02,-0.272256645528,
    3.10001E-02));
#3066 = ORIENTED_EDGE('',*,*,#3067,.T.);
#3067 = EDGE_CURVE('',#3061,#404,#3068,.T.);
#3068 = B_SPLINE_CURVE_WITH_KNOTS('',1,(#3069,#3070),.UNSPECIFIED.,.F.,
  .F.,(2,2),(-0.,1.E-03),.PIECEWISE_BEZIER_KNOTS.);
#3069 = CARTESIAN_POINT('',(5.27086653887E-02,-0.272256645528,
    3.10001E-02));
#3070 = CARTESIAN_POINT('',(5.27086653887E-02,-0.272256645528,
    3.00001E-02));
#3071 = B_SPLINE_SURFACE_WITH_KNOTS('',1,1,(
    (#3072,#3073)
    ,(#3074,#3075)),.UNSPECIFIED.,.F.,.F.,.F.,(2,2),(2,2),(0.,1.E-03),(
    -6.585365853659E-02,0.),.PIECEWISE_BEZIER_KNOTS.);
#3072 = CARTESIAN_POINT('',(5.27086653887E-02,-0.272256645528,
    3.10001E-02));
#3073 = CARTESIAN_POINT('',(5.27086653887E-02,-0.206402986992,
    3.10001E-02));
#3074 = CARTESIAN_POINT('',(5.27086653887E-02,-0.272256645528,
    3.00001E-02));
#3075 = CARTESIAN_POINT('',(5.27086653887E-02,-0.206402986992,
    3.00001E-02));
#3076 = ADVANCED_FACE('',(#3077),#3093,.T.);
#3077 = FACE_BOUND('',#3078,.T.);
#3078 = EDGE_LOOP('',(#3079,#3080,#3081,#3088));
#3079 = ORIENTED_EDGE('',*,*,#410,.F.);
#3080 = ORIENTED_EDGE('',*,*,#3067,.F.);
#3081 = ORIENTED_EDGE('',*,*,#3082,.T.);
#3082 = EDGE_CURVE('',#3061,#3083,#3085,.T.);
#3083 = VERTEX_POINT('',#3084);
#3084 = CARTESIAN_POINT('',(-1.802304192838E-02,-0.272256645528,
    3.10001E-02));
#3085 = B_SPLINE_CURVE_WITH_KNOTS('',1,(#3086,#3087),.UNSPECIFIED.,.F.,
  .F.,(2,2),(0.,7.073170731707E-02),.PIECEWISE_BEZIER_KNOTS.);
#3086 = CARTESIAN_POINT('',(5.27086653887E-02,-0.272256645528,
    3.10001E-02));
#3087 = CARTESIAN_POINT('',(-1.802304192838E-02,-0.272256645528,
    3.10001E-02));
#3088 = ORIENTED_EDGE('',*,*,#3089,.T.);
#3089 = EDGE_CURVE('',#3083,#411,#3090,.T.);
#3090 = B_SPLINE_CURVE_WITH_KNOTS('',1,(#3091,#3092),.UNSPECIFIED.,.F.,
  .F.,(2,2),(-0.,1.E-03),.PIECEWISE_BEZIER_KNOTS.);
#3091 = CARTESIAN_POINT('',(-1.802304192838E-02,-0.272256645528,
    3.10001E-02));
#3092 = CARTESIAN_POINT('',(-1.802304192838E-02,-0.272256645528,
    3.00001E-02));
#3093 = B_SPLINE_SURFACE_WITH_KNOTS('',1,1,(
    (#3094,#3095)
    ,(#3096,#3097)),.UNSPECIFIED.,.F.,.F.,.F.,(2,2),(2,2),(0.,1.E-03),(
    -7.073170731707E-02,0.),.PIECEWISE_BEZIER_KNOTS.);
#3094 = CARTESIAN_POINT('',(-1.802304192838E-02,-0.272256645528,
    3.10001E-02));
#3095 = CARTESIAN_POINT('',(5.27086653887E-02,-0.272256645528,
    3.10001E-02));
#3096 = CARTESIAN_POINT('',(-1.802304192838E-02,-0.272256645528,
    3.00001E-02));
#3097 = CARTESIAN_POINT('',(5.27086653887E-02,-0.272256645528,
    3.00001E-02));
#3098 = ADVANCED_FACE('',(#3099),#3115,.T.);
#3099 = FACE_BOUND('',#3100,.T.);
#3100 = EDGE_LOOP('',(#3101,#3102,#3103,#3110));
#3101 = ORIENTED_EDGE('',*,*,#417,.F.);
#3102 = ORIENTED_EDGE('',*,*,#3089,.F.);
#3103 = ORIENTED_EDGE('',*,*,#3104,.T.);
#3104 = EDGE_CURVE('',#3083,#3105,#3107,.T.);
#3105 = VERTEX_POINT('',#3106);
#3106 = CARTESIAN_POINT('',(-1.802304192838E-02,-0.29420786504,
    3.10001E-02));
#3107 = B_SPLINE_CURVE_WITH_KNOTS('',1,(#3108,#3109),.UNSPECIFIED.,.F.,
  .F.,(2,2),(0.,2.19512195122E-02),.PIECEWISE_BEZIER_KNOTS.);
#3108 = CARTESIAN_POINT('',(-1.802304192838E-02,-0.272256645528,
    3.10001E-02));
#3109 = CARTESIAN_POINT('',(-1.802304192838E-02,-0.29420786504,
    3.10001E-02));
#3110 = ORIENTED_EDGE('',*,*,#3111,.T.);
#3111 = EDGE_CURVE('',#3105,#418,#3112,.T.);
#3112 = B_SPLINE_CURVE_WITH_KNOTS('',1,(#3113,#3114),.UNSPECIFIED.,.F.,
  .F.,(2,2),(-0.,1.E-03),.PIECEWISE_BEZIER_KNOTS.);
#3113 = CARTESIAN_POINT('',(-1.802304192838E-02,-0.29420786504,
    3.10001E-02));
#3114 = CARTESIAN_POINT('',(-1.802304192838E-02,-0.29420786504,
    3.00001E-02));
#3115 = B_SPLINE_SURFACE_WITH_KNOTS('',1,1,(
    (#3116,#3117)
    ,(#3118,#3119
    )),.UNSPECIFIED.,.F.,.F.,.F.,(2,2),(2,2),(0.,1.E-03),(
    -2.19512195122E-02,0.),.PIECEWISE_BEZIER_KNOTS.);
#3116 = CARTESIAN_POINT('',(-1.802304192838E-02,-0.29420786504,
    3.10001E-02));
#3117 = CARTESIAN_POINT('',(-1.802304192838E-02,-0.272256645528,
    3.10001E-02));
#3118 = CARTESIAN_POINT('',(-1.802304192838E-02,-0.29420786504,
    3.00001E-02));
#3119 = CARTESIAN_POINT('',(-1.802304192838E-02,-0.272256645528,
    3.00001E-02));
#3120 = ADVANCED_FACE('',(#3121),#3137,.T.);
#3121 = FACE_BOUND('',#3122,.T.);
#3122 = EDGE_LOOP('',(#3123,#3124,#3125,#3132));
#3123 = ORIENTED_EDGE('',*,*,#424,.F.);
#3124 = ORIENTED_EDGE('',*,*,#3111,.F.);
#3125 = ORIENTED_EDGE('',*,*,#3126,.T.);
#3126 = EDGE_CURVE('',#3105,#3127,#3129,.T.);
#3127 = VERTEX_POINT('',#3128);
#3128 = CARTESIAN_POINT('',(5.27086653887E-02,-0.29420786504,3.10001E-02
    ));
#3129 = B_SPLINE_CURVE_WITH_KNOTS('',1,(#3130,#3131),.UNSPECIFIED.,.F.,
  .F.,(2,2),(0.,7.073170731707E-02),.PIECEWISE_BEZIER_KNOTS.);
#3130 = CARTESIAN_POINT('',(-1.802304192838E-02,-0.29420786504,
    3.10001E-02));
#3131 = CARTESIAN_POINT('',(5.27086653887E-02,-0.29420786504,3.10001E-02
    ));
#3132 = ORIENTED_EDGE('',*,*,#3133,.T.);
#3133 = EDGE_CURVE('',#3127,#425,#3134,.T.);
#3134 = B_SPLINE_CURVE_WITH_KNOTS('',1,(#3135,#3136),.UNSPECIFIED.,.F.,
  .F.,(2,2),(-0.,1.E-03),.PIECEWISE_BEZIER_KNOTS.);
#3135 = CARTESIAN_POINT('',(5.27086653887E-02,-0.29420786504,3.10001E-02
    ));
#3136 = CARTESIAN_POINT('',(5.27086653887E-02,-0.29420786504,3.00001E-02
    ));
#3137 = B_SPLINE_SURFACE_WITH_KNOTS('',1,1,(
    (#3138,#3139)
    ,(#3140,#3141
    )),.UNSPECIFIED.,.F.,.F.,.F.,(2,2),(2,2),(-1.E-03,0.),(0.,
    7.073170731707E-02),.PIECEWISE_BEZIER_KNOTS.);
#3138 = CARTESIAN_POINT('',(-1.802304192838E-02,-0.29420786504,
    3.00001E-02));
#3139 = CARTESIAN_POINT('',(5.27086653887E-02,-0.29420786504,3.00001E-02
    ));
#3140 = CARTESIAN_POINT('',(-1.802304192838E-02,-0.29420786504,
    3.10001E-02));
#3141 = CARTESIAN_POINT('',(5.27086653887E-02,-0.29420786504,3.10001E-02
    ));
#3142 = ADVANCED_FACE('',(#3143),#3159,.T.);
#3143 = FACE_BOUND('',#3144,.T.);
#3144 = EDGE_LOOP('',(#3145,#3146,#3147,#3154));
#3145 = ORIENTED_EDGE('',*,*,#431,.F.);
#3146 = ORIENTED_EDGE('',*,*,#3133,.F.);
#3147 = ORIENTED_EDGE('',*,*,#3148,.T.);
#3148 = EDGE_CURVE('',#3127,#3149,#3151,.T.);
#3149 = VERTEX_POINT('',#3150);
#3150 = CARTESIAN_POINT('',(5.27086653887E-02,-0.362500547967,
    3.10001E-02));
#3151 = B_SPLINE_CURVE_WITH_KNOTS('',1,(#3152,#3153),.UNSPECIFIED.,.F.,
  .F.,(2,2),(0.,6.829268292683E-02),.PIECEWISE_BEZIER_KNOTS.);
#3152 = CARTESIAN_POINT('',(5.27086653887E-02,-0.29420786504,3.10001E-02
    ));
#3153 = CARTESIAN_POINT('',(5.27086653887E-02,-0.362500547967,
    3.10001E-02));
#3154 = ORIENTED_EDGE('',*,*,#3155,.T.);
#3155 = EDGE_CURVE('',#3149,#353,#3156,.T.);
#3156 = B_SPLINE_CURVE_WITH_KNOTS('',1,(#3157,#3158),.UNSPECIFIED.,.F.,
  .F.,(2,2),(-0.,1.E-03),.PIECEWISE_BEZIER_KNOTS.);
#3157 = CARTESIAN_POINT('',(5.27086653887E-02,-0.362500547967,
    3.10001E-02));
#3158 = CARTESIAN_POINT('',(5.27086653887E-02,-0.362500547967,
    3.00001E-02));
#3159 = B_SPLINE_SURFACE_WITH_KNOTS('',1,1,(
    (#3160,#3161)
    ,(#3162,#3163)),.UNSPECIFIED.,.F.,.F.,.F.,(2,2),(2,2),(0.,1.E-03),(
    -6.829268292683E-02,0.),.PIECEWISE_BEZIER_KNOTS.);
#3160 = CARTESIAN_POINT('',(5.27086653887E-02,-0.362500547967,
    3.10001E-02));
#3161 = CARTESIAN_POINT('',(5.27086653887E-02,-0.29420786504,3.10001E-02
    ));
#3162 = CARTESIAN_POINT('',(5.27086653887E-02,-0.362500547967,
    3.00001E-02));
#3163 = CARTESIAN_POINT('',(5.27086653887E-02,-0.29420786504,3.00001E-02
    ));
#3164 = ADVANCED_FACE('',(#3165),#3175,.T.);
#3165 = FACE_BOUND('',#3166,.T.);
#3166 = EDGE_LOOP('',(#3167,#3168,#3169,#3174));
#3167 = ORIENTED_EDGE('',*,*,#352,.F.);
#3168 = ORIENTED_EDGE('',*,*,#3155,.F.);
#3169 = ORIENTED_EDGE('',*,*,#3170,.T.);
#3170 = EDGE_CURVE('',#3149,#2922,#3171,.T.);
#3171 = B_SPLINE_CURVE_WITH_KNOTS('',1,(#3172,#3173),.UNSPECIFIED.,.F.,
  .F.,(2,2),(0.,8.048780487805E-02),.PIECEWISE_BEZIER_KNOTS.);
#3172 = CARTESIAN_POINT('',(5.27086653887E-02,-0.362500547967,
    3.10001E-02));
#3173 = CARTESIAN_POINT('',(-2.777913948935E-02,-0.362500547967,
    3.10001E-02));
#3174 = ORIENTED_EDGE('',*,*,#2921,.T.);
#3175 = B_SPLINE_SURFACE_WITH_KNOTS('',1,1,(
    (#3176,#3177)
    ,(#3178,#3179)),.UNSPECIFIED.,.F.,.F.,.F.,(2,2),(2,2),(0.,1.E-03),(
    -8.048780487805E-02,0.),.PIECEWISE_BEZIER_KNOTS.);
#3176 = CARTESIAN_POINT('',(-2.777913948935E-02,-0.362500547967,
    3.10001E-02));
#3177 = CARTESIAN_POINT('',(5.27086653887E-02,-0.362500547967,
    3.10001E-02));
#3178 = CARTESIAN_POINT('',(-2.777913948935E-02,-0.362500547967,
    3.00001E-02));
#3179 = CARTESIAN_POINT('',(5.27086653887E-02,-0.362500547967,
    3.00001E-02));
#3180 = ADVANCED_FACE('',(#3181),#3195,.F.);
#3181 = FACE_BOUND('',#3182,.T.);
#3182 = EDGE_LOOP('',(#3183,#3184,#3185,#3186,#3187,#3188,#3189,#3190,
    #3191,#3192,#3193,#3194));
#3183 = ORIENTED_EDGE('',*,*,#2928,.F.);
#3184 = ORIENTED_EDGE('',*,*,#3170,.F.);
#3185 = ORIENTED_EDGE('',*,*,#3148,.F.);
#3186 = ORIENTED_EDGE('',*,*,#3126,.F.);
#3187 = ORIENTED_EDGE('',*,*,#3104,.F.);
#3188 = ORIENTED_EDGE('',*,*,#3082,.F.);
#3189 = ORIENTED_EDGE('',*,*,#3060,.F.);
#3190 = ORIENTED_EDGE('',*,*,#3038,.F.);
#3191 = ORIENTED_EDGE('',*,*,#3016,.F.);
#3192 = ORIENTED_EDGE('',*,*,#2994,.F.);
#3193 = ORIENTED_EDGE('',*,*,#2972,.F.);
#3194 = ORIENTED_EDGE('',*,*,#2950,.F.);
#3195 = B_SPLINE_SURFACE_WITH_KNOTS('',1,1,(
    (#3196,#3197)
    ,(#3198,#3199
    )),.UNSPECIFIED.,.F.,.F.,.F.,(2,2),(2,2),(-2.777913948935E-02,
    7.953793368138E-02),(-0.384451767479,-0.184451767479),
  .PIECEWISE_BEZIER_KNOTS.);
#3196 = CARTESIAN_POINT('',(-2.777913948935E-02,-0.384451767479,
    3.10001E-02));
#3197 = CARTESIAN_POINT('',(-2.777913948935E-02,-0.184451767479,
    3.10001E-02));
#3198 = CARTESIAN_POINT('',(7.953793368138E-02,-0.384451767479,
    3.10001E-02));
#3199 = CARTESIAN_POINT('',(7.953793368138E-02,-0.184451767479,
    3.10001E-02));
#3200 = ADVANCED_FACE('',(#3201),#3223,.T.);
#3201 = FACE_BOUND('',#3202,.T.);
#3202 = EDGE_LOOP('',(#3203,#3204,#3211,#3218));
#3203 = ORIENTED_EDGE('',*,*,#456,.F.);
#3204 = ORIENTED_EDGE('',*,*,#3205,.F.);
#3205 = EDGE_CURVE('',#3206,#441,#3208,.T.);
#3206 = VERTEX_POINT('',#3207);
#3207 = CARTESIAN_POINT('',(0.118562323925,-0.352134694309,3.10001E-02)
  );
#3208 = B_SPLINE_CURVE_WITH_KNOTS('',1,(#3209,#3210),.UNSPECIFIED.,.F.,
  .F.,(2,2),(-0.,1.E-03),.PIECEWISE_BEZIER_KNOTS.);
#3209 = CARTESIAN_POINT('',(0.118562323925,-0.352134694309,3.10001E-02)
  );
#3210 = CARTESIAN_POINT('',(0.118562323925,-0.352134694309,3.00001E-02)
  );
#3211 = ORIENTED_EDGE('',*,*,#3212,.T.);
#3212 = EDGE_CURVE('',#3206,#3213,#3215,.T.);
#3213 = VERTEX_POINT('',#3214);
#3214 = CARTESIAN_POINT('',(0.118562323925,-0.374085913821,3.10001E-02)
  );
#3215 = B_SPLINE_CURVE_WITH_KNOTS('',1,(#3216,#3217),.UNSPECIFIED.,.F.,
  .F.,(2,2),(0.,2.19512195122E-02),.PIECEWISE_BEZIER_KNOTS.);
#3216 = CARTESIAN_POINT('',(0.118562323925,-0.352134694309,3.10001E-02)
  );
#3217 = CARTESIAN_POINT('',(0.118562323925,-0.374085913821,3.10001E-02)
  );
#3218 = ORIENTED_EDGE('',*,*,#3219,.T.);
#3219 = EDGE_CURVE('',#3213,#457,#3220,.T.);
#3220 = B_SPLINE_CURVE_WITH_KNOTS('',1,(#3221,#3222),.UNSPECIFIED.,.F.,
  .F.,(2,2),(-0.,1.E-03),.PIECEWISE_BEZIER_KNOTS.);
#3221 = CARTESIAN_POINT('',(0.118562323925,-0.374085913821,3.10001E-02)
  );
#3222 = CARTESIAN_POINT('',(0.118562323925,-0.374085913821,3.00001E-02)
  );
#3223 = B_SPLINE_SURFACE_WITH_KNOTS('',1,1,(
    (#3224,#3225)
    ,(#3226,#3227
    )),.UNSPECIFIED.,.F.,.F.,.F.,(2,2),(2,2),(0.,1.E-03),(
    -2.19512195122E-02,0.),.PIECEWISE_BEZIER_KNOTS.);
#3224 = CARTESIAN_POINT('',(0.118562323925,-0.374085913821,3.10001E-02)
  );
#3225 = CARTESIAN_POINT('',(0.118562323925,-0.352134694309,3.10001E-02)
  );
#3226 = CARTESIAN_POINT('',(0.118562323925,-0.374085913821,3.00001E-02)
  );
#3227 = CARTESIAN_POINT('',(0.118562323925,-0.352134694309,3.00001E-02)
  );
#3228 = ADVANCED_FACE('',(#3229),#3254,.T.);
#3229 = FACE_BOUND('',#3230,.T.);
#3230 = EDGE_LOOP('',(#3231,#3232,#3233,#3249));
#3231 = ORIENTED_EDGE('',*,*,#463,.F.);
#3232 = ORIENTED_EDGE('',*,*,#3219,.F.);
#3233 = ORIENTED_EDGE('',*,*,#3234,.T.);
#3234 = EDGE_CURVE('',#3213,#3235,#3237,.T.);
#3235 = VERTEX_POINT('',#3236);
#3236 = CARTESIAN_POINT('',(0.17359281173,-0.38689079187,3.10001E-02));
#3237 = B_SPLINE_CURVE_WITH_KNOTS('',3,(#3238,#3239,#3240,#3241,#3242,
    #3243,#3244,#3245,#3246,#3247,#3248),.UNSPECIFIED.,.F.,.F.,(4,1,1,1,
    1,1,1,1,4),(0.,0.112448389909,0.226527675213,0.344401949326,
    0.465864972487,0.591659449352,0.722168487025,0.858606387555,1.),
  .UNSPECIFIED.);
#3238 = CARTESIAN_POINT('',(0.118562323925,-0.374085913821,3.10001E-02)
  );
#3239 = CARTESIAN_POINT('',(0.12043900208,-0.375121763755,3.10001E-02));
#3240 = CARTESIAN_POINT('',(0.124219576795,-0.377208487074,3.10001E-02)
  );
#3241 = CARTESIAN_POINT('',(0.130265509692,-0.379783305096,3.10001E-02)
  );
#3242 = CARTESIAN_POINT('',(0.136627296276,-0.382004206818,3.10001E-02)
  );
#3243 = CARTESIAN_POINT('',(0.143360618772,-0.383775176731,3.10001E-02)
  );
#3244 = CARTESIAN_POINT('',(0.150420716035,-0.38519845988,3.10001E-02));
#3245 = CARTESIAN_POINT('',(0.157844997882,-0.386162500558,3.10001E-02)
  );
#3246 = CARTESIAN_POINT('',(0.165604051668,-0.38679709716,3.10001E-02));
#3247 = CARTESIAN_POINT('',(0.170898413003,-0.386859191107,3.10001E-02)
  );
#3248 = CARTESIAN_POINT('',(0.17359281173,-0.38689079187,3.10001E-02));
#3249 = ORIENTED_EDGE('',*,*,#3250,.T.);
#3250 = EDGE_CURVE('',#3235,#464,#3251,.T.);
#3251 = B_SPLINE_CURVE_WITH_KNOTS('',1,(#3252,#3253),.UNSPECIFIED.,.F.,
  .F.,(2,2),(-0.,1.E-03),.PIECEWISE_BEZIER_KNOTS.);
#3252 = CARTESIAN_POINT('',(0.17359281173,-0.38689079187,3.10001E-02));
#3253 = CARTESIAN_POINT('',(0.17359281173,-0.38689079187,3.00001E-02));
#3254 = B_SPLINE_SURFACE_WITH_KNOTS('',3,1,(
    (#3255,#3256)
    ,(#3257,#3258)
    ,(#3259,#3260)
    ,(#3261,#3262)
    ,(#3263,#3264)
    ,(#3265,#3266)
    ,(#3267,#3268)
    ,(#3269,#3270)
    ,(#3271,#3272)
    ,(#3273,#3274)
    ,(#3275,#3276
  )),.UNSPECIFIED.,.F.,.F.,.F.,(4,1,1,1,1,1,1,1,4),(2,2),(0.,
    0.112448389909,0.226527675213,0.344401949326,0.465864972487,
    0.591659449352,0.722168487025,0.858606387555,1.),(0.,1.),
  .UNSPECIFIED.);
#3255 = CARTESIAN_POINT('',(0.118562323925,-0.374085913821,3.10001E-02)
  );
#3256 = CARTESIAN_POINT('',(0.118562323925,-0.374085913821,3.00001E-02)
  );
#3257 = CARTESIAN_POINT('',(0.12043900208,-0.375121763755,3.10001E-02));
#3258 = CARTESIAN_POINT('',(0.12043900208,-0.375121763755,3.00001E-02));
#3259 = CARTESIAN_POINT('',(0.124219576795,-0.377208487074,3.10001E-02)
  );
#3260 = CARTESIAN_POINT('',(0.124219576795,-0.377208487074,3.00001E-02)
  );
#3261 = CARTESIAN_POINT('',(0.130265509692,-0.379783305096,3.10001E-02)
  );
#3262 = CARTESIAN_POINT('',(0.130265509692,-0.379783305096,3.00001E-02)
  );
#3263 = CARTESIAN_POINT('',(0.136627296276,-0.382004206818,3.10001E-02)
  );
#3264 = CARTESIAN_POINT('',(0.136627296276,-0.382004206818,3.00001E-02)
  );
#3265 = CARTESIAN_POINT('',(0.143360618772,-0.383775176731,3.10001E-02)
  );
#3266 = CARTESIAN_POINT('',(0.143360618772,-0.383775176731,3.00001E-02)
  );
#3267 = CARTESIAN_POINT('',(0.150420716035,-0.38519845988,3.10001E-02));
#3268 = CARTESIAN_POINT('',(0.150420716035,-0.38519845988,3.00001E-02));
#3269 = CARTESIAN_POINT('',(0.157844997882,-0.386162500558,3.10001E-02)
  );
#3270 = CARTESIAN_POINT('',(0.157844997882,-0.386162500558,3.00001E-02)
  );
#3271 = CARTESIAN_POINT('',(0.165604051668,-0.38679709716,3.10001E-02));
#3272 = CARTESIAN_POINT('',(0.165604051668,-0.38679709716,3.00001E-02));
#3273 = CARTESIAN_POINT('',(0.170898413003,-0.386859191107,3.10001E-02)
  );
#3274 = CARTESIAN_POINT('',(0.170898413003,-0.386859191107,3.00001E-02)
  );
#3275 = CARTESIAN_POINT('',(0.17359281173,-0.38689079187,3.10001E-02));
#3276 = CARTESIAN_POINT('',(0.17359281173,-0.38689079187,3.00001E-02));
#3277 = ADVANCED_FACE('',(#3278),#3311,.T.);
#3278 = FACE_BOUND('',#3279,.T.);
#3279 = EDGE_LOOP('',(#3280,#3281,#3282,#3306));
#3280 = ORIENTED_EDGE('',*,*,#479,.F.);
#3281 = ORIENTED_EDGE('',*,*,#3250,.F.);
#3282 = ORIENTED_EDGE('',*,*,#3283,.T.);
#3283 = EDGE_CURVE('',#3235,#3284,#3286,.T.);
#3284 = VERTEX_POINT('',#3285);
#3285 = CARTESIAN_POINT('',(0.26734281173,-0.288224633333,3.10001E-02));
#3286 = B_SPLINE_CURVE_WITH_KNOTS('',3,(#3287,#3288,#3289,#3290,#3291,
    #3292,#3293,#3294,#3295,#3296,#3297,#3298,#3299,#3300,#3301,#3302,
    #3303,#3304,#3305),.UNSPECIFIED.,.F.,.F.,(4,1,1,1,1,1,1,1,1,1,1,1,1,
    1,1,1,4),(0.,6.783324845577E-02,0.132655536508,0.195050884051,
    0.255582933069,0.314799834147,0.373600472826,0.432545595327,
    0.492430629284,0.552671255963,0.612513044188,0.672610250357,
    0.733838369314,0.796594238568,0.861449799291,0.929198942351,1.),
  .UNSPECIFIED.);
#3287 = CARTESIAN_POINT('',(0.17359281173,-0.38689079187,3.10001E-02));
#3288 = CARTESIAN_POINT('',(0.17706462404,-0.386813360453,3.10001E-02));
#3289 = CARTESIAN_POINT('',(0.183854142973,-0.386661934619,3.10001E-02)
  );
#3290 = CARTESIAN_POINT('',(0.193772635347,-0.385388224168,3.10001E-02)
  );
#3291 = CARTESIAN_POINT('',(0.203155890703,-0.383261721188,3.10001E-02)
  );
#3292 = CARTESIAN_POINT('',(0.21200064995,-0.380273906326,3.10001E-02));
#3293 = CARTESIAN_POINT('',(0.220337856202,-0.376498490786,3.10001E-02)
  );
#3294 = CARTESIAN_POINT('',(0.228124321898,-0.371831704707,3.10001E-02)
  );
#3295 = CARTESIAN_POINT('',(0.235308519632,-0.366236795631,3.10001E-02)
  );
#3296 = CARTESIAN_POINT('',(0.241985515231,-0.359939297425,3.10001E-02)
  );
#3297 = CARTESIAN_POINT('',(0.247943185558,-0.352893276012,3.10001E-02)
  );
#3298 = CARTESIAN_POINT('',(0.253158001622,-0.345271939049,3.10001E-02)
  );
#3299 = CARTESIAN_POINT('',(0.257569711338,-0.337098991523,3.10001E-02)
  );
#3300 = CARTESIAN_POINT('',(0.261149515638,-0.328369946586,3.10001E-02)
  );
#3301 = CARTESIAN_POINT('',(0.263939242321,-0.319102523467,3.10001E-02)
  );
#3302 = CARTESIAN_POINT('',(0.265890149686,-0.309288380181,3.10001E-02)
  );
#3303 = CARTESIAN_POINT('',(0.267157977147,-0.298941285804,3.10001E-02)
  );
#3304 = CARTESIAN_POINT('',(0.267280302032,-0.291848926472,3.10001E-02)
  );
#3305 = CARTESIAN_POINT('',(0.26734281173,-0.288224633333,3.10001E-02));
#3306 = ORIENTED_EDGE('',*,*,#3307,.T.);
#3307 = EDGE_CURVE('',#3284,#480,#3308,.T.);
#3308 = B_SPLINE_CURVE_WITH_KNOTS('',1,(#3309,#3310),.UNSPECIFIED.,.F.,
  .F.,(2,2),(-0.,1.E-03),.PIECEWISE_BEZIER_KNOTS.);
#3309 = CARTESIAN_POINT('',(0.26734281173,-0.288224633333,3.10001E-02));
#3310 = CARTESIAN_POINT('',(0.26734281173,-0.288224633333,3.00001E-02));
#3311 = B_SPLINE_SURFACE_WITH_KNOTS('',3,1,(
    (#3312,#3313)
    ,(#3314,#3315)
    ,(#3316,#3317)
    ,(#3318,#3319)
    ,(#3320,#3321)
    ,(#3322,#3323)
    ,(#3324,#3325)
    ,(#3326,#3327)
    ,(#3328,#3329)
    ,(#3330,#3331)
    ,(#3332,#3333)
    ,(#3334,#3335)
    ,(#3336,#3337)
    ,(#3338,#3339)
    ,(#3340,#3341)
    ,(#3342,#3343)
    ,(#3344,#3345)
    ,(#3346,#3347)
    ,(#3348,#3349
    )),.UNSPECIFIED.,.F.,.F.,.F.,(4,1,1,1,1,1,1,1,1,1,1,1,1,1,1,1,4),(2,
    2),(0.,6.783324845577E-02,0.132655536508,0.195050884051,
    0.255582933069,0.314799834147,0.373600472826,0.432545595327,
    0.492430629284,0.552671255963,0.612513044188,0.672610250357,
    0.733838369314,0.796594238568,0.861449799291,0.929198942351,1.),(0.,
    1.),.UNSPECIFIED.);
#3312 = CARTESIAN_POINT('',(0.17359281173,-0.38689079187,3.10001E-02));
#3313 = CARTESIAN_POINT('',(0.17359281173,-0.38689079187,3.00001E-02));
#3314 = CARTESIAN_POINT('',(0.17706462404,-0.386813360453,3.10001E-02));
#3315 = CARTESIAN_POINT('',(0.17706462404,-0.386813360453,3.00001E-02));
#3316 = CARTESIAN_POINT('',(0.183854142973,-0.386661934619,3.10001E-02)
  );
#3317 = CARTESIAN_POINT('',(0.183854142973,-0.386661934619,3.00001E-02)
  );
#3318 = CARTESIAN_POINT('',(0.193772635347,-0.385388224168,3.10001E-02)
  );
#3319 = CARTESIAN_POINT('',(0.193772635347,-0.385388224168,3.00001E-02)
  );
#3320 = CARTESIAN_POINT('',(0.203155890703,-0.383261721188,3.10001E-02)
  );
#3321 = CARTESIAN_POINT('',(0.203155890703,-0.383261721188,3.00001E-02)
  );
#3322 = CARTESIAN_POINT('',(0.21200064995,-0.380273906326,3.10001E-02));
#3323 = CARTESIAN_POINT('',(0.21200064995,-0.380273906326,3.00001E-02));
#3324 = CARTESIAN_POINT('',(0.220337856202,-0.376498490786,3.10001E-02)
  );
#3325 = CARTESIAN_POINT('',(0.220337856202,-0.376498490786,3.00001E-02)
  );
#3326 = CARTESIAN_POINT('',(0.228124321898,-0.371831704707,3.10001E-02)
  );
#3327 = CARTESIAN_POINT('',(0.228124321898,-0.371831704707,3.00001E-02)
  );
#3328 = CARTESIAN_POINT('',(0.235308519632,-0.366236795631,3.10001E-02)
  );
#3329 = CARTESIAN_POINT('',(0.235308519632,-0.366236795631,3.00001E-02)
  );
#3330 = CARTESIAN_POINT('',(0.241985515231,-0.359939297425,3.10001E-02)
  );
#3331 = CARTESIAN_POINT('',(0.241985515231,-0.359939297425,3.00001E-02)
  );
#3332 = CARTESIAN_POINT('',(0.247943185558,-0.352893276012,3.10001E-02)
  );
#3333 = CARTESIAN_POINT('',(0.247943185558,-0.352893276012,3.00001E-02)
  );
#3334 = CARTESIAN_POINT('',(0.253158001622,-0.345271939049,3.10001E-02)
  );
#3335 = CARTESIAN_POINT('',(0.253158001622,-0.345271939049,3.00001E-02)
  );
#3336 = CARTESIAN_POINT('',(0.257569711338,-0.337098991523,3.10001E-02)
  );
#3337 = CARTESIAN_POINT('',(0.257569711338,-0.337098991523,3.00001E-02)
  );
#3338 = CARTESIAN_POINT('',(0.261149515638,-0.328369946586,3.10001E-02)
  );
#3339 = CARTESIAN_POINT('',(0.261149515638,-0.328369946586,3.00001E-02)
  );
#3340 = CARTESIAN_POINT('',(0.263939242321,-0.319102523467,3.10001E-02)
  );
#3341 = CARTESIAN_POINT('',(0.263939242321,-0.319102523467,3.00001E-02)
  );
#3342 = CARTESIAN_POINT('',(0.265890149686,-0.309288380181,3.10001E-02)
  );
#3343 = CARTESIAN_POINT('',(0.265890149686,-0.309288380181,3.00001E-02)
  );
#3344 = CARTESIAN_POINT('',(0.267157977147,-0.298941285804,3.10001E-02)
  );
#3345 = CARTESIAN_POINT('',(0.267157977147,-0.298941285804,3.00001E-02)
  );
#3346 = CARTESIAN_POINT('',(0.267280302032,-0.291848926472,3.10001E-02)
  );
#3347 = CARTESIAN_POINT('',(0.267280302032,-0.291848926472,3.00001E-02)
  );
#3348 = CARTESIAN_POINT('',(0.26734281173,-0.288224633333,3.10001E-02));
#3349 = CARTESIAN_POINT('',(0.26734281173,-0.288224633333,3.00001E-02));
#3350 = ADVANCED_FACE('',(#3351),#3384,.T.);
#3351 = FACE_BOUND('',#3352,.T.);
#3352 = EDGE_LOOP('',(#3353,#3354,#3355,#3379));
#3353 = ORIENTED_EDGE('',*,*,#503,.F.);
#3354 = ORIENTED_EDGE('',*,*,#3307,.F.);
#3355 = ORIENTED_EDGE('',*,*,#3356,.T.);
#3356 = EDGE_CURVE('',#3284,#3357,#3359,.T.);
#3357 = VERTEX_POINT('',#3358);
#3358 = CARTESIAN_POINT('',(0.165627872706,-0.182012743089,3.10001E-02)
  );
#3359 = B_SPLINE_CURVE_WITH_KNOTS('',3,(#3360,#3361,#3362,#3363,#3364,
    #3365,#3366,#3367,#3368,#3369,#3370,#3371,#3372,#3373,#3374,#3375,
    #3376,#3377,#3378),.UNSPECIFIED.,.F.,.F.,(4,1,1,1,1,1,1,1,1,1,1,1,1,
    1,1,1,4),(0.,7.064371857535E-02,0.138256715509,0.203364124218,
    0.266324093803,0.327904761543,0.388737715173,0.449423528109,
    0.510861011459,0.572079396048,0.631734428731,0.691117210579,
    0.75036002949,0.810032900531,0.871362450829,0.934427141231,1.),
  .UNSPECIFIED.);
#3360 = CARTESIAN_POINT('',(0.26734281173,-0.288224633333,3.10001E-02));
#3361 = CARTESIAN_POINT('',(0.267255707039,-0.284333531111,3.10001E-02)
  );
#3362 = CARTESIAN_POINT('',(0.267085234579,-0.276718260797,3.10001E-02)
  );
#3363 = CARTESIAN_POINT('',(0.265730211442,-0.265582869122,3.10001E-02)
  );
#3364 = CARTESIAN_POINT('',(0.263506839761,-0.255024070031,3.10001E-02)
  );
#3365 = CARTESIAN_POINT('',(0.260324902893,-0.245057891495,3.10001E-02)
  );
#3366 = CARTESIAN_POINT('',(0.25627296485,-0.235670863578,3.10001E-02));
#3367 = CARTESIAN_POINT('',(0.251347581887,-0.226850495999,3.10001E-02)
  );
#3368 = CARTESIAN_POINT('',(0.245468721652,-0.218642234042,3.10001E-02)
  );
#3369 = CARTESIAN_POINT('',(0.238730006754,-0.211101868838,3.10001E-02)
  );
#3370 = CARTESIAN_POINT('',(0.231354415809,-0.204267167538,3.10001E-02)
  );
#3371 = CARTESIAN_POINT('',(0.223396184374,-0.198303082976,3.10001E-02)
  );
#3372 = CARTESIAN_POINT('',(0.214951308392,-0.193262933198,3.10001E-02)
  );
#3373 = CARTESIAN_POINT('',(0.206031741173,-0.189113481916,3.10001E-02)
  );
#3374 = CARTESIAN_POINT('',(0.196604692906,-0.185946029343,3.10001E-02)
  );
#3375 = CARTESIAN_POINT('',(0.18671427015,-0.183671249046,3.10001E-02));
#3376 = CARTESIAN_POINT('',(0.176326410525,-0.182261663367,3.10001E-02)
  );
#3377 = CARTESIAN_POINT('',(0.1692401081,-0.182096788092,3.10001E-02));
#3378 = CARTESIAN_POINT('',(0.165627872706,-0.182012743089,3.10001E-02)
  );
#3379 = ORIENTED_EDGE('',*,*,#3380,.T.);
#3380 = EDGE_CURVE('',#3357,#504,#3381,.T.);
#3381 = B_SPLINE_CURVE_WITH_KNOTS('',1,(#3382,#3383),.UNSPECIFIED.,.F.,
  .F.,(2,2),(-0.,1.E-03),.PIECEWISE_BEZIER_KNOTS.);
#3382 = CARTESIAN_POINT('',(0.165627872706,-0.182012743089,3.10001E-02)
  );
#3383 = CARTESIAN_POINT('',(0.165627872706,-0.182012743089,3.00001E-02)
  );
#3384 = B_SPLINE_SURFACE_WITH_KNOTS('',3,1,(
    (#3385,#3386)
    ,(#3387,#3388)
    ,(#3389,#3390)
    ,(#3391,#3392)
    ,(#3393,#3394)
    ,(#3395,#3396)
    ,(#3397,#3398)
    ,(#3399,#3400)
    ,(#3401,#3402)
    ,(#3403,#3404)
    ,(#3405,#3406)
    ,(#3407,#3408)
    ,(#3409,#3410)
    ,(#3411,#3412)
    ,(#3413,#3414)
    ,(#3415,#3416)
    ,(#3417,#3418)
    ,(#3419,#3420)
    ,(#3421,#3422
    )),.UNSPECIFIED.,.F.,.F.,.F.,(4,1,1,1,1,1,1,1,1,1,1,1,1,1,1,1,4),(2,
    2),(0.,7.064371857535E-02,0.138256715509,0.203364124218,
    0.266324093803,0.327904761543,0.388737715173,0.449423528109,
    0.510861011459,0.572079396048,0.631734428731,0.691117210579,
    0.75036002949,0.810032900531,0.871362450829,0.934427141231,1.),(0.,
    1.),.UNSPECIFIED.);
#3385 = CARTESIAN_POINT('',(0.26734281173,-0.288224633333,3.10001E-02));
#3386 = CARTESIAN_POINT('',(0.26734281173,-0.288224633333,3.00001E-02));
#3387 = CARTESIAN_POINT('',(0.267255707039,-0.284333531111,3.10001E-02)
  );
#3388 = CARTESIAN_POINT('',(0.267255707039,-0.284333531111,3.00001E-02)
  );
#3389 = CARTESIAN_POINT('',(0.267085234579,-0.276718260797,3.10001E-02)
  );
#3390 = CARTESIAN_POINT('',(0.267085234579,-0.276718260797,3.00001E-02)
  );
#3391 = CARTESIAN_POINT('',(0.265730211442,-0.265582869122,3.10001E-02)
  );
#3392 = CARTESIAN_POINT('',(0.265730211442,-0.265582869122,3.00001E-02)
  );
#3393 = CARTESIAN_POINT('',(0.263506839761,-0.255024070031,3.10001E-02)
  );
#3394 = CARTESIAN_POINT('',(0.263506839761,-0.255024070031,3.00001E-02)
  );
#3395 = CARTESIAN_POINT('',(0.260324902893,-0.245057891495,3.10001E-02)
  );
#3396 = CARTESIAN_POINT('',(0.260324902893,-0.245057891495,3.00001E-02)
  );
#3397 = CARTESIAN_POINT('',(0.25627296485,-0.235670863578,3.10001E-02));
#3398 = CARTESIAN_POINT('',(0.25627296485,-0.235670863578,3.00001E-02));
#3399 = CARTESIAN_POINT('',(0.251347581887,-0.226850495999,3.10001E-02)
  );
#3400 = CARTESIAN_POINT('',(0.251347581887,-0.226850495999,3.00001E-02)
  );
#3401 = CARTESIAN_POINT('',(0.245468721652,-0.218642234042,3.10001E-02)
  );
#3402 = CARTESIAN_POINT('',(0.245468721652,-0.218642234042,3.00001E-02)
  );
#3403 = CARTESIAN_POINT('',(0.238730006754,-0.211101868838,3.10001E-02)
  );
#3404 = CARTESIAN_POINT('',(0.238730006754,-0.211101868838,3.00001E-02)
  );
#3405 = CARTESIAN_POINT('',(0.231354415809,-0.204267167538,3.10001E-02)
  );
#3406 = CARTESIAN_POINT('',(0.231354415809,-0.204267167538,3.00001E-02)
  );
#3407 = CARTESIAN_POINT('',(0.223396184374,-0.198303082976,3.10001E-02)
  );
#3408 = CARTESIAN_POINT('',(0.223396184374,-0.198303082976,3.00001E-02)
  );
#3409 = CARTESIAN_POINT('',(0.214951308392,-0.193262933198,3.10001E-02)
  );
#3410 = CARTESIAN_POINT('',(0.214951308392,-0.193262933198,3.00001E-02)
  );
#3411 = CARTESIAN_POINT('',(0.206031741173,-0.189113481916,3.10001E-02)
  );
#3412 = CARTESIAN_POINT('',(0.206031741173,-0.189113481916,3.00001E-02)
  );
#3413 = CARTESIAN_POINT('',(0.196604692906,-0.185946029343,3.10001E-02)
  );
#3414 = CARTESIAN_POINT('',(0.196604692906,-0.185946029343,3.00001E-02)
  );
#3415 = CARTESIAN_POINT('',(0.18671427015,-0.183671249046,3.10001E-02));
#3416 = CARTESIAN_POINT('',(0.18671427015,-0.183671249046,3.00001E-02));
#3417 = CARTESIAN_POINT('',(0.176326410525,-0.182261663367,3.10001E-02)
  );
#3418 = CARTESIAN_POINT('',(0.176326410525,-0.182261663367,3.00001E-02)
  );
#3419 = CARTESIAN_POINT('',(0.1692401081,-0.182096788092,3.10001E-02));
#3420 = CARTESIAN_POINT('',(0.1692401081,-0.182096788092,3.00001E-02));
#3421 = CARTESIAN_POINT('',(0.165627872706,-0.182012743089,3.10001E-02)
  );
#3422 = CARTESIAN_POINT('',(0.165627872706,-0.182012743089,3.00001E-02)
  );
#3423 = ADVANCED_FACE('',(#3424),#3449,.T.);
#3424 = FACE_BOUND('',#3425,.T.);
#3425 = EDGE_LOOP('',(#3426,#3427,#3428,#3444));
#3426 = ORIENTED_EDGE('',*,*,#527,.F.);
#3427 = ORIENTED_EDGE('',*,*,#3380,.F.);
#3428 = ORIENTED_EDGE('',*,*,#3429,.T.);
#3429 = EDGE_CURVE('',#3357,#3430,#3432,.T.);
#3430 = VERTEX_POINT('',#3431);
#3431 = CARTESIAN_POINT('',(0.118562323925,-0.189939572357,3.10001E-02)
  );
#3432 = B_SPLINE_CURVE_WITH_KNOTS('',3,(#3433,#3434,#3435,#3436,#3437,
    #3438,#3439,#3440,#3441,#3442,#3443),.UNSPECIFIED.,.F.,.F.,(4,1,1,1,
    1,1,1,1,4),(0.,0.145186866472,0.28344261092,0.416524365929,
    0.543181123535,0.665153082638,0.781360206313,0.892756655642,1.),
  .UNSPECIFIED.);
#3433 = CARTESIAN_POINT('',(0.165627872706,-0.182012743089,3.10001E-02)
  );
#3434 = CARTESIAN_POINT('',(0.163302500581,-0.182029411976,3.10001E-02)
  );
#3435 = CARTESIAN_POINT('',(0.158762768011,-0.182061953989,3.10001E-02)
  );
#3436 = CARTESIAN_POINT('',(0.152102919018,-0.182470033842,3.10001E-02)
  );
#3437 = CARTESIAN_POINT('',(0.145753463592,-0.183046775586,3.10001E-02)
  );
#3438 = CARTESIAN_POINT('',(0.139705213324,-0.183946099933,3.10001E-02)
  );
#3439 = CARTESIAN_POINT('',(0.133958479428,-0.185016651811,3.10001E-02)
  );
#3440 = CARTESIAN_POINT('',(0.128534790036,-0.186412167517,3.10001E-02)
  );
#3441 = CARTESIAN_POINT('',(0.123400050769,-0.187975832374,3.10001E-02)
  );
#3442 = CARTESIAN_POINT('',(0.120154348627,-0.189293334431,3.10001E-02)
  );
#3443 = CARTESIAN_POINT('',(0.118562323925,-0.189939572357,3.10001E-02)
  );
#3444 = ORIENTED_EDGE('',*,*,#3445,.T.);
#3445 = EDGE_CURVE('',#3430,#528,#3446,.T.);
#3446 = B_SPLINE_CURVE_WITH_KNOTS('',1,(#3447,#3448),.UNSPECIFIED.,.F.,
  .F.,(2,2),(-0.,1.E-03),.PIECEWISE_BEZIER_KNOTS.);
#3447 = CARTESIAN_POINT('',(0.118562323925,-0.189939572357,3.10001E-02)
  );
#3448 = CARTESIAN_POINT('',(0.118562323925,-0.189939572357,3.00001E-02)
  );
#3449 = B_SPLINE_SURFACE_WITH_KNOTS('',3,1,(
    (#3450,#3451)
    ,(#3452,#3453)
    ,(#3454,#3455)
    ,(#3456,#3457)
    ,(#3458,#3459)
    ,(#3460,#3461)
    ,(#3462,#3463)
    ,(#3464,#3465)
    ,(#3466,#3467)
    ,(#3468,#3469)
    ,(#3470,#3471
  )),.UNSPECIFIED.,.F.,.F.,.F.,(4,1,1,1,1,1,1,1,4),(2,2),(0.,
    0.145186866472,0.28344261092,0.416524365929,0.543181123535,
    0.665153082638,0.781360206313,0.892756655642,1.),(0.,1.),
  .UNSPECIFIED.);
#3450 = CARTESIAN_POINT('',(0.165627872706,-0.182012743089,3.10001E-02)
  );
#3451 = CARTESIAN_POINT('',(0.165627872706,-0.182012743089,3.00001E-02)
  );
#3452 = CARTESIAN_POINT('',(0.163302500581,-0.182029411976,3.10001E-02)
  );
#3453 = CARTESIAN_POINT('',(0.163302500581,-0.182029411976,3.00001E-02)
  );
#3454 = CARTESIAN_POINT('',(0.158762768011,-0.182061953989,3.10001E-02)
  );
#3455 = CARTESIAN_POINT('',(0.158762768011,-0.182061953989,3.00001E-02)
  );
#3456 = CARTESIAN_POINT('',(0.152102919018,-0.182470033842,3.10001E-02)
  );
#3457 = CARTESIAN_POINT('',(0.152102919018,-0.182470033842,3.00001E-02)
  );
#3458 = CARTESIAN_POINT('',(0.145753463592,-0.183046775586,3.10001E-02)
  );
#3459 = CARTESIAN_POINT('',(0.145753463592,-0.183046775586,3.00001E-02)
  );
#3460 = CARTESIAN_POINT('',(0.139705213324,-0.183946099933,3.10001E-02)
  );
#3461 = CARTESIAN_POINT('',(0.139705213324,-0.183946099933,3.00001E-02)
  );
#3462 = CARTESIAN_POINT('',(0.133958479428,-0.185016651811,3.10001E-02)
  );
#3463 = CARTESIAN_POINT('',(0.133958479428,-0.185016651811,3.00001E-02)
  );
#3464 = CARTESIAN_POINT('',(0.128534790036,-0.186412167517,3.10001E-02)
  );
#3465 = CARTESIAN_POINT('',(0.128534790036,-0.186412167517,3.00001E-02)
  );
#3466 = CARTESIAN_POINT('',(0.123400050769,-0.187975832374,3.10001E-02)
  );
#3467 = CARTESIAN_POINT('',(0.123400050769,-0.187975832374,3.00001E-02)
  );
#3468 = CARTESIAN_POINT('',(0.120154348627,-0.189293334431,3.10001E-02)
  );
#3469 = CARTESIAN_POINT('',(0.120154348627,-0.189293334431,3.00001E-02)
  );
#3470 = CARTESIAN_POINT('',(0.118562323925,-0.189939572357,3.10001E-02)
  );
#3471 = CARTESIAN_POINT('',(0.118562323925,-0.189939572357,3.00001E-02)
  );
#3472 = ADVANCED_FACE('',(#3473),#3489,.T.);
#3473 = FACE_BOUND('',#3474,.T.);
#3474 = EDGE_LOOP('',(#3475,#3476,#3477,#3484));
#3475 = ORIENTED_EDGE('',*,*,#543,.F.);
#3476 = ORIENTED_EDGE('',*,*,#3445,.F.);
#3477 = ORIENTED_EDGE('',*,*,#3478,.T.);
#3478 = EDGE_CURVE('',#3430,#3479,#3481,.T.);
#3479 = VERTEX_POINT('',#3480);
#3480 = CARTESIAN_POINT('',(0.118562323925,-0.21676884065,3.10001E-02));
#3481 = B_SPLINE_CURVE_WITH_KNOTS('',1,(#3482,#3483),.UNSPECIFIED.,.F.,
  .F.,(2,2),(0.,2.682926829268E-02),.PIECEWISE_BEZIER_KNOTS.);
#3482 = CARTESIAN_POINT('',(0.118562323925,-0.189939572357,3.10001E-02)
  );
#3483 = CARTESIAN_POINT('',(0.118562323925,-0.21676884065,3.10001E-02));
#3484 = ORIENTED_EDGE('',*,*,#3485,.T.);
#3485 = EDGE_CURVE('',#3479,#544,#3486,.T.);
#3486 = B_SPLINE_CURVE_WITH_KNOTS('',1,(#3487,#3488),.UNSPECIFIED.,.F.,
  .F.,(2,2),(-0.,1.E-03),.PIECEWISE_BEZIER_KNOTS.);
#3487 = CARTESIAN_POINT('',(0.118562323925,-0.21676884065,3.10001E-02));
#3488 = CARTESIAN_POINT('',(0.118562323925,-0.21676884065,3.00001E-02));
#3489 = B_SPLINE_SURFACE_WITH_KNOTS('',1,1,(
    (#3490,#3491)
    ,(#3492,#3493)),.UNSPECIFIED.,.F.,.F.,.F.,(2,2),(2,2),(0.,1.E-03),(
    -2.682926829268E-02,0.),.PIECEWISE_BEZIER_KNOTS.);
#3490 = CARTESIAN_POINT('',(0.118562323925,-0.21676884065,3.10001E-02));
#3491 = CARTESIAN_POINT('',(0.118562323925,-0.189939572357,3.10001E-02)
  );
#3492 = CARTESIAN_POINT('',(0.118562323925,-0.21676884065,3.00001E-02));
#3493 = CARTESIAN_POINT('',(0.118562323925,-0.189939572357,3.00001E-02)
  );
#3494 = ADVANCED_FACE('',(#3495),#3520,.T.);
#3495 = FACE_BOUND('',#3496,.T.);
#3496 = EDGE_LOOP('',(#3497,#3498,#3499,#3515));
#3497 = ORIENTED_EDGE('',*,*,#550,.F.);
#3498 = ORIENTED_EDGE('',*,*,#3485,.F.);
#3499 = ORIENTED_EDGE('',*,*,#3500,.T.);
#3500 = EDGE_CURVE('',#3479,#3501,#3503,.T.);
#3501 = VERTEX_POINT('',#3502);
#3502 = CARTESIAN_POINT('',(0.165399214169,-0.203963962601,3.10001E-02)
  );
#3503 = B_SPLINE_CURVE_WITH_KNOTS('',3,(#3504,#3505,#3506,#3507,#3508,
    #3509,#3510,#3511,#3512,#3513,#3514),.UNSPECIFIED.,.F.,.F.,(4,1,1,1,
    1,1,1,1,4),(0.,0.125279696736,0.249419970742,0.373356799493,
    0.496681278782,0.620202915744,0.745086320161,0.871269195019,1.),
  .UNSPECIFIED.);
#3504 = CARTESIAN_POINT('',(0.118562323925,-0.21676884065,3.10001E-02));
#3505 = CARTESIAN_POINT('',(0.120338401051,-0.215736806052,3.10001E-02)
  );
#3506 = CARTESIAN_POINT('',(0.123874401825,-0.213682123242,3.10001E-02)
  );
#3507 = CARTESIAN_POINT('',(0.129435888148,-0.211113365357,3.10001E-02)
  );
#3508 = CARTESIAN_POINT('',(0.135104536778,-0.208885337722,3.10001E-02)
  );
#3509 = CARTESIAN_POINT('',(0.140920031089,-0.207106737556,3.10001E-02)
  );
#3510 = CARTESIAN_POINT('',(0.146845770088,-0.205670504272,3.10001E-02)
  );
#3511 = CARTESIAN_POINT('',(0.152912827156,-0.204707182129,3.10001E-02)
  );
#3512 = CARTESIAN_POINT('',(0.15910970737,-0.204059055411,3.10001E-02));
#3513 = CARTESIAN_POINT('',(0.163288788227,-0.203995870721,3.10001E-02)
  );
#3514 = CARTESIAN_POINT('',(0.165399214169,-0.203963962601,3.10001E-02)
  );
#3515 = ORIENTED_EDGE('',*,*,#3516,.T.);
#3516 = EDGE_CURVE('',#3501,#551,#3517,.T.);
#3517 = B_SPLINE_CURVE_WITH_KNOTS('',1,(#3518,#3519),.UNSPECIFIED.,.F.,
  .F.,(2,2),(-0.,1.E-03),.PIECEWISE_BEZIER_KNOTS.);
#3518 = CARTESIAN_POINT('',(0.165399214169,-0.203963962601,3.10001E-02)
  );
#3519 = CARTESIAN_POINT('',(0.165399214169,-0.203963962601,3.00001E-02)
  );
#3520 = B_SPLINE_SURFACE_WITH_KNOTS('',3,1,(
    (#3521,#3522)
    ,(#3523,#3524)
    ,(#3525,#3526)
    ,(#3527,#3528)
    ,(#3529,#3530)
    ,(#3531,#3532)
    ,(#3533,#3534)
    ,(#3535,#3536)
    ,(#3537,#3538)
    ,(#3539,#3540)
    ,(#3541,#3542
  )),.UNSPECIFIED.,.F.,.F.,.F.,(4,1,1,1,1,1,1,1,4),(2,2),(0.,
    0.125279696736,0.249419970742,0.373356799493,0.496681278782,
    0.620202915744,0.745086320161,0.871269195019,1.),(0.,1.),
  .UNSPECIFIED.);
#3521 = CARTESIAN_POINT('',(0.118562323925,-0.21676884065,3.10001E-02));
#3522 = CARTESIAN_POINT('',(0.118562323925,-0.21676884065,3.00001E-02));
#3523 = CARTESIAN_POINT('',(0.120338401051,-0.215736806052,3.10001E-02)
  );
#3524 = CARTESIAN_POINT('',(0.120338401051,-0.215736806052,3.00001E-02)
  );
#3525 = CARTESIAN_POINT('',(0.123874401825,-0.213682123242,3.10001E-02)
  );
#3526 = CARTESIAN_POINT('',(0.123874401825,-0.213682123242,3.00001E-02)
  );
#3527 = CARTESIAN_POINT('',(0.129435888148,-0.211113365357,3.10001E-02)
  );
#3528 = CARTESIAN_POINT('',(0.129435888148,-0.211113365357,3.00001E-02)
  );
#3529 = CARTESIAN_POINT('',(0.135104536778,-0.208885337722,3.10001E-02)
  );
#3530 = CARTESIAN_POINT('',(0.135104536778,-0.208885337722,3.00001E-02)
  );
#3531 = CARTESIAN_POINT('',(0.140920031089,-0.207106737556,3.10001E-02)
  );
#3532 = CARTESIAN_POINT('',(0.140920031089,-0.207106737556,3.00001E-02)
  );
#3533 = CARTESIAN_POINT('',(0.146845770088,-0.205670504272,3.10001E-02)
  );
#3534 = CARTESIAN_POINT('',(0.146845770088,-0.205670504272,3.00001E-02)
  );
#3535 = CARTESIAN_POINT('',(0.152912827156,-0.204707182129,3.10001E-02)
  );
#3536 = CARTESIAN_POINT('',(0.152912827156,-0.204707182129,3.00001E-02)
  );
#3537 = CARTESIAN_POINT('',(0.15910970737,-0.204059055411,3.10001E-02));
#3538 = CARTESIAN_POINT('',(0.15910970737,-0.204059055411,3.00001E-02));
#3539 = CARTESIAN_POINT('',(0.163288788227,-0.203995870721,3.10001E-02)
  );
#3540 = CARTESIAN_POINT('',(0.163288788227,-0.203995870721,3.00001E-02)
  );
#3541 = CARTESIAN_POINT('',(0.165399214169,-0.203963962601,3.10001E-02)
  );
#3542 = CARTESIAN_POINT('',(0.165399214169,-0.203963962601,3.00001E-02)
  );
#3543 = ADVANCED_FACE('',(#3544),#3577,.T.);
#3544 = FACE_BOUND('',#3545,.T.);
#3545 = EDGE_LOOP('',(#3546,#3547,#3548,#3572));
#3546 = ORIENTED_EDGE('',*,*,#566,.F.);
#3547 = ORIENTED_EDGE('',*,*,#3516,.F.);
#3548 = ORIENTED_EDGE('',*,*,#3549,.T.);
#3549 = EDGE_CURVE('',#3501,#3550,#3552,.T.);
#3550 = VERTEX_POINT('',#3551);
#3551 = CARTESIAN_POINT('',(0.240513543437,-0.286585913821,3.10001E-02)
  );
#3552 = B_SPLINE_CURVE_WITH_KNOTS('',3,(#3553,#3554,#3555,#3556,#3557,
    #3558,#3559,#3560,#3561,#3562,#3563,#3564,#3565,#3566,#3567,#3568,
    #3569,#3570,#3571),.UNSPECIFIED.,.F.,.F.,(4,1,1,1,1,1,1,1,1,1,1,1,1,
    1,1,1,4),(0.,6.460397028839E-02,0.126702413963,0.186756814036,
    0.245505687365,0.30365202445,0.361503073971,0.420240222928,
    0.480033340777,0.540678134776,0.601191806381,0.662333502477,
    0.724739510297,0.789467736173,0.856504860044,0.926312095839,1.),
  .UNSPECIFIED.);
#3553 = CARTESIAN_POINT('',(0.165399214169,-0.203963962601,3.10001E-02)
  );
#3554 = CARTESIAN_POINT('',(0.168109086542,-0.204022229818,3.10001E-02)
  );
#3555 = CARTESIAN_POINT('',(0.173423734692,-0.204136504484,3.10001E-02)
  );
#3556 = CARTESIAN_POINT('',(0.181188030234,-0.205258470421,3.10001E-02)
  );
#3557 = CARTESIAN_POINT('',(0.188593508871,-0.206937058267,3.10001E-02)
  );
#3558 = CARTESIAN_POINT('',(0.195610475135,-0.209393801723,3.10001E-02)
  );
#3559 = CARTESIAN_POINT('',(0.202230961228,-0.212564607792,3.10001E-02)
  );
#3560 = CARTESIAN_POINT('',(0.208449226028,-0.216461369254,3.10001E-02)
  );
#3561 = CARTESIAN_POINT('',(0.214303458239,-0.221000539729,3.10001E-02)
  );
#3562 = CARTESIAN_POINT('',(0.219704353539,-0.22623874718,3.10001E-02));
#3563 = CARTESIAN_POINT('',(0.224626071494,-0.232031367935,3.10001E-02)
  );
#3564 = CARTESIAN_POINT('',(0.228850637561,-0.23841671007,3.10001E-02));
#3565 = CARTESIAN_POINT('',(0.232513977605,-0.245221946087,3.10001E-02)
  );
#3566 = CARTESIAN_POINT('',(0.23544757319,-0.252566472134,3.10001E-02));
#3567 = CARTESIAN_POINT('',(0.237719473039,-0.260393936908,3.10001E-02)
  );
#3568 = CARTESIAN_POINT('',(0.239359305845,-0.268693659841,3.10001E-02)
  );
#3569 = CARTESIAN_POINT('',(0.240309402381,-0.277480948525,3.10001E-02)
  );
#3570 = CARTESIAN_POINT('',(0.240444280542,-0.283496695632,3.10001E-02)
  );
#3571 = CARTESIAN_POINT('',(0.240513543437,-0.286585913821,3.10001E-02)
  );
#3572 = ORIENTED_EDGE('',*,*,#3573,.T.);
#3573 = EDGE_CURVE('',#3550,#567,#3574,.T.);
#3574 = B_SPLINE_CURVE_WITH_KNOTS('',1,(#3575,#3576),.UNSPECIFIED.,.F.,
  .F.,(2,2),(-0.,1.E-03),.PIECEWISE_BEZIER_KNOTS.);
#3575 = CARTESIAN_POINT('',(0.240513543437,-0.286585913821,3.10001E-02)
  );
#3576 = CARTESIAN_POINT('',(0.240513543437,-0.286585913821,3.00001E-02)
  );
#3577 = B_SPLINE_SURFACE_WITH_KNOTS('',3,1,(
    (#3578,#3579)
    ,(#3580,#3581)
    ,(#3582,#3583)
    ,(#3584,#3585)
    ,(#3586,#3587)
    ,(#3588,#3589)
    ,(#3590,#3591)
    ,(#3592,#3593)
    ,(#3594,#3595)
    ,(#3596,#3597)
    ,(#3598,#3599)
    ,(#3600,#3601)
    ,(#3602,#3603)
    ,(#3604,#3605)
    ,(#3606,#3607)
    ,(#3608,#3609)
    ,(#3610,#3611)
    ,(#3612,#3613)
    ,(#3614,#3615
    )),.UNSPECIFIED.,.F.,.F.,.F.,(4,1,1,1,1,1,1,1,1,1,1,1,1,1,1,1,4),(2,
    2),(0.,6.460397028839E-02,0.126702413963,0.186756814036,
    0.245505687365,0.30365202445,0.361503073971,0.420240222928,
    0.480033340777,0.540678134776,0.601191806381,0.662333502477,
    0.724739510297,0.789467736173,0.856504860044,0.926312095839,1.),(0.,
    1.),.UNSPECIFIED.);
#3578 = CARTESIAN_POINT('',(0.165399214169,-0.203963962601,3.10001E-02)
  );
#3579 = CARTESIAN_POINT('',(0.165399214169,-0.203963962601,3.00001E-02)
  );
#3580 = CARTESIAN_POINT('',(0.168109086542,-0.204022229818,3.10001E-02)
  );
#3581 = CARTESIAN_POINT('',(0.168109086542,-0.204022229818,3.00001E-02)
  );
#3582 = CARTESIAN_POINT('',(0.173423734692,-0.204136504484,3.10001E-02)
  );
#3583 = CARTESIAN_POINT('',(0.173423734692,-0.204136504484,3.00001E-02)
  );
#3584 = CARTESIAN_POINT('',(0.181188030234,-0.205258470421,3.10001E-02)
  );
#3585 = CARTESIAN_POINT('',(0.181188030234,-0.205258470421,3.00001E-02)
  );
#3586 = CARTESIAN_POINT('',(0.188593508871,-0.206937058267,3.10001E-02)
  );
#3587 = CARTESIAN_POINT('',(0.188593508871,-0.206937058267,3.00001E-02)
  );
#3588 = CARTESIAN_POINT('',(0.195610475135,-0.209393801723,3.10001E-02)
  );
#3589 = CARTESIAN_POINT('',(0.195610475135,-0.209393801723,3.00001E-02)
  );
#3590 = CARTESIAN_POINT('',(0.202230961228,-0.212564607792,3.10001E-02)
  );
#3591 = CARTESIAN_POINT('',(0.202230961228,-0.212564607792,3.00001E-02)
  );
#3592 = CARTESIAN_POINT('',(0.208449226028,-0.216461369254,3.10001E-02)
  );
#3593 = CARTESIAN_POINT('',(0.208449226028,-0.216461369254,3.00001E-02)
  );
#3594 = CARTESIAN_POINT('',(0.214303458239,-0.221000539729,3.10001E-02)
  );
#3595 = CARTESIAN_POINT('',(0.214303458239,-0.221000539729,3.00001E-02)
  );
#3596 = CARTESIAN_POINT('',(0.219704353539,-0.22623874718,3.10001E-02));
#3597 = CARTESIAN_POINT('',(0.219704353539,-0.22623874718,3.00001E-02));
#3598 = CARTESIAN_POINT('',(0.224626071494,-0.232031367935,3.10001E-02)
  );
#3599 = CARTESIAN_POINT('',(0.224626071494,-0.232031367935,3.00001E-02)
  );
#3600 = CARTESIAN_POINT('',(0.228850637561,-0.23841671007,3.10001E-02));
#3601 = CARTESIAN_POINT('',(0.228850637561,-0.23841671007,3.00001E-02));
#3602 = CARTESIAN_POINT('',(0.232513977605,-0.245221946087,3.10001E-02)
  );
#3603 = CARTESIAN_POINT('',(0.232513977605,-0.245221946087,3.00001E-02)
  );
#3604 = CARTESIAN_POINT('',(0.23544757319,-0.252566472134,3.10001E-02));
#3605 = CARTESIAN_POINT('',(0.23544757319,-0.252566472134,3.00001E-02));
#3606 = CARTESIAN_POINT('',(0.237719473039,-0.260393936908,3.10001E-02)
  );
#3607 = CARTESIAN_POINT('',(0.237719473039,-0.260393936908,3.00001E-02)
  );
#3608 = CARTESIAN_POINT('',(0.239359305845,-0.268693659841,3.10001E-02)
  );
#3609 = CARTESIAN_POINT('',(0.239359305845,-0.268693659841,3.00001E-02)
  );
#3610 = CARTESIAN_POINT('',(0.240309402381,-0.277480948525,3.10001E-02)
  );
#3611 = CARTESIAN_POINT('',(0.240309402381,-0.277480948525,3.00001E-02)
  );
#3612 = CARTESIAN_POINT('',(0.240444280542,-0.283496695632,3.10001E-02)
  );
#3613 = CARTESIAN_POINT('',(0.240444280542,-0.283496695632,3.00001E-02)
  );
#3614 = CARTESIAN_POINT('',(0.240513543437,-0.286585913821,3.10001E-02)
  );
#3615 = CARTESIAN_POINT('',(0.240513543437,-0.286585913821,3.00001E-02)
  );
#3616 = ADVANCED_FACE('',(#3617),#3650,.T.);
#3617 = FACE_BOUND('',#3618,.T.);
#3618 = EDGE_LOOP('',(#3619,#3620,#3621,#3645));
#3619 = ORIENTED_EDGE('',*,*,#590,.F.);
#3620 = ORIENTED_EDGE('',*,*,#3573,.F.);
#3621 = ORIENTED_EDGE('',*,*,#3622,.T.);
#3622 = EDGE_CURVE('',#3550,#3623,#3625,.T.);
#3623 = VERTEX_POINT('',#3624);
#3624 = CARTESIAN_POINT('',(0.169896165389,-0.364939572357,3.10001E-02)
  );
#3625 = B_SPLINE_CURVE_WITH_KNOTS('',3,(#3626,#3627,#3628,#3629,#3630,
    #3631,#3632,#3633,#3634,#3635,#3636,#3637,#3638,#3639,#3640,#3641,
    #3642,#3643,#3644),.UNSPECIFIED.,.F.,.F.,(4,1,1,1,1,1,1,1,1,1,1,1,1,
    1,1,1,4),(0.,7.377411937406E-02,0.144079114726,0.211348518309,
    0.27607688574,0.33852091582,0.399885116693,0.460254067465,
    0.520588964391,0.580207684563,0.638632908553,0.696364549491,
    0.75400177466,0.812805681374,0.872754425526,0.935181996978,1.),
  .UNSPECIFIED.);
#3626 = CARTESIAN_POINT('',(0.240513543437,-0.286585913821,3.10001E-02)
  );
#3627 = CARTESIAN_POINT('',(0.240457979467,-0.28951015496,3.10001E-02));
#3628 = CARTESIAN_POINT('',(0.240349464345,-0.295221128919,3.10001E-02)
  );
#3629 = CARTESIAN_POINT('',(0.23941714702,-0.303556664503,3.10001E-02));
#3630 = CARTESIAN_POINT('',(0.237906898171,-0.311438008872,3.10001E-02)
  );
#3631 = CARTESIAN_POINT('',(0.235784429832,-0.318858215108,3.10001E-02)
  );
#3632 = CARTESIAN_POINT('',(0.233016808794,-0.325810416323,3.10001E-02)
  );
#3633 = CARTESIAN_POINT('',(0.229673619577,-0.332313084494,3.10001E-02)
  );
#3634 = CARTESIAN_POINT('',(0.225676416026,-0.338336854821,3.10001E-02)
  );
#3635 = CARTESIAN_POINT('',(0.221113436067,-0.34385352667,3.10001E-02));
#3636 = CARTESIAN_POINT('',(0.216047326396,-0.348800657092,3.10001E-02)
  );
#3637 = CARTESIAN_POINT('',(0.210584174808,-0.353145349157,3.10001E-02)
  );
#3638 = CARTESIAN_POINT('',(0.204712078781,-0.356771814523,3.10001E-02)
  );
#3639 = CARTESIAN_POINT('',(0.198485794645,-0.359778994699,3.10001E-02)
  );
#3640 = CARTESIAN_POINT('',(0.191877190835,-0.362103959738,3.10001E-02)
  );
#3641 = CARTESIAN_POINT('',(0.184873896773,-0.363733841767,3.10001E-02)
  );
#3642 = CARTESIAN_POINT('',(0.177509415555,-0.364743355629,3.10001E-02)
  );
#3643 = CARTESIAN_POINT('',(0.172465500391,-0.364873352741,3.10001E-02)
  );
#3644 = CARTESIAN_POINT('',(0.169896165389,-0.364939572357,3.10001E-02)
  );
#3645 = ORIENTED_EDGE('',*,*,#3646,.T.);
#3646 = EDGE_CURVE('',#3623,#439,#3647,.T.);
#3647 = B_SPLINE_CURVE_WITH_KNOTS('',1,(#3648,#3649),.UNSPECIFIED.,.F.,
  .F.,(2,2),(-0.,1.E-03),.PIECEWISE_BEZIER_KNOTS.);
#3648 = CARTESIAN_POINT('',(0.169896165389,-0.364939572357,3.10001E-02)
  );
#3649 = CARTESIAN_POINT('',(0.169896165389,-0.364939572357,3.00001E-02)
  );
#3650 = B_SPLINE_SURFACE_WITH_KNOTS('',3,1,(
    (#3651,#3652)
    ,(#3653,#3654)
    ,(#3655,#3656)
    ,(#3657,#3658)
    ,(#3659,#3660)
    ,(#3661,#3662)
    ,(#3663,#3664)
    ,(#3665,#3666)
    ,(#3667,#3668)
    ,(#3669,#3670)
    ,(#3671,#3672)
    ,(#3673,#3674)
    ,(#3675,#3676)
    ,(#3677,#3678)
    ,(#3679,#3680)
    ,(#3681,#3682)
    ,(#3683,#3684)
    ,(#3685,#3686)
    ,(#3687,#3688
    )),.UNSPECIFIED.,.F.,.F.,.F.,(4,1,1,1,1,1,1,1,1,1,1,1,1,1,1,1,4),(2,
    2),(0.,7.377411937406E-02,0.144079114726,0.211348518309,
    0.27607688574,0.33852091582,0.399885116693,0.460254067465,
    0.520588964391,0.580207684563,0.638632908553,0.696364549491,
    0.75400177466,0.812805681374,0.872754425526,0.935181996978,1.),(0.,
    1.),.UNSPECIFIED.);
#3651 = CARTESIAN_POINT('',(0.240513543437,-0.286585913821,3.10001E-02)
  );
#3652 = CARTESIAN_POINT('',(0.240513543437,-0.286585913821,3.00001E-02)
  );
#3653 = CARTESIAN_POINT('',(0.240457979467,-0.28951015496,3.10001E-02));
#3654 = CARTESIAN_POINT('',(0.240457979467,-0.28951015496,3.00001E-02));
#3655 = CARTESIAN_POINT('',(0.240349464345,-0.295221128919,3.10001E-02)
  );
#3656 = CARTESIAN_POINT('',(0.240349464345,-0.295221128919,3.00001E-02)
  );
#3657 = CARTESIAN_POINT('',(0.23941714702,-0.303556664503,3.10001E-02));
#3658 = CARTESIAN_POINT('',(0.23941714702,-0.303556664503,3.00001E-02));
#3659 = CARTESIAN_POINT('',(0.237906898171,-0.311438008872,3.10001E-02)
  );
#3660 = CARTESIAN_POINT('',(0.237906898171,-0.311438008872,3.00001E-02)
  );
#3661 = CARTESIAN_POINT('',(0.235784429832,-0.318858215108,3.10001E-02)
  );
#3662 = CARTESIAN_POINT('',(0.235784429832,-0.318858215108,3.00001E-02)
  );
#3663 = CARTESIAN_POINT('',(0.233016808794,-0.325810416323,3.10001E-02)
  );
#3664 = CARTESIAN_POINT('',(0.233016808794,-0.325810416323,3.00001E-02)
  );
#3665 = CARTESIAN_POINT('',(0.229673619577,-0.332313084494,3.10001E-02)
  );
#3666 = CARTESIAN_POINT('',(0.229673619577,-0.332313084494,3.00001E-02)
  );
#3667 = CARTESIAN_POINT('',(0.225676416026,-0.338336854821,3.10001E-02)
  );
#3668 = CARTESIAN_POINT('',(0.225676416026,-0.338336854821,3.00001E-02)
  );
#3669 = CARTESIAN_POINT('',(0.221113436067,-0.34385352667,3.10001E-02));
#3670 = CARTESIAN_POINT('',(0.221113436067,-0.34385352667,3.00001E-02));
#3671 = CARTESIAN_POINT('',(0.216047326396,-0.348800657092,3.10001E-02)
  );
#3672 = CARTESIAN_POINT('',(0.216047326396,-0.348800657092,3.00001E-02)
  );
#3673 = CARTESIAN_POINT('',(0.210584174808,-0.353145349157,3.10001E-02)
  );
#3674 = CARTESIAN_POINT('',(0.210584174808,-0.353145349157,3.00001E-02)
  );
#3675 = CARTESIAN_POINT('',(0.204712078781,-0.356771814523,3.10001E-02)
  );
#3676 = CARTESIAN_POINT('',(0.204712078781,-0.356771814523,3.00001E-02)
  );
#3677 = CARTESIAN_POINT('',(0.198485794645,-0.359778994699,3.10001E-02)
  );
#3678 = CARTESIAN_POINT('',(0.198485794645,-0.359778994699,3.00001E-02)
  );
#3679 = CARTESIAN_POINT('',(0.191877190835,-0.362103959738,3.10001E-02)
  );
#3680 = CARTESIAN_POINT('',(0.191877190835,-0.362103959738,3.00001E-02)
  );
#3681 = CARTESIAN_POINT('',(0.184873896773,-0.363733841767,3.10001E-02)
  );
#3682 = CARTESIAN_POINT('',(0.184873896773,-0.363733841767,3.00001E-02)
  );
#3683 = CARTESIAN_POINT('',(0.177509415555,-0.364743355629,3.10001E-02)
  );
#3684 = CARTESIAN_POINT('',(0.177509415555,-0.364743355629,3.00001E-02)
  );
#3685 = CARTESIAN_POINT('',(0.172465500391,-0.364873352741,3.10001E-02)
  );
#3686 = CARTESIAN_POINT('',(0.172465500391,-0.364873352741,3.00001E-02)
  );
#3687 = CARTESIAN_POINT('',(0.169896165389,-0.364939572357,3.10001E-02)
  );
#3688 = CARTESIAN_POINT('',(0.169896165389,-0.364939572357,3.00001E-02)
  );
#3689 = ADVANCED_FACE('',(#3690),#3709,.T.);
#3690 = FACE_BOUND('',#3691,.T.);
#3691 = EDGE_LOOP('',(#3692,#3693,#3694,#3708));
#3692 = ORIENTED_EDGE('',*,*,#438,.F.);
#3693 = ORIENTED_EDGE('',*,*,#3646,.F.);
#3694 = ORIENTED_EDGE('',*,*,#3695,.T.);
#3695 = EDGE_CURVE('',#3623,#3206,#3696,.T.);
#3696 = B_SPLINE_CURVE_WITH_KNOTS('',3,(#3697,#3698,#3699,#3700,#3701,
    #3702,#3703,#3704,#3705,#3706,#3707),.UNSPECIFIED.,.F.,.F.,(4,1,1,1,
    1,1,1,1,4),(0.,0.135294604763,0.266765657925,0.394816018836,
    0.520051654434,0.642175702971,0.762651820558,0.881834004381,1.),
  .UNSPECIFIED.);
#3697 = CARTESIAN_POINT('',(0.169896165389,-0.364939572357,3.10001E-02)
  );
#3698 = CARTESIAN_POINT('',(0.167481081276,-0.364907864248,3.10001E-02)
  );
#3699 = CARTESIAN_POINT('',(0.162719165577,-0.36484534413,3.10001E-02));
#3700 = CARTESIAN_POINT('',(0.155696789209,-0.36420374914,3.10001E-02));
#3701 = CARTESIAN_POINT('',(0.148894743452,-0.363238105277,3.10001E-02)
  );
#3702 = CARTESIAN_POINT('',(0.142342593281,-0.361816762332,3.10001E-02)
  );
#3703 = CARTESIAN_POINT('',(0.136017874486,-0.360037561762,3.10001E-02)
  );
#3704 = CARTESIAN_POINT('',(0.129956443889,-0.357802749541,3.10001E-02)
  );
#3705 = CARTESIAN_POINT('',(0.124093532198,-0.355250131864,3.10001E-02)
  );
#3706 = CARTESIAN_POINT('',(0.120400789951,-0.353170205144,3.10001E-02)
  );
#3707 = CARTESIAN_POINT('',(0.118562323925,-0.352134694309,3.10001E-02)
  );
#3708 = ORIENTED_EDGE('',*,*,#3205,.T.);
#3709 = B_SPLINE_SURFACE_WITH_KNOTS('',3,1,(
    (#3710,#3711)
    ,(#3712,#3713)
    ,(#3714,#3715)
    ,(#3716,#3717)
    ,(#3718,#3719)
    ,(#3720,#3721)
    ,(#3722,#3723)
    ,(#3724,#3725)
    ,(#3726,#3727)
    ,(#3728,#3729)
    ,(#3730,#3731
  )),.UNSPECIFIED.,.F.,.F.,.F.,(4,1,1,1,1,1,1,1,4),(2,2),(0.,
    0.135294604763,0.266765657925,0.394816018836,0.520051654434,
    0.642175702971,0.762651820558,0.881834004381,1.),(0.,1.),
  .UNSPECIFIED.);
#3710 = CARTESIAN_POINT('',(0.169896165389,-0.364939572357,3.10001E-02)
  );
#3711 = CARTESIAN_POINT('',(0.169896165389,-0.364939572357,3.00001E-02)
  );
#3712 = CARTESIAN_POINT('',(0.167481081276,-0.364907864248,3.10001E-02)
  );
#3713 = CARTESIAN_POINT('',(0.167481081276,-0.364907864248,3.00001E-02)
  );
#3714 = CARTESIAN_POINT('',(0.162719165577,-0.36484534413,3.10001E-02));
#3715 = CARTESIAN_POINT('',(0.162719165577,-0.36484534413,3.00001E-02));
#3716 = CARTESIAN_POINT('',(0.155696789209,-0.36420374914,3.10001E-02));
#3717 = CARTESIAN_POINT('',(0.155696789209,-0.36420374914,3.00001E-02));
#3718 = CARTESIAN_POINT('',(0.148894743452,-0.363238105277,3.10001E-02)
  );
#3719 = CARTESIAN_POINT('',(0.148894743452,-0.363238105277,3.00001E-02)
  );
#3720 = CARTESIAN_POINT('',(0.142342593281,-0.361816762332,3.10001E-02)
  );
#3721 = CARTESIAN_POINT('',(0.142342593281,-0.361816762332,3.00001E-02)
  );
#3722 = CARTESIAN_POINT('',(0.136017874486,-0.360037561762,3.10001E-02)
  );
#3723 = CARTESIAN_POINT('',(0.136017874486,-0.360037561762,3.00001E-02)
  );
#3724 = CARTESIAN_POINT('',(0.129956443889,-0.357802749541,3.10001E-02)
  );
#3725 = CARTESIAN_POINT('',(0.129956443889,-0.357802749541,3.00001E-02)
  );
#3726 = CARTESIAN_POINT('',(0.124093532198,-0.355250131864,3.10001E-02)
  );
#3727 = CARTESIAN_POINT('',(0.124093532198,-0.355250131864,3.00001E-02)
  );
#3728 = CARTESIAN_POINT('',(0.120400789951,-0.353170205144,3.10001E-02)
  );
#3729 = CARTESIAN_POINT('',(0.120400789951,-0.353170205144,3.00001E-02)
  );
#3730 = CARTESIAN_POINT('',(0.118562323925,-0.352134694309,3.10001E-02)
  );
#3731 = CARTESIAN_POINT('',(0.118562323925,-0.352134694309,3.00001E-02)
  );
#3732 = ADVANCED_FACE('',(#3733),#3745,.T.);
#3733 = FACE_BOUND('',#3734,.T.);
#3734 = EDGE_LOOP('',(#3735,#3736,#3737,#3738,#3739,#3740,#3741,#3742,
    #3743,#3744));
#3735 = ORIENTED_EDGE('',*,*,#3212,.F.);
#3736 = ORIENTED_EDGE('',*,*,#3695,.F.);
#3737 = ORIENTED_EDGE('',*,*,#3622,.F.);
#3738 = ORIENTED_EDGE('',*,*,#3549,.F.);
#3739 = ORIENTED_EDGE('',*,*,#3500,.F.);
#3740 = ORIENTED_EDGE('',*,*,#3478,.F.);
#3741 = ORIENTED_EDGE('',*,*,#3429,.F.);
#3742 = ORIENTED_EDGE('',*,*,#3356,.F.);
#3743 = ORIENTED_EDGE('',*,*,#3283,.F.);
#3744 = ORIENTED_EDGE('',*,*,#3234,.F.);
#3745 = B_SPLINE_SURFACE_WITH_KNOTS('',1,1,(
    (#3746,#3747)
    ,(#3748,#3749
    )),.UNSPECIFIED.,.F.,.F.,.F.,(2,2),(2,2),(-0.122142879087,
    2.663760871781E-02),(-2.774533289261E-03,0.202103515491),
  .PIECEWISE_BEZIER_KNOTS.);
#3746 = CARTESIAN_POINT('',(0.26734281173,-0.38689079187,3.10001E-02));
#3747 = CARTESIAN_POINT('',(0.26734281173,-0.182012743089,3.10001E-02));
#3748 = CARTESIAN_POINT('',(0.118562323925,-0.38689079187,3.10001E-02));
#3749 = CARTESIAN_POINT('',(0.118562323925,-0.182012743089,3.10001E-02)
  );
#3750 = ADVANCED_FACE('',(#3751),#3773,.T.);
#3751 = FACE_BOUND('',#3752,.T.);
#3752 = EDGE_LOOP('',(#3753,#3754,#3761,#3768));
#3753 = ORIENTED_EDGE('',*,*,#623,.F.);
#3754 = ORIENTED_EDGE('',*,*,#3755,.F.);
#3755 = EDGE_CURVE('',#3756,#617,#3758,.T.);
#3756 = VERTEX_POINT('',#3757);
#3757 = CARTESIAN_POINT('',(0.284415982462,-0.362500547967,3.10001E-02)
  );
#3758 = B_SPLINE_CURVE_WITH_KNOTS('',1,(#3759,#3760),.UNSPECIFIED.,.F.,
  .F.,(2,2),(-0.,1.E-03),.PIECEWISE_BEZIER_KNOTS.);
#3759 = CARTESIAN_POINT('',(0.284415982462,-0.362500547967,3.10001E-02)
  );
#3760 = CARTESIAN_POINT('',(0.284415982462,-0.362500547967,3.00001E-02)
  );
#3761 = ORIENTED_EDGE('',*,*,#3762,.T.);
#3762 = EDGE_CURVE('',#3756,#3763,#3765,.T.);
#3763 = VERTEX_POINT('',#3764);
#3764 = CARTESIAN_POINT('',(0.284415982462,-0.384451767479,3.10001E-02)
  );
#3765 = B_SPLINE_CURVE_WITH_KNOTS('',1,(#3766,#3767),.UNSPECIFIED.,.F.,
  .F.,(2,2),(0.,2.19512195122E-02),.PIECEWISE_BEZIER_KNOTS.);
#3766 = CARTESIAN_POINT('',(0.284415982462,-0.362500547967,3.10001E-02)
  );
#3767 = CARTESIAN_POINT('',(0.284415982462,-0.384451767479,3.10001E-02)
  );
#3768 = ORIENTED_EDGE('',*,*,#3769,.T.);
#3769 = EDGE_CURVE('',#3763,#624,#3770,.T.);
#3770 = B_SPLINE_CURVE_WITH_KNOTS('',1,(#3771,#3772),.UNSPECIFIED.,.F.,
  .F.,(2,2),(-0.,1.E-03),.PIECEWISE_BEZIER_KNOTS.);
#3771 = CARTESIAN_POINT('',(0.284415982462,-0.384451767479,3.10001E-02)
  );
#3772 = CARTESIAN_POINT('',(0.284415982462,-0.384451767479,3.00001E-02)
  );
#3773 = B_SPLINE_SURFACE_WITH_KNOTS('',1,1,(
    (#3774,#3775)
    ,(#3776,#3777
    )),.UNSPECIFIED.,.F.,.F.,.F.,(2,2),(2,2),(0.,1.E-03),(
    -2.19512195122E-02,0.),.PIECEWISE_BEZIER_KNOTS.);
#3774 = CARTESIAN_POINT('',(0.284415982462,-0.384451767479,3.10001E-02)
  );
#3775 = CARTESIAN_POINT('',(0.284415982462,-0.362500547967,3.10001E-02)
  );
#3776 = CARTESIAN_POINT('',(0.284415982462,-0.384451767479,3.00001E-02)
  );
#3777 = CARTESIAN_POINT('',(0.284415982462,-0.362500547967,3.00001E-02)
  );
#3778 = ADVANCED_FACE('',(#3779),#3795,.T.);
#3779 = FACE_BOUND('',#3780,.T.);
#3780 = EDGE_LOOP('',(#3781,#3782,#3783,#3790));
#3781 = ORIENTED_EDGE('',*,*,#630,.F.);
#3782 = ORIENTED_EDGE('',*,*,#3769,.F.);
#3783 = ORIENTED_EDGE('',*,*,#3784,.T.);
#3784 = EDGE_CURVE('',#3763,#3785,#3787,.T.);
#3785 = VERTEX_POINT('',#3786);
#3786 = CARTESIAN_POINT('',(0.386855006852,-0.384451767479,3.10001E-02)
  );
#3787 = B_SPLINE_CURVE_WITH_KNOTS('',1,(#3788,#3789),.UNSPECIFIED.,.F.,
  .F.,(2,2),(0.,0.10243902439),.PIECEWISE_BEZIER_KNOTS.);
#3788 = CARTESIAN_POINT('',(0.284415982462,-0.384451767479,3.10001E-02)
  );
#3789 = CARTESIAN_POINT('',(0.386855006852,-0.384451767479,3.10001E-02)
  );
#3790 = ORIENTED_EDGE('',*,*,#3791,.T.);
#3791 = EDGE_CURVE('',#3785,#631,#3792,.T.);
#3792 = B_SPLINE_CURVE_WITH_KNOTS('',1,(#3793,#3794),.UNSPECIFIED.,.F.,
  .F.,(2,2),(-0.,1.E-03),.PIECEWISE_BEZIER_KNOTS.);
#3793 = CARTESIAN_POINT('',(0.386855006852,-0.384451767479,3.10001E-02)
  );
#3794 = CARTESIAN_POINT('',(0.386855006852,-0.384451767479,3.00001E-02)
  );
#3795 = B_SPLINE_SURFACE_WITH_KNOTS('',1,1,(
    (#3796,#3797)
    ,(#3798,#3799
    )),.UNSPECIFIED.,.F.,.F.,.F.,(2,2),(2,2),(-1.E-03,0.),(0.,
    0.10243902439),.PIECEWISE_BEZIER_KNOTS.);
#3796 = CARTESIAN_POINT('',(0.284415982462,-0.384451767479,3.00001E-02)
  );
#3797 = CARTESIAN_POINT('',(0.386855006852,-0.384451767479,3.00001E-02)
  );
#3798 = CARTESIAN_POINT('',(0.284415982462,-0.384451767479,3.10001E-02)
  );
#3799 = CARTESIAN_POINT('',(0.386855006852,-0.384451767479,3.10001E-02)
  );
#3800 = ADVANCED_FACE('',(#3801),#3817,.T.);
#3801 = FACE_BOUND('',#3802,.T.);
#3802 = EDGE_LOOP('',(#3803,#3804,#3805,#3812));
#3803 = ORIENTED_EDGE('',*,*,#637,.F.);
#3804 = ORIENTED_EDGE('',*,*,#3791,.F.);
#3805 = ORIENTED_EDGE('',*,*,#3806,.T.);
#3806 = EDGE_CURVE('',#3785,#3807,#3809,.T.);
#3807 = VERTEX_POINT('',#3808);
#3808 = CARTESIAN_POINT('',(0.386855006852,-0.184451767479,3.10001E-02)
  );
#3809 = B_SPLINE_CURVE_WITH_KNOTS('',1,(#3810,#3811),.UNSPECIFIED.,.F.,
  .F.,(2,2),(0.,0.2),.PIECEWISE_BEZIER_KNOTS.);
#3810 = CARTESIAN_POINT('',(0.386855006852,-0.384451767479,3.10001E-02)
  );
#3811 = CARTESIAN_POINT('',(0.386855006852,-0.184451767479,3.10001E-02)
  );
#3812 = ORIENTED_EDGE('',*,*,#3813,.T.);
#3813 = EDGE_CURVE('',#3807,#638,#3814,.T.);
#3814 = B_SPLINE_CURVE_WITH_KNOTS('',1,(#3815,#3816),.UNSPECIFIED.,.F.,
  .F.,(2,2),(-0.,1.E-03),.PIECEWISE_BEZIER_KNOTS.);
#3815 = CARTESIAN_POINT('',(0.386855006852,-0.184451767479,3.10001E-02)
  );
#3816 = CARTESIAN_POINT('',(0.386855006852,-0.184451767479,3.00001E-02)
  );
#3817 = B_SPLINE_SURFACE_WITH_KNOTS('',1,1,(
    (#3818,#3819)
    ,(#3820,#3821
    )),.UNSPECIFIED.,.F.,.F.,.F.,(2,2),(2,2),(-1.E-03,0.),(0.,0.2),
  .PIECEWISE_BEZIER_KNOTS.);
#3818 = CARTESIAN_POINT('',(0.386855006852,-0.384451767479,3.00001E-02)
  );
#3819 = CARTESIAN_POINT('',(0.386855006852,-0.184451767479,3.00001E-02)
  );
#3820 = CARTESIAN_POINT('',(0.386855006852,-0.384451767479,3.10001E-02)
  );
#3821 = CARTESIAN_POINT('',(0.386855006852,-0.184451767479,3.10001E-02)
  );
#3822 = ADVANCED_FACE('',(#3823),#3839,.T.);
#3823 = FACE_BOUND('',#3824,.T.);
#3824 = EDGE_LOOP('',(#3825,#3826,#3827,#3834));
#3825 = ORIENTED_EDGE('',*,*,#644,.F.);
#3826 = ORIENTED_EDGE('',*,*,#3813,.F.);
#3827 = ORIENTED_EDGE('',*,*,#3828,.T.);
#3828 = EDGE_CURVE('',#3807,#3829,#3831,.T.);
#3829 = VERTEX_POINT('',#3830);
#3830 = CARTESIAN_POINT('',(0.360025738559,-0.184451767479,3.10001E-02)
  );
#3831 = B_SPLINE_CURVE_WITH_KNOTS('',1,(#3832,#3833),.UNSPECIFIED.,.F.,
  .F.,(2,2),(0.,2.682926829268E-02),.PIECEWISE_BEZIER_KNOTS.);
#3832 = CARTESIAN_POINT('',(0.386855006852,-0.184451767479,3.10001E-02)
  );
#3833 = CARTESIAN_POINT('',(0.360025738559,-0.184451767479,3.10001E-02)
  );
#3834 = ORIENTED_EDGE('',*,*,#3835,.T.);
#3835 = EDGE_CURVE('',#3829,#645,#3836,.T.);
#3836 = B_SPLINE_CURVE_WITH_KNOTS('',1,(#3837,#3838),.UNSPECIFIED.,.F.,
  .F.,(2,2),(-0.,1.E-03),.PIECEWISE_BEZIER_KNOTS.);
#3837 = CARTESIAN_POINT('',(0.360025738559,-0.184451767479,3.10001E-02)
  );
#3838 = CARTESIAN_POINT('',(0.360025738559,-0.184451767479,3.00001E-02)
  );
#3839 = B_SPLINE_SURFACE_WITH_KNOTS('',1,1,(
    (#3840,#3841)
    ,(#3842,#3843)),.UNSPECIFIED.,.F.,.F.,.F.,(2,2),(2,2),(0.,1.E-03),(
    -2.682926829268E-02,0.),.PIECEWISE_BEZIER_KNOTS.);
#3840 = CARTESIAN_POINT('',(0.360025738559,-0.184451767479,3.10001E-02)
  );
#3841 = CARTESIAN_POINT('',(0.386855006852,-0.184451767479,3.10001E-02)
  );
#3842 = CARTESIAN_POINT('',(0.360025738559,-0.184451767479,3.00001E-02)
  );
#3843 = CARTESIAN_POINT('',(0.386855006852,-0.184451767479,3.00001E-02)
  );
#3844 = ADVANCED_FACE('',(#3845),#3861,.T.);
#3845 = FACE_BOUND('',#3846,.T.);
#3846 = EDGE_LOOP('',(#3847,#3848,#3849,#3856));
#3847 = ORIENTED_EDGE('',*,*,#651,.F.);
#3848 = ORIENTED_EDGE('',*,*,#3835,.F.);
#3849 = ORIENTED_EDGE('',*,*,#3850,.T.);
#3850 = EDGE_CURVE('',#3829,#3851,#3853,.T.);
#3851 = VERTEX_POINT('',#3852);
#3852 = CARTESIAN_POINT('',(0.360025738559,-0.362500547967,3.10001E-02)
  );
#3853 = B_SPLINE_CURVE_WITH_KNOTS('',1,(#3854,#3855),.UNSPECIFIED.,.F.,
  .F.,(2,2),(0.,0.178048780488),.PIECEWISE_BEZIER_KNOTS.);
#3854 = CARTESIAN_POINT('',(0.360025738559,-0.184451767479,3.10001E-02)
  );
#3855 = CARTESIAN_POINT('',(0.360025738559,-0.362500547967,3.10001E-02)
  );
#3856 = ORIENTED_EDGE('',*,*,#3857,.T.);
#3857 = EDGE_CURVE('',#3851,#615,#3858,.T.);
#3858 = B_SPLINE_CURVE_WITH_KNOTS('',1,(#3859,#3860),.UNSPECIFIED.,.F.,
  .F.,(2,2),(-0.,1.E-03),.PIECEWISE_BEZIER_KNOTS.);
#3859 = CARTESIAN_POINT('',(0.360025738559,-0.362500547967,3.10001E-02)
  );
#3860 = CARTESIAN_POINT('',(0.360025738559,-0.362500547967,3.00001E-02)
  );
#3861 = B_SPLINE_SURFACE_WITH_KNOTS('',1,1,(
    (#3862,#3863)
    ,(#3864,#3865
    )),.UNSPECIFIED.,.F.,.F.,.F.,(2,2),(2,2),(0.,1.E-03),(
    -0.178048780488,0.),.PIECEWISE_BEZIER_KNOTS.);
#3862 = CARTESIAN_POINT('',(0.360025738559,-0.362500547967,3.10001E-02)
  );
#3863 = CARTESIAN_POINT('',(0.360025738559,-0.184451767479,3.10001E-02)
  );
#3864 = CARTESIAN_POINT('',(0.360025738559,-0.362500547967,3.00001E-02)
  );
#3865 = CARTESIAN_POINT('',(0.360025738559,-0.184451767479,3.00001E-02)
  );
#3866 = ADVANCED_FACE('',(#3867),#3877,.T.);
#3867 = FACE_BOUND('',#3868,.T.);
#3868 = EDGE_LOOP('',(#3869,#3870,#3871,#3876));
#3869 = ORIENTED_EDGE('',*,*,#614,.F.);
#3870 = ORIENTED_EDGE('',*,*,#3857,.F.);
#3871 = ORIENTED_EDGE('',*,*,#3872,.T.);
#3872 = EDGE_CURVE('',#3851,#3756,#3873,.T.);
#3873 = B_SPLINE_CURVE_WITH_KNOTS('',1,(#3874,#3875),.UNSPECIFIED.,.F.,
  .F.,(2,2),(0.,7.560975609756E-02),.PIECEWISE_BEZIER_KNOTS.);
#3874 = CARTESIAN_POINT('',(0.360025738559,-0.362500547967,3.10001E-02)
  );
#3875 = CARTESIAN_POINT('',(0.284415982462,-0.362500547967,3.10001E-02)
  );
#3876 = ORIENTED_EDGE('',*,*,#3755,.T.);
#3877 = B_SPLINE_SURFACE_WITH_KNOTS('',1,1,(
    (#3878,#3879)
    ,(#3880,#3881)),.UNSPECIFIED.,.F.,.F.,.F.,(2,2),(2,2),(0.,1.E-03),(
    -7.560975609756E-02,0.),.PIECEWISE_BEZIER_KNOTS.);
#3878 = CARTESIAN_POINT('',(0.284415982462,-0.362500547967,3.10001E-02)
  );
#3879 = CARTESIAN_POINT('',(0.360025738559,-0.362500547967,3.10001E-02)
  );
#3880 = CARTESIAN_POINT('',(0.284415982462,-0.362500547967,3.00001E-02)
  );
#3881 = CARTESIAN_POINT('',(0.360025738559,-0.362500547967,3.00001E-02)
  );
#3882 = ADVANCED_FACE('',(#3883),#3891,.F.);
#3883 = FACE_BOUND('',#3884,.T.);
#3884 = EDGE_LOOP('',(#3885,#3886,#3887,#3888,#3889,#3890));
#3885 = ORIENTED_EDGE('',*,*,#3762,.F.);
#3886 = ORIENTED_EDGE('',*,*,#3872,.F.);
#3887 = ORIENTED_EDGE('',*,*,#3850,.F.);
#3888 = ORIENTED_EDGE('',*,*,#3828,.F.);
#3889 = ORIENTED_EDGE('',*,*,#3806,.F.);
#3890 = ORIENTED_EDGE('',*,*,#3784,.F.);
#3891 = B_SPLINE_SURFACE_WITH_KNOTS('',1,1,(
    (#3892,#3893)
    ,(#3894,#3895
    )),.UNSPECIFIED.,.F.,.F.,.F.,(2,2),(2,2),(0.284415982462,
    0.386855006852),(-0.384451767479,-0.184451767479),
  .PIECEWISE_BEZIER_KNOTS.);
#3892 = CARTESIAN_POINT('',(0.284415982462,-0.384451767479,3.10001E-02)
  );
#3893 = CARTESIAN_POINT('',(0.284415982462,-0.184451767479,3.10001E-02)
  );
#3894 = CARTESIAN_POINT('',(0.386855006852,-0.384451767479,3.10001E-02)
  );
#3895 = CARTESIAN_POINT('',(0.386855006852,-0.184451767479,3.10001E-02)
  );
#3896 = ADVANCED_FACE('',(#3897),#3905,.T.);
#3897 = FACE_BOUND('',#3898,.T.);
#3898 = EDGE_LOOP('',(#3899,#3900,#3901,#3902,#3903,#3904));
#3899 = ORIENTED_EDGE('',*,*,#2278,.T.);
#3900 = ORIENTED_EDGE('',*,*,#2250,.T.);
#3901 = ORIENTED_EDGE('',*,*,#2396,.T.);
#3902 = ORIENTED_EDGE('',*,*,#2359,.T.);
#3903 = ORIENTED_EDGE('',*,*,#2337,.T.);
#3904 = ORIENTED_EDGE('',*,*,#2300,.T.);
#3905 = B_SPLINE_SURFACE_WITH_KNOTS('',1,1,(
    (#3906,#3907)
    ,(#3908,#3909
    )),.UNSPECIFIED.,.F.,.F.,.F.,(2,2),(2,2),(0.847519993148,
    0.914402615099),(-1.056402986992,-0.958842011382),
  .PIECEWISE_BEZIER_KNOTS.);
#3906 = CARTESIAN_POINT('',(-0.297519993148,-0.306402986992,3.00001E-02)
  );
#3907 = CARTESIAN_POINT('',(-0.297519993148,-0.208842011382,3.00001E-02)
  );
#3908 = CARTESIAN_POINT('',(-0.364402615099,-0.306402986992,3.00001E-02)
  );
#3909 = CARTESIAN_POINT('',(-0.364402615099,-0.208842011382,3.00001E-02)
  );
#3910 = ADVANCED_FACE('',(#3911),#3918,.T.);
#3911 = FACE_BOUND('',#3912,.T.);
#3912 = EDGE_LOOP('',(#3913,#3914,#3915,#3916,#3917));
#3913 = ORIENTED_EDGE('',*,*,#2736,.T.);
#3914 = ORIENTED_EDGE('',*,*,#2708,.T.);
#3915 = ORIENTED_EDGE('',*,*,#2904,.T.);
#3916 = ORIENTED_EDGE('',*,*,#2882,.T.);
#3917 = ORIENTED_EDGE('',*,*,#2809,.T.);
#3918 = B_SPLINE_SURFACE_WITH_KNOTS('',1,1,(
    (#3919,#3920)
    ,(#3921,#3922
    )),.UNSPECIFIED.,.F.,.F.,.F.,(2,2),(2,2),(0.643632798026,
    0.750949871197),(-1.112500547967,-0.956402986992),
  .PIECEWISE_BEZIER_KNOTS.);
#3919 = CARTESIAN_POINT('',(-9.363279802594E-02,-0.362500547967,
    3.00001E-02));
#3920 = CARTESIAN_POINT('',(-9.363279802594E-02,-0.206402986992,
    3.00001E-02));
#3921 = CARTESIAN_POINT('',(-0.200949871197,-0.362500547967,3.00001E-02)
  );
#3922 = CARTESIAN_POINT('',(-0.200949871197,-0.206402986992,3.00001E-02)
  );
#3923 = MANIFOLD_SOLID_BREP('',#3924);
#3924 = CLOSED_SHELL('',(#3925,#3961,#3989,#4017,#4045,#4073,#4093,#4107
    ));
#3925 = ADVANCED_FACE('',(#3926),#3956,.F.);
#3926 = FACE_BOUND('',#3927,.T.);
#3927 = EDGE_LOOP('',(#3928,#3937,#3944,#3951));
#3928 = ORIENTED_EDGE('',*,*,#3929,.T.);
#3929 = EDGE_CURVE('',#3930,#3932,#3934,.T.);
#3930 = VERTEX_POINT('',#3931);
#3931 = CARTESIAN_POINT('',(0.240620420303,-0.532305664302,0.6300001));
#3932 = VERTEX_POINT('',#3933);
#3933 = CARTESIAN_POINT('',(0.240620420303,-0.528595808056,0.6300001));
#3934 = B_SPLINE_CURVE_WITH_KNOTS('',1,(#3935,#3936),.UNSPECIFIED.,.F.,
  .F.,(2,2),(-3.709856245405E-03,0.),.PIECEWISE_BEZIER_KNOTS.);
#3935 = CARTESIAN_POINT('',(0.240620420303,-0.532305664302,0.6300001));
#3936 = CARTESIAN_POINT('',(0.240620420303,-0.528595808056,0.6300001));
#3937 = ORIENTED_EDGE('',*,*,#3938,.F.);
#3938 = EDGE_CURVE('',#3939,#3932,#3941,.T.);
#3939 = VERTEX_POINT('',#3940);
#3940 = CARTESIAN_POINT('',(0.240620420303,-0.528595808056,0.6310001));
#3941 = B_SPLINE_CURVE_WITH_KNOTS('',1,(#3942,#3943),.UNSPECIFIED.,.F.,
  .F.,(2,2),(-0.,1.E-03),.PIECEWISE_BEZIER_KNOTS.);
#3942 = CARTESIAN_POINT('',(0.240620420303,-0.528595808056,0.6310001));
#3943 = CARTESIAN_POINT('',(0.240620420303,-0.528595808056,0.6300001));
#3944 = ORIENTED_EDGE('',*,*,#3945,.F.);
#3945 = EDGE_CURVE('',#3946,#3939,#3948,.T.);
#3946 = VERTEX_POINT('',#3947);
#3947 = CARTESIAN_POINT('',(0.240620420303,-0.532305664302,0.6310001));
#3948 = B_SPLINE_CURVE_WITH_KNOTS('',1,(#3949,#3950),.UNSPECIFIED.,.F.,
  .F.,(2,2),(-3.709856245405E-03,0.),.PIECEWISE_BEZIER_KNOTS.);
#3949 = CARTESIAN_POINT('',(0.240620420303,-0.532305664302,0.6310001));
#3950 = CARTESIAN_POINT('',(0.240620420303,-0.528595808056,0.6310001));
#3951 = ORIENTED_EDGE('',*,*,#3952,.T.);
#3952 = EDGE_CURVE('',#3946,#3930,#3953,.T.);
#3953 = B_SPLINE_CURVE_WITH_KNOTS('',1,(#3954,#3955),.UNSPECIFIED.,.F.,
  .F.,(2,2),(-0.,1.E-03),.PIECEWISE_BEZIER_KNOTS.);
#3954 = CARTESIAN_POINT('',(0.240620420303,-0.532305664302,0.6310001));
#3955 = CARTESIAN_POINT('',(0.240620420303,-0.532305664302,0.6300001));
#3956 = B_SPLINE_SURFACE_WITH_KNOTS('',1,1,(
    (#3957,#3958)
    ,(#3959,#3960)),.UNSPECIFIED.,.F.,.F.,.F.,(2,2),(2,2),(-1.E-03,0.),(
    -3.709856245405E-03,0.),.PIECEWISE_BEZIER_KNOTS.);
#3957 = CARTESIAN_POINT('',(0.240620420303,-0.532305664302,0.6300001));
#3958 = CARTESIAN_POINT('',(0.240620420303,-0.528595808056,0.6300001));
#3959 = CARTESIAN_POINT('',(0.240620420303,-0.532305664302,0.6310001));
#3960 = CARTESIAN_POINT('',(0.240620420303,-0.528595808056,0.6310001));
#3961 = ADVANCED_FACE('',(#3962),#3984,.F.);
#3962 = FACE_BOUND('',#3963,.T.);
#3963 = EDGE_LOOP('',(#3964,#3971,#3978,#3983));
#3964 = ORIENTED_EDGE('',*,*,#3965,.T.);
#3965 = EDGE_CURVE('',#3932,#3966,#3968,.T.);
#3966 = VERTEX_POINT('',#3967);
#3967 = CARTESIAN_POINT('',(0.227660877634,-0.528595808056,0.6300001));
#3968 = B_SPLINE_CURVE_WITH_KNOTS('',1,(#3969,#3970),.UNSPECIFIED.,.F.,
  .F.,(2,2),(-1.295954266907E-02,-0.),.PIECEWISE_BEZIER_KNOTS.);
#3969 = CARTESIAN_POINT('',(0.240620420303,-0.528595808056,0.6300001));
#3970 = CARTESIAN_POINT('',(0.227660877634,-0.528595808056,0.6300001));
#3971 = ORIENTED_EDGE('',*,*,#3972,.F.);
#3972 = EDGE_CURVE('',#3973,#3966,#3975,.T.);
#3973 = VERTEX_POINT('',#3974);
#3974 = CARTESIAN_POINT('',(0.227660877634,-0.528595808056,0.6310001));
#3975 = B_SPLINE_CURVE_WITH_KNOTS('',1,(#3976,#3977),.UNSPECIFIED.,.F.,
  .F.,(2,2),(-0.,1.E-03),.PIECEWISE_BEZIER_KNOTS.);
#3976 = CARTESIAN_POINT('',(0.227660877634,-0.528595808056,0.6310001));
#3977 = CARTESIAN_POINT('',(0.227660877634,-0.528595808056,0.6300001));
#3978 = ORIENTED_EDGE('',*,*,#3979,.F.);
#3979 = EDGE_CURVE('',#3939,#3973,#3980,.T.);
#3980 = B_SPLINE_CURVE_WITH_KNOTS('',1,(#3981,#3982),.UNSPECIFIED.,.F.,
  .F.,(2,2),(-1.295954266907E-02,-0.),.PIECEWISE_BEZIER_KNOTS.);
#3981 = CARTESIAN_POINT('',(0.240620420303,-0.528595808056,0.6310001));
#3982 = CARTESIAN_POINT('',(0.227660877634,-0.528595808056,0.6310001));
#3983 = ORIENTED_EDGE('',*,*,#3938,.T.);
#3984 = B_SPLINE_SURFACE_WITH_KNOTS('',1,1,(
    (#3985,#3986)
    ,(#3987,#3988
    )),.UNSPECIFIED.,.F.,.F.,.F.,(2,2),(2,2),(0.,1.E-03),(0.,
    1.295954266907E-02),.PIECEWISE_BEZIER_KNOTS.);
#3985 = CARTESIAN_POINT('',(0.227660877634,-0.528595808056,0.6310001));
#3986 = CARTESIAN_POINT('',(0.240620420303,-0.528595808056,0.6310001));
#3987 = CARTESIAN_POINT('',(0.227660877634,-0.528595808056,0.6300001));
#3988 = CARTESIAN_POINT('',(0.240620420303,-0.528595808056,0.6300001));
#3989 = ADVANCED_FACE('',(#3990),#4012,.F.);
#3990 = FACE_BOUND('',#3991,.T.);
#3991 = EDGE_LOOP('',(#3992,#3999,#4006,#4011));
#3992 = ORIENTED_EDGE('',*,*,#3993,.T.);
#3993 = EDGE_CURVE('',#3966,#3994,#3996,.T.);
#3994 = VERTEX_POINT('',#3995);
#3995 = CARTESIAN_POINT('',(0.227660877634,-0.499765400553,0.6300001));
#3996 = B_SPLINE_CURVE_WITH_KNOTS('',1,(#3997,#3998),.UNSPECIFIED.,.F.,
  .F.,(2,2),(-2.883040750361E-02,0.),.PIECEWISE_BEZIER_KNOTS.);
#3997 = CARTESIAN_POINT('',(0.227660877634,-0.528595808056,0.6300001));
#3998 = CARTESIAN_POINT('',(0.227660877634,-0.499765400553,0.6300001));
#3999 = ORIENTED_EDGE('',*,*,#4000,.F.);
#4000 = EDGE_CURVE('',#4001,#3994,#4003,.T.);
#4001 = VERTEX_POINT('',#4002);
#4002 = CARTESIAN_POINT('',(0.227660877634,-0.499765400553,0.6310001));
#4003 = B_SPLINE_CURVE_WITH_KNOTS('',1,(#4004,#4005),.UNSPECIFIED.,.F.,
  .F.,(2,2),(-0.,1.E-03),.PIECEWISE_BEZIER_KNOTS.);
#4004 = CARTESIAN_POINT('',(0.227660877634,-0.499765400553,0.6310001));
#4005 = CARTESIAN_POINT('',(0.227660877634,-0.499765400553,0.6300001));
#4006 = ORIENTED_EDGE('',*,*,#4007,.F.);
#4007 = EDGE_CURVE('',#3973,#4001,#4008,.T.);
#4008 = B_SPLINE_CURVE_WITH_KNOTS('',1,(#4009,#4010),.UNSPECIFIED.,.F.,
  .F.,(2,2),(-2.883040750361E-02,0.),.PIECEWISE_BEZIER_KNOTS.);
#4009 = CARTESIAN_POINT('',(0.227660877634,-0.528595808056,0.6310001));
#4010 = CARTESIAN_POINT('',(0.227660877634,-0.499765400553,0.6310001));
#4011 = ORIENTED_EDGE('',*,*,#3972,.T.);
#4012 = B_SPLINE_SURFACE_WITH_KNOTS('',1,1,(
    (#4013,#4014)
    ,(#4015,#4016)),.UNSPECIFIED.,.F.,.F.,.F.,(2,2),(2,2),(-1.E-03,0.),(
    -2.883040750361E-02,0.),.PIECEWISE_BEZIER_KNOTS.);
#4013 = CARTESIAN_POINT('',(0.227660877634,-0.528595808056,0.6300001));
#4014 = CARTESIAN_POINT('',(0.227660877634,-0.499765400553,0.6300001));
#4015 = CARTESIAN_POINT('',(0.227660877634,-0.528595808056,0.6310001));
#4016 = CARTESIAN_POINT('',(0.227660877634,-0.499765400553,0.6310001));
#4017 = ADVANCED_FACE('',(#4018),#4040,.F.);
#4018 = FACE_BOUND('',#4019,.T.);
#4019 = EDGE_LOOP('',(#4020,#4027,#4034,#4039));
#4020 = ORIENTED_EDGE('',*,*,#4021,.T.);
#4021 = EDGE_CURVE('',#3994,#4022,#4024,.T.);
#4022 = VERTEX_POINT('',#4023);
#4023 = CARTESIAN_POINT('',(0.223460255652,-0.499765400553,0.6300001));
#4024 = B_SPLINE_CURVE_WITH_KNOTS('',1,(#4025,#4026),.UNSPECIFIED.,.F.,
  .F.,(2,2),(-4.200621981903E-03,-0.),.PIECEWISE_BEZIER_KNOTS.);
#4025 = CARTESIAN_POINT('',(0.227660877634,-0.499765400553,0.6300001));
#4026 = CARTESIAN_POINT('',(0.223460255652,-0.499765400553,0.6300001));
#4027 = ORIENTED_EDGE('',*,*,#4028,.F.);
#4028 = EDGE_CURVE('',#4029,#4022,#4031,.T.);
#4029 = VERTEX_POINT('',#4030);
#4030 = CARTESIAN_POINT('',(0.223460255652,-0.499765400553,0.6310001));
#4031 = B_SPLINE_CURVE_WITH_KNOTS('',1,(#4032,#4033),.UNSPECIFIED.,.F.,
  .F.,(2,2),(-0.,1.E-03),.PIECEWISE_BEZIER_KNOTS.);
#4032 = CARTESIAN_POINT('',(0.223460255652,-0.499765400553,0.6310001));
#4033 = CARTESIAN_POINT('',(0.223460255652,-0.499765400553,0.6300001));
#4034 = ORIENTED_EDGE('',*,*,#4035,.F.);
#4035 = EDGE_CURVE('',#4001,#4029,#4036,.T.);
#4036 = B_SPLINE_CURVE_WITH_KNOTS('',1,(#4037,#4038),.UNSPECIFIED.,.F.,
  .F.,(2,2),(-4.200621981903E-03,-0.),.PIECEWISE_BEZIER_KNOTS.);
#4037 = CARTESIAN_POINT('',(0.227660877634,-0.499765400553,0.6310001));
#4038 = CARTESIAN_POINT('',(0.223460255652,-0.499765400553,0.6310001));
#4039 = ORIENTED_EDGE('',*,*,#4000,.T.);
#4040 = B_SPLINE_SURFACE_WITH_KNOTS('',1,1,(
    (#4041,#4042)
    ,(#4043,#4044
    )),.UNSPECIFIED.,.F.,.F.,.F.,(2,2),(2,2),(0.,1.E-03),(0.,
    4.200621981903E-03),.PIECEWISE_BEZIER_KNOTS.);
#4041 = CARTESIAN_POINT('',(0.223460255652,-0.499765400553,0.6310001));
#4042 = CARTESIAN_POINT('',(0.227660877634,-0.499765400553,0.6310001));
#4043 = CARTESIAN_POINT('',(0.223460255652,-0.499765400553,0.6300001));
#4044 = CARTESIAN_POINT('',(0.227660877634,-0.499765400553,0.6300001));
#4045 = ADVANCED_FACE('',(#4046),#4068,.F.);
#4046 = FACE_BOUND('',#4047,.T.);
#4047 = EDGE_LOOP('',(#4048,#4055,#4062,#4067));
#4048 = ORIENTED_EDGE('',*,*,#4049,.T.);
#4049 = EDGE_CURVE('',#4022,#4050,#4052,.T.);
#4050 = VERTEX_POINT('',#4051);
#4051 = CARTESIAN_POINT('',(0.223460255652,-0.532305664302,0.6300001));
#4052 = B_SPLINE_CURVE_WITH_KNOTS('',1,(#4053,#4054),.UNSPECIFIED.,.F.,
  .F.,(2,2),(-3.254026374901E-02,-0.),.PIECEWISE_BEZIER_KNOTS.);
#4053 = CARTESIAN_POINT('',(0.223460255652,-0.499765400553,0.6300001));
#4054 = CARTESIAN_POINT('',(0.223460255652,-0.532305664302,0.6300001));
#4055 = ORIENTED_EDGE('',*,*,#4056,.F.);
#4056 = EDGE_CURVE('',#4057,#4050,#4059,.T.);
#4057 = VERTEX_POINT('',#4058);
#4058 = CARTESIAN_POINT('',(0.223460255652,-0.532305664302,0.6310001));
#4059 = B_SPLINE_CURVE_WITH_KNOTS('',1,(#4060,#4061),.UNSPECIFIED.,.F.,
  .F.,(2,2),(-0.,1.E-03),.PIECEWISE_BEZIER_KNOTS.);
#4060 = CARTESIAN_POINT('',(0.223460255652,-0.532305664302,0.6310001));
#4061 = CARTESIAN_POINT('',(0.223460255652,-0.532305664302,0.6300001));
#4062 = ORIENTED_EDGE('',*,*,#4063,.F.);
#4063 = EDGE_CURVE('',#4029,#4057,#4064,.T.);
#4064 = B_SPLINE_CURVE_WITH_KNOTS('',1,(#4065,#4066),.UNSPECIFIED.,.F.,
  .F.,(2,2),(-3.254026374901E-02,-0.),.PIECEWISE_BEZIER_KNOTS.);
#4065 = CARTESIAN_POINT('',(0.223460255652,-0.499765400553,0.6310001));
#4066 = CARTESIAN_POINT('',(0.223460255652,-0.532305664302,0.6310001));
#4067 = ORIENTED_EDGE('',*,*,#4028,.T.);
#4068 = B_SPLINE_SURFACE_WITH_KNOTS('',1,1,(
    (#4069,#4070)
    ,(#4071,#4072
    )),.UNSPECIFIED.,.F.,.F.,.F.,(2,2),(2,2),(0.,1.E-03),(0.,
    3.254026374901E-02),.PIECEWISE_BEZIER_KNOTS.);
#4069 = CARTESIAN_POINT('',(0.223460255652,-0.532305664302,0.6310001));
#4070 = CARTESIAN_POINT('',(0.223460255652,-0.499765400553,0.6310001));
#4071 = CARTESIAN_POINT('',(0.223460255652,-0.532305664302,0.6300001));
#4072 = CARTESIAN_POINT('',(0.223460255652,-0.499765400553,0.6300001));
#4073 = ADVANCED_FACE('',(#4074),#4088,.F.);
#4074 = FACE_BOUND('',#4075,.T.);
#4075 = EDGE_LOOP('',(#4076,#4081,#4082,#4087));
#4076 = ORIENTED_EDGE('',*,*,#4077,.T.);
#4077 = EDGE_CURVE('',#4050,#3930,#4078,.T.);
#4078 = B_SPLINE_CURVE_WITH_KNOTS('',1,(#4079,#4080),.UNSPECIFIED.,.F.,
  .F.,(2,2),(-1.716016465097E-02,0.),.PIECEWISE_BEZIER_KNOTS.);
#4079 = CARTESIAN_POINT('',(0.223460255652,-0.532305664302,0.6300001));
#4080 = CARTESIAN_POINT('',(0.240620420303,-0.532305664302,0.6300001));
#4081 = ORIENTED_EDGE('',*,*,#3952,.F.);
#4082 = ORIENTED_EDGE('',*,*,#4083,.F.);
#4083 = EDGE_CURVE('',#4057,#3946,#4084,.T.);
#4084 = B_SPLINE_CURVE_WITH_KNOTS('',1,(#4085,#4086),.UNSPECIFIED.,.F.,
  .F.,(2,2),(-1.716016465097E-02,0.),.PIECEWISE_BEZIER_KNOTS.);
#4085 = CARTESIAN_POINT('',(0.223460255652,-0.532305664302,0.6310001));
#4086 = CARTESIAN_POINT('',(0.240620420303,-0.532305664302,0.6310001));
#4087 = ORIENTED_EDGE('',*,*,#4056,.T.);
#4088 = B_SPLINE_SURFACE_WITH_KNOTS('',1,1,(
    (#4089,#4090)
    ,(#4091,#4092)),.UNSPECIFIED.,.F.,.F.,.F.,(2,2),(2,2),(-1.E-03,0.),(
    -1.716016465097E-02,0.),.PIECEWISE_BEZIER_KNOTS.);
#4089 = CARTESIAN_POINT('',(0.223460255652,-0.532305664302,0.6300001));
#4090 = CARTESIAN_POINT('',(0.240620420303,-0.532305664302,0.6300001));
#4091 = CARTESIAN_POINT('',(0.223460255652,-0.532305664302,0.6310001));
#4092 = CARTESIAN_POINT('',(0.240620420303,-0.532305664302,0.6310001));
#4093 = ADVANCED_FACE('',(#4094),#4102,.F.);
#4094 = FACE_BOUND('',#4095,.T.);
#4095 = EDGE_LOOP('',(#4096,#4097,#4098,#4099,#4100,#4101));
#4096 = ORIENTED_EDGE('',*,*,#3945,.T.);
#4097 = ORIENTED_EDGE('',*,*,#3979,.T.);
#4098 = ORIENTED_EDGE('',*,*,#4007,.T.);
#4099 = ORIENTED_EDGE('',*,*,#4035,.T.);
#4100 = ORIENTED_EDGE('',*,*,#4063,.T.);
#4101 = ORIENTED_EDGE('',*,*,#4083,.T.);
#4102 = B_SPLINE_SURFACE_WITH_KNOTS('',1,1,(
    (#4103,#4104)
    ,(#4105,#4106
    )),.UNSPECIFIED.,.F.,.F.,.F.,(2,2),(2,2),(-0.240620420303,
    -0.223460255652),(-0.532305664302,-0.499765400553),
  .PIECEWISE_BEZIER_KNOTS.);
#4103 = CARTESIAN_POINT('',(0.240620420303,-0.532305664302,0.6310001));
#4104 = CARTESIAN_POINT('',(0.240620420303,-0.499765400553,0.6310001));
#4105 = CARTESIAN_POINT('',(0.223460255652,-0.532305664302,0.6310001));
#4106 = CARTESIAN_POINT('',(0.223460255652,-0.499765400553,0.6310001));
#4107 = ADVANCED_FACE('',(#4108),#4116,.T.);
#4108 = FACE_BOUND('',#4109,.T.);
#4109 = EDGE_LOOP('',(#4110,#4111,#4112,#4113,#4114,#4115));
#4110 = ORIENTED_EDGE('',*,*,#3929,.F.);
#4111 = ORIENTED_EDGE('',*,*,#4077,.F.);
#4112 = ORIENTED_EDGE('',*,*,#4049,.F.);
#4113 = ORIENTED_EDGE('',*,*,#4021,.F.);
#4114 = ORIENTED_EDGE('',*,*,#3993,.F.);
#4115 = ORIENTED_EDGE('',*,*,#3965,.F.);
#4116 = B_SPLINE_SURFACE_WITH_KNOTS('',1,1,(
    (#4117,#4118)
    ,(#4119,#4120
    )),.UNSPECIFIED.,.F.,.F.,.F.,(2,2),(2,2),(-0.240620420303,
    -0.223460255652),(-0.532305664302,-0.499765400553),
  .PIECEWISE_BEZIER_KNOTS.);
#4117 = CARTESIAN_POINT('',(0.240620420303,-0.532305664302,0.6300001));
#4118 = CARTESIAN_POINT('',(0.240620420303,-0.499765400553,0.6300001));
#4119 = CARTESIAN_POINT('',(0.223460255652,-0.532305664302,0.6300001));
#4120 = CARTESIAN_POINT('',(0.223460255652,-0.499765400553,0.6300001));
#4121 = MANIFOLD_SOLID_BREP('',#4122);
#4122 = CLOSED_SHELL('',(#4123,#4167,#4195,#4231,#4267,#4303,#4339,#4375
    ,#4411,#4439,#4475,#4511,#4547,#4583,#4611,#4633));
#4123 = ADVANCED_FACE('',(#4124),#4158,.F.);
#4124 = FACE_BOUND('',#4125,.F.);
#4125 = EDGE_LOOP('',(#4126,#4135,#4144,#4151));
#4126 = ORIENTED_EDGE('',*,*,#4127,.F.);
#4127 = EDGE_CURVE('',#4128,#4130,#4132,.T.);
#4128 = VERTEX_POINT('',#4129);
#4129 = CARTESIAN_POINT('',(0.257306455344,-0.532854656482,0.6310001));
#4130 = VERTEX_POINT('',#4131);
#4131 = CARTESIAN_POINT('',(0.257306455344,-0.532854656482,0.6300001));
#4132 = B_SPLINE_CURVE_WITH_KNOTS('',1,(#4133,#4134),.UNSPECIFIED.,.F.,
  .F.,(2,2),(-0.,1.E-03),.PIECEWISE_BEZIER_KNOTS.);
#4133 = CARTESIAN_POINT('',(0.257306455344,-0.532854656482,0.6310001));
#4134 = CARTESIAN_POINT('',(0.257306455344,-0.532854656482,0.6300001));
#4135 = ORIENTED_EDGE('',*,*,#4136,.T.);
#4136 = EDGE_CURVE('',#4128,#4137,#4139,.T.);
#4137 = VERTEX_POINT('',#4138);
#4138 = CARTESIAN_POINT('',(0.266314917931,-0.530958138042,0.6310001));
#4139 = B_SPLINE_CURVE_WITH_KNOTS('',3,(#4140,#4141,#4142,#4143),
  .UNSPECIFIED.,.F.,.F.,(4,4),(0.,1.),.PIECEWISE_BEZIER_KNOTS.);
#4140 = CARTESIAN_POINT('',(0.257306455344,-0.532854656482,0.6310001));
#4141 = CARTESIAN_POINT('',(0.260916494829,-0.532854656482,0.6310001));
#4142 = CARTESIAN_POINT('',(0.263919315692,-0.532222483669,0.6310001));
#4143 = CARTESIAN_POINT('',(0.266314917931,-0.530958138042,0.6310001));
#4144 = ORIENTED_EDGE('',*,*,#4145,.T.);
#4145 = EDGE_CURVE('',#4137,#4146,#4148,.T.);
#4146 = VERTEX_POINT('',#4147);
#4147 = CARTESIAN_POINT('',(0.266314917931,-0.530958138042,0.6300001));
#4148 = B_SPLINE_CURVE_WITH_KNOTS('',1,(#4149,#4150),.UNSPECIFIED.,.F.,
  .F.,(2,2),(-0.,1.E-03),.PIECEWISE_BEZIER_KNOTS.);
#4149 = CARTESIAN_POINT('',(0.266314917931,-0.530958138042,0.6310001));
#4150 = CARTESIAN_POINT('',(0.266314917931,-0.530958138042,0.6300001));
#4151 = ORIENTED_EDGE('',*,*,#4152,.F.);
#4152 = EDGE_CURVE('',#4130,#4146,#4153,.T.);
#4153 = B_SPLINE_CURVE_WITH_KNOTS('',3,(#4154,#4155,#4156,#4157),
  .UNSPECIFIED.,.F.,.F.,(4,4),(0.,1.),.PIECEWISE_BEZIER_KNOTS.);
#4154 = CARTESIAN_POINT('',(0.257306455344,-0.532854656482,0.6300001));
#4155 = CARTESIAN_POINT('',(0.260916494829,-0.532854656482,0.6300001));
#4156 = CARTESIAN_POINT('',(0.263919315692,-0.532222483669,0.6300001));
#4157 = CARTESIAN_POINT('',(0.266314917931,-0.530958138042,0.6300001));
#4158 = B_SPLINE_SURFACE_WITH_KNOTS('',3,1,(
    (#4159,#4160)
    ,(#4161,#4162)
    ,(#4163,#4164)
    ,(#4165,#4166
    )),.UNSPECIFIED.,.F.,.F.,.F.,(4,4),(2,2),(0.,1.),(0.,1.),
  .PIECEWISE_BEZIER_KNOTS.);
#4159 = CARTESIAN_POINT('',(0.257306455344,-0.532854656482,0.6310001));
#4160 = CARTESIAN_POINT('',(0.257306455344,-0.532854656482,0.6300001));
#4161 = CARTESIAN_POINT('',(0.260916494829,-0.532854656482,0.6310001));
#4162 = CARTESIAN_POINT('',(0.260916494829,-0.532854656482,0.6300001));
#4163 = CARTESIAN_POINT('',(0.263919315692,-0.532222483669,0.6310001));
#4164 = CARTESIAN_POINT('',(0.263919315692,-0.532222483669,0.6300001));
#4165 = CARTESIAN_POINT('',(0.266314917931,-0.530958138042,0.6310001));
#4166 = CARTESIAN_POINT('',(0.266314917931,-0.530958138042,0.6300001));
#4167 = ADVANCED_FACE('',(#4168),#4190,.F.);
#4168 = FACE_BOUND('',#4169,.T.);
#4169 = EDGE_LOOP('',(#4170,#4177,#4184,#4189));
#4170 = ORIENTED_EDGE('',*,*,#4171,.T.);
#4171 = EDGE_CURVE('',#4146,#4172,#4174,.T.);
#4172 = VERTEX_POINT('',#4173);
#4173 = CARTESIAN_POINT('',(0.266314917931,-0.52693219539,0.6300001));
#4174 = B_SPLINE_CURVE_WITH_KNOTS('',1,(#4175,#4176),.UNSPECIFIED.,.F.,
  .F.,(2,2),(-4.025942652049E-03,0.),.PIECEWISE_BEZIER_KNOTS.);
#4175 = CARTESIAN_POINT('',(0.266314917931,-0.530958138042,0.6300001));
#4176 = CARTESIAN_POINT('',(0.266314917931,-0.52693219539,0.6300001));
#4177 = ORIENTED_EDGE('',*,*,#4178,.F.);
#4178 = EDGE_CURVE('',#4179,#4172,#4181,.T.);
#4179 = VERTEX_POINT('',#4180);
#4180 = CARTESIAN_POINT('',(0.266314917931,-0.52693219539,0.6310001));
#4181 = B_SPLINE_CURVE_WITH_KNOTS('',1,(#4182,#4183),.UNSPECIFIED.,.F.,
  .F.,(2,2),(-0.,1.E-03),.PIECEWISE_BEZIER_KNOTS.);
#4182 = CARTESIAN_POINT('',(0.266314917931,-0.52693219539,0.6310001));
#4183 = CARTESIAN_POINT('',(0.266314917931,-0.52693219539,0.6300001));
#4184 = ORIENTED_EDGE('',*,*,#4185,.F.);
#4185 = EDGE_CURVE('',#4137,#4179,#4186,.T.);
#4186 = B_SPLINE_CURVE_WITH_KNOTS('',1,(#4187,#4188),.UNSPECIFIED.,.F.,
  .F.,(2,2),(-4.025942652049E-03,0.),.PIECEWISE_BEZIER_KNOTS.);
#4187 = CARTESIAN_POINT('',(0.266314917931,-0.530958138042,0.6310001));
#4188 = CARTESIAN_POINT('',(0.266314917931,-0.52693219539,0.6310001));
#4189 = ORIENTED_EDGE('',*,*,#4145,.T.);
#4190 = B_SPLINE_SURFACE_WITH_KNOTS('',1,1,(
    (#4191,#4192)
    ,(#4193,#4194)),.UNSPECIFIED.,.F.,.F.,.F.,(2,2),(2,2),(-1.E-03,0.),(
    -4.025942652049E-03,0.),.PIECEWISE_BEZIER_KNOTS.);
#4191 = CARTESIAN_POINT('',(0.266314917931,-0.530958138042,0.6300001));
#4192 = CARTESIAN_POINT('',(0.266314917931,-0.52693219539,0.6300001));
#4193 = CARTESIAN_POINT('',(0.266314917931,-0.530958138042,0.6310001));
#4194 = CARTESIAN_POINT('',(0.266314917931,-0.52693219539,0.6310001));
#4195 = ADVANCED_FACE('',(#4196),#4222,.F.);
#4196 = FACE_BOUND('',#4197,.F.);
#4197 = EDGE_LOOP('',(#4198,#4199,#4208,#4215));
#4198 = ORIENTED_EDGE('',*,*,#4178,.F.);
#4199 = ORIENTED_EDGE('',*,*,#4200,.T.);
#4200 = EDGE_CURVE('',#4179,#4201,#4203,.T.);
#4201 = VERTEX_POINT('',#4202);
#4202 = CARTESIAN_POINT('',(0.257913673967,-0.529111527983,0.6310001));
#4203 = B_SPLINE_CURVE_WITH_KNOTS('',3,(#4204,#4205,#4206,#4207),
  .UNSPECIFIED.,.F.,.F.,(4,4),(12.,13.),.PIECEWISE_BEZIER_KNOTS.);
#4204 = CARTESIAN_POINT('',(0.266314917931,-0.52693219539,0.6310001));
#4205 = CARTESIAN_POINT('',(0.263935951818,-0.52837953841,0.6310001));
#4206 = CARTESIAN_POINT('',(0.261132764476,-0.529111527983,0.6310001));
#4207 = CARTESIAN_POINT('',(0.257913673967,-0.529111527983,0.6310001));
#4208 = ORIENTED_EDGE('',*,*,#4209,.T.);
#4209 = EDGE_CURVE('',#4201,#4210,#4212,.T.);
#4210 = VERTEX_POINT('',#4211);
#4211 = CARTESIAN_POINT('',(0.257913673967,-0.529111527983,0.6300001));
#4212 = B_SPLINE_CURVE_WITH_KNOTS('',1,(#4213,#4214),.UNSPECIFIED.,.F.,
  .F.,(2,2),(-0.,1.E-03),.PIECEWISE_BEZIER_KNOTS.);
#4213 = CARTESIAN_POINT('',(0.257913673967,-0.529111527983,0.6310001));
#4214 = CARTESIAN_POINT('',(0.257913673967,-0.529111527983,0.6300001));
#4215 = ORIENTED_EDGE('',*,*,#4216,.F.);
#4216 = EDGE_CURVE('',#4172,#4210,#4217,.T.);
#4217 = B_SPLINE_CURVE_WITH_KNOTS('',3,(#4218,#4219,#4220,#4221),
  .UNSPECIFIED.,.F.,.F.,(4,4),(12.,13.),.PIECEWISE_BEZIER_KNOTS.);
#4218 = CARTESIAN_POINT('',(0.266314917931,-0.52693219539,0.6300001));
#4219 = CARTESIAN_POINT('',(0.263935951818,-0.52837953841,0.6300001));
#4220 = CARTESIAN_POINT('',(0.261132764476,-0.529111527983,0.6300001));
#4221 = CARTESIAN_POINT('',(0.257913673967,-0.529111527983,0.6300001));
#4222 = B_SPLINE_SURFACE_WITH_KNOTS('',3,1,(
    (#4223,#4224)
    ,(#4225,#4226)
    ,(#4227,#4228)
    ,(#4229,#4230
    )),.UNSPECIFIED.,.F.,.F.,.F.,(4,4),(2,2),(12.,13.),(0.,1.),
  .PIECEWISE_BEZIER_KNOTS.);
#4223 = CARTESIAN_POINT('',(0.266314917931,-0.52693219539,0.6310001));
#4224 = CARTESIAN_POINT('',(0.266314917931,-0.52693219539,0.6300001));
#4225 = CARTESIAN_POINT('',(0.263935951818,-0.52837953841,0.6310001));
#4226 = CARTESIAN_POINT('',(0.263935951818,-0.52837953841,0.6300001));
#4227 = CARTESIAN_POINT('',(0.261132764476,-0.529111527983,0.6310001));
#4228 = CARTESIAN_POINT('',(0.261132764476,-0.529111527983,0.6300001));
#4229 = CARTESIAN_POINT('',(0.257913673967,-0.529111527983,0.6310001));
#4230 = CARTESIAN_POINT('',(0.257913673967,-0.529111527983,0.6300001));
#4231 = ADVANCED_FACE('',(#4232),#4258,.F.);
#4232 = FACE_BOUND('',#4233,.F.);
#4233 = EDGE_LOOP('',(#4234,#4235,#4244,#4251));
#4234 = ORIENTED_EDGE('',*,*,#4209,.F.);
#4235 = ORIENTED_EDGE('',*,*,#4236,.T.);
#4236 = EDGE_CURVE('',#4201,#4237,#4239,.T.);
#4237 = VERTEX_POINT('',#4238);
#4238 = CARTESIAN_POINT('',(0.24955402032,-0.525684485891,0.6310001));
#4239 = B_SPLINE_CURVE_WITH_KNOTS('',3,(#4240,#4241,#4242,#4243),
  .UNSPECIFIED.,.F.,.F.,(4,4),(11.,12.),.PIECEWISE_BEZIER_KNOTS.);
#4240 = CARTESIAN_POINT('',(0.257913673967,-0.529111527983,0.6310001));
#4241 = CARTESIAN_POINT('',(0.254469995748,-0.529111527983,0.6310001));
#4242 = CARTESIAN_POINT('',(0.251683444533,-0.527963635243,0.6310001));
#4243 = CARTESIAN_POINT('',(0.24955402032,-0.525684485891,0.6310001));
#4244 = ORIENTED_EDGE('',*,*,#4245,.T.);
#4245 = EDGE_CURVE('',#4237,#4246,#4248,.T.);
#4246 = VERTEX_POINT('',#4247);
#4247 = CARTESIAN_POINT('',(0.24955402032,-0.525684485891,0.6300001));
#4248 = B_SPLINE_CURVE_WITH_KNOTS('',1,(#4249,#4250),.UNSPECIFIED.,.F.,
  .F.,(2,2),(-0.,1.E-03),.PIECEWISE_BEZIER_KNOTS.);
#4249 = CARTESIAN_POINT('',(0.24955402032,-0.525684485891,0.6310001));
#4250 = CARTESIAN_POINT('',(0.24955402032,-0.525684485891,0.6300001));
#4251 = ORIENTED_EDGE('',*,*,#4252,.F.);
#4252 = EDGE_CURVE('',#4210,#4246,#4253,.T.);
#4253 = B_SPLINE_CURVE_WITH_KNOTS('',3,(#4254,#4255,#4256,#4257),
  .UNSPECIFIED.,.F.,.F.,(4,4),(11.,12.),.PIECEWISE_BEZIER_KNOTS.);
#4254 = CARTESIAN_POINT('',(0.257913673967,-0.529111527983,0.6300001));
#4255 = CARTESIAN_POINT('',(0.254469995748,-0.529111527983,0.6300001));
#4256 = CARTESIAN_POINT('',(0.251683444533,-0.527963635243,0.6300001));
#4257 = CARTESIAN_POINT('',(0.24955402032,-0.525684485891,0.6300001));
#4258 = B_SPLINE_SURFACE_WITH_KNOTS('',3,1,(
    (#4259,#4260)
    ,(#4261,#4262)
    ,(#4263,#4264)
    ,(#4265,#4266
    )),.UNSPECIFIED.,.F.,.F.,.F.,(4,4),(2,2),(11.,12.),(0.,1.),
  .PIECEWISE_BEZIER_KNOTS.);
#4259 = CARTESIAN_POINT('',(0.257913673967,-0.529111527983,0.6310001));
#4260 = CARTESIAN_POINT('',(0.257913673967,-0.529111527983,0.6300001));
#4261 = CARTESIAN_POINT('',(0.254469995748,-0.529111527983,0.6310001));
#4262 = CARTESIAN_POINT('',(0.254469995748,-0.529111527983,0.6300001));
#4263 = CARTESIAN_POINT('',(0.251683444533,-0.527963635243,0.6310001));
#4264 = CARTESIAN_POINT('',(0.251683444533,-0.527963635243,0.6300001));
#4265 = CARTESIAN_POINT('',(0.24955402032,-0.525684485891,0.6310001));
#4266 = CARTESIAN_POINT('',(0.24955402032,-0.525684485891,0.6300001));
#4267 = ADVANCED_FACE('',(#4268),#4294,.F.);
#4268 = FACE_BOUND('',#4269,.F.);
#4269 = EDGE_LOOP('',(#4270,#4271,#4280,#4287));
#4270 = ORIENTED_EDGE('',*,*,#4245,.F.);
#4271 = ORIENTED_EDGE('',*,*,#4272,.T.);
#4272 = EDGE_CURVE('',#4237,#4273,#4275,.T.);
#4273 = VERTEX_POINT('',#4274);
#4274 = CARTESIAN_POINT('',(0.246359884001,-0.516401527214,0.6310001));
#4275 = B_SPLINE_CURVE_WITH_KNOTS('',3,(#4276,#4277,#4278,#4279),
  .UNSPECIFIED.,.F.,.F.,(4,4),(10.,11.),.PIECEWISE_BEZIER_KNOTS.);
#4276 = CARTESIAN_POINT('',(0.24955402032,-0.525684485891,0.6310001));
#4277 = CARTESIAN_POINT('',(0.247424596107,-0.523388700411,0.6310001));
#4278 = CARTESIAN_POINT('',(0.246359884001,-0.520294380852,0.6310001));
#4279 = CARTESIAN_POINT('',(0.246359884001,-0.516401527214,0.6310001));
#4280 = ORIENTED_EDGE('',*,*,#4281,.T.);
#4281 = EDGE_CURVE('',#4273,#4282,#4284,.T.);
#4282 = VERTEX_POINT('',#4283);
#4283 = CARTESIAN_POINT('',(0.246359884001,-0.516401527214,0.6300001));
#4284 = B_SPLINE_CURVE_WITH_KNOTS('',1,(#4285,#4286),.UNSPECIFIED.,.F.,
  .F.,(2,2),(-0.,1.E-03),.PIECEWISE_BEZIER_KNOTS.);
#4285 = CARTESIAN_POINT('',(0.246359884001,-0.516401527214,0.6310001));
#4286 = CARTESIAN_POINT('',(0.246359884001,-0.516401527214,0.6300001));
#4287 = ORIENTED_EDGE('',*,*,#4288,.F.);
#4288 = EDGE_CURVE('',#4246,#4282,#4289,.T.);
#4289 = B_SPLINE_CURVE_WITH_KNOTS('',3,(#4290,#4291,#4292,#4293),
  .UNSPECIFIED.,.F.,.F.,(4,4),(10.,11.),.PIECEWISE_BEZIER_KNOTS.);
#4290 = CARTESIAN_POINT('',(0.24955402032,-0.525684485891,0.6300001));
#4291 = CARTESIAN_POINT('',(0.247424596107,-0.523388700411,0.6300001));
#4292 = CARTESIAN_POINT('',(0.246359884001,-0.520294380852,0.6300001));
#4293 = CARTESIAN_POINT('',(0.246359884001,-0.516401527214,0.6300001));
#4294 = B_SPLINE_SURFACE_WITH_KNOTS('',3,1,(
    (#4295,#4296)
    ,(#4297,#4298)
    ,(#4299,#4300)
    ,(#4301,#4302
    )),.UNSPECIFIED.,.F.,.F.,.F.,(4,4),(2,2),(10.,11.),(0.,1.),
  .PIECEWISE_BEZIER_KNOTS.);
#4295 = CARTESIAN_POINT('',(0.24955402032,-0.525684485891,0.6310001));
#4296 = CARTESIAN_POINT('',(0.24955402032,-0.525684485891,0.6300001));
#4297 = CARTESIAN_POINT('',(0.247424596107,-0.523388700411,0.6310001));
#4298 = CARTESIAN_POINT('',(0.247424596107,-0.523388700411,0.6300001));
#4299 = CARTESIAN_POINT('',(0.246359884001,-0.520294380852,0.6310001));
#4300 = CARTESIAN_POINT('',(0.246359884001,-0.520294380852,0.6300001));
#4301 = CARTESIAN_POINT('',(0.246359884001,-0.516401527214,0.6310001));
#4302 = CARTESIAN_POINT('',(0.246359884001,-0.516401527214,0.6300001));
#4303 = ADVANCED_FACE('',(#4304),#4330,.F.);
#4304 = FACE_BOUND('',#4305,.F.);
#4305 = EDGE_LOOP('',(#4306,#4307,#4316,#4323));
#4306 = ORIENTED_EDGE('',*,*,#4281,.F.);
#4307 = ORIENTED_EDGE('',*,*,#4308,.T.);
#4308 = EDGE_CURVE('',#4273,#4309,#4311,.T.);
#4309 = VERTEX_POINT('',#4310);
#4310 = CARTESIAN_POINT('',(0.24977860803,-0.506619484737,0.6310001));
#4311 = B_SPLINE_CURVE_WITH_KNOTS('',3,(#4312,#4313,#4314,#4315),
  .UNSPECIFIED.,.F.,.F.,(4,4),(9.,10.),.PIECEWISE_BEZIER_KNOTS.);
#4312 = CARTESIAN_POINT('',(0.246359884001,-0.516401527214,0.6310001));
#4313 = CARTESIAN_POINT('',(0.246359884001,-0.512309040055,0.6310001));
#4314 = CARTESIAN_POINT('',(0.247499458677,-0.50904835923,0.6310001));
#4315 = CARTESIAN_POINT('',(0.24977860803,-0.506619484737,0.6310001));
#4316 = ORIENTED_EDGE('',*,*,#4317,.T.);
#4317 = EDGE_CURVE('',#4309,#4318,#4320,.T.);
#4318 = VERTEX_POINT('',#4319);
#4319 = CARTESIAN_POINT('',(0.24977860803,-0.506619484737,0.6300001));
#4320 = B_SPLINE_CURVE_WITH_KNOTS('',1,(#4321,#4322),.UNSPECIFIED.,.F.,
  .F.,(2,2),(-0.,1.E-03),.PIECEWISE_BEZIER_KNOTS.);
#4321 = CARTESIAN_POINT('',(0.24977860803,-0.506619484737,0.6310001));
#4322 = CARTESIAN_POINT('',(0.24977860803,-0.506619484737,0.6300001));
#4323 = ORIENTED_EDGE('',*,*,#4324,.F.);
#4324 = EDGE_CURVE('',#4282,#4318,#4325,.T.);
#4325 = B_SPLINE_CURVE_WITH_KNOTS('',3,(#4326,#4327,#4328,#4329),
  .UNSPECIFIED.,.F.,.F.,(4,4),(9.,10.),.PIECEWISE_BEZIER_KNOTS.);
#4326 = CARTESIAN_POINT('',(0.246359884001,-0.516401527214,0.6300001));
#4327 = CARTESIAN_POINT('',(0.246359884001,-0.512309040055,0.6300001));
#4328 = CARTESIAN_POINT('',(0.247499458677,-0.50904835923,0.6300001));
#4329 = CARTESIAN_POINT('',(0.24977860803,-0.506619484737,0.6300001));
#4330 = B_SPLINE_SURFACE_WITH_KNOTS('',3,1,(
    (#4331,#4332)
    ,(#4333,#4334)
    ,(#4335,#4336)
    ,(#4337,#4338
    )),.UNSPECIFIED.,.F.,.F.,.F.,(4,4),(2,2),(9.,10.),(0.,1.),
  .PIECEWISE_BEZIER_KNOTS.);
#4331 = CARTESIAN_POINT('',(0.246359884001,-0.516401527214,0.6310001));
#4332 = CARTESIAN_POINT('',(0.246359884001,-0.516401527214,0.6300001));
#4333 = CARTESIAN_POINT('',(0.246359884001,-0.512309040055,0.6310001));
#4334 = CARTESIAN_POINT('',(0.246359884001,-0.512309040055,0.6300001));
#4335 = CARTESIAN_POINT('',(0.247499458677,-0.50904835923,0.6310001));
#4336 = CARTESIAN_POINT('',(0.247499458677,-0.50904835923,0.6300001));
#4337 = CARTESIAN_POINT('',(0.24977860803,-0.506619484737,0.6310001));
#4338 = CARTESIAN_POINT('',(0.24977860803,-0.506619484737,0.6300001));
#4339 = ADVANCED_FACE('',(#4340),#4366,.F.);
#4340 = FACE_BOUND('',#4341,.F.);
#4341 = EDGE_LOOP('',(#4342,#4343,#4352,#4359));
#4342 = ORIENTED_EDGE('',*,*,#4317,.F.);
#4343 = ORIENTED_EDGE('',*,*,#4344,.T.);
#4344 = EDGE_CURVE('',#4309,#4345,#4347,.T.);
#4345 = VERTEX_POINT('',#4346);
#4346 = CARTESIAN_POINT('',(0.25864566354,-0.503009445252,0.6310001));
#4347 = B_SPLINE_CURVE_WITH_KNOTS('',3,(#4348,#4349,#4350,#4351),
  .UNSPECIFIED.,.F.,.F.,(4,4),(8.,9.),.PIECEWISE_BEZIER_KNOTS.);
#4348 = CARTESIAN_POINT('',(0.24977860803,-0.506619484737,0.6310001));
#4349 = CARTESIAN_POINT('',(0.252066075446,-0.504207246371,0.6310001));
#4350 = CARTESIAN_POINT('',(0.255018987928,-0.503009445252,0.6310001));
#4351 = CARTESIAN_POINT('',(0.25864566354,-0.503009445252,0.6310001));
#4352 = ORIENTED_EDGE('',*,*,#4353,.T.);
#4353 = EDGE_CURVE('',#4345,#4354,#4356,.T.);
#4354 = VERTEX_POINT('',#4355);
#4355 = CARTESIAN_POINT('',(0.25864566354,-0.503009445252,0.6300001));
#4356 = B_SPLINE_CURVE_WITH_KNOTS('',1,(#4357,#4358),.UNSPECIFIED.,.F.,
  .F.,(2,2),(-0.,1.E-03),.PIECEWISE_BEZIER_KNOTS.);
#4357 = CARTESIAN_POINT('',(0.25864566354,-0.503009445252,0.6310001));
#4358 = CARTESIAN_POINT('',(0.25864566354,-0.503009445252,0.6300001));
#4359 = ORIENTED_EDGE('',*,*,#4360,.F.);
#4360 = EDGE_CURVE('',#4318,#4354,#4361,.T.);
#4361 = B_SPLINE_CURVE_WITH_KNOTS('',3,(#4362,#4363,#4364,#4365),
  .UNSPECIFIED.,.F.,.F.,(4,4),(8.,9.),.PIECEWISE_BEZIER_KNOTS.);
#4362 = CARTESIAN_POINT('',(0.24977860803,-0.506619484737,0.6300001));
#4363 = CARTESIAN_POINT('',(0.252066075446,-0.504207246371,0.6300001));
#4364 = CARTESIAN_POINT('',(0.255018987928,-0.503009445252,0.6300001));
#4365 = CARTESIAN_POINT('',(0.25864566354,-0.503009445252,0.6300001));
#4366 = B_SPLINE_SURFACE_WITH_KNOTS('',3,1,(
    (#4367,#4368)
    ,(#4369,#4370)
    ,(#4371,#4372)
    ,(#4373,#4374
    )),.UNSPECIFIED.,.F.,.F.,.F.,(4,4),(2,2),(8.,9.),(0.,1.),
  .PIECEWISE_BEZIER_KNOTS.);
#4367 = CARTESIAN_POINT('',(0.24977860803,-0.506619484737,0.6310001));
#4368 = CARTESIAN_POINT('',(0.24977860803,-0.506619484737,0.6300001));
#4369 = CARTESIAN_POINT('',(0.252066075446,-0.504207246371,0.6310001));
#4370 = CARTESIAN_POINT('',(0.252066075446,-0.504207246371,0.6300001));
#4371 = CARTESIAN_POINT('',(0.255018987928,-0.503009445252,0.6310001));
#4372 = CARTESIAN_POINT('',(0.255018987928,-0.503009445252,0.6300001));
#4373 = CARTESIAN_POINT('',(0.25864566354,-0.503009445252,0.6310001));
#4374 = CARTESIAN_POINT('',(0.25864566354,-0.503009445252,0.6300001));
#4375 = ADVANCED_FACE('',(#4376),#4402,.F.);
#4376 = FACE_BOUND('',#4377,.F.);
#4377 = EDGE_LOOP('',(#4378,#4379,#4388,#4395));
#4378 = ORIENTED_EDGE('',*,*,#4353,.F.);
#4379 = ORIENTED_EDGE('',*,*,#4380,.T.);
#4380 = EDGE_CURVE('',#4345,#4381,#4383,.T.);
#4381 = VERTEX_POINT('',#4382);
#4382 = CARTESIAN_POINT('',(0.266314917931,-0.504939235944,0.6310001));
#4383 = B_SPLINE_CURVE_WITH_KNOTS('',3,(#4384,#4385,#4386,#4387),
  .UNSPECIFIED.,.F.,.F.,(4,4),(7.,8.),.PIECEWISE_BEZIER_KNOTS.);
#4384 = CARTESIAN_POINT('',(0.25864566354,-0.503009445252,0.6310001));
#4385 = CARTESIAN_POINT('',(0.261432214756,-0.503009445252,0.6310001));
#4386 = CARTESIAN_POINT('',(0.263985860199,-0.503641618065,0.6310001));
#4387 = CARTESIAN_POINT('',(0.266314917931,-0.504939235944,0.6310001));
#4388 = ORIENTED_EDGE('',*,*,#4389,.T.);
#4389 = EDGE_CURVE('',#4381,#4390,#4392,.T.);
#4390 = VERTEX_POINT('',#4391);
#4391 = CARTESIAN_POINT('',(0.266314917931,-0.504939235944,0.6300001));
#4392 = B_SPLINE_CURVE_WITH_KNOTS('',1,(#4393,#4394),.UNSPECIFIED.,.F.,
  .F.,(2,2),(-0.,1.E-03),.PIECEWISE_BEZIER_KNOTS.);
#4393 = CARTESIAN_POINT('',(0.266314917931,-0.504939235944,0.6310001));
#4394 = CARTESIAN_POINT('',(0.266314917931,-0.504939235944,0.6300001));
#4395 = ORIENTED_EDGE('',*,*,#4396,.F.);
#4396 = EDGE_CURVE('',#4354,#4390,#4397,.T.);
#4397 = B_SPLINE_CURVE_WITH_KNOTS('',3,(#4398,#4399,#4400,#4401),
  .UNSPECIFIED.,.F.,.F.,(4,4),(7.,8.),.PIECEWISE_BEZIER_KNOTS.);
#4398 = CARTESIAN_POINT('',(0.25864566354,-0.503009445252,0.6300001));
#4399 = CARTESIAN_POINT('',(0.261432214756,-0.503009445252,0.6300001));
#4400 = CARTESIAN_POINT('',(0.263985860199,-0.503641618065,0.6300001));
#4401 = CARTESIAN_POINT('',(0.266314917931,-0.504939235944,0.6300001));
#4402 = B_SPLINE_SURFACE_WITH_KNOTS('',3,1,(
    (#4403,#4404)
    ,(#4405,#4406)
    ,(#4407,#4408)
    ,(#4409,#4410
    )),.UNSPECIFIED.,.F.,.F.,.F.,(4,4),(2,2),(7.,8.),(0.,1.),
  .PIECEWISE_BEZIER_KNOTS.);
#4403 = CARTESIAN_POINT('',(0.25864566354,-0.503009445252,0.6310001));
#4404 = CARTESIAN_POINT('',(0.25864566354,-0.503009445252,0.6300001));
#4405 = CARTESIAN_POINT('',(0.261432214756,-0.503009445252,0.6310001));
#4406 = CARTESIAN_POINT('',(0.261432214756,-0.503009445252,0.6300001));
#4407 = CARTESIAN_POINT('',(0.263985860199,-0.503641618065,0.6310001));
#4408 = CARTESIAN_POINT('',(0.263985860199,-0.503641618065,0.6300001));
#4409 = CARTESIAN_POINT('',(0.266314917931,-0.504939235944,0.6310001));
#4410 = CARTESIAN_POINT('',(0.266314917931,-0.504939235944,0.6300001));
#4411 = ADVANCED_FACE('',(#4412),#4434,.F.);
#4412 = FACE_BOUND('',#4413,.T.);
#4413 = EDGE_LOOP('',(#4414,#4421,#4428,#4433));
#4414 = ORIENTED_EDGE('',*,*,#4415,.T.);
#4415 = EDGE_CURVE('',#4390,#4416,#4418,.T.);
#4416 = VERTEX_POINT('',#4417);
#4417 = CARTESIAN_POINT('',(0.266314917931,-0.500547298506,0.6300001));
#4418 = B_SPLINE_CURVE_WITH_KNOTS('',1,(#4419,#4420),.UNSPECIFIED.,.F.,
  .F.,(2,2),(-4.391937438397E-03,0.),.PIECEWISE_BEZIER_KNOTS.);
#4419 = CARTESIAN_POINT('',(0.266314917931,-0.504939235944,0.6300001));
#4420 = CARTESIAN_POINT('',(0.266314917931,-0.500547298506,0.6300001));
#4421 = ORIENTED_EDGE('',*,*,#4422,.F.);
#4422 = EDGE_CURVE('',#4423,#4416,#4425,.T.);
#4423 = VERTEX_POINT('',#4424);
#4424 = CARTESIAN_POINT('',(0.266314917931,-0.500547298506,0.6310001));
#4425 = B_SPLINE_CURVE_WITH_KNOTS('',1,(#4426,#4427),.UNSPECIFIED.,.F.,
  .F.,(2,2),(-0.,1.E-03),.PIECEWISE_BEZIER_KNOTS.);
#4426 = CARTESIAN_POINT('',(0.266314917931,-0.500547298506,0.6310001));
#4427 = CARTESIAN_POINT('',(0.266314917931,-0.500547298506,0.6300001));
#4428 = ORIENTED_EDGE('',*,*,#4429,.F.);
#4429 = EDGE_CURVE('',#4381,#4423,#4430,.T.);
#4430 = B_SPLINE_CURVE_WITH_KNOTS('',1,(#4431,#4432),.UNSPECIFIED.,.F.,
  .F.,(2,2),(-4.391937438397E-03,0.),.PIECEWISE_BEZIER_KNOTS.);
#4431 = CARTESIAN_POINT('',(0.266314917931,-0.504939235944,0.6310001));
#4432 = CARTESIAN_POINT('',(0.266314917931,-0.500547298506,0.6310001));
#4433 = ORIENTED_EDGE('',*,*,#4389,.T.);
#4434 = B_SPLINE_SURFACE_WITH_KNOTS('',1,1,(
    (#4435,#4436)
    ,(#4437,#4438)),.UNSPECIFIED.,.F.,.F.,.F.,(2,2),(2,2),(-1.E-03,0.),(
    -4.391937438397E-03,0.),.PIECEWISE_BEZIER_KNOTS.);
#4435 = CARTESIAN_POINT('',(0.266314917931,-0.504939235944,0.6300001));
#4436 = CARTESIAN_POINT('',(0.266314917931,-0.500547298506,0.6300001));
#4437 = CARTESIAN_POINT('',(0.266314917931,-0.504939235944,0.6310001));
#4438 = CARTESIAN_POINT('',(0.266314917931,-0.500547298506,0.6310001));
#4439 = ADVANCED_FACE('',(#4440),#4466,.F.);
#4440 = FACE_BOUND('',#4441,.F.);
#4441 = EDGE_LOOP('',(#4442,#4443,#4452,#4459));
#4442 = ORIENTED_EDGE('',*,*,#4422,.F.);
#4443 = ORIENTED_EDGE('',*,*,#4444,.T.);
#4444 = EDGE_CURVE('',#4423,#4445,#4447,.T.);
#4445 = VERTEX_POINT('',#4446);
#4446 = CARTESIAN_POINT('',(0.258604073224,-0.499216408373,0.6310001));
#4447 = B_SPLINE_CURVE_WITH_KNOTS('',3,(#4448,#4449,#4450,#4451),
  .UNSPECIFIED.,.F.,.F.,(4,4),(5.,6.),.PIECEWISE_BEZIER_KNOTS.);
#4448 = CARTESIAN_POINT('',(0.266314917931,-0.500547298506,0.6310001));
#4449 = CARTESIAN_POINT('',(0.264285310478,-0.499665583793,0.6310001));
#4450 = CARTESIAN_POINT('',(0.261715028909,-0.499216408373,0.6310001));
#4451 = CARTESIAN_POINT('',(0.258604073224,-0.499216408373,0.6310001));
#4452 = ORIENTED_EDGE('',*,*,#4453,.T.);
#4453 = EDGE_CURVE('',#4445,#4454,#4456,.T.);
#4454 = VERTEX_POINT('',#4455);
#4455 = CARTESIAN_POINT('',(0.258604073224,-0.499216408373,0.6300001));
#4456 = B_SPLINE_CURVE_WITH_KNOTS('',1,(#4457,#4458),.UNSPECIFIED.,.F.,
  .F.,(2,2),(-0.,1.E-03),.PIECEWISE_BEZIER_KNOTS.);
#4457 = CARTESIAN_POINT('',(0.258604073224,-0.499216408373,0.6310001));
#4458 = CARTESIAN_POINT('',(0.258604073224,-0.499216408373,0.6300001));
#4459 = ORIENTED_EDGE('',*,*,#4460,.F.);
#4460 = EDGE_CURVE('',#4416,#4454,#4461,.T.);
#4461 = B_SPLINE_CURVE_WITH_KNOTS('',3,(#4462,#4463,#4464,#4465),
  .UNSPECIFIED.,.F.,.F.,(4,4),(5.,6.),.PIECEWISE_BEZIER_KNOTS.);
#4462 = CARTESIAN_POINT('',(0.266314917931,-0.500547298506,0.6300001));
#4463 = CARTESIAN_POINT('',(0.264285310478,-0.499665583793,0.6300001));
#4464 = CARTESIAN_POINT('',(0.261715028909,-0.499216408373,0.6300001));
#4465 = CARTESIAN_POINT('',(0.258604073224,-0.499216408373,0.6300001));
#4466 = B_SPLINE_SURFACE_WITH_KNOTS('',3,1,(
    (#4467,#4468)
    ,(#4469,#4470)
    ,(#4471,#4472)
    ,(#4473,#4474
    )),.UNSPECIFIED.,.F.,.F.,.F.,(4,4),(2,2),(5.,6.),(0.,1.),
  .PIECEWISE_BEZIER_KNOTS.);
#4467 = CARTESIAN_POINT('',(0.266314917931,-0.500547298506,0.6310001));
#4468 = CARTESIAN_POINT('',(0.266314917931,-0.500547298506,0.6300001));
#4469 = CARTESIAN_POINT('',(0.264285310478,-0.499665583793,0.6310001));
#4470 = CARTESIAN_POINT('',(0.264285310478,-0.499665583793,0.6300001));
#4471 = CARTESIAN_POINT('',(0.261715028909,-0.499216408373,0.6310001));
#4472 = CARTESIAN_POINT('',(0.261715028909,-0.499216408373,0.6300001));
#4473 = CARTESIAN_POINT('',(0.258604073224,-0.499216408373,0.6310001));
#4474 = CARTESIAN_POINT('',(0.258604073224,-0.499216408373,0.6300001));
#4475 = ADVANCED_FACE('',(#4476),#4502,.F.);
#4476 = FACE_BOUND('',#4477,.F.);
#4477 = EDGE_LOOP('',(#4478,#4479,#4488,#4495));
#4478 = ORIENTED_EDGE('',*,*,#4453,.F.);
#4479 = ORIENTED_EDGE('',*,*,#4480,.T.);
#4480 = EDGE_CURVE('',#4445,#4481,#4483,.T.);
#4481 = VERTEX_POINT('',#4482);
#4482 = CARTESIAN_POINT('',(0.246651016218,-0.504007612851,0.6310001));
#4483 = B_SPLINE_CURVE_WITH_KNOTS('',3,(#4484,#4485,#4486,#4487),
  .UNSPECIFIED.,.F.,.F.,(4,4),(4.,5.),.PIECEWISE_BEZIER_KNOTS.);
#4484 = CARTESIAN_POINT('',(0.258604073224,-0.499216408373,0.6310001));
#4485 = CARTESIAN_POINT('',(0.253771278429,-0.499216408373,0.6310001));
#4486 = CARTESIAN_POINT('',(0.249786926093,-0.500813476532,0.6310001));
#4487 = CARTESIAN_POINT('',(0.246651016218,-0.504007612851,0.6310001));
#4488 = ORIENTED_EDGE('',*,*,#4489,.T.);
#4489 = EDGE_CURVE('',#4481,#4490,#4492,.T.);
#4490 = VERTEX_POINT('',#4491);
#4491 = CARTESIAN_POINT('',(0.246651016218,-0.504007612851,0.6300001));
#4492 = B_SPLINE_CURVE_WITH_KNOTS('',1,(#4493,#4494),.UNSPECIFIED.,.F.,
  .F.,(2,2),(-0.,1.E-03),.PIECEWISE_BEZIER_KNOTS.);
#4493 = CARTESIAN_POINT('',(0.246651016218,-0.504007612851,0.6310001));
#4494 = CARTESIAN_POINT('',(0.246651016218,-0.504007612851,0.6300001));
#4495 = ORIENTED_EDGE('',*,*,#4496,.F.);
#4496 = EDGE_CURVE('',#4454,#4490,#4497,.T.);
#4497 = B_SPLINE_CURVE_WITH_KNOTS('',3,(#4498,#4499,#4500,#4501),
  .UNSPECIFIED.,.F.,.F.,(4,4),(4.,5.),.PIECEWISE_BEZIER_KNOTS.);
#4498 = CARTESIAN_POINT('',(0.258604073224,-0.499216408373,0.6300001));
#4499 = CARTESIAN_POINT('',(0.253771278429,-0.499216408373,0.6300001));
#4500 = CARTESIAN_POINT('',(0.249786926093,-0.500813476532,0.6300001));
#4501 = CARTESIAN_POINT('',(0.246651016218,-0.504007612851,0.6300001));
#4502 = B_SPLINE_SURFACE_WITH_KNOTS('',3,1,(
    (#4503,#4504)
    ,(#4505,#4506)
    ,(#4507,#4508)
    ,(#4509,#4510
    )),.UNSPECIFIED.,.F.,.F.,.F.,(4,4),(2,2),(4.,5.),(0.,1.),
  .PIECEWISE_BEZIER_KNOTS.);
#4503 = CARTESIAN_POINT('',(0.258604073224,-0.499216408373,0.6310001));
#4504 = CARTESIAN_POINT('',(0.258604073224,-0.499216408373,0.6300001));
#4505 = CARTESIAN_POINT('',(0.253771278429,-0.499216408373,0.6310001));
#4506 = CARTESIAN_POINT('',(0.253771278429,-0.499216408373,0.6300001));
#4507 = CARTESIAN_POINT('',(0.249786926093,-0.500813476532,0.6310001));
#4508 = CARTESIAN_POINT('',(0.249786926093,-0.500813476532,0.6300001));
#4509 = CARTESIAN_POINT('',(0.246651016218,-0.504007612851,0.6310001));
#4510 = CARTESIAN_POINT('',(0.246651016218,-0.504007612851,0.6300001));
#4511 = ADVANCED_FACE('',(#4512),#4538,.F.);
#4512 = FACE_BOUND('',#4513,.F.);
#4513 = EDGE_LOOP('',(#4514,#4515,#4524,#4531));
#4514 = ORIENTED_EDGE('',*,*,#4489,.F.);
#4515 = ORIENTED_EDGE('',*,*,#4516,.T.);
#4516 = EDGE_CURVE('',#4481,#4517,#4519,.T.);
#4517 = VERTEX_POINT('',#4518);
#4518 = CARTESIAN_POINT('',(0.241951310436,-0.516651069114,0.6310001));
#4519 = B_SPLINE_CURVE_WITH_KNOTS('',3,(#4520,#4521,#4522,#4523),
  .UNSPECIFIED.,.F.,.F.,(4,4),(3.,4.),.PIECEWISE_BEZIER_KNOTS.);
#4520 = CARTESIAN_POINT('',(0.246651016218,-0.504007612851,0.6310001));
#4521 = CARTESIAN_POINT('',(0.243515106342,-0.50720174917,0.6310001));
#4522 = CARTESIAN_POINT('',(0.241951310436,-0.511410689216,0.6310001));
#4523 = CARTESIAN_POINT('',(0.241951310436,-0.516651069114,0.6310001));
#4524 = ORIENTED_EDGE('',*,*,#4525,.T.);
#4525 = EDGE_CURVE('',#4517,#4526,#4528,.T.);
#4526 = VERTEX_POINT('',#4527);
#4527 = CARTESIAN_POINT('',(0.241951310436,-0.516651069114,0.6300001));
#4528 = B_SPLINE_CURVE_WITH_KNOTS('',1,(#4529,#4530),.UNSPECIFIED.,.F.,
  .F.,(2,2),(-0.,1.E-03),.PIECEWISE_BEZIER_KNOTS.);
#4529 = CARTESIAN_POINT('',(0.241951310436,-0.516651069114,0.6310001));
#4530 = CARTESIAN_POINT('',(0.241951310436,-0.516651069114,0.6300001));
#4531 = ORIENTED_EDGE('',*,*,#4532,.F.);
#4532 = EDGE_CURVE('',#4490,#4526,#4533,.T.);
#4533 = B_SPLINE_CURVE_WITH_KNOTS('',3,(#4534,#4535,#4536,#4537),
  .UNSPECIFIED.,.F.,.F.,(4,4),(3.,4.),.PIECEWISE_BEZIER_KNOTS.);
#4534 = CARTESIAN_POINT('',(0.246651016218,-0.504007612851,0.6300001));
#4535 = CARTESIAN_POINT('',(0.243515106342,-0.50720174917,0.6300001));
#4536 = CARTESIAN_POINT('',(0.241951310436,-0.511410689216,0.6300001));
#4537 = CARTESIAN_POINT('',(0.241951310436,-0.516651069114,0.6300001));
#4538 = B_SPLINE_SURFACE_WITH_KNOTS('',3,1,(
    (#4539,#4540)
    ,(#4541,#4542)
    ,(#4543,#4544)
    ,(#4545,#4546
    )),.UNSPECIFIED.,.F.,.F.,.F.,(4,4),(2,2),(3.,4.),(0.,1.),
  .PIECEWISE_BEZIER_KNOTS.);
#4539 = CARTESIAN_POINT('',(0.246651016218,-0.504007612851,0.6310001));
#4540 = CARTESIAN_POINT('',(0.246651016218,-0.504007612851,0.6300001));
#4541 = CARTESIAN_POINT('',(0.243515106342,-0.50720174917,0.6310001));
#4542 = CARTESIAN_POINT('',(0.243515106342,-0.50720174917,0.6300001));
#4543 = CARTESIAN_POINT('',(0.241951310436,-0.511410689216,0.6310001));
#4544 = CARTESIAN_POINT('',(0.241951310436,-0.511410689216,0.6300001));
#4545 = CARTESIAN_POINT('',(0.241951310436,-0.516651069114,0.6310001));
#4546 = CARTESIAN_POINT('',(0.241951310436,-0.516651069114,0.6300001));
#4547 = ADVANCED_FACE('',(#4548),#4574,.F.);
#4548 = FACE_BOUND('',#4549,.F.);
#4549 = EDGE_LOOP('',(#4550,#4551,#4560,#4567));
#4550 = ORIENTED_EDGE('',*,*,#4525,.F.);
#4551 = ORIENTED_EDGE('',*,*,#4552,.T.);
#4552 = EDGE_CURVE('',#4517,#4553,#4555,.T.);
#4553 = VERTEX_POINT('',#4554);
#4554 = CARTESIAN_POINT('',(0.246126978228,-0.528412810663,0.6310001));
#4555 = B_SPLINE_CURVE_WITH_KNOTS('',3,(#4556,#4557,#4558,#4559),
  .UNSPECIFIED.,.F.,.F.,(4,4),(2.,3.),.PIECEWISE_BEZIER_KNOTS.);
#4556 = CARTESIAN_POINT('',(0.241951310436,-0.516651069114,0.6310001));
#4557 = CARTESIAN_POINT('',(0.241951310436,-0.521525454226,0.6310001));
#4558 = CARTESIAN_POINT('',(0.243340427012,-0.525451580118,0.6310001));
#4559 = CARTESIAN_POINT('',(0.246126978228,-0.528412810663,0.6310001));
#4560 = ORIENTED_EDGE('',*,*,#4561,.T.);
#4561 = EDGE_CURVE('',#4553,#4562,#4564,.T.);
#4562 = VERTEX_POINT('',#4563);
#4563 = CARTESIAN_POINT('',(0.246126978228,-0.528412810663,0.6300001));
#4564 = B_SPLINE_CURVE_WITH_KNOTS('',1,(#4565,#4566),.UNSPECIFIED.,.F.,
  .F.,(2,2),(-0.,1.E-03),.PIECEWISE_BEZIER_KNOTS.);
#4565 = CARTESIAN_POINT('',(0.246126978228,-0.528412810663,0.6310001));
#4566 = CARTESIAN_POINT('',(0.246126978228,-0.528412810663,0.6300001));
#4567 = ORIENTED_EDGE('',*,*,#4568,.F.);
#4568 = EDGE_CURVE('',#4526,#4562,#4569,.T.);
#4569 = B_SPLINE_CURVE_WITH_KNOTS('',3,(#4570,#4571,#4572,#4573),
  .UNSPECIFIED.,.F.,.F.,(4,4),(2.,3.),.PIECEWISE_BEZIER_KNOTS.);
#4570 = CARTESIAN_POINT('',(0.241951310436,-0.516651069114,0.6300001));
#4571 = CARTESIAN_POINT('',(0.241951310436,-0.521525454226,0.6300001));
#4572 = CARTESIAN_POINT('',(0.243340427012,-0.525451580118,0.6300001));
#4573 = CARTESIAN_POINT('',(0.246126978228,-0.528412810663,0.6300001));
#4574 = B_SPLINE_SURFACE_WITH_KNOTS('',3,1,(
    (#4575,#4576)
    ,(#4577,#4578)
    ,(#4579,#4580)
    ,(#4581,#4582
    )),.UNSPECIFIED.,.F.,.F.,.F.,(4,4),(2,2),(2.,3.),(0.,1.),
  .PIECEWISE_BEZIER_KNOTS.);
#4575 = CARTESIAN_POINT('',(0.241951310436,-0.516651069114,0.6310001));
#4576 = CARTESIAN_POINT('',(0.241951310436,-0.516651069114,0.6300001));
#4577 = CARTESIAN_POINT('',(0.241951310436,-0.521525454226,0.6310001));
#4578 = CARTESIAN_POINT('',(0.241951310436,-0.521525454226,0.6300001));
#4579 = CARTESIAN_POINT('',(0.243340427012,-0.525451580118,0.6310001));
#4580 = CARTESIAN_POINT('',(0.243340427012,-0.525451580118,0.6300001));
#4581 = CARTESIAN_POINT('',(0.246126978228,-0.528412810663,0.6310001));
#4582 = CARTESIAN_POINT('',(0.246126978228,-0.528412810663,0.6300001));
#4583 = ADVANCED_FACE('',(#4584),#4602,.F.);
#4584 = FACE_BOUND('',#4585,.F.);
#4585 = EDGE_LOOP('',(#4586,#4587,#4594,#4595));
#4586 = ORIENTED_EDGE('',*,*,#4561,.F.);
#4587 = ORIENTED_EDGE('',*,*,#4588,.T.);
#4588 = EDGE_CURVE('',#4553,#4128,#4589,.T.);
#4589 = B_SPLINE_CURVE_WITH_KNOTS('',3,(#4590,#4591,#4592,#4593),
  .UNSPECIFIED.,.F.,.F.,(4,4),(1.,2.),.PIECEWISE_BEZIER_KNOTS.);
#4590 = CARTESIAN_POINT('',(0.246126978228,-0.528412810663,0.6310001));
#4591 = CARTESIAN_POINT('',(0.248913529444,-0.531374041209,0.6310001));
#4592 = CARTESIAN_POINT('',(0.252640021816,-0.532854656482,0.6310001));
#4593 = CARTESIAN_POINT('',(0.257306455344,-0.532854656482,0.6310001));
#4594 = ORIENTED_EDGE('',*,*,#4127,.T.);
#4595 = ORIENTED_EDGE('',*,*,#4596,.F.);
#4596 = EDGE_CURVE('',#4562,#4130,#4597,.T.);
#4597 = B_SPLINE_CURVE_WITH_KNOTS('',3,(#4598,#4599,#4600,#4601),
  .UNSPECIFIED.,.F.,.F.,(4,4),(1.,2.),.PIECEWISE_BEZIER_KNOTS.);
#4598 = CARTESIAN_POINT('',(0.246126978228,-0.528412810663,0.6300001));
#4599 = CARTESIAN_POINT('',(0.248913529444,-0.531374041209,0.6300001));
#4600 = CARTESIAN_POINT('',(0.252640021816,-0.532854656482,0.6300001));
#4601 = CARTESIAN_POINT('',(0.257306455344,-0.532854656482,0.6300001));
#4602 = B_SPLINE_SURFACE_WITH_KNOTS('',3,1,(
    (#4603,#4604)
    ,(#4605,#4606)
    ,(#4607,#4608)
    ,(#4609,#4610
    )),.UNSPECIFIED.,.F.,.F.,.F.,(4,4),(2,2),(1.,2.),(0.,1.),
  .PIECEWISE_BEZIER_KNOTS.);
#4603 = CARTESIAN_POINT('',(0.246126978228,-0.528412810663,0.6310001));
#4604 = CARTESIAN_POINT('',(0.246126978228,-0.528412810663,0.6300001));
#4605 = CARTESIAN_POINT('',(0.248913529444,-0.531374041209,0.6310001));
#4606 = CARTESIAN_POINT('',(0.248913529444,-0.531374041209,0.6300001));
#4607 = CARTESIAN_POINT('',(0.252640021816,-0.532854656482,0.6310001));
#4608 = CARTESIAN_POINT('',(0.252640021816,-0.532854656482,0.6300001));
#4609 = CARTESIAN_POINT('',(0.257306455344,-0.532854656482,0.6310001));
#4610 = CARTESIAN_POINT('',(0.257306455344,-0.532854656482,0.6300001));
#4611 = ADVANCED_FACE('',(#4612),#4628,.T.);
#4612 = FACE_BOUND('',#4613,.T.);
#4613 = EDGE_LOOP('',(#4614,#4615,#4616,#4617,#4618,#4619,#4620,#4621,
    #4622,#4623,#4624,#4625,#4626,#4627));
#4614 = ORIENTED_EDGE('',*,*,#4136,.T.);
#4615 = ORIENTED_EDGE('',*,*,#4185,.T.);
#4616 = ORIENTED_EDGE('',*,*,#4200,.T.);
#4617 = ORIENTED_EDGE('',*,*,#4236,.T.);
#4618 = ORIENTED_EDGE('',*,*,#4272,.T.);
#4619 = ORIENTED_EDGE('',*,*,#4308,.T.);
#4620 = ORIENTED_EDGE('',*,*,#4344,.T.);
#4621 = ORIENTED_EDGE('',*,*,#4380,.T.);
#4622 = ORIENTED_EDGE('',*,*,#4429,.T.);
#4623 = ORIENTED_EDGE('',*,*,#4444,.T.);
#4624 = ORIENTED_EDGE('',*,*,#4480,.T.);
#4625 = ORIENTED_EDGE('',*,*,#4516,.T.);
#4626 = ORIENTED_EDGE('',*,*,#4552,.T.);
#4627 = ORIENTED_EDGE('',*,*,#4588,.T.);
#4628 = B_SPLINE_SURFACE_WITH_KNOTS('',1,1,(
    (#4629,#4630)
    ,(#4631,#4632
    )),.UNSPECIFIED.,.F.,.F.,.F.,(2,2),(2,2),(-2.031479016903E-02,
    4.048817326182E-03),(-4.74129609827E-04,3.31641184989E-02),
  .PIECEWISE_BEZIER_KNOTS.);
#4629 = CARTESIAN_POINT('',(0.241951310436,-0.532854656482,0.6310001));
#4630 = CARTESIAN_POINT('',(0.241951310436,-0.499216408373,0.6310001));
#4631 = CARTESIAN_POINT('',(0.266314917931,-0.532854656482,0.6310001));
#4632 = CARTESIAN_POINT('',(0.266314917931,-0.499216408373,0.6310001));
#4633 = ADVANCED_FACE('',(#4634),#4650,.F.);
#4634 = FACE_BOUND('',#4635,.T.);
#4635 = EDGE_LOOP('',(#4636,#4637,#4638,#4639,#4640,#4641,#4642,#4643,
    #4644,#4645,#4646,#4647,#4648,#4649));
#4636 = ORIENTED_EDGE('',*,*,#4152,.F.);
#4637 = ORIENTED_EDGE('',*,*,#4596,.F.);
#4638 = ORIENTED_EDGE('',*,*,#4568,.F.);
#4639 = ORIENTED_EDGE('',*,*,#4532,.F.);
#4640 = ORIENTED_EDGE('',*,*,#4496,.F.);
#4641 = ORIENTED_EDGE('',*,*,#4460,.F.);
#4642 = ORIENTED_EDGE('',*,*,#4415,.F.);
#4643 = ORIENTED_EDGE('',*,*,#4396,.F.);
#4644 = ORIENTED_EDGE('',*,*,#4360,.F.);
#4645 = ORIENTED_EDGE('',*,*,#4324,.F.);
#4646 = ORIENTED_EDGE('',*,*,#4288,.F.);
#4647 = ORIENTED_EDGE('',*,*,#4252,.F.);
#4648 = ORIENTED_EDGE('',*,*,#4216,.F.);
#4649 = ORIENTED_EDGE('',*,*,#4171,.F.);
#4650 = B_SPLINE_SURFACE_WITH_KNOTS('',1,1,(
    (#4651,#4652)
    ,(#4653,#4654
    )),.UNSPECIFIED.,.F.,.F.,.F.,(2,2),(2,2),(-2.031479016903E-02,
    4.048817326182E-03),(-4.74129609827E-04,3.31641184989E-02),
  .PIECEWISE_BEZIER_KNOTS.);
#4651 = CARTESIAN_POINT('',(0.241951310436,-0.532854656482,0.6300001));
#4652 = CARTESIAN_POINT('',(0.241951310436,-0.499216408373,0.6300001));
#4653 = CARTESIAN_POINT('',(0.266314917931,-0.532854656482,0.6300001));
#4654 = CARTESIAN_POINT('',(0.266314917931,-0.499216408373,0.6300001));
#4655 = MANIFOLD_SOLID_BREP('',#4656);
#4656 = CLOSED_SHELL('',(#4657,#4693,#4721,#4749,#4777,#4805,#4833,#4861
    ,#4889,#4917,#4945,#4973,#4993,#5013));
#4657 = ADVANCED_FACE('',(#4658),#4688,.F.);
#4658 = FACE_BOUND('',#4659,.T.);
#4659 = EDGE_LOOP('',(#4660,#4669,#4676,#4683));
#4660 = ORIENTED_EDGE('',*,*,#4661,.T.);
#4661 = EDGE_CURVE('',#4662,#4664,#4666,.T.);
#4662 = VERTEX_POINT('',#4663);
#4663 = CARTESIAN_POINT('',(0.290329166766,-0.532305664302,0.6300001));
#4664 = VERTEX_POINT('',#4665);
#4665 = CARTESIAN_POINT('',(0.290329166766,-0.528595808056,0.6300001));
#4666 = B_SPLINE_CURVE_WITH_KNOTS('',1,(#4667,#4668),.UNSPECIFIED.,.F.,
  .F.,(2,2),(-3.709856245405E-03,0.),.PIECEWISE_BEZIER_KNOTS.);
#4667 = CARTESIAN_POINT('',(0.290329166766,-0.532305664302,0.6300001));
#4668 = CARTESIAN_POINT('',(0.290329166766,-0.528595808056,0.6300001));
#4669 = ORIENTED_EDGE('',*,*,#4670,.F.);
#4670 = EDGE_CURVE('',#4671,#4664,#4673,.T.);
#4671 = VERTEX_POINT('',#4672);
#4672 = CARTESIAN_POINT('',(0.290329166766,-0.528595808056,0.6310001));
#4673 = B_SPLINE_CURVE_WITH_KNOTS('',1,(#4674,#4675),.UNSPECIFIED.,.F.,
  .F.,(2,2),(-0.,1.E-03),.PIECEWISE_BEZIER_KNOTS.);
#4674 = CARTESIAN_POINT('',(0.290329166766,-0.528595808056,0.6310001));
#4675 = CARTESIAN_POINT('',(0.290329166766,-0.528595808056,0.6300001));
#4676 = ORIENTED_EDGE('',*,*,#4677,.F.);
#4677 = EDGE_CURVE('',#4678,#4671,#4680,.T.);
#4678 = VERTEX_POINT('',#4679);
#4679 = CARTESIAN_POINT('',(0.290329166766,-0.532305664302,0.6310001));
#4680 = B_SPLINE_CURVE_WITH_KNOTS('',1,(#4681,#4682),.UNSPECIFIED.,.F.,
  .F.,(2,2),(-3.709856245405E-03,0.),.PIECEWISE_BEZIER_KNOTS.);
#4681 = CARTESIAN_POINT('',(0.290329166766,-0.532305664302,0.6310001));
#4682 = CARTESIAN_POINT('',(0.290329166766,-0.528595808056,0.6310001));
#4683 = ORIENTED_EDGE('',*,*,#4684,.T.);
#4684 = EDGE_CURVE('',#4678,#4662,#4685,.T.);
#4685 = B_SPLINE_CURVE_WITH_KNOTS('',1,(#4686,#4687),.UNSPECIFIED.,.F.,
  .F.,(2,2),(-0.,1.E-03),.PIECEWISE_BEZIER_KNOTS.);
#4686 = CARTESIAN_POINT('',(0.290329166766,-0.532305664302,0.6310001));
#4687 = CARTESIAN_POINT('',(0.290329166766,-0.532305664302,0.6300001));
#4688 = B_SPLINE_SURFACE_WITH_KNOTS('',1,1,(
    (#4689,#4690)
    ,(#4691,#4692)),.UNSPECIFIED.,.F.,.F.,.F.,(2,2),(2,2),(-1.E-03,0.),(
    -3.709856245405E-03,0.),.PIECEWISE_BEZIER_KNOTS.);
#4689 = CARTESIAN_POINT('',(0.290329166766,-0.532305664302,0.6300001));
#4690 = CARTESIAN_POINT('',(0.290329166766,-0.528595808056,0.6300001));
#4691 = CARTESIAN_POINT('',(0.290329166766,-0.532305664302,0.6310001));
#4692 = CARTESIAN_POINT('',(0.290329166766,-0.528595808056,0.6310001));
#4693 = ADVANCED_FACE('',(#4694),#4716,.F.);
#4694 = FACE_BOUND('',#4695,.T.);
#4695 = EDGE_LOOP('',(#4696,#4703,#4710,#4715));
#4696 = ORIENTED_EDGE('',*,*,#4697,.T.);
#4697 = EDGE_CURVE('',#4664,#4698,#4700,.T.);
#4698 = VERTEX_POINT('',#4699);
#4699 = CARTESIAN_POINT('',(0.277028583501,-0.528595808056,0.6300001));
#4700 = B_SPLINE_CURVE_WITH_KNOTS('',1,(#4701,#4702),.UNSPECIFIED.,.F.,
  .F.,(2,2),(-1.330058326545E-02,-0.),.PIECEWISE_BEZIER_KNOTS.);
#4701 = CARTESIAN_POINT('',(0.290329166766,-0.528595808056,0.6300001));
#4702 = CARTESIAN_POINT('',(0.277028583501,-0.528595808056,0.6300001));
#4703 = ORIENTED_EDGE('',*,*,#4704,.F.);
#4704 = EDGE_CURVE('',#4705,#4698,#4707,.T.);
#4705 = VERTEX_POINT('',#4706);
#4706 = CARTESIAN_POINT('',(0.277028583501,-0.528595808056,0.6310001));
#4707 = B_SPLINE_CURVE_WITH_KNOTS('',1,(#4708,#4709),.UNSPECIFIED.,.F.,
  .F.,(2,2),(-0.,1.E-03),.PIECEWISE_BEZIER_KNOTS.);
#4708 = CARTESIAN_POINT('',(0.277028583501,-0.528595808056,0.6310001));
#4709 = CARTESIAN_POINT('',(0.277028583501,-0.528595808056,0.6300001));
#4710 = ORIENTED_EDGE('',*,*,#4711,.F.);
#4711 = EDGE_CURVE('',#4671,#4705,#4712,.T.);
#4712 = B_SPLINE_CURVE_WITH_KNOTS('',1,(#4713,#4714),.UNSPECIFIED.,.F.,
  .F.,(2,2),(-1.330058326545E-02,-0.),.PIECEWISE_BEZIER_KNOTS.);
#4713 = CARTESIAN_POINT('',(0.290329166766,-0.528595808056,0.6310001));
#4714 = CARTESIAN_POINT('',(0.277028583501,-0.528595808056,0.6310001));
#4715 = ORIENTED_EDGE('',*,*,#4670,.T.);
#4716 = B_SPLINE_SURFACE_WITH_KNOTS('',1,1,(
    (#4717,#4718)
    ,(#4719,#4720
    )),.UNSPECIFIED.,.F.,.F.,.F.,(2,2),(2,2),(0.,1.E-03),(0.,
    1.330058326545E-02),.PIECEWISE_BEZIER_KNOTS.);
#4717 = CARTESIAN_POINT('',(0.277028583501,-0.528595808056,0.6310001));
#4718 = CARTESIAN_POINT('',(0.290329166766,-0.528595808056,0.6310001));
#4719 = CARTESIAN_POINT('',(0.277028583501,-0.528595808056,0.6300001));
#4720 = CARTESIAN_POINT('',(0.290329166766,-0.528595808056,0.6300001));
#4721 = ADVANCED_FACE('',(#4722),#4744,.F.);
#4722 = FACE_BOUND('',#4723,.T.);
#4723 = EDGE_LOOP('',(#4724,#4731,#4738,#4743));
#4724 = ORIENTED_EDGE('',*,*,#4725,.T.);
#4725 = EDGE_CURVE('',#4698,#4726,#4728,.T.);
#4726 = VERTEX_POINT('',#4727);
#4727 = CARTESIAN_POINT('',(0.277028583501,-0.517649236713,0.6300001));
#4728 = B_SPLINE_CURVE_WITH_KNOTS('',1,(#4729,#4730),.UNSPECIFIED.,.F.,
  .F.,(2,2),(-1.094657134293E-02,0.),.PIECEWISE_BEZIER_KNOTS.);
#4729 = CARTESIAN_POINT('',(0.277028583501,-0.528595808056,0.6300001));
#4730 = CARTESIAN_POINT('',(0.277028583501,-0.517649236713,0.6300001));
#4731 = ORIENTED_EDGE('',*,*,#4732,.F.);
#4732 = EDGE_CURVE('',#4733,#4726,#4735,.T.);
#4733 = VERTEX_POINT('',#4734);
#4734 = CARTESIAN_POINT('',(0.277028583501,-0.517649236713,0.6310001));
#4735 = B_SPLINE_CURVE_WITH_KNOTS('',1,(#4736,#4737),.UNSPECIFIED.,.F.,
  .F.,(2,2),(-0.,1.E-03),.PIECEWISE_BEZIER_KNOTS.);
#4736 = CARTESIAN_POINT('',(0.277028583501,-0.517649236713,0.6310001));
#4737 = CARTESIAN_POINT('',(0.277028583501,-0.517649236713,0.6300001));
#4738 = ORIENTED_EDGE('',*,*,#4739,.F.);
#4739 = EDGE_CURVE('',#4705,#4733,#4740,.T.);
#4740 = B_SPLINE_CURVE_WITH_KNOTS('',1,(#4741,#4742),.UNSPECIFIED.,.F.,
  .F.,(2,2),(-1.094657134293E-02,0.),.PIECEWISE_BEZIER_KNOTS.);
#4741 = CARTESIAN_POINT('',(0.277028583501,-0.528595808056,0.6310001));
#4742 = CARTESIAN_POINT('',(0.277028583501,-0.517649236713,0.6310001));
#4743 = ORIENTED_EDGE('',*,*,#4704,.T.);
#4744 = B_SPLINE_SURFACE_WITH_KNOTS('',1,1,(
    (#4745,#4746)
    ,(#4747,#4748)),.UNSPECIFIED.,.F.,.F.,.F.,(2,2),(2,2),(-1.E-03,0.),(
    -1.094657134293E-02,0.),.PIECEWISE_BEZIER_KNOTS.);
#4745 = CARTESIAN_POINT('',(0.277028583501,-0.528595808056,0.6300001));
#4746 = CARTESIAN_POINT('',(0.277028583501,-0.517649236713,0.6300001));
#4747 = CARTESIAN_POINT('',(0.277028583501,-0.528595808056,0.6310001));
#4748 = CARTESIAN_POINT('',(0.277028583501,-0.517649236713,0.6310001));
#4749 = ADVANCED_FACE('',(#4750),#4772,.F.);
#4750 = FACE_BOUND('',#4751,.T.);
#4751 = EDGE_LOOP('',(#4752,#4759,#4766,#4771));
#4752 = ORIENTED_EDGE('',*,*,#4753,.T.);
#4753 = EDGE_CURVE('',#4726,#4754,#4756,.T.);
#4754 = VERTEX_POINT('',#4755);
#4755 = CARTESIAN_POINT('',(0.2886655541,-0.517649236713,0.6300001));
#4756 = B_SPLINE_CURVE_WITH_KNOTS('',1,(#4757,#4758),.UNSPECIFIED.,.F.,
  .F.,(2,2),(-1.163697059936E-02,0.),.PIECEWISE_BEZIER_KNOTS.);
#4757 = CARTESIAN_POINT('',(0.277028583501,-0.517649236713,0.6300001));
#4758 = CARTESIAN_POINT('',(0.2886655541,-0.517649236713,0.6300001));
#4759 = ORIENTED_EDGE('',*,*,#4760,.F.);
#4760 = EDGE_CURVE('',#4761,#4754,#4763,.T.);
#4761 = VERTEX_POINT('',#4762);
#4762 = CARTESIAN_POINT('',(0.2886655541,-0.517649236713,0.6310001));
#4763 = B_SPLINE_CURVE_WITH_KNOTS('',1,(#4764,#4765),.UNSPECIFIED.,.F.,
  .F.,(2,2),(-0.,1.E-03),.PIECEWISE_BEZIER_KNOTS.);
#4764 = CARTESIAN_POINT('',(0.2886655541,-0.517649236713,0.6310001));
#4765 = CARTESIAN_POINT('',(0.2886655541,-0.517649236713,0.6300001));
#4766 = ORIENTED_EDGE('',*,*,#4767,.F.);
#4767 = EDGE_CURVE('',#4733,#4761,#4768,.T.);
#4768 = B_SPLINE_CURVE_WITH_KNOTS('',1,(#4769,#4770),.UNSPECIFIED.,.F.,
  .F.,(2,2),(-1.163697059936E-02,0.),.PIECEWISE_BEZIER_KNOTS.);
#4769 = CARTESIAN_POINT('',(0.277028583501,-0.517649236713,0.6310001));
#4770 = CARTESIAN_POINT('',(0.2886655541,-0.517649236713,0.6310001));
#4771 = ORIENTED_EDGE('',*,*,#4732,.T.);
#4772 = B_SPLINE_SURFACE_WITH_KNOTS('',1,1,(
    (#4773,#4774)
    ,(#4775,#4776)),.UNSPECIFIED.,.F.,.F.,.F.,(2,2),(2,2),(-1.E-03,0.),(
    -1.163697059936E-02,0.),.PIECEWISE_BEZIER_KNOTS.);
#4773 = CARTESIAN_POINT('',(0.277028583501,-0.517649236713,0.6300001));
#4774 = CARTESIAN_POINT('',(0.2886655541,-0.517649236713,0.6300001));
#4775 = CARTESIAN_POINT('',(0.277028583501,-0.517649236713,0.6310001));
#4776 = CARTESIAN_POINT('',(0.2886655541,-0.517649236713,0.6310001));
#4777 = ADVANCED_FACE('',(#4778),#4800,.F.);
#4778 = FACE_BOUND('',#4779,.T.);
#4779 = EDGE_LOOP('',(#4780,#4787,#4794,#4799));
#4780 = ORIENTED_EDGE('',*,*,#4781,.T.);
#4781 = EDGE_CURVE('',#4754,#4782,#4784,.T.);
#4782 = VERTEX_POINT('',#4783);
#4783 = CARTESIAN_POINT('',(0.2886655541,-0.513922744341,0.6300001));
#4784 = B_SPLINE_CURVE_WITH_KNOTS('',1,(#4785,#4786),.UNSPECIFIED.,.F.,
  .F.,(2,2),(-3.726492372047E-03,0.),.PIECEWISE_BEZIER_KNOTS.);
#4785 = CARTESIAN_POINT('',(0.2886655541,-0.517649236713,0.6300001));
#4786 = CARTESIAN_POINT('',(0.2886655541,-0.513922744341,0.6300001));
#4787 = ORIENTED_EDGE('',*,*,#4788,.F.);
#4788 = EDGE_CURVE('',#4789,#4782,#4791,.T.);
#4789 = VERTEX_POINT('',#4790);
#4790 = CARTESIAN_POINT('',(0.2886655541,-0.513922744341,0.6310001));
#4791 = B_SPLINE_CURVE_WITH_KNOTS('',1,(#4792,#4793),.UNSPECIFIED.,.F.,
  .F.,(2,2),(-0.,1.E-03),.PIECEWISE_BEZIER_KNOTS.);
#4792 = CARTESIAN_POINT('',(0.2886655541,-0.513922744341,0.6310001));
#4793 = CARTESIAN_POINT('',(0.2886655541,-0.513922744341,0.6300001));
#4794 = ORIENTED_EDGE('',*,*,#4795,.F.);
#4795 = EDGE_CURVE('',#4761,#4789,#4796,.T.);
#4796 = B_SPLINE_CURVE_WITH_KNOTS('',1,(#4797,#4798),.UNSPECIFIED.,.F.,
  .F.,(2,2),(-3.726492372047E-03,0.),.PIECEWISE_BEZIER_KNOTS.);
#4797 = CARTESIAN_POINT('',(0.2886655541,-0.517649236713,0.6310001));
#4798 = CARTESIAN_POINT('',(0.2886655541,-0.513922744341,0.6310001));
#4799 = ORIENTED_EDGE('',*,*,#4760,.T.);
#4800 = B_SPLINE_SURFACE_WITH_KNOTS('',1,1,(
    (#4801,#4802)
    ,(#4803,#4804)),.UNSPECIFIED.,.F.,.F.,.F.,(2,2),(2,2),(-1.E-03,0.),(
    -3.726492372047E-03,0.),.PIECEWISE_BEZIER_KNOTS.);
#4801 = CARTESIAN_POINT('',(0.2886655541,-0.517649236713,0.6300001));
#4802 = CARTESIAN_POINT('',(0.2886655541,-0.513922744341,0.6300001));
#4803 = CARTESIAN_POINT('',(0.2886655541,-0.517649236713,0.6310001));
#4804 = CARTESIAN_POINT('',(0.2886655541,-0.513922744341,0.6310001));
#4805 = ADVANCED_FACE('',(#4806),#4828,.F.);
#4806 = FACE_BOUND('',#4807,.T.);
#4807 = EDGE_LOOP('',(#4808,#4815,#4822,#4827));
#4808 = ORIENTED_EDGE('',*,*,#4809,.T.);
#4809 = EDGE_CURVE('',#4782,#4810,#4812,.T.);
#4810 = VERTEX_POINT('',#4811);
#4811 = CARTESIAN_POINT('',(0.277028583501,-0.513922744341,0.6300001));
#4812 = B_SPLINE_CURVE_WITH_KNOTS('',1,(#4813,#4814),.UNSPECIFIED.,.F.,
  .F.,(2,2),(-1.163697059936E-02,-0.),.PIECEWISE_BEZIER_KNOTS.);
#4813 = CARTESIAN_POINT('',(0.2886655541,-0.513922744341,0.6300001));
#4814 = CARTESIAN_POINT('',(0.277028583501,-0.513922744341,0.6300001));
#4815 = ORIENTED_EDGE('',*,*,#4816,.F.);
#4816 = EDGE_CURVE('',#4817,#4810,#4819,.T.);
#4817 = VERTEX_POINT('',#4818);
#4818 = CARTESIAN_POINT('',(0.277028583501,-0.513922744341,0.6310001));
#4819 = B_SPLINE_CURVE_WITH_KNOTS('',1,(#4820,#4821),.UNSPECIFIED.,.F.,
  .F.,(2,2),(-0.,1.E-03),.PIECEWISE_BEZIER_KNOTS.);
#4820 = CARTESIAN_POINT('',(0.277028583501,-0.513922744341,0.6310001));
#4821 = CARTESIAN_POINT('',(0.277028583501,-0.513922744341,0.6300001));
#4822 = ORIENTED_EDGE('',*,*,#4823,.F.);
#4823 = EDGE_CURVE('',#4789,#4817,#4824,.T.);
#4824 = B_SPLINE_CURVE_WITH_KNOTS('',1,(#4825,#4826),.UNSPECIFIED.,.F.,
  .F.,(2,2),(-1.163697059936E-02,-0.),.PIECEWISE_BEZIER_KNOTS.);
#4825 = CARTESIAN_POINT('',(0.2886655541,-0.513922744341,0.6310001));
#4826 = CARTESIAN_POINT('',(0.277028583501,-0.513922744341,0.6310001));
#4827 = ORIENTED_EDGE('',*,*,#4788,.T.);
#4828 = B_SPLINE_SURFACE_WITH_KNOTS('',1,1,(
    (#4829,#4830)
    ,(#4831,#4832
    )),.UNSPECIFIED.,.F.,.F.,.F.,(2,2),(2,2),(0.,1.E-03),(0.,
    1.163697059936E-02),.PIECEWISE_BEZIER_KNOTS.);
#4829 = CARTESIAN_POINT('',(0.277028583501,-0.513922744341,0.6310001));
#4830 = CARTESIAN_POINT('',(0.2886655541,-0.513922744341,0.6310001));
#4831 = CARTESIAN_POINT('',(0.277028583501,-0.513922744341,0.6300001));
#4832 = CARTESIAN_POINT('',(0.2886655541,-0.513922744341,0.6300001));
#4833 = ADVANCED_FACE('',(#4834),#4856,.F.);
#4834 = FACE_BOUND('',#4835,.T.);
#4835 = EDGE_LOOP('',(#4836,#4843,#4850,#4855));
#4836 = ORIENTED_EDGE('',*,*,#4837,.T.);
#4837 = EDGE_CURVE('',#4810,#4838,#4840,.T.);
#4838 = VERTEX_POINT('',#4839);
#4839 = CARTESIAN_POINT('',(0.277028583501,-0.503508529052,0.6300001));
#4840 = B_SPLINE_CURVE_WITH_KNOTS('',1,(#4841,#4842),.UNSPECIFIED.,.F.,
  .F.,(2,2),(-1.041421528994E-02,0.),.PIECEWISE_BEZIER_KNOTS.);
#4841 = CARTESIAN_POINT('',(0.277028583501,-0.513922744341,0.6300001));
#4842 = CARTESIAN_POINT('',(0.277028583501,-0.503508529052,0.6300001));
#4843 = ORIENTED_EDGE('',*,*,#4844,.F.);
#4844 = EDGE_CURVE('',#4845,#4838,#4847,.T.);
#4845 = VERTEX_POINT('',#4846);
#4846 = CARTESIAN_POINT('',(0.277028583501,-0.503508529052,0.6310001));
#4847 = B_SPLINE_CURVE_WITH_KNOTS('',1,(#4848,#4849),.UNSPECIFIED.,.F.,
  .F.,(2,2),(-0.,1.E-03),.PIECEWISE_BEZIER_KNOTS.);
#4848 = CARTESIAN_POINT('',(0.277028583501,-0.503508529052,0.6310001));
#4849 = CARTESIAN_POINT('',(0.277028583501,-0.503508529052,0.6300001));
#4850 = ORIENTED_EDGE('',*,*,#4851,.F.);
#4851 = EDGE_CURVE('',#4817,#4845,#4852,.T.);
#4852 = B_SPLINE_CURVE_WITH_KNOTS('',1,(#4853,#4854),.UNSPECIFIED.,.F.,
  .F.,(2,2),(-1.041421528994E-02,0.),.PIECEWISE_BEZIER_KNOTS.);
#4853 = CARTESIAN_POINT('',(0.277028583501,-0.513922744341,0.6310001));
#4854 = CARTESIAN_POINT('',(0.277028583501,-0.503508529052,0.6310001));
#4855 = ORIENTED_EDGE('',*,*,#4816,.T.);
#4856 = B_SPLINE_SURFACE_WITH_KNOTS('',1,1,(
    (#4857,#4858)
    ,(#4859,#4860)),.UNSPECIFIED.,.F.,.F.,.F.,(2,2),(2,2),(-1.E-03,0.),(
    -1.041421528994E-02,0.),.PIECEWISE_BEZIER_KNOTS.);
#4857 = CARTESIAN_POINT('',(0.277028583501,-0.513922744341,0.6300001));
#4858 = CARTESIAN_POINT('',(0.277028583501,-0.503508529052,0.6300001));
#4859 = CARTESIAN_POINT('',(0.277028583501,-0.513922744341,0.6310001));
#4860 = CARTESIAN_POINT('',(0.277028583501,-0.503508529052,0.6310001));
#4861 = ADVANCED_FACE('',(#4862),#4884,.F.);
#4862 = FACE_BOUND('',#4863,.T.);
#4863 = EDGE_LOOP('',(#4864,#4871,#4878,#4883));
#4864 = ORIENTED_EDGE('',*,*,#4865,.T.);
#4865 = EDGE_CURVE('',#4838,#4866,#4868,.T.);
#4866 = VERTEX_POINT('',#4867);
#4867 = CARTESIAN_POINT('',(0.28958885913,-0.503508529052,0.6300001));
#4868 = B_SPLINE_CURVE_WITH_KNOTS('',1,(#4869,#4870),.UNSPECIFIED.,.F.,
  .F.,(2,2),(-1.25602756291E-02,0.),.PIECEWISE_BEZIER_KNOTS.);
#4869 = CARTESIAN_POINT('',(0.277028583501,-0.503508529052,0.6300001));
#4870 = CARTESIAN_POINT('',(0.28958885913,-0.503508529052,0.6300001));
#4871 = ORIENTED_EDGE('',*,*,#4872,.F.);
#4872 = EDGE_CURVE('',#4873,#4866,#4875,.T.);
#4873 = VERTEX_POINT('',#4874);
#4874 = CARTESIAN_POINT('',(0.28958885913,-0.503508529052,0.6310001));
#4875 = B_SPLINE_CURVE_WITH_KNOTS('',1,(#4876,#4877),.UNSPECIFIED.,.F.,
  .F.,(2,2),(-0.,1.E-03),.PIECEWISE_BEZIER_KNOTS.);
#4876 = CARTESIAN_POINT('',(0.28958885913,-0.503508529052,0.6310001));
#4877 = CARTESIAN_POINT('',(0.28958885913,-0.503508529052,0.6300001));
#4878 = ORIENTED_EDGE('',*,*,#4879,.F.);
#4879 = EDGE_CURVE('',#4845,#4873,#4880,.T.);
#4880 = B_SPLINE_CURVE_WITH_KNOTS('',1,(#4881,#4882),.UNSPECIFIED.,.F.,
  .F.,(2,2),(-1.25602756291E-02,0.),.PIECEWISE_BEZIER_KNOTS.);
#4881 = CARTESIAN_POINT('',(0.277028583501,-0.503508529052,0.6310001));
#4882 = CARTESIAN_POINT('',(0.28958885913,-0.503508529052,0.6310001));
#4883 = ORIENTED_EDGE('',*,*,#4844,.T.);
#4884 = B_SPLINE_SURFACE_WITH_KNOTS('',1,1,(
    (#4885,#4886)
    ,(#4887,#4888)),.UNSPECIFIED.,.F.,.F.,.F.,(2,2),(2,2),(-1.E-03,0.),(
    -1.25602756291E-02,0.),.PIECEWISE_BEZIER_KNOTS.);
#4885 = CARTESIAN_POINT('',(0.277028583501,-0.503508529052,0.6300001));
#4886 = CARTESIAN_POINT('',(0.28958885913,-0.503508529052,0.6300001));
#4887 = CARTESIAN_POINT('',(0.277028583501,-0.503508529052,0.6310001));
#4888 = CARTESIAN_POINT('',(0.28958885913,-0.503508529052,0.6310001));
#4889 = ADVANCED_FACE('',(#4890),#4912,.F.);
#4890 = FACE_BOUND('',#4891,.T.);
#4891 = EDGE_LOOP('',(#4892,#4899,#4906,#4911));
#4892 = ORIENTED_EDGE('',*,*,#4893,.T.);
#4893 = EDGE_CURVE('',#4866,#4894,#4896,.T.);
#4894 = VERTEX_POINT('',#4895);
#4895 = CARTESIAN_POINT('',(0.28958885913,-0.499765400553,0.6300001));
#4896 = B_SPLINE_CURVE_WITH_KNOTS('',1,(#4897,#4898),.UNSPECIFIED.,.F.,
  .F.,(2,2),(-3.74312849869E-03,0.),.PIECEWISE_BEZIER_KNOTS.);
#4897 = CARTESIAN_POINT('',(0.28958885913,-0.503508529052,0.6300001));
#4898 = CARTESIAN_POINT('',(0.28958885913,-0.499765400553,0.6300001));
#4899 = ORIENTED_EDGE('',*,*,#4900,.F.);
#4900 = EDGE_CURVE('',#4901,#4894,#4903,.T.);
#4901 = VERTEX_POINT('',#4902);
#4902 = CARTESIAN_POINT('',(0.28958885913,-0.499765400553,0.6310001));
#4903 = B_SPLINE_CURVE_WITH_KNOTS('',1,(#4904,#4905),.UNSPECIFIED.,.F.,
  .F.,(2,2),(-0.,1.E-03),.PIECEWISE_BEZIER_KNOTS.);
#4904 = CARTESIAN_POINT('',(0.28958885913,-0.499765400553,0.6310001));
#4905 = CARTESIAN_POINT('',(0.28958885913,-0.499765400553,0.6300001));
#4906 = ORIENTED_EDGE('',*,*,#4907,.F.);
#4907 = EDGE_CURVE('',#4873,#4901,#4908,.T.);
#4908 = B_SPLINE_CURVE_WITH_KNOTS('',1,(#4909,#4910),.UNSPECIFIED.,.F.,
  .F.,(2,2),(-3.74312849869E-03,0.),.PIECEWISE_BEZIER_KNOTS.);
#4909 = CARTESIAN_POINT('',(0.28958885913,-0.503508529052,0.6310001));
#4910 = CARTESIAN_POINT('',(0.28958885913,-0.499765400553,0.6310001));
#4911 = ORIENTED_EDGE('',*,*,#4872,.T.);
#4912 = B_SPLINE_SURFACE_WITH_KNOTS('',1,1,(
    (#4913,#4914)
    ,(#4915,#4916)),.UNSPECIFIED.,.F.,.F.,.F.,(2,2),(2,2),(-1.E-03,0.),(
    -3.74312849869E-03,0.),.PIECEWISE_BEZIER_KNOTS.);
#4913 = CARTESIAN_POINT('',(0.28958885913,-0.503508529052,0.6300001));
#4914 = CARTESIAN_POINT('',(0.28958885913,-0.499765400553,0.6300001));
#4915 = CARTESIAN_POINT('',(0.28958885913,-0.503508529052,0.6310001));
#4916 = CARTESIAN_POINT('',(0.28958885913,-0.499765400553,0.6310001));
#4917 = ADVANCED_FACE('',(#4918),#4940,.F.);
#4918 = FACE_BOUND('',#4919,.T.);
#4919 = EDGE_LOOP('',(#4920,#4927,#4934,#4939));
#4920 = ORIENTED_EDGE('',*,*,#4921,.T.);
#4921 = EDGE_CURVE('',#4894,#4922,#4924,.T.);
#4922 = VERTEX_POINT('',#4923);
#4923 = CARTESIAN_POINT('',(0.272827961519,-0.499765400553,0.6300001));
#4924 = B_SPLINE_CURVE_WITH_KNOTS('',1,(#4925,#4926),.UNSPECIFIED.,.F.,
  .F.,(2,2),(-1.6760897611E-02,-0.),.PIECEWISE_BEZIER_KNOTS.);
#4925 = CARTESIAN_POINT('',(0.28958885913,-0.499765400553,0.6300001));
#4926 = CARTESIAN_POINT('',(0.272827961519,-0.499765400553,0.6300001));
#4927 = ORIENTED_EDGE('',*,*,#4928,.F.);
#4928 = EDGE_CURVE('',#4929,#4922,#4931,.T.);
#4929 = VERTEX_POINT('',#4930);
#4930 = CARTESIAN_POINT('',(0.272827961519,-0.499765400553,0.6310001));
#4931 = B_SPLINE_CURVE_WITH_KNOTS('',1,(#4932,#4933),.UNSPECIFIED.,.F.,
  .F.,(2,2),(-0.,1.E-03),.PIECEWISE_BEZIER_KNOTS.);
#4932 = CARTESIAN_POINT('',(0.272827961519,-0.499765400553,0.6310001));
#4933 = CARTESIAN_POINT('',(0.272827961519,-0.499765400553,0.6300001));
#4934 = ORIENTED_EDGE('',*,*,#4935,.F.);
#4935 = EDGE_CURVE('',#4901,#4929,#4936,.T.);
#4936 = B_SPLINE_CURVE_WITH_KNOTS('',1,(#4937,#4938),.UNSPECIFIED.,.F.,
  .F.,(2,2),(-1.6760897611E-02,-0.),.PIECEWISE_BEZIER_KNOTS.);
#4937 = CARTESIAN_POINT('',(0.28958885913,-0.499765400553,0.6310001));
#4938 = CARTESIAN_POINT('',(0.272827961519,-0.499765400553,0.6310001));
#4939 = ORIENTED_EDGE('',*,*,#4900,.T.);
#4940 = B_SPLINE_SURFACE_WITH_KNOTS('',1,1,(
    (#4941,#4942)
    ,(#4943,#4944
    )),.UNSPECIFIED.,.F.,.F.,.F.,(2,2),(2,2),(0.,1.E-03),(0.,
    1.6760897611E-02),.PIECEWISE_BEZIER_KNOTS.);
#4941 = CARTESIAN_POINT('',(0.272827961519,-0.499765400553,0.6310001));
#4942 = CARTESIAN_POINT('',(0.28958885913,-0.499765400553,0.6310001));
#4943 = CARTESIAN_POINT('',(0.272827961519,-0.499765400553,0.6300001));
#4944 = CARTESIAN_POINT('',(0.28958885913,-0.499765400553,0.6300001));
#4945 = ADVANCED_FACE('',(#4946),#4968,.F.);
#4946 = FACE_BOUND('',#4947,.T.);
#4947 = EDGE_LOOP('',(#4948,#4955,#4962,#4967));
#4948 = ORIENTED_EDGE('',*,*,#4949,.T.);
#4949 = EDGE_CURVE('',#4922,#4950,#4952,.T.);
#4950 = VERTEX_POINT('',#4951);
#4951 = CARTESIAN_POINT('',(0.272827961519,-0.532305664302,0.6300001));
#4952 = B_SPLINE_CURVE_WITH_KNOTS('',1,(#4953,#4954),.UNSPECIFIED.,.F.,
  .F.,(2,2),(-3.254026374901E-02,-0.),.PIECEWISE_BEZIER_KNOTS.);
#4953 = CARTESIAN_POINT('',(0.272827961519,-0.499765400553,0.6300001));
#4954 = CARTESIAN_POINT('',(0.272827961519,-0.532305664302,0.6300001));
#4955 = ORIENTED_EDGE('',*,*,#4956,.F.);
#4956 = EDGE_CURVE('',#4957,#4950,#4959,.T.);
#4957 = VERTEX_POINT('',#4958);
#4958 = CARTESIAN_POINT('',(0.272827961519,-0.532305664302,0.6310001));
#4959 = B_SPLINE_CURVE_WITH_KNOTS('',1,(#4960,#4961),.UNSPECIFIED.,.F.,
  .F.,(2,2),(-0.,1.E-03),.PIECEWISE_BEZIER_KNOTS.);
#4960 = CARTESIAN_POINT('',(0.272827961519,-0.532305664302,0.6310001));
#4961 = CARTESIAN_POINT('',(0.272827961519,-0.532305664302,0.6300001));
#4962 = ORIENTED_EDGE('',*,*,#4963,.F.);
#4963 = EDGE_CURVE('',#4929,#4957,#4964,.T.);
#4964 = B_SPLINE_CURVE_WITH_KNOTS('',1,(#4965,#4966),.UNSPECIFIED.,.F.,
  .F.,(2,2),(-3.254026374901E-02,-0.),.PIECEWISE_BEZIER_KNOTS.);
#4965 = CARTESIAN_POINT('',(0.272827961519,-0.499765400553,0.6310001));
#4966 = CARTESIAN_POINT('',(0.272827961519,-0.532305664302,0.6310001));
#4967 = ORIENTED_EDGE('',*,*,#4928,.T.);
#4968 = B_SPLINE_SURFACE_WITH_KNOTS('',1,1,(
    (#4969,#4970)
    ,(#4971,#4972
    )),.UNSPECIFIED.,.F.,.F.,.F.,(2,2),(2,2),(0.,1.E-03),(0.,
    3.254026374901E-02),.PIECEWISE_BEZIER_KNOTS.);
#4969 = CARTESIAN_POINT('',(0.272827961519,-0.532305664302,0.6310001));
#4970 = CARTESIAN_POINT('',(0.272827961519,-0.499765400553,0.6310001));
#4971 = CARTESIAN_POINT('',(0.272827961519,-0.532305664302,0.6300001));
#4972 = CARTESIAN_POINT('',(0.272827961519,-0.499765400553,0.6300001));
#4973 = ADVANCED_FACE('',(#4974),#4988,.F.);
#4974 = FACE_BOUND('',#4975,.T.);
#4975 = EDGE_LOOP('',(#4976,#4981,#4982,#4987));
#4976 = ORIENTED_EDGE('',*,*,#4977,.T.);
#4977 = EDGE_CURVE('',#4950,#4662,#4978,.T.);
#4978 = B_SPLINE_CURVE_WITH_KNOTS('',1,(#4979,#4980),.UNSPECIFIED.,.F.,
  .F.,(2,2),(-1.750120524735E-02,0.),.PIECEWISE_BEZIER_KNOTS.);
#4979 = CARTESIAN_POINT('',(0.272827961519,-0.532305664302,0.6300001));
#4980 = CARTESIAN_POINT('',(0.290329166766,-0.532305664302,0.6300001));
#4981 = ORIENTED_EDGE('',*,*,#4684,.F.);
#4982 = ORIENTED_EDGE('',*,*,#4983,.F.);
#4983 = EDGE_CURVE('',#4957,#4678,#4984,.T.);
#4984 = B_SPLINE_CURVE_WITH_KNOTS('',1,(#4985,#4986),.UNSPECIFIED.,.F.,
  .F.,(2,2),(-1.750120524735E-02,0.),.PIECEWISE_BEZIER_KNOTS.);
#4985 = CARTESIAN_POINT('',(0.272827961519,-0.532305664302,0.6310001));
#4986 = CARTESIAN_POINT('',(0.290329166766,-0.532305664302,0.6310001));
#4987 = ORIENTED_EDGE('',*,*,#4956,.T.);
#4988 = B_SPLINE_SURFACE_WITH_KNOTS('',1,1,(
    (#4989,#4990)
    ,(#4991,#4992)),.UNSPECIFIED.,.F.,.F.,.F.,(2,2),(2,2),(-1.E-03,0.),(
    -1.750120524735E-02,0.),.PIECEWISE_BEZIER_KNOTS.);
#4989 = CARTESIAN_POINT('',(0.272827961519,-0.532305664302,0.6300001));
#4990 = CARTESIAN_POINT('',(0.290329166766,-0.532305664302,0.6300001));
#4991 = CARTESIAN_POINT('',(0.272827961519,-0.532305664302,0.6310001));
#4992 = CARTESIAN_POINT('',(0.290329166766,-0.532305664302,0.6310001));
#4993 = ADVANCED_FACE('',(#4994),#5008,.F.);
#4994 = FACE_BOUND('',#4995,.T.);
#4995 = EDGE_LOOP('',(#4996,#4997,#4998,#4999,#5000,#5001,#5002,#5003,
    #5004,#5005,#5006,#5007));
#4996 = ORIENTED_EDGE('',*,*,#4677,.T.);
#4997 = ORIENTED_EDGE('',*,*,#4711,.T.);
#4998 = ORIENTED_EDGE('',*,*,#4739,.T.);
#4999 = ORIENTED_EDGE('',*,*,#4767,.T.);
#5000 = ORIENTED_EDGE('',*,*,#4795,.T.);
#5001 = ORIENTED_EDGE('',*,*,#4823,.T.);
#5002 = ORIENTED_EDGE('',*,*,#4851,.T.);
#5003 = ORIENTED_EDGE('',*,*,#4879,.T.);
#5004 = ORIENTED_EDGE('',*,*,#4907,.T.);
#5005 = ORIENTED_EDGE('',*,*,#4935,.T.);
#5006 = ORIENTED_EDGE('',*,*,#4963,.T.);
#5007 = ORIENTED_EDGE('',*,*,#4983,.T.);
#5008 = B_SPLINE_SURFACE_WITH_KNOTS('',1,1,(
    (#5009,#5010)
    ,(#5011,#5012
    )),.UNSPECIFIED.,.F.,.F.,.F.,(2,2),(2,2),(-0.290329166766,
    -0.272827961519),(-0.532305664302,-0.499765400553),
  .PIECEWISE_BEZIER_KNOTS.);
#5009 = CARTESIAN_POINT('',(0.290329166766,-0.532305664302,0.6310001));
#5010 = CARTESIAN_POINT('',(0.290329166766,-0.499765400553,0.6310001));
#5011 = CARTESIAN_POINT('',(0.272827961519,-0.532305664302,0.6310001));
#5012 = CARTESIAN_POINT('',(0.272827961519,-0.499765400553,0.6310001));
#5013 = ADVANCED_FACE('',(#5014),#5028,.T.);
#5014 = FACE_BOUND('',#5015,.T.);
#5015 = EDGE_LOOP('',(#5016,#5017,#5018,#5019,#5020,#5021,#5022,#5023,
    #5024,#5025,#5026,#5027));
#5016 = ORIENTED_EDGE('',*,*,#4661,.F.);
#5017 = ORIENTED_EDGE('',*,*,#4977,.F.);
#5018 = ORIENTED_EDGE('',*,*,#4949,.F.);
#5019 = ORIENTED_EDGE('',*,*,#4921,.F.);
#5020 = ORIENTED_EDGE('',*,*,#4893,.F.);
#5021 = ORIENTED_EDGE('',*,*,#4865,.F.);
#5022 = ORIENTED_EDGE('',*,*,#4837,.F.);
#5023 = ORIENTED_EDGE('',*,*,#4809,.F.);
#5024 = ORIENTED_EDGE('',*,*,#4781,.F.);
#5025 = ORIENTED_EDGE('',*,*,#4753,.F.);
#5026 = ORIENTED_EDGE('',*,*,#4725,.F.);
#5027 = ORIENTED_EDGE('',*,*,#4697,.F.);
#5028 = B_SPLINE_SURFACE_WITH_KNOTS('',1,1,(
    (#5029,#5030)
    ,(#5031,#5032
    )),.UNSPECIFIED.,.F.,.F.,.F.,(2,2),(2,2),(-0.290329166766,
    -0.272827961519),(-0.532305664302,-0.499765400553),
  .PIECEWISE_BEZIER_KNOTS.);
#5029 = CARTESIAN_POINT('',(0.290329166766,-0.532305664302,0.6300001));
#5030 = CARTESIAN_POINT('',(0.290329166766,-0.499765400553,0.6300001));
#5031 = CARTESIAN_POINT('',(0.272827961519,-0.532305664302,0.6300001));
#5032 = CARTESIAN_POINT('',(0.272827961519,-0.499765400553,0.6300001));
#5033 = MANIFOLD_SOLID_BREP('',#5034);
#5034 = CLOSED_SHELL('',(#5035,#5159,#5283,#5303,#5323,#5343,#5363,#5383
    ,#5399,#5411,#5431,#5447,#5463,#5483,#5503,#5523));
#5035 = ADVANCED_FACE('',(#5036,#5095),#5154,.T.);
#5036 = FACE_BOUND('',#5037,.T.);
#5037 = EDGE_LOOP('',(#5038,#5047,#5056,#5065,#5074,#5083,#5090));
#5038 = ORIENTED_EDGE('',*,*,#5039,.T.);
#5039 = EDGE_CURVE('',#5040,#5042,#5044,.T.);
#5040 = VERTEX_POINT('',#5041);
#5041 = CARTESIAN_POINT('',(0.296476215568,-0.532305664302,0.6310001));
#5042 = VERTEX_POINT('',#5043);
#5043 = CARTESIAN_POINT('',(0.305426451711,-0.532305664302,0.6310001));
#5044 = B_SPLINE_CURVE_WITH_KNOTS('',1,(#5045,#5046),.UNSPECIFIED.,.F.,
  .F.,(2,2),(-8.95023614366E-03,0.),.PIECEWISE_BEZIER_KNOTS.);
#5045 = CARTESIAN_POINT('',(0.296476215568,-0.532305664302,0.6310001));
#5046 = CARTESIAN_POINT('',(0.305426451711,-0.532305664302,0.6310001));
#5047 = ORIENTED_EDGE('',*,*,#5048,.T.);
#5048 = EDGE_CURVE('',#5042,#5049,#5051,.T.);
#5049 = VERTEX_POINT('',#5050);
#5050 = CARTESIAN_POINT('',(0.31806158991,-0.527747365597,0.6310001));
#5051 = B_SPLINE_CURVE_WITH_KNOTS('',3,(#5052,#5053,#5054,#5055),
  .UNSPECIFIED.,.F.,.F.,(4,4),(5.,6.),.PIECEWISE_BEZIER_KNOTS.);
#5052 = CARTESIAN_POINT('',(0.305426451711,-0.532305664302,0.6310001));
#5053 = CARTESIAN_POINT('',(0.310575332913,-0.532305664302,0.6310001));
#5054 = CARTESIAN_POINT('',(0.314792591021,-0.530791776776,0.6310001));
#5055 = CARTESIAN_POINT('',(0.31806158991,-0.527747365597,0.6310001));
#5056 = ORIENTED_EDGE('',*,*,#5057,.T.);
#5057 = EDGE_CURVE('',#5049,#5058,#5060,.T.);
#5058 = VERTEX_POINT('',#5059);
#5059 = CARTESIAN_POINT('',(0.322969247275,-0.515619629261,0.6310001));
#5060 = B_SPLINE_CURVE_WITH_KNOTS('',3,(#5061,#5062,#5063,#5064),
  .UNSPECIFIED.,.F.,.F.,(4,4),(4.,5.),.PIECEWISE_BEZIER_KNOTS.);
#5061 = CARTESIAN_POINT('',(0.31806158991,-0.527747365597,0.6310001));
#5062 = CARTESIAN_POINT('',(0.321330588799,-0.524702954418,0.6310001));
#5063 = CARTESIAN_POINT('',(0.322969247275,-0.520660375639,0.6310001));
#5064 = CARTESIAN_POINT('',(0.322969247275,-0.515619629261,0.6310001));
#5065 = ORIENTED_EDGE('',*,*,#5066,.T.);
#5066 = EDGE_CURVE('',#5058,#5067,#5069,.T.);
#5067 = VERTEX_POINT('',#5068);
#5068 = CARTESIAN_POINT('',(0.31806158991,-0.504074157358,0.6310001));
#5069 = B_SPLINE_CURVE_WITH_KNOTS('',3,(#5070,#5071,#5072,#5073),
  .UNSPECIFIED.,.F.,.F.,(4,4),(3.,4.),.PIECEWISE_BEZIER_KNOTS.);
#5070 = CARTESIAN_POINT('',(0.322969247275,-0.515619629261,0.6310001));
#5071 = CARTESIAN_POINT('',(0.322969247275,-0.510795152529,0.6310001));
#5072 = CARTESIAN_POINT('',(0.321330588799,-0.50695220727,0.6310001));
#5073 = CARTESIAN_POINT('',(0.31806158991,-0.504074157358,0.6310001));
#5074 = ORIENTED_EDGE('',*,*,#5075,.T.);
#5075 = EDGE_CURVE('',#5067,#5076,#5078,.T.);
#5076 = VERTEX_POINT('',#5077);
#5077 = CARTESIAN_POINT('',(0.305759174245,-0.499765400553,0.6310001));
#5078 = B_SPLINE_CURVE_WITH_KNOTS('',3,(#5079,#5080,#5081,#5082),
  .UNSPECIFIED.,.F.,.F.,(4,4),(2.,3.),.PIECEWISE_BEZIER_KNOTS.);
#5079 = CARTESIAN_POINT('',(0.31806158991,-0.504074157358,0.6310001));
#5080 = CARTESIAN_POINT('',(0.314792591021,-0.501196107446,0.6310001));
#5081 = CARTESIAN_POINT('',(0.310691785799,-0.499765400553,0.6310001));
#5082 = CARTESIAN_POINT('',(0.305759174245,-0.499765400553,0.6310001));
#5083 = ORIENTED_EDGE('',*,*,#5084,.T.);
#5084 = EDGE_CURVE('',#5076,#5085,#5087,.T.);
#5085 = VERTEX_POINT('',#5086);
#5086 = CARTESIAN_POINT('',(0.296476215568,-0.499765400553,0.6310001));
#5087 = B_SPLINE_CURVE_WITH_KNOTS('',1,(#5088,#5089),.UNSPECIFIED.,.F.,
  .F.,(2,2),(-9.282958676945E-03,-0.),.PIECEWISE_BEZIER_KNOTS.);
#5088 = CARTESIAN_POINT('',(0.305759174245,-0.499765400553,0.6310001));
#5089 = CARTESIAN_POINT('',(0.296476215568,-0.499765400553,0.6310001));
#5090 = ORIENTED_EDGE('',*,*,#5091,.T.);
#5091 = EDGE_CURVE('',#5085,#5040,#5092,.T.);
#5092 = B_SPLINE_CURVE_WITH_KNOTS('',1,(#5093,#5094),.UNSPECIFIED.,.F.,
  .F.,(2,2),(-3.254026374901E-02,-0.),.PIECEWISE_BEZIER_KNOTS.);
#5093 = CARTESIAN_POINT('',(0.296476215568,-0.499765400553,0.6310001));
#5094 = CARTESIAN_POINT('',(0.296476215568,-0.532305664302,0.6310001));
#5095 = FACE_BOUND('',#5096,.T.);
#5096 = EDGE_LOOP('',(#5097,#5106,#5113,#5122,#5131,#5140,#5149));
#5097 = ORIENTED_EDGE('',*,*,#5098,.F.);
#5098 = EDGE_CURVE('',#5099,#5101,#5103,.T.);
#5099 = VERTEX_POINT('',#5100);
#5100 = CARTESIAN_POINT('',(0.30067683755,-0.503508529052,0.6310001));
#5101 = VERTEX_POINT('',#5102);
#5102 = CARTESIAN_POINT('',(0.30067683755,-0.528595808056,0.6310001));
#5103 = B_SPLINE_CURVE_WITH_KNOTS('',1,(#5104,#5105),.UNSPECIFIED.,.F.,
  .F.,(2,2),(0.,2.508727900492E-02),.PIECEWISE_BEZIER_KNOTS.);
#5104 = CARTESIAN_POINT('',(0.30067683755,-0.503508529052,0.6310001));
#5105 = CARTESIAN_POINT('',(0.30067683755,-0.528595808056,0.6310001));
#5106 = ORIENTED_EDGE('',*,*,#5107,.F.);
#5107 = EDGE_CURVE('',#5108,#5099,#5110,.T.);
#5108 = VERTEX_POINT('',#5109);
#5109 = CARTESIAN_POINT('',(0.305592812978,-0.503508529051,0.6310001));
#5110 = B_SPLINE_CURVE_WITH_KNOTS('',1,(#5111,#5112),.UNSPECIFIED.,.F.,
  .F.,(2,2),(0.,4.915975428067E-03),.PIECEWISE_BEZIER_KNOTS.);
#5111 = CARTESIAN_POINT('',(0.305592812978,-0.503508529052,0.6310001));
#5112 = CARTESIAN_POINT('',(0.30067683755,-0.503508529052,0.6310001));
#5113 = ORIENTED_EDGE('',*,*,#5114,.F.);
#5114 = EDGE_CURVE('',#5115,#5108,#5117,.T.);
#5115 = VERTEX_POINT('',#5116);
#5116 = CARTESIAN_POINT('',(0.314983906478,-0.506569576357,0.6310001));
#5117 = B_SPLINE_CURVE_WITH_KNOTS('',3,(#5118,#5119,#5120,#5121),
  .UNSPECIFIED.,.F.,.F.,(4,4),(5.,6.),.PIECEWISE_BEZIER_KNOTS.);
#5118 = CARTESIAN_POINT('',(0.314983906478,-0.506569576357,0.6310001));
#5119 = CARTESIAN_POINT('',(0.312604940365,-0.504523332778,0.6310001));
#5120 = CARTESIAN_POINT('',(0.30946903049,-0.503508529051,0.6310001));
#5121 = CARTESIAN_POINT('',(0.305592812978,-0.503508529051,0.6310001));
#5122 = ORIENTED_EDGE('',*,*,#5123,.F.);
#5123 = EDGE_CURVE('',#5124,#5115,#5126,.T.);
#5124 = VERTEX_POINT('',#5125);
#5125 = CARTESIAN_POINT('',(0.318552355647,-0.515736082147,0.6310001));
#5126 = B_SPLINE_CURVE_WITH_KNOTS('',3,(#5127,#5128,#5129,#5130),
  .UNSPECIFIED.,.F.,.F.,(4,4),(4.,5.),.PIECEWISE_BEZIER_KNOTS.);
#5127 = CARTESIAN_POINT('',(0.318552355647,-0.515736082147,0.6310001));
#5128 = CARTESIAN_POINT('',(0.318552355647,-0.511676867242,0.6310001));
#5129 = CARTESIAN_POINT('',(0.317362872591,-0.508615819936,0.6310001));
#5130 = CARTESIAN_POINT('',(0.314983906478,-0.506569576357,0.6310001));
#5131 = ORIENTED_EDGE('',*,*,#5132,.F.);
#5132 = EDGE_CURVE('',#5133,#5124,#5135,.T.);
#5133 = VERTEX_POINT('',#5134);
#5134 = CARTESIAN_POINT('',(0.315075405175,-0.525202038218,0.6310001));
#5135 = B_SPLINE_CURVE_WITH_KNOTS('',3,(#5136,#5137,#5138,#5139),
  .UNSPECIFIED.,.F.,.F.,(4,4),(3.,4.),.PIECEWISE_BEZIER_KNOTS.);
#5136 = CARTESIAN_POINT('',(0.315075405175,-0.525202038218,0.6310001));
#5137 = CARTESIAN_POINT('',(0.317396144844,-0.522956161118,0.6310001));
#5138 = CARTESIAN_POINT('',(0.318552355647,-0.519795297053,0.6310001));
#5139 = CARTESIAN_POINT('',(0.318552355647,-0.515736082147,0.6310001));
#5140 = ORIENTED_EDGE('',*,*,#5141,.F.);
#5141 = EDGE_CURVE('',#5142,#5133,#5144,.T.);
#5142 = VERTEX_POINT('',#5143);
#5143 = CARTESIAN_POINT('',(0.305401497521,-0.528595808056,0.6310001));
#5144 = B_SPLINE_CURVE_WITH_KNOTS('',3,(#5145,#5146,#5147,#5148),
  .UNSPECIFIED.,.F.,.F.,(4,4),(2.,3.),.PIECEWISE_BEZIER_KNOTS.);
#5145 = CARTESIAN_POINT('',(0.305401497521,-0.528595808056,0.6310001));
#5146 = CARTESIAN_POINT('',(0.309535574997,-0.528595808056,0.6310001));
#5147 = CARTESIAN_POINT('',(0.312762983569,-0.527464551443,0.6310001));
#5148 = CARTESIAN_POINT('',(0.315075405175,-0.525202038218,0.6310001));
#5149 = ORIENTED_EDGE('',*,*,#5150,.F.);
#5150 = EDGE_CURVE('',#5101,#5142,#5151,.T.);
#5151 = B_SPLINE_CURVE_WITH_KNOTS('',1,(#5152,#5153),.UNSPECIFIED.,.F.,
  .F.,(2,2),(0.,4.724659971683E-03),.PIECEWISE_BEZIER_KNOTS.);
#5152 = CARTESIAN_POINT('',(0.30067683755,-0.528595808056,0.6310001));
#5153 = CARTESIAN_POINT('',(0.305401497521,-0.528595808056,0.6310001));
#5154 = B_SPLINE_SURFACE_WITH_KNOTS('',1,1,(
    (#5155,#5156)
    ,(#5157,#5158
    )),.UNSPECIFIED.,.F.,.F.,.F.,(2,2),(2,2),(-1.60580212596E-02,
    1.043501044813E-02),(-3.146515406357E-02,1.075109685439E-03),
  .PIECEWISE_BEZIER_KNOTS.);
#5155 = CARTESIAN_POINT('',(0.296476215568,-0.532305664302,0.6310001));
#5156 = CARTESIAN_POINT('',(0.296476215568,-0.499765400553,0.6310001));
#5157 = CARTESIAN_POINT('',(0.322969247275,-0.532305664302,0.6310001));
#5158 = CARTESIAN_POINT('',(0.322969247275,-0.499765400553,0.6310001));
#5159 = ADVANCED_FACE('',(#5160,#5219),#5278,.F.);
#5160 = FACE_BOUND('',#5161,.T.);
#5161 = EDGE_LOOP('',(#5162,#5171,#5178,#5185,#5194,#5203,#5212));
#5162 = ORIENTED_EDGE('',*,*,#5163,.F.);
#5163 = EDGE_CURVE('',#5164,#5166,#5168,.T.);
#5164 = VERTEX_POINT('',#5165);
#5165 = CARTESIAN_POINT('',(0.296476215568,-0.532305664302,0.6300001));
#5166 = VERTEX_POINT('',#5167);
#5167 = CARTESIAN_POINT('',(0.305426451711,-0.532305664302,0.6300001));
#5168 = B_SPLINE_CURVE_WITH_KNOTS('',1,(#5169,#5170),.UNSPECIFIED.,.F.,
  .F.,(2,2),(-8.95023614366E-03,0.),.PIECEWISE_BEZIER_KNOTS.);
#5169 = CARTESIAN_POINT('',(0.296476215568,-0.532305664302,0.6300001));
#5170 = CARTESIAN_POINT('',(0.305426451711,-0.532305664302,0.6300001));
#5171 = ORIENTED_EDGE('',*,*,#5172,.F.);
#5172 = EDGE_CURVE('',#5173,#5164,#5175,.T.);
#5173 = VERTEX_POINT('',#5174);
#5174 = CARTESIAN_POINT('',(0.296476215568,-0.499765400553,0.6300001));
#5175 = B_SPLINE_CURVE_WITH_KNOTS('',1,(#5176,#5177),.UNSPECIFIED.,.F.,
  .F.,(2,2),(-3.254026374901E-02,-0.),.PIECEWISE_BEZIER_KNOTS.);
#5176 = CARTESIAN_POINT('',(0.296476215568,-0.499765400553,0.6300001));
#5177 = CARTESIAN_POINT('',(0.296476215568,-0.532305664302,0.6300001));
#5178 = ORIENTED_EDGE('',*,*,#5179,.F.);
#5179 = EDGE_CURVE('',#5180,#5173,#5182,.T.);
#5180 = VERTEX_POINT('',#5181);
#5181 = CARTESIAN_POINT('',(0.305759174245,-0.499765400553,0.6300001));
#5182 = B_SPLINE_CURVE_WITH_KNOTS('',1,(#5183,#5184),.UNSPECIFIED.,.F.,
  .F.,(2,2),(-9.282958676945E-03,-0.),.PIECEWISE_BEZIER_KNOTS.);
#5183 = CARTESIAN_POINT('',(0.305759174245,-0.499765400553,0.6300001));
#5184 = CARTESIAN_POINT('',(0.296476215568,-0.499765400553,0.6300001));
#5185 = ORIENTED_EDGE('',*,*,#5186,.F.);
#5186 = EDGE_CURVE('',#5187,#5180,#5189,.T.);
#5187 = VERTEX_POINT('',#5188);
#5188 = CARTESIAN_POINT('',(0.31806158991,-0.504074157358,0.6300001));
#5189 = B_SPLINE_CURVE_WITH_KNOTS('',3,(#5190,#5191,#5192,#5193),
  .UNSPECIFIED.,.F.,.F.,(4,4),(2.,3.),.PIECEWISE_BEZIER_KNOTS.);
#5190 = CARTESIAN_POINT('',(0.31806158991,-0.504074157358,0.6300001));
#5191 = CARTESIAN_POINT('',(0.314792591021,-0.501196107446,0.6300001));
#5192 = CARTESIAN_POINT('',(0.310691785799,-0.499765400553,0.6300001));
#5193 = CARTESIAN_POINT('',(0.305759174245,-0.499765400553,0.6300001));
#5194 = ORIENTED_EDGE('',*,*,#5195,.F.);
#5195 = EDGE_CURVE('',#5196,#5187,#5198,.T.);
#5196 = VERTEX_POINT('',#5197);
#5197 = CARTESIAN_POINT('',(0.322969247275,-0.515619629261,0.6300001));
#5198 = B_SPLINE_CURVE_WITH_KNOTS('',3,(#5199,#5200,#5201,#5202),
  .UNSPECIFIED.,.F.,.F.,(4,4),(3.,4.),.PIECEWISE_BEZIER_KNOTS.);
#5199 = CARTESIAN_POINT('',(0.322969247275,-0.515619629261,0.6300001));
#5200 = CARTESIAN_POINT('',(0.322969247275,-0.510795152529,0.6300001));
#5201 = CARTESIAN_POINT('',(0.321330588799,-0.50695220727,0.6300001));
#5202 = CARTESIAN_POINT('',(0.31806158991,-0.504074157358,0.6300001));
#5203 = ORIENTED_EDGE('',*,*,#5204,.F.);
#5204 = EDGE_CURVE('',#5205,#5196,#5207,.T.);
#5205 = VERTEX_POINT('',#5206);
#5206 = CARTESIAN_POINT('',(0.31806158991,-0.527747365597,0.6300001));
#5207 = B_SPLINE_CURVE_WITH_KNOTS('',3,(#5208,#5209,#5210,#5211),
  .UNSPECIFIED.,.F.,.F.,(4,4),(4.,5.),.PIECEWISE_BEZIER_KNOTS.);
#5208 = CARTESIAN_POINT('',(0.31806158991,-0.527747365597,0.6300001));
#5209 = CARTESIAN_POINT('',(0.321330588799,-0.524702954418,0.6300001));
#5210 = CARTESIAN_POINT('',(0.322969247275,-0.520660375639,0.6300001));
#5211 = CARTESIAN_POINT('',(0.322969247275,-0.515619629261,0.6300001));
#5212 = ORIENTED_EDGE('',*,*,#5213,.F.);
#5213 = EDGE_CURVE('',#5166,#5205,#5214,.T.);
#5214 = B_SPLINE_CURVE_WITH_KNOTS('',3,(#5215,#5216,#5217,#5218),
  .UNSPECIFIED.,.F.,.F.,(4,4),(5.,6.),.PIECEWISE_BEZIER_KNOTS.);
#5215 = CARTESIAN_POINT('',(0.305426451711,-0.532305664302,0.6300001));
#5216 = CARTESIAN_POINT('',(0.310575332913,-0.532305664302,0.6300001));
#5217 = CARTESIAN_POINT('',(0.314792591021,-0.530791776776,0.6300001));
#5218 = CARTESIAN_POINT('',(0.31806158991,-0.527747365597,0.6300001));
#5219 = FACE_BOUND('',#5220,.T.);
#5220 = EDGE_LOOP('',(#5221,#5230,#5237,#5244,#5253,#5262,#5271));
#5221 = ORIENTED_EDGE('',*,*,#5222,.T.);
#5222 = EDGE_CURVE('',#5223,#5225,#5227,.T.);
#5223 = VERTEX_POINT('',#5224);
#5224 = CARTESIAN_POINT('',(0.305592812978,-0.503508529051,0.6300001));
#5225 = VERTEX_POINT('',#5226);
#5226 = CARTESIAN_POINT('',(0.30067683755,-0.503508529052,0.6300001));
#5227 = B_SPLINE_CURVE_WITH_KNOTS('',1,(#5228,#5229),.UNSPECIFIED.,.F.,
  .F.,(2,2),(0.,4.915975428067E-03),.PIECEWISE_BEZIER_KNOTS.);
#5228 = CARTESIAN_POINT('',(0.305592812978,-0.503508529052,0.6300001));
#5229 = CARTESIAN_POINT('',(0.30067683755,-0.503508529052,0.6300001));
#5230 = ORIENTED_EDGE('',*,*,#5231,.T.);
#5231 = EDGE_CURVE('',#5225,#5232,#5234,.T.);
#5232 = VERTEX_POINT('',#5233);
#5233 = CARTESIAN_POINT('',(0.30067683755,-0.528595808056,0.6300001));
#5234 = B_SPLINE_CURVE_WITH_KNOTS('',1,(#5235,#5236),.UNSPECIFIED.,.F.,
  .F.,(2,2),(0.,2.508727900492E-02),.PIECEWISE_BEZIER_KNOTS.);
#5235 = CARTESIAN_POINT('',(0.30067683755,-0.503508529052,0.6300001));
#5236 = CARTESIAN_POINT('',(0.30067683755,-0.528595808056,0.6300001));
#5237 = ORIENTED_EDGE('',*,*,#5238,.T.);
#5238 = EDGE_CURVE('',#5232,#5239,#5241,.T.);
#5239 = VERTEX_POINT('',#5240);
#5240 = CARTESIAN_POINT('',(0.305401497521,-0.528595808056,0.6300001));
#5241 = B_SPLINE_CURVE_WITH_KNOTS('',1,(#5242,#5243),.UNSPECIFIED.,.F.,
  .F.,(2,2),(0.,4.724659971683E-03),.PIECEWISE_BEZIER_KNOTS.);
#5242 = CARTESIAN_POINT('',(0.30067683755,-0.528595808056,0.6300001));
#5243 = CARTESIAN_POINT('',(0.305401497521,-0.528595808056,0.6300001));
#5244 = ORIENTED_EDGE('',*,*,#5245,.T.);
#5245 = EDGE_CURVE('',#5239,#5246,#5248,.T.);
#5246 = VERTEX_POINT('',#5247);
#5247 = CARTESIAN_POINT('',(0.315075405175,-0.525202038218,0.6300001));
#5248 = B_SPLINE_CURVE_WITH_KNOTS('',3,(#5249,#5250,#5251,#5252),
  .UNSPECIFIED.,.F.,.F.,(4,4),(2.,3.),.PIECEWISE_BEZIER_KNOTS.);
#5249 = CARTESIAN_POINT('',(0.305401497521,-0.528595808056,0.6300001));
#5250 = CARTESIAN_POINT('',(0.309535574997,-0.528595808056,0.6300001));
#5251 = CARTESIAN_POINT('',(0.312762983569,-0.527464551443,0.6300001));
#5252 = CARTESIAN_POINT('',(0.315075405175,-0.525202038218,0.6300001));
#5253 = ORIENTED_EDGE('',*,*,#5254,.T.);
#5254 = EDGE_CURVE('',#5246,#5255,#5257,.T.);
#5255 = VERTEX_POINT('',#5256);
#5256 = CARTESIAN_POINT('',(0.318552355647,-0.515736082147,0.6300001));
#5257 = B_SPLINE_CURVE_WITH_KNOTS('',3,(#5258,#5259,#5260,#5261),
  .UNSPECIFIED.,.F.,.F.,(4,4),(3.,4.),.PIECEWISE_BEZIER_KNOTS.);
#5258 = CARTESIAN_POINT('',(0.315075405175,-0.525202038218,0.6300001));
#5259 = CARTESIAN_POINT('',(0.317396144844,-0.522956161118,0.6300001));
#5260 = CARTESIAN_POINT('',(0.318552355647,-0.519795297053,0.6300001));
#5261 = CARTESIAN_POINT('',(0.318552355647,-0.515736082147,0.6300001));
#5262 = ORIENTED_EDGE('',*,*,#5263,.T.);
#5263 = EDGE_CURVE('',#5255,#5264,#5266,.T.);
#5264 = VERTEX_POINT('',#5265);
#5265 = CARTESIAN_POINT('',(0.314983906478,-0.506569576357,0.6300001));
#5266 = B_SPLINE_CURVE_WITH_KNOTS('',3,(#5267,#5268,#5269,#5270),
  .UNSPECIFIED.,.F.,.F.,(4,4),(4.,5.),.PIECEWISE_BEZIER_KNOTS.);
#5267 = CARTESIAN_POINT('',(0.318552355647,-0.515736082147,0.6300001));
#5268 = CARTESIAN_POINT('',(0.318552355647,-0.511676867242,0.6300001));
#5269 = CARTESIAN_POINT('',(0.317362872591,-0.508615819936,0.6300001));
#5270 = CARTESIAN_POINT('',(0.314983906478,-0.506569576357,0.6300001));
#5271 = ORIENTED_EDGE('',*,*,#5272,.T.);
#5272 = EDGE_CURVE('',#5264,#5223,#5273,.T.);
#5273 = B_SPLINE_CURVE_WITH_KNOTS('',3,(#5274,#5275,#5276,#5277),
  .UNSPECIFIED.,.F.,.F.,(4,4),(5.,6.),.PIECEWISE_BEZIER_KNOTS.);
#5274 = CARTESIAN_POINT('',(0.314983906478,-0.506569576357,0.6300001));
#5275 = CARTESIAN_POINT('',(0.312604940365,-0.504523332778,0.6300001));
#5276 = CARTESIAN_POINT('',(0.30946903049,-0.503508529051,0.6300001));
#5277 = CARTESIAN_POINT('',(0.305592812978,-0.503508529051,0.6300001));
#5278 = B_SPLINE_SURFACE_WITH_KNOTS('',1,1,(
    (#5279,#5280)
    ,(#5281,#5282
    )),.UNSPECIFIED.,.F.,.F.,.F.,(2,2),(2,2),(-1.60580212596E-02,
    1.043501044813E-02),(-3.146515406357E-02,1.075109685439E-03),
  .PIECEWISE_BEZIER_KNOTS.);
#5279 = CARTESIAN_POINT('',(0.296476215568,-0.532305664302,0.6300001));
#5280 = CARTESIAN_POINT('',(0.296476215568,-0.499765400553,0.6300001));
#5281 = CARTESIAN_POINT('',(0.322969247275,-0.532305664302,0.6300001));
#5282 = CARTESIAN_POINT('',(0.322969247275,-0.499765400553,0.6300001));
#5283 = ADVANCED_FACE('',(#5284),#5298,.F.);
#5284 = FACE_BOUND('',#5285,.T.);
#5285 = EDGE_LOOP('',(#5286,#5287,#5292,#5293));
#5286 = ORIENTED_EDGE('',*,*,#5163,.T.);
#5287 = ORIENTED_EDGE('',*,*,#5288,.F.);
#5288 = EDGE_CURVE('',#5042,#5166,#5289,.T.);
#5289 = B_SPLINE_CURVE_WITH_KNOTS('',1,(#5290,#5291),.UNSPECIFIED.,.F.,
  .F.,(2,2),(-0.,1.E-03),.PIECEWISE_BEZIER_KNOTS.);
#5290 = CARTESIAN_POINT('',(0.305426451711,-0.532305664302,0.6310001));
#5291 = CARTESIAN_POINT('',(0.305426451711,-0.532305664302,0.6300001));
#5292 = ORIENTED_EDGE('',*,*,#5039,.F.);
#5293 = ORIENTED_EDGE('',*,*,#5294,.T.);
#5294 = EDGE_CURVE('',#5040,#5164,#5295,.T.);
#5295 = B_SPLINE_CURVE_WITH_KNOTS('',1,(#5296,#5297),.UNSPECIFIED.,.F.,
  .F.,(2,2),(-0.,1.E-03),.PIECEWISE_BEZIER_KNOTS.);
#5296 = CARTESIAN_POINT('',(0.296476215568,-0.532305664302,0.6310001));
#5297 = CARTESIAN_POINT('',(0.296476215568,-0.532305664302,0.6300001));
#5298 = B_SPLINE_SURFACE_WITH_KNOTS('',1,1,(
    (#5299,#5300)
    ,(#5301,#5302)),.UNSPECIFIED.,.F.,.F.,.F.,(2,2),(2,2),(-1.E-03,0.),(
    -8.95023614366E-03,0.),.PIECEWISE_BEZIER_KNOTS.);
#5299 = CARTESIAN_POINT('',(0.296476215568,-0.532305664302,0.6300001));
#5300 = CARTESIAN_POINT('',(0.305426451711,-0.532305664302,0.6300001));
#5301 = CARTESIAN_POINT('',(0.296476215568,-0.532305664302,0.6310001));
#5302 = CARTESIAN_POINT('',(0.305426451711,-0.532305664302,0.6310001));
#5303 = ADVANCED_FACE('',(#5304),#5314,.F.);
#5304 = FACE_BOUND('',#5305,.F.);
#5305 = EDGE_LOOP('',(#5306,#5307,#5308,#5313));
#5306 = ORIENTED_EDGE('',*,*,#5288,.F.);
#5307 = ORIENTED_EDGE('',*,*,#5048,.T.);
#5308 = ORIENTED_EDGE('',*,*,#5309,.T.);
#5309 = EDGE_CURVE('',#5049,#5205,#5310,.T.);
#5310 = B_SPLINE_CURVE_WITH_KNOTS('',1,(#5311,#5312),.UNSPECIFIED.,.F.,
  .F.,(2,2),(-0.,1.E-03),.PIECEWISE_BEZIER_KNOTS.);
#5311 = CARTESIAN_POINT('',(0.31806158991,-0.527747365597,0.6310001));
#5312 = CARTESIAN_POINT('',(0.31806158991,-0.527747365597,0.6300001));
#5313 = ORIENTED_EDGE('',*,*,#5213,.F.);
#5314 = B_SPLINE_SURFACE_WITH_KNOTS('',3,1,(
    (#5315,#5316)
    ,(#5317,#5318)
    ,(#5319,#5320)
    ,(#5321,#5322
    )),.UNSPECIFIED.,.F.,.F.,.F.,(4,4),(2,2),(5.,6.),(0.,1.),
  .PIECEWISE_BEZIER_KNOTS.);
#5315 = CARTESIAN_POINT('',(0.305426451711,-0.532305664302,0.6310001));
#5316 = CARTESIAN_POINT('',(0.305426451711,-0.532305664302,0.6300001));
#5317 = CARTESIAN_POINT('',(0.310575332913,-0.532305664302,0.6310001));
#5318 = CARTESIAN_POINT('',(0.310575332913,-0.532305664302,0.6300001));
#5319 = CARTESIAN_POINT('',(0.314792591021,-0.530791776776,0.6310001));
#5320 = CARTESIAN_POINT('',(0.314792591021,-0.530791776776,0.6300001));
#5321 = CARTESIAN_POINT('',(0.31806158991,-0.527747365597,0.6310001));
#5322 = CARTESIAN_POINT('',(0.31806158991,-0.527747365597,0.6300001));
#5323 = ADVANCED_FACE('',(#5324),#5334,.F.);
#5324 = FACE_BOUND('',#5325,.F.);
#5325 = EDGE_LOOP('',(#5326,#5327,#5328,#5333));
#5326 = ORIENTED_EDGE('',*,*,#5309,.F.);
#5327 = ORIENTED_EDGE('',*,*,#5057,.T.);
#5328 = ORIENTED_EDGE('',*,*,#5329,.T.);
#5329 = EDGE_CURVE('',#5058,#5196,#5330,.T.);
#5330 = B_SPLINE_CURVE_WITH_KNOTS('',1,(#5331,#5332),.UNSPECIFIED.,.F.,
  .F.,(2,2),(-0.,1.E-03),.PIECEWISE_BEZIER_KNOTS.);
#5331 = CARTESIAN_POINT('',(0.322969247275,-0.515619629261,0.6310001));
#5332 = CARTESIAN_POINT('',(0.322969247275,-0.515619629261,0.6300001));
#5333 = ORIENTED_EDGE('',*,*,#5204,.F.);
#5334 = B_SPLINE_SURFACE_WITH_KNOTS('',3,1,(
    (#5335,#5336)
    ,(#5337,#5338)
    ,(#5339,#5340)
    ,(#5341,#5342
    )),.UNSPECIFIED.,.F.,.F.,.F.,(4,4),(2,2),(4.,5.),(0.,1.),
  .PIECEWISE_BEZIER_KNOTS.);
#5335 = CARTESIAN_POINT('',(0.31806158991,-0.527747365597,0.6310001));
#5336 = CARTESIAN_POINT('',(0.31806158991,-0.527747365597,0.6300001));
#5337 = CARTESIAN_POINT('',(0.321330588799,-0.524702954418,0.6310001));
#5338 = CARTESIAN_POINT('',(0.321330588799,-0.524702954418,0.6300001));
#5339 = CARTESIAN_POINT('',(0.322969247275,-0.520660375639,0.6310001));
#5340 = CARTESIAN_POINT('',(0.322969247275,-0.520660375639,0.6300001));
#5341 = CARTESIAN_POINT('',(0.322969247275,-0.515619629261,0.6310001));
#5342 = CARTESIAN_POINT('',(0.322969247275,-0.515619629261,0.6300001));
#5343 = ADVANCED_FACE('',(#5344),#5354,.F.);
#5344 = FACE_BOUND('',#5345,.F.);
#5345 = EDGE_LOOP('',(#5346,#5347,#5348,#5353));
#5346 = ORIENTED_EDGE('',*,*,#5329,.F.);
#5347 = ORIENTED_EDGE('',*,*,#5066,.T.);
#5348 = ORIENTED_EDGE('',*,*,#5349,.T.);
#5349 = EDGE_CURVE('',#5067,#5187,#5350,.T.);
#5350 = B_SPLINE_CURVE_WITH_KNOTS('',1,(#5351,#5352),.UNSPECIFIED.,.F.,
  .F.,(2,2),(-0.,1.E-03),.PIECEWISE_BEZIER_KNOTS.);
#5351 = CARTESIAN_POINT('',(0.31806158991,-0.504074157358,0.6310001));
#5352 = CARTESIAN_POINT('',(0.31806158991,-0.504074157358,0.6300001));
#5353 = ORIENTED_EDGE('',*,*,#5195,.F.);
#5354 = B_SPLINE_SURFACE_WITH_KNOTS('',3,1,(
    (#5355,#5356)
    ,(#5357,#5358)
    ,(#5359,#5360)
    ,(#5361,#5362
    )),.UNSPECIFIED.,.F.,.F.,.F.,(4,4),(2,2),(3.,4.),(0.,1.),
  .PIECEWISE_BEZIER_KNOTS.);
#5355 = CARTESIAN_POINT('',(0.322969247275,-0.515619629261,0.6310001));
#5356 = CARTESIAN_POINT('',(0.322969247275,-0.515619629261,0.6300001));
#5357 = CARTESIAN_POINT('',(0.322969247275,-0.510795152529,0.6310001));
#5358 = CARTESIAN_POINT('',(0.322969247275,-0.510795152529,0.6300001));
#5359 = CARTESIAN_POINT('',(0.321330588799,-0.50695220727,0.6310001));
#5360 = CARTESIAN_POINT('',(0.321330588799,-0.50695220727,0.6300001));
#5361 = CARTESIAN_POINT('',(0.31806158991,-0.504074157358,0.6310001));
#5362 = CARTESIAN_POINT('',(0.31806158991,-0.504074157358,0.6300001));
#5363 = ADVANCED_FACE('',(#5364),#5374,.F.);
#5364 = FACE_BOUND('',#5365,.F.);
#5365 = EDGE_LOOP('',(#5366,#5367,#5368,#5373));
#5366 = ORIENTED_EDGE('',*,*,#5349,.F.);
#5367 = ORIENTED_EDGE('',*,*,#5075,.T.);
#5368 = ORIENTED_EDGE('',*,*,#5369,.T.);
#5369 = EDGE_CURVE('',#5076,#5180,#5370,.T.);
#5370 = B_SPLINE_CURVE_WITH_KNOTS('',1,(#5371,#5372),.UNSPECIFIED.,.F.,
  .F.,(2,2),(-0.,1.E-03),.PIECEWISE_BEZIER_KNOTS.);
#5371 = CARTESIAN_POINT('',(0.305759174245,-0.499765400553,0.6310001));
#5372 = CARTESIAN_POINT('',(0.305759174245,-0.499765400553,0.6300001));
#5373 = ORIENTED_EDGE('',*,*,#5186,.F.);
#5374 = B_SPLINE_SURFACE_WITH_KNOTS('',3,1,(
    (#5375,#5376)
    ,(#5377,#5378)
    ,(#5379,#5380)
    ,(#5381,#5382
    )),.UNSPECIFIED.,.F.,.F.,.F.,(4,4),(2,2),(2.,3.),(0.,1.),
  .PIECEWISE_BEZIER_KNOTS.);
#5375 = CARTESIAN_POINT('',(0.31806158991,-0.504074157358,0.6310001));
#5376 = CARTESIAN_POINT('',(0.31806158991,-0.504074157358,0.6300001));
#5377 = CARTESIAN_POINT('',(0.314792591021,-0.501196107446,0.6310001));
#5378 = CARTESIAN_POINT('',(0.314792591021,-0.501196107446,0.6300001));
#5379 = CARTESIAN_POINT('',(0.310691785799,-0.499765400553,0.6310001));
#5380 = CARTESIAN_POINT('',(0.310691785799,-0.499765400553,0.6300001));
#5381 = CARTESIAN_POINT('',(0.305759174245,-0.499765400553,0.6310001));
#5382 = CARTESIAN_POINT('',(0.305759174245,-0.499765400553,0.6300001));
#5383 = ADVANCED_FACE('',(#5384),#5394,.F.);
#5384 = FACE_BOUND('',#5385,.T.);
#5385 = EDGE_LOOP('',(#5386,#5387,#5392,#5393));
#5386 = ORIENTED_EDGE('',*,*,#5179,.T.);
#5387 = ORIENTED_EDGE('',*,*,#5388,.F.);
#5388 = EDGE_CURVE('',#5085,#5173,#5389,.T.);
#5389 = B_SPLINE_CURVE_WITH_KNOTS('',1,(#5390,#5391),.UNSPECIFIED.,.F.,
  .F.,(2,2),(-0.,1.E-03),.PIECEWISE_BEZIER_KNOTS.);
#5390 = CARTESIAN_POINT('',(0.296476215568,-0.499765400553,0.6310001));
#5391 = CARTESIAN_POINT('',(0.296476215568,-0.499765400553,0.6300001));
#5392 = ORIENTED_EDGE('',*,*,#5084,.F.);
#5393 = ORIENTED_EDGE('',*,*,#5369,.T.);
#5394 = B_SPLINE_SURFACE_WITH_KNOTS('',1,1,(
    (#5395,#5396)
    ,(#5397,#5398
    )),.UNSPECIFIED.,.F.,.F.,.F.,(2,2),(2,2),(0.,1.E-03),(0.,
    9.282958676945E-03),.PIECEWISE_BEZIER_KNOTS.);
#5395 = CARTESIAN_POINT('',(0.296476215568,-0.499765400553,0.6310001));
#5396 = CARTESIAN_POINT('',(0.305759174245,-0.499765400553,0.6310001));
#5397 = CARTESIAN_POINT('',(0.296476215568,-0.499765400553,0.6300001));
#5398 = CARTESIAN_POINT('',(0.305759174245,-0.499765400553,0.6300001));
#5399 = ADVANCED_FACE('',(#5400),#5406,.F.);
#5400 = FACE_BOUND('',#5401,.T.);
#5401 = EDGE_LOOP('',(#5402,#5403,#5404,#5405));
#5402 = ORIENTED_EDGE('',*,*,#5172,.T.);
#5403 = ORIENTED_EDGE('',*,*,#5294,.F.);
#5404 = ORIENTED_EDGE('',*,*,#5091,.F.);
#5405 = ORIENTED_EDGE('',*,*,#5388,.T.);
#5406 = B_SPLINE_SURFACE_WITH_KNOTS('',1,1,(
    (#5407,#5408)
    ,(#5409,#5410
    )),.UNSPECIFIED.,.F.,.F.,.F.,(2,2),(2,2),(0.,1.E-03),(0.,
    3.254026374901E-02),.PIECEWISE_BEZIER_KNOTS.);
#5407 = CARTESIAN_POINT('',(0.296476215568,-0.532305664302,0.6310001));
#5408 = CARTESIAN_POINT('',(0.296476215568,-0.499765400553,0.6310001));
#5409 = CARTESIAN_POINT('',(0.296476215568,-0.532305664302,0.6300001));
#5410 = CARTESIAN_POINT('',(0.296476215568,-0.499765400553,0.6300001));
#5411 = ADVANCED_FACE('',(#5412),#5426,.T.);
#5412 = FACE_BOUND('',#5413,.T.);
#5413 = EDGE_LOOP('',(#5414,#5415,#5420,#5421));
#5414 = ORIENTED_EDGE('',*,*,#5222,.F.);
#5415 = ORIENTED_EDGE('',*,*,#5416,.F.);
#5416 = EDGE_CURVE('',#5108,#5223,#5417,.T.);
#5417 = B_SPLINE_CURVE_WITH_KNOTS('',1,(#5418,#5419),.UNSPECIFIED.,.F.,
  .F.,(2,2),(-0.,1.E-03),.PIECEWISE_BEZIER_KNOTS.);
#5418 = CARTESIAN_POINT('',(0.305592812978,-0.503508529051,0.6310001));
#5419 = CARTESIAN_POINT('',(0.305592812978,-0.503508529051,0.6300001));
#5420 = ORIENTED_EDGE('',*,*,#5107,.T.);
#5421 = ORIENTED_EDGE('',*,*,#5422,.T.);
#5422 = EDGE_CURVE('',#5099,#5225,#5423,.T.);
#5423 = B_SPLINE_CURVE_WITH_KNOTS('',1,(#5424,#5425),.UNSPECIFIED.,.F.,
  .F.,(2,2),(-0.,1.E-03),.PIECEWISE_BEZIER_KNOTS.);
#5424 = CARTESIAN_POINT('',(0.30067683755,-0.503508529052,0.6310001));
#5425 = CARTESIAN_POINT('',(0.30067683755,-0.503508529052,0.6300001));
#5426 = B_SPLINE_SURFACE_WITH_KNOTS('',1,1,(
    (#5427,#5428)
    ,(#5429,#5430)),.UNSPECIFIED.,.F.,.F.,.F.,(2,2),(2,2),(0.,1.E-03),(
    -4.915975428067E-03,0.),.PIECEWISE_BEZIER_KNOTS.);
#5427 = CARTESIAN_POINT('',(0.30067683755,-0.503508529052,0.6310001));
#5428 = CARTESIAN_POINT('',(0.305592812978,-0.503508529052,0.6310001));
#5429 = CARTESIAN_POINT('',(0.30067683755,-0.503508529052,0.6300001));
#5430 = CARTESIAN_POINT('',(0.305592812978,-0.503508529052,0.6300001));
#5431 = ADVANCED_FACE('',(#5432),#5442,.T.);
#5432 = FACE_BOUND('',#5433,.T.);
#5433 = EDGE_LOOP('',(#5434,#5435,#5436,#5437));
#5434 = ORIENTED_EDGE('',*,*,#5231,.F.);
#5435 = ORIENTED_EDGE('',*,*,#5422,.F.);
#5436 = ORIENTED_EDGE('',*,*,#5098,.T.);
#5437 = ORIENTED_EDGE('',*,*,#5438,.T.);
#5438 = EDGE_CURVE('',#5101,#5232,#5439,.T.);
#5439 = B_SPLINE_CURVE_WITH_KNOTS('',1,(#5440,#5441),.UNSPECIFIED.,.F.,
  .F.,(2,2),(-0.,1.E-03),.PIECEWISE_BEZIER_KNOTS.);
#5440 = CARTESIAN_POINT('',(0.30067683755,-0.528595808056,0.6310001));
#5441 = CARTESIAN_POINT('',(0.30067683755,-0.528595808056,0.6300001));
#5442 = B_SPLINE_SURFACE_WITH_KNOTS('',1,1,(
    (#5443,#5444)
    ,(#5445,#5446)),.UNSPECIFIED.,.F.,.F.,.F.,(2,2),(2,2),(0.,1.E-03),(
    -2.508727900492E-02,0.),.PIECEWISE_BEZIER_KNOTS.);
#5443 = CARTESIAN_POINT('',(0.30067683755,-0.528595808056,0.6310001));
#5444 = CARTESIAN_POINT('',(0.30067683755,-0.503508529052,0.6310001));
#5445 = CARTESIAN_POINT('',(0.30067683755,-0.528595808056,0.6300001));
#5446 = CARTESIAN_POINT('',(0.30067683755,-0.503508529052,0.6300001));
#5447 = ADVANCED_FACE('',(#5448),#5458,.T.);
#5448 = FACE_BOUND('',#5449,.T.);
#5449 = EDGE_LOOP('',(#5450,#5451,#5452,#5453));
#5450 = ORIENTED_EDGE('',*,*,#5238,.F.);
#5451 = ORIENTED_EDGE('',*,*,#5438,.F.);
#5452 = ORIENTED_EDGE('',*,*,#5150,.T.);
#5453 = ORIENTED_EDGE('',*,*,#5454,.T.);
#5454 = EDGE_CURVE('',#5142,#5239,#5455,.T.);
#5455 = B_SPLINE_CURVE_WITH_KNOTS('',1,(#5456,#5457),.UNSPECIFIED.,.F.,
  .F.,(2,2),(-0.,1.E-03),.PIECEWISE_BEZIER_KNOTS.);
#5456 = CARTESIAN_POINT('',(0.305401497521,-0.528595808056,0.6310001));
#5457 = CARTESIAN_POINT('',(0.305401497521,-0.528595808056,0.6300001));
#5458 = B_SPLINE_SURFACE_WITH_KNOTS('',1,1,(
    (#5459,#5460)
    ,(#5461,#5462
    )),.UNSPECIFIED.,.F.,.F.,.F.,(2,2),(2,2),(-1.E-03,0.),(0.,
    4.724659971683E-03),.PIECEWISE_BEZIER_KNOTS.);
#5459 = CARTESIAN_POINT('',(0.30067683755,-0.528595808056,0.6300001));
#5460 = CARTESIAN_POINT('',(0.305401497521,-0.528595808056,0.6300001));
#5461 = CARTESIAN_POINT('',(0.30067683755,-0.528595808056,0.6310001));
#5462 = CARTESIAN_POINT('',(0.305401497521,-0.528595808056,0.6310001));
#5463 = ADVANCED_FACE('',(#5464),#5474,.T.);
#5464 = FACE_BOUND('',#5465,.T.);
#5465 = EDGE_LOOP('',(#5466,#5467,#5468,#5469));
#5466 = ORIENTED_EDGE('',*,*,#5245,.F.);
#5467 = ORIENTED_EDGE('',*,*,#5454,.F.);
#5468 = ORIENTED_EDGE('',*,*,#5141,.T.);
#5469 = ORIENTED_EDGE('',*,*,#5470,.T.);
#5470 = EDGE_CURVE('',#5133,#5246,#5471,.T.);
#5471 = B_SPLINE_CURVE_WITH_KNOTS('',1,(#5472,#5473),.UNSPECIFIED.,.F.,
  .F.,(2,2),(-0.,1.E-03),.PIECEWISE_BEZIER_KNOTS.);
#5472 = CARTESIAN_POINT('',(0.315075405175,-0.525202038218,0.6310001));
#5473 = CARTESIAN_POINT('',(0.315075405175,-0.525202038218,0.6300001));
#5474 = B_SPLINE_SURFACE_WITH_KNOTS('',3,1,(
    (#5475,#5476)
    ,(#5477,#5478)
    ,(#5479,#5480)
    ,(#5481,#5482
    )),.UNSPECIFIED.,.F.,.F.,.F.,(4,4),(2,2),(2.,3.),(0.,1.),
  .PIECEWISE_BEZIER_KNOTS.);
#5475 = CARTESIAN_POINT('',(0.305401497521,-0.528595808056,0.6310001));
#5476 = CARTESIAN_POINT('',(0.305401497521,-0.528595808056,0.6300001));
#5477 = CARTESIAN_POINT('',(0.309535574997,-0.528595808056,0.6310001));
#5478 = CARTESIAN_POINT('',(0.309535574997,-0.528595808056,0.6300001));
#5479 = CARTESIAN_POINT('',(0.312762983569,-0.527464551443,0.6310001));
#5480 = CARTESIAN_POINT('',(0.312762983569,-0.527464551443,0.6300001));
#5481 = CARTESIAN_POINT('',(0.315075405175,-0.525202038218,0.6310001));
#5482 = CARTESIAN_POINT('',(0.315075405175,-0.525202038218,0.6300001));
#5483 = ADVANCED_FACE('',(#5484),#5494,.T.);
#5484 = FACE_BOUND('',#5485,.T.);
#5485 = EDGE_LOOP('',(#5486,#5487,#5488,#5489));
#5486 = ORIENTED_EDGE('',*,*,#5254,.F.);
#5487 = ORIENTED_EDGE('',*,*,#5470,.F.);
#5488 = ORIENTED_EDGE('',*,*,#5132,.T.);
#5489 = ORIENTED_EDGE('',*,*,#5490,.T.);
#5490 = EDGE_CURVE('',#5124,#5255,#5491,.T.);
#5491 = B_SPLINE_CURVE_WITH_KNOTS('',1,(#5492,#5493),.UNSPECIFIED.,.F.,
  .F.,(2,2),(-0.,1.E-03),.PIECEWISE_BEZIER_KNOTS.);
#5492 = CARTESIAN_POINT('',(0.318552355647,-0.515736082147,0.6310001));
#5493 = CARTESIAN_POINT('',(0.318552355647,-0.515736082147,0.6300001));
#5494 = B_SPLINE_SURFACE_WITH_KNOTS('',3,1,(
    (#5495,#5496)
    ,(#5497,#5498)
    ,(#5499,#5500)
    ,(#5501,#5502
    )),.UNSPECIFIED.,.F.,.F.,.F.,(4,4),(2,2),(3.,4.),(0.,1.),
  .PIECEWISE_BEZIER_KNOTS.);
#5495 = CARTESIAN_POINT('',(0.315075405175,-0.525202038218,0.6310001));
#5496 = CARTESIAN_POINT('',(0.315075405175,-0.525202038218,0.6300001));
#5497 = CARTESIAN_POINT('',(0.317396144844,-0.522956161118,0.6310001));
#5498 = CARTESIAN_POINT('',(0.317396144844,-0.522956161118,0.6300001));
#5499 = CARTESIAN_POINT('',(0.318552355647,-0.519795297053,0.6310001));
#5500 = CARTESIAN_POINT('',(0.318552355647,-0.519795297053,0.6300001));
#5501 = CARTESIAN_POINT('',(0.318552355647,-0.515736082147,0.6310001));
#5502 = CARTESIAN_POINT('',(0.318552355647,-0.515736082147,0.6300001));
#5503 = ADVANCED_FACE('',(#5504),#5514,.T.);
#5504 = FACE_BOUND('',#5505,.T.);
#5505 = EDGE_LOOP('',(#5506,#5507,#5508,#5509));
#5506 = ORIENTED_EDGE('',*,*,#5263,.F.);
#5507 = ORIENTED_EDGE('',*,*,#5490,.F.);
#5508 = ORIENTED_EDGE('',*,*,#5123,.T.);
#5509 = ORIENTED_EDGE('',*,*,#5510,.T.);
#5510 = EDGE_CURVE('',#5115,#5264,#5511,.T.);
#5511 = B_SPLINE_CURVE_WITH_KNOTS('',1,(#5512,#5513),.UNSPECIFIED.,.F.,
  .F.,(2,2),(-0.,1.E-03),.PIECEWISE_BEZIER_KNOTS.);
#5512 = CARTESIAN_POINT('',(0.314983906478,-0.506569576357,0.6310001));
#5513 = CARTESIAN_POINT('',(0.314983906478,-0.506569576357,0.6300001));
#5514 = B_SPLINE_SURFACE_WITH_KNOTS('',3,1,(
    (#5515,#5516)
    ,(#5517,#5518)
    ,(#5519,#5520)
    ,(#5521,#5522
    )),.UNSPECIFIED.,.F.,.F.,.F.,(4,4),(2,2),(4.,5.),(0.,1.),
  .PIECEWISE_BEZIER_KNOTS.);
#5515 = CARTESIAN_POINT('',(0.318552355647,-0.515736082147,0.6310001));
#5516 = CARTESIAN_POINT('',(0.318552355647,-0.515736082147,0.6300001));
#5517 = CARTESIAN_POINT('',(0.318552355647,-0.511676867242,0.6310001));
#5518 = CARTESIAN_POINT('',(0.318552355647,-0.511676867242,0.6300001));
#5519 = CARTESIAN_POINT('',(0.317362872591,-0.508615819936,0.6310001));
#5520 = CARTESIAN_POINT('',(0.317362872591,-0.508615819936,0.6300001));
#5521 = CARTESIAN_POINT('',(0.314983906478,-0.506569576357,0.6310001));
#5522 = CARTESIAN_POINT('',(0.314983906478,-0.506569576357,0.6300001));
#5523 = ADVANCED_FACE('',(#5524),#5530,.T.);
#5524 = FACE_BOUND('',#5525,.T.);
#5525 = EDGE_LOOP('',(#5526,#5527,#5528,#5529));
#5526 = ORIENTED_EDGE('',*,*,#5272,.F.);
#5527 = ORIENTED_EDGE('',*,*,#5510,.F.);
#5528 = ORIENTED_EDGE('',*,*,#5114,.T.);
#5529 = ORIENTED_EDGE('',*,*,#5416,.T.);
#5530 = B_SPLINE_SURFACE_WITH_KNOTS('',3,1,(
    (#5531,#5532)
    ,(#5533,#5534)
    ,(#5535,#5536)
    ,(#5537,#5538
    )),.UNSPECIFIED.,.F.,.F.,.F.,(4,4),(2,2),(5.,6.),(0.,1.),
  .PIECEWISE_BEZIER_KNOTS.);
#5531 = CARTESIAN_POINT('',(0.314983906478,-0.506569576357,0.6310001));
#5532 = CARTESIAN_POINT('',(0.314983906478,-0.506569576357,0.6300001));
#5533 = CARTESIAN_POINT('',(0.312604940365,-0.504523332778,0.6310001));
#5534 = CARTESIAN_POINT('',(0.312604940365,-0.504523332778,0.6300001));
#5535 = CARTESIAN_POINT('',(0.30946903049,-0.503508529051,0.6310001));
#5536 = CARTESIAN_POINT('',(0.30946903049,-0.503508529051,0.6300001));
#5537 = CARTESIAN_POINT('',(0.305592812978,-0.503508529051,0.6310001));
#5538 = CARTESIAN_POINT('',(0.305592812978,-0.503508529051,0.6300001));
#5539 = MANIFOLD_SOLID_BREP('',#5540);
#5540 = CLOSED_SHELL('',(#5541,#5653,#5765,#5785,#5801,#5817,#5833,#5849
    ,#5865,#5881,#5893,#5913,#5929,#5949,#5965,#5985));
#5541 = ADVANCED_FACE('',(#5542,#5600),#5648,.F.);
#5542 = FACE_BOUND('',#5543,.T.);
#5543 = EDGE_LOOP('',(#5544,#5553,#5560,#5567,#5574,#5581,#5588,#5595));
#5544 = ORIENTED_EDGE('',*,*,#5545,.T.);
#5545 = EDGE_CURVE('',#5546,#5548,#5550,.T.);
#5546 = VERTEX_POINT('',#5547);
#5547 = CARTESIAN_POINT('',(0.354053849942,-0.532305664302,0.6310001));
#5548 = VERTEX_POINT('',#5549);
#5549 = CARTESIAN_POINT('',(0.341659935579,-0.499765400553,0.6310001));
#5550 = B_SPLINE_CURVE_WITH_KNOTS('',1,(#5551,#5552),.UNSPECIFIED.,.F.,
  .F.,(2,2),(-3.482065303928E-02,0.),.PIECEWISE_BEZIER_KNOTS.);
#5551 = CARTESIAN_POINT('',(0.354053849942,-0.532305664302,0.6310001));
#5552 = CARTESIAN_POINT('',(0.341659935579,-0.499765400553,0.6310001));
#5553 = ORIENTED_EDGE('',*,*,#5554,.T.);
#5554 = EDGE_CURVE('',#5548,#5555,#5557,.T.);
#5555 = VERTEX_POINT('',#5556);
#5556 = CARTESIAN_POINT('',(0.337168181381,-0.499765400553,0.6310001));
#5557 = B_SPLINE_CURVE_WITH_KNOTS('',1,(#5558,#5559),.UNSPECIFIED.,.F.,
  .F.,(2,2),(-4.491754198472E-03,-0.),.PIECEWISE_BEZIER_KNOTS.);
#5558 = CARTESIAN_POINT('',(0.341659935579,-0.499765400553,0.6310001));
#5559 = CARTESIAN_POINT('',(0.337168181381,-0.499765400553,0.6310001));
#5560 = ORIENTED_EDGE('',*,*,#5561,.T.);
#5561 = EDGE_CURVE('',#5555,#5562,#5564,.T.);
#5562 = VERTEX_POINT('',#5563);
#5563 = CARTESIAN_POINT('',(0.324774267018,-0.532305664302,0.6310001));
#5564 = B_SPLINE_CURVE_WITH_KNOTS('',1,(#5565,#5566),.UNSPECIFIED.,.F.,
  .F.,(2,2),(-3.48206530392E-02,-0.),.PIECEWISE_BEZIER_KNOTS.);
#5565 = CARTESIAN_POINT('',(0.337168181381,-0.499765400553,0.6310001));
#5566 = CARTESIAN_POINT('',(0.324774267018,-0.532305664302,0.6310001));
#5567 = ORIENTED_EDGE('',*,*,#5568,.T.);
#5568 = EDGE_CURVE('',#5562,#5569,#5571,.T.);
#5569 = VERTEX_POINT('',#5570);
#5570 = CARTESIAN_POINT('',(0.329415746356,-0.532305664302,0.6310001));
#5571 = B_SPLINE_CURVE_WITH_KNOTS('',1,(#5572,#5573),.UNSPECIFIED.,.F.,
  .F.,(2,2),(-4.641479338251E-03,0.),.PIECEWISE_BEZIER_KNOTS.);
#5572 = CARTESIAN_POINT('',(0.324774267018,-0.532305664302,0.6310001));
#5573 = CARTESIAN_POINT('',(0.329415746356,-0.532305664302,0.6310001));
#5574 = ORIENTED_EDGE('',*,*,#5575,.T.);
#5575 = EDGE_CURVE('',#5569,#5576,#5578,.T.);
#5576 = VERTEX_POINT('',#5577);
#5577 = CARTESIAN_POINT('',(0.332543338169,-0.523405336538,0.6310001));
#5578 = B_SPLINE_CURVE_WITH_KNOTS('',1,(#5579,#5580),.UNSPECIFIED.,.F.,
  .F.,(2,2),(-9.433857368332E-03,0.),.PIECEWISE_BEZIER_KNOTS.);
#5579 = CARTESIAN_POINT('',(0.329415746356,-0.532305664302,0.6310001));
#5580 = CARTESIAN_POINT('',(0.332543338169,-0.523405336538,0.6310001));
#5581 = ORIENTED_EDGE('',*,*,#5582,.T.);
#5582 = EDGE_CURVE('',#5576,#5583,#5585,.T.);
#5583 = VERTEX_POINT('',#5584);
#5584 = CARTESIAN_POINT('',(0.346093463334,-0.523405336538,0.6310001));
#5585 = B_SPLINE_CURVE_WITH_KNOTS('',1,(#5586,#5587),.UNSPECIFIED.,.F.,
  .F.,(2,2),(-1.355012516553E-02,0.),.PIECEWISE_BEZIER_KNOTS.);
#5586 = CARTESIAN_POINT('',(0.332543338169,-0.523405336538,0.6310001));
#5587 = CARTESIAN_POINT('',(0.346093463334,-0.523405336538,0.6310001));
#5588 = ORIENTED_EDGE('',*,*,#5589,.T.);
#5589 = EDGE_CURVE('',#5583,#5590,#5592,.T.);
#5590 = VERTEX_POINT('',#5591);
#5591 = CARTESIAN_POINT('',(0.349412370603,-0.532305664302,0.6310001));
#5592 = B_SPLINE_CURVE_WITH_KNOTS('',1,(#5593,#5594),.UNSPECIFIED.,.F.,
  .F.,(2,2),(-9.498998882053E-03,0.),.PIECEWISE_BEZIER_KNOTS.);
#5593 = CARTESIAN_POINT('',(0.346093463334,-0.523405336538,0.6310001));
#5594 = CARTESIAN_POINT('',(0.349412370603,-0.532305664302,0.6310001));
#5595 = ORIENTED_EDGE('',*,*,#5596,.T.);
#5596 = EDGE_CURVE('',#5590,#5546,#5597,.T.);
#5597 = B_SPLINE_CURVE_WITH_KNOTS('',1,(#5598,#5599),.UNSPECIFIED.,.F.,
  .F.,(2,2),(-4.641479338472E-03,0.),.PIECEWISE_BEZIER_KNOTS.);
#5598 = CARTESIAN_POINT('',(0.349412370603,-0.532305664302,0.6310001));
#5599 = CARTESIAN_POINT('',(0.354053849942,-0.532305664302,0.6310001));
#5600 = FACE_BOUND('',#5601,.T.);
#5601 = EDGE_LOOP('',(#5602,#5611,#5618,#5627,#5634,#5643));
#5602 = ORIENTED_EDGE('',*,*,#5603,.F.);
#5603 = EDGE_CURVE('',#5604,#5606,#5608,.T.);
#5604 = VERTEX_POINT('',#5605);
#5605 = CARTESIAN_POINT('',(0.333874228302,-0.519728752546,0.6310001));
#5606 = VERTEX_POINT('',#5607);
#5607 = CARTESIAN_POINT('',(0.344795845455,-0.519728752546,0.6310001));
#5608 = B_SPLINE_CURVE_WITH_KNOTS('',1,(#5609,#5610),.UNSPECIFIED.,.F.,
  .F.,(2,2),(0.,1.092161715297E-02),.PIECEWISE_BEZIER_KNOTS.);
#5609 = CARTESIAN_POINT('',(0.333874228302,-0.519728752546,0.6310001));
#5610 = CARTESIAN_POINT('',(0.344795845455,-0.519728752546,0.6310001));
#5611 = ORIENTED_EDGE('',*,*,#5612,.F.);
#5612 = EDGE_CURVE('',#5613,#5604,#5615,.T.);
#5613 = VERTEX_POINT('',#5614);
#5614 = CARTESIAN_POINT('',(0.33874029535,-0.506203581571,0.6310001));
#5615 = B_SPLINE_CURVE_WITH_KNOTS('',1,(#5616,#5617),.UNSPECIFIED.,.F.,
  .F.,(2,2),(-2.653111204979E-16,1.437389503341E-02),
  .PIECEWISE_BEZIER_KNOTS.);
#5616 = CARTESIAN_POINT('',(0.33874029535,-0.506203581571,0.6310001));
#5617 = CARTESIAN_POINT('',(0.333874228302,-0.519728752546,0.6310001));
#5618 = ORIENTED_EDGE('',*,*,#5619,.F.);
#5619 = EDGE_CURVE('',#5620,#5613,#5622,.T.);
#5620 = VERTEX_POINT('',#5621);
#5621 = CARTESIAN_POINT('',(0.339272651403,-0.503924432218,0.6310001));
#5622 = B_SPLINE_CURVE_WITH_KNOTS('',3,(#5623,#5624,#5625,#5626),
  .UNSPECIFIED.,.F.,.F.,(4,4),(3.,4.),.PIECEWISE_BEZIER_KNOTS.);
#5623 = CARTESIAN_POINT('',(0.339272651403,-0.503924432218,0.6310001));
#5624 = CARTESIAN_POINT('',(0.3391146082,-0.504905963691,0.6310001));
#5625 = CARTESIAN_POINT('',(0.33893992887,-0.505671225517,0.6310001));
#5626 = CARTESIAN_POINT('',(0.33874029535,-0.506203581571,0.6310001));
#5627 = ORIENTED_EDGE('',*,*,#5628,.F.);
#5628 = EDGE_CURVE('',#5629,#5620,#5631,.T.);
#5629 = VERTEX_POINT('',#5630);
#5630 = CARTESIAN_POINT('',(0.339372468163,-0.503924432218,0.6310001));
#5631 = B_SPLINE_CURVE_WITH_KNOTS('',1,(#5632,#5633),.UNSPECIFIED.,.F.,
  .F.,(2,2),(0.,9.981675985271E-05),.PIECEWISE_BEZIER_KNOTS.);
#5632 = CARTESIAN_POINT('',(0.339372468163,-0.503924432218,0.6310001));
#5633 = CARTESIAN_POINT('',(0.339272651403,-0.503924432218,0.6310001));
#5634 = ORIENTED_EDGE('',*,*,#5635,.F.);
#5635 = EDGE_CURVE('',#5636,#5629,#5638,.T.);
#5636 = VERTEX_POINT('',#5637);
#5637 = CARTESIAN_POINT('',(0.339879870026,-0.506203581571,0.6310001));
#5638 = B_SPLINE_CURVE_WITH_KNOTS('',3,(#5639,#5640,#5641,#5642),
  .UNSPECIFIED.,.F.,.F.,(4,4),(1.,2.),.PIECEWISE_BEZIER_KNOTS.);
#5639 = CARTESIAN_POINT('',(0.339879870026,-0.506203581571,0.6310001));
#5640 = CARTESIAN_POINT('',(0.339721826823,-0.505754406151,0.6310001));
#5641 = CARTESIAN_POINT('',(0.339555465556,-0.505005780451,0.6310001));
#5642 = CARTESIAN_POINT('',(0.339372468163,-0.503924432218,0.6310001));
#5643 = ORIENTED_EDGE('',*,*,#5644,.F.);
#5644 = EDGE_CURVE('',#5606,#5636,#5645,.T.);
#5645 = B_SPLINE_CURVE_WITH_KNOTS('',1,(#5646,#5647),.UNSPECIFIED.,.F.,
  .F.,(2,2),(0.,1.439086739303E-02),.PIECEWISE_BEZIER_KNOTS.);
#5646 = CARTESIAN_POINT('',(0.344795845455,-0.519728752546,0.6310001));
#5647 = CARTESIAN_POINT('',(0.339879870026,-0.506203581571,0.6310001));
#5648 = B_SPLINE_SURFACE_WITH_KNOTS('',1,1,(
    (#5649,#5650)
    ,(#5651,#5652
    )),.UNSPECIFIED.,.F.,.F.,.F.,(2,2),(2,2),(-0.354053849942,
    -0.324774267018),(-0.532305664302,-0.499765400553),
  .PIECEWISE_BEZIER_KNOTS.);
#5649 = CARTESIAN_POINT('',(0.354053849942,-0.532305664302,0.6310001));
#5650 = CARTESIAN_POINT('',(0.354053849942,-0.499765400553,0.6310001));
#5651 = CARTESIAN_POINT('',(0.324774267018,-0.532305664302,0.6310001));
#5652 = CARTESIAN_POINT('',(0.324774267018,-0.499765400553,0.6310001));
#5653 = ADVANCED_FACE('',(#5654,#5712),#5760,.T.);
#5654 = FACE_BOUND('',#5655,.T.);
#5655 = EDGE_LOOP('',(#5656,#5665,#5672,#5679,#5686,#5693,#5700,#5707));
#5656 = ORIENTED_EDGE('',*,*,#5657,.F.);
#5657 = EDGE_CURVE('',#5658,#5660,#5662,.T.);
#5658 = VERTEX_POINT('',#5659);
#5659 = CARTESIAN_POINT('',(0.354053849942,-0.532305664302,0.6300001));
#5660 = VERTEX_POINT('',#5661);
#5661 = CARTESIAN_POINT('',(0.341659935579,-0.499765400553,0.6300001));
#5662 = B_SPLINE_CURVE_WITH_KNOTS('',1,(#5663,#5664),.UNSPECIFIED.,.F.,
  .F.,(2,2),(-3.482065303928E-02,0.),.PIECEWISE_BEZIER_KNOTS.);
#5663 = CARTESIAN_POINT('',(0.354053849942,-0.532305664302,0.6300001));
#5664 = CARTESIAN_POINT('',(0.341659935579,-0.499765400553,0.6300001));
#5665 = ORIENTED_EDGE('',*,*,#5666,.F.);
#5666 = EDGE_CURVE('',#5667,#5658,#5669,.T.);
#5667 = VERTEX_POINT('',#5668);
#5668 = CARTESIAN_POINT('',(0.349412370603,-0.532305664302,0.6300001));
#5669 = B_SPLINE_CURVE_WITH_KNOTS('',1,(#5670,#5671),.UNSPECIFIED.,.F.,
  .F.,(2,2),(-4.641479338472E-03,0.),.PIECEWISE_BEZIER_KNOTS.);
#5670 = CARTESIAN_POINT('',(0.349412370603,-0.532305664302,0.6300001));
#5671 = CARTESIAN_POINT('',(0.354053849942,-0.532305664302,0.6300001));
#5672 = ORIENTED_EDGE('',*,*,#5673,.F.);
#5673 = EDGE_CURVE('',#5674,#5667,#5676,.T.);
#5674 = VERTEX_POINT('',#5675);
#5675 = CARTESIAN_POINT('',(0.346093463334,-0.523405336538,0.6300001));
#5676 = B_SPLINE_CURVE_WITH_KNOTS('',1,(#5677,#5678),.UNSPECIFIED.,.F.,
  .F.,(2,2),(-9.498998882053E-03,0.),.PIECEWISE_BEZIER_KNOTS.);
#5677 = CARTESIAN_POINT('',(0.346093463334,-0.523405336538,0.6300001));
#5678 = CARTESIAN_POINT('',(0.349412370603,-0.532305664302,0.6300001));
#5679 = ORIENTED_EDGE('',*,*,#5680,.F.);
#5680 = EDGE_CURVE('',#5681,#5674,#5683,.T.);
#5681 = VERTEX_POINT('',#5682);
#5682 = CARTESIAN_POINT('',(0.332543338169,-0.523405336538,0.6300001));
#5683 = B_SPLINE_CURVE_WITH_KNOTS('',1,(#5684,#5685),.UNSPECIFIED.,.F.,
  .F.,(2,2),(-1.355012516553E-02,0.),.PIECEWISE_BEZIER_KNOTS.);
#5684 = CARTESIAN_POINT('',(0.332543338169,-0.523405336538,0.6300001));
#5685 = CARTESIAN_POINT('',(0.346093463334,-0.523405336538,0.6300001));
#5686 = ORIENTED_EDGE('',*,*,#5687,.F.);
#5687 = EDGE_CURVE('',#5688,#5681,#5690,.T.);
#5688 = VERTEX_POINT('',#5689);
#5689 = CARTESIAN_POINT('',(0.329415746356,-0.532305664302,0.6300001));
#5690 = B_SPLINE_CURVE_WITH_KNOTS('',1,(#5691,#5692),.UNSPECIFIED.,.F.,
  .F.,(2,2),(-9.433857368332E-03,0.),.PIECEWISE_BEZIER_KNOTS.);
#5691 = CARTESIAN_POINT('',(0.329415746356,-0.532305664302,0.6300001));
#5692 = CARTESIAN_POINT('',(0.332543338169,-0.523405336538,0.6300001));
#5693 = ORIENTED_EDGE('',*,*,#5694,.F.);
#5694 = EDGE_CURVE('',#5695,#5688,#5697,.T.);
#5695 = VERTEX_POINT('',#5696);
#5696 = CARTESIAN_POINT('',(0.324774267018,-0.532305664302,0.6300001));
#5697 = B_SPLINE_CURVE_WITH_KNOTS('',1,(#5698,#5699),.UNSPECIFIED.,.F.,
  .F.,(2,2),(-4.641479338251E-03,0.),.PIECEWISE_BEZIER_KNOTS.);
#5698 = CARTESIAN_POINT('',(0.324774267018,-0.532305664302,0.6300001));
#5699 = CARTESIAN_POINT('',(0.329415746356,-0.532305664302,0.6300001));
#5700 = ORIENTED_EDGE('',*,*,#5701,.F.);
#5701 = EDGE_CURVE('',#5702,#5695,#5704,.T.);
#5702 = VERTEX_POINT('',#5703);
#5703 = CARTESIAN_POINT('',(0.337168181381,-0.499765400553,0.6300001));
#5704 = B_SPLINE_CURVE_WITH_KNOTS('',1,(#5705,#5706),.UNSPECIFIED.,.F.,
  .F.,(2,2),(-3.48206530392E-02,-0.),.PIECEWISE_BEZIER_KNOTS.);
#5705 = CARTESIAN_POINT('',(0.337168181381,-0.499765400553,0.6300001));
#5706 = CARTESIAN_POINT('',(0.324774267018,-0.532305664302,0.6300001));
#5707 = ORIENTED_EDGE('',*,*,#5708,.F.);
#5708 = EDGE_CURVE('',#5660,#5702,#5709,.T.);
#5709 = B_SPLINE_CURVE_WITH_KNOTS('',1,(#5710,#5711),.UNSPECIFIED.,.F.,
  .F.,(2,2),(-4.491754198472E-03,-0.),.PIECEWISE_BEZIER_KNOTS.);
#5710 = CARTESIAN_POINT('',(0.341659935579,-0.499765400553,0.6300001));
#5711 = CARTESIAN_POINT('',(0.337168181381,-0.499765400553,0.6300001));
#5712 = FACE_BOUND('',#5713,.T.);
#5713 = EDGE_LOOP('',(#5714,#5723,#5730,#5737,#5746,#5753));
#5714 = ORIENTED_EDGE('',*,*,#5715,.T.);
#5715 = EDGE_CURVE('',#5716,#5718,#5720,.T.);
#5716 = VERTEX_POINT('',#5717);
#5717 = CARTESIAN_POINT('',(0.33874029535,-0.506203581571,0.6300001));
#5718 = VERTEX_POINT('',#5719);
#5719 = CARTESIAN_POINT('',(0.333874228302,-0.519728752546,0.6300001));
#5720 = B_SPLINE_CURVE_WITH_KNOTS('',1,(#5721,#5722),.UNSPECIFIED.,.F.,
  .F.,(2,2),(-1.044668560186E-16,1.437389503341E-02),
  .PIECEWISE_BEZIER_KNOTS.);
#5721 = CARTESIAN_POINT('',(0.33874029535,-0.506203581571,0.6300001));
#5722 = CARTESIAN_POINT('',(0.333874228302,-0.519728752546,0.6300001));
#5723 = ORIENTED_EDGE('',*,*,#5724,.T.);
#5724 = EDGE_CURVE('',#5718,#5725,#5727,.T.);
#5725 = VERTEX_POINT('',#5726);
#5726 = CARTESIAN_POINT('',(0.344795845455,-0.519728752546,0.6300001));
#5727 = B_SPLINE_CURVE_WITH_KNOTS('',1,(#5728,#5729),.UNSPECIFIED.,.F.,
  .F.,(2,2),(1.110223024625E-16,1.092161715297E-02),
  .PIECEWISE_BEZIER_KNOTS.);
#5728 = CARTESIAN_POINT('',(0.333874228302,-0.519728752546,0.6300001));
#5729 = CARTESIAN_POINT('',(0.344795845455,-0.519728752546,0.6300001));
#5730 = ORIENTED_EDGE('',*,*,#5731,.T.);
#5731 = EDGE_CURVE('',#5725,#5732,#5734,.T.);
#5732 = VERTEX_POINT('',#5733);
#5733 = CARTESIAN_POINT('',(0.339879870026,-0.506203581571,0.6300001));
#5734 = B_SPLINE_CURVE_WITH_KNOTS('',1,(#5735,#5736),.UNSPECIFIED.,.F.,
  .F.,(2,2),(0.,1.439086739303E-02),.PIECEWISE_BEZIER_KNOTS.);
#5735 = CARTESIAN_POINT('',(0.344795845455,-0.519728752546,0.6300001));
#5736 = CARTESIAN_POINT('',(0.339879870026,-0.506203581571,0.6300001));
#5737 = ORIENTED_EDGE('',*,*,#5738,.T.);
#5738 = EDGE_CURVE('',#5732,#5739,#5741,.T.);
#5739 = VERTEX_POINT('',#5740);
#5740 = CARTESIAN_POINT('',(0.339372468163,-0.503924432218,0.6300001));
#5741 = B_SPLINE_CURVE_WITH_KNOTS('',3,(#5742,#5743,#5744,#5745),
  .UNSPECIFIED.,.F.,.F.,(4,4),(1.,2.),.PIECEWISE_BEZIER_KNOTS.);
#5742 = CARTESIAN_POINT('',(0.339879870026,-0.506203581571,0.6300001));
#5743 = CARTESIAN_POINT('',(0.339721826823,-0.505754406151,0.6300001));
#5744 = CARTESIAN_POINT('',(0.339555465556,-0.505005780451,0.6300001));
#5745 = CARTESIAN_POINT('',(0.339372468163,-0.503924432218,0.6300001));
#5746 = ORIENTED_EDGE('',*,*,#5747,.T.);
#5747 = EDGE_CURVE('',#5739,#5748,#5750,.T.);
#5748 = VERTEX_POINT('',#5749);
#5749 = CARTESIAN_POINT('',(0.339272651403,-0.503924432218,0.6300001));
#5750 = B_SPLINE_CURVE_WITH_KNOTS('',1,(#5751,#5752),.UNSPECIFIED.,.F.,
  .F.,(2,2),(0.,9.981675985271E-05),.PIECEWISE_BEZIER_KNOTS.);
#5751 = CARTESIAN_POINT('',(0.339372468163,-0.503924432218,0.6300001));
#5752 = CARTESIAN_POINT('',(0.339272651403,-0.503924432218,0.6300001));
#5753 = ORIENTED_EDGE('',*,*,#5754,.T.);
#5754 = EDGE_CURVE('',#5748,#5716,#5755,.T.);
#5755 = B_SPLINE_CURVE_WITH_KNOTS('',3,(#5756,#5757,#5758,#5759),
  .UNSPECIFIED.,.F.,.F.,(4,4),(3.,4.),.PIECEWISE_BEZIER_KNOTS.);
#5756 = CARTESIAN_POINT('',(0.339272651403,-0.503924432218,0.6300001));
#5757 = CARTESIAN_POINT('',(0.3391146082,-0.504905963691,0.6300001));
#5758 = CARTESIAN_POINT('',(0.33893992887,-0.505671225517,0.6300001));
#5759 = CARTESIAN_POINT('',(0.33874029535,-0.506203581571,0.6300001));
#5760 = B_SPLINE_SURFACE_WITH_KNOTS('',1,1,(
    (#5761,#5762)
    ,(#5763,#5764
    )),.UNSPECIFIED.,.F.,.F.,.F.,(2,2),(2,2),(-0.354053849942,
    -0.324774267018),(-0.532305664302,-0.499765400553),
  .PIECEWISE_BEZIER_KNOTS.);
#5761 = CARTESIAN_POINT('',(0.354053849942,-0.532305664302,0.6300001));
#5762 = CARTESIAN_POINT('',(0.354053849942,-0.499765400553,0.6300001));
#5763 = CARTESIAN_POINT('',(0.324774267018,-0.532305664302,0.6300001));
#5764 = CARTESIAN_POINT('',(0.324774267018,-0.499765400553,0.6300001));
#5765 = ADVANCED_FACE('',(#5766),#5780,.F.);
#5766 = FACE_BOUND('',#5767,.T.);
#5767 = EDGE_LOOP('',(#5768,#5769,#5774,#5775));
#5768 = ORIENTED_EDGE('',*,*,#5657,.T.);
#5769 = ORIENTED_EDGE('',*,*,#5770,.F.);
#5770 = EDGE_CURVE('',#5548,#5660,#5771,.T.);
#5771 = B_SPLINE_CURVE_WITH_KNOTS('',1,(#5772,#5773),.UNSPECIFIED.,.F.,
  .F.,(2,2),(-0.,1.E-03),.PIECEWISE_BEZIER_KNOTS.);
#5772 = CARTESIAN_POINT('',(0.341659935579,-0.499765400553,0.6310001));
#5773 = CARTESIAN_POINT('',(0.341659935579,-0.499765400553,0.6300001));
#5774 = ORIENTED_EDGE('',*,*,#5545,.F.);
#5775 = ORIENTED_EDGE('',*,*,#5776,.T.);
#5776 = EDGE_CURVE('',#5546,#5658,#5777,.T.);
#5777 = B_SPLINE_CURVE_WITH_KNOTS('',1,(#5778,#5779),.UNSPECIFIED.,.F.,
  .F.,(2,2),(-0.,1.E-03),.PIECEWISE_BEZIER_KNOTS.);
#5778 = CARTESIAN_POINT('',(0.354053849942,-0.532305664302,0.6310001));
#5779 = CARTESIAN_POINT('',(0.354053849942,-0.532305664302,0.6300001));
#5780 = B_SPLINE_SURFACE_WITH_KNOTS('',1,1,(
    (#5781,#5782)
    ,(#5783,#5784
    )),.UNSPECIFIED.,.F.,.F.,.F.,(2,2),(2,2),(0.,3.482065303928E-02),(
    -1.E-03,0.),.PIECEWISE_BEZIER_KNOTS.);
#5781 = CARTESIAN_POINT('',(0.341659935579,-0.499765400553,0.6300001));
#5782 = CARTESIAN_POINT('',(0.341659935579,-0.499765400553,0.6310001));
#5783 = CARTESIAN_POINT('',(0.354053849942,-0.532305664302,0.6300001));
#5784 = CARTESIAN_POINT('',(0.354053849942,-0.532305664302,0.6310001));
#5785 = ADVANCED_FACE('',(#5786),#5796,.F.);
#5786 = FACE_BOUND('',#5787,.T.);
#5787 = EDGE_LOOP('',(#5788,#5789,#5794,#5795));
#5788 = ORIENTED_EDGE('',*,*,#5708,.T.);
#5789 = ORIENTED_EDGE('',*,*,#5790,.F.);
#5790 = EDGE_CURVE('',#5555,#5702,#5791,.T.);
#5791 = B_SPLINE_CURVE_WITH_KNOTS('',1,(#5792,#5793),.UNSPECIFIED.,.F.,
  .F.,(2,2),(-0.,1.E-03),.PIECEWISE_BEZIER_KNOTS.);
#5792 = CARTESIAN_POINT('',(0.337168181381,-0.499765400553,0.6310001));
#5793 = CARTESIAN_POINT('',(0.337168181381,-0.499765400553,0.6300001));
#5794 = ORIENTED_EDGE('',*,*,#5554,.F.);
#5795 = ORIENTED_EDGE('',*,*,#5770,.T.);
#5796 = B_SPLINE_SURFACE_WITH_KNOTS('',1,1,(
    (#5797,#5798)
    ,(#5799,#5800
    )),.UNSPECIFIED.,.F.,.F.,.F.,(2,2),(2,2),(0.,1.E-03),(0.,
    4.491754198472E-03),.PIECEWISE_BEZIER_KNOTS.);
#5797 = CARTESIAN_POINT('',(0.337168181381,-0.499765400553,0.6310001));
#5798 = CARTESIAN_POINT('',(0.341659935579,-0.499765400553,0.6310001));
#5799 = CARTESIAN_POINT('',(0.337168181381,-0.499765400553,0.6300001));
#5800 = CARTESIAN_POINT('',(0.341659935579,-0.499765400553,0.6300001));
#5801 = ADVANCED_FACE('',(#5802),#5812,.F.);
#5802 = FACE_BOUND('',#5803,.T.);
#5803 = EDGE_LOOP('',(#5804,#5805,#5810,#5811));
#5804 = ORIENTED_EDGE('',*,*,#5701,.T.);
#5805 = ORIENTED_EDGE('',*,*,#5806,.F.);
#5806 = EDGE_CURVE('',#5562,#5695,#5807,.T.);
#5807 = B_SPLINE_CURVE_WITH_KNOTS('',1,(#5808,#5809),.UNSPECIFIED.,.F.,
  .F.,(2,2),(-0.,1.E-03),.PIECEWISE_BEZIER_KNOTS.);
#5808 = CARTESIAN_POINT('',(0.324774267018,-0.532305664302,0.6310001));
#5809 = CARTESIAN_POINT('',(0.324774267018,-0.532305664302,0.6300001));
#5810 = ORIENTED_EDGE('',*,*,#5561,.F.);
#5811 = ORIENTED_EDGE('',*,*,#5790,.T.);
#5812 = B_SPLINE_SURFACE_WITH_KNOTS('',1,1,(
    (#5813,#5814)
    ,(#5815,#5816
    )),.UNSPECIFIED.,.F.,.F.,.F.,(2,2),(2,2),(0.,3.48206530392E-02),(
    -1.E-03,0.),.PIECEWISE_BEZIER_KNOTS.);
#5813 = CARTESIAN_POINT('',(0.324774267018,-0.532305664302,0.6300001));
#5814 = CARTESIAN_POINT('',(0.324774267018,-0.532305664302,0.6310001));
#5815 = CARTESIAN_POINT('',(0.337168181381,-0.499765400553,0.6300001));
#5816 = CARTESIAN_POINT('',(0.337168181381,-0.499765400553,0.6310001));
#5817 = ADVANCED_FACE('',(#5818),#5828,.F.);
#5818 = FACE_BOUND('',#5819,.T.);
#5819 = EDGE_LOOP('',(#5820,#5821,#5826,#5827));
#5820 = ORIENTED_EDGE('',*,*,#5694,.T.);
#5821 = ORIENTED_EDGE('',*,*,#5822,.F.);
#5822 = EDGE_CURVE('',#5569,#5688,#5823,.T.);
#5823 = B_SPLINE_CURVE_WITH_KNOTS('',1,(#5824,#5825),.UNSPECIFIED.,.F.,
  .F.,(2,2),(-0.,1.E-03),.PIECEWISE_BEZIER_KNOTS.);
#5824 = CARTESIAN_POINT('',(0.329415746356,-0.532305664302,0.6310001));
#5825 = CARTESIAN_POINT('',(0.329415746356,-0.532305664302,0.6300001));
#5826 = ORIENTED_EDGE('',*,*,#5568,.F.);
#5827 = ORIENTED_EDGE('',*,*,#5806,.T.);
#5828 = B_SPLINE_SURFACE_WITH_KNOTS('',1,1,(
    (#5829,#5830)
    ,(#5831,#5832)),.UNSPECIFIED.,.F.,.F.,.F.,(2,2),(2,2),(-1.E-03,0.),(
    -4.641479338251E-03,0.),.PIECEWISE_BEZIER_KNOTS.);
#5829 = CARTESIAN_POINT('',(0.324774267018,-0.532305664302,0.6300001));
#5830 = CARTESIAN_POINT('',(0.329415746356,-0.532305664302,0.6300001));
#5831 = CARTESIAN_POINT('',(0.324774267018,-0.532305664302,0.6310001));
#5832 = CARTESIAN_POINT('',(0.329415746356,-0.532305664302,0.6310001));
#5833 = ADVANCED_FACE('',(#5834),#5844,.F.);
#5834 = FACE_BOUND('',#5835,.T.);
#5835 = EDGE_LOOP('',(#5836,#5837,#5842,#5843));
#5836 = ORIENTED_EDGE('',*,*,#5687,.T.);
#5837 = ORIENTED_EDGE('',*,*,#5838,.F.);
#5838 = EDGE_CURVE('',#5576,#5681,#5839,.T.);
#5839 = B_SPLINE_CURVE_WITH_KNOTS('',1,(#5840,#5841),.UNSPECIFIED.,.F.,
  .F.,(2,2),(-0.,1.E-03),.PIECEWISE_BEZIER_KNOTS.);
#5840 = CARTESIAN_POINT('',(0.332543338169,-0.523405336538,0.6310001));
#5841 = CARTESIAN_POINT('',(0.332543338169,-0.523405336538,0.6300001));
#5842 = ORIENTED_EDGE('',*,*,#5575,.F.);
#5843 = ORIENTED_EDGE('',*,*,#5822,.T.);
#5844 = B_SPLINE_SURFACE_WITH_KNOTS('',1,1,(
    (#5845,#5846)
    ,(#5847,#5848
    )),.UNSPECIFIED.,.F.,.F.,.F.,(2,2),(2,2),(-0.,9.433857368332E-03),(
    -1.E-03,0.),.PIECEWISE_BEZIER_KNOTS.);
#5845 = CARTESIAN_POINT('',(0.332543338169,-0.523405336538,0.6300001));
#5846 = CARTESIAN_POINT('',(0.332543338169,-0.523405336538,0.6310001));
#5847 = CARTESIAN_POINT('',(0.329415746356,-0.532305664302,0.6300001));
#5848 = CARTESIAN_POINT('',(0.329415746356,-0.532305664302,0.6310001));
#5849 = ADVANCED_FACE('',(#5850),#5860,.F.);
#5850 = FACE_BOUND('',#5851,.T.);
#5851 = EDGE_LOOP('',(#5852,#5853,#5858,#5859));
#5852 = ORIENTED_EDGE('',*,*,#5680,.T.);
#5853 = ORIENTED_EDGE('',*,*,#5854,.F.);
#5854 = EDGE_CURVE('',#5583,#5674,#5855,.T.);
#5855 = B_SPLINE_CURVE_WITH_KNOTS('',1,(#5856,#5857),.UNSPECIFIED.,.F.,
  .F.,(2,2),(-0.,1.E-03),.PIECEWISE_BEZIER_KNOTS.);
#5856 = CARTESIAN_POINT('',(0.346093463334,-0.523405336538,0.6310001));
#5857 = CARTESIAN_POINT('',(0.346093463334,-0.523405336538,0.6300001));
#5858 = ORIENTED_EDGE('',*,*,#5582,.F.);
#5859 = ORIENTED_EDGE('',*,*,#5838,.T.);
#5860 = B_SPLINE_SURFACE_WITH_KNOTS('',1,1,(
    (#5861,#5862)
    ,(#5863,#5864)),.UNSPECIFIED.,.F.,.F.,.F.,(2,2),(2,2),(-1.E-03,0.),(
    -1.355012516553E-02,0.),.PIECEWISE_BEZIER_KNOTS.);
#5861 = CARTESIAN_POINT('',(0.332543338169,-0.523405336538,0.6300001));
#5862 = CARTESIAN_POINT('',(0.346093463334,-0.523405336538,0.6300001));
#5863 = CARTESIAN_POINT('',(0.332543338169,-0.523405336538,0.6310001));
#5864 = CARTESIAN_POINT('',(0.346093463334,-0.523405336538,0.6310001));
#5865 = ADVANCED_FACE('',(#5866),#5876,.F.);
#5866 = FACE_BOUND('',#5867,.T.);
#5867 = EDGE_LOOP('',(#5868,#5869,#5874,#5875));
#5868 = ORIENTED_EDGE('',*,*,#5673,.T.);
#5869 = ORIENTED_EDGE('',*,*,#5870,.F.);
#5870 = EDGE_CURVE('',#5590,#5667,#5871,.T.);
#5871 = B_SPLINE_CURVE_WITH_KNOTS('',1,(#5872,#5873),.UNSPECIFIED.,.F.,
  .F.,(2,2),(-0.,1.E-03),.PIECEWISE_BEZIER_KNOTS.);
#5872 = CARTESIAN_POINT('',(0.349412370603,-0.532305664302,0.6310001));
#5873 = CARTESIAN_POINT('',(0.349412370603,-0.532305664302,0.6300001));
#5874 = ORIENTED_EDGE('',*,*,#5589,.F.);
#5875 = ORIENTED_EDGE('',*,*,#5854,.T.);
#5876 = B_SPLINE_SURFACE_WITH_KNOTS('',1,1,(
    (#5877,#5878)
    ,(#5879,#5880
    )),.UNSPECIFIED.,.F.,.F.,.F.,(2,2),(2,2),(0.,9.498998882053E-03),(
    -1.E-03,0.),.PIECEWISE_BEZIER_KNOTS.);
#5877 = CARTESIAN_POINT('',(0.349412370603,-0.532305664302,0.6300001));
#5878 = CARTESIAN_POINT('',(0.349412370603,-0.532305664302,0.6310001));
#5879 = CARTESIAN_POINT('',(0.346093463334,-0.523405336538,0.6300001));
#5880 = CARTESIAN_POINT('',(0.346093463334,-0.523405336538,0.6310001));
#5881 = ADVANCED_FACE('',(#5882),#5888,.F.);
#5882 = FACE_BOUND('',#5883,.T.);
#5883 = EDGE_LOOP('',(#5884,#5885,#5886,#5887));
#5884 = ORIENTED_EDGE('',*,*,#5666,.T.);
#5885 = ORIENTED_EDGE('',*,*,#5776,.F.);
#5886 = ORIENTED_EDGE('',*,*,#5596,.F.);
#5887 = ORIENTED_EDGE('',*,*,#5870,.T.);
#5888 = B_SPLINE_SURFACE_WITH_KNOTS('',1,1,(
    (#5889,#5890)
    ,(#5891,#5892)),.UNSPECIFIED.,.F.,.F.,.F.,(2,2),(2,2),(-1.E-03,0.),(
    -4.641479338472E-03,0.),.PIECEWISE_BEZIER_KNOTS.);
#5889 = CARTESIAN_POINT('',(0.349412370603,-0.532305664302,0.6300001));
#5890 = CARTESIAN_POINT('',(0.354053849942,-0.532305664302,0.6300001));
#5891 = CARTESIAN_POINT('',(0.349412370603,-0.532305664302,0.6310001));
#5892 = CARTESIAN_POINT('',(0.354053849942,-0.532305664302,0.6310001));
#5893 = ADVANCED_FACE('',(#5894),#5908,.T.);
#5894 = FACE_BOUND('',#5895,.T.);
#5895 = EDGE_LOOP('',(#5896,#5897,#5902,#5903));
#5896 = ORIENTED_EDGE('',*,*,#5724,.F.);
#5897 = ORIENTED_EDGE('',*,*,#5898,.F.);
#5898 = EDGE_CURVE('',#5604,#5718,#5899,.T.);
#5899 = B_SPLINE_CURVE_WITH_KNOTS('',1,(#5900,#5901),.UNSPECIFIED.,.F.,
  .F.,(2,2),(-0.,1.E-03),.PIECEWISE_BEZIER_KNOTS.);
#5900 = CARTESIAN_POINT('',(0.333874228302,-0.519728752546,0.6310001));
#5901 = CARTESIAN_POINT('',(0.333874228302,-0.519728752546,0.6300001));
#5902 = ORIENTED_EDGE('',*,*,#5603,.T.);
#5903 = ORIENTED_EDGE('',*,*,#5904,.T.);
#5904 = EDGE_CURVE('',#5606,#5725,#5905,.T.);
#5905 = B_SPLINE_CURVE_WITH_KNOTS('',1,(#5906,#5907),.UNSPECIFIED.,.F.,
  .F.,(2,2),(-0.,1.E-03),.PIECEWISE_BEZIER_KNOTS.);
#5906 = CARTESIAN_POINT('',(0.344795845455,-0.519728752546,0.6310001));
#5907 = CARTESIAN_POINT('',(0.344795845455,-0.519728752546,0.6300001));
#5908 = B_SPLINE_SURFACE_WITH_KNOTS('',1,1,(
    (#5909,#5910)
    ,(#5911,#5912
    )),.UNSPECIFIED.,.F.,.F.,.F.,(2,2),(2,2),(-1.E-03,0.),(0.,
    1.092161715297E-02),.PIECEWISE_BEZIER_KNOTS.);
#5909 = CARTESIAN_POINT('',(0.333874228302,-0.519728752546,0.6300001));
#5910 = CARTESIAN_POINT('',(0.344795845455,-0.519728752546,0.6300001));
#5911 = CARTESIAN_POINT('',(0.333874228302,-0.519728752546,0.6310001));
#5912 = CARTESIAN_POINT('',(0.344795845455,-0.519728752546,0.6310001));
#5913 = ADVANCED_FACE('',(#5914),#5924,.T.);
#5914 = FACE_BOUND('',#5915,.T.);
#5915 = EDGE_LOOP('',(#5916,#5917,#5918,#5919));
#5916 = ORIENTED_EDGE('',*,*,#5731,.F.);
#5917 = ORIENTED_EDGE('',*,*,#5904,.F.);
#5918 = ORIENTED_EDGE('',*,*,#5644,.T.);
#5919 = ORIENTED_EDGE('',*,*,#5920,.T.);
#5920 = EDGE_CURVE('',#5636,#5732,#5921,.T.);
#5921 = B_SPLINE_CURVE_WITH_KNOTS('',1,(#5922,#5923),.UNSPECIFIED.,.F.,
  .F.,(2,2),(-0.,1.E-03),.PIECEWISE_BEZIER_KNOTS.);
#5922 = CARTESIAN_POINT('',(0.339879870026,-0.506203581571,0.6310001));
#5923 = CARTESIAN_POINT('',(0.339879870026,-0.506203581571,0.6300001));
#5924 = B_SPLINE_SURFACE_WITH_KNOTS('',1,1,(
    (#5925,#5926)
    ,(#5927,#5928
    )),.UNSPECIFIED.,.F.,.F.,.F.,(2,2),(2,2),(-1.439086739303E-02,0.),(
    -1.E-03,0.),.PIECEWISE_BEZIER_KNOTS.);
#5925 = CARTESIAN_POINT('',(0.339879870026,-0.506203581571,0.6300001));
#5926 = CARTESIAN_POINT('',(0.339879870026,-0.506203581571,0.6310001));
#5927 = CARTESIAN_POINT('',(0.344795845455,-0.519728752546,0.6300001));
#5928 = CARTESIAN_POINT('',(0.344795845455,-0.519728752546,0.6310001));
#5929 = ADVANCED_FACE('',(#5930),#5940,.T.);
#5930 = FACE_BOUND('',#5931,.T.);
#5931 = EDGE_LOOP('',(#5932,#5933,#5934,#5935));
#5932 = ORIENTED_EDGE('',*,*,#5738,.F.);
#5933 = ORIENTED_EDGE('',*,*,#5920,.F.);
#5934 = ORIENTED_EDGE('',*,*,#5635,.T.);
#5935 = ORIENTED_EDGE('',*,*,#5936,.T.);
#5936 = EDGE_CURVE('',#5629,#5739,#5937,.T.);
#5937 = B_SPLINE_CURVE_WITH_KNOTS('',1,(#5938,#5939),.UNSPECIFIED.,.F.,
  .F.,(2,2),(-0.,1.E-03),.PIECEWISE_BEZIER_KNOTS.);
#5938 = CARTESIAN_POINT('',(0.339372468163,-0.503924432218,0.6310001));
#5939 = CARTESIAN_POINT('',(0.339372468163,-0.503924432218,0.6300001));
#5940 = B_SPLINE_SURFACE_WITH_KNOTS('',3,1,(
    (#5941,#5942)
    ,(#5943,#5944)
    ,(#5945,#5946)
    ,(#5947,#5948
    )),.UNSPECIFIED.,.F.,.F.,.F.,(4,4),(2,2),(1.,2.),(0.,1.),
  .PIECEWISE_BEZIER_KNOTS.);
#5941 = CARTESIAN_POINT('',(0.339879870026,-0.506203581571,0.6310001));
#5942 = CARTESIAN_POINT('',(0.339879870026,-0.506203581571,0.6300001));
#5943 = CARTESIAN_POINT('',(0.339721826823,-0.505754406151,0.6310001));
#5944 = CARTESIAN_POINT('',(0.339721826823,-0.505754406151,0.6300001));
#5945 = CARTESIAN_POINT('',(0.339555465556,-0.505005780451,0.6310001));
#5946 = CARTESIAN_POINT('',(0.339555465556,-0.505005780451,0.6300001));
#5947 = CARTESIAN_POINT('',(0.339372468163,-0.503924432218,0.6310001));
#5948 = CARTESIAN_POINT('',(0.339372468163,-0.503924432218,0.6300001));
#5949 = ADVANCED_FACE('',(#5950),#5960,.T.);
#5950 = FACE_BOUND('',#5951,.T.);
#5951 = EDGE_LOOP('',(#5952,#5953,#5954,#5955));
#5952 = ORIENTED_EDGE('',*,*,#5747,.F.);
#5953 = ORIENTED_EDGE('',*,*,#5936,.F.);
#5954 = ORIENTED_EDGE('',*,*,#5628,.T.);
#5955 = ORIENTED_EDGE('',*,*,#5956,.T.);
#5956 = EDGE_CURVE('',#5620,#5748,#5957,.T.);
#5957 = B_SPLINE_CURVE_WITH_KNOTS('',1,(#5958,#5959),.UNSPECIFIED.,.F.,
  .F.,(2,2),(-0.,1.E-03),.PIECEWISE_BEZIER_KNOTS.);
#5958 = CARTESIAN_POINT('',(0.339272651403,-0.503924432218,0.6310001));
#5959 = CARTESIAN_POINT('',(0.339272651403,-0.503924432218,0.6300001));
#5960 = B_SPLINE_SURFACE_WITH_KNOTS('',1,1,(
    (#5961,#5962)
    ,(#5963,#5964)),.UNSPECIFIED.,.F.,.F.,.F.,(2,2),(2,2),(0.,1.E-03),(
    -9.981675985271E-05,0.),.PIECEWISE_BEZIER_KNOTS.);
#5961 = CARTESIAN_POINT('',(0.339272651403,-0.503924432218,0.6310001));
#5962 = CARTESIAN_POINT('',(0.339372468163,-0.503924432218,0.6310001));
#5963 = CARTESIAN_POINT('',(0.339272651403,-0.503924432218,0.6300001));
#5964 = CARTESIAN_POINT('',(0.339372468163,-0.503924432218,0.6300001));
#5965 = ADVANCED_FACE('',(#5966),#5976,.T.);
#5966 = FACE_BOUND('',#5967,.T.);
#5967 = EDGE_LOOP('',(#5968,#5969,#5970,#5971));
#5968 = ORIENTED_EDGE('',*,*,#5754,.F.);
#5969 = ORIENTED_EDGE('',*,*,#5956,.F.);
#5970 = ORIENTED_EDGE('',*,*,#5619,.T.);
#5971 = ORIENTED_EDGE('',*,*,#5972,.T.);
#5972 = EDGE_CURVE('',#5613,#5716,#5973,.T.);
#5973 = B_SPLINE_CURVE_WITH_KNOTS('',1,(#5974,#5975),.UNSPECIFIED.,.F.,
  .F.,(2,2),(2.22044604925E-16,1.E-03),.PIECEWISE_BEZIER_KNOTS.);
#5974 = CARTESIAN_POINT('',(0.33874029535,-0.506203581571,0.6310001));
#5975 = CARTESIAN_POINT('',(0.33874029535,-0.506203581571,0.6300001));
#5976 = B_SPLINE_SURFACE_WITH_KNOTS('',3,1,(
    (#5977,#5978)
    ,(#5979,#5980)
    ,(#5981,#5982)
    ,(#5983,#5984
    )),.UNSPECIFIED.,.F.,.F.,.F.,(4,4),(2,2),(3.,4.),(0.,1.),
  .PIECEWISE_BEZIER_KNOTS.);
#5977 = CARTESIAN_POINT('',(0.339272651403,-0.503924432218,0.6310001));
#5978 = CARTESIAN_POINT('',(0.339272651403,-0.503924432218,0.6300001));
#5979 = CARTESIAN_POINT('',(0.3391146082,-0.504905963691,0.6310001));
#5980 = CARTESIAN_POINT('',(0.3391146082,-0.504905963691,0.6300001));
#5981 = CARTESIAN_POINT('',(0.33893992887,-0.505671225517,0.6310001));
#5982 = CARTESIAN_POINT('',(0.33893992887,-0.505671225517,0.6300001));
#5983 = CARTESIAN_POINT('',(0.33874029535,-0.506203581571,0.6310001));
#5984 = CARTESIAN_POINT('',(0.33874029535,-0.506203581571,0.6300001));
#5985 = ADVANCED_FACE('',(#5986),#5992,.T.);
#5986 = FACE_BOUND('',#5987,.T.);
#5987 = EDGE_LOOP('',(#5988,#5989,#5990,#5991));
#5988 = ORIENTED_EDGE('',*,*,#5715,.F.);
#5989 = ORIENTED_EDGE('',*,*,#5972,.F.);
#5990 = ORIENTED_EDGE('',*,*,#5612,.T.);
#5991 = ORIENTED_EDGE('',*,*,#5898,.T.);
#5992 = B_SPLINE_SURFACE_WITH_KNOTS('',1,1,(
    (#5993,#5994)
    ,(#5995,#5996
    )),.UNSPECIFIED.,.F.,.F.,.F.,(2,2),(2,2),(-1.437389503341E-02,
    2.653111204979E-16),(-1.E-03,0.),.PIECEWISE_BEZIER_KNOTS.);
#5993 = CARTESIAN_POINT('',(0.333874228302,-0.519728752546,0.6300001));
#5994 = CARTESIAN_POINT('',(0.333874228302,-0.519728752546,0.6310001));
#5995 = CARTESIAN_POINT('',(0.33874029535,-0.506203581571,0.6300001));
#5996 = CARTESIAN_POINT('',(0.33874029535,-0.506203581571,0.6310001));
#5997 = MANIFOLD_SOLID_BREP('',#5998);
#5998 = CLOSED_SHELL('',(#5999,#6035,#6063,#6091,#6119,#6147,#6175,#6203
    ,#6231,#6259,#6287,#6315,#6335,#6355));
#5999 = ADVANCED_FACE('',(#6000),#6030,.F.);
#6000 = FACE_BOUND('',#6001,.T.);
#6001 = EDGE_LOOP('',(#6002,#6011,#6018,#6025));
#6002 = ORIENTED_EDGE('',*,*,#6003,.T.);
#6003 = EDGE_CURVE('',#6004,#6006,#6008,.T.);
#6004 = VERTEX_POINT('',#6005);
#6005 = CARTESIAN_POINT('',(0.2409614609,-0.583927565331,0.6300001));
#6006 = VERTEX_POINT('',#6007);
#6007 = CARTESIAN_POINT('',(0.2409614609,-0.580217709086,0.6300001));
#6008 = B_SPLINE_CURVE_WITH_KNOTS('',1,(#6009,#6010),.UNSPECIFIED.,.F.,
  .F.,(2,2),(-3.709856245406E-03,0.),.PIECEWISE_BEZIER_KNOTS.);
#6009 = CARTESIAN_POINT('',(0.2409614609,-0.583927565331,0.6300001));
#6010 = CARTESIAN_POINT('',(0.2409614609,-0.580217709086,0.6300001));
#6011 = ORIENTED_EDGE('',*,*,#6012,.F.);
#6012 = EDGE_CURVE('',#6013,#6006,#6015,.T.);
#6013 = VERTEX_POINT('',#6014);
#6014 = CARTESIAN_POINT('',(0.2409614609,-0.580217709086,0.6310001));
#6015 = B_SPLINE_CURVE_WITH_KNOTS('',1,(#6016,#6017),.UNSPECIFIED.,.F.,
  .F.,(2,2),(-0.,1.E-03),.PIECEWISE_BEZIER_KNOTS.);
#6016 = CARTESIAN_POINT('',(0.2409614609,-0.580217709086,0.6310001));
#6017 = CARTESIAN_POINT('',(0.2409614609,-0.580217709086,0.6300001));
#6018 = ORIENTED_EDGE('',*,*,#6019,.F.);
#6019 = EDGE_CURVE('',#6020,#6013,#6022,.T.);
#6020 = VERTEX_POINT('',#6021);
#6021 = CARTESIAN_POINT('',(0.2409614609,-0.583927565331,0.6310001));
#6022 = B_SPLINE_CURVE_WITH_KNOTS('',1,(#6023,#6024),.UNSPECIFIED.,.F.,
  .F.,(2,2),(-3.709856245406E-03,0.),.PIECEWISE_BEZIER_KNOTS.);
#6023 = CARTESIAN_POINT('',(0.2409614609,-0.583927565331,0.6310001));
#6024 = CARTESIAN_POINT('',(0.2409614609,-0.580217709086,0.6310001));
#6025 = ORIENTED_EDGE('',*,*,#6026,.T.);
#6026 = EDGE_CURVE('',#6020,#6004,#6027,.T.);
#6027 = B_SPLINE_CURVE_WITH_KNOTS('',1,(#6028,#6029),.UNSPECIFIED.,.F.,
  .F.,(2,2),(-0.,1.E-03),.PIECEWISE_BEZIER_KNOTS.);
#6028 = CARTESIAN_POINT('',(0.2409614609,-0.583927565331,0.6310001));
#6029 = CARTESIAN_POINT('',(0.2409614609,-0.583927565331,0.6300001));
#6030 = B_SPLINE_SURFACE_WITH_KNOTS('',1,1,(
    (#6031,#6032)
    ,(#6033,#6034)),.UNSPECIFIED.,.F.,.F.,.F.,(2,2),(2,2),(-1.E-03,0.),(
    -3.709856245406E-03,0.),.PIECEWISE_BEZIER_KNOTS.);
#6031 = CARTESIAN_POINT('',(0.2409614609,-0.583927565331,0.6300001));
#6032 = CARTESIAN_POINT('',(0.2409614609,-0.580217709086,0.6300001));
#6033 = CARTESIAN_POINT('',(0.2409614609,-0.583927565331,0.6310001));
#6034 = CARTESIAN_POINT('',(0.2409614609,-0.580217709086,0.6310001));
#6035 = ADVANCED_FACE('',(#6036),#6058,.F.);
#6036 = FACE_BOUND('',#6037,.T.);
#6037 = EDGE_LOOP('',(#6038,#6045,#6052,#6057));
#6038 = ORIENTED_EDGE('',*,*,#6039,.T.);
#6039 = EDGE_CURVE('',#6006,#6040,#6042,.T.);
#6040 = VERTEX_POINT('',#6041);
#6041 = CARTESIAN_POINT('',(0.227660877634,-0.580217709086,0.6300001));
#6042 = B_SPLINE_CURVE_WITH_KNOTS('',1,(#6043,#6044),.UNSPECIFIED.,.F.,
  .F.,(2,2),(-1.330058326556E-02,-0.),.PIECEWISE_BEZIER_KNOTS.);
#6043 = CARTESIAN_POINT('',(0.2409614609,-0.580217709086,0.6300001));
#6044 = CARTESIAN_POINT('',(0.227660877634,-0.580217709086,0.6300001));
#6045 = ORIENTED_EDGE('',*,*,#6046,.F.);
#6046 = EDGE_CURVE('',#6047,#6040,#6049,.T.);
#6047 = VERTEX_POINT('',#6048);
#6048 = CARTESIAN_POINT('',(0.227660877634,-0.580217709086,0.6310001));
#6049 = B_SPLINE_CURVE_WITH_KNOTS('',1,(#6050,#6051),.UNSPECIFIED.,.F.,
  .F.,(2,2),(-0.,1.E-03),.PIECEWISE_BEZIER_KNOTS.);
#6050 = CARTESIAN_POINT('',(0.227660877634,-0.580217709086,0.6310001));
#6051 = CARTESIAN_POINT('',(0.227660877634,-0.580217709086,0.6300001));
#6052 = ORIENTED_EDGE('',*,*,#6053,.F.);
#6053 = EDGE_CURVE('',#6013,#6047,#6054,.T.);
#6054 = B_SPLINE_CURVE_WITH_KNOTS('',1,(#6055,#6056),.UNSPECIFIED.,.F.,
  .F.,(2,2),(-1.330058326556E-02,-0.),.PIECEWISE_BEZIER_KNOTS.);
#6055 = CARTESIAN_POINT('',(0.2409614609,-0.580217709086,0.6310001));
#6056 = CARTESIAN_POINT('',(0.227660877634,-0.580217709086,0.6310001));
#6057 = ORIENTED_EDGE('',*,*,#6012,.T.);
#6058 = B_SPLINE_SURFACE_WITH_KNOTS('',1,1,(
    (#6059,#6060)
    ,(#6061,#6062
    )),.UNSPECIFIED.,.F.,.F.,.F.,(2,2),(2,2),(0.,1.E-03),(0.,
    1.330058326556E-02),.PIECEWISE_BEZIER_KNOTS.);
#6059 = CARTESIAN_POINT('',(0.227660877634,-0.580217709086,0.6310001));
#6060 = CARTESIAN_POINT('',(0.2409614609,-0.580217709086,0.6310001));
#6061 = CARTESIAN_POINT('',(0.227660877634,-0.580217709086,0.6300001));
#6062 = CARTESIAN_POINT('',(0.2409614609,-0.580217709086,0.6300001));
#6063 = ADVANCED_FACE('',(#6064),#6086,.F.);
#6064 = FACE_BOUND('',#6065,.T.);
#6065 = EDGE_LOOP('',(#6066,#6073,#6080,#6085));
#6066 = ORIENTED_EDGE('',*,*,#6067,.T.);
#6067 = EDGE_CURVE('',#6040,#6068,#6070,.T.);
#6068 = VERTEX_POINT('',#6069);
#6069 = CARTESIAN_POINT('',(0.227660877634,-0.569271137743,0.6300001));
#6070 = B_SPLINE_CURVE_WITH_KNOTS('',1,(#6071,#6072),.UNSPECIFIED.,.F.,
  .F.,(2,2),(-1.094657134293E-02,0.),.PIECEWISE_BEZIER_KNOTS.);
#6071 = CARTESIAN_POINT('',(0.227660877634,-0.580217709086,0.6300001));
#6072 = CARTESIAN_POINT('',(0.227660877634,-0.569271137743,0.6300001));
#6073 = ORIENTED_EDGE('',*,*,#6074,.F.);
#6074 = EDGE_CURVE('',#6075,#6068,#6077,.T.);
#6075 = VERTEX_POINT('',#6076);
#6076 = CARTESIAN_POINT('',(0.227660877634,-0.569271137743,0.6310001));
#6077 = B_SPLINE_CURVE_WITH_KNOTS('',1,(#6078,#6079),.UNSPECIFIED.,.F.,
  .F.,(2,2),(-0.,1.E-03),.PIECEWISE_BEZIER_KNOTS.);
#6078 = CARTESIAN_POINT('',(0.227660877634,-0.569271137743,0.6310001));
#6079 = CARTESIAN_POINT('',(0.227660877634,-0.569271137743,0.6300001));
#6080 = ORIENTED_EDGE('',*,*,#6081,.F.);
#6081 = EDGE_CURVE('',#6047,#6075,#6082,.T.);
#6082 = B_SPLINE_CURVE_WITH_KNOTS('',1,(#6083,#6084),.UNSPECIFIED.,.F.,
  .F.,(2,2),(-1.094657134293E-02,0.),.PIECEWISE_BEZIER_KNOTS.);
#6083 = CARTESIAN_POINT('',(0.227660877634,-0.580217709086,0.6310001));
#6084 = CARTESIAN_POINT('',(0.227660877634,-0.569271137743,0.6310001));
#6085 = ORIENTED_EDGE('',*,*,#6046,.T.);
#6086 = B_SPLINE_SURFACE_WITH_KNOTS('',1,1,(
    (#6087,#6088)
    ,(#6089,#6090)),.UNSPECIFIED.,.F.,.F.,.F.,(2,2),(2,2),(-1.E-03,0.),(
    -1.094657134293E-02,0.),.PIECEWISE_BEZIER_KNOTS.);
#6087 = CARTESIAN_POINT('',(0.227660877634,-0.580217709086,0.6300001));
#6088 = CARTESIAN_POINT('',(0.227660877634,-0.569271137743,0.6300001));
#6089 = CARTESIAN_POINT('',(0.227660877634,-0.580217709086,0.6310001));
#6090 = CARTESIAN_POINT('',(0.227660877634,-0.569271137743,0.6310001));
#6091 = ADVANCED_FACE('',(#6092),#6114,.F.);
#6092 = FACE_BOUND('',#6093,.T.);
#6093 = EDGE_LOOP('',(#6094,#6101,#6108,#6113));
#6094 = ORIENTED_EDGE('',*,*,#6095,.T.);
#6095 = EDGE_CURVE('',#6068,#6096,#6098,.T.);
#6096 = VERTEX_POINT('',#6097);
#6097 = CARTESIAN_POINT('',(0.239297848233,-0.569271137743,0.6300001));
#6098 = B_SPLINE_CURVE_WITH_KNOTS('',1,(#6099,#6100),.UNSPECIFIED.,.F.,
  .F.,(2,2),(-1.163697059947E-02,0.),.PIECEWISE_BEZIER_KNOTS.);
#6099 = CARTESIAN_POINT('',(0.227660877634,-0.569271137743,0.6300001));
#6100 = CARTESIAN_POINT('',(0.239297848233,-0.569271137743,0.6300001));
#6101 = ORIENTED_EDGE('',*,*,#6102,.F.);
#6102 = EDGE_CURVE('',#6103,#6096,#6105,.T.);
#6103 = VERTEX_POINT('',#6104);
#6104 = CARTESIAN_POINT('',(0.239297848233,-0.569271137743,0.6310001));
#6105 = B_SPLINE_CURVE_WITH_KNOTS('',1,(#6106,#6107),.UNSPECIFIED.,.F.,
  .F.,(2,2),(-0.,1.E-03),.PIECEWISE_BEZIER_KNOTS.);
#6106 = CARTESIAN_POINT('',(0.239297848233,-0.569271137743,0.6310001));
#6107 = CARTESIAN_POINT('',(0.239297848233,-0.569271137743,0.6300001));
#6108 = ORIENTED_EDGE('',*,*,#6109,.F.);
#6109 = EDGE_CURVE('',#6075,#6103,#6110,.T.);
#6110 = B_SPLINE_CURVE_WITH_KNOTS('',1,(#6111,#6112),.UNSPECIFIED.,.F.,
  .F.,(2,2),(-1.163697059947E-02,0.),.PIECEWISE_BEZIER_KNOTS.);
#6111 = CARTESIAN_POINT('',(0.227660877634,-0.569271137743,0.6310001));
#6112 = CARTESIAN_POINT('',(0.239297848233,-0.569271137743,0.6310001));
#6113 = ORIENTED_EDGE('',*,*,#6074,.T.);
#6114 = B_SPLINE_SURFACE_WITH_KNOTS('',1,1,(
    (#6115,#6116)
    ,(#6117,#6118)),.UNSPECIFIED.,.F.,.F.,.F.,(2,2),(2,2),(-1.E-03,0.),(
    -1.163697059947E-02,0.),.PIECEWISE_BEZIER_KNOTS.);
#6115 = CARTESIAN_POINT('',(0.227660877634,-0.569271137743,0.6300001));
#6116 = CARTESIAN_POINT('',(0.239297848233,-0.569271137743,0.6300001));
#6117 = CARTESIAN_POINT('',(0.227660877634,-0.569271137743,0.6310001));
#6118 = CARTESIAN_POINT('',(0.239297848233,-0.569271137743,0.6310001));
#6119 = ADVANCED_FACE('',(#6120),#6142,.F.);
#6120 = FACE_BOUND('',#6121,.T.);
#6121 = EDGE_LOOP('',(#6122,#6129,#6136,#6141));
#6122 = ORIENTED_EDGE('',*,*,#6123,.T.);
#6123 = EDGE_CURVE('',#6096,#6124,#6126,.T.);
#6124 = VERTEX_POINT('',#6125);
#6125 = CARTESIAN_POINT('',(0.239297848233,-0.565544645371,0.6300001));
#6126 = B_SPLINE_CURVE_WITH_KNOTS('',1,(#6127,#6128),.UNSPECIFIED.,.F.,
  .F.,(2,2),(-3.726492372048E-03,0.),.PIECEWISE_BEZIER_KNOTS.);
#6127 = CARTESIAN_POINT('',(0.239297848233,-0.569271137743,0.6300001));
#6128 = CARTESIAN_POINT('',(0.239297848233,-0.565544645371,0.6300001));
#6129 = ORIENTED_EDGE('',*,*,#6130,.F.);
#6130 = EDGE_CURVE('',#6131,#6124,#6133,.T.);
#6131 = VERTEX_POINT('',#6132);
#6132 = CARTESIAN_POINT('',(0.239297848233,-0.565544645371,0.6310001));
#6133 = B_SPLINE_CURVE_WITH_KNOTS('',1,(#6134,#6135),.UNSPECIFIED.,.F.,
  .F.,(2,2),(-0.,1.E-03),.PIECEWISE_BEZIER_KNOTS.);
#6134 = CARTESIAN_POINT('',(0.239297848233,-0.565544645371,0.6310001));
#6135 = CARTESIAN_POINT('',(0.239297848233,-0.565544645371,0.6300001));
#6136 = ORIENTED_EDGE('',*,*,#6137,.F.);
#6137 = EDGE_CURVE('',#6103,#6131,#6138,.T.);
#6138 = B_SPLINE_CURVE_WITH_KNOTS('',1,(#6139,#6140),.UNSPECIFIED.,.F.,
  .F.,(2,2),(-3.726492372048E-03,0.),.PIECEWISE_BEZIER_KNOTS.);
#6139 = CARTESIAN_POINT('',(0.239297848233,-0.569271137743,0.6310001));
#6140 = CARTESIAN_POINT('',(0.239297848233,-0.565544645371,0.6310001));
#6141 = ORIENTED_EDGE('',*,*,#6102,.T.);
#6142 = B_SPLINE_SURFACE_WITH_KNOTS('',1,1,(
    (#6143,#6144)
    ,(#6145,#6146)),.UNSPECIFIED.,.F.,.F.,.F.,(2,2),(2,2),(-1.E-03,0.),(
    -3.726492372048E-03,0.),.PIECEWISE_BEZIER_KNOTS.);
#6143 = CARTESIAN_POINT('',(0.239297848233,-0.569271137743,0.6300001));
#6144 = CARTESIAN_POINT('',(0.239297848233,-0.565544645371,0.6300001));
#6145 = CARTESIAN_POINT('',(0.239297848233,-0.569271137743,0.6310001));
#6146 = CARTESIAN_POINT('',(0.239297848233,-0.565544645371,0.6310001));
#6147 = ADVANCED_FACE('',(#6148),#6170,.F.);
#6148 = FACE_BOUND('',#6149,.T.);
#6149 = EDGE_LOOP('',(#6150,#6157,#6164,#6169));
#6150 = ORIENTED_EDGE('',*,*,#6151,.T.);
#6151 = EDGE_CURVE('',#6124,#6152,#6154,.T.);
#6152 = VERTEX_POINT('',#6153);
#6153 = CARTESIAN_POINT('',(0.227660877634,-0.565544645371,0.6300001));
#6154 = B_SPLINE_CURVE_WITH_KNOTS('',1,(#6155,#6156),.UNSPECIFIED.,.F.,
  .F.,(2,2),(-1.163697059947E-02,-0.),.PIECEWISE_BEZIER_KNOTS.);
#6155 = CARTESIAN_POINT('',(0.239297848233,-0.565544645371,0.6300001));
#6156 = CARTESIAN_POINT('',(0.227660877634,-0.565544645371,0.6300001));
#6157 = ORIENTED_EDGE('',*,*,#6158,.F.);
#6158 = EDGE_CURVE('',#6159,#6152,#6161,.T.);
#6159 = VERTEX_POINT('',#6160);
#6160 = CARTESIAN_POINT('',(0.227660877634,-0.565544645371,0.6310001));
#6161 = B_SPLINE_CURVE_WITH_KNOTS('',1,(#6162,#6163),.UNSPECIFIED.,.F.,
  .F.,(2,2),(-0.,1.E-03),.PIECEWISE_BEZIER_KNOTS.);
#6162 = CARTESIAN_POINT('',(0.227660877634,-0.565544645371,0.6310001));
#6163 = CARTESIAN_POINT('',(0.227660877634,-0.565544645371,0.6300001));
#6164 = ORIENTED_EDGE('',*,*,#6165,.F.);
#6165 = EDGE_CURVE('',#6131,#6159,#6166,.T.);
#6166 = B_SPLINE_CURVE_WITH_KNOTS('',1,(#6167,#6168),.UNSPECIFIED.,.F.,
  .F.,(2,2),(-1.163697059947E-02,-0.),.PIECEWISE_BEZIER_KNOTS.);
#6167 = CARTESIAN_POINT('',(0.239297848233,-0.565544645371,0.6310001));
#6168 = CARTESIAN_POINT('',(0.227660877634,-0.565544645371,0.6310001));
#6169 = ORIENTED_EDGE('',*,*,#6130,.T.);
#6170 = B_SPLINE_SURFACE_WITH_KNOTS('',1,1,(
    (#6171,#6172)
    ,(#6173,#6174
    )),.UNSPECIFIED.,.F.,.F.,.F.,(2,2),(2,2),(0.,1.E-03),(0.,
    1.163697059947E-02),.PIECEWISE_BEZIER_KNOTS.);
#6171 = CARTESIAN_POINT('',(0.227660877634,-0.565544645371,0.6310001));
#6172 = CARTESIAN_POINT('',(0.239297848233,-0.565544645371,0.6310001));
#6173 = CARTESIAN_POINT('',(0.227660877634,-0.565544645371,0.6300001));
#6174 = CARTESIAN_POINT('',(0.239297848233,-0.565544645371,0.6300001));
#6175 = ADVANCED_FACE('',(#6176),#6198,.F.);
#6176 = FACE_BOUND('',#6177,.T.);
#6177 = EDGE_LOOP('',(#6178,#6185,#6192,#6197));
#6178 = ORIENTED_EDGE('',*,*,#6179,.T.);
#6179 = EDGE_CURVE('',#6152,#6180,#6182,.T.);
#6180 = VERTEX_POINT('',#6181);
#6181 = CARTESIAN_POINT('',(0.227660877634,-0.555130430081,0.6300001));
#6182 = B_SPLINE_CURVE_WITH_KNOTS('',1,(#6183,#6184),.UNSPECIFIED.,.F.,
  .F.,(2,2),(-1.041421528994E-02,0.),.PIECEWISE_BEZIER_KNOTS.);
#6183 = CARTESIAN_POINT('',(0.227660877634,-0.565544645371,0.6300001));
#6184 = CARTESIAN_POINT('',(0.227660877634,-0.555130430081,0.6300001));
#6185 = ORIENTED_EDGE('',*,*,#6186,.F.);
#6186 = EDGE_CURVE('',#6187,#6180,#6189,.T.);
#6187 = VERTEX_POINT('',#6188);
#6188 = CARTESIAN_POINT('',(0.227660877634,-0.555130430081,0.6310001));
#6189 = B_SPLINE_CURVE_WITH_KNOTS('',1,(#6190,#6191),.UNSPECIFIED.,.F.,
  .F.,(2,2),(-0.,1.E-03),.PIECEWISE_BEZIER_KNOTS.);
#6190 = CARTESIAN_POINT('',(0.227660877634,-0.555130430081,0.6310001));
#6191 = CARTESIAN_POINT('',(0.227660877634,-0.555130430081,0.6300001));
#6192 = ORIENTED_EDGE('',*,*,#6193,.F.);
#6193 = EDGE_CURVE('',#6159,#6187,#6194,.T.);
#6194 = B_SPLINE_CURVE_WITH_KNOTS('',1,(#6195,#6196),.UNSPECIFIED.,.F.,
  .F.,(2,2),(-1.041421528994E-02,0.),.PIECEWISE_BEZIER_KNOTS.);
#6195 = CARTESIAN_POINT('',(0.227660877634,-0.565544645371,0.6310001));
#6196 = CARTESIAN_POINT('',(0.227660877634,-0.555130430081,0.6310001));
#6197 = ORIENTED_EDGE('',*,*,#6158,.T.);
#6198 = B_SPLINE_SURFACE_WITH_KNOTS('',1,1,(
    (#6199,#6200)
    ,(#6201,#6202)),.UNSPECIFIED.,.F.,.F.,.F.,(2,2),(2,2),(-1.E-03,0.),(
    -1.041421528994E-02,0.),.PIECEWISE_BEZIER_KNOTS.);
#6199 = CARTESIAN_POINT('',(0.227660877634,-0.565544645371,0.6300001));
#6200 = CARTESIAN_POINT('',(0.227660877634,-0.555130430081,0.6300001));
#6201 = CARTESIAN_POINT('',(0.227660877634,-0.565544645371,0.6310001));
#6202 = CARTESIAN_POINT('',(0.227660877634,-0.555130430081,0.6310001));
#6203 = ADVANCED_FACE('',(#6204),#6226,.F.);
#6204 = FACE_BOUND('',#6205,.T.);
#6205 = EDGE_LOOP('',(#6206,#6213,#6220,#6225));
#6206 = ORIENTED_EDGE('',*,*,#6207,.T.);
#6207 = EDGE_CURVE('',#6180,#6208,#6210,.T.);
#6208 = VERTEX_POINT('',#6209);
#6209 = CARTESIAN_POINT('',(0.240221153263,-0.555130430081,0.6300001));
#6210 = B_SPLINE_CURVE_WITH_KNOTS('',1,(#6211,#6212),.UNSPECIFIED.,.F.,
  .F.,(2,2),(-1.25602756291E-02,0.),.PIECEWISE_BEZIER_KNOTS.);
#6211 = CARTESIAN_POINT('',(0.227660877634,-0.555130430081,0.6300001));
#6212 = CARTESIAN_POINT('',(0.240221153263,-0.555130430081,0.6300001));
#6213 = ORIENTED_EDGE('',*,*,#6214,.F.);
#6214 = EDGE_CURVE('',#6215,#6208,#6217,.T.);
#6215 = VERTEX_POINT('',#6216);
#6216 = CARTESIAN_POINT('',(0.240221153263,-0.555130430081,0.6310001));
#6217 = B_SPLINE_CURVE_WITH_KNOTS('',1,(#6218,#6219),.UNSPECIFIED.,.F.,
  .F.,(2,2),(-0.,1.E-03),.PIECEWISE_BEZIER_KNOTS.);
#6218 = CARTESIAN_POINT('',(0.240221153263,-0.555130430081,0.6310001));
#6219 = CARTESIAN_POINT('',(0.240221153263,-0.555130430081,0.6300001));
#6220 = ORIENTED_EDGE('',*,*,#6221,.F.);
#6221 = EDGE_CURVE('',#6187,#6215,#6222,.T.);
#6222 = B_SPLINE_CURVE_WITH_KNOTS('',1,(#6223,#6224),.UNSPECIFIED.,.F.,
  .F.,(2,2),(-1.25602756291E-02,0.),.PIECEWISE_BEZIER_KNOTS.);
#6223 = CARTESIAN_POINT('',(0.227660877634,-0.555130430081,0.6310001));
#6224 = CARTESIAN_POINT('',(0.240221153263,-0.555130430081,0.6310001));
#6225 = ORIENTED_EDGE('',*,*,#6186,.T.);
#6226 = B_SPLINE_SURFACE_WITH_KNOTS('',1,1,(
    (#6227,#6228)
    ,(#6229,#6230)),.UNSPECIFIED.,.F.,.F.,.F.,(2,2),(2,2),(-1.E-03,0.),(
    -1.25602756291E-02,0.),.PIECEWISE_BEZIER_KNOTS.);
#6227 = CARTESIAN_POINT('',(0.227660877634,-0.555130430081,0.6300001));
#6228 = CARTESIAN_POINT('',(0.240221153263,-0.555130430081,0.6300001));
#6229 = CARTESIAN_POINT('',(0.227660877634,-0.555130430081,0.6310001));
#6230 = CARTESIAN_POINT('',(0.240221153263,-0.555130430081,0.6310001));
#6231 = ADVANCED_FACE('',(#6232),#6254,.F.);
#6232 = FACE_BOUND('',#6233,.T.);
#6233 = EDGE_LOOP('',(#6234,#6241,#6248,#6253));
#6234 = ORIENTED_EDGE('',*,*,#6235,.T.);
#6235 = EDGE_CURVE('',#6208,#6236,#6238,.T.);
#6236 = VERTEX_POINT('',#6237);
#6237 = CARTESIAN_POINT('',(0.240221153263,-0.551387301582,0.6300001));
#6238 = B_SPLINE_CURVE_WITH_KNOTS('',1,(#6239,#6240),.UNSPECIFIED.,.F.,
  .F.,(2,2),(-3.743128498689E-03,0.),.PIECEWISE_BEZIER_KNOTS.);
#6239 = CARTESIAN_POINT('',(0.240221153263,-0.555130430081,0.6300001));
#6240 = CARTESIAN_POINT('',(0.240221153263,-0.551387301582,0.6300001));
#6241 = ORIENTED_EDGE('',*,*,#6242,.F.);
#6242 = EDGE_CURVE('',#6243,#6236,#6245,.T.);
#6243 = VERTEX_POINT('',#6244);
#6244 = CARTESIAN_POINT('',(0.240221153263,-0.551387301582,0.6310001));
#6245 = B_SPLINE_CURVE_WITH_KNOTS('',1,(#6246,#6247),.UNSPECIFIED.,.F.,
  .F.,(2,2),(-0.,1.E-03),.PIECEWISE_BEZIER_KNOTS.);
#6246 = CARTESIAN_POINT('',(0.240221153263,-0.551387301582,0.6310001));
#6247 = CARTESIAN_POINT('',(0.240221153263,-0.551387301582,0.6300001));
#6248 = ORIENTED_EDGE('',*,*,#6249,.F.);
#6249 = EDGE_CURVE('',#6215,#6243,#6250,.T.);
#6250 = B_SPLINE_CURVE_WITH_KNOTS('',1,(#6251,#6252),.UNSPECIFIED.,.F.,
  .F.,(2,2),(-3.743128498689E-03,0.),.PIECEWISE_BEZIER_KNOTS.);
#6251 = CARTESIAN_POINT('',(0.240221153263,-0.555130430081,0.6310001));
#6252 = CARTESIAN_POINT('',(0.240221153263,-0.551387301582,0.6310001));
#6253 = ORIENTED_EDGE('',*,*,#6214,.T.);
#6254 = B_SPLINE_SURFACE_WITH_KNOTS('',1,1,(
    (#6255,#6256)
    ,(#6257,#6258)),.UNSPECIFIED.,.F.,.F.,.F.,(2,2),(2,2),(-1.E-03,0.),(
    -3.743128498689E-03,0.),.PIECEWISE_BEZIER_KNOTS.);
#6255 = CARTESIAN_POINT('',(0.240221153263,-0.555130430081,0.6300001));
#6256 = CARTESIAN_POINT('',(0.240221153263,-0.551387301582,0.6300001));
#6257 = CARTESIAN_POINT('',(0.240221153263,-0.555130430081,0.6310001));
#6258 = CARTESIAN_POINT('',(0.240221153263,-0.551387301582,0.6310001));
#6259 = ADVANCED_FACE('',(#6260),#6282,.F.);
#6260 = FACE_BOUND('',#6261,.T.);
#6261 = EDGE_LOOP('',(#6262,#6269,#6276,#6281));
#6262 = ORIENTED_EDGE('',*,*,#6263,.T.);
#6263 = EDGE_CURVE('',#6236,#6264,#6266,.T.);
#6264 = VERTEX_POINT('',#6265);
#6265 = CARTESIAN_POINT('',(0.223460255652,-0.551387301582,0.6300001));
#6266 = B_SPLINE_CURVE_WITH_KNOTS('',1,(#6267,#6268),.UNSPECIFIED.,.F.,
  .F.,(2,2),(-1.6760897611E-02,-0.),.PIECEWISE_BEZIER_KNOTS.);
#6267 = CARTESIAN_POINT('',(0.240221153263,-0.551387301582,0.6300001));
#6268 = CARTESIAN_POINT('',(0.223460255652,-0.551387301582,0.6300001));
#6269 = ORIENTED_EDGE('',*,*,#6270,.F.);
#6270 = EDGE_CURVE('',#6271,#6264,#6273,.T.);
#6271 = VERTEX_POINT('',#6272);
#6272 = CARTESIAN_POINT('',(0.223460255652,-0.551387301582,0.6310001));
#6273 = B_SPLINE_CURVE_WITH_KNOTS('',1,(#6274,#6275),.UNSPECIFIED.,.F.,
  .F.,(2,2),(-0.,1.E-03),.PIECEWISE_BEZIER_KNOTS.);
#6274 = CARTESIAN_POINT('',(0.223460255652,-0.551387301582,0.6310001));
#6275 = CARTESIAN_POINT('',(0.223460255652,-0.551387301582,0.6300001));
#6276 = ORIENTED_EDGE('',*,*,#6277,.F.);
#6277 = EDGE_CURVE('',#6243,#6271,#6278,.T.);
#6278 = B_SPLINE_CURVE_WITH_KNOTS('',1,(#6279,#6280),.UNSPECIFIED.,.F.,
  .F.,(2,2),(-1.6760897611E-02,-0.),.PIECEWISE_BEZIER_KNOTS.);
#6279 = CARTESIAN_POINT('',(0.240221153263,-0.551387301582,0.6310001));
#6280 = CARTESIAN_POINT('',(0.223460255652,-0.551387301582,0.6310001));
#6281 = ORIENTED_EDGE('',*,*,#6242,.T.);
#6282 = B_SPLINE_SURFACE_WITH_KNOTS('',1,1,(
    (#6283,#6284)
    ,(#6285,#6286
    )),.UNSPECIFIED.,.F.,.F.,.F.,(2,2),(2,2),(0.,1.E-03),(0.,
    1.6760897611E-02),.PIECEWISE_BEZIER_KNOTS.);
#6283 = CARTESIAN_POINT('',(0.223460255652,-0.551387301582,0.6310001));
#6284 = CARTESIAN_POINT('',(0.240221153263,-0.551387301582,0.6310001));
#6285 = CARTESIAN_POINT('',(0.223460255652,-0.551387301582,0.6300001));
#6286 = CARTESIAN_POINT('',(0.240221153263,-0.551387301582,0.6300001));
#6287 = ADVANCED_FACE('',(#6288),#6310,.F.);
#6288 = FACE_BOUND('',#6289,.T.);
#6289 = EDGE_LOOP('',(#6290,#6297,#6304,#6309));
#6290 = ORIENTED_EDGE('',*,*,#6291,.T.);
#6291 = EDGE_CURVE('',#6264,#6292,#6294,.T.);
#6292 = VERTEX_POINT('',#6293);
#6293 = CARTESIAN_POINT('',(0.223460255652,-0.583927565331,0.6300001));
#6294 = B_SPLINE_CURVE_WITH_KNOTS('',1,(#6295,#6296),.UNSPECIFIED.,.F.,
  .F.,(2,2),(-3.254026374901E-02,-0.),.PIECEWISE_BEZIER_KNOTS.);
#6295 = CARTESIAN_POINT('',(0.223460255652,-0.551387301582,0.6300001));
#6296 = CARTESIAN_POINT('',(0.223460255652,-0.583927565331,0.6300001));
#6297 = ORIENTED_EDGE('',*,*,#6298,.F.);
#6298 = EDGE_CURVE('',#6299,#6292,#6301,.T.);
#6299 = VERTEX_POINT('',#6300);
#6300 = CARTESIAN_POINT('',(0.223460255652,-0.583927565331,0.6310001));
#6301 = B_SPLINE_CURVE_WITH_KNOTS('',1,(#6302,#6303),.UNSPECIFIED.,.F.,
  .F.,(2,2),(-0.,1.E-03),.PIECEWISE_BEZIER_KNOTS.);
#6302 = CARTESIAN_POINT('',(0.223460255652,-0.583927565331,0.6310001));
#6303 = CARTESIAN_POINT('',(0.223460255652,-0.583927565331,0.6300001));
#6304 = ORIENTED_EDGE('',*,*,#6305,.F.);
#6305 = EDGE_CURVE('',#6271,#6299,#6306,.T.);
#6306 = B_SPLINE_CURVE_WITH_KNOTS('',1,(#6307,#6308),.UNSPECIFIED.,.F.,
  .F.,(2,2),(-3.254026374901E-02,-0.),.PIECEWISE_BEZIER_KNOTS.);
#6307 = CARTESIAN_POINT('',(0.223460255652,-0.551387301582,0.6310001));
#6308 = CARTESIAN_POINT('',(0.223460255652,-0.583927565331,0.6310001));
#6309 = ORIENTED_EDGE('',*,*,#6270,.T.);
#6310 = B_SPLINE_SURFACE_WITH_KNOTS('',1,1,(
    (#6311,#6312)
    ,(#6313,#6314
    )),.UNSPECIFIED.,.F.,.F.,.F.,(2,2),(2,2),(0.,1.E-03),(0.,
    3.254026374901E-02),.PIECEWISE_BEZIER_KNOTS.);
#6311 = CARTESIAN_POINT('',(0.223460255652,-0.583927565331,0.6310001));
#6312 = CARTESIAN_POINT('',(0.223460255652,-0.551387301582,0.6310001));
#6313 = CARTESIAN_POINT('',(0.223460255652,-0.583927565331,0.6300001));
#6314 = CARTESIAN_POINT('',(0.223460255652,-0.551387301582,0.6300001));
#6315 = ADVANCED_FACE('',(#6316),#6330,.F.);
#6316 = FACE_BOUND('',#6317,.T.);
#6317 = EDGE_LOOP('',(#6318,#6323,#6324,#6329));
#6318 = ORIENTED_EDGE('',*,*,#6319,.T.);
#6319 = EDGE_CURVE('',#6292,#6004,#6320,.T.);
#6320 = B_SPLINE_CURVE_WITH_KNOTS('',1,(#6321,#6322),.UNSPECIFIED.,.F.,
  .F.,(2,2),(-1.750120524747E-02,0.),.PIECEWISE_BEZIER_KNOTS.);
#6321 = CARTESIAN_POINT('',(0.223460255652,-0.583927565331,0.6300001));
#6322 = CARTESIAN_POINT('',(0.2409614609,-0.583927565331,0.6300001));
#6323 = ORIENTED_EDGE('',*,*,#6026,.F.);
#6324 = ORIENTED_EDGE('',*,*,#6325,.F.);
#6325 = EDGE_CURVE('',#6299,#6020,#6326,.T.);
#6326 = B_SPLINE_CURVE_WITH_KNOTS('',1,(#6327,#6328),.UNSPECIFIED.,.F.,
  .F.,(2,2),(-1.750120524747E-02,0.),.PIECEWISE_BEZIER_KNOTS.);
#6327 = CARTESIAN_POINT('',(0.223460255652,-0.583927565331,0.6310001));
#6328 = CARTESIAN_POINT('',(0.2409614609,-0.583927565331,0.6310001));
#6329 = ORIENTED_EDGE('',*,*,#6298,.T.);
#6330 = B_SPLINE_SURFACE_WITH_KNOTS('',1,1,(
    (#6331,#6332)
    ,(#6333,#6334)),.UNSPECIFIED.,.F.,.F.,.F.,(2,2),(2,2),(-1.E-03,0.),(
    -1.750120524747E-02,0.),.PIECEWISE_BEZIER_KNOTS.);
#6331 = CARTESIAN_POINT('',(0.223460255652,-0.583927565331,0.6300001));
#6332 = CARTESIAN_POINT('',(0.2409614609,-0.583927565331,0.6300001));
#6333 = CARTESIAN_POINT('',(0.223460255652,-0.583927565331,0.6310001));
#6334 = CARTESIAN_POINT('',(0.2409614609,-0.583927565331,0.6310001));
#6335 = ADVANCED_FACE('',(#6336),#6350,.F.);
#6336 = FACE_BOUND('',#6337,.T.);
#6337 = EDGE_LOOP('',(#6338,#6339,#6340,#6341,#6342,#6343,#6344,#6345,
    #6346,#6347,#6348,#6349));
#6338 = ORIENTED_EDGE('',*,*,#6019,.T.);
#6339 = ORIENTED_EDGE('',*,*,#6053,.T.);
#6340 = ORIENTED_EDGE('',*,*,#6081,.T.);
#6341 = ORIENTED_EDGE('',*,*,#6109,.T.);
#6342 = ORIENTED_EDGE('',*,*,#6137,.T.);
#6343 = ORIENTED_EDGE('',*,*,#6165,.T.);
#6344 = ORIENTED_EDGE('',*,*,#6193,.T.);
#6345 = ORIENTED_EDGE('',*,*,#6221,.T.);
#6346 = ORIENTED_EDGE('',*,*,#6249,.T.);
#6347 = ORIENTED_EDGE('',*,*,#6277,.T.);
#6348 = ORIENTED_EDGE('',*,*,#6305,.T.);
#6349 = ORIENTED_EDGE('',*,*,#6325,.T.);
#6350 = B_SPLINE_SURFACE_WITH_KNOTS('',1,1,(
    (#6351,#6352)
    ,(#6353,#6354
    )),.UNSPECIFIED.,.F.,.F.,.F.,(2,2),(2,2),(-0.2409614609,
    -0.223460255652),(-0.583927565331,-0.551387301582),
  .PIECEWISE_BEZIER_KNOTS.);
#6351 = CARTESIAN_POINT('',(0.2409614609,-0.583927565331,0.6310001));
#6352 = CARTESIAN_POINT('',(0.2409614609,-0.551387301582,0.6310001));
#6353 = CARTESIAN_POINT('',(0.223460255652,-0.583927565331,0.6310001));
#6354 = CARTESIAN_POINT('',(0.223460255652,-0.551387301582,0.6310001));
#6355 = ADVANCED_FACE('',(#6356),#6370,.T.);
#6356 = FACE_BOUND('',#6357,.T.);
#6357 = EDGE_LOOP('',(#6358,#6359,#6360,#6361,#6362,#6363,#6364,#6365,
    #6366,#6367,#6368,#6369));
#6358 = ORIENTED_EDGE('',*,*,#6003,.F.);
#6359 = ORIENTED_EDGE('',*,*,#6319,.F.);
#6360 = ORIENTED_EDGE('',*,*,#6291,.F.);
#6361 = ORIENTED_EDGE('',*,*,#6263,.F.);
#6362 = ORIENTED_EDGE('',*,*,#6235,.F.);
#6363 = ORIENTED_EDGE('',*,*,#6207,.F.);
#6364 = ORIENTED_EDGE('',*,*,#6179,.F.);
#6365 = ORIENTED_EDGE('',*,*,#6151,.F.);
#6366 = ORIENTED_EDGE('',*,*,#6123,.F.);
#6367 = ORIENTED_EDGE('',*,*,#6095,.F.);
#6368 = ORIENTED_EDGE('',*,*,#6067,.F.);
#6369 = ORIENTED_EDGE('',*,*,#6039,.F.);
#6370 = B_SPLINE_SURFACE_WITH_KNOTS('',1,1,(
    (#6371,#6372)
    ,(#6373,#6374
    )),.UNSPECIFIED.,.F.,.F.,.F.,(2,2),(2,2),(-0.2409614609,
    -0.223460255652),(-0.583927565331,-0.551387301582),
  .PIECEWISE_BEZIER_KNOTS.);
#6371 = CARTESIAN_POINT('',(0.2409614609,-0.583927565331,0.6300001));
#6372 = CARTESIAN_POINT('',(0.2409614609,-0.551387301582,0.6300001));
#6373 = CARTESIAN_POINT('',(0.223460255652,-0.583927565331,0.6300001));
#6374 = CARTESIAN_POINT('',(0.223460255652,-0.551387301582,0.6300001));
#6375 = MANIFOLD_SOLID_BREP('',#6376);
#6376 = CLOSED_SHELL('',(#6377,#6569,#6761,#6785,#6801,#6821,#6841,#6857
    ,#6877,#6897,#6917,#6937,#6953,#6969,#6985,#7001,#7017,#7041,#7061,
    #7081,#7101,#7121,#7141,#7157));
#6377 = ADVANCED_FACE('',(#6378,#6494),#6564,.T.);
#6378 = FACE_BOUND('',#6379,.T.);
#6379 = EDGE_LOOP('',(#6380,#6391,#6398,#6407,#6416,#6423,#6432,#6441,
    #6450,#6459,#6466,#6473,#6480,#6487));
#6380 = ORIENTED_EDGE('',*,*,#6381,.T.);
#6381 = EDGE_CURVE('',#6382,#6384,#6386,.T.);
#6382 = VERTEX_POINT('',#6383);
#6383 = CARTESIAN_POINT('',(0.255135440815,-0.560154540332,0.6310001));
#6384 = VERTEX_POINT('',#6385);
#6385 = CARTESIAN_POINT('',(0.247133463891,-0.562317236798,0.6310001));
#6386 = B_SPLINE_CURVE_WITH_KNOTS('',3,(#6387,#6388,#6389,#6390),
  .UNSPECIFIED.,.F.,.F.,(4,4),(0.,1.),.PIECEWISE_BEZIER_KNOTS.);
#6387 = CARTESIAN_POINT('',(0.255135440815,-0.560154540332,0.6310001));
#6388 = CARTESIAN_POINT('',(0.252107665763,-0.560154540332,0.6310001));
#6389 = CARTESIAN_POINT('',(0.249437567433,-0.560869893779,0.6310001));
#6390 = CARTESIAN_POINT('',(0.247133463891,-0.562317236798,0.6310001));
#6391 = ORIENTED_EDGE('',*,*,#6392,.T.);
#6392 = EDGE_CURVE('',#6384,#6393,#6395,.T.);
#6393 = VERTEX_POINT('',#6394);
#6394 = CARTESIAN_POINT('',(0.247133463891,-0.566276634944,0.6310001));
#6395 = B_SPLINE_CURVE_WITH_KNOTS('',1,(#6396,#6397),.UNSPECIFIED.,.F.,
  .F.,(2,2),(-3.959398145481E-03,-0.),.PIECEWISE_BEZIER_KNOTS.);
#6396 = CARTESIAN_POINT('',(0.247133463891,-0.562317236798,0.6310001));
#6397 = CARTESIAN_POINT('',(0.247133463891,-0.566276634944,0.6310001));
#6398 = ORIENTED_EDGE('',*,*,#6399,.T.);
#6399 = EDGE_CURVE('',#6393,#6400,#6402,.T.);
#6400 = VERTEX_POINT('',#6401);
#6401 = CARTESIAN_POINT('',(0.254752809902,-0.563465129538,0.6310001));
#6402 = B_SPLINE_CURVE_WITH_KNOTS('',3,(#6403,#6404,#6405,#6406),
  .UNSPECIFIED.,.F.,.F.,(4,4),(12.,13.),.PIECEWISE_BEZIER_KNOTS.);
#6403 = CARTESIAN_POINT('',(0.247133463891,-0.566276634944,0.6310001));
#6404 = CARTESIAN_POINT('',(0.24942924937,-0.564413388758,0.6310001));
#6405 = CARTESIAN_POINT('',(0.251966258686,-0.563465129538,0.6310001));
#6406 = CARTESIAN_POINT('',(0.254752809902,-0.563465129538,0.6310001));
#6407 = ORIENTED_EDGE('',*,*,#6408,.T.);
#6408 = EDGE_CURVE('',#6400,#6409,#6411,.T.);
#6409 = VERTEX_POINT('',#6410);
#6410 = CARTESIAN_POINT('',(0.259460833747,-0.569154684856,0.6310001));
#6411 = B_SPLINE_CURVE_WITH_KNOTS('',3,(#6412,#6413,#6414,#6415),
  .UNSPECIFIED.,.F.,.F.,(4,4),(11.,12.),.PIECEWISE_BEZIER_KNOTS.);
#6412 = CARTESIAN_POINT('',(0.254752809902,-0.563465129538,0.6310001));
#6413 = CARTESIAN_POINT('',(0.257888719777,-0.563465129538,0.6310001));
#6414 = CARTESIAN_POINT('',(0.259460833747,-0.565361647977,0.6310001));
#6415 = CARTESIAN_POINT('',(0.259460833747,-0.569154684856,0.6310001));
#6416 = ORIENTED_EDGE('',*,*,#6417,.T.);
#6417 = EDGE_CURVE('',#6409,#6418,#6420,.T.);
#6418 = VERTEX_POINT('',#6419);
#6419 = CARTESIAN_POINT('',(0.252573477309,-0.570119580202,0.6310001));
#6420 = B_SPLINE_CURVE_WITH_KNOTS('',1,(#6421,#6422),.UNSPECIFIED.,.F.,
  .F.,(2,2),(-6.954617295687E-03,-0.),.PIECEWISE_BEZIER_KNOTS.);
#6421 = CARTESIAN_POINT('',(0.259460833747,-0.569154684856,0.6310001));
#6422 = CARTESIAN_POINT('',(0.252573477309,-0.570119580202,0.6310001));
#6423 = ORIENTED_EDGE('',*,*,#6424,.T.);
#6424 = EDGE_CURVE('',#6418,#6425,#6427,.T.);
#6425 = VERTEX_POINT('',#6426);
#6426 = CARTESIAN_POINT('',(0.244862632602,-0.57770565396,0.6310001));
#6427 = B_SPLINE_CURVE_WITH_KNOTS('',3,(#6428,#6429,#6430,#6431),
  .UNSPECIFIED.,.F.,.F.,(4,4),(9.,10.),.PIECEWISE_BEZIER_KNOTS.);
#6428 = CARTESIAN_POINT('',(0.252573477309,-0.570119580202,0.6310001));
#6429 = CARTESIAN_POINT('',(0.247432914171,-0.570834933649,0.6310001));
#6430 = CARTESIAN_POINT('',(0.244862632602,-0.573363624901,0.6310001));
#6431 = CARTESIAN_POINT('',(0.244862632602,-0.57770565396,0.6310001));
#6432 = ORIENTED_EDGE('',*,*,#6433,.T.);
#6433 = EDGE_CURVE('',#6425,#6434,#6436,.T.);
#6434 = VERTEX_POINT('',#6435);
#6435 = CARTESIAN_POINT('',(0.246858967801,-0.582646583578,0.6310001));
#6436 = B_SPLINE_CURVE_WITH_KNOTS('',3,(#6437,#6438,#6439,#6440),
  .UNSPECIFIED.,.F.,.F.,(4,4),(8.,9.),.PIECEWISE_BEZIER_KNOTS.);
#6437 = CARTESIAN_POINT('',(0.244862632602,-0.57770565396,0.6310001));
#6438 = CARTESIAN_POINT('',(0.244862632602,-0.579785169793,0.6310001));
#6439 = CARTESIAN_POINT('',(0.245528077668,-0.581432146332,0.6310001));
#6440 = CARTESIAN_POINT('',(0.246858967801,-0.582646583578,0.6310001));
#6441 = ORIENTED_EDGE('',*,*,#6442,.T.);
#6442 = EDGE_CURVE('',#6434,#6443,#6445,.T.);
#6443 = VERTEX_POINT('',#6444);
#6444 = CARTESIAN_POINT('',(0.252232436712,-0.584476557511,0.6310001));
#6445 = B_SPLINE_CURVE_WITH_KNOTS('',3,(#6446,#6447,#6448,#6449),
  .UNSPECIFIED.,.F.,.F.,(4,4),(7.,8.),.PIECEWISE_BEZIER_KNOTS.);
#6446 = CARTESIAN_POINT('',(0.246858967801,-0.582646583578,0.6310001));
#6447 = CARTESIAN_POINT('',(0.248189857934,-0.583861020825,0.6310001));
#6448 = CARTESIAN_POINT('',(0.24997824155,-0.584476557511,0.6310001));
#6449 = CARTESIAN_POINT('',(0.252232436712,-0.584476557511,0.6310001));
#6450 = ORIENTED_EDGE('',*,*,#6451,.T.);
#6451 = EDGE_CURVE('',#6443,#6452,#6454,.T.);
#6452 = VERTEX_POINT('',#6453);
#6453 = CARTESIAN_POINT('',(0.259352698923,-0.580334161972,0.6310001));
#6454 = B_SPLINE_CURVE_WITH_KNOTS('',3,(#6455,#6456,#6457,#6458),
  .UNSPECIFIED.,.F.,.F.,(4,4),(6.,7.),.PIECEWISE_BEZIER_KNOTS.);
#6455 = CARTESIAN_POINT('',(0.252232436712,-0.584476557511,0.6310001));
#6456 = CARTESIAN_POINT('',(0.255368346588,-0.584476557511,0.6310001));
#6457 = CARTESIAN_POINT('',(0.257747312701,-0.583095758998,0.6310001));
#6458 = CARTESIAN_POINT('',(0.259352698923,-0.580334161972,0.6310001));
#6459 = ORIENTED_EDGE('',*,*,#6460,.T.);
#6460 = EDGE_CURVE('',#6452,#6461,#6463,.T.);
#6461 = VERTEX_POINT('',#6462);
#6462 = CARTESIAN_POINT('',(0.259460833747,-0.580334161972,0.6310001));
#6463 = B_SPLINE_CURVE_WITH_KNOTS('',1,(#6464,#6465),.UNSPECIFIED.,.F.,
  .F.,(2,2),(-1.081348232844E-04,0.),.PIECEWISE_BEZIER_KNOTS.);
#6464 = CARTESIAN_POINT('',(0.259352698923,-0.580334161972,0.6310001));
#6465 = CARTESIAN_POINT('',(0.259460833747,-0.580334161972,0.6310001));
#6466 = ORIENTED_EDGE('',*,*,#6467,.T.);
#6467 = EDGE_CURVE('',#6461,#6468,#6470,.T.);
#6468 = VERTEX_POINT('',#6469);
#6469 = CARTESIAN_POINT('',(0.259460833747,-0.583927565331,0.6310001));
#6470 = B_SPLINE_CURVE_WITH_KNOTS('',1,(#6471,#6472),.UNSPECIFIED.,.F.,
  .F.,(2,2),(-3.593403358689E-03,-0.),.PIECEWISE_BEZIER_KNOTS.);
#6471 = CARTESIAN_POINT('',(0.259460833747,-0.580334161972,0.6310001));
#6472 = CARTESIAN_POINT('',(0.259460833747,-0.583927565331,0.6310001));
#6473 = ORIENTED_EDGE('',*,*,#6474,.T.);
#6474 = EDGE_CURVE('',#6468,#6475,#6477,.T.);
#6475 = VERTEX_POINT('',#6476);
#6476 = CARTESIAN_POINT('',(0.263536684779,-0.583927565331,0.6310001));
#6477 = B_SPLINE_CURVE_WITH_KNOTS('',1,(#6478,#6479),.UNSPECIFIED.,.F.,
  .F.,(2,2),(-4.075851031976E-03,0.),.PIECEWISE_BEZIER_KNOTS.);
#6478 = CARTESIAN_POINT('',(0.259460833747,-0.583927565331,0.6310001));
#6479 = CARTESIAN_POINT('',(0.263536684779,-0.583927565331,0.6310001));
#6480 = ORIENTED_EDGE('',*,*,#6481,.T.);
#6481 = EDGE_CURVE('',#6475,#6482,#6484,.T.);
#6482 = VERTEX_POINT('',#6483);
#6483 = CARTESIAN_POINT('',(0.263536684779,-0.568971687463,0.6310001));
#6484 = B_SPLINE_CURVE_WITH_KNOTS('',1,(#6485,#6486),.UNSPECIFIED.,.F.,
  .F.,(2,2),(-1.495587786812E-02,0.),.PIECEWISE_BEZIER_KNOTS.);
#6485 = CARTESIAN_POINT('',(0.263536684779,-0.583927565331,0.6310001));
#6486 = CARTESIAN_POINT('',(0.263536684779,-0.568971687463,0.6310001));
#6487 = ORIENTED_EDGE('',*,*,#6488,.T.);
#6488 = EDGE_CURVE('',#6482,#6382,#6489,.T.);
#6489 = B_SPLINE_CURVE_WITH_KNOTS('',3,(#6490,#6491,#6492,#6493),
  .UNSPECIFIED.,.F.,.F.,(4,4),(1.,2.),.PIECEWISE_BEZIER_KNOTS.);
#6490 = CARTESIAN_POINT('',(0.263536684779,-0.568971687463,0.6310001));
#6491 = CARTESIAN_POINT('',(0.263536684779,-0.563082498625,0.6310001));
#6492 = CARTESIAN_POINT('',(0.260733497436,-0.560154540332,0.6310001));
#6493 = CARTESIAN_POINT('',(0.255135440815,-0.560154540332,0.6310001));
#6494 = FACE_BOUND('',#6495,.T.);
#6495 = EDGE_LOOP('',(#6496,#6507,#6516,#6523,#6530,#6539,#6548,#6557));
#6496 = ORIENTED_EDGE('',*,*,#6497,.F.);
#6497 = EDGE_CURVE('',#6498,#6500,#6502,.T.);
#6498 = VERTEX_POINT('',#6499);
#6499 = CARTESIAN_POINT('',(0.25007805831,-0.574428337008,0.6310001));
#6500 = VERTEX_POINT('',#6501);
#6501 = CARTESIAN_POINT('',(0.248996710077,-0.577372931427,0.6310001));
#6502 = B_SPLINE_CURVE_WITH_KNOTS('',3,(#6503,#6504,#6505,#6506),
  .UNSPECIFIED.,.F.,.F.,(4,4),(1.,2.),.PIECEWISE_BEZIER_KNOTS.);
#6503 = CARTESIAN_POINT('',(0.25007805831,-0.574428337008,0.6310001));
#6504 = CARTESIAN_POINT('',(0.249362704863,-0.575127054327,0.6310001));
#6505 = CARTESIAN_POINT('',(0.248996710077,-0.5761085858,0.6310001));
#6506 = CARTESIAN_POINT('',(0.248996710077,-0.577372931427,0.6310001));
#6507 = ORIENTED_EDGE('',*,*,#6508,.F.);
#6508 = EDGE_CURVE('',#6509,#6498,#6511,.T.);
#6509 = VERTEX_POINT('',#6510);
#6510 = CARTESIAN_POINT('',(0.254020820328,-0.572997630115,0.6310001));
#6511 = B_SPLINE_CURVE_WITH_KNOTS('',3,(#6512,#6513,#6514,#6515),
  .UNSPECIFIED.,.F.,.F.,(4,4),(0.,1.),.PIECEWISE_BEZIER_KNOTS.);
#6512 = CARTESIAN_POINT('',(0.254020820328,-0.572997630115,0.6310001));
#6513 = CARTESIAN_POINT('',(0.252115983826,-0.573263808142,0.6310001));
#6514 = CARTESIAN_POINT('',(0.25080172982,-0.573729619688,0.6310001));
#6515 = CARTESIAN_POINT('',(0.25007805831,-0.574428337008,0.6310001));
#6516 = ORIENTED_EDGE('',*,*,#6517,.F.);
#6517 = EDGE_CURVE('',#6518,#6509,#6520,.T.);
#6518 = VERTEX_POINT('',#6519);
#6519 = CARTESIAN_POINT('',(0.259460833747,-0.572265640542,0.6310001));
#6520 = B_SPLINE_CURVE_WITH_KNOTS('',1,(#6521,#6522),.UNSPECIFIED.,.F.,
  .F.,(2,2),(0.,5.489039508437E-03),.PIECEWISE_BEZIER_KNOTS.);
#6521 = CARTESIAN_POINT('',(0.259460833747,-0.572265640542,0.6310001));
#6522 = CARTESIAN_POINT('',(0.254020820328,-0.572997630115,0.6310001));
#6523 = ORIENTED_EDGE('',*,*,#6524,.F.);
#6524 = EDGE_CURVE('',#6525,#6518,#6527,.T.);
#6525 = VERTEX_POINT('',#6526);
#6526 = CARTESIAN_POINT('',(0.259460833747,-0.574494881514,0.6310001));
#6527 = B_SPLINE_CURVE_WITH_KNOTS('',1,(#6528,#6529),.UNSPECIFIED.,.F.,
  .F.,(2,2),(0.,2.229240972704E-03),.PIECEWISE_BEZIER_KNOTS.);
#6528 = CARTESIAN_POINT('',(0.259460833747,-0.574494881514,0.6310001));
#6529 = CARTESIAN_POINT('',(0.259460833747,-0.572265640542,0.6310001));
#6530 = ORIENTED_EDGE('',*,*,#6531,.F.);
#6531 = EDGE_CURVE('',#6532,#6525,#6534,.T.);
#6532 = VERTEX_POINT('',#6533);
#6533 = CARTESIAN_POINT('',(0.257714040447,-0.579236177613,0.6310001));
#6534 = B_SPLINE_CURVE_WITH_KNOTS('',3,(#6535,#6536,#6537,#6538),
  .UNSPECIFIED.,.F.,.F.,(4,4),(5.,6.),.PIECEWISE_BEZIER_KNOTS.);
#6535 = CARTESIAN_POINT('',(0.257714040447,-0.579236177613,0.6310001));
#6536 = CARTESIAN_POINT('',(0.258878569314,-0.577988468113,0.6310001));
#6537 = CARTESIAN_POINT('',(0.259460833747,-0.57640803608,0.6310001));
#6538 = CARTESIAN_POINT('',(0.259460833747,-0.574494881514,0.6310001));
#6539 = ORIENTED_EDGE('',*,*,#6540,.F.);
#6540 = EDGE_CURVE('',#6541,#6532,#6543,.T.);
#6541 = VERTEX_POINT('',#6542);
#6542 = CARTESIAN_POINT('',(0.253288830755,-0.581132696052,0.6310001));
#6543 = B_SPLINE_CURVE_WITH_KNOTS('',3,(#6544,#6545,#6546,#6547),
  .UNSPECIFIED.,.F.,.F.,(4,4),(4.,5.),.PIECEWISE_BEZIER_KNOTS.);
#6544 = CARTESIAN_POINT('',(0.253288830755,-0.581132696052,0.6310001));
#6545 = CARTESIAN_POINT('',(0.255077214371,-0.581132696052,0.6310001));
#6546 = CARTESIAN_POINT('',(0.256557829644,-0.580500523239,0.6310001));
#6547 = CARTESIAN_POINT('',(0.257714040447,-0.579236177613,0.6310001));
#6548 = ORIENTED_EDGE('',*,*,#6549,.F.);
#6549 = EDGE_CURVE('',#6550,#6541,#6552,.T.);
#6550 = VERTEX_POINT('',#6551);
#6551 = CARTESIAN_POINT('',(0.25017787507,-0.580084620073,0.6310001));
#6552 = B_SPLINE_CURVE_WITH_KNOTS('',3,(#6553,#6554,#6555,#6556),
  .UNSPECIFIED.,.F.,.F.,(4,4),(3.,4.),.PIECEWISE_BEZIER_KNOTS.);
#6553 = CARTESIAN_POINT('',(0.25017787507,-0.580084620073,0.6310001));
#6554 = CARTESIAN_POINT('',(0.250959773023,-0.580783337392,0.6310001));
#6555 = CARTESIAN_POINT('',(0.251999530939,-0.581132696052,0.6310001));
#6556 = CARTESIAN_POINT('',(0.253288830755,-0.581132696052,0.6310001));
#6557 = ORIENTED_EDGE('',*,*,#6558,.F.);
#6558 = EDGE_CURVE('',#6500,#6550,#6559,.T.);
#6559 = B_SPLINE_CURVE_WITH_KNOTS('',3,(#6560,#6561,#6562,#6563),
  .UNSPECIFIED.,.F.,.F.,(4,4),(2.,3.),.PIECEWISE_BEZIER_KNOTS.);
#6560 = CARTESIAN_POINT('',(0.248996710077,-0.577372931427,0.6310001));
#6561 = CARTESIAN_POINT('',(0.248996710077,-0.578487551913,0.6310001));
#6562 = CARTESIAN_POINT('',(0.249387659053,-0.579385902753,0.6310001));
#6563 = CARTESIAN_POINT('',(0.25017787507,-0.580084620073,0.6310001));
#6564 = B_SPLINE_SURFACE_WITH_KNOTS('',1,1,(
    (#6565,#6566)
    ,(#6567,#6568
    )),.UNSPECIFIED.,.F.,.F.,.F.,(2,2),(2,2),(-6.000442935089E-03,
    1.267360924198E-02),(-2.378342257782E-02,5.385946006763E-04),
  .PIECEWISE_BEZIER_KNOTS.);
#6565 = CARTESIAN_POINT('',(0.244862632602,-0.584476557511,0.6310001));
#6566 = CARTESIAN_POINT('',(0.244862632602,-0.560154540332,0.6310001));
#6567 = CARTESIAN_POINT('',(0.263536684779,-0.584476557511,0.6310001));
#6568 = CARTESIAN_POINT('',(0.263536684779,-0.560154540332,0.6310001));
#6569 = ADVANCED_FACE('',(#6570,#6686),#6756,.F.);
#6570 = FACE_BOUND('',#6571,.T.);
#6571 = EDGE_LOOP('',(#6572,#6583,#6592,#6599,#6606,#6613,#6620,#6629,
    #6638,#6647,#6656,#6663,#6672,#6681));
#6572 = ORIENTED_EDGE('',*,*,#6573,.F.);
#6573 = EDGE_CURVE('',#6574,#6576,#6578,.T.);
#6574 = VERTEX_POINT('',#6575);
#6575 = CARTESIAN_POINT('',(0.255135440815,-0.560154540332,0.6300001));
#6576 = VERTEX_POINT('',#6577);
#6577 = CARTESIAN_POINT('',(0.247133463891,-0.562317236798,0.6300001));
#6578 = B_SPLINE_CURVE_WITH_KNOTS('',3,(#6579,#6580,#6581,#6582),
  .UNSPECIFIED.,.F.,.F.,(4,4),(0.,1.),.PIECEWISE_BEZIER_KNOTS.);
#6579 = CARTESIAN_POINT('',(0.255135440815,-0.560154540332,0.6300001));
#6580 = CARTESIAN_POINT('',(0.252107665763,-0.560154540332,0.6300001));
#6581 = CARTESIAN_POINT('',(0.249437567433,-0.560869893779,0.6300001));
#6582 = CARTESIAN_POINT('',(0.247133463891,-0.562317236798,0.6300001));
#6583 = ORIENTED_EDGE('',*,*,#6584,.F.);
#6584 = EDGE_CURVE('',#6585,#6574,#6587,.T.);
#6585 = VERTEX_POINT('',#6586);
#6586 = CARTESIAN_POINT('',(0.263536684779,-0.568971687463,0.6300001));
#6587 = B_SPLINE_CURVE_WITH_KNOTS('',3,(#6588,#6589,#6590,#6591),
  .UNSPECIFIED.,.F.,.F.,(4,4),(1.,2.),.PIECEWISE_BEZIER_KNOTS.);
#6588 = CARTESIAN_POINT('',(0.263536684779,-0.568971687463,0.6300001));
#6589 = CARTESIAN_POINT('',(0.263536684779,-0.563082498625,0.6300001));
#6590 = CARTESIAN_POINT('',(0.260733497436,-0.560154540332,0.6300001));
#6591 = CARTESIAN_POINT('',(0.255135440815,-0.560154540332,0.6300001));
#6592 = ORIENTED_EDGE('',*,*,#6593,.F.);
#6593 = EDGE_CURVE('',#6594,#6585,#6596,.T.);
#6594 = VERTEX_POINT('',#6595);
#6595 = CARTESIAN_POINT('',(0.263536684779,-0.583927565331,0.6300001));
#6596 = B_SPLINE_CURVE_WITH_KNOTS('',1,(#6597,#6598),.UNSPECIFIED.,.F.,
  .F.,(2,2),(-1.495587786812E-02,0.),.PIECEWISE_BEZIER_KNOTS.);
#6597 = CARTESIAN_POINT('',(0.263536684779,-0.583927565331,0.6300001));
#6598 = CARTESIAN_POINT('',(0.263536684779,-0.568971687463,0.6300001));
#6599 = ORIENTED_EDGE('',*,*,#6600,.F.);
#6600 = EDGE_CURVE('',#6601,#6594,#6603,.T.);
#6601 = VERTEX_POINT('',#6602);
#6602 = CARTESIAN_POINT('',(0.259460833747,-0.583927565331,0.6300001));
#6603 = B_SPLINE_CURVE_WITH_KNOTS('',1,(#6604,#6605),.UNSPECIFIED.,.F.,
  .F.,(2,2),(-4.075851031976E-03,0.),.PIECEWISE_BEZIER_KNOTS.);
#6604 = CARTESIAN_POINT('',(0.259460833747,-0.583927565331,0.6300001));
#6605 = CARTESIAN_POINT('',(0.263536684779,-0.583927565331,0.6300001));
#6606 = ORIENTED_EDGE('',*,*,#6607,.F.);
#6607 = EDGE_CURVE('',#6608,#6601,#6610,.T.);
#6608 = VERTEX_POINT('',#6609);
#6609 = CARTESIAN_POINT('',(0.259460833747,-0.580334161972,0.6300001));
#6610 = B_SPLINE_CURVE_WITH_KNOTS('',1,(#6611,#6612),.UNSPECIFIED.,.F.,
  .F.,(2,2),(-3.593403358689E-03,-0.),.PIECEWISE_BEZIER_KNOTS.);
#6611 = CARTESIAN_POINT('',(0.259460833747,-0.580334161972,0.6300001));
#6612 = CARTESIAN_POINT('',(0.259460833747,-0.583927565331,0.6300001));
#6613 = ORIENTED_EDGE('',*,*,#6614,.F.);
#6614 = EDGE_CURVE('',#6615,#6608,#6617,.T.);
#6615 = VERTEX_POINT('',#6616);
#6616 = CARTESIAN_POINT('',(0.259352698923,-0.580334161972,0.6300001));
#6617 = B_SPLINE_CURVE_WITH_KNOTS('',1,(#6618,#6619),.UNSPECIFIED.,.F.,
  .F.,(2,2),(-1.081348232844E-04,0.),.PIECEWISE_BEZIER_KNOTS.);
#6618 = CARTESIAN_POINT('',(0.259352698923,-0.580334161972,0.6300001));
#6619 = CARTESIAN_POINT('',(0.259460833747,-0.580334161972,0.6300001));
#6620 = ORIENTED_EDGE('',*,*,#6621,.F.);
#6621 = EDGE_CURVE('',#6622,#6615,#6624,.T.);
#6622 = VERTEX_POINT('',#6623);
#6623 = CARTESIAN_POINT('',(0.252232436712,-0.584476557511,0.6300001));
#6624 = B_SPLINE_CURVE_WITH_KNOTS('',3,(#6625,#6626,#6627,#6628),
  .UNSPECIFIED.,.F.,.F.,(4,4),(6.,7.),.PIECEWISE_BEZIER_KNOTS.);
#6625 = CARTESIAN_POINT('',(0.252232436712,-0.584476557511,0.6300001));
#6626 = CARTESIAN_POINT('',(0.255368346588,-0.584476557511,0.6300001));
#6627 = CARTESIAN_POINT('',(0.257747312701,-0.583095758998,0.6300001));
#6628 = CARTESIAN_POINT('',(0.259352698923,-0.580334161972,0.6300001));
#6629 = ORIENTED_EDGE('',*,*,#6630,.F.);
#6630 = EDGE_CURVE('',#6631,#6622,#6633,.T.);
#6631 = VERTEX_POINT('',#6632);
#6632 = CARTESIAN_POINT('',(0.246858967801,-0.582646583578,0.6300001));
#6633 = B_SPLINE_CURVE_WITH_KNOTS('',3,(#6634,#6635,#6636,#6637),
  .UNSPECIFIED.,.F.,.F.,(4,4),(7.,8.),.PIECEWISE_BEZIER_KNOTS.);
#6634 = CARTESIAN_POINT('',(0.246858967801,-0.582646583578,0.6300001));
#6635 = CARTESIAN_POINT('',(0.248189857934,-0.583861020825,0.6300001));
#6636 = CARTESIAN_POINT('',(0.24997824155,-0.584476557511,0.6300001));
#6637 = CARTESIAN_POINT('',(0.252232436712,-0.584476557511,0.6300001));
#6638 = ORIENTED_EDGE('',*,*,#6639,.F.);
#6639 = EDGE_CURVE('',#6640,#6631,#6642,.T.);
#6640 = VERTEX_POINT('',#6641);
#6641 = CARTESIAN_POINT('',(0.244862632602,-0.57770565396,0.6300001));
#6642 = B_SPLINE_CURVE_WITH_KNOTS('',3,(#6643,#6644,#6645,#6646),
  .UNSPECIFIED.,.F.,.F.,(4,4),(8.,9.),.PIECEWISE_BEZIER_KNOTS.);
#6643 = CARTESIAN_POINT('',(0.244862632602,-0.57770565396,0.6300001));
#6644 = CARTESIAN_POINT('',(0.244862632602,-0.579785169793,0.6300001));
#6645 = CARTESIAN_POINT('',(0.245528077668,-0.581432146332,0.6300001));
#6646 = CARTESIAN_POINT('',(0.246858967801,-0.582646583578,0.6300001));
#6647 = ORIENTED_EDGE('',*,*,#6648,.F.);
#6648 = EDGE_CURVE('',#6649,#6640,#6651,.T.);
#6649 = VERTEX_POINT('',#6650);
#6650 = CARTESIAN_POINT('',(0.252573477309,-0.570119580202,0.6300001));
#6651 = B_SPLINE_CURVE_WITH_KNOTS('',3,(#6652,#6653,#6654,#6655),
  .UNSPECIFIED.,.F.,.F.,(4,4),(9.,10.),.PIECEWISE_BEZIER_KNOTS.);
#6652 = CARTESIAN_POINT('',(0.252573477309,-0.570119580202,0.6300001));
#6653 = CARTESIAN_POINT('',(0.247432914171,-0.570834933649,0.6300001));
#6654 = CARTESIAN_POINT('',(0.244862632602,-0.573363624901,0.6300001));
#6655 = CARTESIAN_POINT('',(0.244862632602,-0.57770565396,0.6300001));
#6656 = ORIENTED_EDGE('',*,*,#6657,.F.);
#6657 = EDGE_CURVE('',#6658,#6649,#6660,.T.);
#6658 = VERTEX_POINT('',#6659);
#6659 = CARTESIAN_POINT('',(0.259460833747,-0.569154684856,0.6300001));
#6660 = B_SPLINE_CURVE_WITH_KNOTS('',1,(#6661,#6662),.UNSPECIFIED.,.F.,
  .F.,(2,2),(-6.954617295687E-03,-0.),.PIECEWISE_BEZIER_KNOTS.);
#6661 = CARTESIAN_POINT('',(0.259460833747,-0.569154684856,0.6300001));
#6662 = CARTESIAN_POINT('',(0.252573477309,-0.570119580202,0.6300001));
#6663 = ORIENTED_EDGE('',*,*,#6664,.F.);
#6664 = EDGE_CURVE('',#6665,#6658,#6667,.T.);
#6665 = VERTEX_POINT('',#6666);
#6666 = CARTESIAN_POINT('',(0.254752809902,-0.563465129538,0.6300001));
#6667 = B_SPLINE_CURVE_WITH_KNOTS('',3,(#6668,#6669,#6670,#6671),
  .UNSPECIFIED.,.F.,.F.,(4,4),(11.,12.),.PIECEWISE_BEZIER_KNOTS.);
#6668 = CARTESIAN_POINT('',(0.254752809902,-0.563465129538,0.6300001));
#6669 = CARTESIAN_POINT('',(0.257888719777,-0.563465129538,0.6300001));
#6670 = CARTESIAN_POINT('',(0.259460833747,-0.565361647977,0.6300001));
#6671 = CARTESIAN_POINT('',(0.259460833747,-0.569154684856,0.6300001));
#6672 = ORIENTED_EDGE('',*,*,#6673,.F.);
#6673 = EDGE_CURVE('',#6674,#6665,#6676,.T.);
#6674 = VERTEX_POINT('',#6675);
#6675 = CARTESIAN_POINT('',(0.247133463891,-0.566276634944,0.6300001));
#6676 = B_SPLINE_CURVE_WITH_KNOTS('',3,(#6677,#6678,#6679,#6680),
  .UNSPECIFIED.,.F.,.F.,(4,4),(12.,13.),.PIECEWISE_BEZIER_KNOTS.);
#6677 = CARTESIAN_POINT('',(0.247133463891,-0.566276634944,0.6300001));
#6678 = CARTESIAN_POINT('',(0.24942924937,-0.564413388758,0.6300001));
#6679 = CARTESIAN_POINT('',(0.251966258686,-0.563465129538,0.6300001));
#6680 = CARTESIAN_POINT('',(0.254752809902,-0.563465129538,0.6300001));
#6681 = ORIENTED_EDGE('',*,*,#6682,.F.);
#6682 = EDGE_CURVE('',#6576,#6674,#6683,.T.);
#6683 = B_SPLINE_CURVE_WITH_KNOTS('',1,(#6684,#6685),.UNSPECIFIED.,.F.,
  .F.,(2,2),(-3.959398145481E-03,-0.),.PIECEWISE_BEZIER_KNOTS.);
#6684 = CARTESIAN_POINT('',(0.247133463891,-0.562317236798,0.6300001));
#6685 = CARTESIAN_POINT('',(0.247133463891,-0.566276634944,0.6300001));
#6686 = FACE_BOUND('',#6687,.T.);
#6687 = EDGE_LOOP('',(#6688,#6699,#6708,#6717,#6726,#6735,#6744,#6751));
#6688 = ORIENTED_EDGE('',*,*,#6689,.T.);
#6689 = EDGE_CURVE('',#6690,#6692,#6694,.T.);
#6690 = VERTEX_POINT('',#6691);
#6691 = CARTESIAN_POINT('',(0.254020820328,-0.572997630115,0.6300001));
#6692 = VERTEX_POINT('',#6693);
#6693 = CARTESIAN_POINT('',(0.25007805831,-0.574428337008,0.6300001));
#6694 = B_SPLINE_CURVE_WITH_KNOTS('',3,(#6695,#6696,#6697,#6698),
  .UNSPECIFIED.,.F.,.F.,(4,4),(0.,1.),.PIECEWISE_BEZIER_KNOTS.);
#6695 = CARTESIAN_POINT('',(0.254020820328,-0.572997630115,0.6300001));
#6696 = CARTESIAN_POINT('',(0.252115983826,-0.573263808142,0.6300001));
#6697 = CARTESIAN_POINT('',(0.25080172982,-0.573729619688,0.6300001));
#6698 = CARTESIAN_POINT('',(0.25007805831,-0.574428337008,0.6300001));
#6699 = ORIENTED_EDGE('',*,*,#6700,.T.);
#6700 = EDGE_CURVE('',#6692,#6701,#6703,.T.);
#6701 = VERTEX_POINT('',#6702);
#6702 = CARTESIAN_POINT('',(0.248996710077,-0.577372931427,0.6300001));
#6703 = B_SPLINE_CURVE_WITH_KNOTS('',3,(#6704,#6705,#6706,#6707),
  .UNSPECIFIED.,.F.,.F.,(4,4),(1.,2.),.PIECEWISE_BEZIER_KNOTS.);
#6704 = CARTESIAN_POINT('',(0.25007805831,-0.574428337008,0.6300001));
#6705 = CARTESIAN_POINT('',(0.249362704863,-0.575127054327,0.6300001));
#6706 = CARTESIAN_POINT('',(0.248996710077,-0.5761085858,0.6300001));
#6707 = CARTESIAN_POINT('',(0.248996710077,-0.577372931427,0.6300001));
#6708 = ORIENTED_EDGE('',*,*,#6709,.T.);
#6709 = EDGE_CURVE('',#6701,#6710,#6712,.T.);
#6710 = VERTEX_POINT('',#6711);
#6711 = CARTESIAN_POINT('',(0.25017787507,-0.580084620073,0.6300001));
#6712 = B_SPLINE_CURVE_WITH_KNOTS('',3,(#6713,#6714,#6715,#6716),
  .UNSPECIFIED.,.F.,.F.,(4,4),(2.,3.),.PIECEWISE_BEZIER_KNOTS.);
#6713 = CARTESIAN_POINT('',(0.248996710077,-0.577372931427,0.6300001));
#6714 = CARTESIAN_POINT('',(0.248996710077,-0.578487551913,0.6300001));
#6715 = CARTESIAN_POINT('',(0.249387659053,-0.579385902753,0.6300001));
#6716 = CARTESIAN_POINT('',(0.25017787507,-0.580084620073,0.6300001));
#6717 = ORIENTED_EDGE('',*,*,#6718,.T.);
#6718 = EDGE_CURVE('',#6710,#6719,#6721,.T.);
#6719 = VERTEX_POINT('',#6720);
#6720 = CARTESIAN_POINT('',(0.253288830755,-0.581132696052,0.6300001));
#6721 = B_SPLINE_CURVE_WITH_KNOTS('',3,(#6722,#6723,#6724,#6725),
  .UNSPECIFIED.,.F.,.F.,(4,4),(3.,4.),.PIECEWISE_BEZIER_KNOTS.);
#6722 = CARTESIAN_POINT('',(0.25017787507,-0.580084620073,0.6300001));
#6723 = CARTESIAN_POINT('',(0.250959773023,-0.580783337392,0.6300001));
#6724 = CARTESIAN_POINT('',(0.251999530939,-0.581132696052,0.6300001));
#6725 = CARTESIAN_POINT('',(0.253288830755,-0.581132696052,0.6300001));
#6726 = ORIENTED_EDGE('',*,*,#6727,.T.);
#6727 = EDGE_CURVE('',#6719,#6728,#6730,.T.);
#6728 = VERTEX_POINT('',#6729);
#6729 = CARTESIAN_POINT('',(0.257714040447,-0.579236177613,0.6300001));
#6730 = B_SPLINE_CURVE_WITH_KNOTS('',3,(#6731,#6732,#6733,#6734),
  .UNSPECIFIED.,.F.,.F.,(4,4),(4.,5.),.PIECEWISE_BEZIER_KNOTS.);
#6731 = CARTESIAN_POINT('',(0.253288830755,-0.581132696052,0.6300001));
#6732 = CARTESIAN_POINT('',(0.255077214371,-0.581132696052,0.6300001));
#6733 = CARTESIAN_POINT('',(0.256557829644,-0.580500523239,0.6300001));
#6734 = CARTESIAN_POINT('',(0.257714040447,-0.579236177613,0.6300001));
#6735 = ORIENTED_EDGE('',*,*,#6736,.T.);
#6736 = EDGE_CURVE('',#6728,#6737,#6739,.T.);
#6737 = VERTEX_POINT('',#6738);
#6738 = CARTESIAN_POINT('',(0.259460833747,-0.574494881514,0.6300001));
#6739 = B_SPLINE_CURVE_WITH_KNOTS('',3,(#6740,#6741,#6742,#6743),
  .UNSPECIFIED.,.F.,.F.,(4,4),(5.,6.),.PIECEWISE_BEZIER_KNOTS.);
#6740 = CARTESIAN_POINT('',(0.257714040447,-0.579236177613,0.6300001));
#6741 = CARTESIAN_POINT('',(0.258878569314,-0.577988468113,0.6300001));
#6742 = CARTESIAN_POINT('',(0.259460833747,-0.57640803608,0.6300001));
#6743 = CARTESIAN_POINT('',(0.259460833747,-0.574494881514,0.6300001));
#6744 = ORIENTED_EDGE('',*,*,#6745,.T.);
#6745 = EDGE_CURVE('',#6737,#6746,#6748,.T.);
#6746 = VERTEX_POINT('',#6747);
#6747 = CARTESIAN_POINT('',(0.259460833747,-0.572265640542,0.6300001));
#6748 = B_SPLINE_CURVE_WITH_KNOTS('',1,(#6749,#6750),.UNSPECIFIED.,.F.,
  .F.,(2,2),(0.,2.229240972704E-03),.PIECEWISE_BEZIER_KNOTS.);
#6749 = CARTESIAN_POINT('',(0.259460833747,-0.574494881514,0.6300001));
#6750 = CARTESIAN_POINT('',(0.259460833747,-0.572265640542,0.6300001));
#6751 = ORIENTED_EDGE('',*,*,#6752,.T.);
#6752 = EDGE_CURVE('',#6746,#6690,#6753,.T.);
#6753 = B_SPLINE_CURVE_WITH_KNOTS('',1,(#6754,#6755),.UNSPECIFIED.,.F.,
  .F.,(2,2),(0.,5.489039508437E-03),.PIECEWISE_BEZIER_KNOTS.);
#6754 = CARTESIAN_POINT('',(0.259460833747,-0.572265640542,0.6300001));
#6755 = CARTESIAN_POINT('',(0.254020820328,-0.572997630115,0.6300001));
#6756 = B_SPLINE_SURFACE_WITH_KNOTS('',1,1,(
    (#6757,#6758)
    ,(#6759,#6760
    )),.UNSPECIFIED.,.F.,.F.,.F.,(2,2),(2,2),(-6.000442935089E-03,
    1.267360924198E-02),(-2.378342257782E-02,5.385946006763E-04),
  .PIECEWISE_BEZIER_KNOTS.);
#6757 = CARTESIAN_POINT('',(0.244862632602,-0.584476557511,0.6300001));
#6758 = CARTESIAN_POINT('',(0.244862632602,-0.560154540332,0.6300001));
#6759 = CARTESIAN_POINT('',(0.263536684779,-0.584476557511,0.6300001));
#6760 = CARTESIAN_POINT('',(0.263536684779,-0.560154540332,0.6300001));
#6761 = ADVANCED_FACE('',(#6762),#6776,.F.);
#6762 = FACE_BOUND('',#6763,.F.);
#6763 = EDGE_LOOP('',(#6764,#6769,#6770,#6775));
#6764 = ORIENTED_EDGE('',*,*,#6765,.F.);
#6765 = EDGE_CURVE('',#6382,#6574,#6766,.T.);
#6766 = B_SPLINE_CURVE_WITH_KNOTS('',1,(#6767,#6768),.UNSPECIFIED.,.F.,
  .F.,(2,2),(-0.,1.E-03),.PIECEWISE_BEZIER_KNOTS.);
#6767 = CARTESIAN_POINT('',(0.255135440815,-0.560154540332,0.6310001));
#6768 = CARTESIAN_POINT('',(0.255135440815,-0.560154540332,0.6300001));
#6769 = ORIENTED_EDGE('',*,*,#6381,.T.);
#6770 = ORIENTED_EDGE('',*,*,#6771,.T.);
#6771 = EDGE_CURVE('',#6384,#6576,#6772,.T.);
#6772 = B_SPLINE_CURVE_WITH_KNOTS('',1,(#6773,#6774),.UNSPECIFIED.,.F.,
  .F.,(2,2),(-0.,1.E-03),.PIECEWISE_BEZIER_KNOTS.);
#6773 = CARTESIAN_POINT('',(0.247133463891,-0.562317236798,0.6310001));
#6774 = CARTESIAN_POINT('',(0.247133463891,-0.562317236798,0.6300001));
#6775 = ORIENTED_EDGE('',*,*,#6573,.F.);
#6776 = B_SPLINE_SURFACE_WITH_KNOTS('',3,1,(
    (#6777,#6778)
    ,(#6779,#6780)
    ,(#6781,#6782)
    ,(#6783,#6784
    )),.UNSPECIFIED.,.F.,.F.,.F.,(4,4),(2,2),(0.,1.),(0.,1.),
  .PIECEWISE_BEZIER_KNOTS.);
#6777 = CARTESIAN_POINT('',(0.255135440815,-0.560154540332,0.6310001));
#6778 = CARTESIAN_POINT('',(0.255135440815,-0.560154540332,0.6300001));
#6779 = CARTESIAN_POINT('',(0.252107665763,-0.560154540332,0.6310001));
#6780 = CARTESIAN_POINT('',(0.252107665763,-0.560154540332,0.6300001));
#6781 = CARTESIAN_POINT('',(0.249437567433,-0.560869893779,0.6310001));
#6782 = CARTESIAN_POINT('',(0.249437567433,-0.560869893779,0.6300001));
#6783 = CARTESIAN_POINT('',(0.247133463891,-0.562317236798,0.6310001));
#6784 = CARTESIAN_POINT('',(0.247133463891,-0.562317236798,0.6300001));
#6785 = ADVANCED_FACE('',(#6786),#6796,.F.);
#6786 = FACE_BOUND('',#6787,.T.);
#6787 = EDGE_LOOP('',(#6788,#6789,#6794,#6795));
#6788 = ORIENTED_EDGE('',*,*,#6682,.T.);
#6789 = ORIENTED_EDGE('',*,*,#6790,.F.);
#6790 = EDGE_CURVE('',#6393,#6674,#6791,.T.);
#6791 = B_SPLINE_CURVE_WITH_KNOTS('',1,(#6792,#6793),.UNSPECIFIED.,.F.,
  .F.,(2,2),(-0.,1.E-03),.PIECEWISE_BEZIER_KNOTS.);
#6792 = CARTESIAN_POINT('',(0.247133463891,-0.566276634944,0.6310001));
#6793 = CARTESIAN_POINT('',(0.247133463891,-0.566276634944,0.6300001));
#6794 = ORIENTED_EDGE('',*,*,#6392,.F.);
#6795 = ORIENTED_EDGE('',*,*,#6771,.T.);
#6796 = B_SPLINE_SURFACE_WITH_KNOTS('',1,1,(
    (#6797,#6798)
    ,(#6799,#6800
    )),.UNSPECIFIED.,.F.,.F.,.F.,(2,2),(2,2),(0.,1.E-03),(0.,
    3.959398145481E-03),.PIECEWISE_BEZIER_KNOTS.);
#6797 = CARTESIAN_POINT('',(0.247133463891,-0.566276634944,0.6310001));
#6798 = CARTESIAN_POINT('',(0.247133463891,-0.562317236798,0.6310001));
#6799 = CARTESIAN_POINT('',(0.247133463891,-0.566276634944,0.6300001));
#6800 = CARTESIAN_POINT('',(0.247133463891,-0.562317236798,0.6300001));
#6801 = ADVANCED_FACE('',(#6802),#6812,.F.);
#6802 = FACE_BOUND('',#6803,.F.);
#6803 = EDGE_LOOP('',(#6804,#6805,#6806,#6811));
#6804 = ORIENTED_EDGE('',*,*,#6790,.F.);
#6805 = ORIENTED_EDGE('',*,*,#6399,.T.);
#6806 = ORIENTED_EDGE('',*,*,#6807,.T.);
#6807 = EDGE_CURVE('',#6400,#6665,#6808,.T.);
#6808 = B_SPLINE_CURVE_WITH_KNOTS('',1,(#6809,#6810),.UNSPECIFIED.,.F.,
  .F.,(2,2),(-0.,1.E-03),.PIECEWISE_BEZIER_KNOTS.);
#6809 = CARTESIAN_POINT('',(0.254752809902,-0.563465129538,0.6310001));
#6810 = CARTESIAN_POINT('',(0.254752809902,-0.563465129538,0.6300001));
#6811 = ORIENTED_EDGE('',*,*,#6673,.F.);
#6812 = B_SPLINE_SURFACE_WITH_KNOTS('',3,1,(
    (#6813,#6814)
    ,(#6815,#6816)
    ,(#6817,#6818)
    ,(#6819,#6820
    )),.UNSPECIFIED.,.F.,.F.,.F.,(4,4),(2,2),(12.,13.),(0.,1.),
  .PIECEWISE_BEZIER_KNOTS.);
#6813 = CARTESIAN_POINT('',(0.247133463891,-0.566276634944,0.6310001));
#6814 = CARTESIAN_POINT('',(0.247133463891,-0.566276634944,0.6300001));
#6815 = CARTESIAN_POINT('',(0.24942924937,-0.564413388758,0.6310001));
#6816 = CARTESIAN_POINT('',(0.24942924937,-0.564413388758,0.6300001));
#6817 = CARTESIAN_POINT('',(0.251966258686,-0.563465129538,0.6310001));
#6818 = CARTESIAN_POINT('',(0.251966258686,-0.563465129538,0.6300001));
#6819 = CARTESIAN_POINT('',(0.254752809902,-0.563465129538,0.6310001));
#6820 = CARTESIAN_POINT('',(0.254752809902,-0.563465129538,0.6300001));
#6821 = ADVANCED_FACE('',(#6822),#6832,.F.);
#6822 = FACE_BOUND('',#6823,.F.);
#6823 = EDGE_LOOP('',(#6824,#6825,#6826,#6831));
#6824 = ORIENTED_EDGE('',*,*,#6807,.F.);
#6825 = ORIENTED_EDGE('',*,*,#6408,.T.);
#6826 = ORIENTED_EDGE('',*,*,#6827,.T.);
#6827 = EDGE_CURVE('',#6409,#6658,#6828,.T.);
#6828 = B_SPLINE_CURVE_WITH_KNOTS('',1,(#6829,#6830),.UNSPECIFIED.,.F.,
  .F.,(2,2),(-0.,1.E-03),.PIECEWISE_BEZIER_KNOTS.);
#6829 = CARTESIAN_POINT('',(0.259460833747,-0.569154684856,0.6310001));
#6830 = CARTESIAN_POINT('',(0.259460833747,-0.569154684856,0.6300001));
#6831 = ORIENTED_EDGE('',*,*,#6664,.F.);
#6832 = B_SPLINE_SURFACE_WITH_KNOTS('',3,1,(
    (#6833,#6834)
    ,(#6835,#6836)
    ,(#6837,#6838)
    ,(#6839,#6840
    )),.UNSPECIFIED.,.F.,.F.,.F.,(4,4),(2,2),(11.,12.),(0.,1.),
  .PIECEWISE_BEZIER_KNOTS.);
#6833 = CARTESIAN_POINT('',(0.254752809902,-0.563465129538,0.6310001));
#6834 = CARTESIAN_POINT('',(0.254752809902,-0.563465129538,0.6300001));
#6835 = CARTESIAN_POINT('',(0.257888719777,-0.563465129538,0.6310001));
#6836 = CARTESIAN_POINT('',(0.257888719777,-0.563465129538,0.6300001));
#6837 = CARTESIAN_POINT('',(0.259460833747,-0.565361647977,0.6310001));
#6838 = CARTESIAN_POINT('',(0.259460833747,-0.565361647977,0.6300001));
#6839 = CARTESIAN_POINT('',(0.259460833747,-0.569154684856,0.6310001));
#6840 = CARTESIAN_POINT('',(0.259460833747,-0.569154684856,0.6300001));
#6841 = ADVANCED_FACE('',(#6842),#6852,.F.);
#6842 = FACE_BOUND('',#6843,.T.);
#6843 = EDGE_LOOP('',(#6844,#6845,#6850,#6851));
#6844 = ORIENTED_EDGE('',*,*,#6657,.T.);
#6845 = ORIENTED_EDGE('',*,*,#6846,.F.);
#6846 = EDGE_CURVE('',#6418,#6649,#6847,.T.);
#6847 = B_SPLINE_CURVE_WITH_KNOTS('',1,(#6848,#6849),.UNSPECIFIED.,.F.,
  .F.,(2,2),(-0.,1.E-03),.PIECEWISE_BEZIER_KNOTS.);
#6848 = CARTESIAN_POINT('',(0.252573477309,-0.570119580202,0.6310001));
#6849 = CARTESIAN_POINT('',(0.252573477309,-0.570119580202,0.6300001));
#6850 = ORIENTED_EDGE('',*,*,#6417,.F.);
#6851 = ORIENTED_EDGE('',*,*,#6827,.T.);
#6852 = B_SPLINE_SURFACE_WITH_KNOTS('',1,1,(
    (#6853,#6854)
    ,(#6855,#6856
    )),.UNSPECIFIED.,.F.,.F.,.F.,(2,2),(2,2),(0.,6.954617295687E-03),(
    -1.E-03,0.),.PIECEWISE_BEZIER_KNOTS.);
#6853 = CARTESIAN_POINT('',(0.252573477309,-0.570119580202,0.6300001));
#6854 = CARTESIAN_POINT('',(0.252573477309,-0.570119580202,0.6310001));
#6855 = CARTESIAN_POINT('',(0.259460833747,-0.569154684856,0.6300001));
#6856 = CARTESIAN_POINT('',(0.259460833747,-0.569154684856,0.6310001));
#6857 = ADVANCED_FACE('',(#6858),#6868,.F.);
#6858 = FACE_BOUND('',#6859,.F.);
#6859 = EDGE_LOOP('',(#6860,#6861,#6862,#6867));
#6860 = ORIENTED_EDGE('',*,*,#6846,.F.);
#6861 = ORIENTED_EDGE('',*,*,#6424,.T.);
#6862 = ORIENTED_EDGE('',*,*,#6863,.T.);
#6863 = EDGE_CURVE('',#6425,#6640,#6864,.T.);
#6864 = B_SPLINE_CURVE_WITH_KNOTS('',1,(#6865,#6866),.UNSPECIFIED.,.F.,
  .F.,(2,2),(-0.,1.E-03),.PIECEWISE_BEZIER_KNOTS.);
#6865 = CARTESIAN_POINT('',(0.244862632602,-0.57770565396,0.6310001));
#6866 = CARTESIAN_POINT('',(0.244862632602,-0.57770565396,0.6300001));
#6867 = ORIENTED_EDGE('',*,*,#6648,.F.);
#6868 = B_SPLINE_SURFACE_WITH_KNOTS('',3,1,(
    (#6869,#6870)
    ,(#6871,#6872)
    ,(#6873,#6874)
    ,(#6875,#6876
    )),.UNSPECIFIED.,.F.,.F.,.F.,(4,4),(2,2),(9.,10.),(0.,1.),
  .PIECEWISE_BEZIER_KNOTS.);
#6869 = CARTESIAN_POINT('',(0.252573477309,-0.570119580202,0.6310001));
#6870 = CARTESIAN_POINT('',(0.252573477309,-0.570119580202,0.6300001));
#6871 = CARTESIAN_POINT('',(0.247432914171,-0.570834933649,0.6310001));
#6872 = CARTESIAN_POINT('',(0.247432914171,-0.570834933649,0.6300001));
#6873 = CARTESIAN_POINT('',(0.244862632602,-0.573363624901,0.6310001));
#6874 = CARTESIAN_POINT('',(0.244862632602,-0.573363624901,0.6300001));
#6875 = CARTESIAN_POINT('',(0.244862632602,-0.57770565396,0.6310001));
#6876 = CARTESIAN_POINT('',(0.244862632602,-0.57770565396,0.6300001));
#6877 = ADVANCED_FACE('',(#6878),#6888,.F.);
#6878 = FACE_BOUND('',#6879,.F.);
#6879 = EDGE_LOOP('',(#6880,#6881,#6882,#6887));
#6880 = ORIENTED_EDGE('',*,*,#6863,.F.);
#6881 = ORIENTED_EDGE('',*,*,#6433,.T.);
#6882 = ORIENTED_EDGE('',*,*,#6883,.T.);
#6883 = EDGE_CURVE('',#6434,#6631,#6884,.T.);
#6884 = B_SPLINE_CURVE_WITH_KNOTS('',1,(#6885,#6886),.UNSPECIFIED.,.F.,
  .F.,(2,2),(-0.,1.E-03),.PIECEWISE_BEZIER_KNOTS.);
#6885 = CARTESIAN_POINT('',(0.246858967801,-0.582646583578,0.6310001));
#6886 = CARTESIAN_POINT('',(0.246858967801,-0.582646583578,0.6300001));
#6887 = ORIENTED_EDGE('',*,*,#6639,.F.);
#6888 = B_SPLINE_SURFACE_WITH_KNOTS('',3,1,(
    (#6889,#6890)
    ,(#6891,#6892)
    ,(#6893,#6894)
    ,(#6895,#6896
    )),.UNSPECIFIED.,.F.,.F.,.F.,(4,4),(2,2),(8.,9.),(0.,1.),
  .PIECEWISE_BEZIER_KNOTS.);
#6889 = CARTESIAN_POINT('',(0.244862632602,-0.57770565396,0.6310001));
#6890 = CARTESIAN_POINT('',(0.244862632602,-0.57770565396,0.6300001));
#6891 = CARTESIAN_POINT('',(0.244862632602,-0.579785169793,0.6310001));
#6892 = CARTESIAN_POINT('',(0.244862632602,-0.579785169793,0.6300001));
#6893 = CARTESIAN_POINT('',(0.245528077668,-0.581432146332,0.6310001));
#6894 = CARTESIAN_POINT('',(0.245528077668,-0.581432146332,0.6300001));
#6895 = CARTESIAN_POINT('',(0.246858967801,-0.582646583578,0.6310001));
#6896 = CARTESIAN_POINT('',(0.246858967801,-0.582646583578,0.6300001));
#6897 = ADVANCED_FACE('',(#6898),#6908,.F.);
#6898 = FACE_BOUND('',#6899,.F.);
#6899 = EDGE_LOOP('',(#6900,#6901,#6902,#6907));
#6900 = ORIENTED_EDGE('',*,*,#6883,.F.);
#6901 = ORIENTED_EDGE('',*,*,#6442,.T.);
#6902 = ORIENTED_EDGE('',*,*,#6903,.T.);
#6903 = EDGE_CURVE('',#6443,#6622,#6904,.T.);
#6904 = B_SPLINE_CURVE_WITH_KNOTS('',1,(#6905,#6906),.UNSPECIFIED.,.F.,
  .F.,(2,2),(-0.,1.E-03),.PIECEWISE_BEZIER_KNOTS.);
#6905 = CARTESIAN_POINT('',(0.252232436712,-0.584476557511,0.6310001));
#6906 = CARTESIAN_POINT('',(0.252232436712,-0.584476557511,0.6300001));
#6907 = ORIENTED_EDGE('',*,*,#6630,.F.);
#6908 = B_SPLINE_SURFACE_WITH_KNOTS('',3,1,(
    (#6909,#6910)
    ,(#6911,#6912)
    ,(#6913,#6914)
    ,(#6915,#6916
    )),.UNSPECIFIED.,.F.,.F.,.F.,(4,4),(2,2),(7.,8.),(0.,1.),
  .PIECEWISE_BEZIER_KNOTS.);
#6909 = CARTESIAN_POINT('',(0.246858967801,-0.582646583578,0.6310001));
#6910 = CARTESIAN_POINT('',(0.246858967801,-0.582646583578,0.6300001));
#6911 = CARTESIAN_POINT('',(0.248189857934,-0.583861020825,0.6310001));
#6912 = CARTESIAN_POINT('',(0.248189857934,-0.583861020825,0.6300001));
#6913 = CARTESIAN_POINT('',(0.24997824155,-0.584476557511,0.6310001));
#6914 = CARTESIAN_POINT('',(0.24997824155,-0.584476557511,0.6300001));
#6915 = CARTESIAN_POINT('',(0.252232436712,-0.584476557511,0.6310001));
#6916 = CARTESIAN_POINT('',(0.252232436712,-0.584476557511,0.6300001));
#6917 = ADVANCED_FACE('',(#6918),#6928,.F.);
#6918 = FACE_BOUND('',#6919,.F.);
#6919 = EDGE_LOOP('',(#6920,#6921,#6922,#6927));
#6920 = ORIENTED_EDGE('',*,*,#6903,.F.);
#6921 = ORIENTED_EDGE('',*,*,#6451,.T.);
#6922 = ORIENTED_EDGE('',*,*,#6923,.T.);
#6923 = EDGE_CURVE('',#6452,#6615,#6924,.T.);
#6924 = B_SPLINE_CURVE_WITH_KNOTS('',1,(#6925,#6926),.UNSPECIFIED.,.F.,
  .F.,(2,2),(-0.,1.E-03),.PIECEWISE_BEZIER_KNOTS.);
#6925 = CARTESIAN_POINT('',(0.259352698923,-0.580334161972,0.6310001));
#6926 = CARTESIAN_POINT('',(0.259352698923,-0.580334161972,0.6300001));
#6927 = ORIENTED_EDGE('',*,*,#6621,.F.);
#6928 = B_SPLINE_SURFACE_WITH_KNOTS('',3,1,(
    (#6929,#6930)
    ,(#6931,#6932)
    ,(#6933,#6934)
    ,(#6935,#6936
    )),.UNSPECIFIED.,.F.,.F.,.F.,(4,4),(2,2),(6.,7.),(0.,1.),
  .PIECEWISE_BEZIER_KNOTS.);
#6929 = CARTESIAN_POINT('',(0.252232436712,-0.584476557511,0.6310001));
#6930 = CARTESIAN_POINT('',(0.252232436712,-0.584476557511,0.6300001));
#6931 = CARTESIAN_POINT('',(0.255368346588,-0.584476557511,0.6310001));
#6932 = CARTESIAN_POINT('',(0.255368346588,-0.584476557511,0.6300001));
#6933 = CARTESIAN_POINT('',(0.257747312701,-0.583095758998,0.6310001));
#6934 = CARTESIAN_POINT('',(0.257747312701,-0.583095758998,0.6300001));
#6935 = CARTESIAN_POINT('',(0.259352698923,-0.580334161972,0.6310001));
#6936 = CARTESIAN_POINT('',(0.259352698923,-0.580334161972,0.6300001));
#6937 = ADVANCED_FACE('',(#6938),#6948,.F.);
#6938 = FACE_BOUND('',#6939,.T.);
#6939 = EDGE_LOOP('',(#6940,#6941,#6946,#6947));
#6940 = ORIENTED_EDGE('',*,*,#6614,.T.);
#6941 = ORIENTED_EDGE('',*,*,#6942,.F.);
#6942 = EDGE_CURVE('',#6461,#6608,#6943,.T.);
#6943 = B_SPLINE_CURVE_WITH_KNOTS('',1,(#6944,#6945),.UNSPECIFIED.,.F.,
  .F.,(2,2),(-0.,1.E-03),.PIECEWISE_BEZIER_KNOTS.);
#6944 = CARTESIAN_POINT('',(0.259460833747,-0.580334161972,0.6310001));
#6945 = CARTESIAN_POINT('',(0.259460833747,-0.580334161972,0.6300001));
#6946 = ORIENTED_EDGE('',*,*,#6460,.F.);
#6947 = ORIENTED_EDGE('',*,*,#6923,.T.);
#6948 = B_SPLINE_SURFACE_WITH_KNOTS('',1,1,(
    (#6949,#6950)
    ,(#6951,#6952)),.UNSPECIFIED.,.F.,.F.,.F.,(2,2),(2,2),(-1.E-03,0.),(
    -1.081348232844E-04,0.),.PIECEWISE_BEZIER_KNOTS.);
#6949 = CARTESIAN_POINT('',(0.259352698923,-0.580334161972,0.6300001));
#6950 = CARTESIAN_POINT('',(0.259460833747,-0.580334161972,0.6300001));
#6951 = CARTESIAN_POINT('',(0.259352698923,-0.580334161972,0.6310001));
#6952 = CARTESIAN_POINT('',(0.259460833747,-0.580334161972,0.6310001));
#6953 = ADVANCED_FACE('',(#6954),#6964,.F.);
#6954 = FACE_BOUND('',#6955,.T.);
#6955 = EDGE_LOOP('',(#6956,#6957,#6962,#6963));
#6956 = ORIENTED_EDGE('',*,*,#6607,.T.);
#6957 = ORIENTED_EDGE('',*,*,#6958,.F.);
#6958 = EDGE_CURVE('',#6468,#6601,#6959,.T.);
#6959 = B_SPLINE_CURVE_WITH_KNOTS('',1,(#6960,#6961),.UNSPECIFIED.,.F.,
  .F.,(2,2),(-0.,1.E-03),.PIECEWISE_BEZIER_KNOTS.);
#6960 = CARTESIAN_POINT('',(0.259460833747,-0.583927565331,0.6310001));
#6961 = CARTESIAN_POINT('',(0.259460833747,-0.583927565331,0.6300001));
#6962 = ORIENTED_EDGE('',*,*,#6467,.F.);
#6963 = ORIENTED_EDGE('',*,*,#6942,.T.);
#6964 = B_SPLINE_SURFACE_WITH_KNOTS('',1,1,(
    (#6965,#6966)
    ,(#6967,#6968
    )),.UNSPECIFIED.,.F.,.F.,.F.,(2,2),(2,2),(0.,1.E-03),(0.,
    3.593403358689E-03),.PIECEWISE_BEZIER_KNOTS.);
#6965 = CARTESIAN_POINT('',(0.259460833747,-0.583927565331,0.6310001));
#6966 = CARTESIAN_POINT('',(0.259460833747,-0.580334161972,0.6310001));
#6967 = CARTESIAN_POINT('',(0.259460833747,-0.583927565331,0.6300001));
#6968 = CARTESIAN_POINT('',(0.259460833747,-0.580334161972,0.6300001));
#6969 = ADVANCED_FACE('',(#6970),#6980,.F.);
#6970 = FACE_BOUND('',#6971,.T.);
#6971 = EDGE_LOOP('',(#6972,#6973,#6978,#6979));
#6972 = ORIENTED_EDGE('',*,*,#6600,.T.);
#6973 = ORIENTED_EDGE('',*,*,#6974,.F.);
#6974 = EDGE_CURVE('',#6475,#6594,#6975,.T.);
#6975 = B_SPLINE_CURVE_WITH_KNOTS('',1,(#6976,#6977),.UNSPECIFIED.,.F.,
  .F.,(2,2),(-0.,1.E-03),.PIECEWISE_BEZIER_KNOTS.);
#6976 = CARTESIAN_POINT('',(0.263536684779,-0.583927565331,0.6310001));
#6977 = CARTESIAN_POINT('',(0.263536684779,-0.583927565331,0.6300001));
#6978 = ORIENTED_EDGE('',*,*,#6474,.F.);
#6979 = ORIENTED_EDGE('',*,*,#6958,.T.);
#6980 = B_SPLINE_SURFACE_WITH_KNOTS('',1,1,(
    (#6981,#6982)
    ,(#6983,#6984)),.UNSPECIFIED.,.F.,.F.,.F.,(2,2),(2,2),(-1.E-03,0.),(
    -4.075851031976E-03,0.),.PIECEWISE_BEZIER_KNOTS.);
#6981 = CARTESIAN_POINT('',(0.259460833747,-0.583927565331,0.6300001));
#6982 = CARTESIAN_POINT('',(0.263536684779,-0.583927565331,0.6300001));
#6983 = CARTESIAN_POINT('',(0.259460833747,-0.583927565331,0.6310001));
#6984 = CARTESIAN_POINT('',(0.263536684779,-0.583927565331,0.6310001));
#6985 = ADVANCED_FACE('',(#6986),#6996,.F.);
#6986 = FACE_BOUND('',#6987,.T.);
#6987 = EDGE_LOOP('',(#6988,#6989,#6994,#6995));
#6988 = ORIENTED_EDGE('',*,*,#6593,.T.);
#6989 = ORIENTED_EDGE('',*,*,#6990,.F.);
#6990 = EDGE_CURVE('',#6482,#6585,#6991,.T.);
#6991 = B_SPLINE_CURVE_WITH_KNOTS('',1,(#6992,#6993),.UNSPECIFIED.,.F.,
  .F.,(2,2),(-0.,1.E-03),.PIECEWISE_BEZIER_KNOTS.);
#6992 = CARTESIAN_POINT('',(0.263536684779,-0.568971687463,0.6310001));
#6993 = CARTESIAN_POINT('',(0.263536684779,-0.568971687463,0.6300001));
#6994 = ORIENTED_EDGE('',*,*,#6481,.F.);
#6995 = ORIENTED_EDGE('',*,*,#6974,.T.);
#6996 = B_SPLINE_SURFACE_WITH_KNOTS('',1,1,(
    (#6997,#6998)
    ,(#6999,#7000)),.UNSPECIFIED.,.F.,.F.,.F.,(2,2),(2,2),(-1.E-03,0.),(
    -1.495587786812E-02,0.),.PIECEWISE_BEZIER_KNOTS.);
#6997 = CARTESIAN_POINT('',(0.263536684779,-0.583927565331,0.6300001));
#6998 = CARTESIAN_POINT('',(0.263536684779,-0.568971687463,0.6300001));
#6999 = CARTESIAN_POINT('',(0.263536684779,-0.583927565331,0.6310001));
#7000 = CARTESIAN_POINT('',(0.263536684779,-0.568971687463,0.6310001));
#7001 = ADVANCED_FACE('',(#7002),#7008,.F.);
#7002 = FACE_BOUND('',#7003,.F.);
#7003 = EDGE_LOOP('',(#7004,#7005,#7006,#7007));
#7004 = ORIENTED_EDGE('',*,*,#6990,.F.);
#7005 = ORIENTED_EDGE('',*,*,#6488,.T.);
#7006 = ORIENTED_EDGE('',*,*,#6765,.T.);
#7007 = ORIENTED_EDGE('',*,*,#6584,.F.);
#7008 = B_SPLINE_SURFACE_WITH_KNOTS('',3,1,(
    (#7009,#7010)
    ,(#7011,#7012)
    ,(#7013,#7014)
    ,(#7015,#7016
    )),.UNSPECIFIED.,.F.,.F.,.F.,(4,4),(2,2),(1.,2.),(0.,1.),
  .PIECEWISE_BEZIER_KNOTS.);
#7009 = CARTESIAN_POINT('',(0.263536684779,-0.568971687463,0.6310001));
#7010 = CARTESIAN_POINT('',(0.263536684779,-0.568971687463,0.6300001));
#7011 = CARTESIAN_POINT('',(0.263536684779,-0.563082498625,0.6310001));
#7012 = CARTESIAN_POINT('',(0.263536684779,-0.563082498625,0.6300001));
#7013 = CARTESIAN_POINT('',(0.260733497436,-0.560154540332,0.6310001));
#7014 = CARTESIAN_POINT('',(0.260733497436,-0.560154540332,0.6300001));
#7015 = CARTESIAN_POINT('',(0.255135440815,-0.560154540332,0.6310001));
#7016 = CARTESIAN_POINT('',(0.255135440815,-0.560154540332,0.6300001));
#7017 = ADVANCED_FACE('',(#7018),#7032,.T.);
#7018 = FACE_BOUND('',#7019,.T.);
#7019 = EDGE_LOOP('',(#7020,#7021,#7026,#7027));
#7020 = ORIENTED_EDGE('',*,*,#6689,.F.);
#7021 = ORIENTED_EDGE('',*,*,#7022,.F.);
#7022 = EDGE_CURVE('',#6509,#6690,#7023,.T.);
#7023 = B_SPLINE_CURVE_WITH_KNOTS('',1,(#7024,#7025),.UNSPECIFIED.,.F.,
  .F.,(2,2),(-0.,1.E-03),.PIECEWISE_BEZIER_KNOTS.);
#7024 = CARTESIAN_POINT('',(0.254020820328,-0.572997630115,0.6310001));
#7025 = CARTESIAN_POINT('',(0.254020820328,-0.572997630115,0.6300001));
#7026 = ORIENTED_EDGE('',*,*,#6508,.T.);
#7027 = ORIENTED_EDGE('',*,*,#7028,.T.);
#7028 = EDGE_CURVE('',#6498,#6692,#7029,.T.);
#7029 = B_SPLINE_CURVE_WITH_KNOTS('',1,(#7030,#7031),.UNSPECIFIED.,.F.,
  .F.,(2,2),(-0.,1.E-03),.PIECEWISE_BEZIER_KNOTS.);
#7030 = CARTESIAN_POINT('',(0.25007805831,-0.574428337008,0.6310001));
#7031 = CARTESIAN_POINT('',(0.25007805831,-0.574428337008,0.6300001));
#7032 = B_SPLINE_SURFACE_WITH_KNOTS('',3,1,(
    (#7033,#7034)
    ,(#7035,#7036)
    ,(#7037,#7038)
    ,(#7039,#7040
    )),.UNSPECIFIED.,.F.,.F.,.F.,(4,4),(2,2),(0.,1.),(0.,1.),
  .PIECEWISE_BEZIER_KNOTS.);
#7033 = CARTESIAN_POINT('',(0.254020820328,-0.572997630115,0.6310001));
#7034 = CARTESIAN_POINT('',(0.254020820328,-0.572997630115,0.6300001));
#7035 = CARTESIAN_POINT('',(0.252115983826,-0.573263808142,0.6310001));
#7036 = CARTESIAN_POINT('',(0.252115983826,-0.573263808142,0.6300001));
#7037 = CARTESIAN_POINT('',(0.25080172982,-0.573729619688,0.6310001));
#7038 = CARTESIAN_POINT('',(0.25080172982,-0.573729619688,0.6300001));
#7039 = CARTESIAN_POINT('',(0.25007805831,-0.574428337008,0.6310001));
#7040 = CARTESIAN_POINT('',(0.25007805831,-0.574428337008,0.6300001));
#7041 = ADVANCED_FACE('',(#7042),#7052,.T.);
#7042 = FACE_BOUND('',#7043,.T.);
#7043 = EDGE_LOOP('',(#7044,#7045,#7046,#7047));
#7044 = ORIENTED_EDGE('',*,*,#6700,.F.);
#7045 = ORIENTED_EDGE('',*,*,#7028,.F.);
#7046 = ORIENTED_EDGE('',*,*,#6497,.T.);
#7047 = ORIENTED_EDGE('',*,*,#7048,.T.);
#7048 = EDGE_CURVE('',#6500,#6701,#7049,.T.);
#7049 = B_SPLINE_CURVE_WITH_KNOTS('',1,(#7050,#7051),.UNSPECIFIED.,.F.,
  .F.,(2,2),(-0.,1.E-03),.PIECEWISE_BEZIER_KNOTS.);
#7050 = CARTESIAN_POINT('',(0.248996710077,-0.577372931427,0.6310001));
#7051 = CARTESIAN_POINT('',(0.248996710077,-0.577372931427,0.6300001));
#7052 = B_SPLINE_SURFACE_WITH_KNOTS('',3,1,(
    (#7053,#7054)
    ,(#7055,#7056)
    ,(#7057,#7058)
    ,(#7059,#7060
    )),.UNSPECIFIED.,.F.,.F.,.F.,(4,4),(2,2),(1.,2.),(0.,1.),
  .PIECEWISE_BEZIER_KNOTS.);
#7053 = CARTESIAN_POINT('',(0.25007805831,-0.574428337008,0.6310001));
#7054 = CARTESIAN_POINT('',(0.25007805831,-0.574428337008,0.6300001));
#7055 = CARTESIAN_POINT('',(0.249362704863,-0.575127054327,0.6310001));
#7056 = CARTESIAN_POINT('',(0.249362704863,-0.575127054327,0.6300001));
#7057 = CARTESIAN_POINT('',(0.248996710077,-0.5761085858,0.6310001));
#7058 = CARTESIAN_POINT('',(0.248996710077,-0.5761085858,0.6300001));
#7059 = CARTESIAN_POINT('',(0.248996710077,-0.577372931427,0.6310001));
#7060 = CARTESIAN_POINT('',(0.248996710077,-0.577372931427,0.6300001));
#7061 = ADVANCED_FACE('',(#7062),#7072,.T.);
#7062 = FACE_BOUND('',#7063,.T.);
#7063 = EDGE_LOOP('',(#7064,#7065,#7066,#7067));
#7064 = ORIENTED_EDGE('',*,*,#6709,.F.);
#7065 = ORIENTED_EDGE('',*,*,#7048,.F.);
#7066 = ORIENTED_EDGE('',*,*,#6558,.T.);
#7067 = ORIENTED_EDGE('',*,*,#7068,.T.);
#7068 = EDGE_CURVE('',#6550,#6710,#7069,.T.);
#7069 = B_SPLINE_CURVE_WITH_KNOTS('',1,(#7070,#7071),.UNSPECIFIED.,.F.,
  .F.,(2,2),(-0.,1.E-03),.PIECEWISE_BEZIER_KNOTS.);
#7070 = CARTESIAN_POINT('',(0.25017787507,-0.580084620073,0.6310001));
#7071 = CARTESIAN_POINT('',(0.25017787507,-0.580084620073,0.6300001));
#7072 = B_SPLINE_SURFACE_WITH_KNOTS('',3,1,(
    (#7073,#7074)
    ,(#7075,#7076)
    ,(#7077,#7078)
    ,(#7079,#7080
    )),.UNSPECIFIED.,.F.,.F.,.F.,(4,4),(2,2),(2.,3.),(0.,1.),
  .PIECEWISE_BEZIER_KNOTS.);
#7073 = CARTESIAN_POINT('',(0.248996710077,-0.577372931427,0.6310001));
#7074 = CARTESIAN_POINT('',(0.248996710077,-0.577372931427,0.6300001));
#7075 = CARTESIAN_POINT('',(0.248996710077,-0.578487551913,0.6310001));
#7076 = CARTESIAN_POINT('',(0.248996710077,-0.578487551913,0.6300001));
#7077 = CARTESIAN_POINT('',(0.249387659053,-0.579385902753,0.6310001));
#7078 = CARTESIAN_POINT('',(0.249387659053,-0.579385902753,0.6300001));
#7079 = CARTESIAN_POINT('',(0.25017787507,-0.580084620073,0.6310001));
#7080 = CARTESIAN_POINT('',(0.25017787507,-0.580084620073,0.6300001));
#7081 = ADVANCED_FACE('',(#7082),#7092,.T.);
#7082 = FACE_BOUND('',#7083,.T.);
#7083 = EDGE_LOOP('',(#7084,#7085,#7086,#7087));
#7084 = ORIENTED_EDGE('',*,*,#6718,.F.);
#7085 = ORIENTED_EDGE('',*,*,#7068,.F.);
#7086 = ORIENTED_EDGE('',*,*,#6549,.T.);
#7087 = ORIENTED_EDGE('',*,*,#7088,.T.);
#7088 = EDGE_CURVE('',#6541,#6719,#7089,.T.);
#7089 = B_SPLINE_CURVE_WITH_KNOTS('',1,(#7090,#7091),.UNSPECIFIED.,.F.,
  .F.,(2,2),(-0.,1.E-03),.PIECEWISE_BEZIER_KNOTS.);
#7090 = CARTESIAN_POINT('',(0.253288830755,-0.581132696052,0.6310001));
#7091 = CARTESIAN_POINT('',(0.253288830755,-0.581132696052,0.6300001));
#7092 = B_SPLINE_SURFACE_WITH_KNOTS('',3,1,(
    (#7093,#7094)
    ,(#7095,#7096)
    ,(#7097,#7098)
    ,(#7099,#7100
    )),.UNSPECIFIED.,.F.,.F.,.F.,(4,4),(2,2),(3.,4.),(0.,1.),
  .PIECEWISE_BEZIER_KNOTS.);
#7093 = CARTESIAN_POINT('',(0.25017787507,-0.580084620073,0.6310001));
#7094 = CARTESIAN_POINT('',(0.25017787507,-0.580084620073,0.6300001));
#7095 = CARTESIAN_POINT('',(0.250959773023,-0.580783337392,0.6310001));
#7096 = CARTESIAN_POINT('',(0.250959773023,-0.580783337392,0.6300001));
#7097 = CARTESIAN_POINT('',(0.251999530939,-0.581132696052,0.6310001));
#7098 = CARTESIAN_POINT('',(0.251999530939,-0.581132696052,0.6300001));
#7099 = CARTESIAN_POINT('',(0.253288830755,-0.581132696052,0.6310001));
#7100 = CARTESIAN_POINT('',(0.253288830755,-0.581132696052,0.6300001));
#7101 = ADVANCED_FACE('',(#7102),#7112,.T.);
#7102 = FACE_BOUND('',#7103,.T.);
#7103 = EDGE_LOOP('',(#7104,#7105,#7106,#7107));
#7104 = ORIENTED_EDGE('',*,*,#6727,.F.);
#7105 = ORIENTED_EDGE('',*,*,#7088,.F.);
#7106 = ORIENTED_EDGE('',*,*,#6540,.T.);
#7107 = ORIENTED_EDGE('',*,*,#7108,.T.);
#7108 = EDGE_CURVE('',#6532,#6728,#7109,.T.);
#7109 = B_SPLINE_CURVE_WITH_KNOTS('',1,(#7110,#7111),.UNSPECIFIED.,.F.,
  .F.,(2,2),(-0.,1.E-03),.PIECEWISE_BEZIER_KNOTS.);
#7110 = CARTESIAN_POINT('',(0.257714040447,-0.579236177613,0.6310001));
#7111 = CARTESIAN_POINT('',(0.257714040447,-0.579236177613,0.6300001));
#7112 = B_SPLINE_SURFACE_WITH_KNOTS('',3,1,(
    (#7113,#7114)
    ,(#7115,#7116)
    ,(#7117,#7118)
    ,(#7119,#7120
    )),.UNSPECIFIED.,.F.,.F.,.F.,(4,4),(2,2),(4.,5.),(0.,1.),
  .PIECEWISE_BEZIER_KNOTS.);
#7113 = CARTESIAN_POINT('',(0.253288830755,-0.581132696052,0.6310001));
#7114 = CARTESIAN_POINT('',(0.253288830755,-0.581132696052,0.6300001));
#7115 = CARTESIAN_POINT('',(0.255077214371,-0.581132696052,0.6310001));
#7116 = CARTESIAN_POINT('',(0.255077214371,-0.581132696052,0.6300001));
#7117 = CARTESIAN_POINT('',(0.256557829644,-0.580500523239,0.6310001));
#7118 = CARTESIAN_POINT('',(0.256557829644,-0.580500523239,0.6300001));
#7119 = CARTESIAN_POINT('',(0.257714040447,-0.579236177613,0.6310001));
#7120 = CARTESIAN_POINT('',(0.257714040447,-0.579236177613,0.6300001));
#7121 = ADVANCED_FACE('',(#7122),#7132,.T.);
#7122 = FACE_BOUND('',#7123,.T.);
#7123 = EDGE_LOOP('',(#7124,#7125,#7126,#7127));
#7124 = ORIENTED_EDGE('',*,*,#6736,.F.);
#7125 = ORIENTED_EDGE('',*,*,#7108,.F.);
#7126 = ORIENTED_EDGE('',*,*,#6531,.T.);
#7127 = ORIENTED_EDGE('',*,*,#7128,.T.);
#7128 = EDGE_CURVE('',#6525,#6737,#7129,.T.);
#7129 = B_SPLINE_CURVE_WITH_KNOTS('',1,(#7130,#7131),.UNSPECIFIED.,.F.,
  .F.,(2,2),(-0.,1.E-03),.PIECEWISE_BEZIER_KNOTS.);
#7130 = CARTESIAN_POINT('',(0.259460833747,-0.574494881514,0.6310001));
#7131 = CARTESIAN_POINT('',(0.259460833747,-0.574494881514,0.6300001));
#7132 = B_SPLINE_SURFACE_WITH_KNOTS('',3,1,(
    (#7133,#7134)
    ,(#7135,#7136)
    ,(#7137,#7138)
    ,(#7139,#7140
    )),.UNSPECIFIED.,.F.,.F.,.F.,(4,4),(2,2),(5.,6.),(0.,1.),
  .PIECEWISE_BEZIER_KNOTS.);
#7133 = CARTESIAN_POINT('',(0.257714040447,-0.579236177613,0.6310001));
#7134 = CARTESIAN_POINT('',(0.257714040447,-0.579236177613,0.6300001));
#7135 = CARTESIAN_POINT('',(0.258878569314,-0.577988468113,0.6310001));
#7136 = CARTESIAN_POINT('',(0.258878569314,-0.577988468113,0.6300001));
#7137 = CARTESIAN_POINT('',(0.259460833747,-0.57640803608,0.6310001));
#7138 = CARTESIAN_POINT('',(0.259460833747,-0.57640803608,0.6300001));
#7139 = CARTESIAN_POINT('',(0.259460833747,-0.574494881514,0.6310001));
#7140 = CARTESIAN_POINT('',(0.259460833747,-0.574494881514,0.6300001));
#7141 = ADVANCED_FACE('',(#7142),#7152,.T.);
#7142 = FACE_BOUND('',#7143,.T.);
#7143 = EDGE_LOOP('',(#7144,#7145,#7146,#7147));
#7144 = ORIENTED_EDGE('',*,*,#6745,.F.);
#7145 = ORIENTED_EDGE('',*,*,#7128,.F.);
#7146 = ORIENTED_EDGE('',*,*,#6524,.T.);
#7147 = ORIENTED_EDGE('',*,*,#7148,.T.);
#7148 = EDGE_CURVE('',#6518,#6746,#7149,.T.);
#7149 = B_SPLINE_CURVE_WITH_KNOTS('',1,(#7150,#7151),.UNSPECIFIED.,.F.,
  .F.,(2,2),(-0.,1.E-03),.PIECEWISE_BEZIER_KNOTS.);
#7150 = CARTESIAN_POINT('',(0.259460833747,-0.572265640542,0.6310001));
#7151 = CARTESIAN_POINT('',(0.259460833747,-0.572265640542,0.6300001));
#7152 = B_SPLINE_SURFACE_WITH_KNOTS('',1,1,(
    (#7153,#7154)
    ,(#7155,#7156
    )),.UNSPECIFIED.,.F.,.F.,.F.,(2,2),(2,2),(-1.E-03,0.),(0.,
    2.229240972704E-03),.PIECEWISE_BEZIER_KNOTS.);
#7153 = CARTESIAN_POINT('',(0.259460833747,-0.574494881514,0.6300001));
#7154 = CARTESIAN_POINT('',(0.259460833747,-0.572265640542,0.6300001));
#7155 = CARTESIAN_POINT('',(0.259460833747,-0.574494881514,0.6310001));
#7156 = CARTESIAN_POINT('',(0.259460833747,-0.572265640542,0.6310001));
#7157 = ADVANCED_FACE('',(#7158),#7164,.T.);
#7158 = FACE_BOUND('',#7159,.T.);
#7159 = EDGE_LOOP('',(#7160,#7161,#7162,#7163));
#7160 = ORIENTED_EDGE('',*,*,#6752,.F.);
#7161 = ORIENTED_EDGE('',*,*,#7148,.F.);
#7162 = ORIENTED_EDGE('',*,*,#6517,.T.);
#7163 = ORIENTED_EDGE('',*,*,#7022,.T.);
#7164 = B_SPLINE_SURFACE_WITH_KNOTS('',1,1,(
    (#7165,#7166)
    ,(#7167,#7168
    )),.UNSPECIFIED.,.F.,.F.,.F.,(2,2),(2,2),(-5.489039508437E-03,0.),(
    -1.E-03,0.),.PIECEWISE_BEZIER_KNOTS.);
#7165 = CARTESIAN_POINT('',(0.254020820328,-0.572997630115,0.6300001));
#7166 = CARTESIAN_POINT('',(0.254020820328,-0.572997630115,0.6310001));
#7167 = CARTESIAN_POINT('',(0.259460833747,-0.572265640542,0.6300001));
#7168 = CARTESIAN_POINT('',(0.259460833747,-0.572265640542,0.6310001));
#7169 = MANIFOLD_SOLID_BREP('',#7170);
#7170 = CLOSED_SHELL('',(#7171,#7215,#7243,#7279,#7315,#7351,#7387,#7423
    ,#7459,#7495,#7531,#7567,#7603,#7631,#7667,#7703,#7739,#7775,#7811,
    #7847,#7883,#7911,#7940));
#7171 = ADVANCED_FACE('',(#7172),#7206,.F.);
#7172 = FACE_BOUND('',#7173,.F.);
#7173 = EDGE_LOOP('',(#7174,#7183,#7192,#7199));
#7174 = ORIENTED_EDGE('',*,*,#7175,.F.);
#7175 = EDGE_CURVE('',#7176,#7178,#7180,.T.);
#7176 = VERTEX_POINT('',#7177);
#7177 = CARTESIAN_POINT('',(0.275764237875,-0.581149332179,0.6310001));
#7178 = VERTEX_POINT('',#7179);
#7179 = CARTESIAN_POINT('',(0.275764237875,-0.581149332179,0.6300001));
#7180 = B_SPLINE_CURVE_WITH_KNOTS('',1,(#7181,#7182),.UNSPECIFIED.,.F.,
  .F.,(2,2),(-0.,1.E-03),.PIECEWISE_BEZIER_KNOTS.);
#7181 = CARTESIAN_POINT('',(0.275764237875,-0.581149332179,0.6310001));
#7182 = CARTESIAN_POINT('',(0.275764237875,-0.581149332179,0.6300001));
#7183 = ORIENTED_EDGE('',*,*,#7184,.T.);
#7184 = EDGE_CURVE('',#7176,#7185,#7187,.T.);
#7185 = VERTEX_POINT('',#7186);
#7186 = CARTESIAN_POINT('',(0.26905987883,-0.57890345508,0.6310001));
#7187 = B_SPLINE_CURVE_WITH_KNOTS('',3,(#7188,#7189,#7190,#7191),
  .UNSPECIFIED.,.F.,.F.,(4,4),(0.,1.),.PIECEWISE_BEZIER_KNOTS.);
#7188 = CARTESIAN_POINT('',(0.275764237875,-0.581149332179,0.6310001));
#7189 = CARTESIAN_POINT('',(0.273368635635,-0.581149332179,0.6310001));
#7190 = CARTESIAN_POINT('',(0.271139394663,-0.580400706479,0.6310001));
#7191 = CARTESIAN_POINT('',(0.26905987883,-0.57890345508,0.6310001));
#7192 = ORIENTED_EDGE('',*,*,#7193,.T.);
#7193 = EDGE_CURVE('',#7185,#7194,#7196,.T.);
#7194 = VERTEX_POINT('',#7195);
#7195 = CARTESIAN_POINT('',(0.26905987883,-0.57890345508,0.6300001));
#7196 = B_SPLINE_CURVE_WITH_KNOTS('',1,(#7197,#7198),.UNSPECIFIED.,.F.,
  .F.,(2,2),(-0.,1.E-03),.PIECEWISE_BEZIER_KNOTS.);
#7197 = CARTESIAN_POINT('',(0.26905987883,-0.57890345508,0.6310001));
#7198 = CARTESIAN_POINT('',(0.26905987883,-0.57890345508,0.6300001));
#7199 = ORIENTED_EDGE('',*,*,#7200,.F.);
#7200 = EDGE_CURVE('',#7178,#7194,#7201,.T.);
#7201 = B_SPLINE_CURVE_WITH_KNOTS('',3,(#7202,#7203,#7204,#7205),
  .UNSPECIFIED.,.F.,.F.,(4,4),(0.,1.),.PIECEWISE_BEZIER_KNOTS.);
#7202 = CARTESIAN_POINT('',(0.275764237875,-0.581149332179,0.6300001));
#7203 = CARTESIAN_POINT('',(0.273368635635,-0.581149332179,0.6300001));
#7204 = CARTESIAN_POINT('',(0.271139394663,-0.580400706479,0.6300001));
#7205 = CARTESIAN_POINT('',(0.26905987883,-0.57890345508,0.6300001));
#7206 = B_SPLINE_SURFACE_WITH_KNOTS('',3,1,(
    (#7207,#7208)
    ,(#7209,#7210)
    ,(#7211,#7212)
    ,(#7213,#7214
    )),.UNSPECIFIED.,.F.,.F.,.F.,(4,4),(2,2),(0.,1.),(0.,1.),
  .PIECEWISE_BEZIER_KNOTS.);
#7207 = CARTESIAN_POINT('',(0.275764237875,-0.581149332179,0.6310001));
#7208 = CARTESIAN_POINT('',(0.275764237875,-0.581149332179,0.6300001));
#7209 = CARTESIAN_POINT('',(0.273368635635,-0.581149332179,0.6310001));
#7210 = CARTESIAN_POINT('',(0.273368635635,-0.581149332179,0.6300001));
#7211 = CARTESIAN_POINT('',(0.271139394663,-0.580400706479,0.6310001));
#7212 = CARTESIAN_POINT('',(0.271139394663,-0.580400706479,0.6300001));
#7213 = CARTESIAN_POINT('',(0.26905987883,-0.57890345508,0.6310001));
#7214 = CARTESIAN_POINT('',(0.26905987883,-0.57890345508,0.6300001));
#7215 = ADVANCED_FACE('',(#7216),#7238,.F.);
#7216 = FACE_BOUND('',#7217,.T.);
#7217 = EDGE_LOOP('',(#7218,#7225,#7232,#7237));
#7218 = ORIENTED_EDGE('',*,*,#7219,.T.);
#7219 = EDGE_CURVE('',#7194,#7220,#7222,.T.);
#7220 = VERTEX_POINT('',#7221);
#7221 = CARTESIAN_POINT('',(0.26905987883,-0.583112395125,0.6300001));
#7222 = B_SPLINE_CURVE_WITH_KNOTS('',1,(#7223,#7224),.UNSPECIFIED.,.F.,
  .F.,(2,2),(-4.208940045112E-03,-0.),.PIECEWISE_BEZIER_KNOTS.);
#7223 = CARTESIAN_POINT('',(0.26905987883,-0.57890345508,0.6300001));
#7224 = CARTESIAN_POINT('',(0.26905987883,-0.583112395125,0.6300001));
#7225 = ORIENTED_EDGE('',*,*,#7226,.F.);
#7226 = EDGE_CURVE('',#7227,#7220,#7229,.T.);
#7227 = VERTEX_POINT('',#7228);
#7228 = CARTESIAN_POINT('',(0.26905987883,-0.583112395125,0.6310001));
#7229 = B_SPLINE_CURVE_WITH_KNOTS('',1,(#7230,#7231),.UNSPECIFIED.,.F.,
  .F.,(2,2),(-0.,1.E-03),.PIECEWISE_BEZIER_KNOTS.);
#7230 = CARTESIAN_POINT('',(0.26905987883,-0.583112395125,0.6310001));
#7231 = CARTESIAN_POINT('',(0.26905987883,-0.583112395125,0.6300001));
#7232 = ORIENTED_EDGE('',*,*,#7233,.F.);
#7233 = EDGE_CURVE('',#7185,#7227,#7234,.T.);
#7234 = B_SPLINE_CURVE_WITH_KNOTS('',1,(#7235,#7236),.UNSPECIFIED.,.F.,
  .F.,(2,2),(-4.208940045112E-03,-0.),.PIECEWISE_BEZIER_KNOTS.);
#7235 = CARTESIAN_POINT('',(0.26905987883,-0.57890345508,0.6310001));
#7236 = CARTESIAN_POINT('',(0.26905987883,-0.583112395125,0.6310001));
#7237 = ORIENTED_EDGE('',*,*,#7193,.T.);
#7238 = B_SPLINE_SURFACE_WITH_KNOTS('',1,1,(
    (#7239,#7240)
    ,(#7241,#7242
    )),.UNSPECIFIED.,.F.,.F.,.F.,(2,2),(2,2),(0.,1.E-03),(0.,
    4.208940045112E-03),.PIECEWISE_BEZIER_KNOTS.);
#7239 = CARTESIAN_POINT('',(0.26905987883,-0.583112395125,0.6310001));
#7240 = CARTESIAN_POINT('',(0.26905987883,-0.57890345508,0.6310001));
#7241 = CARTESIAN_POINT('',(0.26905987883,-0.583112395125,0.6300001));
#7242 = CARTESIAN_POINT('',(0.26905987883,-0.57890345508,0.6300001));
#7243 = ADVANCED_FACE('',(#7244),#7270,.F.);
#7244 = FACE_BOUND('',#7245,.F.);
#7245 = EDGE_LOOP('',(#7246,#7247,#7256,#7263));
#7246 = ORIENTED_EDGE('',*,*,#7226,.F.);
#7247 = ORIENTED_EDGE('',*,*,#7248,.T.);
#7248 = EDGE_CURVE('',#7227,#7249,#7251,.T.);
#7249 = VERTEX_POINT('',#7250);
#7250 = CARTESIAN_POINT('',(0.275364970835,-0.584476557511,0.6310001));
#7251 = B_SPLINE_CURVE_WITH_KNOTS('',3,(#7252,#7253,#7254,#7255),
  .UNSPECIFIED.,.F.,.F.,(4,4),(19.,20.),.PIECEWISE_BEZIER_KNOTS.);
#7252 = CARTESIAN_POINT('',(0.26905987883,-0.583112395125,0.6310001));
#7253 = CARTESIAN_POINT('',(0.270856580509,-0.584010745965,0.6310001));
#7254 = CARTESIAN_POINT('',(0.272952732469,-0.584476557511,0.6310001));
#7255 = CARTESIAN_POINT('',(0.275364970835,-0.584476557511,0.6310001));
#7256 = ORIENTED_EDGE('',*,*,#7257,.T.);
#7257 = EDGE_CURVE('',#7249,#7258,#7260,.T.);
#7258 = VERTEX_POINT('',#7259);
#7259 = CARTESIAN_POINT('',(0.275364970835,-0.584476557511,0.6300001));
#7260 = B_SPLINE_CURVE_WITH_KNOTS('',1,(#7261,#7262),.UNSPECIFIED.,.F.,
  .F.,(2,2),(-0.,1.E-03),.PIECEWISE_BEZIER_KNOTS.);
#7261 = CARTESIAN_POINT('',(0.275364970835,-0.584476557511,0.6310001));
#7262 = CARTESIAN_POINT('',(0.275364970835,-0.584476557511,0.6300001));
#7263 = ORIENTED_EDGE('',*,*,#7264,.F.);
#7264 = EDGE_CURVE('',#7220,#7258,#7265,.T.);
#7265 = B_SPLINE_CURVE_WITH_KNOTS('',3,(#7266,#7267,#7268,#7269),
  .UNSPECIFIED.,.F.,.F.,(4,4),(19.,20.),.PIECEWISE_BEZIER_KNOTS.);
#7266 = CARTESIAN_POINT('',(0.26905987883,-0.583112395125,0.6300001));
#7267 = CARTESIAN_POINT('',(0.270856580509,-0.584010745965,0.6300001));
#7268 = CARTESIAN_POINT('',(0.272952732469,-0.584476557511,0.6300001));
#7269 = CARTESIAN_POINT('',(0.275364970835,-0.584476557511,0.6300001));
#7270 = B_SPLINE_SURFACE_WITH_KNOTS('',3,1,(
    (#7271,#7272)
    ,(#7273,#7274)
    ,(#7275,#7276)
    ,(#7277,#7278
    )),.UNSPECIFIED.,.F.,.F.,.F.,(4,4),(2,2),(19.,20.),(0.,1.),
  .PIECEWISE_BEZIER_KNOTS.);
#7271 = CARTESIAN_POINT('',(0.26905987883,-0.583112395125,0.6310001));
#7272 = CARTESIAN_POINT('',(0.26905987883,-0.583112395125,0.6300001));
#7273 = CARTESIAN_POINT('',(0.270856580509,-0.584010745965,0.6310001));
#7274 = CARTESIAN_POINT('',(0.270856580509,-0.584010745965,0.6300001));
#7275 = CARTESIAN_POINT('',(0.272952732469,-0.584476557511,0.6310001));
#7276 = CARTESIAN_POINT('',(0.272952732469,-0.584476557511,0.6300001));
#7277 = CARTESIAN_POINT('',(0.275364970835,-0.584476557511,0.6310001));
#7278 = CARTESIAN_POINT('',(0.275364970835,-0.584476557511,0.6300001));
#7279 = ADVANCED_FACE('',(#7280),#7306,.F.);
#7280 = FACE_BOUND('',#7281,.F.);
#7281 = EDGE_LOOP('',(#7282,#7283,#7292,#7299));
#7282 = ORIENTED_EDGE('',*,*,#7257,.F.);
#7283 = ORIENTED_EDGE('',*,*,#7284,.T.);
#7284 = EDGE_CURVE('',#7249,#7285,#7287,.T.);
#7285 = VERTEX_POINT('',#7286);
#7286 = CARTESIAN_POINT('',(0.282135874386,-0.582629947452,0.6310001));
#7287 = B_SPLINE_CURVE_WITH_KNOTS('',3,(#7288,#7289,#7290,#7291),
  .UNSPECIFIED.,.F.,.F.,(4,4),(18.,19.),.PIECEWISE_BEZIER_KNOTS.);
#7288 = CARTESIAN_POINT('',(0.275364970835,-0.584476557511,0.6310001));
#7289 = CARTESIAN_POINT('',(0.278134885924,-0.584476557511,0.6310001));
#7290 = CARTESIAN_POINT('',(0.28039739915,-0.583861020825,0.6310001));
#7291 = CARTESIAN_POINT('',(0.282135874386,-0.582629947452,0.6310001));
#7292 = ORIENTED_EDGE('',*,*,#7293,.T.);
#7293 = EDGE_CURVE('',#7285,#7294,#7296,.T.);
#7294 = VERTEX_POINT('',#7295);
#7295 = CARTESIAN_POINT('',(0.282135874386,-0.582629947452,0.6300001));
#7296 = B_SPLINE_CURVE_WITH_KNOTS('',1,(#7297,#7298),.UNSPECIFIED.,.F.,
  .F.,(2,2),(-0.,1.E-03),.PIECEWISE_BEZIER_KNOTS.);
#7297 = CARTESIAN_POINT('',(0.282135874386,-0.582629947452,0.6310001));
#7298 = CARTESIAN_POINT('',(0.282135874386,-0.582629947452,0.6300001));
#7299 = ORIENTED_EDGE('',*,*,#7300,.F.);
#7300 = EDGE_CURVE('',#7258,#7294,#7301,.T.);
#7301 = B_SPLINE_CURVE_WITH_KNOTS('',3,(#7302,#7303,#7304,#7305),
  .UNSPECIFIED.,.F.,.F.,(4,4),(18.,19.),.PIECEWISE_BEZIER_KNOTS.);
#7302 = CARTESIAN_POINT('',(0.275364970835,-0.584476557511,0.6300001));
#7303 = CARTESIAN_POINT('',(0.278134885924,-0.584476557511,0.6300001));
#7304 = CARTESIAN_POINT('',(0.28039739915,-0.583861020825,0.6300001));
#7305 = CARTESIAN_POINT('',(0.282135874386,-0.582629947452,0.6300001));
#7306 = B_SPLINE_SURFACE_WITH_KNOTS('',3,1,(
    (#7307,#7308)
    ,(#7309,#7310)
    ,(#7311,#7312)
    ,(#7313,#7314
    )),.UNSPECIFIED.,.F.,.F.,.F.,(4,4),(2,2),(18.,19.),(0.,1.),
  .PIECEWISE_BEZIER_KNOTS.);
#7307 = CARTESIAN_POINT('',(0.275364970835,-0.584476557511,0.6310001));
#7308 = CARTESIAN_POINT('',(0.275364970835,-0.584476557511,0.6300001));
#7309 = CARTESIAN_POINT('',(0.278134885924,-0.584476557511,0.6310001));
#7310 = CARTESIAN_POINT('',(0.278134885924,-0.584476557511,0.6300001));
#7311 = CARTESIAN_POINT('',(0.28039739915,-0.583861020825,0.6310001));
#7312 = CARTESIAN_POINT('',(0.28039739915,-0.583861020825,0.6300001));
#7313 = CARTESIAN_POINT('',(0.282135874386,-0.582629947452,0.6310001));
#7314 = CARTESIAN_POINT('',(0.282135874386,-0.582629947452,0.6300001));
#7315 = ADVANCED_FACE('',(#7316),#7342,.F.);
#7316 = FACE_BOUND('',#7317,.F.);
#7317 = EDGE_LOOP('',(#7318,#7319,#7328,#7335));
#7318 = ORIENTED_EDGE('',*,*,#7293,.F.);
#7319 = ORIENTED_EDGE('',*,*,#7320,.T.);
#7320 = EDGE_CURVE('',#7285,#7321,#7323,.T.);
#7321 = VERTEX_POINT('',#7322);
#7322 = CARTESIAN_POINT('',(0.284756064335,-0.5776058372,0.6310001));
#7323 = B_SPLINE_CURVE_WITH_KNOTS('',3,(#7324,#7325,#7326,#7327),
  .UNSPECIFIED.,.F.,.F.,(4,4),(17.,18.),.PIECEWISE_BEZIER_KNOTS.);
#7324 = CARTESIAN_POINT('',(0.282135874386,-0.582629947452,0.6310001));
#7325 = CARTESIAN_POINT('',(0.283882667685,-0.581415510205,0.6310001));
#7326 = CARTESIAN_POINT('',(0.284756064335,-0.579735261413,0.6310001));
#7327 = CARTESIAN_POINT('',(0.284756064335,-0.5776058372,0.6310001));
#7328 = ORIENTED_EDGE('',*,*,#7329,.T.);
#7329 = EDGE_CURVE('',#7321,#7330,#7332,.T.);
#7330 = VERTEX_POINT('',#7331);
#7331 = CARTESIAN_POINT('',(0.284756064335,-0.5776058372,0.6300001));
#7332 = B_SPLINE_CURVE_WITH_KNOTS('',1,(#7333,#7334),.UNSPECIFIED.,.F.,
  .F.,(2,2),(-0.,1.E-03),.PIECEWISE_BEZIER_KNOTS.);
#7333 = CARTESIAN_POINT('',(0.284756064335,-0.5776058372,0.6310001));
#7334 = CARTESIAN_POINT('',(0.284756064335,-0.5776058372,0.6300001));
#7335 = ORIENTED_EDGE('',*,*,#7336,.F.);
#7336 = EDGE_CURVE('',#7294,#7330,#7337,.T.);
#7337 = B_SPLINE_CURVE_WITH_KNOTS('',3,(#7338,#7339,#7340,#7341),
  .UNSPECIFIED.,.F.,.F.,(4,4),(17.,18.),.PIECEWISE_BEZIER_KNOTS.);
#7338 = CARTESIAN_POINT('',(0.282135874386,-0.582629947452,0.6300001));
#7339 = CARTESIAN_POINT('',(0.283882667685,-0.581415510205,0.6300001));
#7340 = CARTESIAN_POINT('',(0.284756064335,-0.579735261413,0.6300001));
#7341 = CARTESIAN_POINT('',(0.284756064335,-0.5776058372,0.6300001));
#7342 = B_SPLINE_SURFACE_WITH_KNOTS('',3,1,(
    (#7343,#7344)
    ,(#7345,#7346)
    ,(#7347,#7348)
    ,(#7349,#7350
    )),.UNSPECIFIED.,.F.,.F.,.F.,(4,4),(2,2),(17.,18.),(0.,1.),
  .PIECEWISE_BEZIER_KNOTS.);
#7343 = CARTESIAN_POINT('',(0.282135874386,-0.582629947452,0.6310001));
#7344 = CARTESIAN_POINT('',(0.282135874386,-0.582629947452,0.6300001));
#7345 = CARTESIAN_POINT('',(0.283882667685,-0.581415510205,0.6310001));
#7346 = CARTESIAN_POINT('',(0.283882667685,-0.581415510205,0.6300001));
#7347 = CARTESIAN_POINT('',(0.284756064335,-0.579735261413,0.6310001));
#7348 = CARTESIAN_POINT('',(0.284756064335,-0.579735261413,0.6300001));
#7349 = CARTESIAN_POINT('',(0.284756064335,-0.5776058372,0.6310001));
#7350 = CARTESIAN_POINT('',(0.284756064335,-0.5776058372,0.6300001));
#7351 = ADVANCED_FACE('',(#7352),#7378,.F.);
#7352 = FACE_BOUND('',#7353,.F.);
#7353 = EDGE_LOOP('',(#7354,#7355,#7364,#7371));
#7354 = ORIENTED_EDGE('',*,*,#7329,.F.);
#7355 = ORIENTED_EDGE('',*,*,#7356,.T.);
#7356 = EDGE_CURVE('',#7321,#7357,#7359,.T.);
#7357 = VERTEX_POINT('',#7358);
#7358 = CARTESIAN_POINT('',(0.283391901949,-0.573762891941,0.6310001));
#7359 = B_SPLINE_CURVE_WITH_KNOTS('',3,(#7360,#7361,#7362,#7363),
  .UNSPECIFIED.,.F.,.F.,(4,4),(16.,17.),.PIECEWISE_BEZIER_KNOTS.);
#7360 = CARTESIAN_POINT('',(0.284756064335,-0.5776058372,0.6310001));
#7361 = CARTESIAN_POINT('',(0.284756064335,-0.576075313547,0.6310001));
#7362 = CARTESIAN_POINT('',(0.284298570852,-0.574794331794,0.6310001));
#7363 = CARTESIAN_POINT('',(0.283391901949,-0.573762891941,0.6310001));
#7364 = ORIENTED_EDGE('',*,*,#7365,.T.);
#7365 = EDGE_CURVE('',#7357,#7366,#7368,.T.);
#7366 = VERTEX_POINT('',#7367);
#7367 = CARTESIAN_POINT('',(0.283391901949,-0.573762891941,0.6300001));
#7368 = B_SPLINE_CURVE_WITH_KNOTS('',1,(#7369,#7370),.UNSPECIFIED.,.F.,
  .F.,(2,2),(-0.,1.E-03),.PIECEWISE_BEZIER_KNOTS.);
#7369 = CARTESIAN_POINT('',(0.283391901949,-0.573762891941,0.6310001));
#7370 = CARTESIAN_POINT('',(0.283391901949,-0.573762891941,0.6300001));
#7371 = ORIENTED_EDGE('',*,*,#7372,.F.);
#7372 = EDGE_CURVE('',#7330,#7366,#7373,.T.);
#7373 = B_SPLINE_CURVE_WITH_KNOTS('',3,(#7374,#7375,#7376,#7377),
  .UNSPECIFIED.,.F.,.F.,(4,4),(16.,17.),.PIECEWISE_BEZIER_KNOTS.);
#7374 = CARTESIAN_POINT('',(0.284756064335,-0.5776058372,0.6300001));
#7375 = CARTESIAN_POINT('',(0.284756064335,-0.576075313547,0.6300001));
#7376 = CARTESIAN_POINT('',(0.284298570852,-0.574794331794,0.6300001));
#7377 = CARTESIAN_POINT('',(0.283391901949,-0.573762891941,0.6300001));
#7378 = B_SPLINE_SURFACE_WITH_KNOTS('',3,1,(
    (#7379,#7380)
    ,(#7381,#7382)
    ,(#7383,#7384)
    ,(#7385,#7386
    )),.UNSPECIFIED.,.F.,.F.,.F.,(4,4),(2,2),(16.,17.),(0.,1.),
  .PIECEWISE_BEZIER_KNOTS.);
#7379 = CARTESIAN_POINT('',(0.284756064335,-0.5776058372,0.6310001));
#7380 = CARTESIAN_POINT('',(0.284756064335,-0.5776058372,0.6300001));
#7381 = CARTESIAN_POINT('',(0.284756064335,-0.576075313547,0.6310001));
#7382 = CARTESIAN_POINT('',(0.284756064335,-0.576075313547,0.6300001));
#7383 = CARTESIAN_POINT('',(0.284298570852,-0.574794331794,0.6310001));
#7384 = CARTESIAN_POINT('',(0.284298570852,-0.574794331794,0.6300001));
#7385 = CARTESIAN_POINT('',(0.283391901949,-0.573762891941,0.6310001));
#7386 = CARTESIAN_POINT('',(0.283391901949,-0.573762891941,0.6300001));
#7387 = ADVANCED_FACE('',(#7388),#7414,.F.);
#7388 = FACE_BOUND('',#7389,.F.);
#7389 = EDGE_LOOP('',(#7390,#7391,#7400,#7407));
#7390 = ORIENTED_EDGE('',*,*,#7365,.F.);
#7391 = ORIENTED_EDGE('',*,*,#7392,.T.);
#7392 = EDGE_CURVE('',#7357,#7393,#7395,.T.);
#7393 = VERTEX_POINT('',#7394);
#7394 = CARTESIAN_POINT('',(0.278134885924,-0.570751753016,0.6310001));
#7395 = B_SPLINE_CURVE_WITH_KNOTS('',3,(#7396,#7397,#7398,#7399),
  .UNSPECIFIED.,.F.,.F.,(4,4),(15.,16.),.PIECEWISE_BEZIER_KNOTS.);
#7396 = CARTESIAN_POINT('',(0.283391901949,-0.573762891941,0.6310001));
#7397 = CARTESIAN_POINT('',(0.282476914982,-0.572731452088,0.6310001));
#7398 = CARTESIAN_POINT('',(0.280730121683,-0.571716648362,0.6310001));
#7399 = CARTESIAN_POINT('',(0.278134885924,-0.570751753016,0.6310001));
#7400 = ORIENTED_EDGE('',*,*,#7401,.T.);
#7401 = EDGE_CURVE('',#7393,#7402,#7404,.T.);
#7402 = VERTEX_POINT('',#7403);
#7403 = CARTESIAN_POINT('',(0.278134885924,-0.570751753016,0.6300001));
#7404 = B_SPLINE_CURVE_WITH_KNOTS('',1,(#7405,#7406),.UNSPECIFIED.,.F.,
  .F.,(2,2),(-0.,1.E-03),.PIECEWISE_BEZIER_KNOTS.);
#7405 = CARTESIAN_POINT('',(0.278134885924,-0.570751753016,0.6310001));
#7406 = CARTESIAN_POINT('',(0.278134885924,-0.570751753016,0.6300001));
#7407 = ORIENTED_EDGE('',*,*,#7408,.F.);
#7408 = EDGE_CURVE('',#7366,#7402,#7409,.T.);
#7409 = B_SPLINE_CURVE_WITH_KNOTS('',3,(#7410,#7411,#7412,#7413),
  .UNSPECIFIED.,.F.,.F.,(4,4),(15.,16.),.PIECEWISE_BEZIER_KNOTS.);
#7410 = CARTESIAN_POINT('',(0.283391901949,-0.573762891941,0.6300001));
#7411 = CARTESIAN_POINT('',(0.282476914982,-0.572731452088,0.6300001));
#7412 = CARTESIAN_POINT('',(0.280730121683,-0.571716648362,0.6300001));
#7413 = CARTESIAN_POINT('',(0.278134885924,-0.570751753016,0.6300001));
#7414 = B_SPLINE_SURFACE_WITH_KNOTS('',3,1,(
    (#7415,#7416)
    ,(#7417,#7418)
    ,(#7419,#7420)
    ,(#7421,#7422
    )),.UNSPECIFIED.,.F.,.F.,.F.,(4,4),(2,2),(15.,16.),(0.,1.),
  .PIECEWISE_BEZIER_KNOTS.);
#7415 = CARTESIAN_POINT('',(0.283391901949,-0.573762891941,0.6310001));
#7416 = CARTESIAN_POINT('',(0.283391901949,-0.573762891941,0.6300001));
#7417 = CARTESIAN_POINT('',(0.282476914982,-0.572731452088,0.6310001));
#7418 = CARTESIAN_POINT('',(0.282476914982,-0.572731452088,0.6300001));
#7419 = CARTESIAN_POINT('',(0.280730121683,-0.571716648362,0.6310001));
#7420 = CARTESIAN_POINT('',(0.280730121683,-0.571716648362,0.6300001));
#7421 = CARTESIAN_POINT('',(0.278134885924,-0.570751753016,0.6310001));
#7422 = CARTESIAN_POINT('',(0.278134885924,-0.570751753016,0.6300001));
#7423 = ADVANCED_FACE('',(#7424),#7450,.F.);
#7424 = FACE_BOUND('',#7425,.F.);
#7425 = EDGE_LOOP('',(#7426,#7427,#7436,#7443));
#7426 = ORIENTED_EDGE('',*,*,#7401,.F.);
#7427 = ORIENTED_EDGE('',*,*,#7428,.T.);
#7428 = EDGE_CURVE('',#7393,#7429,#7431,.T.);
#7429 = VERTEX_POINT('',#7430);
#7430 = CARTESIAN_POINT('',(0.274175487778,-0.568755417816,0.6310001));
#7431 = B_SPLINE_CURVE_WITH_KNOTS('',3,(#7432,#7433,#7434,#7435),
  .UNSPECIFIED.,.F.,.F.,(4,4),(14.,15.),.PIECEWISE_BEZIER_KNOTS.);
#7432 = CARTESIAN_POINT('',(0.278134885924,-0.570751753016,0.6310001));
#7433 = CARTESIAN_POINT('',(0.276088642344,-0.569953218936,0.6310001));
#7434 = CARTESIAN_POINT('',(0.274774388338,-0.569287773869,0.6310001));
#7435 = CARTESIAN_POINT('',(0.274175487778,-0.568755417816,0.6310001));
#7436 = ORIENTED_EDGE('',*,*,#7437,.T.);
#7437 = EDGE_CURVE('',#7429,#7438,#7440,.T.);
#7438 = VERTEX_POINT('',#7439);
#7439 = CARTESIAN_POINT('',(0.274175487778,-0.568755417816,0.6300001));
#7440 = B_SPLINE_CURVE_WITH_KNOTS('',1,(#7441,#7442),.UNSPECIFIED.,.F.,
  .F.,(2,2),(-0.,1.E-03),.PIECEWISE_BEZIER_KNOTS.);
#7441 = CARTESIAN_POINT('',(0.274175487778,-0.568755417816,0.6310001));
#7442 = CARTESIAN_POINT('',(0.274175487778,-0.568755417816,0.6300001));
#7443 = ORIENTED_EDGE('',*,*,#7444,.F.);
#7444 = EDGE_CURVE('',#7402,#7438,#7445,.T.);
#7445 = B_SPLINE_CURVE_WITH_KNOTS('',3,(#7446,#7447,#7448,#7449),
  .UNSPECIFIED.,.F.,.F.,(4,4),(14.,15.),.PIECEWISE_BEZIER_KNOTS.);
#7446 = CARTESIAN_POINT('',(0.278134885924,-0.570751753016,0.6300001));
#7447 = CARTESIAN_POINT('',(0.276088642344,-0.569953218936,0.6300001));
#7448 = CARTESIAN_POINT('',(0.274774388338,-0.569287773869,0.6300001));
#7449 = CARTESIAN_POINT('',(0.274175487778,-0.568755417816,0.6300001));
#7450 = B_SPLINE_SURFACE_WITH_KNOTS('',3,1,(
    (#7451,#7452)
    ,(#7453,#7454)
    ,(#7455,#7456)
    ,(#7457,#7458
    )),.UNSPECIFIED.,.F.,.F.,.F.,(4,4),(2,2),(14.,15.),(0.,1.),
  .PIECEWISE_BEZIER_KNOTS.);
#7451 = CARTESIAN_POINT('',(0.278134885924,-0.570751753016,0.6310001));
#7452 = CARTESIAN_POINT('',(0.278134885924,-0.570751753016,0.6300001));
#7453 = CARTESIAN_POINT('',(0.276088642344,-0.569953218936,0.6310001));
#7454 = CARTESIAN_POINT('',(0.276088642344,-0.569953218936,0.6300001));
#7455 = CARTESIAN_POINT('',(0.274774388338,-0.569287773869,0.6310001));
#7456 = CARTESIAN_POINT('',(0.274774388338,-0.569287773869,0.6300001));
#7457 = CARTESIAN_POINT('',(0.274175487778,-0.568755417816,0.6310001));
#7458 = CARTESIAN_POINT('',(0.274175487778,-0.568755417816,0.6300001));
#7459 = ADVANCED_FACE('',(#7460),#7486,.F.);
#7460 = FACE_BOUND('',#7461,.F.);
#7461 = EDGE_LOOP('',(#7462,#7463,#7472,#7479));
#7462 = ORIENTED_EDGE('',*,*,#7437,.F.);
#7463 = ORIENTED_EDGE('',*,*,#7464,.T.);
#7464 = EDGE_CURVE('',#7429,#7465,#7467,.T.);
#7465 = VERTEX_POINT('',#7466);
#7466 = CARTESIAN_POINT('',(0.273285455002,-0.56659272135,0.6310001));
#7467 = B_SPLINE_CURVE_WITH_KNOTS('',3,(#7468,#7469,#7470,#7471),
  .UNSPECIFIED.,.F.,.F.,(4,4),(13.,14.),.PIECEWISE_BEZIER_KNOTS.);
#7468 = CARTESIAN_POINT('',(0.274175487778,-0.568755417816,0.6310001));
#7469 = CARTESIAN_POINT('',(0.273584905282,-0.56823969789,0.6310001));
#7470 = CARTESIAN_POINT('',(0.273285455002,-0.567524344443,0.6310001));
#7471 = CARTESIAN_POINT('',(0.273285455002,-0.56659272135,0.6310001));
#7472 = ORIENTED_EDGE('',*,*,#7473,.T.);
#7473 = EDGE_CURVE('',#7465,#7474,#7476,.T.);
#7474 = VERTEX_POINT('',#7475);
#7475 = CARTESIAN_POINT('',(0.273285455002,-0.56659272135,0.6300001));
#7476 = B_SPLINE_CURVE_WITH_KNOTS('',1,(#7477,#7478),.UNSPECIFIED.,.F.,
  .F.,(2,2),(-0.,1.E-03),.PIECEWISE_BEZIER_KNOTS.);
#7477 = CARTESIAN_POINT('',(0.273285455002,-0.56659272135,0.6310001));
#7478 = CARTESIAN_POINT('',(0.273285455002,-0.56659272135,0.6300001));
#7479 = ORIENTED_EDGE('',*,*,#7480,.F.);
#7480 = EDGE_CURVE('',#7438,#7474,#7481,.T.);
#7481 = B_SPLINE_CURVE_WITH_KNOTS('',3,(#7482,#7483,#7484,#7485),
  .UNSPECIFIED.,.F.,.F.,(4,4),(13.,14.),.PIECEWISE_BEZIER_KNOTS.);
#7482 = CARTESIAN_POINT('',(0.274175487778,-0.568755417816,0.6300001));
#7483 = CARTESIAN_POINT('',(0.273584905282,-0.56823969789,0.6300001));
#7484 = CARTESIAN_POINT('',(0.273285455002,-0.567524344443,0.6300001));
#7485 = CARTESIAN_POINT('',(0.273285455002,-0.56659272135,0.6300001));
#7486 = B_SPLINE_SURFACE_WITH_KNOTS('',3,1,(
    (#7487,#7488)
    ,(#7489,#7490)
    ,(#7491,#7492)
    ,(#7493,#7494
    )),.UNSPECIFIED.,.F.,.F.,.F.,(4,4),(2,2),(13.,14.),(0.,1.),
  .PIECEWISE_BEZIER_KNOTS.);
#7487 = CARTESIAN_POINT('',(0.274175487778,-0.568755417816,0.6310001));
#7488 = CARTESIAN_POINT('',(0.274175487778,-0.568755417816,0.6300001));
#7489 = CARTESIAN_POINT('',(0.273584905282,-0.56823969789,0.6310001));
#7490 = CARTESIAN_POINT('',(0.273584905282,-0.56823969789,0.6300001));
#7491 = CARTESIAN_POINT('',(0.273285455002,-0.567524344443,0.6310001));
#7492 = CARTESIAN_POINT('',(0.273285455002,-0.567524344443,0.6300001));
#7493 = CARTESIAN_POINT('',(0.273285455002,-0.56659272135,0.6310001));
#7494 = CARTESIAN_POINT('',(0.273285455002,-0.56659272135,0.6300001));
#7495 = ADVANCED_FACE('',(#7496),#7522,.F.);
#7496 = FACE_BOUND('',#7497,.F.);
#7497 = EDGE_LOOP('',(#7498,#7499,#7508,#7515));
#7498 = ORIENTED_EDGE('',*,*,#7473,.F.);
#7499 = ORIENTED_EDGE('',*,*,#7500,.T.);
#7500 = EDGE_CURVE('',#7465,#7501,#7503,.T.);
#7501 = VERTEX_POINT('',#7502);
#7502 = CARTESIAN_POINT('',(0.274524846438,-0.564330208124,0.6310001));
#7503 = B_SPLINE_CURVE_WITH_KNOTS('',3,(#7504,#7505,#7506,#7507),
  .UNSPECIFIED.,.F.,.F.,(4,4),(12.,13.),.PIECEWISE_BEZIER_KNOTS.);
#7504 = CARTESIAN_POINT('',(0.273285455002,-0.56659272135,0.6310001));
#7505 = CARTESIAN_POINT('',(0.273285455002,-0.565661098257,0.6310001));
#7506 = CARTESIAN_POINT('',(0.273701358169,-0.564895836431,0.6310001));
#7507 = CARTESIAN_POINT('',(0.274524846438,-0.564330208124,0.6310001));
#7508 = ORIENTED_EDGE('',*,*,#7509,.T.);
#7509 = EDGE_CURVE('',#7501,#7510,#7512,.T.);
#7510 = VERTEX_POINT('',#7511);
#7511 = CARTESIAN_POINT('',(0.274524846438,-0.564330208124,0.6300001));
#7512 = B_SPLINE_CURVE_WITH_KNOTS('',1,(#7513,#7514),.UNSPECIFIED.,.F.,
  .F.,(2,2),(-0.,1.E-03),.PIECEWISE_BEZIER_KNOTS.);
#7513 = CARTESIAN_POINT('',(0.274524846438,-0.564330208124,0.6310001));
#7514 = CARTESIAN_POINT('',(0.274524846438,-0.564330208124,0.6300001));
#7515 = ORIENTED_EDGE('',*,*,#7516,.F.);
#7516 = EDGE_CURVE('',#7474,#7510,#7517,.T.);
#7517 = B_SPLINE_CURVE_WITH_KNOTS('',3,(#7518,#7519,#7520,#7521),
  .UNSPECIFIED.,.F.,.F.,(4,4),(12.,13.),.PIECEWISE_BEZIER_KNOTS.);
#7518 = CARTESIAN_POINT('',(0.273285455002,-0.56659272135,0.6300001));
#7519 = CARTESIAN_POINT('',(0.273285455002,-0.565661098257,0.6300001));
#7520 = CARTESIAN_POINT('',(0.273701358169,-0.564895836431,0.6300001));
#7521 = CARTESIAN_POINT('',(0.274524846438,-0.564330208124,0.6300001));
#7522 = B_SPLINE_SURFACE_WITH_KNOTS('',3,1,(
    (#7523,#7524)
    ,(#7525,#7526)
    ,(#7527,#7528)
    ,(#7529,#7530
    )),.UNSPECIFIED.,.F.,.F.,.F.,(4,4),(2,2),(12.,13.),(0.,1.),
  .PIECEWISE_BEZIER_KNOTS.);
#7523 = CARTESIAN_POINT('',(0.273285455002,-0.56659272135,0.6310001));
#7524 = CARTESIAN_POINT('',(0.273285455002,-0.56659272135,0.6300001));
#7525 = CARTESIAN_POINT('',(0.273285455002,-0.565661098257,0.6310001));
#7526 = CARTESIAN_POINT('',(0.273285455002,-0.565661098257,0.6300001));
#7527 = CARTESIAN_POINT('',(0.273701358169,-0.564895836431,0.6310001));
#7528 = CARTESIAN_POINT('',(0.273701358169,-0.564895836431,0.6300001));
#7529 = CARTESIAN_POINT('',(0.274524846438,-0.564330208124,0.6310001));
#7530 = CARTESIAN_POINT('',(0.274524846438,-0.564330208124,0.6300001));
#7531 = ADVANCED_FACE('',(#7532),#7558,.F.);
#7532 = FACE_BOUND('',#7533,.F.);
#7533 = EDGE_LOOP('',(#7534,#7535,#7544,#7551));
#7534 = ORIENTED_EDGE('',*,*,#7509,.F.);
#7535 = ORIENTED_EDGE('',*,*,#7536,.T.);
#7536 = EDGE_CURVE('',#7501,#7537,#7539,.T.);
#7537 = VERTEX_POINT('',#7538);
#7538 = CARTESIAN_POINT('',(0.277735618884,-0.563465129538,0.6310001));
#7539 = B_SPLINE_CURVE_WITH_KNOTS('',3,(#7540,#7541,#7542,#7543),
  .UNSPECIFIED.,.F.,.F.,(4,4),(11.,12.),.PIECEWISE_BEZIER_KNOTS.);
#7540 = CARTESIAN_POINT('',(0.274524846438,-0.564330208124,0.6310001));
#7541 = CARTESIAN_POINT('',(0.275348334708,-0.563747943691,0.6310001));
#7542 = CARTESIAN_POINT('',(0.276421364878,-0.563465129538,0.6310001));
#7543 = CARTESIAN_POINT('',(0.277735618884,-0.563465129538,0.6310001));
#7544 = ORIENTED_EDGE('',*,*,#7545,.T.);
#7545 = EDGE_CURVE('',#7537,#7546,#7548,.T.);
#7546 = VERTEX_POINT('',#7547);
#7547 = CARTESIAN_POINT('',(0.277735618884,-0.563465129538,0.6300001));
#7548 = B_SPLINE_CURVE_WITH_KNOTS('',1,(#7549,#7550),.UNSPECIFIED.,.F.,
  .F.,(2,2),(-0.,1.E-03),.PIECEWISE_BEZIER_KNOTS.);
#7549 = CARTESIAN_POINT('',(0.277735618884,-0.563465129538,0.6310001));
#7550 = CARTESIAN_POINT('',(0.277735618884,-0.563465129538,0.6300001));
#7551 = ORIENTED_EDGE('',*,*,#7552,.F.);
#7552 = EDGE_CURVE('',#7510,#7546,#7553,.T.);
#7553 = B_SPLINE_CURVE_WITH_KNOTS('',3,(#7554,#7555,#7556,#7557),
  .UNSPECIFIED.,.F.,.F.,(4,4),(11.,12.),.PIECEWISE_BEZIER_KNOTS.);
#7554 = CARTESIAN_POINT('',(0.274524846438,-0.564330208124,0.6300001));
#7555 = CARTESIAN_POINT('',(0.275348334708,-0.563747943691,0.6300001));
#7556 = CARTESIAN_POINT('',(0.276421364878,-0.563465129538,0.6300001));
#7557 = CARTESIAN_POINT('',(0.277735618884,-0.563465129538,0.6300001));
#7558 = B_SPLINE_SURFACE_WITH_KNOTS('',3,1,(
    (#7559,#7560)
    ,(#7561,#7562)
    ,(#7563,#7564)
    ,(#7565,#7566
    )),.UNSPECIFIED.,.F.,.F.,.F.,(4,4),(2,2),(11.,12.),(0.,1.),
  .PIECEWISE_BEZIER_KNOTS.);
#7559 = CARTESIAN_POINT('',(0.274524846438,-0.564330208124,0.6310001));
#7560 = CARTESIAN_POINT('',(0.274524846438,-0.564330208124,0.6300001));
#7561 = CARTESIAN_POINT('',(0.275348334708,-0.563747943691,0.6310001));
#7562 = CARTESIAN_POINT('',(0.275348334708,-0.563747943691,0.6300001));
#7563 = CARTESIAN_POINT('',(0.276421364878,-0.563465129538,0.6310001));
#7564 = CARTESIAN_POINT('',(0.276421364878,-0.563465129538,0.6300001));
#7565 = CARTESIAN_POINT('',(0.277735618884,-0.563465129538,0.6310001));
#7566 = CARTESIAN_POINT('',(0.277735618884,-0.563465129538,0.6300001));
#7567 = ADVANCED_FACE('',(#7568),#7594,.F.);
#7568 = FACE_BOUND('',#7569,.F.);
#7569 = EDGE_LOOP('',(#7570,#7571,#7580,#7587));
#7570 = ORIENTED_EDGE('',*,*,#7545,.F.);
#7571 = ORIENTED_EDGE('',*,*,#7572,.T.);
#7572 = EDGE_CURVE('',#7537,#7573,#7575,.T.);
#7573 = VERTEX_POINT('',#7574);
#7574 = CARTESIAN_POINT('',(0.283641443849,-0.565145378331,0.6310001));
#7575 = B_SPLINE_CURVE_WITH_KNOTS('',3,(#7576,#7577,#7578,#7579),
  .UNSPECIFIED.,.F.,.F.,(4,4),(10.,11.),.PIECEWISE_BEZIER_KNOTS.);
#7576 = CARTESIAN_POINT('',(0.277735618884,-0.563465129538,0.6310001));
#7577 = CARTESIAN_POINT('',(0.279939905666,-0.563465129538,0.6310001));
#7578 = CARTESIAN_POINT('',(0.281902968612,-0.564030757844,0.6310001));
#7579 = CARTESIAN_POINT('',(0.283641443849,-0.565145378331,0.6310001));
#7580 = ORIENTED_EDGE('',*,*,#7581,.T.);
#7581 = EDGE_CURVE('',#7573,#7582,#7584,.T.);
#7582 = VERTEX_POINT('',#7583);
#7583 = CARTESIAN_POINT('',(0.283641443849,-0.565145378331,0.6300001));
#7584 = B_SPLINE_CURVE_WITH_KNOTS('',1,(#7585,#7586),.UNSPECIFIED.,.F.,
  .F.,(2,2),(-0.,1.E-03),.PIECEWISE_BEZIER_KNOTS.);
#7585 = CARTESIAN_POINT('',(0.283641443849,-0.565145378331,0.6310001));
#7586 = CARTESIAN_POINT('',(0.283641443849,-0.565145378331,0.6300001));
#7587 = ORIENTED_EDGE('',*,*,#7588,.F.);
#7588 = EDGE_CURVE('',#7546,#7582,#7589,.T.);
#7589 = B_SPLINE_CURVE_WITH_KNOTS('',3,(#7590,#7591,#7592,#7593),
  .UNSPECIFIED.,.F.,.F.,(4,4),(10.,11.),.PIECEWISE_BEZIER_KNOTS.);
#7590 = CARTESIAN_POINT('',(0.277735618884,-0.563465129538,0.6300001));
#7591 = CARTESIAN_POINT('',(0.279939905666,-0.563465129538,0.6300001));
#7592 = CARTESIAN_POINT('',(0.281902968612,-0.564030757844,0.6300001));
#7593 = CARTESIAN_POINT('',(0.283641443849,-0.565145378331,0.6300001));
#7594 = B_SPLINE_SURFACE_WITH_KNOTS('',3,1,(
    (#7595,#7596)
    ,(#7597,#7598)
    ,(#7599,#7600)
    ,(#7601,#7602
    )),.UNSPECIFIED.,.F.,.F.,.F.,(4,4),(2,2),(10.,11.),(0.,1.),
  .PIECEWISE_BEZIER_KNOTS.);
#7595 = CARTESIAN_POINT('',(0.277735618884,-0.563465129538,0.6310001));
#7596 = CARTESIAN_POINT('',(0.277735618884,-0.563465129538,0.6300001));
#7597 = CARTESIAN_POINT('',(0.279939905666,-0.563465129538,0.6310001));
#7598 = CARTESIAN_POINT('',(0.279939905666,-0.563465129538,0.6300001));
#7599 = CARTESIAN_POINT('',(0.281902968612,-0.564030757844,0.6310001));
#7600 = CARTESIAN_POINT('',(0.281902968612,-0.564030757844,0.6300001));
#7601 = CARTESIAN_POINT('',(0.283641443849,-0.565145378331,0.6310001));
#7602 = CARTESIAN_POINT('',(0.283641443849,-0.565145378331,0.6300001));
#7603 = ADVANCED_FACE('',(#7604),#7626,.F.);
#7604 = FACE_BOUND('',#7605,.T.);
#7605 = EDGE_LOOP('',(#7606,#7613,#7620,#7625));
#7606 = ORIENTED_EDGE('',*,*,#7607,.T.);
#7607 = EDGE_CURVE('',#7582,#7608,#7610,.T.);
#7608 = VERTEX_POINT('',#7609);
#7609 = CARTESIAN_POINT('',(0.283641443849,-0.561185980186,0.6300001));
#7610 = B_SPLINE_CURVE_WITH_KNOTS('',1,(#7611,#7612),.UNSPECIFIED.,.F.,
  .F.,(2,2),(-3.959398145258E-03,0.),.PIECEWISE_BEZIER_KNOTS.);
#7611 = CARTESIAN_POINT('',(0.283641443849,-0.565145378331,0.6300001));
#7612 = CARTESIAN_POINT('',(0.283641443849,-0.561185980186,0.6300001));
#7613 = ORIENTED_EDGE('',*,*,#7614,.F.);
#7614 = EDGE_CURVE('',#7615,#7608,#7617,.T.);
#7615 = VERTEX_POINT('',#7616);
#7616 = CARTESIAN_POINT('',(0.283641443849,-0.561185980186,0.6310001));
#7617 = B_SPLINE_CURVE_WITH_KNOTS('',1,(#7618,#7619),.UNSPECIFIED.,.F.,
  .F.,(2,2),(-0.,1.E-03),.PIECEWISE_BEZIER_KNOTS.);
#7618 = CARTESIAN_POINT('',(0.283641443849,-0.561185980186,0.6310001));
#7619 = CARTESIAN_POINT('',(0.283641443849,-0.561185980186,0.6300001));
#7620 = ORIENTED_EDGE('',*,*,#7621,.F.);
#7621 = EDGE_CURVE('',#7573,#7615,#7622,.T.);
#7622 = B_SPLINE_CURVE_WITH_KNOTS('',1,(#7623,#7624),.UNSPECIFIED.,.F.,
  .F.,(2,2),(-3.959398145258E-03,0.),.PIECEWISE_BEZIER_KNOTS.);
#7623 = CARTESIAN_POINT('',(0.283641443849,-0.565145378331,0.6310001));
#7624 = CARTESIAN_POINT('',(0.283641443849,-0.561185980186,0.6310001));
#7625 = ORIENTED_EDGE('',*,*,#7581,.T.);
#7626 = B_SPLINE_SURFACE_WITH_KNOTS('',1,1,(
    (#7627,#7628)
    ,(#7629,#7630)),.UNSPECIFIED.,.F.,.F.,.F.,(2,2),(2,2),(-1.E-03,0.),(
    -3.959398145258E-03,0.),.PIECEWISE_BEZIER_KNOTS.);
#7627 = CARTESIAN_POINT('',(0.283641443849,-0.565145378331,0.6300001));
#7628 = CARTESIAN_POINT('',(0.283641443849,-0.561185980186,0.6300001));
#7629 = CARTESIAN_POINT('',(0.283641443849,-0.565145378331,0.6310001));
#7630 = CARTESIAN_POINT('',(0.283641443849,-0.561185980186,0.6310001));
#7631 = ADVANCED_FACE('',(#7632),#7658,.F.);
#7632 = FACE_BOUND('',#7633,.F.);
#7633 = EDGE_LOOP('',(#7634,#7635,#7644,#7651));
#7634 = ORIENTED_EDGE('',*,*,#7614,.F.);
#7635 = ORIENTED_EDGE('',*,*,#7636,.T.);
#7636 = EDGE_CURVE('',#7615,#7637,#7639,.T.);
#7637 = VERTEX_POINT('',#7638);
#7638 = CARTESIAN_POINT('',(0.278134885924,-0.560154540332,0.6310001));
#7639 = B_SPLINE_CURVE_WITH_KNOTS('',3,(#7640,#7641,#7642,#7643),
  .UNSPECIFIED.,.F.,.F.,(4,4),(8.,9.),.PIECEWISE_BEZIER_KNOTS.);
#7640 = CARTESIAN_POINT('',(0.283641443849,-0.561185980186,0.6310001));
#7641 = CARTESIAN_POINT('',(0.281944558929,-0.560487262866,0.6310001));
#7642 = CARTESIAN_POINT('',(0.280114584996,-0.560154540332,0.6310001));
#7643 = CARTESIAN_POINT('',(0.278134885924,-0.560154540332,0.6310001));
#7644 = ORIENTED_EDGE('',*,*,#7645,.T.);
#7645 = EDGE_CURVE('',#7637,#7646,#7648,.T.);
#7646 = VERTEX_POINT('',#7647);
#7647 = CARTESIAN_POINT('',(0.278134885924,-0.560154540332,0.6300001));
#7648 = B_SPLINE_CURVE_WITH_KNOTS('',1,(#7649,#7650),.UNSPECIFIED.,.F.,
  .F.,(2,2),(-0.,1.E-03),.PIECEWISE_BEZIER_KNOTS.);
#7649 = CARTESIAN_POINT('',(0.278134885924,-0.560154540332,0.6310001));
#7650 = CARTESIAN_POINT('',(0.278134885924,-0.560154540332,0.6300001));
#7651 = ORIENTED_EDGE('',*,*,#7652,.F.);
#7652 = EDGE_CURVE('',#7608,#7646,#7653,.T.);
#7653 = B_SPLINE_CURVE_WITH_KNOTS('',3,(#7654,#7655,#7656,#7657),
  .UNSPECIFIED.,.F.,.F.,(4,4),(8.,9.),.PIECEWISE_BEZIER_KNOTS.);
#7654 = CARTESIAN_POINT('',(0.283641443849,-0.561185980186,0.6300001));
#7655 = CARTESIAN_POINT('',(0.281944558929,-0.560487262866,0.6300001));
#7656 = CARTESIAN_POINT('',(0.280114584996,-0.560154540332,0.6300001));
#7657 = CARTESIAN_POINT('',(0.278134885924,-0.560154540332,0.6300001));
#7658 = B_SPLINE_SURFACE_WITH_KNOTS('',3,1,(
    (#7659,#7660)
    ,(#7661,#7662)
    ,(#7663,#7664)
    ,(#7665,#7666
    )),.UNSPECIFIED.,.F.,.F.,.F.,(4,4),(2,2),(8.,9.),(0.,1.),
  .PIECEWISE_BEZIER_KNOTS.);
#7659 = CARTESIAN_POINT('',(0.283641443849,-0.561185980186,0.6310001));
#7660 = CARTESIAN_POINT('',(0.283641443849,-0.561185980186,0.6300001));
#7661 = CARTESIAN_POINT('',(0.281944558929,-0.560487262866,0.6310001));
#7662 = CARTESIAN_POINT('',(0.281944558929,-0.560487262866,0.6300001));
#7663 = CARTESIAN_POINT('',(0.280114584996,-0.560154540332,0.6310001));
#7664 = CARTESIAN_POINT('',(0.280114584996,-0.560154540332,0.6300001));
#7665 = CARTESIAN_POINT('',(0.278134885924,-0.560154540332,0.6310001));
#7666 = CARTESIAN_POINT('',(0.278134885924,-0.560154540332,0.6300001));
#7667 = ADVANCED_FACE('',(#7668),#7694,.F.);
#7668 = FACE_BOUND('',#7669,.F.);
#7669 = EDGE_LOOP('',(#7670,#7671,#7680,#7687));
#7670 = ORIENTED_EDGE('',*,*,#7645,.F.);
#7671 = ORIENTED_EDGE('',*,*,#7672,.T.);
#7672 = EDGE_CURVE('',#7637,#7673,#7675,.T.);
#7673 = VERTEX_POINT('',#7674);
#7674 = CARTESIAN_POINT('',(0.271696704906,-0.562001150392,0.6310001));
#7675 = B_SPLINE_CURVE_WITH_KNOTS('',3,(#7676,#7677,#7678,#7679),
  .UNSPECIFIED.,.F.,.F.,(4,4),(7.,8.),.PIECEWISE_BEZIER_KNOTS.);
#7676 = CARTESIAN_POINT('',(0.278134885924,-0.560154540332,0.6310001));
#7677 = CARTESIAN_POINT('',(0.275589558545,-0.560154540332,0.6310001));
#7678 = CARTESIAN_POINT('',(0.273443498205,-0.560770077019,0.6310001));
#7679 = CARTESIAN_POINT('',(0.271696704906,-0.562001150392,0.6310001));
#7680 = ORIENTED_EDGE('',*,*,#7681,.T.);
#7681 = EDGE_CURVE('',#7673,#7682,#7684,.T.);
#7682 = VERTEX_POINT('',#7683);
#7683 = CARTESIAN_POINT('',(0.271696704906,-0.562001150392,0.6300001));
#7684 = B_SPLINE_CURVE_WITH_KNOTS('',1,(#7685,#7686),.UNSPECIFIED.,.F.,
  .F.,(2,2),(-0.,1.E-03),.PIECEWISE_BEZIER_KNOTS.);
#7685 = CARTESIAN_POINT('',(0.271696704906,-0.562001150392,0.6310001));
#7686 = CARTESIAN_POINT('',(0.271696704906,-0.562001150392,0.6300001));
#7687 = ORIENTED_EDGE('',*,*,#7688,.F.);
#7688 = EDGE_CURVE('',#7646,#7682,#7689,.T.);
#7689 = B_SPLINE_CURVE_WITH_KNOTS('',3,(#7690,#7691,#7692,#7693),
  .UNSPECIFIED.,.F.,.F.,(4,4),(7.,8.),.PIECEWISE_BEZIER_KNOTS.);
#7690 = CARTESIAN_POINT('',(0.278134885924,-0.560154540332,0.6300001));
#7691 = CARTESIAN_POINT('',(0.275589558545,-0.560154540332,0.6300001));
#7692 = CARTESIAN_POINT('',(0.273443498205,-0.560770077019,0.6300001));
#7693 = CARTESIAN_POINT('',(0.271696704906,-0.562001150392,0.6300001));
#7694 = B_SPLINE_SURFACE_WITH_KNOTS('',3,1,(
    (#7695,#7696)
    ,(#7697,#7698)
    ,(#7699,#7700)
    ,(#7701,#7702
    )),.UNSPECIFIED.,.F.,.F.,.F.,(4,4),(2,2),(7.,8.),(0.,1.),
  .PIECEWISE_BEZIER_KNOTS.);
#7695 = CARTESIAN_POINT('',(0.278134885924,-0.560154540332,0.6310001));
#7696 = CARTESIAN_POINT('',(0.278134885924,-0.560154540332,0.6300001));
#7697 = CARTESIAN_POINT('',(0.275589558545,-0.560154540332,0.6310001));
#7698 = CARTESIAN_POINT('',(0.275589558545,-0.560154540332,0.6300001));
#7699 = CARTESIAN_POINT('',(0.273443498205,-0.560770077019,0.6310001));
#7700 = CARTESIAN_POINT('',(0.273443498205,-0.560770077019,0.6300001));
#7701 = CARTESIAN_POINT('',(0.271696704906,-0.562001150392,0.6310001));
#7702 = CARTESIAN_POINT('',(0.271696704906,-0.562001150392,0.6300001));
#7703 = ADVANCED_FACE('',(#7704),#7730,.F.);
#7704 = FACE_BOUND('',#7705,.F.);
#7705 = EDGE_LOOP('',(#7706,#7707,#7716,#7723));
#7706 = ORIENTED_EDGE('',*,*,#7681,.F.);
#7707 = ORIENTED_EDGE('',*,*,#7708,.T.);
#7708 = EDGE_CURVE('',#7673,#7709,#7711,.T.);
#7709 = VERTEX_POINT('',#7710);
#7710 = CARTESIAN_POINT('',(0.26908483302,-0.566958716137,0.6310001));
#7711 = B_SPLINE_CURVE_WITH_KNOTS('',3,(#7712,#7713,#7714,#7715),
  .UNSPECIFIED.,.F.,.F.,(4,4),(6.,7.),.PIECEWISE_BEZIER_KNOTS.);
#7712 = CARTESIAN_POINT('',(0.271696704906,-0.562001150392,0.6310001));
#7713 = CARTESIAN_POINT('',(0.26995822967,-0.563248859891,0.6310001));
#7714 = CARTESIAN_POINT('',(0.26908483302,-0.564895836431,0.6310001));
#7715 = CARTESIAN_POINT('',(0.26908483302,-0.566958716137,0.6310001));
#7716 = ORIENTED_EDGE('',*,*,#7717,.T.);
#7717 = EDGE_CURVE('',#7709,#7718,#7720,.T.);
#7718 = VERTEX_POINT('',#7719);
#7719 = CARTESIAN_POINT('',(0.26908483302,-0.566958716137,0.6300001));
#7720 = B_SPLINE_CURVE_WITH_KNOTS('',1,(#7721,#7722),.UNSPECIFIED.,.F.,
  .F.,(2,2),(-0.,1.E-03),.PIECEWISE_BEZIER_KNOTS.);
#7721 = CARTESIAN_POINT('',(0.26908483302,-0.566958716137,0.6310001));
#7722 = CARTESIAN_POINT('',(0.26908483302,-0.566958716137,0.6300001));
#7723 = ORIENTED_EDGE('',*,*,#7724,.F.);
#7724 = EDGE_CURVE('',#7682,#7718,#7725,.T.);
#7725 = B_SPLINE_CURVE_WITH_KNOTS('',3,(#7726,#7727,#7728,#7729),
  .UNSPECIFIED.,.F.,.F.,(4,4),(6.,7.),.PIECEWISE_BEZIER_KNOTS.);
#7726 = CARTESIAN_POINT('',(0.271696704906,-0.562001150392,0.6300001));
#7727 = CARTESIAN_POINT('',(0.26995822967,-0.563248859891,0.6300001));
#7728 = CARTESIAN_POINT('',(0.26908483302,-0.564895836431,0.6300001));
#7729 = CARTESIAN_POINT('',(0.26908483302,-0.566958716137,0.6300001));
#7730 = B_SPLINE_SURFACE_WITH_KNOTS('',3,1,(
    (#7731,#7732)
    ,(#7733,#7734)
    ,(#7735,#7736)
    ,(#7737,#7738
    )),.UNSPECIFIED.,.F.,.F.,.F.,(4,4),(2,2),(6.,7.),(0.,1.),
  .PIECEWISE_BEZIER_KNOTS.);
#7731 = CARTESIAN_POINT('',(0.271696704906,-0.562001150392,0.6310001));
#7732 = CARTESIAN_POINT('',(0.271696704906,-0.562001150392,0.6300001));
#7733 = CARTESIAN_POINT('',(0.26995822967,-0.563248859891,0.6310001));
#7734 = CARTESIAN_POINT('',(0.26995822967,-0.563248859891,0.6300001));
#7735 = CARTESIAN_POINT('',(0.26908483302,-0.564895836431,0.6310001));
#7736 = CARTESIAN_POINT('',(0.26908483302,-0.564895836431,0.6300001));
#7737 = CARTESIAN_POINT('',(0.26908483302,-0.566958716137,0.6310001));
#7738 = CARTESIAN_POINT('',(0.26908483302,-0.566958716137,0.6300001));
#7739 = ADVANCED_FACE('',(#7740),#7766,.F.);
#7740 = FACE_BOUND('',#7741,.F.);
#7741 = EDGE_LOOP('',(#7742,#7743,#7752,#7759));
#7742 = ORIENTED_EDGE('',*,*,#7717,.F.);
#7743 = ORIENTED_EDGE('',*,*,#7744,.T.);
#7744 = EDGE_CURVE('',#7709,#7745,#7747,.T.);
#7745 = VERTEX_POINT('',#7746);
#7746 = CARTESIAN_POINT('',(0.270241043823,-0.570635300129,0.6310001));
#7747 = B_SPLINE_CURVE_WITH_KNOTS('',3,(#7748,#7749,#7750,#7751),
  .UNSPECIFIED.,.F.,.F.,(4,4),(5.,6.),.PIECEWISE_BEZIER_KNOTS.);
#7748 = CARTESIAN_POINT('',(0.26908483302,-0.566958716137,0.6310001));
#7749 = CARTESIAN_POINT('',(0.26908483302,-0.56838942303,0.6310001));
#7750 = CARTESIAN_POINT('',(0.269467463933,-0.569620496403,0.6310001));
#7751 = CARTESIAN_POINT('',(0.270241043823,-0.570635300129,0.6310001));
#7752 = ORIENTED_EDGE('',*,*,#7753,.T.);
#7753 = EDGE_CURVE('',#7745,#7754,#7756,.T.);
#7754 = VERTEX_POINT('',#7755);
#7755 = CARTESIAN_POINT('',(0.270241043823,-0.570635300129,0.6300001));
#7756 = B_SPLINE_CURVE_WITH_KNOTS('',1,(#7757,#7758),.UNSPECIFIED.,.F.,
  .F.,(2,2),(-0.,1.E-03),.PIECEWISE_BEZIER_KNOTS.);
#7757 = CARTESIAN_POINT('',(0.270241043823,-0.570635300129,0.6310001));
#7758 = CARTESIAN_POINT('',(0.270241043823,-0.570635300129,0.6300001));
#7759 = ORIENTED_EDGE('',*,*,#7760,.F.);
#7760 = EDGE_CURVE('',#7718,#7754,#7761,.T.);
#7761 = B_SPLINE_CURVE_WITH_KNOTS('',3,(#7762,#7763,#7764,#7765),
  .UNSPECIFIED.,.F.,.F.,(4,4),(5.,6.),.PIECEWISE_BEZIER_KNOTS.);
#7762 = CARTESIAN_POINT('',(0.26908483302,-0.566958716137,0.6300001));
#7763 = CARTESIAN_POINT('',(0.26908483302,-0.56838942303,0.6300001));
#7764 = CARTESIAN_POINT('',(0.269467463933,-0.569620496403,0.6300001));
#7765 = CARTESIAN_POINT('',(0.270241043823,-0.570635300129,0.6300001));
#7766 = B_SPLINE_SURFACE_WITH_KNOTS('',3,1,(
    (#7767,#7768)
    ,(#7769,#7770)
    ,(#7771,#7772)
    ,(#7773,#7774
    )),.UNSPECIFIED.,.F.,.F.,.F.,(4,4),(2,2),(5.,6.),(0.,1.),
  .PIECEWISE_BEZIER_KNOTS.);
#7767 = CARTESIAN_POINT('',(0.26908483302,-0.566958716137,0.6310001));
#7768 = CARTESIAN_POINT('',(0.26908483302,-0.566958716137,0.6300001));
#7769 = CARTESIAN_POINT('',(0.26908483302,-0.56838942303,0.6310001));
#7770 = CARTESIAN_POINT('',(0.26908483302,-0.56838942303,0.6300001));
#7771 = CARTESIAN_POINT('',(0.269467463933,-0.569620496403,0.6310001));
#7772 = CARTESIAN_POINT('',(0.269467463933,-0.569620496403,0.6300001));
#7773 = CARTESIAN_POINT('',(0.270241043823,-0.570635300129,0.6310001));
#7774 = CARTESIAN_POINT('',(0.270241043823,-0.570635300129,0.6300001));
#7775 = ADVANCED_FACE('',(#7776),#7802,.F.);
#7776 = FACE_BOUND('',#7777,.F.);
#7777 = EDGE_LOOP('',(#7778,#7779,#7788,#7795));
#7778 = ORIENTED_EDGE('',*,*,#7753,.F.);
#7779 = ORIENTED_EDGE('',*,*,#7780,.T.);
#7780 = EDGE_CURVE('',#7745,#7781,#7783,.T.);
#7781 = VERTEX_POINT('',#7782);
#7782 = CARTESIAN_POINT('',(0.275256836011,-0.573712983561,0.6310001));
#7783 = B_SPLINE_CURVE_WITH_KNOTS('',3,(#7784,#7785,#7786,#7787),
  .UNSPECIFIED.,.F.,.F.,(4,4),(4.,5.),.PIECEWISE_BEZIER_KNOTS.);
#7784 = CARTESIAN_POINT('',(0.270241043823,-0.570635300129,0.6310001));
#7785 = CARTESIAN_POINT('',(0.271006305649,-0.571650103855,0.6310001));
#7786 = CARTESIAN_POINT('',(0.272686554442,-0.572681543708,0.6310001));
#7787 = CARTESIAN_POINT('',(0.275256836011,-0.573712983561,0.6310001));
#7788 = ORIENTED_EDGE('',*,*,#7789,.T.);
#7789 = EDGE_CURVE('',#7781,#7790,#7792,.T.);
#7790 = VERTEX_POINT('',#7791);
#7791 = CARTESIAN_POINT('',(0.275256836011,-0.573712983561,0.6300001));
#7792 = B_SPLINE_CURVE_WITH_KNOTS('',1,(#7793,#7794),.UNSPECIFIED.,.F.,
  .F.,(2,2),(-0.,1.E-03),.PIECEWISE_BEZIER_KNOTS.);
#7793 = CARTESIAN_POINT('',(0.275256836011,-0.573712983561,0.6310001));
#7794 = CARTESIAN_POINT('',(0.275256836011,-0.573712983561,0.6300001));
#7795 = ORIENTED_EDGE('',*,*,#7796,.F.);
#7796 = EDGE_CURVE('',#7754,#7790,#7797,.T.);
#7797 = B_SPLINE_CURVE_WITH_KNOTS('',3,(#7798,#7799,#7800,#7801),
  .UNSPECIFIED.,.F.,.F.,(4,4),(4.,5.),.PIECEWISE_BEZIER_KNOTS.);
#7798 = CARTESIAN_POINT('',(0.270241043823,-0.570635300129,0.6300001));
#7799 = CARTESIAN_POINT('',(0.271006305649,-0.571650103855,0.6300001));
#7800 = CARTESIAN_POINT('',(0.272686554442,-0.572681543708,0.6300001));
#7801 = CARTESIAN_POINT('',(0.275256836011,-0.573712983561,0.6300001));
#7802 = B_SPLINE_SURFACE_WITH_KNOTS('',3,1,(
    (#7803,#7804)
    ,(#7805,#7806)
    ,(#7807,#7808)
    ,(#7809,#7810
    )),.UNSPECIFIED.,.F.,.F.,.F.,(4,4),(2,2),(4.,5.),(0.,1.),
  .PIECEWISE_BEZIER_KNOTS.);
#7803 = CARTESIAN_POINT('',(0.270241043823,-0.570635300129,0.6310001));
#7804 = CARTESIAN_POINT('',(0.270241043823,-0.570635300129,0.6300001));
#7805 = CARTESIAN_POINT('',(0.271006305649,-0.571650103855,0.6310001));
#7806 = CARTESIAN_POINT('',(0.271006305649,-0.571650103855,0.6300001));
#7807 = CARTESIAN_POINT('',(0.272686554442,-0.572681543708,0.6310001));
#7808 = CARTESIAN_POINT('',(0.272686554442,-0.572681543708,0.6300001));
#7809 = CARTESIAN_POINT('',(0.275256836011,-0.573712983561,0.6310001));
#7810 = CARTESIAN_POINT('',(0.275256836011,-0.573712983561,0.6300001));
#7811 = ADVANCED_FACE('',(#7812),#7838,.F.);
#7812 = FACE_BOUND('',#7813,.F.);
#7813 = EDGE_LOOP('',(#7814,#7815,#7824,#7831));
#7814 = ORIENTED_EDGE('',*,*,#7789,.F.);
#7815 = ORIENTED_EDGE('',*,*,#7816,.T.);
#7816 = EDGE_CURVE('',#7781,#7817,#7819,.T.);
#7817 = VERTEX_POINT('',#7818);
#7818 = CARTESIAN_POINT('',(0.2795240025,-0.575792499394,0.6310001));
#7819 = B_SPLINE_CURVE_WITH_KNOTS('',3,(#7820,#7821,#7822,#7823),
  .UNSPECIFIED.,.F.,.F.,(4,4),(3.,4.),.PIECEWISE_BEZIER_KNOTS.);
#7820 = CARTESIAN_POINT('',(0.275256836011,-0.573712983561,0.6310001));
#7821 = CARTESIAN_POINT('',(0.277402896351,-0.574511517641,0.6310001));
#7822 = CARTESIAN_POINT('',(0.27882528518,-0.575210234961,0.6310001));
#7823 = CARTESIAN_POINT('',(0.2795240025,-0.575792499394,0.6310001));
#7824 = ORIENTED_EDGE('',*,*,#7825,.T.);
#7825 = EDGE_CURVE('',#7817,#7826,#7828,.T.);
#7826 = VERTEX_POINT('',#7827);
#7827 = CARTESIAN_POINT('',(0.2795240025,-0.575792499394,0.6300001));
#7828 = B_SPLINE_CURVE_WITH_KNOTS('',1,(#7829,#7830),.UNSPECIFIED.,.F.,
  .F.,(2,2),(-0.,1.E-03),.PIECEWISE_BEZIER_KNOTS.);
#7829 = CARTESIAN_POINT('',(0.2795240025,-0.575792499394,0.6310001));
#7830 = CARTESIAN_POINT('',(0.2795240025,-0.575792499394,0.6300001));
#7831 = ORIENTED_EDGE('',*,*,#7832,.F.);
#7832 = EDGE_CURVE('',#7790,#7826,#7833,.T.);
#7833 = B_SPLINE_CURVE_WITH_KNOTS('',3,(#7834,#7835,#7836,#7837),
  .UNSPECIFIED.,.F.,.F.,(4,4),(3.,4.),.PIECEWISE_BEZIER_KNOTS.);
#7834 = CARTESIAN_POINT('',(0.275256836011,-0.573712983561,0.6300001));
#7835 = CARTESIAN_POINT('',(0.277402896351,-0.574511517641,0.6300001));
#7836 = CARTESIAN_POINT('',(0.27882528518,-0.575210234961,0.6300001));
#7837 = CARTESIAN_POINT('',(0.2795240025,-0.575792499394,0.6300001));
#7838 = B_SPLINE_SURFACE_WITH_KNOTS('',3,1,(
    (#7839,#7840)
    ,(#7841,#7842)
    ,(#7843,#7844)
    ,(#7845,#7846
    )),.UNSPECIFIED.,.F.,.F.,.F.,(4,4),(2,2),(3.,4.),(0.,1.),
  .PIECEWISE_BEZIER_KNOTS.);
#7839 = CARTESIAN_POINT('',(0.275256836011,-0.573712983561,0.6310001));
#7840 = CARTESIAN_POINT('',(0.275256836011,-0.573712983561,0.6300001));
#7841 = CARTESIAN_POINT('',(0.277402896351,-0.574511517641,0.6310001));
#7842 = CARTESIAN_POINT('',(0.277402896351,-0.574511517641,0.6300001));
#7843 = CARTESIAN_POINT('',(0.27882528518,-0.575210234961,0.6310001));
#7844 = CARTESIAN_POINT('',(0.27882528518,-0.575210234961,0.6300001));
#7845 = CARTESIAN_POINT('',(0.2795240025,-0.575792499394,0.6310001));
#7846 = CARTESIAN_POINT('',(0.2795240025,-0.575792499394,0.6300001));
#7847 = ADVANCED_FACE('',(#7848),#7874,.F.);
#7848 = FACE_BOUND('',#7849,.F.);
#7849 = EDGE_LOOP('',(#7850,#7851,#7860,#7867));
#7850 = ORIENTED_EDGE('',*,*,#7825,.F.);
#7851 = ORIENTED_EDGE('',*,*,#7852,.T.);
#7852 = EDGE_CURVE('',#7817,#7853,#7855,.T.);
#7853 = VERTEX_POINT('',#7854);
#7854 = CARTESIAN_POINT('',(0.28057207848,-0.57800510424,0.6310001));
#7855 = B_SPLINE_CURVE_WITH_KNOTS('',3,(#7856,#7857,#7858,#7859),
  .UNSPECIFIED.,.F.,.F.,(4,4),(2.,3.),.PIECEWISE_BEZIER_KNOTS.);
#7856 = CARTESIAN_POINT('',(0.2795240025,-0.575792499394,0.6310001));
#7857 = CARTESIAN_POINT('',(0.28022271982,-0.576374763827,0.6310001));
#7858 = CARTESIAN_POINT('',(0.28057207848,-0.5771067534,0.6310001));
#7859 = CARTESIAN_POINT('',(0.28057207848,-0.57800510424,0.6310001));
#7860 = ORIENTED_EDGE('',*,*,#7861,.T.);
#7861 = EDGE_CURVE('',#7853,#7862,#7864,.T.);
#7862 = VERTEX_POINT('',#7863);
#7863 = CARTESIAN_POINT('',(0.28057207848,-0.57800510424,0.6300001));
#7864 = B_SPLINE_CURVE_WITH_KNOTS('',1,(#7865,#7866),.UNSPECIFIED.,.F.,
  .F.,(2,2),(-0.,1.E-03),.PIECEWISE_BEZIER_KNOTS.);
#7865 = CARTESIAN_POINT('',(0.28057207848,-0.57800510424,0.6310001));
#7866 = CARTESIAN_POINT('',(0.28057207848,-0.57800510424,0.6300001));
#7867 = ORIENTED_EDGE('',*,*,#7868,.F.);
#7868 = EDGE_CURVE('',#7826,#7862,#7869,.T.);
#7869 = B_SPLINE_CURVE_WITH_KNOTS('',3,(#7870,#7871,#7872,#7873),
  .UNSPECIFIED.,.F.,.F.,(4,4),(2.,3.),.PIECEWISE_BEZIER_KNOTS.);
#7870 = CARTESIAN_POINT('',(0.2795240025,-0.575792499394,0.6300001));
#7871 = CARTESIAN_POINT('',(0.28022271982,-0.576374763827,0.6300001));
#7872 = CARTESIAN_POINT('',(0.28057207848,-0.5771067534,0.6300001));
#7873 = CARTESIAN_POINT('',(0.28057207848,-0.57800510424,0.6300001));
#7874 = B_SPLINE_SURFACE_WITH_KNOTS('',3,1,(
    (#7875,#7876)
    ,(#7877,#7878)
    ,(#7879,#7880)
    ,(#7881,#7882
    )),.UNSPECIFIED.,.F.,.F.,.F.,(4,4),(2,2),(2.,3.),(0.,1.),
  .PIECEWISE_BEZIER_KNOTS.);
#7875 = CARTESIAN_POINT('',(0.2795240025,-0.575792499394,0.6310001));
#7876 = CARTESIAN_POINT('',(0.2795240025,-0.575792499394,0.6300001));
#7877 = CARTESIAN_POINT('',(0.28022271982,-0.576374763827,0.6310001));
#7878 = CARTESIAN_POINT('',(0.28022271982,-0.576374763827,0.6300001));
#7879 = CARTESIAN_POINT('',(0.28057207848,-0.5771067534,0.6310001));
#7880 = CARTESIAN_POINT('',(0.28057207848,-0.5771067534,0.6300001));
#7881 = CARTESIAN_POINT('',(0.28057207848,-0.57800510424,0.6310001));
#7882 = CARTESIAN_POINT('',(0.28057207848,-0.57800510424,0.6300001));
#7883 = ADVANCED_FACE('',(#7884),#7902,.F.);
#7884 = FACE_BOUND('',#7885,.F.);
#7885 = EDGE_LOOP('',(#7886,#7887,#7894,#7895));
#7886 = ORIENTED_EDGE('',*,*,#7861,.F.);
#7887 = ORIENTED_EDGE('',*,*,#7888,.T.);
#7888 = EDGE_CURVE('',#7853,#7176,#7889,.T.);
#7889 = B_SPLINE_CURVE_WITH_KNOTS('',3,(#7890,#7891,#7892,#7893),
  .UNSPECIFIED.,.F.,.F.,(4,4),(1.,2.),.PIECEWISE_BEZIER_KNOTS.);
#7890 = CARTESIAN_POINT('',(0.28057207848,-0.57800510424,0.6310001));
#7891 = CARTESIAN_POINT('',(0.28057207848,-0.580101256199,0.6310001));
#7892 = CARTESIAN_POINT('',(0.278966692257,-0.581149332179,0.6310001));
#7893 = CARTESIAN_POINT('',(0.275764237875,-0.581149332179,0.6310001));
#7894 = ORIENTED_EDGE('',*,*,#7175,.T.);
#7895 = ORIENTED_EDGE('',*,*,#7896,.F.);
#7896 = EDGE_CURVE('',#7862,#7178,#7897,.T.);
#7897 = B_SPLINE_CURVE_WITH_KNOTS('',3,(#7898,#7899,#7900,#7901),
  .UNSPECIFIED.,.F.,.F.,(4,4),(1.,2.),.PIECEWISE_BEZIER_KNOTS.);
#7898 = CARTESIAN_POINT('',(0.28057207848,-0.57800510424,0.6300001));
#7899 = CARTESIAN_POINT('',(0.28057207848,-0.580101256199,0.6300001));
#7900 = CARTESIAN_POINT('',(0.278966692257,-0.581149332179,0.6300001));
#7901 = CARTESIAN_POINT('',(0.275764237875,-0.581149332179,0.6300001));
#7902 = B_SPLINE_SURFACE_WITH_KNOTS('',3,1,(
    (#7903,#7904)
    ,(#7905,#7906)
    ,(#7907,#7908)
    ,(#7909,#7910
    )),.UNSPECIFIED.,.F.,.F.,.F.,(4,4),(2,2),(1.,2.),(0.,1.),
  .PIECEWISE_BEZIER_KNOTS.);
#7903 = CARTESIAN_POINT('',(0.28057207848,-0.57800510424,0.6310001));
#7904 = CARTESIAN_POINT('',(0.28057207848,-0.57800510424,0.6300001));
#7905 = CARTESIAN_POINT('',(0.28057207848,-0.580101256199,0.6310001));
#7906 = CARTESIAN_POINT('',(0.28057207848,-0.580101256199,0.6300001));
#7907 = CARTESIAN_POINT('',(0.278966692257,-0.581149332179,0.6310001));
#7908 = CARTESIAN_POINT('',(0.278966692257,-0.581149332179,0.6300001));
#7909 = CARTESIAN_POINT('',(0.275764237875,-0.581149332179,0.6310001));
#7910 = CARTESIAN_POINT('',(0.275764237875,-0.581149332179,0.6300001));
#7911 = ADVANCED_FACE('',(#7912),#7935,.F.);
#7912 = FACE_BOUND('',#7913,.T.);
#7913 = EDGE_LOOP('',(#7914,#7915,#7916,#7917,#7918,#7919,#7920,#7921,
    #7922,#7923,#7924,#7925,#7926,#7927,#7928,#7929,#7930,#7931,#7932,
    #7933,#7934));
#7914 = ORIENTED_EDGE('',*,*,#7184,.T.);
#7915 = ORIENTED_EDGE('',*,*,#7233,.T.);
#7916 = ORIENTED_EDGE('',*,*,#7248,.T.);
#7917 = ORIENTED_EDGE('',*,*,#7284,.T.);
#7918 = ORIENTED_EDGE('',*,*,#7320,.T.);
#7919 = ORIENTED_EDGE('',*,*,#7356,.T.);
#7920 = ORIENTED_EDGE('',*,*,#7392,.T.);
#7921 = ORIENTED_EDGE('',*,*,#7428,.T.);
#7922 = ORIENTED_EDGE('',*,*,#7464,.T.);
#7923 = ORIENTED_EDGE('',*,*,#7500,.T.);
#7924 = ORIENTED_EDGE('',*,*,#7536,.T.);
#7925 = ORIENTED_EDGE('',*,*,#7572,.T.);
#7926 = ORIENTED_EDGE('',*,*,#7621,.T.);
#7927 = ORIENTED_EDGE('',*,*,#7636,.T.);
#7928 = ORIENTED_EDGE('',*,*,#7672,.T.);
#7929 = ORIENTED_EDGE('',*,*,#7708,.T.);
#7930 = ORIENTED_EDGE('',*,*,#7744,.T.);
#7931 = ORIENTED_EDGE('',*,*,#7780,.T.);
#7932 = ORIENTED_EDGE('',*,*,#7816,.T.);
#7933 = ORIENTED_EDGE('',*,*,#7852,.T.);
#7934 = ORIENTED_EDGE('',*,*,#7888,.T.);
#7935 = B_SPLINE_SURFACE_WITH_KNOTS('',1,1,(
    (#7936,#7937)
    ,(#7938,#7939
    )),.UNSPECIFIED.,.F.,.F.,.F.,(2,2),(2,2),(-1.246253838497E-02,
    3.23364711972E-03),(-3.888694607003E-03,2.043332257149E-02),
  .PIECEWISE_BEZIER_KNOTS.);
#7936 = CARTESIAN_POINT('',(0.284756064335,-0.584476557511,0.6310001));
#7937 = CARTESIAN_POINT('',(0.284756064335,-0.560154540332,0.6310001));
#7938 = CARTESIAN_POINT('',(0.26905987883,-0.584476557511,0.6310001));
#7939 = CARTESIAN_POINT('',(0.26905987883,-0.560154540332,0.6310001));
#7940 = ADVANCED_FACE('',(#7941),#7964,.T.);
#7941 = FACE_BOUND('',#7942,.T.);
#7942 = EDGE_LOOP('',(#7943,#7944,#7945,#7946,#7947,#7948,#7949,#7950,
    #7951,#7952,#7953,#7954,#7955,#7956,#7957,#7958,#7959,#7960,#7961,
    #7962,#7963));
#7943 = ORIENTED_EDGE('',*,*,#7200,.F.);
#7944 = ORIENTED_EDGE('',*,*,#7896,.F.);
#7945 = ORIENTED_EDGE('',*,*,#7868,.F.);
#7946 = ORIENTED_EDGE('',*,*,#7832,.F.);
#7947 = ORIENTED_EDGE('',*,*,#7796,.F.);
#7948 = ORIENTED_EDGE('',*,*,#7760,.F.);
#7949 = ORIENTED_EDGE('',*,*,#7724,.F.);
#7950 = ORIENTED_EDGE('',*,*,#7688,.F.);
#7951 = ORIENTED_EDGE('',*,*,#7652,.F.);
#7952 = ORIENTED_EDGE('',*,*,#7607,.F.);
#7953 = ORIENTED_EDGE('',*,*,#7588,.F.);
#7954 = ORIENTED_EDGE('',*,*,#7552,.F.);
#7955 = ORIENTED_EDGE('',*,*,#7516,.F.);
#7956 = ORIENTED_EDGE('',*,*,#7480,.F.);
#7957 = ORIENTED_EDGE('',*,*,#7444,.F.);
#7958 = ORIENTED_EDGE('',*,*,#7408,.F.);
#7959 = ORIENTED_EDGE('',*,*,#7372,.F.);
#7960 = ORIENTED_EDGE('',*,*,#7336,.F.);
#7961 = ORIENTED_EDGE('',*,*,#7300,.F.);
#7962 = ORIENTED_EDGE('',*,*,#7264,.F.);
#7963 = ORIENTED_EDGE('',*,*,#7219,.F.);
#7964 = B_SPLINE_SURFACE_WITH_KNOTS('',1,1,(
    (#7965,#7966)
    ,(#7967,#7968
    )),.UNSPECIFIED.,.F.,.F.,.F.,(2,2),(2,2),(-1.246253838497E-02,
    3.23364711972E-03),(-3.888694607003E-03,2.043332257149E-02),
  .PIECEWISE_BEZIER_KNOTS.);
#7965 = CARTESIAN_POINT('',(0.284756064335,-0.584476557511,0.6300001));
#7966 = CARTESIAN_POINT('',(0.284756064335,-0.560154540332,0.6300001));
#7967 = CARTESIAN_POINT('',(0.26905987883,-0.584476557511,0.6300001));
#7968 = CARTESIAN_POINT('',(0.26905987883,-0.560154540332,0.6300001));
#7969 = MANIFOLD_SOLID_BREP('',#7970);
#7970 = CLOSED_SHELL('',(#7971,#8007,#8035,#8071,#8099,#8127,#8155,#8183
    ,#8211,#8239,#8275,#8311,#8339,#8375,#8411,#8431,#8454));
#7971 = ADVANCED_FACE('',(#7972),#8002,.F.);
#7972 = FACE_BOUND('',#7973,.T.);
#7973 = EDGE_LOOP('',(#7974,#7983,#7990,#7997));
#7974 = ORIENTED_EDGE('',*,*,#7975,.T.);
#7975 = EDGE_CURVE('',#7976,#7978,#7980,.T.);
#7976 = VERTEX_POINT('',#7977);
#7977 = CARTESIAN_POINT('',(0.309186216337,-0.560686896386,0.6300001));
#7978 = VERTEX_POINT('',#7979);
#7979 = CARTESIAN_POINT('',(0.304960640165,-0.560686896386,0.6300001));
#7980 = B_SPLINE_CURVE_WITH_KNOTS('',1,(#7981,#7982),.UNSPECIFIED.,.F.,
  .F.,(2,2),(-4.225576171755E-03,-0.),.PIECEWISE_BEZIER_KNOTS.);
#7981 = CARTESIAN_POINT('',(0.309186216337,-0.560686896386,0.6300001));
#7982 = CARTESIAN_POINT('',(0.304960640165,-0.560686896386,0.6300001));
#7983 = ORIENTED_EDGE('',*,*,#7984,.F.);
#7984 = EDGE_CURVE('',#7985,#7978,#7987,.T.);
#7985 = VERTEX_POINT('',#7986);
#7986 = CARTESIAN_POINT('',(0.304960640165,-0.560686896386,0.6310001));
#7987 = B_SPLINE_CURVE_WITH_KNOTS('',1,(#7988,#7989),.UNSPECIFIED.,.F.,
  .F.,(2,2),(-0.,1.E-03),.PIECEWISE_BEZIER_KNOTS.);
#7988 = CARTESIAN_POINT('',(0.304960640165,-0.560686896386,0.6310001));
#7989 = CARTESIAN_POINT('',(0.304960640165,-0.560686896386,0.6300001));
#7990 = ORIENTED_EDGE('',*,*,#7991,.F.);
#7991 = EDGE_CURVE('',#7992,#7985,#7994,.T.);
#7992 = VERTEX_POINT('',#7993);
#7993 = CARTESIAN_POINT('',(0.309186216337,-0.560686896386,0.6310001));
#7994 = B_SPLINE_CURVE_WITH_KNOTS('',1,(#7995,#7996),.UNSPECIFIED.,.F.,
  .F.,(2,2),(-4.225576171755E-03,-0.),.PIECEWISE_BEZIER_KNOTS.);
#7995 = CARTESIAN_POINT('',(0.309186216337,-0.560686896386,0.6310001));
#7996 = CARTESIAN_POINT('',(0.304960640165,-0.560686896386,0.6310001));
#7997 = ORIENTED_EDGE('',*,*,#7998,.T.);
#7998 = EDGE_CURVE('',#7992,#7976,#7999,.T.);
#7999 = B_SPLINE_CURVE_WITH_KNOTS('',1,(#8000,#8001),.UNSPECIFIED.,.F.,
  .F.,(2,2),(-0.,1.E-03),.PIECEWISE_BEZIER_KNOTS.);
#8000 = CARTESIAN_POINT('',(0.309186216337,-0.560686896386,0.6310001));
#8001 = CARTESIAN_POINT('',(0.309186216337,-0.560686896386,0.6300001));
#8002 = B_SPLINE_SURFACE_WITH_KNOTS('',1,1,(
    (#8003,#8004)
    ,(#8005,#8006
    )),.UNSPECIFIED.,.F.,.F.,.F.,(2,2),(2,2),(0.,1.E-03),(0.,
    4.225576171755E-03),.PIECEWISE_BEZIER_KNOTS.);
#8003 = CARTESIAN_POINT('',(0.304960640165,-0.560686896386,0.6310001));
#8004 = CARTESIAN_POINT('',(0.309186216337,-0.560686896386,0.6310001));
#8005 = CARTESIAN_POINT('',(0.304960640165,-0.560686896386,0.6300001));
#8006 = CARTESIAN_POINT('',(0.309186216337,-0.560686896386,0.6300001));
#8007 = ADVANCED_FACE('',(#8008),#8030,.F.);
#8008 = FACE_BOUND('',#8009,.T.);
#8009 = EDGE_LOOP('',(#8010,#8017,#8024,#8029));
#8010 = ORIENTED_EDGE('',*,*,#8011,.T.);
#8011 = EDGE_CURVE('',#7978,#8012,#8014,.T.);
#8012 = VERTEX_POINT('',#8013);
#8013 = CARTESIAN_POINT('',(0.298613957844,-0.578188101633,0.6300001));
#8014 = B_SPLINE_CURVE_WITH_KNOTS('',1,(#8015,#8016),.UNSPECIFIED.,.F.,
  .F.,(2,2),(-1.861645942711E-02,-0.),.PIECEWISE_BEZIER_KNOTS.);
#8015 = CARTESIAN_POINT('',(0.304960640165,-0.560686896386,0.6300001));
#8016 = CARTESIAN_POINT('',(0.298613957844,-0.578188101633,0.6300001));
#8017 = ORIENTED_EDGE('',*,*,#8018,.F.);
#8018 = EDGE_CURVE('',#8019,#8012,#8021,.T.);
#8019 = VERTEX_POINT('',#8020);
#8020 = CARTESIAN_POINT('',(0.298613957844,-0.578188101633,0.6310001));
#8021 = B_SPLINE_CURVE_WITH_KNOTS('',1,(#8022,#8023),.UNSPECIFIED.,.F.,
  .F.,(2,2),(-0.,1.E-03),.PIECEWISE_BEZIER_KNOTS.);
#8022 = CARTESIAN_POINT('',(0.298613957844,-0.578188101633,0.6310001));
#8023 = CARTESIAN_POINT('',(0.298613957844,-0.578188101633,0.6300001));
#8024 = ORIENTED_EDGE('',*,*,#8025,.F.);
#8025 = EDGE_CURVE('',#7985,#8019,#8026,.T.);
#8026 = B_SPLINE_CURVE_WITH_KNOTS('',1,(#8027,#8028),.UNSPECIFIED.,.F.,
  .F.,(2,2),(-1.861645942711E-02,-0.),.PIECEWISE_BEZIER_KNOTS.);
#8027 = CARTESIAN_POINT('',(0.304960640165,-0.560686896386,0.6310001));
#8028 = CARTESIAN_POINT('',(0.298613957844,-0.578188101633,0.6310001));
#8029 = ORIENTED_EDGE('',*,*,#7984,.T.);
#8030 = B_SPLINE_SURFACE_WITH_KNOTS('',1,1,(
    (#8031,#8032)
    ,(#8033,#8034
    )),.UNSPECIFIED.,.F.,.F.,.F.,(2,2),(2,2),(0.,1.861645942711E-02),(
    -1.E-03,0.),.PIECEWISE_BEZIER_KNOTS.);
#8031 = CARTESIAN_POINT('',(0.298613957844,-0.578188101633,0.6300001));
#8032 = CARTESIAN_POINT('',(0.298613957844,-0.578188101633,0.6310001));
#8033 = CARTESIAN_POINT('',(0.304960640165,-0.560686896386,0.6300001));
#8034 = CARTESIAN_POINT('',(0.304960640165,-0.560686896386,0.6310001));
#8035 = ADVANCED_FACE('',(#8036),#8062,.F.);
#8036 = FACE_BOUND('',#8037,.F.);
#8037 = EDGE_LOOP('',(#8038,#8039,#8048,#8055));
#8038 = ORIENTED_EDGE('',*,*,#8018,.F.);
#8039 = ORIENTED_EDGE('',*,*,#8040,.T.);
#8040 = EDGE_CURVE('',#8019,#8041,#8043,.T.);
#8041 = VERTEX_POINT('',#8042);
#8042 = CARTESIAN_POINT('',(0.298114874044,-0.580067983946,0.6310001));
#8043 = B_SPLINE_CURVE_WITH_KNOTS('',3,(#8044,#8045,#8046,#8047),
  .UNSPECIFIED.,.F.,.F.,(4,4),(12.,13.),.PIECEWISE_BEZIER_KNOTS.);
#8044 = CARTESIAN_POINT('',(0.298613957844,-0.578188101633,0.6310001));
#8045 = CARTESIAN_POINT('',(0.298364415944,-0.579003271839,0.6310001));
#8046 = CARTESIAN_POINT('',(0.298198054677,-0.579635444653,0.6310001));
#8047 = CARTESIAN_POINT('',(0.298114874044,-0.580067983946,0.6310001));
#8048 = ORIENTED_EDGE('',*,*,#8049,.T.);
#8049 = EDGE_CURVE('',#8041,#8050,#8052,.T.);
#8050 = VERTEX_POINT('',#8051);
#8051 = CARTESIAN_POINT('',(0.298114874044,-0.580067983946,0.6300001));
#8052 = B_SPLINE_CURVE_WITH_KNOTS('',1,(#8053,#8054),.UNSPECIFIED.,.F.,
  .F.,(2,2),(-0.,1.E-03),.PIECEWISE_BEZIER_KNOTS.);
#8053 = CARTESIAN_POINT('',(0.298114874044,-0.580067983946,0.6310001));
#8054 = CARTESIAN_POINT('',(0.298114874044,-0.580067983946,0.6300001));
#8055 = ORIENTED_EDGE('',*,*,#8056,.F.);
#8056 = EDGE_CURVE('',#8012,#8050,#8057,.T.);
#8057 = B_SPLINE_CURVE_WITH_KNOTS('',3,(#8058,#8059,#8060,#8061),
  .UNSPECIFIED.,.F.,.F.,(4,4),(12.,13.),.PIECEWISE_BEZIER_KNOTS.);
#8058 = CARTESIAN_POINT('',(0.298613957844,-0.578188101633,0.6300001));
#8059 = CARTESIAN_POINT('',(0.298364415944,-0.579003271839,0.6300001));
#8060 = CARTESIAN_POINT('',(0.298198054677,-0.579635444653,0.6300001));
#8061 = CARTESIAN_POINT('',(0.298114874044,-0.580067983946,0.6300001));
#8062 = B_SPLINE_SURFACE_WITH_KNOTS('',3,1,(
    (#8063,#8064)
    ,(#8065,#8066)
    ,(#8067,#8068)
    ,(#8069,#8070
    )),.UNSPECIFIED.,.F.,.F.,.F.,(4,4),(2,2),(12.,13.),(0.,1.),
  .PIECEWISE_BEZIER_KNOTS.);
#8063 = CARTESIAN_POINT('',(0.298613957844,-0.578188101633,0.6310001));
#8064 = CARTESIAN_POINT('',(0.298613957844,-0.578188101633,0.6300001));
#8065 = CARTESIAN_POINT('',(0.298364415944,-0.579003271839,0.6310001));
#8066 = CARTESIAN_POINT('',(0.298364415944,-0.579003271839,0.6300001));
#8067 = CARTESIAN_POINT('',(0.298198054677,-0.579635444653,0.6310001));
#8068 = CARTESIAN_POINT('',(0.298198054677,-0.579635444653,0.6300001));
#8069 = CARTESIAN_POINT('',(0.298114874044,-0.580067983946,0.6310001));
#8070 = CARTESIAN_POINT('',(0.298114874044,-0.580067983946,0.6300001));
#8071 = ADVANCED_FACE('',(#8072),#8094,.F.);
#8072 = FACE_BOUND('',#8073,.T.);
#8073 = EDGE_LOOP('',(#8074,#8081,#8088,#8093));
#8074 = ORIENTED_EDGE('',*,*,#8075,.T.);
#8075 = EDGE_CURVE('',#8050,#8076,#8078,.T.);
#8076 = VERTEX_POINT('',#8077);
#8077 = CARTESIAN_POINT('',(0.29800673922,-0.580067983946,0.6300001));
#8078 = B_SPLINE_CURVE_WITH_KNOTS('',1,(#8079,#8080),.UNSPECIFIED.,.F.,
  .F.,(2,2),(-1.081348231735E-04,-0.),.PIECEWISE_BEZIER_KNOTS.);
#8079 = CARTESIAN_POINT('',(0.298114874044,-0.580067983946,0.6300001));
#8080 = CARTESIAN_POINT('',(0.29800673922,-0.580067983946,0.6300001));
#8081 = ORIENTED_EDGE('',*,*,#8082,.F.);
#8082 = EDGE_CURVE('',#8083,#8076,#8085,.T.);
#8083 = VERTEX_POINT('',#8084);
#8084 = CARTESIAN_POINT('',(0.29800673922,-0.580067983946,0.6310001));
#8085 = B_SPLINE_CURVE_WITH_KNOTS('',1,(#8086,#8087),.UNSPECIFIED.,.F.,
  .F.,(2,2),(-0.,1.E-03),.PIECEWISE_BEZIER_KNOTS.);
#8086 = CARTESIAN_POINT('',(0.29800673922,-0.580067983946,0.6310001));
#8087 = CARTESIAN_POINT('',(0.29800673922,-0.580067983946,0.6300001));
#8088 = ORIENTED_EDGE('',*,*,#8089,.F.);
#8089 = EDGE_CURVE('',#8041,#8083,#8090,.T.);
#8090 = B_SPLINE_CURVE_WITH_KNOTS('',1,(#8091,#8092),.UNSPECIFIED.,.F.,
  .F.,(2,2),(-1.081348231735E-04,-0.),.PIECEWISE_BEZIER_KNOTS.);
#8091 = CARTESIAN_POINT('',(0.298114874044,-0.580067983946,0.6310001));
#8092 = CARTESIAN_POINT('',(0.29800673922,-0.580067983946,0.6310001));
#8093 = ORIENTED_EDGE('',*,*,#8049,.T.);
#8094 = B_SPLINE_SURFACE_WITH_KNOTS('',1,1,(
    (#8095,#8096)
    ,(#8097,#8098
    )),.UNSPECIFIED.,.F.,.F.,.F.,(2,2),(2,2),(0.,1.E-03),(0.,
    1.081348231735E-04),.PIECEWISE_BEZIER_KNOTS.);
#8095 = CARTESIAN_POINT('',(0.29800673922,-0.580067983946,0.6310001));
#8096 = CARTESIAN_POINT('',(0.298114874044,-0.580067983946,0.6310001));
#8097 = CARTESIAN_POINT('',(0.29800673922,-0.580067983946,0.6300001));
#8098 = CARTESIAN_POINT('',(0.298114874044,-0.580067983946,0.6300001));
#8099 = ADVANCED_FACE('',(#8100),#8122,.F.);
#8100 = FACE_BOUND('',#8101,.T.);
#8101 = EDGE_LOOP('',(#8102,#8109,#8116,#8121));
#8102 = ORIENTED_EDGE('',*,*,#8103,.T.);
#8103 = EDGE_CURVE('',#8076,#8104,#8106,.T.);
#8104 = VERTEX_POINT('',#8105);
#8105 = CARTESIAN_POINT('',(0.297507655421,-0.57815482938,0.6300001));
#8106 = B_SPLINE_CURVE_WITH_KNOTS('',1,(#8107,#8108),.UNSPECIFIED.,.F.,
  .F.,(2,2),(-1.977181082499E-03,0.),.PIECEWISE_BEZIER_KNOTS.);
#8107 = CARTESIAN_POINT('',(0.29800673922,-0.580067983946,0.6300001));
#8108 = CARTESIAN_POINT('',(0.297507655421,-0.57815482938,0.6300001));
#8109 = ORIENTED_EDGE('',*,*,#8110,.F.);
#8110 = EDGE_CURVE('',#8111,#8104,#8113,.T.);
#8111 = VERTEX_POINT('',#8112);
#8112 = CARTESIAN_POINT('',(0.297507655421,-0.57815482938,0.6310001));
#8113 = B_SPLINE_CURVE_WITH_KNOTS('',1,(#8114,#8115),.UNSPECIFIED.,.F.,
  .F.,(2,2),(-0.,1.E-03),.PIECEWISE_BEZIER_KNOTS.);
#8114 = CARTESIAN_POINT('',(0.297507655421,-0.57815482938,0.6310001));
#8115 = CARTESIAN_POINT('',(0.297507655421,-0.57815482938,0.6300001));
#8116 = ORIENTED_EDGE('',*,*,#8117,.F.);
#8117 = EDGE_CURVE('',#8083,#8111,#8118,.T.);
#8118 = B_SPLINE_CURVE_WITH_KNOTS('',1,(#8119,#8120),.UNSPECIFIED.,.F.,
  .F.,(2,2),(-1.977181082499E-03,0.),.PIECEWISE_BEZIER_KNOTS.);
#8119 = CARTESIAN_POINT('',(0.29800673922,-0.580067983946,0.6310001));
#8120 = CARTESIAN_POINT('',(0.297507655421,-0.57815482938,0.6310001));
#8121 = ORIENTED_EDGE('',*,*,#8082,.T.);
#8122 = B_SPLINE_SURFACE_WITH_KNOTS('',1,1,(
    (#8123,#8124)
    ,(#8125,#8126
    )),.UNSPECIFIED.,.F.,.F.,.F.,(2,2),(2,2),(0.,1.977181082499E-03),(
    -1.E-03,0.),.PIECEWISE_BEZIER_KNOTS.);
#8123 = CARTESIAN_POINT('',(0.297507655421,-0.57815482938,0.6300001));
#8124 = CARTESIAN_POINT('',(0.297507655421,-0.57815482938,0.6310001));
#8125 = CARTESIAN_POINT('',(0.29800673922,-0.580067983946,0.6300001));
#8126 = CARTESIAN_POINT('',(0.29800673922,-0.580067983946,0.6310001));
#8127 = ADVANCED_FACE('',(#8128),#8150,.F.);
#8128 = FACE_BOUND('',#8129,.T.);
#8129 = EDGE_LOOP('',(#8130,#8137,#8144,#8149));
#8130 = ORIENTED_EDGE('',*,*,#8131,.T.);
#8131 = EDGE_CURVE('',#8104,#8132,#8134,.T.);
#8132 = VERTEX_POINT('',#8133);
#8133 = CARTESIAN_POINT('',(0.291435469189,-0.560686896386,0.6300001));
#8134 = B_SPLINE_CURVE_WITH_KNOTS('',1,(#8135,#8136),.UNSPECIFIED.,.F.,
  .F.,(2,2),(-1.849324548899E-02,0.),.PIECEWISE_BEZIER_KNOTS.);
#8135 = CARTESIAN_POINT('',(0.297507655421,-0.57815482938,0.6300001));
#8136 = CARTESIAN_POINT('',(0.291435469189,-0.560686896386,0.6300001));
#8137 = ORIENTED_EDGE('',*,*,#8138,.F.);
#8138 = EDGE_CURVE('',#8139,#8132,#8141,.T.);
#8139 = VERTEX_POINT('',#8140);
#8140 = CARTESIAN_POINT('',(0.291435469189,-0.560686896386,0.6310001));
#8141 = B_SPLINE_CURVE_WITH_KNOTS('',1,(#8142,#8143),.UNSPECIFIED.,.F.,
  .F.,(2,2),(-0.,1.E-03),.PIECEWISE_BEZIER_KNOTS.);
#8142 = CARTESIAN_POINT('',(0.291435469189,-0.560686896386,0.6310001));
#8143 = CARTESIAN_POINT('',(0.291435469189,-0.560686896386,0.6300001));
#8144 = ORIENTED_EDGE('',*,*,#8145,.F.);
#8145 = EDGE_CURVE('',#8111,#8139,#8146,.T.);
#8146 = B_SPLINE_CURVE_WITH_KNOTS('',1,(#8147,#8148),.UNSPECIFIED.,.F.,
  .F.,(2,2),(-1.849324548899E-02,0.),.PIECEWISE_BEZIER_KNOTS.);
#8147 = CARTESIAN_POINT('',(0.297507655421,-0.57815482938,0.6310001));
#8148 = CARTESIAN_POINT('',(0.291435469189,-0.560686896386,0.6310001));
#8149 = ORIENTED_EDGE('',*,*,#8110,.T.);
#8150 = B_SPLINE_SURFACE_WITH_KNOTS('',1,1,(
    (#8151,#8152)
    ,(#8153,#8154
    )),.UNSPECIFIED.,.F.,.F.,.F.,(2,2),(2,2),(0.,1.849324548899E-02),(
    -1.E-03,0.),.PIECEWISE_BEZIER_KNOTS.);
#8151 = CARTESIAN_POINT('',(0.291435469189,-0.560686896386,0.6300001));
#8152 = CARTESIAN_POINT('',(0.291435469189,-0.560686896386,0.6310001));
#8153 = CARTESIAN_POINT('',(0.297507655421,-0.57815482938,0.6300001));
#8154 = CARTESIAN_POINT('',(0.297507655421,-0.57815482938,0.6310001));
#8155 = ADVANCED_FACE('',(#8156),#8178,.F.);
#8156 = FACE_BOUND('',#8157,.T.);
#8157 = EDGE_LOOP('',(#8158,#8165,#8172,#8177));
#8158 = ORIENTED_EDGE('',*,*,#8159,.T.);
#8159 = EDGE_CURVE('',#8132,#8160,#8162,.T.);
#8160 = VERTEX_POINT('',#8161);
#8161 = CARTESIAN_POINT('',(0.286877170484,-0.560686896386,0.6300001));
#8162 = B_SPLINE_CURVE_WITH_KNOTS('',1,(#8163,#8164),.UNSPECIFIED.,.F.,
  .F.,(2,2),(-4.558298705152E-03,-0.),.PIECEWISE_BEZIER_KNOTS.);
#8163 = CARTESIAN_POINT('',(0.291435469189,-0.560686896386,0.6300001));
#8164 = CARTESIAN_POINT('',(0.286877170484,-0.560686896386,0.6300001));
#8165 = ORIENTED_EDGE('',*,*,#8166,.F.);
#8166 = EDGE_CURVE('',#8167,#8160,#8169,.T.);
#8167 = VERTEX_POINT('',#8168);
#8168 = CARTESIAN_POINT('',(0.286877170484,-0.560686896386,0.6310001));
#8169 = B_SPLINE_CURVE_WITH_KNOTS('',1,(#8170,#8171),.UNSPECIFIED.,.F.,
  .F.,(2,2),(-0.,1.E-03),.PIECEWISE_BEZIER_KNOTS.);
#8170 = CARTESIAN_POINT('',(0.286877170484,-0.560686896386,0.6310001));
#8171 = CARTESIAN_POINT('',(0.286877170484,-0.560686896386,0.6300001));
#8172 = ORIENTED_EDGE('',*,*,#8173,.F.);
#8173 = EDGE_CURVE('',#8139,#8167,#8174,.T.);
#8174 = B_SPLINE_CURVE_WITH_KNOTS('',1,(#8175,#8176),.UNSPECIFIED.,.F.,
  .F.,(2,2),(-4.558298705152E-03,-0.),.PIECEWISE_BEZIER_KNOTS.);
#8175 = CARTESIAN_POINT('',(0.291435469189,-0.560686896386,0.6310001));
#8176 = CARTESIAN_POINT('',(0.286877170484,-0.560686896386,0.6310001));
#8177 = ORIENTED_EDGE('',*,*,#8138,.T.);
#8178 = B_SPLINE_SURFACE_WITH_KNOTS('',1,1,(
    (#8179,#8180)
    ,(#8181,#8182
    )),.UNSPECIFIED.,.F.,.F.,.F.,(2,2),(2,2),(0.,1.E-03),(0.,
    4.558298705152E-03),.PIECEWISE_BEZIER_KNOTS.);
#8179 = CARTESIAN_POINT('',(0.286877170484,-0.560686896386,0.6310001));
#8180 = CARTESIAN_POINT('',(0.291435469189,-0.560686896386,0.6310001));
#8181 = CARTESIAN_POINT('',(0.286877170484,-0.560686896386,0.6300001));
#8182 = CARTESIAN_POINT('',(0.291435469189,-0.560686896386,0.6300001));
#8183 = ADVANCED_FACE('',(#8184),#8206,.F.);
#8184 = FACE_BOUND('',#8185,.T.);
#8185 = EDGE_LOOP('',(#8186,#8193,#8200,#8205));
#8186 = ORIENTED_EDGE('',*,*,#8187,.T.);
#8187 = EDGE_CURVE('',#8160,#8188,#8190,.T.);
#8188 = VERTEX_POINT('',#8189);
#8189 = CARTESIAN_POINT('',(0.295993767894,-0.583877656951,0.6300001));
#8190 = B_SPLINE_CURVE_WITH_KNOTS('',1,(#8191,#8192),.UNSPECIFIED.,.F.,
  .F.,(2,2),(-2.491834111549E-02,0.),.PIECEWISE_BEZIER_KNOTS.);
#8191 = CARTESIAN_POINT('',(0.286877170484,-0.560686896386,0.6300001));
#8192 = CARTESIAN_POINT('',(0.295993767894,-0.583877656951,0.6300001));
#8193 = ORIENTED_EDGE('',*,*,#8194,.F.);
#8194 = EDGE_CURVE('',#8195,#8188,#8197,.T.);
#8195 = VERTEX_POINT('',#8196);
#8196 = CARTESIAN_POINT('',(0.295993767894,-0.583877656951,0.6310001));
#8197 = B_SPLINE_CURVE_WITH_KNOTS('',1,(#8198,#8199),.UNSPECIFIED.,.F.,
  .F.,(2,2),(-0.,1.E-03),.PIECEWISE_BEZIER_KNOTS.);
#8198 = CARTESIAN_POINT('',(0.295993767894,-0.583877656951,0.6310001));
#8199 = CARTESIAN_POINT('',(0.295993767894,-0.583877656951,0.6300001));
#8200 = ORIENTED_EDGE('',*,*,#8201,.F.);
#8201 = EDGE_CURVE('',#8167,#8195,#8202,.T.);
#8202 = B_SPLINE_CURVE_WITH_KNOTS('',1,(#8203,#8204),.UNSPECIFIED.,.F.,
  .F.,(2,2),(-2.491834111549E-02,0.),.PIECEWISE_BEZIER_KNOTS.);
#8203 = CARTESIAN_POINT('',(0.286877170484,-0.560686896386,0.6310001));
#8204 = CARTESIAN_POINT('',(0.295993767894,-0.583877656951,0.6310001));
#8205 = ORIENTED_EDGE('',*,*,#8166,.T.);
#8206 = B_SPLINE_SURFACE_WITH_KNOTS('',1,1,(
    (#8207,#8208)
    ,(#8209,#8210
    )),.UNSPECIFIED.,.F.,.F.,.F.,(2,2),(2,2),(0.,2.491834111549E-02),(
    -1.E-03,0.),.PIECEWISE_BEZIER_KNOTS.);
#8207 = CARTESIAN_POINT('',(0.295993767894,-0.583877656951,0.6300001));
#8208 = CARTESIAN_POINT('',(0.295993767894,-0.583877656951,0.6310001));
#8209 = CARTESIAN_POINT('',(0.286877170484,-0.560686896386,0.6300001));
#8210 = CARTESIAN_POINT('',(0.286877170484,-0.560686896386,0.6310001));
#8211 = ADVANCED_FACE('',(#8212),#8234,.F.);
#8212 = FACE_BOUND('',#8213,.T.);
#8213 = EDGE_LOOP('',(#8214,#8221,#8228,#8233));
#8214 = ORIENTED_EDGE('',*,*,#8215,.T.);
#8215 = EDGE_CURVE('',#8188,#8216,#8218,.T.);
#8216 = VERTEX_POINT('',#8217);
#8217 = CARTESIAN_POINT('',(0.294205384278,-0.588103233123,0.6300001));
#8218 = B_SPLINE_CURVE_WITH_KNOTS('',1,(#8219,#8220),.UNSPECIFIED.,.F.,
  .F.,(2,2),(-4.58844308493E-03,-0.),.PIECEWISE_BEZIER_KNOTS.);
#8219 = CARTESIAN_POINT('',(0.295993767894,-0.583877656951,0.6300001));
#8220 = CARTESIAN_POINT('',(0.294205384278,-0.588103233123,0.6300001));
#8221 = ORIENTED_EDGE('',*,*,#8222,.F.);
#8222 = EDGE_CURVE('',#8223,#8216,#8225,.T.);
#8223 = VERTEX_POINT('',#8224);
#8224 = CARTESIAN_POINT('',(0.294205384278,-0.588103233123,0.6310001));
#8225 = B_SPLINE_CURVE_WITH_KNOTS('',1,(#8226,#8227),.UNSPECIFIED.,.F.,
  .F.,(2,2),(-0.,1.E-03),.PIECEWISE_BEZIER_KNOTS.);
#8226 = CARTESIAN_POINT('',(0.294205384278,-0.588103233123,0.6310001));
#8227 = CARTESIAN_POINT('',(0.294205384278,-0.588103233123,0.6300001));
#8228 = ORIENTED_EDGE('',*,*,#8229,.F.);
#8229 = EDGE_CURVE('',#8195,#8223,#8230,.T.);
#8230 = B_SPLINE_CURVE_WITH_KNOTS('',1,(#8231,#8232),.UNSPECIFIED.,.F.,
  .F.,(2,2),(-4.58844308493E-03,-0.),.PIECEWISE_BEZIER_KNOTS.);
#8231 = CARTESIAN_POINT('',(0.295993767894,-0.583877656951,0.6310001));
#8232 = CARTESIAN_POINT('',(0.294205384278,-0.588103233123,0.6310001));
#8233 = ORIENTED_EDGE('',*,*,#8194,.T.);
#8234 = B_SPLINE_SURFACE_WITH_KNOTS('',1,1,(
    (#8235,#8236)
    ,(#8237,#8238
    )),.UNSPECIFIED.,.F.,.F.,.F.,(2,2),(2,2),(0.,4.58844308493E-03),(
    -1.E-03,0.),.PIECEWISE_BEZIER_KNOTS.);
#8235 = CARTESIAN_POINT('',(0.294205384278,-0.588103233123,0.6300001));
#8236 = CARTESIAN_POINT('',(0.294205384278,-0.588103233123,0.6310001));
#8237 = CARTESIAN_POINT('',(0.295993767894,-0.583877656951,0.6300001));
#8238 = CARTESIAN_POINT('',(0.295993767894,-0.583877656951,0.6310001));
#8239 = ADVANCED_FACE('',(#8240),#8266,.F.);
#8240 = FACE_BOUND('',#8241,.F.);
#8241 = EDGE_LOOP('',(#8242,#8243,#8252,#8259));
#8242 = ORIENTED_EDGE('',*,*,#8222,.F.);
#8243 = ORIENTED_EDGE('',*,*,#8244,.T.);
#8244 = EDGE_CURVE('',#8223,#8245,#8247,.T.);
#8245 = VERTEX_POINT('',#8246);
#8246 = CARTESIAN_POINT('',(0.290029716486,-0.591380550075,0.6310001));
#8247 = B_SPLINE_CURVE_WITH_KNOTS('',3,(#8248,#8249,#8250,#8251),
  .UNSPECIFIED.,.F.,.F.,(4,4),(5.,6.),.PIECEWISE_BEZIER_KNOTS.);
#8248 = CARTESIAN_POINT('',(0.294205384278,-0.588103233123,0.6310001));
#8249 = CARTESIAN_POINT('',(0.293282079249,-0.590299201842,0.6310001));
#8250 = CARTESIAN_POINT('',(0.291892962672,-0.591380550075,0.6310001));
#8251 = CARTESIAN_POINT('',(0.290029716486,-0.591380550075,0.6310001));
#8252 = ORIENTED_EDGE('',*,*,#8253,.T.);
#8253 = EDGE_CURVE('',#8245,#8254,#8256,.T.);
#8254 = VERTEX_POINT('',#8255);
#8255 = CARTESIAN_POINT('',(0.290029716486,-0.591380550075,0.6300001));
#8256 = B_SPLINE_CURVE_WITH_KNOTS('',1,(#8257,#8258),.UNSPECIFIED.,.F.,
  .F.,(2,2),(-0.,1.E-03),.PIECEWISE_BEZIER_KNOTS.);
#8257 = CARTESIAN_POINT('',(0.290029716486,-0.591380550075,0.6310001));
#8258 = CARTESIAN_POINT('',(0.290029716486,-0.591380550075,0.6300001));
#8259 = ORIENTED_EDGE('',*,*,#8260,.F.);
#8260 = EDGE_CURVE('',#8216,#8254,#8261,.T.);
#8261 = B_SPLINE_CURVE_WITH_KNOTS('',3,(#8262,#8263,#8264,#8265),
  .UNSPECIFIED.,.F.,.F.,(4,4),(5.,6.),.PIECEWISE_BEZIER_KNOTS.);
#8262 = CARTESIAN_POINT('',(0.294205384278,-0.588103233123,0.6300001));
#8263 = CARTESIAN_POINT('',(0.293282079249,-0.590299201842,0.6300001));
#8264 = CARTESIAN_POINT('',(0.291892962672,-0.591380550075,0.6300001));
#8265 = CARTESIAN_POINT('',(0.290029716486,-0.591380550075,0.6300001));
#8266 = B_SPLINE_SURFACE_WITH_KNOTS('',3,1,(
    (#8267,#8268)
    ,(#8269,#8270)
    ,(#8271,#8272)
    ,(#8273,#8274
    )),.UNSPECIFIED.,.F.,.F.,.F.,(4,4),(2,2),(5.,6.),(0.,1.),
  .PIECEWISE_BEZIER_KNOTS.);
#8267 = CARTESIAN_POINT('',(0.294205384278,-0.588103233123,0.6310001));
#8268 = CARTESIAN_POINT('',(0.294205384278,-0.588103233123,0.6300001));
#8269 = CARTESIAN_POINT('',(0.293282079249,-0.590299201842,0.6310001));
#8270 = CARTESIAN_POINT('',(0.293282079249,-0.590299201842,0.6300001));
#8271 = CARTESIAN_POINT('',(0.291892962672,-0.591380550075,0.6310001));
#8272 = CARTESIAN_POINT('',(0.291892962672,-0.591380550075,0.6300001));
#8273 = CARTESIAN_POINT('',(0.290029716486,-0.591380550075,0.6310001));
#8274 = CARTESIAN_POINT('',(0.290029716486,-0.591380550075,0.6300001));
#8275 = ADVANCED_FACE('',(#8276),#8302,.F.);
#8276 = FACE_BOUND('',#8277,.F.);
#8277 = EDGE_LOOP('',(#8278,#8279,#8288,#8295));
#8278 = ORIENTED_EDGE('',*,*,#8253,.F.);
#8279 = ORIENTED_EDGE('',*,*,#8280,.T.);
#8280 = EDGE_CURVE('',#8245,#8281,#8283,.T.);
#8281 = VERTEX_POINT('',#8282);
#8282 = CARTESIAN_POINT('',(0.287717294881,-0.590914738529,0.6310001));
#8283 = B_SPLINE_CURVE_WITH_KNOTS('',3,(#8284,#8285,#8286,#8287),
  .UNSPECIFIED.,.F.,.F.,(4,4),(4.,5.),.PIECEWISE_BEZIER_KNOTS.);
#8284 = CARTESIAN_POINT('',(0.290029716486,-0.591380550075,0.6310001));
#8285 = CARTESIAN_POINT('',(0.289281090787,-0.591380550075,0.6310001));
#8286 = CARTESIAN_POINT('',(0.28851582896,-0.591230824935,0.6310001));
#8287 = CARTESIAN_POINT('',(0.287717294881,-0.590914738529,0.6310001));
#8288 = ORIENTED_EDGE('',*,*,#8289,.T.);
#8289 = EDGE_CURVE('',#8281,#8290,#8292,.T.);
#8290 = VERTEX_POINT('',#8291);
#8291 = CARTESIAN_POINT('',(0.287717294881,-0.590914738529,0.6300001));
#8292 = B_SPLINE_CURVE_WITH_KNOTS('',1,(#8293,#8294),.UNSPECIFIED.,.F.,
  .F.,(2,2),(-0.,1.E-03),.PIECEWISE_BEZIER_KNOTS.);
#8293 = CARTESIAN_POINT('',(0.287717294881,-0.590914738529,0.6310001));
#8294 = CARTESIAN_POINT('',(0.287717294881,-0.590914738529,0.6300001));
#8295 = ORIENTED_EDGE('',*,*,#8296,.F.);
#8296 = EDGE_CURVE('',#8254,#8290,#8297,.T.);
#8297 = B_SPLINE_CURVE_WITH_KNOTS('',3,(#8298,#8299,#8300,#8301),
  .UNSPECIFIED.,.F.,.F.,(4,4),(4.,5.),.PIECEWISE_BEZIER_KNOTS.);
#8298 = CARTESIAN_POINT('',(0.290029716486,-0.591380550075,0.6300001));
#8299 = CARTESIAN_POINT('',(0.289281090787,-0.591380550075,0.6300001));
#8300 = CARTESIAN_POINT('',(0.28851582896,-0.591230824935,0.6300001));
#8301 = CARTESIAN_POINT('',(0.287717294881,-0.590914738529,0.6300001));
#8302 = B_SPLINE_SURFACE_WITH_KNOTS('',3,1,(
    (#8303,#8304)
    ,(#8305,#8306)
    ,(#8307,#8308)
    ,(#8309,#8310
    )),.UNSPECIFIED.,.F.,.F.,.F.,(4,4),(2,2),(4.,5.),(0.,1.),
  .PIECEWISE_BEZIER_KNOTS.);
#8303 = CARTESIAN_POINT('',(0.290029716486,-0.591380550075,0.6310001));
#8304 = CARTESIAN_POINT('',(0.290029716486,-0.591380550075,0.6300001));
#8305 = CARTESIAN_POINT('',(0.289281090787,-0.591380550075,0.6310001));
#8306 = CARTESIAN_POINT('',(0.289281090787,-0.591380550075,0.6300001));
#8307 = CARTESIAN_POINT('',(0.28851582896,-0.591230824935,0.6310001));
#8308 = CARTESIAN_POINT('',(0.28851582896,-0.591230824935,0.6300001));
#8309 = CARTESIAN_POINT('',(0.287717294881,-0.590914738529,0.6310001));
#8310 = CARTESIAN_POINT('',(0.287717294881,-0.590914738529,0.6300001));
#8311 = ADVANCED_FACE('',(#8312),#8334,.F.);
#8312 = FACE_BOUND('',#8313,.T.);
#8313 = EDGE_LOOP('',(#8314,#8321,#8328,#8333));
#8314 = ORIENTED_EDGE('',*,*,#8315,.T.);
#8315 = EDGE_CURVE('',#8290,#8316,#8318,.T.);
#8316 = VERTEX_POINT('',#8317);
#8317 = CARTESIAN_POINT('',(0.287717294881,-0.594541414141,0.6300001));
#8318 = B_SPLINE_CURVE_WITH_KNOTS('',1,(#8319,#8320),.UNSPECIFIED.,.F.,
  .F.,(2,2),(-3.626675612195E-03,-1.110223024625E-16),
  .PIECEWISE_BEZIER_KNOTS.);
#8319 = CARTESIAN_POINT('',(0.287717294881,-0.590914738529,0.6300001));
#8320 = CARTESIAN_POINT('',(0.287717294881,-0.594541414141,0.6300001));
#8321 = ORIENTED_EDGE('',*,*,#8322,.F.);
#8322 = EDGE_CURVE('',#8323,#8316,#8325,.T.);
#8323 = VERTEX_POINT('',#8324);
#8324 = CARTESIAN_POINT('',(0.287717294881,-0.594541414141,0.6310001));
#8325 = B_SPLINE_CURVE_WITH_KNOTS('',1,(#8326,#8327),.UNSPECIFIED.,.F.,
  .F.,(2,2),(-0.,1.E-03),.PIECEWISE_BEZIER_KNOTS.);
#8326 = CARTESIAN_POINT('',(0.287717294881,-0.594541414141,0.6310001));
#8327 = CARTESIAN_POINT('',(0.287717294881,-0.594541414141,0.6300001));
#8328 = ORIENTED_EDGE('',*,*,#8329,.F.);
#8329 = EDGE_CURVE('',#8281,#8323,#8330,.T.);
#8330 = B_SPLINE_CURVE_WITH_KNOTS('',1,(#8331,#8332),.UNSPECIFIED.,.F.,
  .F.,(2,2),(-3.626675612195E-03,-1.110223024625E-16),
  .PIECEWISE_BEZIER_KNOTS.);
#8331 = CARTESIAN_POINT('',(0.287717294881,-0.590914738529,0.6310001));
#8332 = CARTESIAN_POINT('',(0.287717294881,-0.594541414141,0.6310001));
#8333 = ORIENTED_EDGE('',*,*,#8289,.T.);
#8334 = B_SPLINE_SURFACE_WITH_KNOTS('',1,1,(
    (#8335,#8336)
    ,(#8337,#8338
    )),.UNSPECIFIED.,.F.,.F.,.F.,(2,2),(2,2),(0.,1.E-03),(
    1.110223024625E-16,3.626675612195E-03),.PIECEWISE_BEZIER_KNOTS.);
#8335 = CARTESIAN_POINT('',(0.287717294881,-0.594541414141,0.6310001));
#8336 = CARTESIAN_POINT('',(0.287717294881,-0.590914738529,0.6310001));
#8337 = CARTESIAN_POINT('',(0.287717294881,-0.594541414141,0.6300001));
#8338 = CARTESIAN_POINT('',(0.287717294881,-0.590914738529,0.6300001));
#8339 = ADVANCED_FACE('',(#8340),#8366,.F.);
#8340 = FACE_BOUND('',#8341,.F.);
#8341 = EDGE_LOOP('',(#8342,#8343,#8352,#8359));
#8342 = ORIENTED_EDGE('',*,*,#8322,.F.);
#8343 = ORIENTED_EDGE('',*,*,#8344,.T.);
#8344 = EDGE_CURVE('',#8323,#8345,#8347,.T.);
#8345 = VERTEX_POINT('',#8346);
#8346 = CARTESIAN_POINT('',(0.290345802893,-0.594874136674,0.6310001));
#8347 = B_SPLINE_CURVE_WITH_KNOTS('',3,(#8348,#8349,#8350,#8351),
  .UNSPECIFIED.,.F.,.F.,(4,4),(2.,3.),.PIECEWISE_BEZIER_KNOTS.);
#8348 = CARTESIAN_POINT('',(0.287717294881,-0.594541414141,0.6310001));
#8349 = CARTESIAN_POINT('',(0.28844096639,-0.594757683788,0.6310001));
#8350 = CARTESIAN_POINT('',(0.289322681103,-0.594874136674,0.6310001));
#8351 = CARTESIAN_POINT('',(0.290345802893,-0.594874136674,0.6310001));
#8352 = ORIENTED_EDGE('',*,*,#8353,.T.);
#8353 = EDGE_CURVE('',#8345,#8354,#8356,.T.);
#8354 = VERTEX_POINT('',#8355);
#8355 = CARTESIAN_POINT('',(0.290345802893,-0.594874136674,0.6300001));
#8356 = B_SPLINE_CURVE_WITH_KNOTS('',1,(#8357,#8358),.UNSPECIFIED.,.F.,
  .F.,(2,2),(-0.,1.E-03),.PIECEWISE_BEZIER_KNOTS.);
#8357 = CARTESIAN_POINT('',(0.290345802893,-0.594874136674,0.6310001));
#8358 = CARTESIAN_POINT('',(0.290345802893,-0.594874136674,0.6300001));
#8359 = ORIENTED_EDGE('',*,*,#8360,.F.);
#8360 = EDGE_CURVE('',#8316,#8354,#8361,.T.);
#8361 = B_SPLINE_CURVE_WITH_KNOTS('',3,(#8362,#8363,#8364,#8365),
  .UNSPECIFIED.,.F.,.F.,(4,4),(2.,3.),.PIECEWISE_BEZIER_KNOTS.);
#8362 = CARTESIAN_POINT('',(0.287717294881,-0.594541414141,0.6300001));
#8363 = CARTESIAN_POINT('',(0.28844096639,-0.594757683788,0.6300001));
#8364 = CARTESIAN_POINT('',(0.289322681103,-0.594874136674,0.6300001));
#8365 = CARTESIAN_POINT('',(0.290345802893,-0.594874136674,0.6300001));
#8366 = B_SPLINE_SURFACE_WITH_KNOTS('',3,1,(
    (#8367,#8368)
    ,(#8369,#8370)
    ,(#8371,#8372)
    ,(#8373,#8374
    )),.UNSPECIFIED.,.F.,.F.,.F.,(4,4),(2,2),(2.,3.),(0.,1.),
  .PIECEWISE_BEZIER_KNOTS.);
#8367 = CARTESIAN_POINT('',(0.287717294881,-0.594541414141,0.6310001));
#8368 = CARTESIAN_POINT('',(0.287717294881,-0.594541414141,0.6300001));
#8369 = CARTESIAN_POINT('',(0.28844096639,-0.594757683788,0.6310001));
#8370 = CARTESIAN_POINT('',(0.28844096639,-0.594757683788,0.6300001));
#8371 = CARTESIAN_POINT('',(0.289322681103,-0.594874136674,0.6310001));
#8372 = CARTESIAN_POINT('',(0.289322681103,-0.594874136674,0.6300001));
#8373 = CARTESIAN_POINT('',(0.290345802893,-0.594874136674,0.6310001));
#8374 = CARTESIAN_POINT('',(0.290345802893,-0.594874136674,0.6300001));
#8375 = ADVANCED_FACE('',(#8376),#8402,.F.);
#8376 = FACE_BOUND('',#8377,.F.);
#8377 = EDGE_LOOP('',(#8378,#8379,#8388,#8395));
#8378 = ORIENTED_EDGE('',*,*,#8353,.F.);
#8379 = ORIENTED_EDGE('',*,*,#8380,.T.);
#8380 = EDGE_CURVE('',#8345,#8381,#8383,.T.);
#8381 = VERTEX_POINT('',#8382);
#8382 = CARTESIAN_POINT('',(0.298638912034,-0.587437788057,0.6310001));
#8383 = B_SPLINE_CURVE_WITH_KNOTS('',3,(#8384,#8385,#8386,#8387),
  .UNSPECIFIED.,.F.,.F.,(4,4),(1.,2.),.PIECEWISE_BEZIER_KNOTS.);
#8384 = CARTESIAN_POINT('',(0.290345802893,-0.594874136674,0.6310001));
#8385 = CARTESIAN_POINT('',(0.293914252062,-0.594874136674,0.6310001));
#8386 = CARTESIAN_POINT('',(0.296675849088,-0.592395353802,0.6310001));
#8387 = CARTESIAN_POINT('',(0.298638912034,-0.587437788057,0.6310001));
#8388 = ORIENTED_EDGE('',*,*,#8389,.T.);
#8389 = EDGE_CURVE('',#8381,#8390,#8392,.T.);
#8390 = VERTEX_POINT('',#8391);
#8391 = CARTESIAN_POINT('',(0.298638912034,-0.587437788057,0.6300001));
#8392 = B_SPLINE_CURVE_WITH_KNOTS('',1,(#8393,#8394),.UNSPECIFIED.,.F.,
  .F.,(2,2),(-0.,1.E-03),.PIECEWISE_BEZIER_KNOTS.);
#8393 = CARTESIAN_POINT('',(0.298638912034,-0.587437788057,0.6310001));
#8394 = CARTESIAN_POINT('',(0.298638912034,-0.587437788057,0.6300001));
#8395 = ORIENTED_EDGE('',*,*,#8396,.F.);
#8396 = EDGE_CURVE('',#8354,#8390,#8397,.T.);
#8397 = B_SPLINE_CURVE_WITH_KNOTS('',3,(#8398,#8399,#8400,#8401),
  .UNSPECIFIED.,.F.,.F.,(4,4),(1.,2.),.PIECEWISE_BEZIER_KNOTS.);
#8398 = CARTESIAN_POINT('',(0.290345802893,-0.594874136674,0.6300001));
#8399 = CARTESIAN_POINT('',(0.293914252062,-0.594874136674,0.6300001));
#8400 = CARTESIAN_POINT('',(0.296675849088,-0.592395353802,0.6300001));
#8401 = CARTESIAN_POINT('',(0.298638912034,-0.587437788057,0.6300001));
#8402 = B_SPLINE_SURFACE_WITH_KNOTS('',3,1,(
    (#8403,#8404)
    ,(#8405,#8406)
    ,(#8407,#8408)
    ,(#8409,#8410
    )),.UNSPECIFIED.,.F.,.F.,.F.,(4,4),(2,2),(1.,2.),(0.,1.),
  .PIECEWISE_BEZIER_KNOTS.);
#8403 = CARTESIAN_POINT('',(0.290345802893,-0.594874136674,0.6310001));
#8404 = CARTESIAN_POINT('',(0.290345802893,-0.594874136674,0.6300001));
#8405 = CARTESIAN_POINT('',(0.293914252062,-0.594874136674,0.6310001));
#8406 = CARTESIAN_POINT('',(0.293914252062,-0.594874136674,0.6300001));
#8407 = CARTESIAN_POINT('',(0.296675849088,-0.592395353802,0.6310001));
#8408 = CARTESIAN_POINT('',(0.296675849088,-0.592395353802,0.6300001));
#8409 = CARTESIAN_POINT('',(0.298638912034,-0.587437788057,0.6310001));
#8410 = CARTESIAN_POINT('',(0.298638912034,-0.587437788057,0.6300001));
#8411 = ADVANCED_FACE('',(#8412),#8426,.F.);
#8412 = FACE_BOUND('',#8413,.T.);
#8413 = EDGE_LOOP('',(#8414,#8419,#8420,#8425));
#8414 = ORIENTED_EDGE('',*,*,#8415,.T.);
#8415 = EDGE_CURVE('',#8390,#7976,#8416,.T.);
#8416 = B_SPLINE_CURVE_WITH_KNOTS('',1,(#8417,#8418),.UNSPECIFIED.,.F.,
  .F.,(2,2),(-2.875510099531E-02,0.),.PIECEWISE_BEZIER_KNOTS.);
#8417 = CARTESIAN_POINT('',(0.298638912034,-0.587437788057,0.6300001));
#8418 = CARTESIAN_POINT('',(0.309186216337,-0.560686896386,0.6300001));
#8419 = ORIENTED_EDGE('',*,*,#7998,.F.);
#8420 = ORIENTED_EDGE('',*,*,#8421,.F.);
#8421 = EDGE_CURVE('',#8381,#7992,#8422,.T.);
#8422 = B_SPLINE_CURVE_WITH_KNOTS('',1,(#8423,#8424),.UNSPECIFIED.,.F.,
  .F.,(2,2),(-2.875510099531E-02,0.),.PIECEWISE_BEZIER_KNOTS.);
#8423 = CARTESIAN_POINT('',(0.298638912034,-0.587437788057,0.6310001));
#8424 = CARTESIAN_POINT('',(0.309186216337,-0.560686896386,0.6310001));
#8425 = ORIENTED_EDGE('',*,*,#8389,.T.);
#8426 = B_SPLINE_SURFACE_WITH_KNOTS('',1,1,(
    (#8427,#8428)
    ,(#8429,#8430
    )),.UNSPECIFIED.,.F.,.F.,.F.,(2,2),(2,2),(-0.,2.875510099531E-02),(
    -1.E-03,0.),.PIECEWISE_BEZIER_KNOTS.);
#8427 = CARTESIAN_POINT('',(0.309186216337,-0.560686896386,0.6300001));
#8428 = CARTESIAN_POINT('',(0.309186216337,-0.560686896386,0.6310001));
#8429 = CARTESIAN_POINT('',(0.298638912034,-0.587437788057,0.6300001));
#8430 = CARTESIAN_POINT('',(0.298638912034,-0.587437788057,0.6310001));
#8431 = ADVANCED_FACE('',(#8432),#8449,.T.);
#8432 = FACE_BOUND('',#8433,.T.);
#8433 = EDGE_LOOP('',(#8434,#8435,#8436,#8437,#8438,#8439,#8440,#8441,
    #8442,#8443,#8444,#8445,#8446,#8447,#8448));
#8434 = ORIENTED_EDGE('',*,*,#7991,.T.);
#8435 = ORIENTED_EDGE('',*,*,#8025,.T.);
#8436 = ORIENTED_EDGE('',*,*,#8040,.T.);
#8437 = ORIENTED_EDGE('',*,*,#8089,.T.);
#8438 = ORIENTED_EDGE('',*,*,#8117,.T.);
#8439 = ORIENTED_EDGE('',*,*,#8145,.T.);
#8440 = ORIENTED_EDGE('',*,*,#8173,.T.);
#8441 = ORIENTED_EDGE('',*,*,#8201,.T.);
#8442 = ORIENTED_EDGE('',*,*,#8229,.T.);
#8443 = ORIENTED_EDGE('',*,*,#8244,.T.);
#8444 = ORIENTED_EDGE('',*,*,#8280,.T.);
#8445 = ORIENTED_EDGE('',*,*,#8329,.T.);
#8446 = ORIENTED_EDGE('',*,*,#8344,.T.);
#8447 = ORIENTED_EDGE('',*,*,#8380,.T.);
#8448 = ORIENTED_EDGE('',*,*,#8421,.T.);
#8449 = B_SPLINE_SURFACE_WITH_KNOTS('',1,1,(
    (#8450,#8451)
    ,(#8452,#8453
    )),.UNSPECIFIED.,.F.,.F.,.F.,(2,2),(2,2),(-8.21720681266E-03,
    1.409183903981E-02),(-1.859087154419E-03,3.232815313416E-02),
  .PIECEWISE_BEZIER_KNOTS.);
#8450 = CARTESIAN_POINT('',(0.286877170484,-0.594874136674,0.6310001));
#8451 = CARTESIAN_POINT('',(0.286877170484,-0.560686896386,0.6310001));
#8452 = CARTESIAN_POINT('',(0.309186216337,-0.594874136674,0.6310001));
#8453 = CARTESIAN_POINT('',(0.309186216337,-0.560686896386,0.6310001));
#8454 = ADVANCED_FACE('',(#8455),#8472,.F.);
#8455 = FACE_BOUND('',#8456,.T.);
#8456 = EDGE_LOOP('',(#8457,#8458,#8459,#8460,#8461,#8462,#8463,#8464,
    #8465,#8466,#8467,#8468,#8469,#8470,#8471));
#8457 = ORIENTED_EDGE('',*,*,#7975,.F.);
#8458 = ORIENTED_EDGE('',*,*,#8415,.F.);
#8459 = ORIENTED_EDGE('',*,*,#8396,.F.);
#8460 = ORIENTED_EDGE('',*,*,#8360,.F.);
#8461 = ORIENTED_EDGE('',*,*,#8315,.F.);
#8462 = ORIENTED_EDGE('',*,*,#8296,.F.);
#8463 = ORIENTED_EDGE('',*,*,#8260,.F.);
#8464 = ORIENTED_EDGE('',*,*,#8215,.F.);
#8465 = ORIENTED_EDGE('',*,*,#8187,.F.);
#8466 = ORIENTED_EDGE('',*,*,#8159,.F.);
#8467 = ORIENTED_EDGE('',*,*,#8131,.F.);
#8468 = ORIENTED_EDGE('',*,*,#8103,.F.);
#8469 = ORIENTED_EDGE('',*,*,#8075,.F.);
#8470 = ORIENTED_EDGE('',*,*,#8056,.F.);
#8471 = ORIENTED_EDGE('',*,*,#8011,.F.);
#8472 = B_SPLINE_SURFACE_WITH_KNOTS('',1,1,(
    (#8473,#8474)
    ,(#8475,#8476
    )),.UNSPECIFIED.,.F.,.F.,.F.,(2,2),(2,2),(-8.21720681266E-03,
    1.409183903981E-02),(-1.859087154419E-03,3.232815313416E-02),
  .PIECEWISE_BEZIER_KNOTS.);
#8473 = CARTESIAN_POINT('',(0.286877170484,-0.594874136674,0.6300001));
#8474 = CARTESIAN_POINT('',(0.286877170484,-0.560686896386,0.6300001));
#8475 = CARTESIAN_POINT('',(0.309186216337,-0.594874136674,0.6300001));
#8476 = CARTESIAN_POINT('',(0.309186216337,-0.560686896386,0.6300001));
#8477 = MANIFOLD_SOLID_BREP('',#8478);
#8478 = CLOSED_SHELL('',(#8479,#8515,#8543,#8571,#8599,#8627,#8655,#8683
    ,#8711,#8739,#8767,#8795,#8815,#8835));
#8479 = ADVANCED_FACE('',(#8480),#8510,.F.);
#8480 = FACE_BOUND('',#8481,.T.);
#8481 = EDGE_LOOP('',(#8482,#8491,#8498,#8505));
#8482 = ORIENTED_EDGE('',*,*,#8483,.T.);
#8483 = EDGE_CURVE('',#8484,#8486,#8488,.T.);
#8484 = VERTEX_POINT('',#8485);
#8485 = CARTESIAN_POINT('',(0.331079359023,-0.583927565331,0.6300001));
#8486 = VERTEX_POINT('',#8487);
#8487 = CARTESIAN_POINT('',(0.331079359023,-0.580217709086,0.6300001));
#8488 = B_SPLINE_CURVE_WITH_KNOTS('',1,(#8489,#8490),.UNSPECIFIED.,.F.,
  .F.,(2,2),(-3.709856245406E-03,0.),.PIECEWISE_BEZIER_KNOTS.);
#8489 = CARTESIAN_POINT('',(0.331079359023,-0.583927565331,0.6300001));
#8490 = CARTESIAN_POINT('',(0.331079359023,-0.580217709086,0.6300001));
#8491 = ORIENTED_EDGE('',*,*,#8492,.F.);
#8492 = EDGE_CURVE('',#8493,#8486,#8495,.T.);
#8493 = VERTEX_POINT('',#8494);
#8494 = CARTESIAN_POINT('',(0.331079359023,-0.580217709086,0.6310001));
#8495 = B_SPLINE_CURVE_WITH_KNOTS('',1,(#8496,#8497),.UNSPECIFIED.,.F.,
  .F.,(2,2),(-0.,1.E-03),.PIECEWISE_BEZIER_KNOTS.);
#8496 = CARTESIAN_POINT('',(0.331079359023,-0.580217709086,0.6310001));
#8497 = CARTESIAN_POINT('',(0.331079359023,-0.580217709086,0.6300001));
#8498 = ORIENTED_EDGE('',*,*,#8499,.F.);
#8499 = EDGE_CURVE('',#8500,#8493,#8502,.T.);
#8500 = VERTEX_POINT('',#8501);
#8501 = CARTESIAN_POINT('',(0.331079359023,-0.583927565331,0.6310001));
#8502 = B_SPLINE_CURVE_WITH_KNOTS('',1,(#8503,#8504),.UNSPECIFIED.,.F.,
  .F.,(2,2),(-3.709856245406E-03,0.),.PIECEWISE_BEZIER_KNOTS.);
#8503 = CARTESIAN_POINT('',(0.331079359023,-0.583927565331,0.6310001));
#8504 = CARTESIAN_POINT('',(0.331079359023,-0.580217709086,0.6310001));
#8505 = ORIENTED_EDGE('',*,*,#8506,.T.);
#8506 = EDGE_CURVE('',#8500,#8484,#8507,.T.);
#8507 = B_SPLINE_CURVE_WITH_KNOTS('',1,(#8508,#8509),.UNSPECIFIED.,.F.,
  .F.,(2,2),(-0.,1.E-03),.PIECEWISE_BEZIER_KNOTS.);
#8508 = CARTESIAN_POINT('',(0.331079359023,-0.583927565331,0.6310001));
#8509 = CARTESIAN_POINT('',(0.331079359023,-0.583927565331,0.6300001));
#8510 = B_SPLINE_SURFACE_WITH_KNOTS('',1,1,(
    (#8511,#8512)
    ,(#8513,#8514)),.UNSPECIFIED.,.F.,.F.,.F.,(2,2),(2,2),(-1.E-03,0.),(
    -3.709856245406E-03,0.),.PIECEWISE_BEZIER_KNOTS.);
#8511 = CARTESIAN_POINT('',(0.331079359023,-0.583927565331,0.6300001));
#8512 = CARTESIAN_POINT('',(0.331079359023,-0.580217709086,0.6300001));
#8513 = CARTESIAN_POINT('',(0.331079359023,-0.583927565331,0.6310001));
#8514 = CARTESIAN_POINT('',(0.331079359023,-0.580217709086,0.6310001));
#8515 = ADVANCED_FACE('',(#8516),#8538,.F.);
#8516 = FACE_BOUND('',#8517,.T.);
#8517 = EDGE_LOOP('',(#8518,#8525,#8532,#8537));
#8518 = ORIENTED_EDGE('',*,*,#8519,.T.);
#8519 = EDGE_CURVE('',#8486,#8520,#8522,.T.);
#8520 = VERTEX_POINT('',#8521);
#8521 = CARTESIAN_POINT('',(0.317778775757,-0.580217709086,0.6300001));
#8522 = B_SPLINE_CURVE_WITH_KNOTS('',1,(#8523,#8524),.UNSPECIFIED.,.F.,
  .F.,(2,2),(-1.330058326545E-02,-0.),.PIECEWISE_BEZIER_KNOTS.);
#8523 = CARTESIAN_POINT('',(0.331079359023,-0.580217709086,0.6300001));
#8524 = CARTESIAN_POINT('',(0.317778775757,-0.580217709086,0.6300001));
#8525 = ORIENTED_EDGE('',*,*,#8526,.F.);
#8526 = EDGE_CURVE('',#8527,#8520,#8529,.T.);
#8527 = VERTEX_POINT('',#8528);
#8528 = CARTESIAN_POINT('',(0.317778775757,-0.580217709086,0.6310001));
#8529 = B_SPLINE_CURVE_WITH_KNOTS('',1,(#8530,#8531),.UNSPECIFIED.,.F.,
  .F.,(2,2),(-0.,1.E-03),.PIECEWISE_BEZIER_KNOTS.);
#8530 = CARTESIAN_POINT('',(0.317778775757,-0.580217709086,0.6310001));
#8531 = CARTESIAN_POINT('',(0.317778775757,-0.580217709086,0.6300001));
#8532 = ORIENTED_EDGE('',*,*,#8533,.F.);
#8533 = EDGE_CURVE('',#8493,#8527,#8534,.T.);
#8534 = B_SPLINE_CURVE_WITH_KNOTS('',1,(#8535,#8536),.UNSPECIFIED.,.F.,
  .F.,(2,2),(-1.330058326545E-02,-0.),.PIECEWISE_BEZIER_KNOTS.);
#8535 = CARTESIAN_POINT('',(0.331079359023,-0.580217709086,0.6310001));
#8536 = CARTESIAN_POINT('',(0.317778775757,-0.580217709086,0.6310001));
#8537 = ORIENTED_EDGE('',*,*,#8492,.T.);
#8538 = B_SPLINE_SURFACE_WITH_KNOTS('',1,1,(
    (#8539,#8540)
    ,(#8541,#8542
    )),.UNSPECIFIED.,.F.,.F.,.F.,(2,2),(2,2),(0.,1.E-03),(0.,
    1.330058326545E-02),.PIECEWISE_BEZIER_KNOTS.);
#8539 = CARTESIAN_POINT('',(0.317778775757,-0.580217709086,0.6310001));
#8540 = CARTESIAN_POINT('',(0.331079359023,-0.580217709086,0.6310001));
#8541 = CARTESIAN_POINT('',(0.317778775757,-0.580217709086,0.6300001));
#8542 = CARTESIAN_POINT('',(0.331079359023,-0.580217709086,0.6300001));
#8543 = ADVANCED_FACE('',(#8544),#8566,.F.);
#8544 = FACE_BOUND('',#8545,.T.);
#8545 = EDGE_LOOP('',(#8546,#8553,#8560,#8565));
#8546 = ORIENTED_EDGE('',*,*,#8547,.T.);
#8547 = EDGE_CURVE('',#8520,#8548,#8550,.T.);
#8548 = VERTEX_POINT('',#8549);
#8549 = CARTESIAN_POINT('',(0.317778775757,-0.569271137743,0.6300001));
#8550 = B_SPLINE_CURVE_WITH_KNOTS('',1,(#8551,#8552),.UNSPECIFIED.,.F.,
  .F.,(2,2),(-1.094657134293E-02,0.),.PIECEWISE_BEZIER_KNOTS.);
#8551 = CARTESIAN_POINT('',(0.317778775757,-0.580217709086,0.6300001));
#8552 = CARTESIAN_POINT('',(0.317778775757,-0.569271137743,0.6300001));
#8553 = ORIENTED_EDGE('',*,*,#8554,.F.);
#8554 = EDGE_CURVE('',#8555,#8548,#8557,.T.);
#8555 = VERTEX_POINT('',#8556);
#8556 = CARTESIAN_POINT('',(0.317778775757,-0.569271137743,0.6310001));
#8557 = B_SPLINE_CURVE_WITH_KNOTS('',1,(#8558,#8559),.UNSPECIFIED.,.F.,
  .F.,(2,2),(-0.,1.E-03),.PIECEWISE_BEZIER_KNOTS.);
#8558 = CARTESIAN_POINT('',(0.317778775757,-0.569271137743,0.6310001));
#8559 = CARTESIAN_POINT('',(0.317778775757,-0.569271137743,0.6300001));
#8560 = ORIENTED_EDGE('',*,*,#8561,.F.);
#8561 = EDGE_CURVE('',#8527,#8555,#8562,.T.);
#8562 = B_SPLINE_CURVE_WITH_KNOTS('',1,(#8563,#8564),.UNSPECIFIED.,.F.,
  .F.,(2,2),(-1.094657134293E-02,0.),.PIECEWISE_BEZIER_KNOTS.);
#8563 = CARTESIAN_POINT('',(0.317778775757,-0.580217709086,0.6310001));
#8564 = CARTESIAN_POINT('',(0.317778775757,-0.569271137743,0.6310001));
#8565 = ORIENTED_EDGE('',*,*,#8526,.T.);
#8566 = B_SPLINE_SURFACE_WITH_KNOTS('',1,1,(
    (#8567,#8568)
    ,(#8569,#8570)),.UNSPECIFIED.,.F.,.F.,.F.,(2,2),(2,2),(-1.E-03,0.),(
    -1.094657134293E-02,0.),.PIECEWISE_BEZIER_KNOTS.);
#8567 = CARTESIAN_POINT('',(0.317778775757,-0.580217709086,0.6300001));
#8568 = CARTESIAN_POINT('',(0.317778775757,-0.569271137743,0.6300001));
#8569 = CARTESIAN_POINT('',(0.317778775757,-0.580217709086,0.6310001));
#8570 = CARTESIAN_POINT('',(0.317778775757,-0.569271137743,0.6310001));
#8571 = ADVANCED_FACE('',(#8572),#8594,.F.);
#8572 = FACE_BOUND('',#8573,.T.);
#8573 = EDGE_LOOP('',(#8574,#8581,#8588,#8593));
#8574 = ORIENTED_EDGE('',*,*,#8575,.T.);
#8575 = EDGE_CURVE('',#8548,#8576,#8578,.T.);
#8576 = VERTEX_POINT('',#8577);
#8577 = CARTESIAN_POINT('',(0.329415746356,-0.569271137743,0.6300001));
#8578 = B_SPLINE_CURVE_WITH_KNOTS('',1,(#8579,#8580),.UNSPECIFIED.,.F.,
  .F.,(2,2),(-1.163697059924E-02,0.),.PIECEWISE_BEZIER_KNOTS.);
#8579 = CARTESIAN_POINT('',(0.317778775757,-0.569271137743,0.6300001));
#8580 = CARTESIAN_POINT('',(0.329415746356,-0.569271137743,0.6300001));
#8581 = ORIENTED_EDGE('',*,*,#8582,.F.);
#8582 = EDGE_CURVE('',#8583,#8576,#8585,.T.);
#8583 = VERTEX_POINT('',#8584);
#8584 = CARTESIAN_POINT('',(0.329415746356,-0.569271137743,0.6310001));
#8585 = B_SPLINE_CURVE_WITH_KNOTS('',1,(#8586,#8587),.UNSPECIFIED.,.F.,
  .F.,(2,2),(-0.,1.E-03),.PIECEWISE_BEZIER_KNOTS.);
#8586 = CARTESIAN_POINT('',(0.329415746356,-0.569271137743,0.6310001));
#8587 = CARTESIAN_POINT('',(0.329415746356,-0.569271137743,0.6300001));
#8588 = ORIENTED_EDGE('',*,*,#8589,.F.);
#8589 = EDGE_CURVE('',#8555,#8583,#8590,.T.);
#8590 = B_SPLINE_CURVE_WITH_KNOTS('',1,(#8591,#8592),.UNSPECIFIED.,.F.,
  .F.,(2,2),(-1.163697059924E-02,0.),.PIECEWISE_BEZIER_KNOTS.);
#8591 = CARTESIAN_POINT('',(0.317778775757,-0.569271137743,0.6310001));
#8592 = CARTESIAN_POINT('',(0.329415746356,-0.569271137743,0.6310001));
#8593 = ORIENTED_EDGE('',*,*,#8554,.T.);
#8594 = B_SPLINE_SURFACE_WITH_KNOTS('',1,1,(
    (#8595,#8596)
    ,(#8597,#8598)),.UNSPECIFIED.,.F.,.F.,.F.,(2,2),(2,2),(-1.E-03,0.),(
    -1.163697059924E-02,0.),.PIECEWISE_BEZIER_KNOTS.);
#8595 = CARTESIAN_POINT('',(0.317778775757,-0.569271137743,0.6300001));
#8596 = CARTESIAN_POINT('',(0.329415746356,-0.569271137743,0.6300001));
#8597 = CARTESIAN_POINT('',(0.317778775757,-0.569271137743,0.6310001));
#8598 = CARTESIAN_POINT('',(0.329415746356,-0.569271137743,0.6310001));
#8599 = ADVANCED_FACE('',(#8600),#8622,.F.);
#8600 = FACE_BOUND('',#8601,.T.);
#8601 = EDGE_LOOP('',(#8602,#8609,#8616,#8621));
#8602 = ORIENTED_EDGE('',*,*,#8603,.T.);
#8603 = EDGE_CURVE('',#8576,#8604,#8606,.T.);
#8604 = VERTEX_POINT('',#8605);
#8605 = CARTESIAN_POINT('',(0.329415746356,-0.565544645371,0.6300001));
#8606 = B_SPLINE_CURVE_WITH_KNOTS('',1,(#8607,#8608),.UNSPECIFIED.,.F.,
  .F.,(2,2),(-3.726492372048E-03,0.),.PIECEWISE_BEZIER_KNOTS.);
#8607 = CARTESIAN_POINT('',(0.329415746356,-0.569271137743,0.6300001));
#8608 = CARTESIAN_POINT('',(0.329415746356,-0.565544645371,0.6300001));
#8609 = ORIENTED_EDGE('',*,*,#8610,.F.);
#8610 = EDGE_CURVE('',#8611,#8604,#8613,.T.);
#8611 = VERTEX_POINT('',#8612);
#8612 = CARTESIAN_POINT('',(0.329415746356,-0.565544645371,0.6310001));
#8613 = B_SPLINE_CURVE_WITH_KNOTS('',1,(#8614,#8615),.UNSPECIFIED.,.F.,
  .F.,(2,2),(-0.,1.E-03),.PIECEWISE_BEZIER_KNOTS.);
#8614 = CARTESIAN_POINT('',(0.329415746356,-0.565544645371,0.6310001));
#8615 = CARTESIAN_POINT('',(0.329415746356,-0.565544645371,0.6300001));
#8616 = ORIENTED_EDGE('',*,*,#8617,.F.);
#8617 = EDGE_CURVE('',#8583,#8611,#8618,.T.);
#8618 = B_SPLINE_CURVE_WITH_KNOTS('',1,(#8619,#8620),.UNSPECIFIED.,.F.,
  .F.,(2,2),(-3.726492372048E-03,0.),.PIECEWISE_BEZIER_KNOTS.);
#8619 = CARTESIAN_POINT('',(0.329415746356,-0.569271137743,0.6310001));
#8620 = CARTESIAN_POINT('',(0.329415746356,-0.565544645371,0.6310001));
#8621 = ORIENTED_EDGE('',*,*,#8582,.T.);
#8622 = B_SPLINE_SURFACE_WITH_KNOTS('',1,1,(
    (#8623,#8624)
    ,(#8625,#8626)),.UNSPECIFIED.,.F.,.F.,.F.,(2,2),(2,2),(-1.E-03,0.),(
    -3.726492372048E-03,0.),.PIECEWISE_BEZIER_KNOTS.);
#8623 = CARTESIAN_POINT('',(0.329415746356,-0.569271137743,0.6300001));
#8624 = CARTESIAN_POINT('',(0.329415746356,-0.565544645371,0.6300001));
#8625 = CARTESIAN_POINT('',(0.329415746356,-0.569271137743,0.6310001));
#8626 = CARTESIAN_POINT('',(0.329415746356,-0.565544645371,0.6310001));
#8627 = ADVANCED_FACE('',(#8628),#8650,.F.);
#8628 = FACE_BOUND('',#8629,.T.);
#8629 = EDGE_LOOP('',(#8630,#8637,#8644,#8649));
#8630 = ORIENTED_EDGE('',*,*,#8631,.T.);
#8631 = EDGE_CURVE('',#8604,#8632,#8634,.T.);
#8632 = VERTEX_POINT('',#8633);
#8633 = CARTESIAN_POINT('',(0.317778775757,-0.565544645371,0.6300001));
#8634 = B_SPLINE_CURVE_WITH_KNOTS('',1,(#8635,#8636),.UNSPECIFIED.,.F.,
  .F.,(2,2),(-1.163697059924E-02,-0.),.PIECEWISE_BEZIER_KNOTS.);
#8635 = CARTESIAN_POINT('',(0.329415746356,-0.565544645371,0.6300001));
#8636 = CARTESIAN_POINT('',(0.317778775757,-0.565544645371,0.6300001));
#8637 = ORIENTED_EDGE('',*,*,#8638,.F.);
#8638 = EDGE_CURVE('',#8639,#8632,#8641,.T.);
#8639 = VERTEX_POINT('',#8640);
#8640 = CARTESIAN_POINT('',(0.317778775757,-0.565544645371,0.6310001));
#8641 = B_SPLINE_CURVE_WITH_KNOTS('',1,(#8642,#8643),.UNSPECIFIED.,.F.,
  .F.,(2,2),(-0.,1.E-03),.PIECEWISE_BEZIER_KNOTS.);
#8642 = CARTESIAN_POINT('',(0.317778775757,-0.565544645371,0.6310001));
#8643 = CARTESIAN_POINT('',(0.317778775757,-0.565544645371,0.6300001));
#8644 = ORIENTED_EDGE('',*,*,#8645,.F.);
#8645 = EDGE_CURVE('',#8611,#8639,#8646,.T.);
#8646 = B_SPLINE_CURVE_WITH_KNOTS('',1,(#8647,#8648),.UNSPECIFIED.,.F.,
  .F.,(2,2),(-1.163697059924E-02,-0.),.PIECEWISE_BEZIER_KNOTS.);
#8647 = CARTESIAN_POINT('',(0.329415746356,-0.565544645371,0.6310001));
#8648 = CARTESIAN_POINT('',(0.317778775757,-0.565544645371,0.6310001));
#8649 = ORIENTED_EDGE('',*,*,#8610,.T.);
#8650 = B_SPLINE_SURFACE_WITH_KNOTS('',1,1,(
    (#8651,#8652)
    ,(#8653,#8654
    )),.UNSPECIFIED.,.F.,.F.,.F.,(2,2),(2,2),(0.,1.E-03),(0.,
    1.163697059924E-02),.PIECEWISE_BEZIER_KNOTS.);
#8651 = CARTESIAN_POINT('',(0.317778775757,-0.565544645371,0.6310001));
#8652 = CARTESIAN_POINT('',(0.329415746356,-0.565544645371,0.6310001));
#8653 = CARTESIAN_POINT('',(0.317778775757,-0.565544645371,0.6300001));
#8654 = CARTESIAN_POINT('',(0.329415746356,-0.565544645371,0.6300001));
#8655 = ADVANCED_FACE('',(#8656),#8678,.F.);
#8656 = FACE_BOUND('',#8657,.T.);
#8657 = EDGE_LOOP('',(#8658,#8665,#8672,#8677));
#8658 = ORIENTED_EDGE('',*,*,#8659,.T.);
#8659 = EDGE_CURVE('',#8632,#8660,#8662,.T.);
#8660 = VERTEX_POINT('',#8661);
#8661 = CARTESIAN_POINT('',(0.317778775757,-0.555130430081,0.6300001));
#8662 = B_SPLINE_CURVE_WITH_KNOTS('',1,(#8663,#8664),.UNSPECIFIED.,.F.,
  .F.,(2,2),(-1.041421528994E-02,0.),.PIECEWISE_BEZIER_KNOTS.);
#8663 = CARTESIAN_POINT('',(0.317778775757,-0.565544645371,0.6300001));
#8664 = CARTESIAN_POINT('',(0.317778775757,-0.555130430081,0.6300001));
#8665 = ORIENTED_EDGE('',*,*,#8666,.F.);
#8666 = EDGE_CURVE('',#8667,#8660,#8669,.T.);
#8667 = VERTEX_POINT('',#8668);
#8668 = CARTESIAN_POINT('',(0.317778775757,-0.555130430081,0.6310001));
#8669 = B_SPLINE_CURVE_WITH_KNOTS('',1,(#8670,#8671),.UNSPECIFIED.,.F.,
  .F.,(2,2),(-0.,1.E-03),.PIECEWISE_BEZIER_KNOTS.);
#8670 = CARTESIAN_POINT('',(0.317778775757,-0.555130430081,0.6310001));
#8671 = CARTESIAN_POINT('',(0.317778775757,-0.555130430081,0.6300001));
#8672 = ORIENTED_EDGE('',*,*,#8673,.F.);
#8673 = EDGE_CURVE('',#8639,#8667,#8674,.T.);
#8674 = B_SPLINE_CURVE_WITH_KNOTS('',1,(#8675,#8676),.UNSPECIFIED.,.F.,
  .F.,(2,2),(-1.041421528994E-02,0.),.PIECEWISE_BEZIER_KNOTS.);
#8675 = CARTESIAN_POINT('',(0.317778775757,-0.565544645371,0.6310001));
#8676 = CARTESIAN_POINT('',(0.317778775757,-0.555130430081,0.6310001));
#8677 = ORIENTED_EDGE('',*,*,#8638,.T.);
#8678 = B_SPLINE_SURFACE_WITH_KNOTS('',1,1,(
    (#8679,#8680)
    ,(#8681,#8682)),.UNSPECIFIED.,.F.,.F.,.F.,(2,2),(2,2),(-1.E-03,0.),(
    -1.041421528994E-02,0.),.PIECEWISE_BEZIER_KNOTS.);
#8679 = CARTESIAN_POINT('',(0.317778775757,-0.565544645371,0.6300001));
#8680 = CARTESIAN_POINT('',(0.317778775757,-0.555130430081,0.6300001));
#8681 = CARTESIAN_POINT('',(0.317778775757,-0.565544645371,0.6310001));
#8682 = CARTESIAN_POINT('',(0.317778775757,-0.555130430081,0.6310001));
#8683 = ADVANCED_FACE('',(#8684),#8706,.F.);
#8684 = FACE_BOUND('',#8685,.T.);
#8685 = EDGE_LOOP('',(#8686,#8693,#8700,#8705));
#8686 = ORIENTED_EDGE('',*,*,#8687,.T.);
#8687 = EDGE_CURVE('',#8660,#8688,#8690,.T.);
#8688 = VERTEX_POINT('',#8689);
#8689 = CARTESIAN_POINT('',(0.330339051386,-0.555130430081,0.6300001));
#8690 = B_SPLINE_CURVE_WITH_KNOTS('',1,(#8691,#8692),.UNSPECIFIED.,.F.,
  .F.,(2,2),(-1.256027562899E-02,0.),.PIECEWISE_BEZIER_KNOTS.);
#8691 = CARTESIAN_POINT('',(0.317778775757,-0.555130430081,0.6300001));
#8692 = CARTESIAN_POINT('',(0.330339051386,-0.555130430081,0.6300001));
#8693 = ORIENTED_EDGE('',*,*,#8694,.F.);
#8694 = EDGE_CURVE('',#8695,#8688,#8697,.T.);
#8695 = VERTEX_POINT('',#8696);
#8696 = CARTESIAN_POINT('',(0.330339051386,-0.555130430081,0.6310001));
#8697 = B_SPLINE_CURVE_WITH_KNOTS('',1,(#8698,#8699),.UNSPECIFIED.,.F.,
  .F.,(2,2),(-0.,1.E-03),.PIECEWISE_BEZIER_KNOTS.);
#8698 = CARTESIAN_POINT('',(0.330339051386,-0.555130430081,0.6310001));
#8699 = CARTESIAN_POINT('',(0.330339051386,-0.555130430081,0.6300001));
#8700 = ORIENTED_EDGE('',*,*,#8701,.F.);
#8701 = EDGE_CURVE('',#8667,#8695,#8702,.T.);
#8702 = B_SPLINE_CURVE_WITH_KNOTS('',1,(#8703,#8704),.UNSPECIFIED.,.F.,
  .F.,(2,2),(-1.256027562899E-02,0.),.PIECEWISE_BEZIER_KNOTS.);
#8703 = CARTESIAN_POINT('',(0.317778775757,-0.555130430081,0.6310001));
#8704 = CARTESIAN_POINT('',(0.330339051386,-0.555130430081,0.6310001));
#8705 = ORIENTED_EDGE('',*,*,#8666,.T.);
#8706 = B_SPLINE_SURFACE_WITH_KNOTS('',1,1,(
    (#8707,#8708)
    ,(#8709,#8710)),.UNSPECIFIED.,.F.,.F.,.F.,(2,2),(2,2),(-1.E-03,0.),(
    -1.256027562899E-02,0.),.PIECEWISE_BEZIER_KNOTS.);
#8707 = CARTESIAN_POINT('',(0.317778775757,-0.555130430081,0.6300001));
#8708 = CARTESIAN_POINT('',(0.330339051386,-0.555130430081,0.6300001));
#8709 = CARTESIAN_POINT('',(0.317778775757,-0.555130430081,0.6310001));
#8710 = CARTESIAN_POINT('',(0.330339051386,-0.555130430081,0.6310001));
#8711 = ADVANCED_FACE('',(#8712),#8734,.F.);
#8712 = FACE_BOUND('',#8713,.T.);
#8713 = EDGE_LOOP('',(#8714,#8721,#8728,#8733));
#8714 = ORIENTED_EDGE('',*,*,#8715,.T.);
#8715 = EDGE_CURVE('',#8688,#8716,#8718,.T.);
#8716 = VERTEX_POINT('',#8717);
#8717 = CARTESIAN_POINT('',(0.330339051386,-0.551387301582,0.6300001));
#8718 = B_SPLINE_CURVE_WITH_KNOTS('',1,(#8719,#8720),.UNSPECIFIED.,.F.,
  .F.,(2,2),(-3.743128498689E-03,0.),.PIECEWISE_BEZIER_KNOTS.);
#8719 = CARTESIAN_POINT('',(0.330339051386,-0.555130430081,0.6300001));
#8720 = CARTESIAN_POINT('',(0.330339051386,-0.551387301582,0.6300001));
#8721 = ORIENTED_EDGE('',*,*,#8722,.F.);
#8722 = EDGE_CURVE('',#8723,#8716,#8725,.T.);
#8723 = VERTEX_POINT('',#8724);
#8724 = CARTESIAN_POINT('',(0.330339051386,-0.551387301582,0.6310001));
#8725 = B_SPLINE_CURVE_WITH_KNOTS('',1,(#8726,#8727),.UNSPECIFIED.,.F.,
  .F.,(2,2),(-0.,1.E-03),.PIECEWISE_BEZIER_KNOTS.);
#8726 = CARTESIAN_POINT('',(0.330339051386,-0.551387301582,0.6310001));
#8727 = CARTESIAN_POINT('',(0.330339051386,-0.551387301582,0.6300001));
#8728 = ORIENTED_EDGE('',*,*,#8729,.F.);
#8729 = EDGE_CURVE('',#8695,#8723,#8730,.T.);
#8730 = B_SPLINE_CURVE_WITH_KNOTS('',1,(#8731,#8732),.UNSPECIFIED.,.F.,
  .F.,(2,2),(-3.743128498689E-03,0.),.PIECEWISE_BEZIER_KNOTS.);
#8731 = CARTESIAN_POINT('',(0.330339051386,-0.555130430081,0.6310001));
#8732 = CARTESIAN_POINT('',(0.330339051386,-0.551387301582,0.6310001));
#8733 = ORIENTED_EDGE('',*,*,#8694,.T.);
#8734 = B_SPLINE_SURFACE_WITH_KNOTS('',1,1,(
    (#8735,#8736)
    ,(#8737,#8738)),.UNSPECIFIED.,.F.,.F.,.F.,(2,2),(2,2),(-1.E-03,0.),(
    -3.743128498689E-03,0.),.PIECEWISE_BEZIER_KNOTS.);
#8735 = CARTESIAN_POINT('',(0.330339051386,-0.555130430081,0.6300001));
#8736 = CARTESIAN_POINT('',(0.330339051386,-0.551387301582,0.6300001));
#8737 = CARTESIAN_POINT('',(0.330339051386,-0.555130430081,0.6310001));
#8738 = CARTESIAN_POINT('',(0.330339051386,-0.551387301582,0.6310001));
#8739 = ADVANCED_FACE('',(#8740),#8762,.F.);
#8740 = FACE_BOUND('',#8741,.T.);
#8741 = EDGE_LOOP('',(#8742,#8749,#8756,#8761));
#8742 = ORIENTED_EDGE('',*,*,#8743,.T.);
#8743 = EDGE_CURVE('',#8716,#8744,#8746,.T.);
#8744 = VERTEX_POINT('',#8745);
#8745 = CARTESIAN_POINT('',(0.313578153775,-0.551387301582,0.6300001));
#8746 = B_SPLINE_CURVE_WITH_KNOTS('',1,(#8747,#8748),.UNSPECIFIED.,.F.,
  .F.,(2,2),(-1.6760897611E-02,-0.),.PIECEWISE_BEZIER_KNOTS.);
#8747 = CARTESIAN_POINT('',(0.330339051386,-0.551387301582,0.6300001));
#8748 = CARTESIAN_POINT('',(0.313578153775,-0.551387301582,0.6300001));
#8749 = ORIENTED_EDGE('',*,*,#8750,.F.);
#8750 = EDGE_CURVE('',#8751,#8744,#8753,.T.);
#8751 = VERTEX_POINT('',#8752);
#8752 = CARTESIAN_POINT('',(0.313578153775,-0.551387301582,0.6310001));
#8753 = B_SPLINE_CURVE_WITH_KNOTS('',1,(#8754,#8755),.UNSPECIFIED.,.F.,
  .F.,(2,2),(-0.,1.E-03),.PIECEWISE_BEZIER_KNOTS.);
#8754 = CARTESIAN_POINT('',(0.313578153775,-0.551387301582,0.6310001));
#8755 = CARTESIAN_POINT('',(0.313578153775,-0.551387301582,0.6300001));
#8756 = ORIENTED_EDGE('',*,*,#8757,.F.);
#8757 = EDGE_CURVE('',#8723,#8751,#8758,.T.);
#8758 = B_SPLINE_CURVE_WITH_KNOTS('',1,(#8759,#8760),.UNSPECIFIED.,.F.,
  .F.,(2,2),(-1.6760897611E-02,-0.),.PIECEWISE_BEZIER_KNOTS.);
#8759 = CARTESIAN_POINT('',(0.330339051386,-0.551387301582,0.6310001));
#8760 = CARTESIAN_POINT('',(0.313578153775,-0.551387301582,0.6310001));
#8761 = ORIENTED_EDGE('',*,*,#8722,.T.);
#8762 = B_SPLINE_SURFACE_WITH_KNOTS('',1,1,(
    (#8763,#8764)
    ,(#8765,#8766
    )),.UNSPECIFIED.,.F.,.F.,.F.,(2,2),(2,2),(0.,1.E-03),(0.,
    1.6760897611E-02),.PIECEWISE_BEZIER_KNOTS.);
#8763 = CARTESIAN_POINT('',(0.313578153775,-0.551387301582,0.6310001));
#8764 = CARTESIAN_POINT('',(0.330339051386,-0.551387301582,0.6310001));
#8765 = CARTESIAN_POINT('',(0.313578153775,-0.551387301582,0.6300001));
#8766 = CARTESIAN_POINT('',(0.330339051386,-0.551387301582,0.6300001));
#8767 = ADVANCED_FACE('',(#8768),#8790,.F.);
#8768 = FACE_BOUND('',#8769,.T.);
#8769 = EDGE_LOOP('',(#8770,#8777,#8784,#8789));
#8770 = ORIENTED_EDGE('',*,*,#8771,.T.);
#8771 = EDGE_CURVE('',#8744,#8772,#8774,.T.);
#8772 = VERTEX_POINT('',#8773);
#8773 = CARTESIAN_POINT('',(0.313578153775,-0.583927565331,0.6300001));
#8774 = B_SPLINE_CURVE_WITH_KNOTS('',1,(#8775,#8776),.UNSPECIFIED.,.F.,
  .F.,(2,2),(-3.254026374901E-02,-0.),.PIECEWISE_BEZIER_KNOTS.);
#8775 = CARTESIAN_POINT('',(0.313578153775,-0.551387301582,0.6300001));
#8776 = CARTESIAN_POINT('',(0.313578153775,-0.583927565331,0.6300001));
#8777 = ORIENTED_EDGE('',*,*,#8778,.F.);
#8778 = EDGE_CURVE('',#8779,#8772,#8781,.T.);
#8779 = VERTEX_POINT('',#8780);
#8780 = CARTESIAN_POINT('',(0.313578153775,-0.583927565331,0.6310001));
#8781 = B_SPLINE_CURVE_WITH_KNOTS('',1,(#8782,#8783),.UNSPECIFIED.,.F.,
  .F.,(2,2),(-0.,1.E-03),.PIECEWISE_BEZIER_KNOTS.);
#8782 = CARTESIAN_POINT('',(0.313578153775,-0.583927565331,0.6310001));
#8783 = CARTESIAN_POINT('',(0.313578153775,-0.583927565331,0.6300001));
#8784 = ORIENTED_EDGE('',*,*,#8785,.F.);
#8785 = EDGE_CURVE('',#8751,#8779,#8786,.T.);
#8786 = B_SPLINE_CURVE_WITH_KNOTS('',1,(#8787,#8788),.UNSPECIFIED.,.F.,
  .F.,(2,2),(-3.254026374901E-02,-0.),.PIECEWISE_BEZIER_KNOTS.);
#8787 = CARTESIAN_POINT('',(0.313578153775,-0.551387301582,0.6310001));
#8788 = CARTESIAN_POINT('',(0.313578153775,-0.583927565331,0.6310001));
#8789 = ORIENTED_EDGE('',*,*,#8750,.T.);
#8790 = B_SPLINE_SURFACE_WITH_KNOTS('',1,1,(
    (#8791,#8792)
    ,(#8793,#8794
    )),.UNSPECIFIED.,.F.,.F.,.F.,(2,2),(2,2),(0.,1.E-03),(0.,
    3.254026374901E-02),.PIECEWISE_BEZIER_KNOTS.);
#8791 = CARTESIAN_POINT('',(0.313578153775,-0.583927565331,0.6310001));
#8792 = CARTESIAN_POINT('',(0.313578153775,-0.551387301582,0.6310001));
#8793 = CARTESIAN_POINT('',(0.313578153775,-0.583927565331,0.6300001));
#8794 = CARTESIAN_POINT('',(0.313578153775,-0.551387301582,0.6300001));
#8795 = ADVANCED_FACE('',(#8796),#8810,.F.);
#8796 = FACE_BOUND('',#8797,.T.);
#8797 = EDGE_LOOP('',(#8798,#8803,#8804,#8809));
#8798 = ORIENTED_EDGE('',*,*,#8799,.T.);
#8799 = EDGE_CURVE('',#8772,#8484,#8800,.T.);
#8800 = B_SPLINE_CURVE_WITH_KNOTS('',1,(#8801,#8802),.UNSPECIFIED.,.F.,
  .F.,(2,2),(-1.750120524746E-02,0.),.PIECEWISE_BEZIER_KNOTS.);
#8801 = CARTESIAN_POINT('',(0.313578153775,-0.583927565331,0.6300001));
#8802 = CARTESIAN_POINT('',(0.331079359023,-0.583927565331,0.6300001));
#8803 = ORIENTED_EDGE('',*,*,#8506,.F.);
#8804 = ORIENTED_EDGE('',*,*,#8805,.F.);
#8805 = EDGE_CURVE('',#8779,#8500,#8806,.T.);
#8806 = B_SPLINE_CURVE_WITH_KNOTS('',1,(#8807,#8808),.UNSPECIFIED.,.F.,
  .F.,(2,2),(-1.750120524746E-02,0.),.PIECEWISE_BEZIER_KNOTS.);
#8807 = CARTESIAN_POINT('',(0.313578153775,-0.583927565331,0.6310001));
#8808 = CARTESIAN_POINT('',(0.331079359023,-0.583927565331,0.6310001));
#8809 = ORIENTED_EDGE('',*,*,#8778,.T.);
#8810 = B_SPLINE_SURFACE_WITH_KNOTS('',1,1,(
    (#8811,#8812)
    ,(#8813,#8814)),.UNSPECIFIED.,.F.,.F.,.F.,(2,2),(2,2),(-1.E-03,0.),(
    -1.750120524746E-02,0.),.PIECEWISE_BEZIER_KNOTS.);
#8811 = CARTESIAN_POINT('',(0.313578153775,-0.583927565331,0.6300001));
#8812 = CARTESIAN_POINT('',(0.331079359023,-0.583927565331,0.6300001));
#8813 = CARTESIAN_POINT('',(0.313578153775,-0.583927565331,0.6310001));
#8814 = CARTESIAN_POINT('',(0.331079359023,-0.583927565331,0.6310001));
#8815 = ADVANCED_FACE('',(#8816),#8830,.F.);
#8816 = FACE_BOUND('',#8817,.T.);
#8817 = EDGE_LOOP('',(#8818,#8819,#8820,#8821,#8822,#8823,#8824,#8825,
    #8826,#8827,#8828,#8829));
#8818 = ORIENTED_EDGE('',*,*,#8499,.T.);
#8819 = ORIENTED_EDGE('',*,*,#8533,.T.);
#8820 = ORIENTED_EDGE('',*,*,#8561,.T.);
#8821 = ORIENTED_EDGE('',*,*,#8589,.T.);
#8822 = ORIENTED_EDGE('',*,*,#8617,.T.);
#8823 = ORIENTED_EDGE('',*,*,#8645,.T.);
#8824 = ORIENTED_EDGE('',*,*,#8673,.T.);
#8825 = ORIENTED_EDGE('',*,*,#8701,.T.);
#8826 = ORIENTED_EDGE('',*,*,#8729,.T.);
#8827 = ORIENTED_EDGE('',*,*,#8757,.T.);
#8828 = ORIENTED_EDGE('',*,*,#8785,.T.);
#8829 = ORIENTED_EDGE('',*,*,#8805,.T.);
#8830 = B_SPLINE_SURFACE_WITH_KNOTS('',1,1,(
    (#8831,#8832)
    ,(#8833,#8834
    )),.UNSPECIFIED.,.F.,.F.,.F.,(2,2),(2,2),(-0.331079359023,
    -0.313578153775),(-0.583927565331,-0.551387301582),
  .PIECEWISE_BEZIER_KNOTS.);
#8831 = CARTESIAN_POINT('',(0.331079359023,-0.583927565331,0.6310001));
#8832 = CARTESIAN_POINT('',(0.331079359023,-0.551387301582,0.6310001));
#8833 = CARTESIAN_POINT('',(0.313578153775,-0.583927565331,0.6310001));
#8834 = CARTESIAN_POINT('',(0.313578153775,-0.551387301582,0.6310001));
#8835 = ADVANCED_FACE('',(#8836),#8850,.T.);
#8836 = FACE_BOUND('',#8837,.T.);
#8837 = EDGE_LOOP('',(#8838,#8839,#8840,#8841,#8842,#8843,#8844,#8845,
    #8846,#8847,#8848,#8849));
#8838 = ORIENTED_EDGE('',*,*,#8483,.F.);
#8839 = ORIENTED_EDGE('',*,*,#8799,.F.);
#8840 = ORIENTED_EDGE('',*,*,#8771,.F.);
#8841 = ORIENTED_EDGE('',*,*,#8743,.F.);
#8842 = ORIENTED_EDGE('',*,*,#8715,.F.);
#8843 = ORIENTED_EDGE('',*,*,#8687,.F.);
#8844 = ORIENTED_EDGE('',*,*,#8659,.F.);
#8845 = ORIENTED_EDGE('',*,*,#8631,.F.);
#8846 = ORIENTED_EDGE('',*,*,#8603,.F.);
#8847 = ORIENTED_EDGE('',*,*,#8575,.F.);
#8848 = ORIENTED_EDGE('',*,*,#8547,.F.);
#8849 = ORIENTED_EDGE('',*,*,#8519,.F.);
#8850 = B_SPLINE_SURFACE_WITH_KNOTS('',1,1,(
    (#8851,#8852)
    ,(#8853,#8854
    )),.UNSPECIFIED.,.F.,.F.,.F.,(2,2),(2,2),(-0.331079359023,
    -0.313578153775),(-0.583927565331,-0.551387301582),
  .PIECEWISE_BEZIER_KNOTS.);
#8851 = CARTESIAN_POINT('',(0.331079359023,-0.583927565331,0.6300001));
#8852 = CARTESIAN_POINT('',(0.331079359023,-0.551387301582,0.6300001));
#8853 = CARTESIAN_POINT('',(0.313578153775,-0.583927565331,0.6300001));
#8854 = CARTESIAN_POINT('',(0.313578153775,-0.551387301582,0.6300001));
#8855 = MANIFOLD_SOLID_BREP('',#8856);
#8856 = CLOSED_SHELL('',(#8857,#8981,#9105,#9125,#9145,#9165,#9185,#9205
    ,#9221,#9233,#9253,#9269,#9285,#9305,#9325,#9345));
#8857 = ADVANCED_FACE('',(#8858,#8917),#8976,.T.);
#8858 = FACE_BOUND('',#8859,.T.);
#8859 = EDGE_LOOP('',(#8860,#8869,#8878,#8887,#8896,#8905,#8912));
#8860 = ORIENTED_EDGE('',*,*,#8861,.T.);
#8861 = EDGE_CURVE('',#8862,#8864,#8866,.T.);
#8862 = VERTEX_POINT('',#8863);
#8863 = CARTESIAN_POINT('',(0.337226407824,-0.583927565331,0.6310001));
#8864 = VERTEX_POINT('',#8865);
#8865 = CARTESIAN_POINT('',(0.346176643968,-0.583927565331,0.6310001));
#8866 = B_SPLINE_CURVE_WITH_KNOTS('',1,(#8867,#8868),.UNSPECIFIED.,.F.,
  .F.,(2,2),(-8.95023614366E-03,-5.551115123126E-17),
  .PIECEWISE_BEZIER_KNOTS.);
#8867 = CARTESIAN_POINT('',(0.337226407824,-0.583927565331,0.6310001));
#8868 = CARTESIAN_POINT('',(0.346176643968,-0.583927565331,0.6310001));
#8869 = ORIENTED_EDGE('',*,*,#8870,.T.);
#8870 = EDGE_CURVE('',#8864,#8871,#8873,.T.);
#8871 = VERTEX_POINT('',#8872);
#8872 = CARTESIAN_POINT('',(0.358811782167,-0.579369266626,0.6310001));
#8873 = B_SPLINE_CURVE_WITH_KNOTS('',3,(#8874,#8875,#8876,#8877),
  .UNSPECIFIED.,.F.,.F.,(4,4),(5.,6.),.PIECEWISE_BEZIER_KNOTS.);
#8874 = CARTESIAN_POINT('',(0.346176643968,-0.583927565331,0.6310001));
#8875 = CARTESIAN_POINT('',(0.351325525169,-0.583927565331,0.6310001));
#8876 = CARTESIAN_POINT('',(0.355542783278,-0.582413677805,0.6310001));
#8877 = CARTESIAN_POINT('',(0.358811782167,-0.579369266626,0.6310001));
#8878 = ORIENTED_EDGE('',*,*,#8879,.T.);
#8879 = EDGE_CURVE('',#8871,#8880,#8882,.T.);
#8880 = VERTEX_POINT('',#8881);
#8881 = CARTESIAN_POINT('',(0.363719439532,-0.56724153029,0.6310001));
#8882 = B_SPLINE_CURVE_WITH_KNOTS('',3,(#8883,#8884,#8885,#8886),
  .UNSPECIFIED.,.F.,.F.,(4,4),(4.,5.),.PIECEWISE_BEZIER_KNOTS.);
#8883 = CARTESIAN_POINT('',(0.358811782167,-0.579369266626,0.6310001));
#8884 = CARTESIAN_POINT('',(0.362080781056,-0.576324855447,0.6310001));
#8885 = CARTESIAN_POINT('',(0.363719439532,-0.572282276669,0.6310001));
#8886 = CARTESIAN_POINT('',(0.363719439532,-0.56724153029,0.6310001));
#8887 = ORIENTED_EDGE('',*,*,#8888,.T.);
#8888 = EDGE_CURVE('',#8880,#8889,#8891,.T.);
#8889 = VERTEX_POINT('',#8890);
#8890 = CARTESIAN_POINT('',(0.358811782167,-0.555696058387,0.6310001));
#8891 = B_SPLINE_CURVE_WITH_KNOTS('',3,(#8892,#8893,#8894,#8895),
  .UNSPECIFIED.,.F.,.F.,(4,4),(3.,4.),.PIECEWISE_BEZIER_KNOTS.);
#8892 = CARTESIAN_POINT('',(0.363719439532,-0.56724153029,0.6310001));
#8893 = CARTESIAN_POINT('',(0.363719439532,-0.562417053558,0.6310001));
#8894 = CARTESIAN_POINT('',(0.362080781056,-0.5585741083,0.6310001));
#8895 = CARTESIAN_POINT('',(0.358811782167,-0.555696058387,0.6310001));
#8896 = ORIENTED_EDGE('',*,*,#8897,.T.);
#8897 = EDGE_CURVE('',#8889,#8898,#8900,.T.);
#8898 = VERTEX_POINT('',#8899);
#8899 = CARTESIAN_POINT('',(0.346509366501,-0.551387301582,0.6310001));
#8900 = B_SPLINE_CURVE_WITH_KNOTS('',3,(#8901,#8902,#8903,#8904),
  .UNSPECIFIED.,.F.,.F.,(4,4),(2.,3.),.PIECEWISE_BEZIER_KNOTS.);
#8901 = CARTESIAN_POINT('',(0.358811782167,-0.555696058387,0.6310001));
#8902 = CARTESIAN_POINT('',(0.355542783278,-0.552818008475,0.6310001));
#8903 = CARTESIAN_POINT('',(0.351441978056,-0.551387301582,0.6310001));
#8904 = CARTESIAN_POINT('',(0.346509366501,-0.551387301582,0.6310001));
#8905 = ORIENTED_EDGE('',*,*,#8906,.T.);
#8906 = EDGE_CURVE('',#8898,#8907,#8909,.T.);
#8907 = VERTEX_POINT('',#8908);
#8908 = CARTESIAN_POINT('',(0.337226407824,-0.551387301582,0.6310001));
#8909 = B_SPLINE_CURVE_WITH_KNOTS('',1,(#8910,#8911),.UNSPECIFIED.,.F.,
  .F.,(2,2),(-9.282958676723E-03,-0.),.PIECEWISE_BEZIER_KNOTS.);
#8910 = CARTESIAN_POINT('',(0.346509366501,-0.551387301582,0.6310001));
#8911 = CARTESIAN_POINT('',(0.337226407824,-0.551387301582,0.6310001));
#8912 = ORIENTED_EDGE('',*,*,#8913,.T.);
#8913 = EDGE_CURVE('',#8907,#8862,#8914,.T.);
#8914 = B_SPLINE_CURVE_WITH_KNOTS('',1,(#8915,#8916),.UNSPECIFIED.,.F.,
  .F.,(2,2),(-3.254026374901E-02,-0.),.PIECEWISE_BEZIER_KNOTS.);
#8915 = CARTESIAN_POINT('',(0.337226407824,-0.551387301582,0.6310001));
#8916 = CARTESIAN_POINT('',(0.337226407824,-0.583927565331,0.6310001));
#8917 = FACE_BOUND('',#8918,.T.);
#8918 = EDGE_LOOP('',(#8919,#8928,#8935,#8944,#8953,#8962,#8971));
#8919 = ORIENTED_EDGE('',*,*,#8920,.F.);
#8920 = EDGE_CURVE('',#8921,#8923,#8925,.T.);
#8921 = VERTEX_POINT('',#8922);
#8922 = CARTESIAN_POINT('',(0.341427029806,-0.555130430081,0.6310001));
#8923 = VERTEX_POINT('',#8924);
#8924 = CARTESIAN_POINT('',(0.341427029806,-0.580217709086,0.6310001));
#8925 = B_SPLINE_CURVE_WITH_KNOTS('',1,(#8926,#8927),.UNSPECIFIED.,.F.,
  .F.,(2,2),(0.,2.508727900492E-02),.PIECEWISE_BEZIER_KNOTS.);
#8926 = CARTESIAN_POINT('',(0.341427029806,-0.555130430081,0.6310001));
#8927 = CARTESIAN_POINT('',(0.341427029806,-0.580217709086,0.6310001));
#8928 = ORIENTED_EDGE('',*,*,#8929,.F.);
#8929 = EDGE_CURVE('',#8930,#8921,#8932,.T.);
#8930 = VERTEX_POINT('',#8931);
#8931 = CARTESIAN_POINT('',(0.346343005234,-0.555130430081,0.6310001));
#8932 = B_SPLINE_CURVE_WITH_KNOTS('',1,(#8933,#8934),.UNSPECIFIED.,.F.,
  .F.,(2,2),(0.,4.915975428289E-03),.PIECEWISE_BEZIER_KNOTS.);
#8933 = CARTESIAN_POINT('',(0.346343005234,-0.555130430081,0.6310001));
#8934 = CARTESIAN_POINT('',(0.341427029806,-0.555130430081,0.6310001));
#8935 = ORIENTED_EDGE('',*,*,#8936,.F.);
#8936 = EDGE_CURVE('',#8937,#8930,#8939,.T.);
#8937 = VERTEX_POINT('',#8938);
#8938 = CARTESIAN_POINT('',(0.355734098734,-0.558191477386,0.6310001));
#8939 = B_SPLINE_CURVE_WITH_KNOTS('',3,(#8940,#8941,#8942,#8943),
  .UNSPECIFIED.,.F.,.F.,(4,4),(5.,6.),.PIECEWISE_BEZIER_KNOTS.);
#8940 = CARTESIAN_POINT('',(0.355734098734,-0.558191477386,0.6310001));
#8941 = CARTESIAN_POINT('',(0.353355132622,-0.556145233807,0.6310001));
#8942 = CARTESIAN_POINT('',(0.350219222746,-0.555130430081,0.6310001));
#8943 = CARTESIAN_POINT('',(0.346343005234,-0.555130430081,0.6310001));
#8944 = ORIENTED_EDGE('',*,*,#8945,.F.);
#8945 = EDGE_CURVE('',#8946,#8937,#8948,.T.);
#8946 = VERTEX_POINT('',#8947);
#8947 = CARTESIAN_POINT('',(0.359302547903,-0.567357983177,0.6310001));
#8948 = B_SPLINE_CURVE_WITH_KNOTS('',3,(#8949,#8950,#8951,#8952),
  .UNSPECIFIED.,.F.,.F.,(4,4),(4.,5.),.PIECEWISE_BEZIER_KNOTS.);
#8949 = CARTESIAN_POINT('',(0.359302547903,-0.567357983177,0.6310001));
#8950 = CARTESIAN_POINT('',(0.359302547903,-0.563298768271,0.6310001));
#8951 = CARTESIAN_POINT('',(0.358113064847,-0.560237720966,0.6310001));
#8952 = CARTESIAN_POINT('',(0.355734098734,-0.558191477386,0.6310001));
#8953 = ORIENTED_EDGE('',*,*,#8954,.F.);
#8954 = EDGE_CURVE('',#8955,#8946,#8957,.T.);
#8955 = VERTEX_POINT('',#8956);
#8956 = CARTESIAN_POINT('',(0.355825597431,-0.576823939247,0.6310001));
#8957 = B_SPLINE_CURVE_WITH_KNOTS('',3,(#8958,#8959,#8960,#8961),
  .UNSPECIFIED.,.F.,.F.,(4,4),(3.,4.),.PIECEWISE_BEZIER_KNOTS.);
#8958 = CARTESIAN_POINT('',(0.355825597431,-0.576823939247,0.6310001));
#8959 = CARTESIAN_POINT('',(0.3581463371,-0.574578062148,0.6310001));
#8960 = CARTESIAN_POINT('',(0.359302547903,-0.571417198082,0.6310001));
#8961 = CARTESIAN_POINT('',(0.359302547903,-0.567357983177,0.6310001));
#8962 = ORIENTED_EDGE('',*,*,#8963,.F.);
#8963 = EDGE_CURVE('',#8964,#8955,#8966,.T.);
#8964 = VERTEX_POINT('',#8965);
#8965 = CARTESIAN_POINT('',(0.346151689778,-0.580217709086,0.6310001));
#8966 = B_SPLINE_CURVE_WITH_KNOTS('',3,(#8967,#8968,#8969,#8970),
  .UNSPECIFIED.,.F.,.F.,(4,4),(2.,3.),.PIECEWISE_BEZIER_KNOTS.);
#8967 = CARTESIAN_POINT('',(0.346151689778,-0.580217709086,0.6310001));
#8968 = CARTESIAN_POINT('',(0.350285767253,-0.580217709086,0.6310001));
#8969 = CARTESIAN_POINT('',(0.353513175825,-0.579086452473,0.6310001));
#8970 = CARTESIAN_POINT('',(0.355825597431,-0.576823939247,0.6310001));
#8971 = ORIENTED_EDGE('',*,*,#8972,.F.);
#8972 = EDGE_CURVE('',#8923,#8964,#8973,.T.);
#8973 = B_SPLINE_CURVE_WITH_KNOTS('',1,(#8974,#8975),.UNSPECIFIED.,.F.,
  .F.,(2,2),(0.,4.724659971684E-03),.PIECEWISE_BEZIER_KNOTS.);
#8974 = CARTESIAN_POINT('',(0.341427029806,-0.580217709086,0.6310001));
#8975 = CARTESIAN_POINT('',(0.346151689778,-0.580217709086,0.6310001));
#8976 = B_SPLINE_SURFACE_WITH_KNOTS('',1,1,(
    (#8977,#8978)
    ,(#8979,#8980
    )),.UNSPECIFIED.,.F.,.F.,.F.,(2,2),(2,2),(-1.605802125946E-02,
    1.043501044827E-02),(-3.146515406349E-02,1.075109685522E-03),
  .PIECEWISE_BEZIER_KNOTS.);
#8977 = CARTESIAN_POINT('',(0.337226407824,-0.583927565331,0.6310001));
#8978 = CARTESIAN_POINT('',(0.337226407824,-0.551387301582,0.6310001));
#8979 = CARTESIAN_POINT('',(0.363719439532,-0.583927565331,0.6310001));
#8980 = CARTESIAN_POINT('',(0.363719439532,-0.551387301582,0.6310001));
#8981 = ADVANCED_FACE('',(#8982,#9041),#9100,.F.);
#8982 = FACE_BOUND('',#8983,.T.);
#8983 = EDGE_LOOP('',(#8984,#8993,#9000,#9007,#9016,#9025,#9034));
#8984 = ORIENTED_EDGE('',*,*,#8985,.F.);
#8985 = EDGE_CURVE('',#8986,#8988,#8990,.T.);
#8986 = VERTEX_POINT('',#8987);
#8987 = CARTESIAN_POINT('',(0.337226407824,-0.583927565331,0.6300001));
#8988 = VERTEX_POINT('',#8989);
#8989 = CARTESIAN_POINT('',(0.346176643968,-0.583927565331,0.6300001));
#8990 = B_SPLINE_CURVE_WITH_KNOTS('',1,(#8991,#8992),.UNSPECIFIED.,.F.,
  .F.,(2,2),(-8.95023614366E-03,-5.551115123126E-17),
  .PIECEWISE_BEZIER_KNOTS.);
#8991 = CARTESIAN_POINT('',(0.337226407824,-0.583927565331,0.6300001));
#8992 = CARTESIAN_POINT('',(0.346176643968,-0.583927565331,0.6300001));
#8993 = ORIENTED_EDGE('',*,*,#8994,.F.);
#8994 = EDGE_CURVE('',#8995,#8986,#8997,.T.);
#8995 = VERTEX_POINT('',#8996);
#8996 = CARTESIAN_POINT('',(0.337226407824,-0.551387301582,0.6300001));
#8997 = B_SPLINE_CURVE_WITH_KNOTS('',1,(#8998,#8999),.UNSPECIFIED.,.F.,
  .F.,(2,2),(-3.254026374901E-02,-0.),.PIECEWISE_BEZIER_KNOTS.);
#8998 = CARTESIAN_POINT('',(0.337226407824,-0.551387301582,0.6300001));
#8999 = CARTESIAN_POINT('',(0.337226407824,-0.583927565331,0.6300001));
#9000 = ORIENTED_EDGE('',*,*,#9001,.F.);
#9001 = EDGE_CURVE('',#9002,#8995,#9004,.T.);
#9002 = VERTEX_POINT('',#9003);
#9003 = CARTESIAN_POINT('',(0.346509366501,-0.551387301582,0.6300001));
#9004 = B_SPLINE_CURVE_WITH_KNOTS('',1,(#9005,#9006),.UNSPECIFIED.,.F.,
  .F.,(2,2),(-9.282958676723E-03,-0.),.PIECEWISE_BEZIER_KNOTS.);
#9005 = CARTESIAN_POINT('',(0.346509366501,-0.551387301582,0.6300001));
#9006 = CARTESIAN_POINT('',(0.337226407824,-0.551387301582,0.6300001));
#9007 = ORIENTED_EDGE('',*,*,#9008,.F.);
#9008 = EDGE_CURVE('',#9009,#9002,#9011,.T.);
#9009 = VERTEX_POINT('',#9010);
#9010 = CARTESIAN_POINT('',(0.358811782167,-0.555696058387,0.6300001));
#9011 = B_SPLINE_CURVE_WITH_KNOTS('',3,(#9012,#9013,#9014,#9015),
  .UNSPECIFIED.,.F.,.F.,(4,4),(2.,3.),.PIECEWISE_BEZIER_KNOTS.);
#9012 = CARTESIAN_POINT('',(0.358811782167,-0.555696058387,0.6300001));
#9013 = CARTESIAN_POINT('',(0.355542783278,-0.552818008475,0.6300001));
#9014 = CARTESIAN_POINT('',(0.351441978056,-0.551387301582,0.6300001));
#9015 = CARTESIAN_POINT('',(0.346509366501,-0.551387301582,0.6300001));
#9016 = ORIENTED_EDGE('',*,*,#9017,.F.);
#9017 = EDGE_CURVE('',#9018,#9009,#9020,.T.);
#9018 = VERTEX_POINT('',#9019);
#9019 = CARTESIAN_POINT('',(0.363719439532,-0.56724153029,0.6300001));
#9020 = B_SPLINE_CURVE_WITH_KNOTS('',3,(#9021,#9022,#9023,#9024),
  .UNSPECIFIED.,.F.,.F.,(4,4),(3.,4.),.PIECEWISE_BEZIER_KNOTS.);
#9021 = CARTESIAN_POINT('',(0.363719439532,-0.56724153029,0.6300001));
#9022 = CARTESIAN_POINT('',(0.363719439532,-0.562417053558,0.6300001));
#9023 = CARTESIAN_POINT('',(0.362080781056,-0.5585741083,0.6300001));
#9024 = CARTESIAN_POINT('',(0.358811782167,-0.555696058387,0.6300001));
#9025 = ORIENTED_EDGE('',*,*,#9026,.F.);
#9026 = EDGE_CURVE('',#9027,#9018,#9029,.T.);
#9027 = VERTEX_POINT('',#9028);
#9028 = CARTESIAN_POINT('',(0.358811782167,-0.579369266626,0.6300001));
#9029 = B_SPLINE_CURVE_WITH_KNOTS('',3,(#9030,#9031,#9032,#9033),
  .UNSPECIFIED.,.F.,.F.,(4,4),(4.,5.),.PIECEWISE_BEZIER_KNOTS.);
#9030 = CARTESIAN_POINT('',(0.358811782167,-0.579369266626,0.6300001));
#9031 = CARTESIAN_POINT('',(0.362080781056,-0.576324855447,0.6300001));
#9032 = CARTESIAN_POINT('',(0.363719439532,-0.572282276669,0.6300001));
#9033 = CARTESIAN_POINT('',(0.363719439532,-0.56724153029,0.6300001));
#9034 = ORIENTED_EDGE('',*,*,#9035,.F.);
#9035 = EDGE_CURVE('',#8988,#9027,#9036,.T.);
#9036 = B_SPLINE_CURVE_WITH_KNOTS('',3,(#9037,#9038,#9039,#9040),
  .UNSPECIFIED.,.F.,.F.,(4,4),(5.,6.),.PIECEWISE_BEZIER_KNOTS.);
#9037 = CARTESIAN_POINT('',(0.346176643968,-0.583927565331,0.6300001));
#9038 = CARTESIAN_POINT('',(0.351325525169,-0.583927565331,0.6300001));
#9039 = CARTESIAN_POINT('',(0.355542783278,-0.582413677805,0.6300001));
#9040 = CARTESIAN_POINT('',(0.358811782167,-0.579369266626,0.6300001));
#9041 = FACE_BOUND('',#9042,.T.);
#9042 = EDGE_LOOP('',(#9043,#9052,#9059,#9066,#9075,#9084,#9093));
#9043 = ORIENTED_EDGE('',*,*,#9044,.T.);
#9044 = EDGE_CURVE('',#9045,#9047,#9049,.T.);
#9045 = VERTEX_POINT('',#9046);
#9046 = CARTESIAN_POINT('',(0.346343005234,-0.555130430081,0.6300001));
#9047 = VERTEX_POINT('',#9048);
#9048 = CARTESIAN_POINT('',(0.341427029806,-0.555130430081,0.6300001));
#9049 = B_SPLINE_CURVE_WITH_KNOTS('',1,(#9050,#9051),.UNSPECIFIED.,.F.,
  .F.,(2,2),(0.,4.915975428289E-03),.PIECEWISE_BEZIER_KNOTS.);
#9050 = CARTESIAN_POINT('',(0.346343005234,-0.555130430081,0.6300001));
#9051 = CARTESIAN_POINT('',(0.341427029806,-0.555130430081,0.6300001));
#9052 = ORIENTED_EDGE('',*,*,#9053,.T.);
#9053 = EDGE_CURVE('',#9047,#9054,#9056,.T.);
#9054 = VERTEX_POINT('',#9055);
#9055 = CARTESIAN_POINT('',(0.341427029806,-0.580217709086,0.6300001));
#9056 = B_SPLINE_CURVE_WITH_KNOTS('',1,(#9057,#9058),.UNSPECIFIED.,.F.,
  .F.,(2,2),(0.,2.508727900492E-02),.PIECEWISE_BEZIER_KNOTS.);
#9057 = CARTESIAN_POINT('',(0.341427029806,-0.555130430081,0.6300001));
#9058 = CARTESIAN_POINT('',(0.341427029806,-0.580217709086,0.6300001));
#9059 = ORIENTED_EDGE('',*,*,#9060,.T.);
#9060 = EDGE_CURVE('',#9054,#9061,#9063,.T.);
#9061 = VERTEX_POINT('',#9062);
#9062 = CARTESIAN_POINT('',(0.346151689778,-0.580217709086,0.6300001));
#9063 = B_SPLINE_CURVE_WITH_KNOTS('',1,(#9064,#9065),.UNSPECIFIED.,.F.,
  .F.,(2,2),(0.,4.724659971684E-03),.PIECEWISE_BEZIER_KNOTS.);
#9064 = CARTESIAN_POINT('',(0.341427029806,-0.580217709086,0.6300001));
#9065 = CARTESIAN_POINT('',(0.346151689778,-0.580217709086,0.6300001));
#9066 = ORIENTED_EDGE('',*,*,#9067,.T.);
#9067 = EDGE_CURVE('',#9061,#9068,#9070,.T.);
#9068 = VERTEX_POINT('',#9069);
#9069 = CARTESIAN_POINT('',(0.355825597431,-0.576823939247,0.6300001));
#9070 = B_SPLINE_CURVE_WITH_KNOTS('',3,(#9071,#9072,#9073,#9074),
  .UNSPECIFIED.,.F.,.F.,(4,4),(2.,3.),.PIECEWISE_BEZIER_KNOTS.);
#9071 = CARTESIAN_POINT('',(0.346151689778,-0.580217709086,0.6300001));
#9072 = CARTESIAN_POINT('',(0.350285767253,-0.580217709086,0.6300001));
#9073 = CARTESIAN_POINT('',(0.353513175825,-0.579086452473,0.6300001));
#9074 = CARTESIAN_POINT('',(0.355825597431,-0.576823939247,0.6300001));
#9075 = ORIENTED_EDGE('',*,*,#9076,.T.);
#9076 = EDGE_CURVE('',#9068,#9077,#9079,.T.);
#9077 = VERTEX_POINT('',#9078);
#9078 = CARTESIAN_POINT('',(0.359302547903,-0.567357983177,0.6300001));
#9079 = B_SPLINE_CURVE_WITH_KNOTS('',3,(#9080,#9081,#9082,#9083),
  .UNSPECIFIED.,.F.,.F.,(4,4),(3.,4.),.PIECEWISE_BEZIER_KNOTS.);
#9080 = CARTESIAN_POINT('',(0.355825597431,-0.576823939247,0.6300001));
#9081 = CARTESIAN_POINT('',(0.3581463371,-0.574578062148,0.6300001));
#9082 = CARTESIAN_POINT('',(0.359302547903,-0.571417198082,0.6300001));
#9083 = CARTESIAN_POINT('',(0.359302547903,-0.567357983177,0.6300001));
#9084 = ORIENTED_EDGE('',*,*,#9085,.T.);
#9085 = EDGE_CURVE('',#9077,#9086,#9088,.T.);
#9086 = VERTEX_POINT('',#9087);
#9087 = CARTESIAN_POINT('',(0.355734098734,-0.558191477386,0.6300001));
#9088 = B_SPLINE_CURVE_WITH_KNOTS('',3,(#9089,#9090,#9091,#9092),
  .UNSPECIFIED.,.F.,.F.,(4,4),(4.,5.),.PIECEWISE_BEZIER_KNOTS.);
#9089 = CARTESIAN_POINT('',(0.359302547903,-0.567357983177,0.6300001));
#9090 = CARTESIAN_POINT('',(0.359302547903,-0.563298768271,0.6300001));
#9091 = CARTESIAN_POINT('',(0.358113064847,-0.560237720966,0.6300001));
#9092 = CARTESIAN_POINT('',(0.355734098734,-0.558191477386,0.6300001));
#9093 = ORIENTED_EDGE('',*,*,#9094,.T.);
#9094 = EDGE_CURVE('',#9086,#9045,#9095,.T.);
#9095 = B_SPLINE_CURVE_WITH_KNOTS('',3,(#9096,#9097,#9098,#9099),
  .UNSPECIFIED.,.F.,.F.,(4,4),(5.,6.),.PIECEWISE_BEZIER_KNOTS.);
#9096 = CARTESIAN_POINT('',(0.355734098734,-0.558191477386,0.6300001));
#9097 = CARTESIAN_POINT('',(0.353355132622,-0.556145233807,0.6300001));
#9098 = CARTESIAN_POINT('',(0.350219222746,-0.555130430081,0.6300001));
#9099 = CARTESIAN_POINT('',(0.346343005234,-0.555130430081,0.6300001));
#9100 = B_SPLINE_SURFACE_WITH_KNOTS('',1,1,(
    (#9101,#9102)
    ,(#9103,#9104
    )),.UNSPECIFIED.,.F.,.F.,.F.,(2,2),(2,2),(-1.605802125946E-02,
    1.043501044827E-02),(-3.146515406349E-02,1.075109685522E-03),
  .PIECEWISE_BEZIER_KNOTS.);
#9101 = CARTESIAN_POINT('',(0.337226407824,-0.583927565331,0.6300001));
#9102 = CARTESIAN_POINT('',(0.337226407824,-0.551387301582,0.6300001));
#9103 = CARTESIAN_POINT('',(0.363719439532,-0.583927565331,0.6300001));
#9104 = CARTESIAN_POINT('',(0.363719439532,-0.551387301582,0.6300001));
#9105 = ADVANCED_FACE('',(#9106),#9120,.F.);
#9106 = FACE_BOUND('',#9107,.T.);
#9107 = EDGE_LOOP('',(#9108,#9109,#9114,#9115));
#9108 = ORIENTED_EDGE('',*,*,#8985,.T.);
#9109 = ORIENTED_EDGE('',*,*,#9110,.F.);
#9110 = EDGE_CURVE('',#8864,#8988,#9111,.T.);
#9111 = B_SPLINE_CURVE_WITH_KNOTS('',1,(#9112,#9113),.UNSPECIFIED.,.F.,
  .F.,(2,2),(-0.,1.E-03),.PIECEWISE_BEZIER_KNOTS.);
#9112 = CARTESIAN_POINT('',(0.346176643968,-0.583927565331,0.6310001));
#9113 = CARTESIAN_POINT('',(0.346176643968,-0.583927565331,0.6300001));
#9114 = ORIENTED_EDGE('',*,*,#8861,.F.);
#9115 = ORIENTED_EDGE('',*,*,#9116,.T.);
#9116 = EDGE_CURVE('',#8862,#8986,#9117,.T.);
#9117 = B_SPLINE_CURVE_WITH_KNOTS('',1,(#9118,#9119),.UNSPECIFIED.,.F.,
  .F.,(2,2),(-0.,1.E-03),.PIECEWISE_BEZIER_KNOTS.);
#9118 = CARTESIAN_POINT('',(0.337226407824,-0.583927565331,0.6310001));
#9119 = CARTESIAN_POINT('',(0.337226407824,-0.583927565331,0.6300001));
#9120 = B_SPLINE_SURFACE_WITH_KNOTS('',1,1,(
    (#9121,#9122)
    ,(#9123,#9124)),.UNSPECIFIED.,.F.,.F.,.F.,(2,2),(2,2),(-1.E-03,0.),(
    -8.95023614366E-03,-5.551115123126E-17),.PIECEWISE_BEZIER_KNOTS.);
#9121 = CARTESIAN_POINT('',(0.337226407824,-0.583927565331,0.6300001));
#9122 = CARTESIAN_POINT('',(0.346176643968,-0.583927565331,0.6300001));
#9123 = CARTESIAN_POINT('',(0.337226407824,-0.583927565331,0.6310001));
#9124 = CARTESIAN_POINT('',(0.346176643968,-0.583927565331,0.6310001));
#9125 = ADVANCED_FACE('',(#9126),#9136,.F.);
#9126 = FACE_BOUND('',#9127,.F.);
#9127 = EDGE_LOOP('',(#9128,#9129,#9130,#9135));
#9128 = ORIENTED_EDGE('',*,*,#9110,.F.);
#9129 = ORIENTED_EDGE('',*,*,#8870,.T.);
#9130 = ORIENTED_EDGE('',*,*,#9131,.T.);
#9131 = EDGE_CURVE('',#8871,#9027,#9132,.T.);
#9132 = B_SPLINE_CURVE_WITH_KNOTS('',1,(#9133,#9134),.UNSPECIFIED.,.F.,
  .F.,(2,2),(-0.,1.E-03),.PIECEWISE_BEZIER_KNOTS.);
#9133 = CARTESIAN_POINT('',(0.358811782167,-0.579369266626,0.6310001));
#9134 = CARTESIAN_POINT('',(0.358811782167,-0.579369266626,0.6300001));
#9135 = ORIENTED_EDGE('',*,*,#9035,.F.);
#9136 = B_SPLINE_SURFACE_WITH_KNOTS('',3,1,(
    (#9137,#9138)
    ,(#9139,#9140)
    ,(#9141,#9142)
    ,(#9143,#9144
    )),.UNSPECIFIED.,.F.,.F.,.F.,(4,4),(2,2),(5.,6.),(0.,1.),
  .PIECEWISE_BEZIER_KNOTS.);
#9137 = CARTESIAN_POINT('',(0.346176643968,-0.583927565331,0.6310001));
#9138 = CARTESIAN_POINT('',(0.346176643968,-0.583927565331,0.6300001));
#9139 = CARTESIAN_POINT('',(0.351325525169,-0.583927565331,0.6310001));
#9140 = CARTESIAN_POINT('',(0.351325525169,-0.583927565331,0.6300001));
#9141 = CARTESIAN_POINT('',(0.355542783278,-0.582413677805,0.6310001));
#9142 = CARTESIAN_POINT('',(0.355542783278,-0.582413677805,0.6300001));
#9143 = CARTESIAN_POINT('',(0.358811782167,-0.579369266626,0.6310001));
#9144 = CARTESIAN_POINT('',(0.358811782167,-0.579369266626,0.6300001));
#9145 = ADVANCED_FACE('',(#9146),#9156,.F.);
#9146 = FACE_BOUND('',#9147,.F.);
#9147 = EDGE_LOOP('',(#9148,#9149,#9150,#9155));
#9148 = ORIENTED_EDGE('',*,*,#9131,.F.);
#9149 = ORIENTED_EDGE('',*,*,#8879,.T.);
#9150 = ORIENTED_EDGE('',*,*,#9151,.T.);
#9151 = EDGE_CURVE('',#8880,#9018,#9152,.T.);
#9152 = B_SPLINE_CURVE_WITH_KNOTS('',1,(#9153,#9154),.UNSPECIFIED.,.F.,
  .F.,(2,2),(-0.,1.E-03),.PIECEWISE_BEZIER_KNOTS.);
#9153 = CARTESIAN_POINT('',(0.363719439532,-0.56724153029,0.6310001));
#9154 = CARTESIAN_POINT('',(0.363719439532,-0.56724153029,0.6300001));
#9155 = ORIENTED_EDGE('',*,*,#9026,.F.);
#9156 = B_SPLINE_SURFACE_WITH_KNOTS('',3,1,(
    (#9157,#9158)
    ,(#9159,#9160)
    ,(#9161,#9162)
    ,(#9163,#9164
    )),.UNSPECIFIED.,.F.,.F.,.F.,(4,4),(2,2),(4.,5.),(0.,1.),
  .PIECEWISE_BEZIER_KNOTS.);
#9157 = CARTESIAN_POINT('',(0.358811782167,-0.579369266626,0.6310001));
#9158 = CARTESIAN_POINT('',(0.358811782167,-0.579369266626,0.6300001));
#9159 = CARTESIAN_POINT('',(0.362080781056,-0.576324855447,0.6310001));
#9160 = CARTESIAN_POINT('',(0.362080781056,-0.576324855447,0.6300001));
#9161 = CARTESIAN_POINT('',(0.363719439532,-0.572282276669,0.6310001));
#9162 = CARTESIAN_POINT('',(0.363719439532,-0.572282276669,0.6300001));
#9163 = CARTESIAN_POINT('',(0.363719439532,-0.56724153029,0.6310001));
#9164 = CARTESIAN_POINT('',(0.363719439532,-0.56724153029,0.6300001));
#9165 = ADVANCED_FACE('',(#9166),#9176,.F.);
#9166 = FACE_BOUND('',#9167,.F.);
#9167 = EDGE_LOOP('',(#9168,#9169,#9170,#9175));
#9168 = ORIENTED_EDGE('',*,*,#9151,.F.);
#9169 = ORIENTED_EDGE('',*,*,#8888,.T.);
#9170 = ORIENTED_EDGE('',*,*,#9171,.T.);
#9171 = EDGE_CURVE('',#8889,#9009,#9172,.T.);
#9172 = B_SPLINE_CURVE_WITH_KNOTS('',1,(#9173,#9174),.UNSPECIFIED.,.F.,
  .F.,(2,2),(-0.,1.E-03),.PIECEWISE_BEZIER_KNOTS.);
#9173 = CARTESIAN_POINT('',(0.358811782167,-0.555696058387,0.6310001));
#9174 = CARTESIAN_POINT('',(0.358811782167,-0.555696058387,0.6300001));
#9175 = ORIENTED_EDGE('',*,*,#9017,.F.);
#9176 = B_SPLINE_SURFACE_WITH_KNOTS('',3,1,(
    (#9177,#9178)
    ,(#9179,#9180)
    ,(#9181,#9182)
    ,(#9183,#9184
    )),.UNSPECIFIED.,.F.,.F.,.F.,(4,4),(2,2),(3.,4.),(0.,1.),
  .PIECEWISE_BEZIER_KNOTS.);
#9177 = CARTESIAN_POINT('',(0.363719439532,-0.56724153029,0.6310001));
#9178 = CARTESIAN_POINT('',(0.363719439532,-0.56724153029,0.6300001));
#9179 = CARTESIAN_POINT('',(0.363719439532,-0.562417053558,0.6310001));
#9180 = CARTESIAN_POINT('',(0.363719439532,-0.562417053558,0.6300001));
#9181 = CARTESIAN_POINT('',(0.362080781056,-0.5585741083,0.6310001));
#9182 = CARTESIAN_POINT('',(0.362080781056,-0.5585741083,0.6300001));
#9183 = CARTESIAN_POINT('',(0.358811782167,-0.555696058387,0.6310001));
#9184 = CARTESIAN_POINT('',(0.358811782167,-0.555696058387,0.6300001));
#9185 = ADVANCED_FACE('',(#9186),#9196,.F.);
#9186 = FACE_BOUND('',#9187,.F.);
#9187 = EDGE_LOOP('',(#9188,#9189,#9190,#9195));
#9188 = ORIENTED_EDGE('',*,*,#9171,.F.);
#9189 = ORIENTED_EDGE('',*,*,#8897,.T.);
#9190 = ORIENTED_EDGE('',*,*,#9191,.T.);
#9191 = EDGE_CURVE('',#8898,#9002,#9192,.T.);
#9192 = B_SPLINE_CURVE_WITH_KNOTS('',1,(#9193,#9194),.UNSPECIFIED.,.F.,
  .F.,(2,2),(-0.,1.E-03),.PIECEWISE_BEZIER_KNOTS.);
#9193 = CARTESIAN_POINT('',(0.346509366501,-0.551387301582,0.6310001));
#9194 = CARTESIAN_POINT('',(0.346509366501,-0.551387301582,0.6300001));
#9195 = ORIENTED_EDGE('',*,*,#9008,.F.);
#9196 = B_SPLINE_SURFACE_WITH_KNOTS('',3,1,(
    (#9197,#9198)
    ,(#9199,#9200)
    ,(#9201,#9202)
    ,(#9203,#9204
    )),.UNSPECIFIED.,.F.,.F.,.F.,(4,4),(2,2),(2.,3.),(0.,1.),
  .PIECEWISE_BEZIER_KNOTS.);
#9197 = CARTESIAN_POINT('',(0.358811782167,-0.555696058387,0.6310001));
#9198 = CARTESIAN_POINT('',(0.358811782167,-0.555696058387,0.6300001));
#9199 = CARTESIAN_POINT('',(0.355542783278,-0.552818008475,0.6310001));
#9200 = CARTESIAN_POINT('',(0.355542783278,-0.552818008475,0.6300001));
#9201 = CARTESIAN_POINT('',(0.351441978056,-0.551387301582,0.6310001));
#9202 = CARTESIAN_POINT('',(0.351441978056,-0.551387301582,0.6300001));
#9203 = CARTESIAN_POINT('',(0.346509366501,-0.551387301582,0.6310001));
#9204 = CARTESIAN_POINT('',(0.346509366501,-0.551387301582,0.6300001));
#9205 = ADVANCED_FACE('',(#9206),#9216,.F.);
#9206 = FACE_BOUND('',#9207,.T.);
#9207 = EDGE_LOOP('',(#9208,#9209,#9214,#9215));
#9208 = ORIENTED_EDGE('',*,*,#9001,.T.);
#9209 = ORIENTED_EDGE('',*,*,#9210,.F.);
#9210 = EDGE_CURVE('',#8907,#8995,#9211,.T.);
#9211 = B_SPLINE_CURVE_WITH_KNOTS('',1,(#9212,#9213),.UNSPECIFIED.,.F.,
  .F.,(2,2),(-0.,1.E-03),.PIECEWISE_BEZIER_KNOTS.);
#9212 = CARTESIAN_POINT('',(0.337226407824,-0.551387301582,0.6310001));
#9213 = CARTESIAN_POINT('',(0.337226407824,-0.551387301582,0.6300001));
#9214 = ORIENTED_EDGE('',*,*,#8906,.F.);
#9215 = ORIENTED_EDGE('',*,*,#9191,.T.);
#9216 = B_SPLINE_SURFACE_WITH_KNOTS('',1,1,(
    (#9217,#9218)
    ,(#9219,#9220
    )),.UNSPECIFIED.,.F.,.F.,.F.,(2,2),(2,2),(0.,1.E-03),(0.,
    9.282958676723E-03),.PIECEWISE_BEZIER_KNOTS.);
#9217 = CARTESIAN_POINT('',(0.337226407824,-0.551387301582,0.6310001));
#9218 = CARTESIAN_POINT('',(0.346509366501,-0.551387301582,0.6310001));
#9219 = CARTESIAN_POINT('',(0.337226407824,-0.551387301582,0.6300001));
#9220 = CARTESIAN_POINT('',(0.346509366501,-0.551387301582,0.6300001));
#9221 = ADVANCED_FACE('',(#9222),#9228,.F.);
#9222 = FACE_BOUND('',#9223,.T.);
#9223 = EDGE_LOOP('',(#9224,#9225,#9226,#9227));
#9224 = ORIENTED_EDGE('',*,*,#8994,.T.);
#9225 = ORIENTED_EDGE('',*,*,#9116,.F.);
#9226 = ORIENTED_EDGE('',*,*,#8913,.F.);
#9227 = ORIENTED_EDGE('',*,*,#9210,.T.);
#9228 = B_SPLINE_SURFACE_WITH_KNOTS('',1,1,(
    (#9229,#9230)
    ,(#9231,#9232
    )),.UNSPECIFIED.,.F.,.F.,.F.,(2,2),(2,2),(0.,1.E-03),(0.,
    3.254026374901E-02),.PIECEWISE_BEZIER_KNOTS.);
#9229 = CARTESIAN_POINT('',(0.337226407824,-0.583927565331,0.6310001));
#9230 = CARTESIAN_POINT('',(0.337226407824,-0.551387301582,0.6310001));
#9231 = CARTESIAN_POINT('',(0.337226407824,-0.583927565331,0.6300001));
#9232 = CARTESIAN_POINT('',(0.337226407824,-0.551387301582,0.6300001));
#9233 = ADVANCED_FACE('',(#9234),#9248,.T.);
#9234 = FACE_BOUND('',#9235,.T.);
#9235 = EDGE_LOOP('',(#9236,#9237,#9242,#9243));
#9236 = ORIENTED_EDGE('',*,*,#9044,.F.);
#9237 = ORIENTED_EDGE('',*,*,#9238,.F.);
#9238 = EDGE_CURVE('',#8930,#9045,#9239,.T.);
#9239 = B_SPLINE_CURVE_WITH_KNOTS('',1,(#9240,#9241),.UNSPECIFIED.,.F.,
  .F.,(2,2),(-0.,1.E-03),.PIECEWISE_BEZIER_KNOTS.);
#9240 = CARTESIAN_POINT('',(0.346343005234,-0.555130430081,0.6310001));
#9241 = CARTESIAN_POINT('',(0.346343005234,-0.555130430081,0.6300001));
#9242 = ORIENTED_EDGE('',*,*,#8929,.T.);
#9243 = ORIENTED_EDGE('',*,*,#9244,.T.);
#9244 = EDGE_CURVE('',#8921,#9047,#9245,.T.);
#9245 = B_SPLINE_CURVE_WITH_KNOTS('',1,(#9246,#9247),.UNSPECIFIED.,.F.,
  .F.,(2,2),(-0.,1.E-03),.PIECEWISE_BEZIER_KNOTS.);
#9246 = CARTESIAN_POINT('',(0.341427029806,-0.555130430081,0.6310001));
#9247 = CARTESIAN_POINT('',(0.341427029806,-0.555130430081,0.6300001));
#9248 = B_SPLINE_SURFACE_WITH_KNOTS('',1,1,(
    (#9249,#9250)
    ,(#9251,#9252)),.UNSPECIFIED.,.F.,.F.,.F.,(2,2),(2,2),(0.,1.E-03),(
    -4.915975428289E-03,0.),.PIECEWISE_BEZIER_KNOTS.);
#9249 = CARTESIAN_POINT('',(0.341427029806,-0.555130430081,0.6310001));
#9250 = CARTESIAN_POINT('',(0.346343005234,-0.555130430081,0.6310001));
#9251 = CARTESIAN_POINT('',(0.341427029806,-0.555130430081,0.6300001));
#9252 = CARTESIAN_POINT('',(0.346343005234,-0.555130430081,0.6300001));
#9253 = ADVANCED_FACE('',(#9254),#9264,.T.);
#9254 = FACE_BOUND('',#9255,.T.);
#9255 = EDGE_LOOP('',(#9256,#9257,#9258,#9259));
#9256 = ORIENTED_EDGE('',*,*,#9053,.F.);
#9257 = ORIENTED_EDGE('',*,*,#9244,.F.);
#9258 = ORIENTED_EDGE('',*,*,#8920,.T.);
#9259 = ORIENTED_EDGE('',*,*,#9260,.T.);
#9260 = EDGE_CURVE('',#8923,#9054,#9261,.T.);
#9261 = B_SPLINE_CURVE_WITH_KNOTS('',1,(#9262,#9263),.UNSPECIFIED.,.F.,
  .F.,(2,2),(-0.,1.E-03),.PIECEWISE_BEZIER_KNOTS.);
#9262 = CARTESIAN_POINT('',(0.341427029806,-0.580217709086,0.6310001));
#9263 = CARTESIAN_POINT('',(0.341427029806,-0.580217709086,0.6300001));
#9264 = B_SPLINE_SURFACE_WITH_KNOTS('',1,1,(
    (#9265,#9266)
    ,(#9267,#9268)),.UNSPECIFIED.,.F.,.F.,.F.,(2,2),(2,2),(0.,1.E-03),(
    -2.508727900492E-02,0.),.PIECEWISE_BEZIER_KNOTS.);
#9265 = CARTESIAN_POINT('',(0.341427029806,-0.580217709086,0.6310001));
#9266 = CARTESIAN_POINT('',(0.341427029806,-0.555130430081,0.6310001));
#9267 = CARTESIAN_POINT('',(0.341427029806,-0.580217709086,0.6300001));
#9268 = CARTESIAN_POINT('',(0.341427029806,-0.555130430081,0.6300001));
#9269 = ADVANCED_FACE('',(#9270),#9280,.T.);
#9270 = FACE_BOUND('',#9271,.T.);
#9271 = EDGE_LOOP('',(#9272,#9273,#9274,#9275));
#9272 = ORIENTED_EDGE('',*,*,#9060,.F.);
#9273 = ORIENTED_EDGE('',*,*,#9260,.F.);
#9274 = ORIENTED_EDGE('',*,*,#8972,.T.);
#9275 = ORIENTED_EDGE('',*,*,#9276,.T.);
#9276 = EDGE_CURVE('',#8964,#9061,#9277,.T.);
#9277 = B_SPLINE_CURVE_WITH_KNOTS('',1,(#9278,#9279),.UNSPECIFIED.,.F.,
  .F.,(2,2),(-0.,1.E-03),.PIECEWISE_BEZIER_KNOTS.);
#9278 = CARTESIAN_POINT('',(0.346151689778,-0.580217709086,0.6310001));
#9279 = CARTESIAN_POINT('',(0.346151689778,-0.580217709086,0.6300001));
#9280 = B_SPLINE_SURFACE_WITH_KNOTS('',1,1,(
    (#9281,#9282)
    ,(#9283,#9284
    )),.UNSPECIFIED.,.F.,.F.,.F.,(2,2),(2,2),(-1.E-03,0.),(0.,
    4.724659971684E-03),.PIECEWISE_BEZIER_KNOTS.);
#9281 = CARTESIAN_POINT('',(0.341427029806,-0.580217709086,0.6300001));
#9282 = CARTESIAN_POINT('',(0.346151689778,-0.580217709086,0.6300001));
#9283 = CARTESIAN_POINT('',(0.341427029806,-0.580217709086,0.6310001));
#9284 = CARTESIAN_POINT('',(0.346151689778,-0.580217709086,0.6310001));
#9285 = ADVANCED_FACE('',(#9286),#9296,.T.);
#9286 = FACE_BOUND('',#9287,.T.);
#9287 = EDGE_LOOP('',(#9288,#9289,#9290,#9291));
#9288 = ORIENTED_EDGE('',*,*,#9067,.F.);
#9289 = ORIENTED_EDGE('',*,*,#9276,.F.);
#9290 = ORIENTED_EDGE('',*,*,#8963,.T.);
#9291 = ORIENTED_EDGE('',*,*,#9292,.T.);
#9292 = EDGE_CURVE('',#8955,#9068,#9293,.T.);
#9293 = B_SPLINE_CURVE_WITH_KNOTS('',1,(#9294,#9295),.UNSPECIFIED.,.F.,
  .F.,(2,2),(-0.,1.E-03),.PIECEWISE_BEZIER_KNOTS.);
#9294 = CARTESIAN_POINT('',(0.355825597431,-0.576823939247,0.6310001));
#9295 = CARTESIAN_POINT('',(0.355825597431,-0.576823939247,0.6300001));
#9296 = B_SPLINE_SURFACE_WITH_KNOTS('',3,1,(
    (#9297,#9298)
    ,(#9299,#9300)
    ,(#9301,#9302)
    ,(#9303,#9304
    )),.UNSPECIFIED.,.F.,.F.,.F.,(4,4),(2,2),(2.,3.),(0.,1.),
  .PIECEWISE_BEZIER_KNOTS.);
#9297 = CARTESIAN_POINT('',(0.346151689778,-0.580217709086,0.6310001));
#9298 = CARTESIAN_POINT('',(0.346151689778,-0.580217709086,0.6300001));
#9299 = CARTESIAN_POINT('',(0.350285767253,-0.580217709086,0.6310001));
#9300 = CARTESIAN_POINT('',(0.350285767253,-0.580217709086,0.6300001));
#9301 = CARTESIAN_POINT('',(0.353513175825,-0.579086452473,0.6310001));
#9302 = CARTESIAN_POINT('',(0.353513175825,-0.579086452473,0.6300001));
#9303 = CARTESIAN_POINT('',(0.355825597431,-0.576823939247,0.6310001));
#9304 = CARTESIAN_POINT('',(0.355825597431,-0.576823939247,0.6300001));
#9305 = ADVANCED_FACE('',(#9306),#9316,.T.);
#9306 = FACE_BOUND('',#9307,.T.);
#9307 = EDGE_LOOP('',(#9308,#9309,#9310,#9311));
#9308 = ORIENTED_EDGE('',*,*,#9076,.F.);
#9309 = ORIENTED_EDGE('',*,*,#9292,.F.);
#9310 = ORIENTED_EDGE('',*,*,#8954,.T.);
#9311 = ORIENTED_EDGE('',*,*,#9312,.T.);
#9312 = EDGE_CURVE('',#8946,#9077,#9313,.T.);
#9313 = B_SPLINE_CURVE_WITH_KNOTS('',1,(#9314,#9315),.UNSPECIFIED.,.F.,
  .F.,(2,2),(-0.,1.E-03),.PIECEWISE_BEZIER_KNOTS.);
#9314 = CARTESIAN_POINT('',(0.359302547903,-0.567357983177,0.6310001));
#9315 = CARTESIAN_POINT('',(0.359302547903,-0.567357983177,0.6300001));
#9316 = B_SPLINE_SURFACE_WITH_KNOTS('',3,1,(
    (#9317,#9318)
    ,(#9319,#9320)
    ,(#9321,#9322)
    ,(#9323,#9324
    )),.UNSPECIFIED.,.F.,.F.,.F.,(4,4),(2,2),(3.,4.),(0.,1.),
  .PIECEWISE_BEZIER_KNOTS.);
#9317 = CARTESIAN_POINT('',(0.355825597431,-0.576823939247,0.6310001));
#9318 = CARTESIAN_POINT('',(0.355825597431,-0.576823939247,0.6300001));
#9319 = CARTESIAN_POINT('',(0.3581463371,-0.574578062148,0.6310001));
#9320 = CARTESIAN_POINT('',(0.3581463371,-0.574578062148,0.6300001));
#9321 = CARTESIAN_POINT('',(0.359302547903,-0.571417198082,0.6310001));
#9322 = CARTESIAN_POINT('',(0.359302547903,-0.571417198082,0.6300001));
#9323 = CARTESIAN_POINT('',(0.359302547903,-0.567357983177,0.6310001));
#9324 = CARTESIAN_POINT('',(0.359302547903,-0.567357983177,0.6300001));
#9325 = ADVANCED_FACE('',(#9326),#9336,.T.);
#9326 = FACE_BOUND('',#9327,.T.);
#9327 = EDGE_LOOP('',(#9328,#9329,#9330,#9331));
#9328 = ORIENTED_EDGE('',*,*,#9085,.F.);
#9329 = ORIENTED_EDGE('',*,*,#9312,.F.);
#9330 = ORIENTED_EDGE('',*,*,#8945,.T.);
#9331 = ORIENTED_EDGE('',*,*,#9332,.T.);
#9332 = EDGE_CURVE('',#8937,#9086,#9333,.T.);
#9333 = B_SPLINE_CURVE_WITH_KNOTS('',1,(#9334,#9335),.UNSPECIFIED.,.F.,
  .F.,(2,2),(-0.,1.E-03),.PIECEWISE_BEZIER_KNOTS.);
#9334 = CARTESIAN_POINT('',(0.355734098734,-0.558191477386,0.6310001));
#9335 = CARTESIAN_POINT('',(0.355734098734,-0.558191477386,0.6300001));
#9336 = B_SPLINE_SURFACE_WITH_KNOTS('',3,1,(
    (#9337,#9338)
    ,(#9339,#9340)
    ,(#9341,#9342)
    ,(#9343,#9344
    )),.UNSPECIFIED.,.F.,.F.,.F.,(4,4),(2,2),(4.,5.),(0.,1.),
  .PIECEWISE_BEZIER_KNOTS.);
#9337 = CARTESIAN_POINT('',(0.359302547903,-0.567357983177,0.6310001));
#9338 = CARTESIAN_POINT('',(0.359302547903,-0.567357983177,0.6300001));
#9339 = CARTESIAN_POINT('',(0.359302547903,-0.563298768271,0.6310001));
#9340 = CARTESIAN_POINT('',(0.359302547903,-0.563298768271,0.6300001));
#9341 = CARTESIAN_POINT('',(0.358113064847,-0.560237720966,0.6310001));
#9342 = CARTESIAN_POINT('',(0.358113064847,-0.560237720966,0.6300001));
#9343 = CARTESIAN_POINT('',(0.355734098734,-0.558191477386,0.6310001));
#9344 = CARTESIAN_POINT('',(0.355734098734,-0.558191477386,0.6300001));
#9345 = ADVANCED_FACE('',(#9346),#9352,.T.);
#9346 = FACE_BOUND('',#9347,.T.);
#9347 = EDGE_LOOP('',(#9348,#9349,#9350,#9351));
#9348 = ORIENTED_EDGE('',*,*,#9094,.F.);
#9349 = ORIENTED_EDGE('',*,*,#9332,.F.);
#9350 = ORIENTED_EDGE('',*,*,#8936,.T.);
#9351 = ORIENTED_EDGE('',*,*,#9238,.T.);
#9352 = B_SPLINE_SURFACE_WITH_KNOTS('',3,1,(
    (#9353,#9354)
    ,(#9355,#9356)
    ,(#9357,#9358)
    ,(#9359,#9360
    )),.UNSPECIFIED.,.F.,.F.,.F.,(4,4),(2,2),(5.,6.),(0.,1.),
  .PIECEWISE_BEZIER_KNOTS.);
#9353 = CARTESIAN_POINT('',(0.355734098734,-0.558191477386,0.6310001));
#9354 = CARTESIAN_POINT('',(0.355734098734,-0.558191477386,0.6300001));
#9355 = CARTESIAN_POINT('',(0.353355132622,-0.556145233807,0.6310001));
#9356 = CARTESIAN_POINT('',(0.353355132622,-0.556145233807,0.6300001));
#9357 = CARTESIAN_POINT('',(0.350219222746,-0.555130430081,0.6310001));
#9358 = CARTESIAN_POINT('',(0.350219222746,-0.555130430081,0.6300001));
#9359 = CARTESIAN_POINT('',(0.346343005234,-0.555130430081,0.6310001));
#9360 = CARTESIAN_POINT('',(0.346343005234,-0.555130430081,0.6300001));
#9361 = MANIFOLD_SOLID_BREP('',#9362);
#9362 = CLOSED_SHELL('',(#9363,#9475,#9587,#9607,#9623,#9639,#9655,#9671
    ,#9687,#9703,#9715,#9735,#9751,#9771,#9787,#9807));
#9363 = ADVANCED_FACE('',(#9364,#9422),#9470,.F.);
#9364 = FACE_BOUND('',#9365,.T.);
#9365 = EDGE_LOOP('',(#9366,#9375,#9382,#9389,#9396,#9403,#9410,#9417));
#9366 = ORIENTED_EDGE('',*,*,#9367,.T.);
#9367 = EDGE_CURVE('',#9368,#9370,#9372,.T.);
#9368 = VERTEX_POINT('',#9369);
#9369 = CARTESIAN_POINT('',(0.394804042198,-0.583927565331,0.6310001));
#9370 = VERTEX_POINT('',#9371);
#9371 = CARTESIAN_POINT('',(0.382410127835,-0.551387301582,0.6310001));
#9372 = B_SPLINE_CURVE_WITH_KNOTS('',1,(#9373,#9374),.UNSPECIFIED.,.F.,
  .F.,(2,2),(-3.48206530392E-02,0.),.PIECEWISE_BEZIER_KNOTS.);
#9373 = CARTESIAN_POINT('',(0.394804042198,-0.583927565331,0.6310001));
#9374 = CARTESIAN_POINT('',(0.382410127835,-0.551387301582,0.6310001));
#9375 = ORIENTED_EDGE('',*,*,#9376,.T.);
#9376 = EDGE_CURVE('',#9370,#9377,#9379,.T.);
#9377 = VERTEX_POINT('',#9378);
#9378 = CARTESIAN_POINT('',(0.377918373637,-0.551387301582,0.6310001));
#9379 = B_SPLINE_CURVE_WITH_KNOTS('',1,(#9380,#9381),.UNSPECIFIED.,.F.,
  .F.,(2,2),(-4.491754198694E-03,-0.),.PIECEWISE_BEZIER_KNOTS.);
#9380 = CARTESIAN_POINT('',(0.382410127835,-0.551387301582,0.6310001));
#9381 = CARTESIAN_POINT('',(0.377918373637,-0.551387301582,0.6310001));
#9382 = ORIENTED_EDGE('',*,*,#9383,.T.);
#9383 = EDGE_CURVE('',#9377,#9384,#9386,.T.);
#9384 = VERTEX_POINT('',#9385);
#9385 = CARTESIAN_POINT('',(0.365524459274,-0.583927565331,0.6310001));
#9386 = B_SPLINE_CURVE_WITH_KNOTS('',1,(#9387,#9388),.UNSPECIFIED.,.F.,
  .F.,(2,2),(-3.482065303928E-02,-0.),.PIECEWISE_BEZIER_KNOTS.);
#9387 = CARTESIAN_POINT('',(0.377918373637,-0.551387301582,0.6310001));
#9388 = CARTESIAN_POINT('',(0.365524459274,-0.583927565331,0.6310001));
#9389 = ORIENTED_EDGE('',*,*,#9390,.T.);
#9390 = EDGE_CURVE('',#9384,#9391,#9393,.T.);
#9391 = VERTEX_POINT('',#9392);
#9392 = CARTESIAN_POINT('',(0.370165938613,-0.583927565331,0.6310001));
#9393 = B_SPLINE_CURVE_WITH_KNOTS('',1,(#9394,#9395),.UNSPECIFIED.,.F.,
  .F.,(2,2),(-4.641479338473E-03,0.),.PIECEWISE_BEZIER_KNOTS.);
#9394 = CARTESIAN_POINT('',(0.365524459274,-0.583927565331,0.6310001));
#9395 = CARTESIAN_POINT('',(0.370165938613,-0.583927565331,0.6310001));
#9396 = ORIENTED_EDGE('',*,*,#9397,.T.);
#9397 = EDGE_CURVE('',#9391,#9398,#9400,.T.);
#9398 = VERTEX_POINT('',#9399);
#9399 = CARTESIAN_POINT('',(0.373293530425,-0.575027237568,0.6310001));
#9400 = B_SPLINE_CURVE_WITH_KNOTS('',1,(#9401,#9402),.UNSPECIFIED.,.F.,
  .F.,(2,2),(-9.433857368122E-03,0.),.PIECEWISE_BEZIER_KNOTS.);
#9401 = CARTESIAN_POINT('',(0.370165938613,-0.583927565331,0.6310001));
#9402 = CARTESIAN_POINT('',(0.373293530425,-0.575027237568,0.6310001));
#9403 = ORIENTED_EDGE('',*,*,#9404,.T.);
#9404 = EDGE_CURVE('',#9398,#9405,#9407,.T.);
#9405 = VERTEX_POINT('',#9406);
#9406 = CARTESIAN_POINT('',(0.38684365559,-0.575027237568,0.6310001));
#9407 = B_SPLINE_CURVE_WITH_KNOTS('',1,(#9408,#9409),.UNSPECIFIED.,.F.,
  .F.,(2,2),(-1.355012516553E-02,0.),.PIECEWISE_BEZIER_KNOTS.);
#9408 = CARTESIAN_POINT('',(0.373293530425,-0.575027237568,0.6310001));
#9409 = CARTESIAN_POINT('',(0.38684365559,-0.575027237568,0.6310001));
#9410 = ORIENTED_EDGE('',*,*,#9411,.T.);
#9411 = EDGE_CURVE('',#9405,#9412,#9414,.T.);
#9412 = VERTEX_POINT('',#9413);
#9413 = CARTESIAN_POINT('',(0.39016256286,-0.583927565331,0.6310001));
#9414 = B_SPLINE_CURVE_WITH_KNOTS('',1,(#9415,#9416),.UNSPECIFIED.,.F.,
  .F.,(2,2),(-9.498998881923E-03,0.),.PIECEWISE_BEZIER_KNOTS.);
#9415 = CARTESIAN_POINT('',(0.38684365559,-0.575027237568,0.6310001));
#9416 = CARTESIAN_POINT('',(0.39016256286,-0.583927565331,0.6310001));
#9417 = ORIENTED_EDGE('',*,*,#9418,.T.);
#9418 = EDGE_CURVE('',#9412,#9368,#9419,.T.);
#9419 = B_SPLINE_CURVE_WITH_KNOTS('',1,(#9420,#9421),.UNSPECIFIED.,.F.,
  .F.,(2,2),(-4.641479338251E-03,0.),.PIECEWISE_BEZIER_KNOTS.);
#9420 = CARTESIAN_POINT('',(0.39016256286,-0.583927565331,0.6310001));
#9421 = CARTESIAN_POINT('',(0.394804042198,-0.583927565331,0.6310001));
#9422 = FACE_BOUND('',#9423,.T.);
#9423 = EDGE_LOOP('',(#9424,#9433,#9440,#9449,#9456,#9465));
#9424 = ORIENTED_EDGE('',*,*,#9425,.F.);
#9425 = EDGE_CURVE('',#9426,#9428,#9430,.T.);
#9426 = VERTEX_POINT('',#9427);
#9427 = CARTESIAN_POINT('',(0.374624420558,-0.571350653575,0.6310001));
#9428 = VERTEX_POINT('',#9429);
#9429 = CARTESIAN_POINT('',(0.385546037711,-0.571350653575,0.6310001));
#9430 = B_SPLINE_CURVE_WITH_KNOTS('',1,(#9431,#9432),.UNSPECIFIED.,.F.,
  .F.,(2,2),(0.,1.092161715297E-02),.PIECEWISE_BEZIER_KNOTS.);
#9431 = CARTESIAN_POINT('',(0.374624420558,-0.571350653575,0.6310001));
#9432 = CARTESIAN_POINT('',(0.385546037711,-0.571350653575,0.6310001));
#9433 = ORIENTED_EDGE('',*,*,#9434,.F.);
#9434 = EDGE_CURVE('',#9435,#9426,#9437,.T.);
#9435 = VERTEX_POINT('',#9436);
#9436 = CARTESIAN_POINT('',(0.379490487606,-0.5578254826,0.6310001));
#9437 = B_SPLINE_CURVE_WITH_KNOTS('',1,(#9438,#9439),.UNSPECIFIED.,.F.,
  .F.,(2,2),(-1.420517949911E-16,1.437389503354E-02),
  .PIECEWISE_BEZIER_KNOTS.);
#9438 = CARTESIAN_POINT('',(0.379490487606,-0.5578254826,0.6310001));
#9439 = CARTESIAN_POINT('',(0.374624420558,-0.571350653575,0.6310001));
#9440 = ORIENTED_EDGE('',*,*,#9441,.F.);
#9441 = EDGE_CURVE('',#9442,#9435,#9444,.T.);
#9442 = VERTEX_POINT('',#9443);
#9443 = CARTESIAN_POINT('',(0.380022843659,-0.555546333247,0.6310001));
#9444 = B_SPLINE_CURVE_WITH_KNOTS('',3,(#9445,#9446,#9447,#9448),
  .UNSPECIFIED.,.F.,.F.,(4,4),(3.,4.),.PIECEWISE_BEZIER_KNOTS.);
#9445 = CARTESIAN_POINT('',(0.380022843659,-0.555546333247,0.6310001));
#9446 = CARTESIAN_POINT('',(0.379864800456,-0.55652786472,0.6310001));
#9447 = CARTESIAN_POINT('',(0.379690121126,-0.557293126547,0.6310001));
#9448 = CARTESIAN_POINT('',(0.379490487606,-0.5578254826,0.6310001));
#9449 = ORIENTED_EDGE('',*,*,#9450,.F.);
#9450 = EDGE_CURVE('',#9451,#9442,#9453,.T.);
#9451 = VERTEX_POINT('',#9452);
#9452 = CARTESIAN_POINT('',(0.38012266042,-0.555546333247,0.6310001));
#9453 = B_SPLINE_CURVE_WITH_KNOTS('',1,(#9454,#9455),.UNSPECIFIED.,.F.,
  .F.,(2,2),(0.,9.98167600747E-05),.PIECEWISE_BEZIER_KNOTS.);
#9454 = CARTESIAN_POINT('',(0.38012266042,-0.555546333247,0.6310001));
#9455 = CARTESIAN_POINT('',(0.380022843659,-0.555546333247,0.6310001));
#9456 = ORIENTED_EDGE('',*,*,#9457,.F.);
#9457 = EDGE_CURVE('',#9458,#9451,#9460,.T.);
#9458 = VERTEX_POINT('',#9459);
#9459 = CARTESIAN_POINT('',(0.380630062283,-0.5578254826,0.6310001));
#9460 = B_SPLINE_CURVE_WITH_KNOTS('',3,(#9461,#9462,#9463,#9464),
  .UNSPECIFIED.,.F.,.F.,(4,4),(1.,2.),.PIECEWISE_BEZIER_KNOTS.);
#9461 = CARTESIAN_POINT('',(0.380630062283,-0.5578254826,0.6310001));
#9462 = CARTESIAN_POINT('',(0.380472019079,-0.55737630718,0.6310001));
#9463 = CARTESIAN_POINT('',(0.380305657813,-0.55662768148,0.6310001));
#9464 = CARTESIAN_POINT('',(0.38012266042,-0.555546333247,0.6310001));
#9465 = ORIENTED_EDGE('',*,*,#9466,.F.);
#9466 = EDGE_CURVE('',#9428,#9458,#9467,.T.);
#9467 = B_SPLINE_CURVE_WITH_KNOTS('',1,(#9468,#9469),.UNSPECIFIED.,.F.,
  .F.,(2,2),(0.,1.439086739331E-02),.PIECEWISE_BEZIER_KNOTS.);
#9468 = CARTESIAN_POINT('',(0.385546037711,-0.571350653575,0.6310001));
#9469 = CARTESIAN_POINT('',(0.380630062283,-0.5578254826,0.6310001));
#9470 = B_SPLINE_SURFACE_WITH_KNOTS('',1,1,(
    (#9471,#9472)
    ,(#9473,#9474
    )),.UNSPECIFIED.,.F.,.F.,.F.,(2,2),(2,2),(-0.394804042198,
    -0.365524459274),(-0.583927565331,-0.551387301582),
  .PIECEWISE_BEZIER_KNOTS.);
#9471 = CARTESIAN_POINT('',(0.394804042198,-0.583927565331,0.6310001));
#9472 = CARTESIAN_POINT('',(0.394804042198,-0.551387301582,0.6310001));
#9473 = CARTESIAN_POINT('',(0.365524459274,-0.583927565331,0.6310001));
#9474 = CARTESIAN_POINT('',(0.365524459274,-0.551387301582,0.6310001));
#9475 = ADVANCED_FACE('',(#9476,#9534),#9582,.T.);
#9476 = FACE_BOUND('',#9477,.T.);
#9477 = EDGE_LOOP('',(#9478,#9487,#9494,#9501,#9508,#9515,#9522,#9529));
#9478 = ORIENTED_EDGE('',*,*,#9479,.F.);
#9479 = EDGE_CURVE('',#9480,#9482,#9484,.T.);
#9480 = VERTEX_POINT('',#9481);
#9481 = CARTESIAN_POINT('',(0.394804042198,-0.583927565331,0.6300001));
#9482 = VERTEX_POINT('',#9483);
#9483 = CARTESIAN_POINT('',(0.382410127835,-0.551387301582,0.6300001));
#9484 = B_SPLINE_CURVE_WITH_KNOTS('',1,(#9485,#9486),.UNSPECIFIED.,.F.,
  .F.,(2,2),(-3.48206530392E-02,0.),.PIECEWISE_BEZIER_KNOTS.);
#9485 = CARTESIAN_POINT('',(0.394804042198,-0.583927565331,0.6300001));
#9486 = CARTESIAN_POINT('',(0.382410127835,-0.551387301582,0.6300001));
#9487 = ORIENTED_EDGE('',*,*,#9488,.F.);
#9488 = EDGE_CURVE('',#9489,#9480,#9491,.T.);
#9489 = VERTEX_POINT('',#9490);
#9490 = CARTESIAN_POINT('',(0.39016256286,-0.583927565331,0.6300001));
#9491 = B_SPLINE_CURVE_WITH_KNOTS('',1,(#9492,#9493),.UNSPECIFIED.,.F.,
  .F.,(2,2),(-4.641479338251E-03,0.),.PIECEWISE_BEZIER_KNOTS.);
#9492 = CARTESIAN_POINT('',(0.39016256286,-0.583927565331,0.6300001));
#9493 = CARTESIAN_POINT('',(0.394804042198,-0.583927565331,0.6300001));
#9494 = ORIENTED_EDGE('',*,*,#9495,.F.);
#9495 = EDGE_CURVE('',#9496,#9489,#9498,.T.);
#9496 = VERTEX_POINT('',#9497);
#9497 = CARTESIAN_POINT('',(0.38684365559,-0.575027237568,0.6300001));
#9498 = B_SPLINE_CURVE_WITH_KNOTS('',1,(#9499,#9500),.UNSPECIFIED.,.F.,
  .F.,(2,2),(-9.498998881923E-03,0.),.PIECEWISE_BEZIER_KNOTS.);
#9499 = CARTESIAN_POINT('',(0.38684365559,-0.575027237568,0.6300001));
#9500 = CARTESIAN_POINT('',(0.39016256286,-0.583927565331,0.6300001));
#9501 = ORIENTED_EDGE('',*,*,#9502,.F.);
#9502 = EDGE_CURVE('',#9503,#9496,#9505,.T.);
#9503 = VERTEX_POINT('',#9504);
#9504 = CARTESIAN_POINT('',(0.373293530425,-0.575027237568,0.6300001));
#9505 = B_SPLINE_CURVE_WITH_KNOTS('',1,(#9506,#9507),.UNSPECIFIED.,.F.,
  .F.,(2,2),(-1.355012516553E-02,0.),.PIECEWISE_BEZIER_KNOTS.);
#9506 = CARTESIAN_POINT('',(0.373293530425,-0.575027237568,0.6300001));
#9507 = CARTESIAN_POINT('',(0.38684365559,-0.575027237568,0.6300001));
#9508 = ORIENTED_EDGE('',*,*,#9509,.F.);
#9509 = EDGE_CURVE('',#9510,#9503,#9512,.T.);
#9510 = VERTEX_POINT('',#9511);
#9511 = CARTESIAN_POINT('',(0.370165938613,-0.583927565331,0.6300001));
#9512 = B_SPLINE_CURVE_WITH_KNOTS('',1,(#9513,#9514),.UNSPECIFIED.,.F.,
  .F.,(2,2),(-9.433857368122E-03,0.),.PIECEWISE_BEZIER_KNOTS.);
#9513 = CARTESIAN_POINT('',(0.370165938613,-0.583927565331,0.6300001));
#9514 = CARTESIAN_POINT('',(0.373293530425,-0.575027237568,0.6300001));
#9515 = ORIENTED_EDGE('',*,*,#9516,.F.);
#9516 = EDGE_CURVE('',#9517,#9510,#9519,.T.);
#9517 = VERTEX_POINT('',#9518);
#9518 = CARTESIAN_POINT('',(0.365524459274,-0.583927565331,0.6300001));
#9519 = B_SPLINE_CURVE_WITH_KNOTS('',1,(#9520,#9521),.UNSPECIFIED.,.F.,
  .F.,(2,2),(-4.641479338473E-03,0.),.PIECEWISE_BEZIER_KNOTS.);
#9520 = CARTESIAN_POINT('',(0.365524459274,-0.583927565331,0.6300001));
#9521 = CARTESIAN_POINT('',(0.370165938613,-0.583927565331,0.6300001));
#9522 = ORIENTED_EDGE('',*,*,#9523,.F.);
#9523 = EDGE_CURVE('',#9524,#9517,#9526,.T.);
#9524 = VERTEX_POINT('',#9525);
#9525 = CARTESIAN_POINT('',(0.377918373637,-0.551387301582,0.6300001));
#9526 = B_SPLINE_CURVE_WITH_KNOTS('',1,(#9527,#9528),.UNSPECIFIED.,.F.,
  .F.,(2,2),(-3.482065303928E-02,-0.),.PIECEWISE_BEZIER_KNOTS.);
#9527 = CARTESIAN_POINT('',(0.377918373637,-0.551387301582,0.6300001));
#9528 = CARTESIAN_POINT('',(0.365524459274,-0.583927565331,0.6300001));
#9529 = ORIENTED_EDGE('',*,*,#9530,.F.);
#9530 = EDGE_CURVE('',#9482,#9524,#9531,.T.);
#9531 = B_SPLINE_CURVE_WITH_KNOTS('',1,(#9532,#9533),.UNSPECIFIED.,.F.,
  .F.,(2,2),(-4.491754198694E-03,-0.),.PIECEWISE_BEZIER_KNOTS.);
#9532 = CARTESIAN_POINT('',(0.382410127835,-0.551387301582,0.6300001));
#9533 = CARTESIAN_POINT('',(0.377918373637,-0.551387301582,0.6300001));
#9534 = FACE_BOUND('',#9535,.T.);
#9535 = EDGE_LOOP('',(#9536,#9545,#9552,#9559,#9568,#9575));
#9536 = ORIENTED_EDGE('',*,*,#9537,.T.);
#9537 = EDGE_CURVE('',#9538,#9540,#9542,.T.);
#9538 = VERTEX_POINT('',#9539);
#9539 = CARTESIAN_POINT('',(0.379490487606,-0.5578254826,0.6300001));
#9540 = VERTEX_POINT('',#9541);
#9541 = CARTESIAN_POINT('',(0.374624420558,-0.571350653575,0.6300001));
#9542 = B_SPLINE_CURVE_WITH_KNOTS('',1,(#9543,#9544),.UNSPECIFIED.,.F.,
  .F.,(2,2),(-1.044668560194E-16,1.437389503354E-02),
  .PIECEWISE_BEZIER_KNOTS.);
#9543 = CARTESIAN_POINT('',(0.379490487606,-0.5578254826,0.6300001));
#9544 = CARTESIAN_POINT('',(0.374624420558,-0.571350653575,0.6300001));
#9545 = ORIENTED_EDGE('',*,*,#9546,.T.);
#9546 = EDGE_CURVE('',#9540,#9547,#9549,.T.);
#9547 = VERTEX_POINT('',#9548);
#9548 = CARTESIAN_POINT('',(0.385546037711,-0.571350653575,0.6300001));
#9549 = B_SPLINE_CURVE_WITH_KNOTS('',1,(#9550,#9551),.UNSPECIFIED.,.F.,
  .F.,(2,2),(0.,1.092161715297E-02),.PIECEWISE_BEZIER_KNOTS.);
#9550 = CARTESIAN_POINT('',(0.374624420558,-0.571350653575,0.6300001));
#9551 = CARTESIAN_POINT('',(0.385546037711,-0.571350653575,0.6300001));
#9552 = ORIENTED_EDGE('',*,*,#9553,.T.);
#9553 = EDGE_CURVE('',#9547,#9554,#9556,.T.);
#9554 = VERTEX_POINT('',#9555);
#9555 = CARTESIAN_POINT('',(0.380630062283,-0.5578254826,0.6300001));
#9556 = B_SPLINE_CURVE_WITH_KNOTS('',1,(#9557,#9558),.UNSPECIFIED.,.F.,
  .F.,(2,2),(0.,1.439086739331E-02),.PIECEWISE_BEZIER_KNOTS.);
#9557 = CARTESIAN_POINT('',(0.385546037711,-0.571350653575,0.6300001));
#9558 = CARTESIAN_POINT('',(0.380630062283,-0.5578254826,0.6300001));
#9559 = ORIENTED_EDGE('',*,*,#9560,.T.);
#9560 = EDGE_CURVE('',#9554,#9561,#9563,.T.);
#9561 = VERTEX_POINT('',#9562);
#9562 = CARTESIAN_POINT('',(0.38012266042,-0.555546333247,0.6300001));
#9563 = B_SPLINE_CURVE_WITH_KNOTS('',3,(#9564,#9565,#9566,#9567),
  .UNSPECIFIED.,.F.,.F.,(4,4),(1.,2.),.PIECEWISE_BEZIER_KNOTS.);
#9564 = CARTESIAN_POINT('',(0.380630062283,-0.5578254826,0.6300001));
#9565 = CARTESIAN_POINT('',(0.380472019079,-0.55737630718,0.6300001));
#9566 = CARTESIAN_POINT('',(0.380305657813,-0.55662768148,0.6300001));
#9567 = CARTESIAN_POINT('',(0.38012266042,-0.555546333247,0.6300001));
#9568 = ORIENTED_EDGE('',*,*,#9569,.T.);
#9569 = EDGE_CURVE('',#9561,#9570,#9572,.T.);
#9570 = VERTEX_POINT('',#9571);
#9571 = CARTESIAN_POINT('',(0.380022843659,-0.555546333247,0.6300001));
#9572 = B_SPLINE_CURVE_WITH_KNOTS('',1,(#9573,#9574),.UNSPECIFIED.,.F.,
  .F.,(2,2),(0.,9.98167600747E-05),.PIECEWISE_BEZIER_KNOTS.);
#9573 = CARTESIAN_POINT('',(0.38012266042,-0.555546333247,0.6300001));
#9574 = CARTESIAN_POINT('',(0.380022843659,-0.555546333247,0.6300001));
#9575 = ORIENTED_EDGE('',*,*,#9576,.T.);
#9576 = EDGE_CURVE('',#9570,#9538,#9577,.T.);
#9577 = B_SPLINE_CURVE_WITH_KNOTS('',3,(#9578,#9579,#9580,#9581),
  .UNSPECIFIED.,.F.,.F.,(4,4),(3.,4.),.PIECEWISE_BEZIER_KNOTS.);
#9578 = CARTESIAN_POINT('',(0.380022843659,-0.555546333247,0.6300001));
#9579 = CARTESIAN_POINT('',(0.379864800456,-0.55652786472,0.6300001));
#9580 = CARTESIAN_POINT('',(0.379690121126,-0.557293126547,0.6300001));
#9581 = CARTESIAN_POINT('',(0.379490487606,-0.5578254826,0.6300001));
#9582 = B_SPLINE_SURFACE_WITH_KNOTS('',1,1,(
    (#9583,#9584)
    ,(#9585,#9586
    )),.UNSPECIFIED.,.F.,.F.,.F.,(2,2),(2,2),(-0.394804042198,
    -0.365524459274),(-0.583927565331,-0.551387301582),
  .PIECEWISE_BEZIER_KNOTS.);
#9583 = CARTESIAN_POINT('',(0.394804042198,-0.583927565331,0.6300001));
#9584 = CARTESIAN_POINT('',(0.394804042198,-0.551387301582,0.6300001));
#9585 = CARTESIAN_POINT('',(0.365524459274,-0.583927565331,0.6300001));
#9586 = CARTESIAN_POINT('',(0.365524459274,-0.551387301582,0.6300001));
#9587 = ADVANCED_FACE('',(#9588),#9602,.F.);
#9588 = FACE_BOUND('',#9589,.T.);
#9589 = EDGE_LOOP('',(#9590,#9591,#9596,#9597));
#9590 = ORIENTED_EDGE('',*,*,#9479,.T.);
#9591 = ORIENTED_EDGE('',*,*,#9592,.F.);
#9592 = EDGE_CURVE('',#9370,#9482,#9593,.T.);
#9593 = B_SPLINE_CURVE_WITH_KNOTS('',1,(#9594,#9595),.UNSPECIFIED.,.F.,
  .F.,(2,2),(-0.,1.E-03),.PIECEWISE_BEZIER_KNOTS.);
#9594 = CARTESIAN_POINT('',(0.382410127835,-0.551387301582,0.6310001));
#9595 = CARTESIAN_POINT('',(0.382410127835,-0.551387301582,0.6300001));
#9596 = ORIENTED_EDGE('',*,*,#9367,.F.);
#9597 = ORIENTED_EDGE('',*,*,#9598,.T.);
#9598 = EDGE_CURVE('',#9368,#9480,#9599,.T.);
#9599 = B_SPLINE_CURVE_WITH_KNOTS('',1,(#9600,#9601),.UNSPECIFIED.,.F.,
  .F.,(2,2),(-0.,1.E-03),.PIECEWISE_BEZIER_KNOTS.);
#9600 = CARTESIAN_POINT('',(0.394804042198,-0.583927565331,0.6310001));
#9601 = CARTESIAN_POINT('',(0.394804042198,-0.583927565331,0.6300001));
#9602 = B_SPLINE_SURFACE_WITH_KNOTS('',1,1,(
    (#9603,#9604)
    ,(#9605,#9606
    )),.UNSPECIFIED.,.F.,.F.,.F.,(2,2),(2,2),(0.,3.48206530392E-02),(
    -1.E-03,0.),.PIECEWISE_BEZIER_KNOTS.);
#9603 = CARTESIAN_POINT('',(0.382410127835,-0.551387301582,0.6300001));
#9604 = CARTESIAN_POINT('',(0.382410127835,-0.551387301582,0.6310001));
#9605 = CARTESIAN_POINT('',(0.394804042198,-0.583927565331,0.6300001));
#9606 = CARTESIAN_POINT('',(0.394804042198,-0.583927565331,0.6310001));
#9607 = ADVANCED_FACE('',(#9608),#9618,.F.);
#9608 = FACE_BOUND('',#9609,.T.);
#9609 = EDGE_LOOP('',(#9610,#9611,#9616,#9617));
#9610 = ORIENTED_EDGE('',*,*,#9530,.T.);
#9611 = ORIENTED_EDGE('',*,*,#9612,.F.);
#9612 = EDGE_CURVE('',#9377,#9524,#9613,.T.);
#9613 = B_SPLINE_CURVE_WITH_KNOTS('',1,(#9614,#9615),.UNSPECIFIED.,.F.,
  .F.,(2,2),(-0.,1.E-03),.PIECEWISE_BEZIER_KNOTS.);
#9614 = CARTESIAN_POINT('',(0.377918373637,-0.551387301582,0.6310001));
#9615 = CARTESIAN_POINT('',(0.377918373637,-0.551387301582,0.6300001));
#9616 = ORIENTED_EDGE('',*,*,#9376,.F.);
#9617 = ORIENTED_EDGE('',*,*,#9592,.T.);
#9618 = B_SPLINE_SURFACE_WITH_KNOTS('',1,1,(
    (#9619,#9620)
    ,(#9621,#9622
    )),.UNSPECIFIED.,.F.,.F.,.F.,(2,2),(2,2),(0.,1.E-03),(0.,
    4.491754198694E-03),.PIECEWISE_BEZIER_KNOTS.);
#9619 = CARTESIAN_POINT('',(0.377918373637,-0.551387301582,0.6310001));
#9620 = CARTESIAN_POINT('',(0.382410127835,-0.551387301582,0.6310001));
#9621 = CARTESIAN_POINT('',(0.377918373637,-0.551387301582,0.6300001));
#9622 = CARTESIAN_POINT('',(0.382410127835,-0.551387301582,0.6300001));
#9623 = ADVANCED_FACE('',(#9624),#9634,.F.);
#9624 = FACE_BOUND('',#9625,.T.);
#9625 = EDGE_LOOP('',(#9626,#9627,#9632,#9633));
#9626 = ORIENTED_EDGE('',*,*,#9523,.T.);
#9627 = ORIENTED_EDGE('',*,*,#9628,.F.);
#9628 = EDGE_CURVE('',#9384,#9517,#9629,.T.);
#9629 = B_SPLINE_CURVE_WITH_KNOTS('',1,(#9630,#9631),.UNSPECIFIED.,.F.,
  .F.,(2,2),(-0.,1.E-03),.PIECEWISE_BEZIER_KNOTS.);
#9630 = CARTESIAN_POINT('',(0.365524459274,-0.583927565331,0.6310001));
#9631 = CARTESIAN_POINT('',(0.365524459274,-0.583927565331,0.6300001));
#9632 = ORIENTED_EDGE('',*,*,#9383,.F.);
#9633 = ORIENTED_EDGE('',*,*,#9612,.T.);
#9634 = B_SPLINE_SURFACE_WITH_KNOTS('',1,1,(
    (#9635,#9636)
    ,(#9637,#9638
    )),.UNSPECIFIED.,.F.,.F.,.F.,(2,2),(2,2),(0.,3.482065303928E-02),(
    -1.E-03,0.),.PIECEWISE_BEZIER_KNOTS.);
#9635 = CARTESIAN_POINT('',(0.365524459274,-0.583927565331,0.6300001));
#9636 = CARTESIAN_POINT('',(0.365524459274,-0.583927565331,0.6310001));
#9637 = CARTESIAN_POINT('',(0.377918373637,-0.551387301582,0.6300001));
#9638 = CARTESIAN_POINT('',(0.377918373637,-0.551387301582,0.6310001));
#9639 = ADVANCED_FACE('',(#9640),#9650,.F.);
#9640 = FACE_BOUND('',#9641,.T.);
#9641 = EDGE_LOOP('',(#9642,#9643,#9648,#9649));
#9642 = ORIENTED_EDGE('',*,*,#9516,.T.);
#9643 = ORIENTED_EDGE('',*,*,#9644,.F.);
#9644 = EDGE_CURVE('',#9391,#9510,#9645,.T.);
#9645 = B_SPLINE_CURVE_WITH_KNOTS('',1,(#9646,#9647),.UNSPECIFIED.,.F.,
  .F.,(2,2),(-0.,1.E-03),.PIECEWISE_BEZIER_KNOTS.);
#9646 = CARTESIAN_POINT('',(0.370165938613,-0.583927565331,0.6310001));
#9647 = CARTESIAN_POINT('',(0.370165938613,-0.583927565331,0.6300001));
#9648 = ORIENTED_EDGE('',*,*,#9390,.F.);
#9649 = ORIENTED_EDGE('',*,*,#9628,.T.);
#9650 = B_SPLINE_SURFACE_WITH_KNOTS('',1,1,(
    (#9651,#9652)
    ,(#9653,#9654)),.UNSPECIFIED.,.F.,.F.,.F.,(2,2),(2,2),(-1.E-03,0.),(
    -4.641479338473E-03,0.),.PIECEWISE_BEZIER_KNOTS.);
#9651 = CARTESIAN_POINT('',(0.365524459274,-0.583927565331,0.6300001));
#9652 = CARTESIAN_POINT('',(0.370165938613,-0.583927565331,0.6300001));
#9653 = CARTESIAN_POINT('',(0.365524459274,-0.583927565331,0.6310001));
#9654 = CARTESIAN_POINT('',(0.370165938613,-0.583927565331,0.6310001));
#9655 = ADVANCED_FACE('',(#9656),#9666,.F.);
#9656 = FACE_BOUND('',#9657,.T.);
#9657 = EDGE_LOOP('',(#9658,#9659,#9664,#9665));
#9658 = ORIENTED_EDGE('',*,*,#9509,.T.);
#9659 = ORIENTED_EDGE('',*,*,#9660,.F.);
#9660 = EDGE_CURVE('',#9398,#9503,#9661,.T.);
#9661 = B_SPLINE_CURVE_WITH_KNOTS('',1,(#9662,#9663),.UNSPECIFIED.,.F.,
  .F.,(2,2),(-0.,1.E-03),.PIECEWISE_BEZIER_KNOTS.);
#9662 = CARTESIAN_POINT('',(0.373293530425,-0.575027237568,0.6310001));
#9663 = CARTESIAN_POINT('',(0.373293530425,-0.575027237568,0.6300001));
#9664 = ORIENTED_EDGE('',*,*,#9397,.F.);
#9665 = ORIENTED_EDGE('',*,*,#9644,.T.);
#9666 = B_SPLINE_SURFACE_WITH_KNOTS('',1,1,(
    (#9667,#9668)
    ,(#9669,#9670
    )),.UNSPECIFIED.,.F.,.F.,.F.,(2,2),(2,2),(-0.,9.433857368122E-03),(
    -1.E-03,0.),.PIECEWISE_BEZIER_KNOTS.);
#9667 = CARTESIAN_POINT('',(0.373293530425,-0.575027237568,0.6300001));
#9668 = CARTESIAN_POINT('',(0.373293530425,-0.575027237568,0.6310001));
#9669 = CARTESIAN_POINT('',(0.370165938613,-0.583927565331,0.6300001));
#9670 = CARTESIAN_POINT('',(0.370165938613,-0.583927565331,0.6310001));
#9671 = ADVANCED_FACE('',(#9672),#9682,.F.);
#9672 = FACE_BOUND('',#9673,.T.);
#9673 = EDGE_LOOP('',(#9674,#9675,#9680,#9681));
#9674 = ORIENTED_EDGE('',*,*,#9502,.T.);
#9675 = ORIENTED_EDGE('',*,*,#9676,.F.);
#9676 = EDGE_CURVE('',#9405,#9496,#9677,.T.);
#9677 = B_SPLINE_CURVE_WITH_KNOTS('',1,(#9678,#9679),.UNSPECIFIED.,.F.,
  .F.,(2,2),(-0.,1.E-03),.PIECEWISE_BEZIER_KNOTS.);
#9678 = CARTESIAN_POINT('',(0.38684365559,-0.575027237568,0.6310001));
#9679 = CARTESIAN_POINT('',(0.38684365559,-0.575027237568,0.6300001));
#9680 = ORIENTED_EDGE('',*,*,#9404,.F.);
#9681 = ORIENTED_EDGE('',*,*,#9660,.T.);
#9682 = B_SPLINE_SURFACE_WITH_KNOTS('',1,1,(
    (#9683,#9684)
    ,(#9685,#9686)),.UNSPECIFIED.,.F.,.F.,.F.,(2,2),(2,2),(-1.E-03,0.),(
    -1.355012516553E-02,0.),.PIECEWISE_BEZIER_KNOTS.);
#9683 = CARTESIAN_POINT('',(0.373293530425,-0.575027237568,0.6300001));
#9684 = CARTESIAN_POINT('',(0.38684365559,-0.575027237568,0.6300001));
#9685 = CARTESIAN_POINT('',(0.373293530425,-0.575027237568,0.6310001));
#9686 = CARTESIAN_POINT('',(0.38684365559,-0.575027237568,0.6310001));
#9687 = ADVANCED_FACE('',(#9688),#9698,.F.);
#9688 = FACE_BOUND('',#9689,.T.);
#9689 = EDGE_LOOP('',(#9690,#9691,#9696,#9697));
#9690 = ORIENTED_EDGE('',*,*,#9495,.T.);
#9691 = ORIENTED_EDGE('',*,*,#9692,.F.);
#9692 = EDGE_CURVE('',#9412,#9489,#9693,.T.);
#9693 = B_SPLINE_CURVE_WITH_KNOTS('',1,(#9694,#9695),.UNSPECIFIED.,.F.,
  .F.,(2,2),(-0.,1.E-03),.PIECEWISE_BEZIER_KNOTS.);
#9694 = CARTESIAN_POINT('',(0.39016256286,-0.583927565331,0.6310001));
#9695 = CARTESIAN_POINT('',(0.39016256286,-0.583927565331,0.6300001));
#9696 = ORIENTED_EDGE('',*,*,#9411,.F.);
#9697 = ORIENTED_EDGE('',*,*,#9676,.T.);
#9698 = B_SPLINE_SURFACE_WITH_KNOTS('',1,1,(
    (#9699,#9700)
    ,(#9701,#9702
    )),.UNSPECIFIED.,.F.,.F.,.F.,(2,2),(2,2),(0.,9.498998881923E-03),(
    -1.E-03,0.),.PIECEWISE_BEZIER_KNOTS.);
#9699 = CARTESIAN_POINT('',(0.39016256286,-0.583927565331,0.6300001));
#9700 = CARTESIAN_POINT('',(0.39016256286,-0.583927565331,0.6310001));
#9701 = CARTESIAN_POINT('',(0.38684365559,-0.575027237568,0.6300001));
#9702 = CARTESIAN_POINT('',(0.38684365559,-0.575027237568,0.6310001));
#9703 = ADVANCED_FACE('',(#9704),#9710,.F.);
#9704 = FACE_BOUND('',#9705,.T.);
#9705 = EDGE_LOOP('',(#9706,#9707,#9708,#9709));
#9706 = ORIENTED_EDGE('',*,*,#9488,.T.);
#9707 = ORIENTED_EDGE('',*,*,#9598,.F.);
#9708 = ORIENTED_EDGE('',*,*,#9418,.F.);
#9709 = ORIENTED_EDGE('',*,*,#9692,.T.);
#9710 = B_SPLINE_SURFACE_WITH_KNOTS('',1,1,(
    (#9711,#9712)
    ,(#9713,#9714)),.UNSPECIFIED.,.F.,.F.,.F.,(2,2),(2,2),(-1.E-03,0.),(
    -4.641479338251E-03,0.),.PIECEWISE_BEZIER_KNOTS.);
#9711 = CARTESIAN_POINT('',(0.39016256286,-0.583927565331,0.6300001));
#9712 = CARTESIAN_POINT('',(0.394804042198,-0.583927565331,0.6300001));
#9713 = CARTESIAN_POINT('',(0.39016256286,-0.583927565331,0.6310001));
#9714 = CARTESIAN_POINT('',(0.394804042198,-0.583927565331,0.6310001));
#9715 = ADVANCED_FACE('',(#9716),#9730,.T.);
#9716 = FACE_BOUND('',#9717,.T.);
#9717 = EDGE_LOOP('',(#9718,#9719,#9724,#9725));
#9718 = ORIENTED_EDGE('',*,*,#9546,.F.);
#9719 = ORIENTED_EDGE('',*,*,#9720,.F.);
#9720 = EDGE_CURVE('',#9426,#9540,#9721,.T.);
#9721 = B_SPLINE_CURVE_WITH_KNOTS('',1,(#9722,#9723),.UNSPECIFIED.,.F.,
  .F.,(2,2),(-0.,1.E-03),.PIECEWISE_BEZIER_KNOTS.);
#9722 = CARTESIAN_POINT('',(0.374624420558,-0.571350653575,0.6310001));
#9723 = CARTESIAN_POINT('',(0.374624420558,-0.571350653575,0.6300001));
#9724 = ORIENTED_EDGE('',*,*,#9425,.T.);
#9725 = ORIENTED_EDGE('',*,*,#9726,.T.);
#9726 = EDGE_CURVE('',#9428,#9547,#9727,.T.);
#9727 = B_SPLINE_CURVE_WITH_KNOTS('',1,(#9728,#9729),.UNSPECIFIED.,.F.,
  .F.,(2,2),(-0.,1.E-03),.PIECEWISE_BEZIER_KNOTS.);
#9728 = CARTESIAN_POINT('',(0.385546037711,-0.571350653575,0.6310001));
#9729 = CARTESIAN_POINT('',(0.385546037711,-0.571350653575,0.6300001));
#9730 = B_SPLINE_SURFACE_WITH_KNOTS('',1,1,(
    (#9731,#9732)
    ,(#9733,#9734
    )),.UNSPECIFIED.,.F.,.F.,.F.,(2,2),(2,2),(-1.E-03,0.),(0.,
    1.092161715297E-02),.PIECEWISE_BEZIER_KNOTS.);
#9731 = CARTESIAN_POINT('',(0.374624420558,-0.571350653575,0.6300001));
#9732 = CARTESIAN_POINT('',(0.385546037711,-0.571350653575,0.6300001));
#9733 = CARTESIAN_POINT('',(0.374624420558,-0.571350653575,0.6310001));
#9734 = CARTESIAN_POINT('',(0.385546037711,-0.571350653575,0.6310001));
#9735 = ADVANCED_FACE('',(#9736),#9746,.T.);
#9736 = FACE_BOUND('',#9737,.T.);
#9737 = EDGE_LOOP('',(#9738,#9739,#9740,#9741));
#9738 = ORIENTED_EDGE('',*,*,#9553,.F.);
#9739 = ORIENTED_EDGE('',*,*,#9726,.F.);
#9740 = ORIENTED_EDGE('',*,*,#9466,.T.);
#9741 = ORIENTED_EDGE('',*,*,#9742,.T.);
#9742 = EDGE_CURVE('',#9458,#9554,#9743,.T.);
#9743 = B_SPLINE_CURVE_WITH_KNOTS('',1,(#9744,#9745),.UNSPECIFIED.,.F.,
  .F.,(2,2),(-0.,1.E-03),.PIECEWISE_BEZIER_KNOTS.);
#9744 = CARTESIAN_POINT('',(0.380630062283,-0.5578254826,0.6310001));
#9745 = CARTESIAN_POINT('',(0.380630062283,-0.5578254826,0.6300001));
#9746 = B_SPLINE_SURFACE_WITH_KNOTS('',1,1,(
    (#9747,#9748)
    ,(#9749,#9750
    )),.UNSPECIFIED.,.F.,.F.,.F.,(2,2),(2,2),(-1.439086739331E-02,0.),(
    -1.E-03,0.),.PIECEWISE_BEZIER_KNOTS.);
#9747 = CARTESIAN_POINT('',(0.380630062283,-0.5578254826,0.6300001));
#9748 = CARTESIAN_POINT('',(0.380630062283,-0.5578254826,0.6310001));
#9749 = CARTESIAN_POINT('',(0.385546037711,-0.571350653575,0.6300001));
#9750 = CARTESIAN_POINT('',(0.385546037711,-0.571350653575,0.6310001));
#9751 = ADVANCED_FACE('',(#9752),#9762,.T.);
#9752 = FACE_BOUND('',#9753,.T.);
#9753 = EDGE_LOOP('',(#9754,#9755,#9756,#9757));
#9754 = ORIENTED_EDGE('',*,*,#9560,.F.);
#9755 = ORIENTED_EDGE('',*,*,#9742,.F.);
#9756 = ORIENTED_EDGE('',*,*,#9457,.T.);
#9757 = ORIENTED_EDGE('',*,*,#9758,.T.);
#9758 = EDGE_CURVE('',#9451,#9561,#9759,.T.);
#9759 = B_SPLINE_CURVE_WITH_KNOTS('',1,(#9760,#9761),.UNSPECIFIED.,.F.,
  .F.,(2,2),(-0.,1.E-03),.PIECEWISE_BEZIER_KNOTS.);
#9760 = CARTESIAN_POINT('',(0.38012266042,-0.555546333247,0.6310001));
#9761 = CARTESIAN_POINT('',(0.38012266042,-0.555546333247,0.6300001));
#9762 = B_SPLINE_SURFACE_WITH_KNOTS('',3,1,(
    (#9763,#9764)
    ,(#9765,#9766)
    ,(#9767,#9768)
    ,(#9769,#9770
    )),.UNSPECIFIED.,.F.,.F.,.F.,(4,4),(2,2),(1.,2.),(0.,1.),
  .PIECEWISE_BEZIER_KNOTS.);
#9763 = CARTESIAN_POINT('',(0.380630062283,-0.5578254826,0.6310001));
#9764 = CARTESIAN_POINT('',(0.380630062283,-0.5578254826,0.6300001));
#9765 = CARTESIAN_POINT('',(0.380472019079,-0.55737630718,0.6310001));
#9766 = CARTESIAN_POINT('',(0.380472019079,-0.55737630718,0.6300001));
#9767 = CARTESIAN_POINT('',(0.380305657813,-0.55662768148,0.6310001));
#9768 = CARTESIAN_POINT('',(0.380305657813,-0.55662768148,0.6300001));
#9769 = CARTESIAN_POINT('',(0.38012266042,-0.555546333247,0.6310001));
#9770 = CARTESIAN_POINT('',(0.38012266042,-0.555546333247,0.6300001));
#9771 = ADVANCED_FACE('',(#9772),#9782,.T.);
#9772 = FACE_BOUND('',#9773,.T.);
#9773 = EDGE_LOOP('',(#9774,#9775,#9776,#9777));
#9774 = ORIENTED_EDGE('',*,*,#9569,.F.);
#9775 = ORIENTED_EDGE('',*,*,#9758,.F.);
#9776 = ORIENTED_EDGE('',*,*,#9450,.T.);
#9777 = ORIENTED_EDGE('',*,*,#9778,.T.);
#9778 = EDGE_CURVE('',#9442,#9570,#9779,.T.);
#9779 = B_SPLINE_CURVE_WITH_KNOTS('',1,(#9780,#9781),.UNSPECIFIED.,.F.,
  .F.,(2,2),(-0.,1.E-03),.PIECEWISE_BEZIER_KNOTS.);
#9780 = CARTESIAN_POINT('',(0.380022843659,-0.555546333247,0.6310001));
#9781 = CARTESIAN_POINT('',(0.380022843659,-0.555546333247,0.6300001));
#9782 = B_SPLINE_SURFACE_WITH_KNOTS('',1,1,(
    (#9783,#9784)
    ,(#9785,#9786
    )),.UNSPECIFIED.,.F.,.F.,.F.,(2,2),(2,2),(0.,1.E-03),(
    -9.98167600747E-05,0.),.PIECEWISE_BEZIER_KNOTS.);
#9783 = CARTESIAN_POINT('',(0.380022843659,-0.555546333247,0.6310001));
#9784 = CARTESIAN_POINT('',(0.38012266042,-0.555546333247,0.6310001));
#9785 = CARTESIAN_POINT('',(0.380022843659,-0.555546333247,0.6300001));
#9786 = CARTESIAN_POINT('',(0.38012266042,-0.555546333247,0.6300001));
#9787 = ADVANCED_FACE('',(#9788),#9798,.T.);
#9788 = FACE_BOUND('',#9789,.T.);
#9789 = EDGE_LOOP('',(#9790,#9791,#9792,#9793));
#9790 = ORIENTED_EDGE('',*,*,#9576,.F.);
#9791 = ORIENTED_EDGE('',*,*,#9778,.F.);
#9792 = ORIENTED_EDGE('',*,*,#9441,.T.);
#9793 = ORIENTED_EDGE('',*,*,#9794,.T.);
#9794 = EDGE_CURVE('',#9435,#9538,#9795,.T.);
#9795 = B_SPLINE_CURVE_WITH_KNOTS('',1,(#9796,#9797),.UNSPECIFIED.,.F.,
  .F.,(2,2),(-0.,1.E-03),.PIECEWISE_BEZIER_KNOTS.);
#9796 = CARTESIAN_POINT('',(0.379490487606,-0.5578254826,0.6310001));
#9797 = CARTESIAN_POINT('',(0.379490487606,-0.5578254826,0.6300001));
#9798 = B_SPLINE_SURFACE_WITH_KNOTS('',3,1,(
    (#9799,#9800)
    ,(#9801,#9802)
    ,(#9803,#9804)
    ,(#9805,#9806
    )),.UNSPECIFIED.,.F.,.F.,.F.,(4,4),(2,2),(3.,4.),(0.,1.),
  .PIECEWISE_BEZIER_KNOTS.);
#9799 = CARTESIAN_POINT('',(0.380022843659,-0.555546333247,0.6310001));
#9800 = CARTESIAN_POINT('',(0.380022843659,-0.555546333247,0.6300001));
#9801 = CARTESIAN_POINT('',(0.379864800456,-0.55652786472,0.6310001));
#9802 = CARTESIAN_POINT('',(0.379864800456,-0.55652786472,0.6300001));
#9803 = CARTESIAN_POINT('',(0.379690121126,-0.557293126547,0.6310001));
#9804 = CARTESIAN_POINT('',(0.379690121126,-0.557293126547,0.6300001));
#9805 = CARTESIAN_POINT('',(0.379490487606,-0.5578254826,0.6310001));
#9806 = CARTESIAN_POINT('',(0.379490487606,-0.5578254826,0.6300001));
#9807 = ADVANCED_FACE('',(#9808),#9814,.T.);
#9808 = FACE_BOUND('',#9809,.T.);
#9809 = EDGE_LOOP('',(#9810,#9811,#9812,#9813));
#9810 = ORIENTED_EDGE('',*,*,#9537,.F.);
#9811 = ORIENTED_EDGE('',*,*,#9794,.F.);
#9812 = ORIENTED_EDGE('',*,*,#9434,.T.);
#9813 = ORIENTED_EDGE('',*,*,#9720,.T.);
#9814 = B_SPLINE_SURFACE_WITH_KNOTS('',1,1,(
    (#9815,#9816)
    ,(#9817,#9818
    )),.UNSPECIFIED.,.F.,.F.,.F.,(2,2),(2,2),(-1.437389503354E-02,
    1.420517949911E-16),(-1.E-03,0.),.PIECEWISE_BEZIER_KNOTS.);
#9815 = CARTESIAN_POINT('',(0.374624420558,-0.571350653575,0.6300001));
#9816 = CARTESIAN_POINT('',(0.374624420558,-0.571350653575,0.6310001));
#9817 = CARTESIAN_POINT('',(0.379490487606,-0.5578254826,0.6300001));
#9818 = CARTESIAN_POINT('',(0.379490487606,-0.5578254826,0.6310001));
#9819 = MANIFOLD_SOLID_BREP('',#9820);
#9820 = CLOSED_SHELL('',(#9821,#10141,#10461,#10485,#10505,#10525,#10545
    ,#10565,#10585,#10605,#10625,#10645,#10665,#10685,#10705,#10721,
    #10737,#10753,#10769,#10789,#10809,#10829,#10849,#10869,#10889,
    #10909,#10925,#10945,#10965,#10981,#11001,#11021,#11041,#11057,
    #11077,#11093,#11123));
#9821 = ADVANCED_FACE('',(#9822,#10111),#10136,.F.);
#9822 = FACE_BOUND('',#9823,.T.);
#9823 = EDGE_LOOP('',(#9824,#9835,#9844,#9853,#9862,#9871,#9880,#9889,
    #9898,#9907,#9916,#9925,#9934,#9943,#9950,#9957,#9964,#9973,#9982,
    #9991,#10000,#10009,#10018,#10027,#10036,#10045,#10054,#10061,#10070
    ,#10079,#10088,#10095,#10104));
#9824 = ORIENTED_EDGE('',*,*,#9825,.T.);
#9825 = EDGE_CURVE('',#9826,#9828,#9830,.T.);
#9826 = VERTEX_POINT('',#9827);
#9827 = CARTESIAN_POINT('',(0.196810410805,-0.551650307661,0.6310001));
#9828 = VERTEX_POINT('',#9829);
#9829 = CARTESIAN_POINT('',(0.173905979318,-0.521342424509,0.6310001));
#9830 = B_SPLINE_CURVE_WITH_KNOTS('',3,(#9831,#9832,#9833,#9834),
  .UNSPECIFIED.,.F.,.F.,(4,4),(35.,36.),.PIECEWISE_BEZIER_KNOTS.);
#9831 = CARTESIAN_POINT('',(0.196810410805,-0.551650307661,0.6310001));
#9832 = CARTESIAN_POINT('',(0.196579056388,-0.537768839649,0.6310001));
#9833 = CARTESIAN_POINT('',(0.187093375253,-0.525506865795,0.6310001));
#9834 = CARTESIAN_POINT('',(0.173905979318,-0.521342424509,0.6310001));
#9835 = ORIENTED_EDGE('',*,*,#9836,.T.);
#9836 = EDGE_CURVE('',#9828,#9837,#9839,.T.);
#9837 = VERTEX_POINT('',#9838);
#9838 = CARTESIAN_POINT('',(0.161412646634,-0.503065146452,0.6310001));
#9839 = B_SPLINE_CURVE_WITH_KNOTS('',3,(#9840,#9841,#9842,#9843),
  .UNSPECIFIED.,.F.,.F.,(4,4),(0.,1.),.PIECEWISE_BEZIER_KNOTS.);
#9840 = CARTESIAN_POINT('',(0.173905979318,-0.521342424509,0.6310001));
#9841 = CARTESIAN_POINT('',(0.171361045428,-0.51440168609,0.6310001));
#9842 = CARTESIAN_POINT('',(0.1669652409,-0.508155021954,0.6310001));
#9843 = CARTESIAN_POINT('',(0.161412646634,-0.503065146452,0.6310001));
#9844 = ORIENTED_EDGE('',*,*,#9845,.T.);
#9845 = EDGE_CURVE('',#9837,#9846,#9848,.T.);
#9846 = VERTEX_POINT('',#9847);
#9847 = CARTESIAN_POINT('',(0.129947969333,-0.491034532531,0.6310001));
#9848 = B_SPLINE_CURVE_WITH_KNOTS('',3,(#9849,#9850,#9851,#9852),
  .UNSPECIFIED.,.F.,.F.,(4,4),(1.,2.),.PIECEWISE_BEZIER_KNOTS.);
#9849 = CARTESIAN_POINT('',(0.161412646634,-0.503065146452,0.6310001));
#9850 = CARTESIAN_POINT('',(0.152621046402,-0.495430333474,0.6310001));
#9851 = CARTESIAN_POINT('',(0.141515866697,-0.491034532531,0.6310001));
#9852 = CARTESIAN_POINT('',(0.129947969333,-0.491034532531,0.6310001));
#9853 = ORIENTED_EDGE('',*,*,#9854,.T.);
#9854 = EDGE_CURVE('',#9846,#9855,#9857,.T.);
#9855 = VERTEX_POINT('',#9856);
#9856 = CARTESIAN_POINT('',(0.102185015658,-0.500057492696,0.6310001));
#9857 = B_SPLINE_CURVE_WITH_KNOTS('',3,(#9858,#9859,#9860,#9861),
  .UNSPECIFIED.,.F.,.F.,(4,4),(2.,3.),.PIECEWISE_BEZIER_KNOTS.);
#9858 = CARTESIAN_POINT('',(0.129947969333,-0.491034532531,0.6310001));
#9859 = CARTESIAN_POINT('',(0.119768220535,-0.491034532531,0.6310001));
#9860 = CARTESIAN_POINT('',(0.110282543813,-0.494273543738,0.6310001));
#9861 = CARTESIAN_POINT('',(0.102185015658,-0.500057492696,0.6310001));
#9862 = ORIENTED_EDGE('',*,*,#9863,.T.);
#9863 = EDGE_CURVE('',#9855,#9864,#9866,.T.);
#9864 = VERTEX_POINT('',#9865);
#9865 = CARTESIAN_POINT('',(9.200526685965E-02,-0.510237242597,0.6310001
    ));
#9866 = B_SPLINE_CURVE_WITH_KNOTS('',3,(#9867,#9868,#9869,#9870),
  .UNSPECIFIED.,.F.,.F.,(4,4),(3.,4.),.PIECEWISE_BEZIER_KNOTS.);
#9867 = CARTESIAN_POINT('',(0.102185015658,-0.500057492696,0.6310001));
#9868 = CARTESIAN_POINT('',(9.825192878878E-02,-0.502833788725,0.6310001
    ));
#9869 = CARTESIAN_POINT('',(9.501291840932E-02,-0.506304157935,0.6310001
    ));
#9870 = CARTESIAN_POINT('',(9.200526685965E-02,-0.510237242597,0.6310001
    ));
#9871 = ORIENTED_EDGE('',*,*,#9872,.T.);
#9872 = EDGE_CURVE('',#9864,#9873,#9875,.T.);
#9873 = VERTEX_POINT('',#9874);
#9874 = CARTESIAN_POINT('',(8.668403583703E-02,-0.509774527144,0.6310001
    ));
#9875 = B_SPLINE_CURVE_WITH_KNOTS('',3,(#9876,#9877,#9878,#9879),
  .UNSPECIFIED.,.F.,.F.,(4,4),(4.,5.),.PIECEWISE_BEZIER_KNOTS.);
#9876 = CARTESIAN_POINT('',(9.200526685965E-02,-0.510237242597,0.6310001
    ));
#9877 = CARTESIAN_POINT('',(9.015440504641E-02,-0.510005883768,0.6310001
    ));
#9878 = CARTESIAN_POINT('',(8.853489765027E-02,-0.509774527144,0.6310001
    ));
#9879 = CARTESIAN_POINT('',(8.668403583703E-02,-0.509774527144,0.6310001
    ));
#9880 = ORIENTED_EDGE('',*,*,#9881,.T.);
#9881 = EDGE_CURVE('',#9873,#9882,#9884,.T.);
#9882 = VERTEX_POINT('',#9883);
#9883 = CARTESIAN_POINT('',(6.007787189854E-02,-0.520879709055,0.6310001
    ));
#9884 = B_SPLINE_CURVE_WITH_KNOTS('',3,(#9885,#9886,#9887,#9888),
  .UNSPECIFIED.,.F.,.F.,(4,4),(5.,6.),.PIECEWISE_BEZIER_KNOTS.);
#9885 = CARTESIAN_POINT('',(8.668403583703E-02,-0.509774527144,0.6310001
    ));
#9886 = CARTESIAN_POINT('',(7.673564366221E-02,-0.509774527144,0.6310001
    ));
#9887 = CARTESIAN_POINT('',(6.72499691471E-02,-0.513707611807,0.6310001)
  );
#9888 = CARTESIAN_POINT('',(6.007787189854E-02,-0.520879709055,0.6310001
    ));
#9889 = ORIENTED_EDGE('',*,*,#9890,.T.);
#9890 = EDGE_CURVE('',#9882,#9891,#9893,.T.);
#9891 = VERTEX_POINT('',#9892);
#9892 = CARTESIAN_POINT('',(4.920404219789E-02,-0.547254511958,0.6310001
    ));
#9893 = B_SPLINE_CURVE_WITH_KNOTS('',3,(#9894,#9895,#9896,#9897),
  .UNSPECIFIED.,.F.,.F.,(4,4),(6.,7.),.PIECEWISE_BEZIER_KNOTS.);
#9894 = CARTESIAN_POINT('',(6.007787189854E-02,-0.520879709055,0.6310001
    ));
#9895 = CARTESIAN_POINT('',(5.313712741213E-02,-0.527820445268,0.6310001
    ));
#9896 = CARTESIAN_POINT('',(4.920404219789E-02,-0.537306121989,0.6310001
    ));
#9897 = CARTESIAN_POINT('',(4.920404219789E-02,-0.547254511958,0.6310001
    ));
#9898 = ORIENTED_EDGE('',*,*,#9899,.T.);
#9899 = EDGE_CURVE('',#9891,#9900,#9902,.T.);
#9900 = VERTEX_POINT('',#9901);
#9901 = CARTESIAN_POINT('',(5.892107554291E-02,-0.572472522917,0.6310001
    ));
#9902 = B_SPLINE_CURVE_WITH_KNOTS('',3,(#9903,#9904,#9905,#9906),
  .UNSPECIFIED.,.F.,.F.,(4,4),(7.,8.),.PIECEWISE_BEZIER_KNOTS.);
#9903 = CARTESIAN_POINT('',(4.920404219789E-02,-0.547254511958,0.6310001
    ));
#9904 = CARTESIAN_POINT('',(4.920404219789E-02,-0.556508829849,0.6310001
    ));
#9905 = CARTESIAN_POINT('',(5.267441140716E-02,-0.565531793324,0.6310001
    ));
#9906 = CARTESIAN_POINT('',(5.892107554291E-02,-0.572472522917,0.6310001
    ));
#9907 = ORIENTED_EDGE('',*,*,#9908,.T.);
#9908 = EDGE_CURVE('',#9900,#9909,#9911,.T.);
#9909 = VERTEX_POINT('',#9910);
#9910 = CARTESIAN_POINT('',(7.742971132612E-02,-0.583577702622,0.6310001
    ));
#9911 = B_SPLINE_CURVE_WITH_KNOTS('',3,(#9912,#9913,#9914,#9915),
  .UNSPECIFIED.,.F.,.F.,(4,4),(8.,9.),.PIECEWISE_BEZIER_KNOTS.);
#9912 = CARTESIAN_POINT('',(5.892107554291E-02,-0.572472522917,0.6310001
    ));
#9913 = CARTESIAN_POINT('',(6.401094994191E-02,-0.578025117183,0.6310001
    ));
#9914 = CARTESIAN_POINT('',(7.025761628396E-02,-0.581726840809,0.6310001
    ));
#9915 = CARTESIAN_POINT('',(7.742971132612E-02,-0.583577702622,0.6310001
    ));
#9916 = ORIENTED_EDGE('',*,*,#9917,.T.);
#9917 = EDGE_CURVE('',#9909,#9918,#9920,.T.);
#9918 = VERTEX_POINT('',#9919);
#9919 = CARTESIAN_POINT('',(9.940871852532E-02,-0.599310041273,0.6310001
    ));
#9920 = B_SPLINE_CURVE_WITH_KNOTS('',3,(#9921,#9922,#9923,#9924),
  .UNSPECIFIED.,.F.,.F.,(4,4),(9.,10.),.PIECEWISE_BEZIER_KNOTS.);
#9921 = CARTESIAN_POINT('',(7.742971132612E-02,-0.583577702622,0.6310001
    ));
#9922 = CARTESIAN_POINT('',(8.043736508218E-02,-0.592832020514,0.6310001
    ));
#9923 = CARTESIAN_POINT('',(8.922896531418E-02,-0.599310041273,0.6310001
    ));
#9924 = CARTESIAN_POINT('',(9.940871852532E-02,-0.599310041273,0.6310001
    ));
#9925 = ORIENTED_EDGE('',*,*,#9926,.T.);
#9926 = EDGE_CURVE('',#9918,#9927,#9929,.T.);
#9927 = VERTEX_POINT('',#9928);
#9928 = CARTESIAN_POINT('',(0.122544513255,-0.576174246544,0.6310001));
#9929 = B_SPLINE_CURVE_WITH_KNOTS('',3,(#9930,#9931,#9932,#9933),
  .UNSPECIFIED.,.F.,.F.,(4,4),(10.,11.),.PIECEWISE_BEZIER_KNOTS.);
#9930 = CARTESIAN_POINT('',(9.940871852532E-02,-0.599310041273,0.6310001
    ));
#9931 = CARTESIAN_POINT('',(0.112133405626,-0.599310041273,0.6310001));
#9932 = CARTESIAN_POINT('',(0.122544513255,-0.588898933645,0.6310001));
#9933 = CARTESIAN_POINT('',(0.122544513255,-0.576174246544,0.6310001));
#9934 = ORIENTED_EDGE('',*,*,#9935,.T.);
#9935 = EDGE_CURVE('',#9927,#9936,#9938,.T.);
#9936 = VERTEX_POINT('',#9937);
#9937 = CARTESIAN_POINT('',(0.122544513255,-0.573860667071,0.6310001));
#9938 = B_SPLINE_CURVE_WITH_KNOTS('',3,(#9939,#9940,#9941,#9942),
  .UNSPECIFIED.,.F.,.F.,(4,4),(11.,12.),.PIECEWISE_BEZIER_KNOTS.);
#9939 = CARTESIAN_POINT('',(0.122544513255,-0.576174246544,0.6310001));
#9940 = CARTESIAN_POINT('',(0.122544513255,-0.575480174467,0.6310001));
#9941 = CARTESIAN_POINT('',(0.122544513255,-0.57478610239,0.6310001));
#9942 = CARTESIAN_POINT('',(0.122544513255,-0.573860667071,0.6310001));
#9943 = ORIENTED_EDGE('',*,*,#9944,.T.);
#9944 = EDGE_CURVE('',#9936,#9945,#9947,.T.);
#9945 = VERTEX_POINT('',#9946);
#9946 = CARTESIAN_POINT('',(0.154934625875,-0.556740179854,0.6310001));
#9947 = B_SPLINE_CURVE_WITH_KNOTS('',1,(#9948,#9949),.UNSPECIFIED.,.F.,
  .F.,(2,2),(0.,3.663646377772E-02),.PIECEWISE_BEZIER_KNOTS.);
#9948 = CARTESIAN_POINT('',(0.122544513255,-0.573860667071,0.6310001));
#9949 = CARTESIAN_POINT('',(0.154934625875,-0.556740179854,0.6310001));
#9950 = ORIENTED_EDGE('',*,*,#9951,.T.);
#9951 = EDGE_CURVE('',#9945,#9952,#9954,.T.);
#9952 = VERTEX_POINT('',#9953);
#9953 = CARTESIAN_POINT('',(0.14776253304,-0.544478206,0.6310001));
#9954 = B_SPLINE_CURVE_WITH_KNOTS('',1,(#9955,#9956),.UNSPECIFIED.,.F.,
  .F.,(2,2),(0.,1.420545382746E-02),.PIECEWISE_BEZIER_KNOTS.);
#9955 = CARTESIAN_POINT('',(0.154934625875,-0.556740179854,0.6310001));
#9956 = CARTESIAN_POINT('',(0.14776253304,-0.544478206,0.6310001));
#9957 = ORIENTED_EDGE('',*,*,#9958,.T.);
#9958 = EDGE_CURVE('',#9952,#9959,#9961,.T.);
#9959 = VERTEX_POINT('',#9960);
#9960 = CARTESIAN_POINT('',(0.116760568985,-0.56067326231,0.6310001));
#9961 = B_SPLINE_CURVE_WITH_KNOTS('',1,(#9962,#9963),.UNSPECIFIED.,.F.,
  .F.,(2,2),(0.,3.497715860575E-02),.PIECEWISE_BEZIER_KNOTS.);
#9962 = CARTESIAN_POINT('',(0.14776253304,-0.544478206,0.6310001));
#9963 = CARTESIAN_POINT('',(0.116760568985,-0.56067326231,0.6310001));
#9964 = ORIENTED_EDGE('',*,*,#9965,.T.);
#9965 = EDGE_CURVE('',#9959,#9966,#9968,.T.);
#9966 = VERTEX_POINT('',#9967);
#9967 = CARTESIAN_POINT('',(9.940872293812E-02,-0.552807092985,0.6310001
    ));
#9968 = B_SPLINE_CURVE_WITH_KNOTS('',3,(#9969,#9970,#9971,#9972),
  .UNSPECIFIED.,.F.,.F.,(4,4),(15.,16.),.PIECEWISE_BEZIER_KNOTS.);
#9969 = CARTESIAN_POINT('',(0.116760568985,-0.56067326231,0.6310001));
#9970 = CARTESIAN_POINT('',(0.112596127699,-0.555814744534,0.6310001));
#9971 = CARTESIAN_POINT('',(0.106349461357,-0.552807092985,0.6310001));
#9972 = CARTESIAN_POINT('',(9.940872293812E-02,-0.552807092985,0.6310001
    ));
#9973 = ORIENTED_EDGE('',*,*,#9974,.T.);
#9974 = EDGE_CURVE('',#9966,#9975,#9977,.T.);
#9975 = VERTEX_POINT('',#9976);
#9976 = CARTESIAN_POINT('',(7.766107677523E-02,-0.568076718388,0.6310001
    ));
#9977 = B_SPLINE_CURVE_WITH_KNOTS('',3,(#9978,#9979,#9980,#9981),
  .UNSPECIFIED.,.F.,.F.,(4,4),(16.,17.),.PIECEWISE_BEZIER_KNOTS.);
#9978 = CARTESIAN_POINT('',(9.940872293812E-02,-0.552807092985,0.6310001
    ));
#9979 = CARTESIAN_POINT('',(8.94603285569E-02,-0.552807092985,0.6310001)
  );
#9980 = CARTESIAN_POINT('',(8.090008715481E-02,-0.559285113743,0.6310001
    ));
#9981 = CARTESIAN_POINT('',(7.766107677523E-02,-0.568076718388,0.6310001
    ));
#9982 = ORIENTED_EDGE('',*,*,#9983,.T.);
#9983 = EDGE_CURVE('',#9975,#9984,#9986,.T.);
#9984 = VERTEX_POINT('',#9985);
#9985 = CARTESIAN_POINT('',(6.377959993772E-02,-0.546791785472,0.6310001
    ));
#9986 = B_SPLINE_CURVE_WITH_KNOTS('',3,(#9987,#9988,#9989,#9990),
  .UNSPECIFIED.,.F.,.F.,(4,4),(17.,18.),.PIECEWISE_BEZIER_KNOTS.);
#9987 = CARTESIAN_POINT('',(7.766107677523E-02,-0.568076718388,0.6310001
    ));
#9988 = CARTESIAN_POINT('',(6.956354862005E-02,-0.564374990349,0.6310001
    ));
#9989 = CARTESIAN_POINT('',(6.377959993772E-02,-0.556277462194,0.6310001
    ));
#9990 = CARTESIAN_POINT('',(6.377959993772E-02,-0.546791785472,0.6310001
    ));
#9991 = ORIENTED_EDGE('',*,*,#9992,.T.);
#9992 = EDGE_CURVE('',#9984,#9993,#9995,.T.);
#9993 = VERTEX_POINT('',#9994);
#9994 = CARTESIAN_POINT('',(8.691539466683E-02,-0.523655990743,0.6310001
    ));
#9995 = B_SPLINE_CURVE_WITH_KNOTS('',3,(#9996,#9997,#9998,#9999),
  .UNSPECIFIED.,.F.,.F.,(4,4),(18.,19.),.PIECEWISE_BEZIER_KNOTS.);
#9996 = CARTESIAN_POINT('',(6.377959993772E-02,-0.546791785472,0.6310001
    ));
#9997 = CARTESIAN_POINT('',(6.377959993772E-02,-0.534067098371,0.6310001
    ));
#9998 = CARTESIAN_POINT('',(7.419070756585E-02,-0.523655990743,0.6310001
    ));
#9999 = CARTESIAN_POINT('',(8.691539466683E-02,-0.523655990743,0.6310001
    ));
#10000 = ORIENTED_EDGE('',*,*,#10001,.T.);
#10001 = EDGE_CURVE('',#9993,#10002,#10004,.T.);
#10002 = VERTEX_POINT('',#10003);
#10003 = CARTESIAN_POINT('',(9.917736410821E-02,-0.527126359953,
    0.6310001));
#10004 = B_SPLINE_CURVE_WITH_KNOTS('',3,(#10005,#10006,#10007,#10008),
  .UNSPECIFIED.,.F.,.F.,(4,4),(19.,20.),.PIECEWISE_BEZIER_KNOTS.);
#10005 = CARTESIAN_POINT('',(8.691539466683E-02,-0.523655990743,
    0.6310001));
#10006 = CARTESIAN_POINT('',(9.131119478294E-02,-0.523655990743,
    0.6310001));
#10007 = CARTESIAN_POINT('',(9.570699489894E-02,-0.52504413931,0.6310001
    ));
#10008 = CARTESIAN_POINT('',(9.917736410821E-02,-0.527126359953,
    0.6310001));
#10009 = ORIENTED_EDGE('',*,*,#10010,.T.);
#10010 = EDGE_CURVE('',#10002,#10011,#10013,.T.);
#10011 = VERTEX_POINT('',#10012);
#10012 = CARTESIAN_POINT('',(0.13017932375,-0.504916009368,0.6310001));
#10013 = B_SPLINE_CURVE_WITH_KNOTS('',3,(#10014,#10015,#10016,#10017),
  .UNSPECIFIED.,.F.,.F.,(4,4),(20.,21.),.PIECEWISE_BEZIER_KNOTS.);
#10014 = CARTESIAN_POINT('',(9.917736410821E-02,-0.527126359953,
    0.6310001));
#10015 = CARTESIAN_POINT('',(0.103573159811,-0.51417032726,0.6310001));
#10016 = CARTESIAN_POINT('',(0.115603774836,-0.504916009368,0.6310001));
#10017 = CARTESIAN_POINT('',(0.13017932375,-0.504916009368,0.6310001));
#10018 = ORIENTED_EDGE('',*,*,#10019,.T.);
#10019 = EDGE_CURVE('',#10011,#10020,#10022,.T.);
#10020 = VERTEX_POINT('',#10021);
#10021 = CARTESIAN_POINT('',(0.162569436371,-0.53383575278,0.6310001));
#10022 = B_SPLINE_CURVE_WITH_KNOTS('',3,(#10023,#10024,#10025,#10026),
  .UNSPECIFIED.,.F.,.F.,(4,4),(21.,22.),.PIECEWISE_BEZIER_KNOTS.);
#10023 = CARTESIAN_POINT('',(0.13017932375,-0.504916009368,0.6310001));
#10024 = CARTESIAN_POINT('',(0.14683709772,-0.504916009368,0.6310001));
#10025 = CARTESIAN_POINT('',(0.160718574558,-0.51764069647,0.6310001));
#10026 = CARTESIAN_POINT('',(0.162569436371,-0.53383575278,0.6310001));
#10027 = ORIENTED_EDGE('',*,*,#10028,.T.);
#10028 = EDGE_CURVE('',#10020,#10029,#10031,.T.);
#10029 = VERTEX_POINT('',#10030);
#10030 = CARTESIAN_POINT('',(0.164420298184,-0.53383575278,0.6310001));
#10031 = B_SPLINE_CURVE_WITH_KNOTS('',3,(#10032,#10033,#10034,#10035),
  .UNSPECIFIED.,.F.,.F.,(4,4),(22.,23.),.PIECEWISE_BEZIER_KNOTS.);
#10032 = CARTESIAN_POINT('',(0.162569436371,-0.53383575278,0.6310001));
#10033 = CARTESIAN_POINT('',(0.163263508448,-0.53383575278,0.6310001));
#10034 = CARTESIAN_POINT('',(0.163726226107,-0.53383575278,0.6310001));
#10035 = CARTESIAN_POINT('',(0.164420298184,-0.53383575278,0.6310001));
#10036 = ORIENTED_EDGE('',*,*,#10037,.T.);
#10037 = EDGE_CURVE('',#10029,#10038,#10040,.T.);
#10038 = VERTEX_POINT('',#10039);
#10039 = CARTESIAN_POINT('',(0.182466216308,-0.551881670904,0.6310001));
#10040 = B_SPLINE_CURVE_WITH_KNOTS('',3,(#10041,#10042,#10043,#10044),
  .UNSPECIFIED.,.F.,.F.,(4,4),(23.,24.),.PIECEWISE_BEZIER_KNOTS.);
#10041 = CARTESIAN_POINT('',(0.164420298184,-0.53383575278,0.6310001));
#10042 = CARTESIAN_POINT('',(0.174368688152,-0.53383575278,0.6310001));
#10043 = CARTESIAN_POINT('',(0.182466216308,-0.541933280935,0.6310001));
#10044 = CARTESIAN_POINT('',(0.182466216308,-0.551881670904,0.6310001));
#10045 = ORIENTED_EDGE('',*,*,#10046,.T.);
#10046 = EDGE_CURVE('',#10038,#10047,#10049,.T.);
#10047 = VERTEX_POINT('',#10048);
#10048 = CARTESIAN_POINT('',(0.165808442338,-0.569927589027,0.6310001));
#10049 = B_SPLINE_CURVE_WITH_KNOTS('',3,(#10050,#10051,#10052,#10053),
  .UNSPECIFIED.,.F.,.F.,(4,4),(24.,25.),.PIECEWISE_BEZIER_KNOTS.);
#10050 = CARTESIAN_POINT('',(0.182466216308,-0.551881670904,0.6310001));
#10051 = CARTESIAN_POINT('',(0.182466216308,-0.561367347625,0.6310001));
#10052 = CARTESIAN_POINT('',(0.175294123472,-0.56923351695,0.6310001));
#10053 = CARTESIAN_POINT('',(0.165808442338,-0.569927589027,0.6310001));
#10054 = ORIENTED_EDGE('',*,*,#10055,.T.);
#10055 = EDGE_CURVE('',#10047,#10056,#10058,.T.);
#10056 = VERTEX_POINT('',#10057);
#10057 = CARTESIAN_POINT('',(0.155397334709,-0.569927589027,0.6310001));
#10058 = B_SPLINE_CURVE_WITH_KNOTS('',1,(#10059,#10060),.UNSPECIFIED.,
  .F.,.F.,(2,2),(0.,1.041110762813E-02),.PIECEWISE_BEZIER_KNOTS.);
#10059 = CARTESIAN_POINT('',(0.165808442338,-0.569927589027,0.6310001));
#10060 = CARTESIAN_POINT('',(0.155397334709,-0.569927589027,0.6310001));
#10061 = ORIENTED_EDGE('',*,*,#10062,.T.);
#10062 = EDGE_CURVE('',#10056,#10063,#10065,.T.);
#10063 = VERTEX_POINT('',#10064);
#10064 = CARTESIAN_POINT('',(0.154009190556,-0.56969623461,0.6310001));
#10065 = B_SPLINE_CURVE_WITH_KNOTS('',3,(#10066,#10067,#10068,#10069),
  .UNSPECIFIED.,.F.,.F.,(4,4),(26.,27.),.PIECEWISE_BEZIER_KNOTS.);
#10066 = CARTESIAN_POINT('',(0.155397334709,-0.569927589027,0.6310001));
#10067 = CARTESIAN_POINT('',(0.15493461705,-0.569927589027,0.6310001));
#10068 = CARTESIAN_POINT('',(0.15447189939,-0.56969623461,0.6310001));
#10069 = CARTESIAN_POINT('',(0.154009190556,-0.56969623461,0.6310001));
#10070 = ORIENTED_EDGE('',*,*,#10071,.T.);
#10071 = EDGE_CURVE('',#10063,#10072,#10074,.T.);
#10072 = VERTEX_POINT('',#10073);
#10073 = CARTESIAN_POINT('',(0.14683709772,-0.576868327446,0.6310001));
#10074 = B_SPLINE_CURVE_WITH_KNOTS('',3,(#10075,#10076,#10077,#10078),
  .UNSPECIFIED.,.F.,.F.,(4,4),(27.,28.),.PIECEWISE_BEZIER_KNOTS.);
#10075 = CARTESIAN_POINT('',(0.154009190556,-0.56969623461,0.6310001));
#10076 = CARTESIAN_POINT('',(0.150076103687,-0.56969623461,0.6310001));
#10077 = CARTESIAN_POINT('',(0.14683709772,-0.572935249402,0.6310001));
#10078 = CARTESIAN_POINT('',(0.14683709772,-0.576868327446,0.6310001));
#10079 = ORIENTED_EDGE('',*,*,#10080,.T.);
#10080 = EDGE_CURVE('',#10072,#10081,#10083,.T.);
#10081 = VERTEX_POINT('',#10082);
#10082 = CARTESIAN_POINT('',(0.153546481722,-0.584040420282,0.6310001));
#10083 = B_SPLINE_CURVE_WITH_KNOTS('',3,(#10084,#10085,#10086,#10087),
  .UNSPECIFIED.,.F.,.F.,(4,4),(28.,29.),.PIECEWISE_BEZIER_KNOTS.);
#10084 = CARTESIAN_POINT('',(0.14683709772,-0.576868327446,0.6310001));
#10085 = CARTESIAN_POINT('',(0.14683709772,-0.580570051072,0.6310001));
#10086 = CARTESIAN_POINT('',(0.14984474927,-0.583809065865,0.6310001));
#10087 = CARTESIAN_POINT('',(0.153546481722,-0.584040420282,0.6310001));
#10088 = ORIENTED_EDGE('',*,*,#10089,.T.);
#10089 = EDGE_CURVE('',#10081,#10090,#10092,.T.);
#10090 = VERTEX_POINT('',#10091);
#10091 = CARTESIAN_POINT('',(0.167196595317,-0.584040420282,0.6310001));
#10092 = B_SPLINE_CURVE_WITH_KNOTS('',1,(#10093,#10094),.UNSPECIFIED.,
  .F.,.F.,(2,2),(0.,1.365011359491E-02),.PIECEWISE_BEZIER_KNOTS.);
#10093 = CARTESIAN_POINT('',(0.153546481722,-0.584040420282,0.6310001));
#10094 = CARTESIAN_POINT('',(0.167196595317,-0.584040420282,0.6310001));
#10095 = ORIENTED_EDGE('',*,*,#10096,.T.);
#10096 = EDGE_CURVE('',#10090,#10097,#10099,.T.);
#10097 = VERTEX_POINT('',#10098);
#10098 = CARTESIAN_POINT('',(0.18825016499,-0.573629312654,0.6310001));
#10099 = B_SPLINE_CURVE_WITH_KNOTS('',3,(#10100,#10101,#10102,#10103),
  .UNSPECIFIED.,.F.,.F.,(4,4),(33.,34.),.PIECEWISE_BEZIER_KNOTS.);
#10100 = CARTESIAN_POINT('',(0.167196595317,-0.584040420282,0.6310001));
#10101 = CARTESIAN_POINT('',(0.175294123472,-0.583346348205,0.6310001));
#10102 = CARTESIAN_POINT('',(0.18269757955,-0.579644615753,0.6310001));
#10103 = CARTESIAN_POINT('',(0.18825016499,-0.573629312654,0.6310001));
#10104 = ORIENTED_EDGE('',*,*,#10105,.T.);
#10105 = EDGE_CURVE('',#10097,#9826,#10106,.T.);
#10106 = B_SPLINE_CURVE_WITH_KNOTS('',3,(#10107,#10108,#10109,#10110),
  .UNSPECIFIED.,.F.,.F.,(4,4),(34.,35.),.PIECEWISE_BEZIER_KNOTS.);
#10107 = CARTESIAN_POINT('',(0.18825016499,-0.573629312654,0.6310001));
#10108 = CARTESIAN_POINT('',(0.193802759255,-0.567614009554,0.6310001));
#10109 = CARTESIAN_POINT('',(0.196810410805,-0.559747835816,0.6310001));
#10110 = CARTESIAN_POINT('',(0.196810410805,-0.551650307661,0.6310001));
#10111 = FACE_BOUND('',#10112,.T.);
#10112 = EDGE_LOOP('',(#10113,#10127));
#10113 = ORIENTED_EDGE('',*,*,#10114,.F.);
#10114 = EDGE_CURVE('',#10115,#10117,#10119,.T.);
#10115 = VERTEX_POINT('',#10116);
#10116 = CARTESIAN_POINT('',(9.917735969541E-02,-0.585428582087,
    0.6310001));
#10117 = VERTEX_POINT('',#10118);
#10118 = CARTESIAN_POINT('',(9.917735969541E-02,-0.567382655137,
    0.6310001));
#10119 = B_SPLINE_CURVE_WITH_KNOTS('',3,(#10120,#10121,#10122,#10123,
    #10124,#10125,#10126),.UNSPECIFIED.,.F.,.F.,(4,3,4),(0.,1.,2.),
  .PIECEWISE_BEZIER_KNOTS.);
#10120 = CARTESIAN_POINT('',(9.917735969541E-02,-0.585428582087,
    0.6310001));
#10121 = CARTESIAN_POINT('',(0.104267231888,-0.585428582087,0.6310001));
#10122 = CARTESIAN_POINT('',(0.108200318757,-0.581264131975,0.6310001));
#10123 = CARTESIAN_POINT('',(0.108200318757,-0.576405618612,0.6310001));
#10124 = CARTESIAN_POINT('',(0.108200318757,-0.571315742006,0.6310001));
#10125 = CARTESIAN_POINT('',(0.104035877471,-0.567382655137,0.6310001));
#10126 = CARTESIAN_POINT('',(9.917735969541E-02,-0.567382655137,
    0.6310001));
#10127 = ORIENTED_EDGE('',*,*,#10128,.F.);
#10128 = EDGE_CURVE('',#10117,#10115,#10129,.T.);
#10129 = B_SPLINE_CURVE_WITH_KNOTS('',3,(#10130,#10131,#10132,#10133,
    #10134,#10135),.UNSPECIFIED.,.F.,.F.,(4,2,4),(2.,3.,4.),
  .UNSPECIFIED.);
#10130 = CARTESIAN_POINT('',(9.917735969541E-02,-0.567382655137,
    0.6310001));
#10131 = CARTESIAN_POINT('',(9.431884191981E-02,-0.567382655137,
    0.6310001));
#10132 = CARTESIAN_POINT('',(9.015440063361E-02,-0.571315742006,
    0.6310001));
#10133 = CARTESIAN_POINT('',(9.015440063361E-02,-0.581495495217,
    0.6310001));
#10134 = CARTESIAN_POINT('',(9.431884191981E-02,-0.585428582087,
    0.6310001));
#10135 = CARTESIAN_POINT('',(9.917735969541E-02,-0.585428582087,
    0.6310001));
#10136 = B_SPLINE_SURFACE_WITH_KNOTS('',1,1,(
    (#10137,#10138)
    ,(#10139,#10140
    )),.UNSPECIFIED.,.F.,.F.,.F.,(2,2),(2,2),(-6.593700174013E-03,
    0.141012668433),(-6.645756021011E-02,4.181794853171E-02),
  .PIECEWISE_BEZIER_KNOTS.);
#10137 = CARTESIAN_POINT('',(0.196810410805,-0.599310041273,0.6310001));
#10138 = CARTESIAN_POINT('',(0.196810410805,-0.491034532531,0.6310001));
#10139 = CARTESIAN_POINT('',(4.920404219789E-02,-0.599310041273,
    0.6310001));
#10140 = CARTESIAN_POINT('',(4.920404219789E-02,-0.491034532531,
    0.6310001));
#10141 = ADVANCED_FACE('',(#10142,#10431),#10456,.T.);
#10142 = FACE_BOUND('',#10143,.T.);
#10143 = EDGE_LOOP('',(#10144,#10155,#10164,#10173,#10180,#10189,#10198,
    #10207,#10214,#10223,#10232,#10241,#10250,#10259,#10268,#10277,
    #10286,#10295,#10304,#10311,#10318,#10325,#10334,#10343,#10352,
    #10361,#10370,#10379,#10388,#10397,#10406,#10415,#10424));
#10144 = ORIENTED_EDGE('',*,*,#10145,.F.);
#10145 = EDGE_CURVE('',#10146,#10148,#10150,.T.);
#10146 = VERTEX_POINT('',#10147);
#10147 = CARTESIAN_POINT('',(0.196810410805,-0.551650307661,0.6300001));
#10148 = VERTEX_POINT('',#10149);
#10149 = CARTESIAN_POINT('',(0.173905979318,-0.521342424509,0.6300001));
#10150 = B_SPLINE_CURVE_WITH_KNOTS('',3,(#10151,#10152,#10153,#10154),
  .UNSPECIFIED.,.F.,.F.,(4,4),(35.,36.),.PIECEWISE_BEZIER_KNOTS.);
#10151 = CARTESIAN_POINT('',(0.196810410805,-0.551650307661,0.6300001));
#10152 = CARTESIAN_POINT('',(0.196579056388,-0.537768839649,0.6300001));
#10153 = CARTESIAN_POINT('',(0.187093375253,-0.525506865795,0.6300001));
#10154 = CARTESIAN_POINT('',(0.173905979318,-0.521342424509,0.6300001));
#10155 = ORIENTED_EDGE('',*,*,#10156,.F.);
#10156 = EDGE_CURVE('',#10157,#10146,#10159,.T.);
#10157 = VERTEX_POINT('',#10158);
#10158 = CARTESIAN_POINT('',(0.18825016499,-0.573629312654,0.6300001));
#10159 = B_SPLINE_CURVE_WITH_KNOTS('',3,(#10160,#10161,#10162,#10163),
  .UNSPECIFIED.,.F.,.F.,(4,4),(34.,35.),.PIECEWISE_BEZIER_KNOTS.);
#10160 = CARTESIAN_POINT('',(0.18825016499,-0.573629312654,0.6300001));
#10161 = CARTESIAN_POINT('',(0.193802759255,-0.567614009554,0.6300001));
#10162 = CARTESIAN_POINT('',(0.196810410805,-0.559747835816,0.6300001));
#10163 = CARTESIAN_POINT('',(0.196810410805,-0.551650307661,0.6300001));
#10164 = ORIENTED_EDGE('',*,*,#10165,.F.);
#10165 = EDGE_CURVE('',#10166,#10157,#10168,.T.);
#10166 = VERTEX_POINT('',#10167);
#10167 = CARTESIAN_POINT('',(0.167196595317,-0.584040420282,0.6300001));
#10168 = B_SPLINE_CURVE_WITH_KNOTS('',3,(#10169,#10170,#10171,#10172),
  .UNSPECIFIED.,.F.,.F.,(4,4),(33.,34.),.PIECEWISE_BEZIER_KNOTS.);
#10169 = CARTESIAN_POINT('',(0.167196595317,-0.584040420282,0.6300001));
#10170 = CARTESIAN_POINT('',(0.175294123472,-0.583346348205,0.6300001));
#10171 = CARTESIAN_POINT('',(0.18269757955,-0.579644615753,0.6300001));
#10172 = CARTESIAN_POINT('',(0.18825016499,-0.573629312654,0.6300001));
#10173 = ORIENTED_EDGE('',*,*,#10174,.F.);
#10174 = EDGE_CURVE('',#10175,#10166,#10177,.T.);
#10175 = VERTEX_POINT('',#10176);
#10176 = CARTESIAN_POINT('',(0.153546481722,-0.584040420282,0.6300001));
#10177 = B_SPLINE_CURVE_WITH_KNOTS('',1,(#10178,#10179),.UNSPECIFIED.,
  .F.,.F.,(2,2),(-1.295604151809E-02,6.940720768207E-04),
  .PIECEWISE_BEZIER_KNOTS.);
#10178 = CARTESIAN_POINT('',(0.153546481722,-0.584040420282,0.6300001));
#10179 = CARTESIAN_POINT('',(0.167196595317,-0.584040420282,0.6300001));
#10180 = ORIENTED_EDGE('',*,*,#10181,.F.);
#10181 = EDGE_CURVE('',#10182,#10175,#10184,.T.);
#10182 = VERTEX_POINT('',#10183);
#10183 = CARTESIAN_POINT('',(0.14683709772,-0.576868327446,0.6300001));
#10184 = B_SPLINE_CURVE_WITH_KNOTS('',3,(#10185,#10186,#10187,#10188),
  .UNSPECIFIED.,.F.,.F.,(4,4),(28.,29.),.PIECEWISE_BEZIER_KNOTS.);
#10185 = CARTESIAN_POINT('',(0.14683709772,-0.576868327446,0.6300001));
#10186 = CARTESIAN_POINT('',(0.14683709772,-0.580570051072,0.6300001));
#10187 = CARTESIAN_POINT('',(0.14984474927,-0.583809065865,0.6300001));
#10188 = CARTESIAN_POINT('',(0.153546481722,-0.584040420282,0.6300001));
#10189 = ORIENTED_EDGE('',*,*,#10190,.F.);
#10190 = EDGE_CURVE('',#10191,#10182,#10193,.T.);
#10191 = VERTEX_POINT('',#10192);
#10192 = CARTESIAN_POINT('',(0.154009190556,-0.56969623461,0.6300001));
#10193 = B_SPLINE_CURVE_WITH_KNOTS('',3,(#10194,#10195,#10196,#10197),
  .UNSPECIFIED.,.F.,.F.,(4,4),(27.,28.),.PIECEWISE_BEZIER_KNOTS.);
#10194 = CARTESIAN_POINT('',(0.154009190556,-0.56969623461,0.6300001));
#10195 = CARTESIAN_POINT('',(0.150076103687,-0.56969623461,0.6300001));
#10196 = CARTESIAN_POINT('',(0.14683709772,-0.572935249402,0.6300001));
#10197 = CARTESIAN_POINT('',(0.14683709772,-0.576868327446,0.6300001));
#10198 = ORIENTED_EDGE('',*,*,#10199,.F.);
#10199 = EDGE_CURVE('',#10200,#10191,#10202,.T.);
#10200 = VERTEX_POINT('',#10201);
#10201 = CARTESIAN_POINT('',(0.155397334709,-0.569927589027,0.6300001));
#10202 = B_SPLINE_CURVE_WITH_KNOTS('',3,(#10203,#10204,#10205,#10206),
  .UNSPECIFIED.,.F.,.F.,(4,4),(26.,27.),.PIECEWISE_BEZIER_KNOTS.);
#10203 = CARTESIAN_POINT('',(0.155397334709,-0.569927589027,0.6300001));
#10204 = CARTESIAN_POINT('',(0.15493461705,-0.569927589027,0.6300001));
#10205 = CARTESIAN_POINT('',(0.15447189939,-0.56969623461,0.6300001));
#10206 = CARTESIAN_POINT('',(0.154009190556,-0.56969623461,0.6300001));
#10207 = ORIENTED_EDGE('',*,*,#10208,.F.);
#10208 = EDGE_CURVE('',#10209,#10200,#10211,.T.);
#10209 = VERTEX_POINT('',#10210);
#10210 = CARTESIAN_POINT('',(0.165808442338,-0.569927589027,0.6300001));
#10211 = B_SPLINE_CURVE_WITH_KNOTS('',1,(#10212,#10213),.UNSPECIFIED.,
  .F.,.F.,(2,2),(0.,1.041110762813E-02),.PIECEWISE_BEZIER_KNOTS.);
#10212 = CARTESIAN_POINT('',(0.165808442338,-0.569927589027,0.6300001));
#10213 = CARTESIAN_POINT('',(0.155397334709,-0.569927589027,0.6300001));
#10214 = ORIENTED_EDGE('',*,*,#10215,.F.);
#10215 = EDGE_CURVE('',#10216,#10209,#10218,.T.);
#10216 = VERTEX_POINT('',#10217);
#10217 = CARTESIAN_POINT('',(0.182466216308,-0.551881670904,0.6300001));
#10218 = B_SPLINE_CURVE_WITH_KNOTS('',3,(#10219,#10220,#10221,#10222),
  .UNSPECIFIED.,.F.,.F.,(4,4),(24.,25.),.PIECEWISE_BEZIER_KNOTS.);
#10219 = CARTESIAN_POINT('',(0.182466216308,-0.551881670904,0.6300001));
#10220 = CARTESIAN_POINT('',(0.182466216308,-0.561367347625,0.6300001));
#10221 = CARTESIAN_POINT('',(0.175294123472,-0.56923351695,0.6300001));
#10222 = CARTESIAN_POINT('',(0.165808442338,-0.569927589027,0.6300001));
#10223 = ORIENTED_EDGE('',*,*,#10224,.F.);
#10224 = EDGE_CURVE('',#10225,#10216,#10227,.T.);
#10225 = VERTEX_POINT('',#10226);
#10226 = CARTESIAN_POINT('',(0.164420298184,-0.53383575278,0.6300001));
#10227 = B_SPLINE_CURVE_WITH_KNOTS('',3,(#10228,#10229,#10230,#10231),
  .UNSPECIFIED.,.F.,.F.,(4,4),(23.,24.),.PIECEWISE_BEZIER_KNOTS.);
#10228 = CARTESIAN_POINT('',(0.164420298184,-0.53383575278,0.6300001));
#10229 = CARTESIAN_POINT('',(0.174368688152,-0.53383575278,0.6300001));
#10230 = CARTESIAN_POINT('',(0.182466216308,-0.541933280935,0.6300001));
#10231 = CARTESIAN_POINT('',(0.182466216308,-0.551881670904,0.6300001));
#10232 = ORIENTED_EDGE('',*,*,#10233,.F.);
#10233 = EDGE_CURVE('',#10234,#10225,#10236,.T.);
#10234 = VERTEX_POINT('',#10235);
#10235 = CARTESIAN_POINT('',(0.162569436371,-0.53383575278,0.6300001));
#10236 = B_SPLINE_CURVE_WITH_KNOTS('',3,(#10237,#10238,#10239,#10240),
  .UNSPECIFIED.,.F.,.F.,(4,4),(22.,23.),.PIECEWISE_BEZIER_KNOTS.);
#10237 = CARTESIAN_POINT('',(0.162569436371,-0.53383575278,0.6300001));
#10238 = CARTESIAN_POINT('',(0.163263508448,-0.53383575278,0.6300001));
#10239 = CARTESIAN_POINT('',(0.163726226107,-0.53383575278,0.6300001));
#10240 = CARTESIAN_POINT('',(0.164420298184,-0.53383575278,0.6300001));
#10241 = ORIENTED_EDGE('',*,*,#10242,.F.);
#10242 = EDGE_CURVE('',#10243,#10234,#10245,.T.);
#10243 = VERTEX_POINT('',#10244);
#10244 = CARTESIAN_POINT('',(0.13017932375,-0.504916009368,0.6300001));
#10245 = B_SPLINE_CURVE_WITH_KNOTS('',3,(#10246,#10247,#10248,#10249),
  .UNSPECIFIED.,.F.,.F.,(4,4),(21.,22.),.PIECEWISE_BEZIER_KNOTS.);
#10246 = CARTESIAN_POINT('',(0.13017932375,-0.504916009368,0.6300001));
#10247 = CARTESIAN_POINT('',(0.14683709772,-0.504916009368,0.6300001));
#10248 = CARTESIAN_POINT('',(0.160718574558,-0.51764069647,0.6300001));
#10249 = CARTESIAN_POINT('',(0.162569436371,-0.53383575278,0.6300001));
#10250 = ORIENTED_EDGE('',*,*,#10251,.F.);
#10251 = EDGE_CURVE('',#10252,#10243,#10254,.T.);
#10252 = VERTEX_POINT('',#10253);
#10253 = CARTESIAN_POINT('',(9.917736410821E-02,-0.527126359953,
    0.6300001));
#10254 = B_SPLINE_CURVE_WITH_KNOTS('',3,(#10255,#10256,#10257,#10258),
  .UNSPECIFIED.,.F.,.F.,(4,4),(20.,21.),.PIECEWISE_BEZIER_KNOTS.);
#10255 = CARTESIAN_POINT('',(9.917736410821E-02,-0.527126359953,
    0.6300001));
#10256 = CARTESIAN_POINT('',(0.103573159811,-0.51417032726,0.6300001));
#10257 = CARTESIAN_POINT('',(0.115603774836,-0.504916009368,0.6300001));
#10258 = CARTESIAN_POINT('',(0.13017932375,-0.504916009368,0.6300001));
#10259 = ORIENTED_EDGE('',*,*,#10260,.F.);
#10260 = EDGE_CURVE('',#10261,#10252,#10263,.T.);
#10261 = VERTEX_POINT('',#10262);
#10262 = CARTESIAN_POINT('',(8.691539466683E-02,-0.523655990743,
    0.6300001));
#10263 = B_SPLINE_CURVE_WITH_KNOTS('',3,(#10264,#10265,#10266,#10267),
  .UNSPECIFIED.,.F.,.F.,(4,4),(19.,20.),.PIECEWISE_BEZIER_KNOTS.);
#10264 = CARTESIAN_POINT('',(8.691539466683E-02,-0.523655990743,
    0.6300001));
#10265 = CARTESIAN_POINT('',(9.131119478294E-02,-0.523655990743,
    0.6300001));
#10266 = CARTESIAN_POINT('',(9.570699489894E-02,-0.52504413931,0.6300001
    ));
#10267 = CARTESIAN_POINT('',(9.917736410821E-02,-0.527126359953,
    0.6300001));
#10268 = ORIENTED_EDGE('',*,*,#10269,.F.);
#10269 = EDGE_CURVE('',#10270,#10261,#10272,.T.);
#10270 = VERTEX_POINT('',#10271);
#10271 = CARTESIAN_POINT('',(6.377959993772E-02,-0.546791785472,
    0.6300001));
#10272 = B_SPLINE_CURVE_WITH_KNOTS('',3,(#10273,#10274,#10275,#10276),
  .UNSPECIFIED.,.F.,.F.,(4,4),(18.,19.),.PIECEWISE_BEZIER_KNOTS.);
#10273 = CARTESIAN_POINT('',(6.377959993772E-02,-0.546791785472,
    0.6300001));
#10274 = CARTESIAN_POINT('',(6.377959993772E-02,-0.534067098371,
    0.6300001));
#10275 = CARTESIAN_POINT('',(7.419070756585E-02,-0.523655990743,
    0.6300001));
#10276 = CARTESIAN_POINT('',(8.691539466683E-02,-0.523655990743,
    0.6300001));
#10277 = ORIENTED_EDGE('',*,*,#10278,.F.);
#10278 = EDGE_CURVE('',#10279,#10270,#10281,.T.);
#10279 = VERTEX_POINT('',#10280);
#10280 = CARTESIAN_POINT('',(7.766107677523E-02,-0.568076718388,
    0.6300001));
#10281 = B_SPLINE_CURVE_WITH_KNOTS('',3,(#10282,#10283,#10284,#10285),
  .UNSPECIFIED.,.F.,.F.,(4,4),(17.,18.),.PIECEWISE_BEZIER_KNOTS.);
#10282 = CARTESIAN_POINT('',(7.766107677523E-02,-0.568076718388,
    0.6300001));
#10283 = CARTESIAN_POINT('',(6.956354862005E-02,-0.564374990349,
    0.6300001));
#10284 = CARTESIAN_POINT('',(6.377959993772E-02,-0.556277462194,
    0.6300001));
#10285 = CARTESIAN_POINT('',(6.377959993772E-02,-0.546791785472,
    0.6300001));
#10286 = ORIENTED_EDGE('',*,*,#10287,.F.);
#10287 = EDGE_CURVE('',#10288,#10279,#10290,.T.);
#10288 = VERTEX_POINT('',#10289);
#10289 = CARTESIAN_POINT('',(9.940872293812E-02,-0.552807092985,
    0.6300001));
#10290 = B_SPLINE_CURVE_WITH_KNOTS('',3,(#10291,#10292,#10293,#10294),
  .UNSPECIFIED.,.F.,.F.,(4,4),(16.,17.),.PIECEWISE_BEZIER_KNOTS.);
#10291 = CARTESIAN_POINT('',(9.940872293812E-02,-0.552807092985,
    0.6300001));
#10292 = CARTESIAN_POINT('',(8.94603285569E-02,-0.552807092985,0.6300001
    ));
#10293 = CARTESIAN_POINT('',(8.090008715481E-02,-0.559285113743,
    0.6300001));
#10294 = CARTESIAN_POINT('',(7.766107677523E-02,-0.568076718388,
    0.6300001));
#10295 = ORIENTED_EDGE('',*,*,#10296,.F.);
#10296 = EDGE_CURVE('',#10297,#10288,#10299,.T.);
#10297 = VERTEX_POINT('',#10298);
#10298 = CARTESIAN_POINT('',(0.116760568985,-0.56067326231,0.6300001));
#10299 = B_SPLINE_CURVE_WITH_KNOTS('',3,(#10300,#10301,#10302,#10303),
  .UNSPECIFIED.,.F.,.F.,(4,4),(15.,16.),.PIECEWISE_BEZIER_KNOTS.);
#10300 = CARTESIAN_POINT('',(0.116760568985,-0.56067326231,0.6300001));
#10301 = CARTESIAN_POINT('',(0.112596127699,-0.555814744534,0.6300001));
#10302 = CARTESIAN_POINT('',(0.106349461357,-0.552807092985,0.6300001));
#10303 = CARTESIAN_POINT('',(9.940872293812E-02,-0.552807092985,
    0.6300001));
#10304 = ORIENTED_EDGE('',*,*,#10305,.F.);
#10305 = EDGE_CURVE('',#10306,#10297,#10308,.T.);
#10306 = VERTEX_POINT('',#10307);
#10307 = CARTESIAN_POINT('',(0.14776253304,-0.544478206,0.6300001));
#10308 = B_SPLINE_CURVE_WITH_KNOTS('',1,(#10309,#10310),.UNSPECIFIED.,
  .F.,.F.,(2,2),(0.,3.497715860575E-02),.PIECEWISE_BEZIER_KNOTS.);
#10309 = CARTESIAN_POINT('',(0.14776253304,-0.544478206,0.6300001));
#10310 = CARTESIAN_POINT('',(0.116760568985,-0.56067326231,0.6300001));
#10311 = ORIENTED_EDGE('',*,*,#10312,.F.);
#10312 = EDGE_CURVE('',#10313,#10306,#10315,.T.);
#10313 = VERTEX_POINT('',#10314);
#10314 = CARTESIAN_POINT('',(0.154934625875,-0.556740179854,0.6300001));
#10315 = B_SPLINE_CURVE_WITH_KNOTS('',1,(#10316,#10317),.UNSPECIFIED.,
  .F.,.F.,(2,2),(0.,1.420545382746E-02),.PIECEWISE_BEZIER_KNOTS.);
#10316 = CARTESIAN_POINT('',(0.154934625875,-0.556740179854,0.6300001));
#10317 = CARTESIAN_POINT('',(0.14776253304,-0.544478206,0.6300001));
#10318 = ORIENTED_EDGE('',*,*,#10319,.F.);
#10319 = EDGE_CURVE('',#10320,#10313,#10322,.T.);
#10320 = VERTEX_POINT('',#10321);
#10321 = CARTESIAN_POINT('',(0.122544513255,-0.573860667071,0.6300001));
#10322 = B_SPLINE_CURVE_WITH_KNOTS('',1,(#10323,#10324),.UNSPECIFIED.,
  .F.,.F.,(2,2),(0.,3.663646377772E-02),.PIECEWISE_BEZIER_KNOTS.);
#10323 = CARTESIAN_POINT('',(0.122544513255,-0.573860667071,0.6300001));
#10324 = CARTESIAN_POINT('',(0.154934625875,-0.556740179854,0.6300001));
#10325 = ORIENTED_EDGE('',*,*,#10326,.F.);
#10326 = EDGE_CURVE('',#10327,#10320,#10329,.T.);
#10327 = VERTEX_POINT('',#10328);
#10328 = CARTESIAN_POINT('',(0.122544513255,-0.576174246544,0.6300001));
#10329 = B_SPLINE_CURVE_WITH_KNOTS('',3,(#10330,#10331,#10332,#10333),
  .UNSPECIFIED.,.F.,.F.,(4,4),(11.,12.),.PIECEWISE_BEZIER_KNOTS.);
#10330 = CARTESIAN_POINT('',(0.122544513255,-0.576174246544,0.6300001));
#10331 = CARTESIAN_POINT('',(0.122544513255,-0.575480174467,0.6300001));
#10332 = CARTESIAN_POINT('',(0.122544513255,-0.57478610239,0.6300001));
#10333 = CARTESIAN_POINT('',(0.122544513255,-0.573860667071,0.6300001));
#10334 = ORIENTED_EDGE('',*,*,#10335,.F.);
#10335 = EDGE_CURVE('',#10336,#10327,#10338,.T.);
#10336 = VERTEX_POINT('',#10337);
#10337 = CARTESIAN_POINT('',(9.940871852532E-02,-0.599310041273,
    0.6300001));
#10338 = B_SPLINE_CURVE_WITH_KNOTS('',3,(#10339,#10340,#10341,#10342),
  .UNSPECIFIED.,.F.,.F.,(4,4),(10.,11.),.PIECEWISE_BEZIER_KNOTS.);
#10339 = CARTESIAN_POINT('',(9.940871852532E-02,-0.599310041273,
    0.6300001));
#10340 = CARTESIAN_POINT('',(0.112133405626,-0.599310041273,0.6300001));
#10341 = CARTESIAN_POINT('',(0.122544513255,-0.588898933645,0.6300001));
#10342 = CARTESIAN_POINT('',(0.122544513255,-0.576174246544,0.6300001));
#10343 = ORIENTED_EDGE('',*,*,#10344,.F.);
#10344 = EDGE_CURVE('',#10345,#10336,#10347,.T.);
#10345 = VERTEX_POINT('',#10346);
#10346 = CARTESIAN_POINT('',(7.742971132612E-02,-0.583577702622,
    0.6300001));
#10347 = B_SPLINE_CURVE_WITH_KNOTS('',3,(#10348,#10349,#10350,#10351),
  .UNSPECIFIED.,.F.,.F.,(4,4),(9.,10.),.PIECEWISE_BEZIER_KNOTS.);
#10348 = CARTESIAN_POINT('',(7.742971132612E-02,-0.583577702622,
    0.6300001));
#10349 = CARTESIAN_POINT('',(8.043736508218E-02,-0.592832020514,
    0.6300001));
#10350 = CARTESIAN_POINT('',(8.922896531418E-02,-0.599310041273,
    0.6300001));
#10351 = CARTESIAN_POINT('',(9.940871852532E-02,-0.599310041273,
    0.6300001));
#10352 = ORIENTED_EDGE('',*,*,#10353,.F.);
#10353 = EDGE_CURVE('',#10354,#10345,#10356,.T.);
#10354 = VERTEX_POINT('',#10355);
#10355 = CARTESIAN_POINT('',(5.892107554291E-02,-0.572472522917,
    0.6300001));
#10356 = B_SPLINE_CURVE_WITH_KNOTS('',3,(#10357,#10358,#10359,#10360),
  .UNSPECIFIED.,.F.,.F.,(4,4),(8.,9.),.PIECEWISE_BEZIER_KNOTS.);
#10357 = CARTESIAN_POINT('',(5.892107554291E-02,-0.572472522917,
    0.6300001));
#10358 = CARTESIAN_POINT('',(6.401094994191E-02,-0.578025117183,
    0.6300001));
#10359 = CARTESIAN_POINT('',(7.025761628396E-02,-0.581726840809,
    0.6300001));
#10360 = CARTESIAN_POINT('',(7.742971132612E-02,-0.583577702622,
    0.6300001));
#10361 = ORIENTED_EDGE('',*,*,#10362,.F.);
#10362 = EDGE_CURVE('',#10363,#10354,#10365,.T.);
#10363 = VERTEX_POINT('',#10364);
#10364 = CARTESIAN_POINT('',(4.920404219789E-02,-0.547254511958,
    0.6300001));
#10365 = B_SPLINE_CURVE_WITH_KNOTS('',3,(#10366,#10367,#10368,#10369),
  .UNSPECIFIED.,.F.,.F.,(4,4),(7.,8.),.PIECEWISE_BEZIER_KNOTS.);
#10366 = CARTESIAN_POINT('',(4.920404219789E-02,-0.547254511958,
    0.6300001));
#10367 = CARTESIAN_POINT('',(4.920404219789E-02,-0.556508829849,
    0.6300001));
#10368 = CARTESIAN_POINT('',(5.267441140716E-02,-0.565531793324,
    0.6300001));
#10369 = CARTESIAN_POINT('',(5.892107554291E-02,-0.572472522917,
    0.6300001));
#10370 = ORIENTED_EDGE('',*,*,#10371,.F.);
#10371 = EDGE_CURVE('',#10372,#10363,#10374,.T.);
#10372 = VERTEX_POINT('',#10373);
#10373 = CARTESIAN_POINT('',(6.007787189854E-02,-0.520879709055,
    0.6300001));
#10374 = B_SPLINE_CURVE_WITH_KNOTS('',3,(#10375,#10376,#10377,#10378),
  .UNSPECIFIED.,.F.,.F.,(4,4),(6.,7.),.PIECEWISE_BEZIER_KNOTS.);
#10375 = CARTESIAN_POINT('',(6.007787189854E-02,-0.520879709055,
    0.6300001));
#10376 = CARTESIAN_POINT('',(5.313712741213E-02,-0.527820445268,
    0.6300001));
#10377 = CARTESIAN_POINT('',(4.920404219789E-02,-0.537306121989,
    0.6300001));
#10378 = CARTESIAN_POINT('',(4.920404219789E-02,-0.547254511958,
    0.6300001));
#10379 = ORIENTED_EDGE('',*,*,#10380,.F.);
#10380 = EDGE_CURVE('',#10381,#10372,#10383,.T.);
#10381 = VERTEX_POINT('',#10382);
#10382 = CARTESIAN_POINT('',(8.668403583703E-02,-0.509774527144,
    0.6300001));
#10383 = B_SPLINE_CURVE_WITH_KNOTS('',3,(#10384,#10385,#10386,#10387),
  .UNSPECIFIED.,.F.,.F.,(4,4),(5.,6.),.PIECEWISE_BEZIER_KNOTS.);
#10384 = CARTESIAN_POINT('',(8.668403583703E-02,-0.509774527144,
    0.6300001));
#10385 = CARTESIAN_POINT('',(7.673564366221E-02,-0.509774527144,
    0.6300001));
#10386 = CARTESIAN_POINT('',(6.72499691471E-02,-0.513707611807,0.6300001
    ));
#10387 = CARTESIAN_POINT('',(6.007787189854E-02,-0.520879709055,
    0.6300001));
#10388 = ORIENTED_EDGE('',*,*,#10389,.F.);
#10389 = EDGE_CURVE('',#10390,#10381,#10392,.T.);
#10390 = VERTEX_POINT('',#10391);
#10391 = CARTESIAN_POINT('',(9.200526685965E-02,-0.510237242597,
    0.6300001));
#10392 = B_SPLINE_CURVE_WITH_KNOTS('',3,(#10393,#10394,#10395,#10396),
  .UNSPECIFIED.,.F.,.F.,(4,4),(4.,5.),.PIECEWISE_BEZIER_KNOTS.);
#10393 = CARTESIAN_POINT('',(9.200526685965E-02,-0.510237242597,
    0.6300001));
#10394 = CARTESIAN_POINT('',(9.015440504641E-02,-0.510005883768,
    0.6300001));
#10395 = CARTESIAN_POINT('',(8.853489765027E-02,-0.509774527144,
    0.6300001));
#10396 = CARTESIAN_POINT('',(8.668403583703E-02,-0.509774527144,
    0.6300001));
#10397 = ORIENTED_EDGE('',*,*,#10398,.F.);
#10398 = EDGE_CURVE('',#10399,#10390,#10401,.T.);
#10399 = VERTEX_POINT('',#10400);
#10400 = CARTESIAN_POINT('',(0.102185015658,-0.500057492696,0.6300001));
#10401 = B_SPLINE_CURVE_WITH_KNOTS('',3,(#10402,#10403,#10404,#10405),
  .UNSPECIFIED.,.F.,.F.,(4,4),(3.,4.),.PIECEWISE_BEZIER_KNOTS.);
#10402 = CARTESIAN_POINT('',(0.102185015658,-0.500057492696,0.6300001));
#10403 = CARTESIAN_POINT('',(9.825192878878E-02,-0.502833788725,
    0.6300001));
#10404 = CARTESIAN_POINT('',(9.501291840932E-02,-0.506304157935,
    0.6300001));
#10405 = CARTESIAN_POINT('',(9.200526685965E-02,-0.510237242597,
    0.6300001));
#10406 = ORIENTED_EDGE('',*,*,#10407,.F.);
#10407 = EDGE_CURVE('',#10408,#10399,#10410,.T.);
#10408 = VERTEX_POINT('',#10409);
#10409 = CARTESIAN_POINT('',(0.129947969333,-0.491034532531,0.6300001));
#10410 = B_SPLINE_CURVE_WITH_KNOTS('',3,(#10411,#10412,#10413,#10414),
  .UNSPECIFIED.,.F.,.F.,(4,4),(2.,3.),.PIECEWISE_BEZIER_KNOTS.);
#10411 = CARTESIAN_POINT('',(0.129947969333,-0.491034532531,0.6300001));
#10412 = CARTESIAN_POINT('',(0.119768220535,-0.491034532531,0.6300001));
#10413 = CARTESIAN_POINT('',(0.110282543813,-0.494273543738,0.6300001));
#10414 = CARTESIAN_POINT('',(0.102185015658,-0.500057492696,0.6300001));
#10415 = ORIENTED_EDGE('',*,*,#10416,.F.);
#10416 = EDGE_CURVE('',#10417,#10408,#10419,.T.);
#10417 = VERTEX_POINT('',#10418);
#10418 = CARTESIAN_POINT('',(0.161412646634,-0.503065146452,0.6300001));
#10419 = B_SPLINE_CURVE_WITH_KNOTS('',3,(#10420,#10421,#10422,#10423),
  .UNSPECIFIED.,.F.,.F.,(4,4),(1.,2.),.PIECEWISE_BEZIER_KNOTS.);
#10420 = CARTESIAN_POINT('',(0.161412646634,-0.503065146452,0.6300001));
#10421 = CARTESIAN_POINT('',(0.152621046402,-0.495430333474,0.6300001));
#10422 = CARTESIAN_POINT('',(0.141515866697,-0.491034532531,0.6300001));
#10423 = CARTESIAN_POINT('',(0.129947969333,-0.491034532531,0.6300001));
#10424 = ORIENTED_EDGE('',*,*,#10425,.F.);
#10425 = EDGE_CURVE('',#10148,#10417,#10426,.T.);
#10426 = B_SPLINE_CURVE_WITH_KNOTS('',3,(#10427,#10428,#10429,#10430),
  .UNSPECIFIED.,.F.,.F.,(4,4),(0.,1.),.PIECEWISE_BEZIER_KNOTS.);
#10427 = CARTESIAN_POINT('',(0.173905979318,-0.521342424509,0.6300001));
#10428 = CARTESIAN_POINT('',(0.171361045428,-0.51440168609,0.6300001));
#10429 = CARTESIAN_POINT('',(0.1669652409,-0.508155021954,0.6300001));
#10430 = CARTESIAN_POINT('',(0.161412646634,-0.503065146452,0.6300001));
#10431 = FACE_BOUND('',#10432,.T.);
#10432 = EDGE_LOOP('',(#10433,#10446));
#10433 = ORIENTED_EDGE('',*,*,#10434,.T.);
#10434 = EDGE_CURVE('',#10435,#10437,#10439,.T.);
#10435 = VERTEX_POINT('',#10436);
#10436 = CARTESIAN_POINT('',(9.917735969541E-02,-0.567382655137,
    0.6300001));
#10437 = VERTEX_POINT('',#10438);
#10438 = CARTESIAN_POINT('',(9.917735969541E-02,-0.585428582087,
    0.6300001));
#10439 = B_SPLINE_CURVE_WITH_KNOTS('',3,(#10440,#10441,#10442,#10443,
    #10444,#10445),.UNSPECIFIED.,.F.,.F.,(4,2,4),(2.,3.,4.),
  .UNSPECIFIED.);
#10440 = CARTESIAN_POINT('',(9.917735969541E-02,-0.567382655137,
    0.6300001));
#10441 = CARTESIAN_POINT('',(9.431884191981E-02,-0.567382655137,
    0.6300001));
#10442 = CARTESIAN_POINT('',(9.015440063361E-02,-0.571315742006,
    0.6300001));
#10443 = CARTESIAN_POINT('',(9.015440063361E-02,-0.581495495217,
    0.6300001));
#10444 = CARTESIAN_POINT('',(9.431884191981E-02,-0.585428582087,
    0.6300001));
#10445 = CARTESIAN_POINT('',(9.917735969541E-02,-0.585428582087,
    0.6300001));
#10446 = ORIENTED_EDGE('',*,*,#10447,.T.);
#10447 = EDGE_CURVE('',#10437,#10435,#10448,.T.);
#10448 = B_SPLINE_CURVE_WITH_KNOTS('',3,(#10449,#10450,#10451,#10452,
    #10453,#10454,#10455),.UNSPECIFIED.,.F.,.F.,(4,3,4),(0.,1.,2.),
  .PIECEWISE_BEZIER_KNOTS.);
#10449 = CARTESIAN_POINT('',(9.917735969541E-02,-0.585428582087,
    0.6300001));
#10450 = CARTESIAN_POINT('',(0.104267231888,-0.585428582087,0.6300001));
#10451 = CARTESIAN_POINT('',(0.108200318757,-0.581264131975,0.6300001));
#10452 = CARTESIAN_POINT('',(0.108200318757,-0.576405618612,0.6300001));
#10453 = CARTESIAN_POINT('',(0.108200318757,-0.571315742006,0.6300001));
#10454 = CARTESIAN_POINT('',(0.104035877471,-0.567382655137,0.6300001));
#10455 = CARTESIAN_POINT('',(9.917735969541E-02,-0.567382655137,
    0.6300001));
#10456 = B_SPLINE_SURFACE_WITH_KNOTS('',1,1,(
    (#10457,#10458)
    ,(#10459,#10460
    )),.UNSPECIFIED.,.F.,.F.,.F.,(2,2),(2,2),(-6.593700174013E-03,
    0.141012668433),(-6.645756021011E-02,4.181794853171E-02),
  .PIECEWISE_BEZIER_KNOTS.);
#10457 = CARTESIAN_POINT('',(0.196810410805,-0.599310041273,0.6300001));
#10458 = CARTESIAN_POINT('',(0.196810410805,-0.491034532531,0.6300001));
#10459 = CARTESIAN_POINT('',(4.920404219789E-02,-0.599310041273,
    0.6300001));
#10460 = CARTESIAN_POINT('',(4.920404219789E-02,-0.491034532531,
    0.6300001));
#10461 = ADVANCED_FACE('',(#10462),#10476,.F.);
#10462 = FACE_BOUND('',#10463,.F.);
#10463 = EDGE_LOOP('',(#10464,#10469,#10470,#10475));
#10464 = ORIENTED_EDGE('',*,*,#10465,.F.);
#10465 = EDGE_CURVE('',#9826,#10146,#10466,.T.);
#10466 = B_SPLINE_CURVE_WITH_KNOTS('',1,(#10467,#10468),.UNSPECIFIED.,
  .F.,.F.,(2,2),(-0.,1.E-03),.PIECEWISE_BEZIER_KNOTS.);
#10467 = CARTESIAN_POINT('',(0.196810410805,-0.551650307661,0.6310001));
#10468 = CARTESIAN_POINT('',(0.196810410805,-0.551650307661,0.6300001));
#10469 = ORIENTED_EDGE('',*,*,#9825,.T.);
#10470 = ORIENTED_EDGE('',*,*,#10471,.T.);
#10471 = EDGE_CURVE('',#9828,#10148,#10472,.T.);
#10472 = B_SPLINE_CURVE_WITH_KNOTS('',1,(#10473,#10474),.UNSPECIFIED.,
  .F.,.F.,(2,2),(-0.,1.E-03),.PIECEWISE_BEZIER_KNOTS.);
#10473 = CARTESIAN_POINT('',(0.173905979318,-0.521342424509,0.6310001));
#10474 = CARTESIAN_POINT('',(0.173905979318,-0.521342424509,0.6300001));
#10475 = ORIENTED_EDGE('',*,*,#10145,.F.);
#10476 = B_SPLINE_SURFACE_WITH_KNOTS('',3,1,(
    (#10477,#10478)
    ,(#10479,#10480)
    ,(#10481,#10482)
    ,(#10483,#10484
    )),.UNSPECIFIED.,.F.,.F.,.F.,(4,4),(2,2),(35.,36.),(0.,1.),
  .PIECEWISE_BEZIER_KNOTS.);
#10477 = CARTESIAN_POINT('',(0.196810410805,-0.551650307661,0.6310001));
#10478 = CARTESIAN_POINT('',(0.196810410805,-0.551650307661,0.6300001));
#10479 = CARTESIAN_POINT('',(0.196579056388,-0.537768839649,0.6310001));
#10480 = CARTESIAN_POINT('',(0.196579056388,-0.537768839649,0.6300001));
#10481 = CARTESIAN_POINT('',(0.187093375253,-0.525506865795,0.6310001));
#10482 = CARTESIAN_POINT('',(0.187093375253,-0.525506865795,0.6300001));
#10483 = CARTESIAN_POINT('',(0.173905979318,-0.521342424509,0.6310001));
#10484 = CARTESIAN_POINT('',(0.173905979318,-0.521342424509,0.6300001));
#10485 = ADVANCED_FACE('',(#10486),#10496,.F.);
#10486 = FACE_BOUND('',#10487,.F.);
#10487 = EDGE_LOOP('',(#10488,#10489,#10490,#10495));
#10488 = ORIENTED_EDGE('',*,*,#10471,.F.);
#10489 = ORIENTED_EDGE('',*,*,#9836,.T.);
#10490 = ORIENTED_EDGE('',*,*,#10491,.T.);
#10491 = EDGE_CURVE('',#9837,#10417,#10492,.T.);
#10492 = B_SPLINE_CURVE_WITH_KNOTS('',1,(#10493,#10494),.UNSPECIFIED.,
  .F.,.F.,(2,2),(-0.,1.E-03),.PIECEWISE_BEZIER_KNOTS.);
#10493 = CARTESIAN_POINT('',(0.161412646634,-0.503065146452,0.6310001));
#10494 = CARTESIAN_POINT('',(0.161412646634,-0.503065146452,0.6300001));
#10495 = ORIENTED_EDGE('',*,*,#10425,.F.);
#10496 = B_SPLINE_SURFACE_WITH_KNOTS('',3,1,(
    (#10497,#10498)
    ,(#10499,#10500)
    ,(#10501,#10502)
    ,(#10503,#10504
    )),.UNSPECIFIED.,.F.,.F.,.F.,(4,4),(2,2),(0.,1.),(0.,1.),
  .PIECEWISE_BEZIER_KNOTS.);
#10497 = CARTESIAN_POINT('',(0.173905979318,-0.521342424509,0.6310001));
#10498 = CARTESIAN_POINT('',(0.173905979318,-0.521342424509,0.6300001));
#10499 = CARTESIAN_POINT('',(0.171361045428,-0.51440168609,0.6310001));
#10500 = CARTESIAN_POINT('',(0.171361045428,-0.51440168609,0.6300001));
#10501 = CARTESIAN_POINT('',(0.1669652409,-0.508155021954,0.6310001));
#10502 = CARTESIAN_POINT('',(0.1669652409,-0.508155021954,0.6300001));
#10503 = CARTESIAN_POINT('',(0.161412646634,-0.503065146452,0.6310001));
#10504 = CARTESIAN_POINT('',(0.161412646634,-0.503065146452,0.6300001));
#10505 = ADVANCED_FACE('',(#10506),#10516,.F.);
#10506 = FACE_BOUND('',#10507,.F.);
#10507 = EDGE_LOOP('',(#10508,#10509,#10510,#10515));
#10508 = ORIENTED_EDGE('',*,*,#10491,.F.);
#10509 = ORIENTED_EDGE('',*,*,#9845,.T.);
#10510 = ORIENTED_EDGE('',*,*,#10511,.T.);
#10511 = EDGE_CURVE('',#9846,#10408,#10512,.T.);
#10512 = B_SPLINE_CURVE_WITH_KNOTS('',1,(#10513,#10514),.UNSPECIFIED.,
  .F.,.F.,(2,2),(-0.,1.E-03),.PIECEWISE_BEZIER_KNOTS.);
#10513 = CARTESIAN_POINT('',(0.129947969333,-0.491034532531,0.6310001));
#10514 = CARTESIAN_POINT('',(0.129947969333,-0.491034532531,0.6300001));
#10515 = ORIENTED_EDGE('',*,*,#10416,.F.);
#10516 = B_SPLINE_SURFACE_WITH_KNOTS('',3,1,(
    (#10517,#10518)
    ,(#10519,#10520)
    ,(#10521,#10522)
    ,(#10523,#10524
    )),.UNSPECIFIED.,.F.,.F.,.F.,(4,4),(2,2),(1.,2.),(0.,1.),
  .PIECEWISE_BEZIER_KNOTS.);
#10517 = CARTESIAN_POINT('',(0.161412646634,-0.503065146452,0.6310001));
#10518 = CARTESIAN_POINT('',(0.161412646634,-0.503065146452,0.6300001));
#10519 = CARTESIAN_POINT('',(0.152621046402,-0.495430333474,0.6310001));
#10520 = CARTESIAN_POINT('',(0.152621046402,-0.495430333474,0.6300001));
#10521 = CARTESIAN_POINT('',(0.141515866697,-0.491034532531,0.6310001));
#10522 = CARTESIAN_POINT('',(0.141515866697,-0.491034532531,0.6300001));
#10523 = CARTESIAN_POINT('',(0.129947969333,-0.491034532531,0.6310001));
#10524 = CARTESIAN_POINT('',(0.129947969333,-0.491034532531,0.6300001));
#10525 = ADVANCED_FACE('',(#10526),#10536,.F.);
#10526 = FACE_BOUND('',#10527,.F.);
#10527 = EDGE_LOOP('',(#10528,#10529,#10530,#10535));
#10528 = ORIENTED_EDGE('',*,*,#10511,.F.);
#10529 = ORIENTED_EDGE('',*,*,#9854,.T.);
#10530 = ORIENTED_EDGE('',*,*,#10531,.T.);
#10531 = EDGE_CURVE('',#9855,#10399,#10532,.T.);
#10532 = B_SPLINE_CURVE_WITH_KNOTS('',1,(#10533,#10534),.UNSPECIFIED.,
  .F.,.F.,(2,2),(-0.,1.E-03),.PIECEWISE_BEZIER_KNOTS.);
#10533 = CARTESIAN_POINT('',(0.102185015658,-0.500057492696,0.6310001));
#10534 = CARTESIAN_POINT('',(0.102185015658,-0.500057492696,0.6300001));
#10535 = ORIENTED_EDGE('',*,*,#10407,.F.);
#10536 = B_SPLINE_SURFACE_WITH_KNOTS('',3,1,(
    (#10537,#10538)
    ,(#10539,#10540)
    ,(#10541,#10542)
    ,(#10543,#10544
    )),.UNSPECIFIED.,.F.,.F.,.F.,(4,4),(2,2),(2.,3.),(0.,1.),
  .PIECEWISE_BEZIER_KNOTS.);
#10537 = CARTESIAN_POINT('',(0.129947969333,-0.491034532531,0.6310001));
#10538 = CARTESIAN_POINT('',(0.129947969333,-0.491034532531,0.6300001));
#10539 = CARTESIAN_POINT('',(0.119768220535,-0.491034532531,0.6310001));
#10540 = CARTESIAN_POINT('',(0.119768220535,-0.491034532531,0.6300001));
#10541 = CARTESIAN_POINT('',(0.110282543813,-0.494273543738,0.6310001));
#10542 = CARTESIAN_POINT('',(0.110282543813,-0.494273543738,0.6300001));
#10543 = CARTESIAN_POINT('',(0.102185015658,-0.500057492696,0.6310001));
#10544 = CARTESIAN_POINT('',(0.102185015658,-0.500057492696,0.6300001));
#10545 = ADVANCED_FACE('',(#10546),#10556,.F.);
#10546 = FACE_BOUND('',#10547,.F.);
#10547 = EDGE_LOOP('',(#10548,#10549,#10550,#10555));
#10548 = ORIENTED_EDGE('',*,*,#10531,.F.);
#10549 = ORIENTED_EDGE('',*,*,#9863,.T.);
#10550 = ORIENTED_EDGE('',*,*,#10551,.T.);
#10551 = EDGE_CURVE('',#9864,#10390,#10552,.T.);
#10552 = B_SPLINE_CURVE_WITH_KNOTS('',1,(#10553,#10554),.UNSPECIFIED.,
  .F.,.F.,(2,2),(-0.,1.E-03),.PIECEWISE_BEZIER_KNOTS.);
#10553 = CARTESIAN_POINT('',(9.200526685965E-02,-0.510237242597,
    0.6310001));
#10554 = CARTESIAN_POINT('',(9.200526685965E-02,-0.510237242597,
    0.6300001));
#10555 = ORIENTED_EDGE('',*,*,#10398,.F.);
#10556 = B_SPLINE_SURFACE_WITH_KNOTS('',3,1,(
    (#10557,#10558)
    ,(#10559,#10560)
    ,(#10561,#10562)
    ,(#10563,#10564
    )),.UNSPECIFIED.,.F.,.F.,.F.,(4,4),(2,2),(3.,4.),(0.,1.),
  .PIECEWISE_BEZIER_KNOTS.);
#10557 = CARTESIAN_POINT('',(0.102185015658,-0.500057492696,0.6310001));
#10558 = CARTESIAN_POINT('',(0.102185015658,-0.500057492696,0.6300001));
#10559 = CARTESIAN_POINT('',(9.825192878878E-02,-0.502833788725,
    0.6310001));
#10560 = CARTESIAN_POINT('',(9.825192878878E-02,-0.502833788725,
    0.6300001));
#10561 = CARTESIAN_POINT('',(9.501291840932E-02,-0.506304157935,
    0.6310001));
#10562 = CARTESIAN_POINT('',(9.501291840932E-02,-0.506304157935,
    0.6300001));
#10563 = CARTESIAN_POINT('',(9.200526685965E-02,-0.510237242597,
    0.6310001));
#10564 = CARTESIAN_POINT('',(9.200526685965E-02,-0.510237242597,
    0.6300001));
#10565 = ADVANCED_FACE('',(#10566),#10576,.F.);
#10566 = FACE_BOUND('',#10567,.F.);
#10567 = EDGE_LOOP('',(#10568,#10569,#10570,#10575));
#10568 = ORIENTED_EDGE('',*,*,#10551,.F.);
#10569 = ORIENTED_EDGE('',*,*,#9872,.T.);
#10570 = ORIENTED_EDGE('',*,*,#10571,.T.);
#10571 = EDGE_CURVE('',#9873,#10381,#10572,.T.);
#10572 = B_SPLINE_CURVE_WITH_KNOTS('',1,(#10573,#10574),.UNSPECIFIED.,
  .F.,.F.,(2,2),(-0.,1.E-03),.PIECEWISE_BEZIER_KNOTS.);
#10573 = CARTESIAN_POINT('',(8.668403583703E-02,-0.509774527144,
    0.6310001));
#10574 = CARTESIAN_POINT('',(8.668403583703E-02,-0.509774527144,
    0.6300001));
#10575 = ORIENTED_EDGE('',*,*,#10389,.F.);
#10576 = B_SPLINE_SURFACE_WITH_KNOTS('',3,1,(
    (#10577,#10578)
    ,(#10579,#10580)
    ,(#10581,#10582)
    ,(#10583,#10584
    )),.UNSPECIFIED.,.F.,.F.,.F.,(4,4),(2,2),(4.,5.),(0.,1.),
  .PIECEWISE_BEZIER_KNOTS.);
#10577 = CARTESIAN_POINT('',(9.200526685965E-02,-0.510237242597,
    0.6310001));
#10578 = CARTESIAN_POINT('',(9.200526685965E-02,-0.510237242597,
    0.6300001));
#10579 = CARTESIAN_POINT('',(9.015440504641E-02,-0.510005883768,
    0.6310001));
#10580 = CARTESIAN_POINT('',(9.015440504641E-02,-0.510005883768,
    0.6300001));
#10581 = CARTESIAN_POINT('',(8.853489765027E-02,-0.509774527144,
    0.6310001));
#10582 = CARTESIAN_POINT('',(8.853489765027E-02,-0.509774527144,
    0.6300001));
#10583 = CARTESIAN_POINT('',(8.668403583703E-02,-0.509774527144,
    0.6310001));
#10584 = CARTESIAN_POINT('',(8.668403583703E-02,-0.509774527144,
    0.6300001));
#10585 = ADVANCED_FACE('',(#10586),#10596,.F.);
#10586 = FACE_BOUND('',#10587,.F.);
#10587 = EDGE_LOOP('',(#10588,#10589,#10590,#10595));
#10588 = ORIENTED_EDGE('',*,*,#10571,.F.);
#10589 = ORIENTED_EDGE('',*,*,#9881,.T.);
#10590 = ORIENTED_EDGE('',*,*,#10591,.T.);
#10591 = EDGE_CURVE('',#9882,#10372,#10592,.T.);
#10592 = B_SPLINE_CURVE_WITH_KNOTS('',1,(#10593,#10594),.UNSPECIFIED.,
  .F.,.F.,(2,2),(-0.,1.E-03),.PIECEWISE_BEZIER_KNOTS.);
#10593 = CARTESIAN_POINT('',(6.007787189854E-02,-0.520879709055,
    0.6310001));
#10594 = CARTESIAN_POINT('',(6.007787189854E-02,-0.520879709055,
    0.6300001));
#10595 = ORIENTED_EDGE('',*,*,#10380,.F.);
#10596 = B_SPLINE_SURFACE_WITH_KNOTS('',3,1,(
    (#10597,#10598)
    ,(#10599,#10600)
    ,(#10601,#10602)
    ,(#10603,#10604
    )),.UNSPECIFIED.,.F.,.F.,.F.,(4,4),(2,2),(5.,6.),(0.,1.),
  .PIECEWISE_BEZIER_KNOTS.);
#10597 = CARTESIAN_POINT('',(8.668403583703E-02,-0.509774527144,
    0.6310001));
#10598 = CARTESIAN_POINT('',(8.668403583703E-02,-0.509774527144,
    0.6300001));
#10599 = CARTESIAN_POINT('',(7.673564366221E-02,-0.509774527144,
    0.6310001));
#10600 = CARTESIAN_POINT('',(7.673564366221E-02,-0.509774527144,
    0.6300001));
#10601 = CARTESIAN_POINT('',(6.72499691471E-02,-0.513707611807,0.6310001
    ));
#10602 = CARTESIAN_POINT('',(6.72499691471E-02,-0.513707611807,0.6300001
    ));
#10603 = CARTESIAN_POINT('',(6.007787189854E-02,-0.520879709055,
    0.6310001));
#10604 = CARTESIAN_POINT('',(6.007787189854E-02,-0.520879709055,
    0.6300001));
#10605 = ADVANCED_FACE('',(#10606),#10616,.F.);
#10606 = FACE_BOUND('',#10607,.F.);
#10607 = EDGE_LOOP('',(#10608,#10609,#10610,#10615));
#10608 = ORIENTED_EDGE('',*,*,#10591,.F.);
#10609 = ORIENTED_EDGE('',*,*,#9890,.T.);
#10610 = ORIENTED_EDGE('',*,*,#10611,.T.);
#10611 = EDGE_CURVE('',#9891,#10363,#10612,.T.);
#10612 = B_SPLINE_CURVE_WITH_KNOTS('',1,(#10613,#10614),.UNSPECIFIED.,
  .F.,.F.,(2,2),(-0.,1.E-03),.PIECEWISE_BEZIER_KNOTS.);
#10613 = CARTESIAN_POINT('',(4.920404219789E-02,-0.547254511958,
    0.6310001));
#10614 = CARTESIAN_POINT('',(4.920404219789E-02,-0.547254511958,
    0.6300001));
#10615 = ORIENTED_EDGE('',*,*,#10371,.F.);
#10616 = B_SPLINE_SURFACE_WITH_KNOTS('',3,1,(
    (#10617,#10618)
    ,(#10619,#10620)
    ,(#10621,#10622)
    ,(#10623,#10624
    )),.UNSPECIFIED.,.F.,.F.,.F.,(4,4),(2,2),(6.,7.),(0.,1.),
  .PIECEWISE_BEZIER_KNOTS.);
#10617 = CARTESIAN_POINT('',(6.007787189854E-02,-0.520879709055,
    0.6310001));
#10618 = CARTESIAN_POINT('',(6.007787189854E-02,-0.520879709055,
    0.6300001));
#10619 = CARTESIAN_POINT('',(5.313712741213E-02,-0.527820445268,
    0.6310001));
#10620 = CARTESIAN_POINT('',(5.313712741213E-02,-0.527820445268,
    0.6300001));
#10621 = CARTESIAN_POINT('',(4.920404219789E-02,-0.537306121989,
    0.6310001));
#10622 = CARTESIAN_POINT('',(4.920404219789E-02,-0.537306121989,
    0.6300001));
#10623 = CARTESIAN_POINT('',(4.920404219789E-02,-0.547254511958,
    0.6310001));
#10624 = CARTESIAN_POINT('',(4.920404219789E-02,-0.547254511958,
    0.6300001));
#10625 = ADVANCED_FACE('',(#10626),#10636,.F.);
#10626 = FACE_BOUND('',#10627,.F.);
#10627 = EDGE_LOOP('',(#10628,#10629,#10630,#10635));
#10628 = ORIENTED_EDGE('',*,*,#10611,.F.);
#10629 = ORIENTED_EDGE('',*,*,#9899,.T.);
#10630 = ORIENTED_EDGE('',*,*,#10631,.T.);
#10631 = EDGE_CURVE('',#9900,#10354,#10632,.T.);
#10632 = B_SPLINE_CURVE_WITH_KNOTS('',1,(#10633,#10634),.UNSPECIFIED.,
  .F.,.F.,(2,2),(-0.,1.E-03),.PIECEWISE_BEZIER_KNOTS.);
#10633 = CARTESIAN_POINT('',(5.892107554291E-02,-0.572472522917,
    0.6310001));
#10634 = CARTESIAN_POINT('',(5.892107554291E-02,-0.572472522917,
    0.6300001));
#10635 = ORIENTED_EDGE('',*,*,#10362,.F.);
#10636 = B_SPLINE_SURFACE_WITH_KNOTS('',3,1,(
    (#10637,#10638)
    ,(#10639,#10640)
    ,(#10641,#10642)
    ,(#10643,#10644
    )),.UNSPECIFIED.,.F.,.F.,.F.,(4,4),(2,2),(7.,8.),(0.,1.),
  .PIECEWISE_BEZIER_KNOTS.);
#10637 = CARTESIAN_POINT('',(4.920404219789E-02,-0.547254511958,
    0.6310001));
#10638 = CARTESIAN_POINT('',(4.920404219789E-02,-0.547254511958,
    0.6300001));
#10639 = CARTESIAN_POINT('',(4.920404219789E-02,-0.556508829849,
    0.6310001));
#10640 = CARTESIAN_POINT('',(4.920404219789E-02,-0.556508829849,
    0.6300001));
#10641 = CARTESIAN_POINT('',(5.267441140716E-02,-0.565531793324,
    0.6310001));
#10642 = CARTESIAN_POINT('',(5.267441140716E-02,-0.565531793324,
    0.6300001));
#10643 = CARTESIAN_POINT('',(5.892107554291E-02,-0.572472522917,
    0.6310001));
#10644 = CARTESIAN_POINT('',(5.892107554291E-02,-0.572472522917,
    0.6300001));
#10645 = ADVANCED_FACE('',(#10646),#10656,.F.);
#10646 = FACE_BOUND('',#10647,.F.);
#10647 = EDGE_LOOP('',(#10648,#10649,#10650,#10655));
#10648 = ORIENTED_EDGE('',*,*,#10631,.F.);
#10649 = ORIENTED_EDGE('',*,*,#9908,.T.);
#10650 = ORIENTED_EDGE('',*,*,#10651,.T.);
#10651 = EDGE_CURVE('',#9909,#10345,#10652,.T.);
#10652 = B_SPLINE_CURVE_WITH_KNOTS('',1,(#10653,#10654),.UNSPECIFIED.,
  .F.,.F.,(2,2),(-0.,1.E-03),.PIECEWISE_BEZIER_KNOTS.);
#10653 = CARTESIAN_POINT('',(7.742971132612E-02,-0.583577702622,
    0.6310001));
#10654 = CARTESIAN_POINT('',(7.742971132612E-02,-0.583577702622,
    0.6300001));
#10655 = ORIENTED_EDGE('',*,*,#10353,.F.);
#10656 = B_SPLINE_SURFACE_WITH_KNOTS('',3,1,(
    (#10657,#10658)
    ,(#10659,#10660)
    ,(#10661,#10662)
    ,(#10663,#10664
    )),.UNSPECIFIED.,.F.,.F.,.F.,(4,4),(2,2),(8.,9.),(0.,1.),
  .PIECEWISE_BEZIER_KNOTS.);
#10657 = CARTESIAN_POINT('',(5.892107554291E-02,-0.572472522917,
    0.6310001));
#10658 = CARTESIAN_POINT('',(5.892107554291E-02,-0.572472522917,
    0.6300001));
#10659 = CARTESIAN_POINT('',(6.401094994191E-02,-0.578025117183,
    0.6310001));
#10660 = CARTESIAN_POINT('',(6.401094994191E-02,-0.578025117183,
    0.6300001));
#10661 = CARTESIAN_POINT('',(7.025761628396E-02,-0.581726840809,
    0.6310001));
#10662 = CARTESIAN_POINT('',(7.025761628396E-02,-0.581726840809,
    0.6300001));
#10663 = CARTESIAN_POINT('',(7.742971132612E-02,-0.583577702622,
    0.6310001));
#10664 = CARTESIAN_POINT('',(7.742971132612E-02,-0.583577702622,
    0.6300001));
#10665 = ADVANCED_FACE('',(#10666),#10676,.F.);
#10666 = FACE_BOUND('',#10667,.F.);
#10667 = EDGE_LOOP('',(#10668,#10669,#10670,#10675));
#10668 = ORIENTED_EDGE('',*,*,#10651,.F.);
#10669 = ORIENTED_EDGE('',*,*,#9917,.T.);
#10670 = ORIENTED_EDGE('',*,*,#10671,.T.);
#10671 = EDGE_CURVE('',#9918,#10336,#10672,.T.);
#10672 = B_SPLINE_CURVE_WITH_KNOTS('',1,(#10673,#10674),.UNSPECIFIED.,
  .F.,.F.,(2,2),(-0.,1.E-03),.PIECEWISE_BEZIER_KNOTS.);
#10673 = CARTESIAN_POINT('',(9.940871852532E-02,-0.599310041273,
    0.6310001));
#10674 = CARTESIAN_POINT('',(9.940871852532E-02,-0.599310041273,
    0.6300001));
#10675 = ORIENTED_EDGE('',*,*,#10344,.F.);
#10676 = B_SPLINE_SURFACE_WITH_KNOTS('',3,1,(
    (#10677,#10678)
    ,(#10679,#10680)
    ,(#10681,#10682)
    ,(#10683,#10684
    )),.UNSPECIFIED.,.F.,.F.,.F.,(4,4),(2,2),(9.,10.),(0.,1.),
  .PIECEWISE_BEZIER_KNOTS.);
#10677 = CARTESIAN_POINT('',(7.742971132612E-02,-0.583577702622,
    0.6310001));
#10678 = CARTESIAN_POINT('',(7.742971132612E-02,-0.583577702622,
    0.6300001));
#10679 = CARTESIAN_POINT('',(8.043736508218E-02,-0.592832020514,
    0.6310001));
#10680 = CARTESIAN_POINT('',(8.043736508218E-02,-0.592832020514,
    0.6300001));
#10681 = CARTESIAN_POINT('',(8.922896531418E-02,-0.599310041273,
    0.6310001));
#10682 = CARTESIAN_POINT('',(8.922896531418E-02,-0.599310041273,
    0.6300001));
#10683 = CARTESIAN_POINT('',(9.940871852532E-02,-0.599310041273,
    0.6310001));
#10684 = CARTESIAN_POINT('',(9.940871852532E-02,-0.599310041273,
    0.6300001));
#10685 = ADVANCED_FACE('',(#10686),#10696,.F.);
#10686 = FACE_BOUND('',#10687,.F.);
#10687 = EDGE_LOOP('',(#10688,#10689,#10690,#10695));
#10688 = ORIENTED_EDGE('',*,*,#10671,.F.);
#10689 = ORIENTED_EDGE('',*,*,#9926,.T.);
#10690 = ORIENTED_EDGE('',*,*,#10691,.T.);
#10691 = EDGE_CURVE('',#9927,#10327,#10692,.T.);
#10692 = B_SPLINE_CURVE_WITH_KNOTS('',1,(#10693,#10694),.UNSPECIFIED.,
  .F.,.F.,(2,2),(-0.,1.E-03),.PIECEWISE_BEZIER_KNOTS.);
#10693 = CARTESIAN_POINT('',(0.122544513255,-0.576174246544,0.6310001));
#10694 = CARTESIAN_POINT('',(0.122544513255,-0.576174246544,0.6300001));
#10695 = ORIENTED_EDGE('',*,*,#10335,.F.);
#10696 = B_SPLINE_SURFACE_WITH_KNOTS('',3,1,(
    (#10697,#10698)
    ,(#10699,#10700)
    ,(#10701,#10702)
    ,(#10703,#10704
    )),.UNSPECIFIED.,.F.,.F.,.F.,(4,4),(2,2),(10.,11.),(0.,1.),
  .PIECEWISE_BEZIER_KNOTS.);
#10697 = CARTESIAN_POINT('',(9.940871852532E-02,-0.599310041273,
    0.6310001));
#10698 = CARTESIAN_POINT('',(9.940871852532E-02,-0.599310041273,
    0.6300001));
#10699 = CARTESIAN_POINT('',(0.112133405626,-0.599310041273,0.6310001));
#10700 = CARTESIAN_POINT('',(0.112133405626,-0.599310041273,0.6300001));
#10701 = CARTESIAN_POINT('',(0.122544513255,-0.588898933645,0.6310001));
#10702 = CARTESIAN_POINT('',(0.122544513255,-0.588898933645,0.6300001));
#10703 = CARTESIAN_POINT('',(0.122544513255,-0.576174246544,0.6310001));
#10704 = CARTESIAN_POINT('',(0.122544513255,-0.576174246544,0.6300001));
#10705 = ADVANCED_FACE('',(#10706),#10716,.F.);
#10706 = FACE_BOUND('',#10707,.T.);
#10707 = EDGE_LOOP('',(#10708,#10709,#10714,#10715));
#10708 = ORIENTED_EDGE('',*,*,#10326,.T.);
#10709 = ORIENTED_EDGE('',*,*,#10710,.F.);
#10710 = EDGE_CURVE('',#9936,#10320,#10711,.T.);
#10711 = B_SPLINE_CURVE_WITH_KNOTS('',1,(#10712,#10713),.UNSPECIFIED.,
  .F.,.F.,(2,2),(-0.,1.E-03),.PIECEWISE_BEZIER_KNOTS.);
#10712 = CARTESIAN_POINT('',(0.122544513255,-0.573860667071,0.6310001));
#10713 = CARTESIAN_POINT('',(0.122544513255,-0.573860667071,0.6300001));
#10714 = ORIENTED_EDGE('',*,*,#9935,.F.);
#10715 = ORIENTED_EDGE('',*,*,#10691,.T.);
#10716 = B_SPLINE_SURFACE_WITH_KNOTS('',1,1,(
    (#10717,#10718)
    ,(#10719,#10720
  )),.UNSPECIFIED.,.F.,.F.,.F.,(2,2),(2,2),(-1.E-03,0.),(0.,
    2.313579473066E-03),.PIECEWISE_BEZIER_KNOTS.);
#10717 = CARTESIAN_POINT('',(0.122544513255,-0.576174246544,0.6300001));
#10718 = CARTESIAN_POINT('',(0.122544513255,-0.573860667071,0.6300001));
#10719 = CARTESIAN_POINT('',(0.122544513255,-0.576174246544,0.6310001));
#10720 = CARTESIAN_POINT('',(0.122544513255,-0.573860667071,0.6310001));
#10721 = ADVANCED_FACE('',(#10722),#10732,.F.);
#10722 = FACE_BOUND('',#10723,.T.);
#10723 = EDGE_LOOP('',(#10724,#10725,#10730,#10731));
#10724 = ORIENTED_EDGE('',*,*,#10319,.T.);
#10725 = ORIENTED_EDGE('',*,*,#10726,.F.);
#10726 = EDGE_CURVE('',#9945,#10313,#10727,.T.);
#10727 = B_SPLINE_CURVE_WITH_KNOTS('',1,(#10728,#10729),.UNSPECIFIED.,
  .F.,.F.,(2,2),(-0.,1.E-03),.PIECEWISE_BEZIER_KNOTS.);
#10728 = CARTESIAN_POINT('',(0.154934625875,-0.556740179854,0.6310001));
#10729 = CARTESIAN_POINT('',(0.154934625875,-0.556740179854,0.6300001));
#10730 = ORIENTED_EDGE('',*,*,#9944,.F.);
#10731 = ORIENTED_EDGE('',*,*,#10710,.T.);
#10732 = B_SPLINE_SURFACE_WITH_KNOTS('',1,1,(
    (#10733,#10734)
    ,(#10735,#10736
    )),.UNSPECIFIED.,.F.,.F.,.F.,(2,2),(2,2),(-3.663646377772E-02,0.),(
    -1.E-03,0.),.PIECEWISE_BEZIER_KNOTS.);
#10733 = CARTESIAN_POINT('',(0.154934625875,-0.556740179854,0.6300001));
#10734 = CARTESIAN_POINT('',(0.154934625875,-0.556740179854,0.6310001));
#10735 = CARTESIAN_POINT('',(0.122544513255,-0.573860667071,0.6300001));
#10736 = CARTESIAN_POINT('',(0.122544513255,-0.573860667071,0.6310001));
#10737 = ADVANCED_FACE('',(#10738),#10748,.F.);
#10738 = FACE_BOUND('',#10739,.T.);
#10739 = EDGE_LOOP('',(#10740,#10741,#10746,#10747));
#10740 = ORIENTED_EDGE('',*,*,#10312,.T.);
#10741 = ORIENTED_EDGE('',*,*,#10742,.F.);
#10742 = EDGE_CURVE('',#9952,#10306,#10743,.T.);
#10743 = B_SPLINE_CURVE_WITH_KNOTS('',1,(#10744,#10745),.UNSPECIFIED.,
  .F.,.F.,(2,2),(-0.,1.E-03),.PIECEWISE_BEZIER_KNOTS.);
#10744 = CARTESIAN_POINT('',(0.14776253304,-0.544478206,0.6310001));
#10745 = CARTESIAN_POINT('',(0.14776253304,-0.544478206,0.6300001));
#10746 = ORIENTED_EDGE('',*,*,#9951,.F.);
#10747 = ORIENTED_EDGE('',*,*,#10726,.T.);
#10748 = B_SPLINE_SURFACE_WITH_KNOTS('',1,1,(
    (#10749,#10750)
    ,(#10751,#10752
    )),.UNSPECIFIED.,.F.,.F.,.F.,(2,2),(2,2),(-1.420545382746E-02,0.),(
    -1.E-03,0.),.PIECEWISE_BEZIER_KNOTS.);
#10749 = CARTESIAN_POINT('',(0.14776253304,-0.544478206,0.6300001));
#10750 = CARTESIAN_POINT('',(0.14776253304,-0.544478206,0.6310001));
#10751 = CARTESIAN_POINT('',(0.154934625875,-0.556740179854,0.6300001));
#10752 = CARTESIAN_POINT('',(0.154934625875,-0.556740179854,0.6310001));
#10753 = ADVANCED_FACE('',(#10754),#10764,.F.);
#10754 = FACE_BOUND('',#10755,.T.);
#10755 = EDGE_LOOP('',(#10756,#10757,#10762,#10763));
#10756 = ORIENTED_EDGE('',*,*,#10305,.T.);
#10757 = ORIENTED_EDGE('',*,*,#10758,.F.);
#10758 = EDGE_CURVE('',#9959,#10297,#10759,.T.);
#10759 = B_SPLINE_CURVE_WITH_KNOTS('',1,(#10760,#10761),.UNSPECIFIED.,
  .F.,.F.,(2,2),(-0.,1.E-03),.PIECEWISE_BEZIER_KNOTS.);
#10760 = CARTESIAN_POINT('',(0.116760568985,-0.56067326231,0.6310001));
#10761 = CARTESIAN_POINT('',(0.116760568985,-0.56067326231,0.6300001));
#10762 = ORIENTED_EDGE('',*,*,#9958,.F.);
#10763 = ORIENTED_EDGE('',*,*,#10742,.T.);
#10764 = B_SPLINE_SURFACE_WITH_KNOTS('',1,1,(
    (#10765,#10766)
    ,(#10767,#10768
    )),.UNSPECIFIED.,.F.,.F.,.F.,(2,2),(2,2),(-3.497715860575E-02,0.),(
    -1.E-03,0.),.PIECEWISE_BEZIER_KNOTS.);
#10765 = CARTESIAN_POINT('',(0.116760568985,-0.56067326231,0.6300001));
#10766 = CARTESIAN_POINT('',(0.116760568985,-0.56067326231,0.6310001));
#10767 = CARTESIAN_POINT('',(0.14776253304,-0.544478206,0.6300001));
#10768 = CARTESIAN_POINT('',(0.14776253304,-0.544478206,0.6310001));
#10769 = ADVANCED_FACE('',(#10770),#10780,.F.);
#10770 = FACE_BOUND('',#10771,.F.);
#10771 = EDGE_LOOP('',(#10772,#10773,#10774,#10779));
#10772 = ORIENTED_EDGE('',*,*,#10758,.F.);
#10773 = ORIENTED_EDGE('',*,*,#9965,.T.);
#10774 = ORIENTED_EDGE('',*,*,#10775,.T.);
#10775 = EDGE_CURVE('',#9966,#10288,#10776,.T.);
#10776 = B_SPLINE_CURVE_WITH_KNOTS('',1,(#10777,#10778),.UNSPECIFIED.,
  .F.,.F.,(2,2),(-0.,1.E-03),.PIECEWISE_BEZIER_KNOTS.);
#10777 = CARTESIAN_POINT('',(9.940872293812E-02,-0.552807092985,
    0.6310001));
#10778 = CARTESIAN_POINT('',(9.940872293812E-02,-0.552807092985,
    0.6300001));
#10779 = ORIENTED_EDGE('',*,*,#10296,.F.);
#10780 = B_SPLINE_SURFACE_WITH_KNOTS('',3,1,(
    (#10781,#10782)
    ,(#10783,#10784)
    ,(#10785,#10786)
    ,(#10787,#10788
    )),.UNSPECIFIED.,.F.,.F.,.F.,(4,4),(2,2),(15.,16.),(0.,1.),
  .PIECEWISE_BEZIER_KNOTS.);
#10781 = CARTESIAN_POINT('',(0.116760568985,-0.56067326231,0.6310001));
#10782 = CARTESIAN_POINT('',(0.116760568985,-0.56067326231,0.6300001));
#10783 = CARTESIAN_POINT('',(0.112596127699,-0.555814744534,0.6310001));
#10784 = CARTESIAN_POINT('',(0.112596127699,-0.555814744534,0.6300001));
#10785 = CARTESIAN_POINT('',(0.106349461357,-0.552807092985,0.6310001));
#10786 = CARTESIAN_POINT('',(0.106349461357,-0.552807092985,0.6300001));
#10787 = CARTESIAN_POINT('',(9.940872293812E-02,-0.552807092985,
    0.6310001));
#10788 = CARTESIAN_POINT('',(9.940872293812E-02,-0.552807092985,
    0.6300001));
#10789 = ADVANCED_FACE('',(#10790),#10800,.F.);
#10790 = FACE_BOUND('',#10791,.F.);
#10791 = EDGE_LOOP('',(#10792,#10793,#10794,#10799));
#10792 = ORIENTED_EDGE('',*,*,#10775,.F.);
#10793 = ORIENTED_EDGE('',*,*,#9974,.T.);
#10794 = ORIENTED_EDGE('',*,*,#10795,.T.);
#10795 = EDGE_CURVE('',#9975,#10279,#10796,.T.);
#10796 = B_SPLINE_CURVE_WITH_KNOTS('',1,(#10797,#10798),.UNSPECIFIED.,
  .F.,.F.,(2,2),(-0.,1.E-03),.PIECEWISE_BEZIER_KNOTS.);
#10797 = CARTESIAN_POINT('',(7.766107677523E-02,-0.568076718388,
    0.6310001));
#10798 = CARTESIAN_POINT('',(7.766107677523E-02,-0.568076718388,
    0.6300001));
#10799 = ORIENTED_EDGE('',*,*,#10287,.F.);
#10800 = B_SPLINE_SURFACE_WITH_KNOTS('',3,1,(
    (#10801,#10802)
    ,(#10803,#10804)
    ,(#10805,#10806)
    ,(#10807,#10808
    )),.UNSPECIFIED.,.F.,.F.,.F.,(4,4),(2,2),(16.,17.),(0.,1.),
  .PIECEWISE_BEZIER_KNOTS.);
#10801 = CARTESIAN_POINT('',(9.940872293812E-02,-0.552807092985,
    0.6310001));
#10802 = CARTESIAN_POINT('',(9.940872293812E-02,-0.552807092985,
    0.6300001));
#10803 = CARTESIAN_POINT('',(8.94603285569E-02,-0.552807092985,0.6310001
    ));
#10804 = CARTESIAN_POINT('',(8.94603285569E-02,-0.552807092985,0.6300001
    ));
#10805 = CARTESIAN_POINT('',(8.090008715481E-02,-0.559285113743,
    0.6310001));
#10806 = CARTESIAN_POINT('',(8.090008715481E-02,-0.559285113743,
    0.6300001));
#10807 = CARTESIAN_POINT('',(7.766107677523E-02,-0.568076718388,
    0.6310001));
#10808 = CARTESIAN_POINT('',(7.766107677523E-02,-0.568076718388,
    0.6300001));
#10809 = ADVANCED_FACE('',(#10810),#10820,.F.);
#10810 = FACE_BOUND('',#10811,.F.);
#10811 = EDGE_LOOP('',(#10812,#10813,#10814,#10819));
#10812 = ORIENTED_EDGE('',*,*,#10795,.F.);
#10813 = ORIENTED_EDGE('',*,*,#9983,.T.);
#10814 = ORIENTED_EDGE('',*,*,#10815,.T.);
#10815 = EDGE_CURVE('',#9984,#10270,#10816,.T.);
#10816 = B_SPLINE_CURVE_WITH_KNOTS('',1,(#10817,#10818),.UNSPECIFIED.,
  .F.,.F.,(2,2),(-0.,1.E-03),.PIECEWISE_BEZIER_KNOTS.);
#10817 = CARTESIAN_POINT('',(6.377959993772E-02,-0.546791785472,
    0.6310001));
#10818 = CARTESIAN_POINT('',(6.377959993772E-02,-0.546791785472,
    0.6300001));
#10819 = ORIENTED_EDGE('',*,*,#10278,.F.);
#10820 = B_SPLINE_SURFACE_WITH_KNOTS('',3,1,(
    (#10821,#10822)
    ,(#10823,#10824)
    ,(#10825,#10826)
    ,(#10827,#10828
    )),.UNSPECIFIED.,.F.,.F.,.F.,(4,4),(2,2),(17.,18.),(0.,1.),
  .PIECEWISE_BEZIER_KNOTS.);
#10821 = CARTESIAN_POINT('',(7.766107677523E-02,-0.568076718388,
    0.6310001));
#10822 = CARTESIAN_POINT('',(7.766107677523E-02,-0.568076718388,
    0.6300001));
#10823 = CARTESIAN_POINT('',(6.956354862005E-02,-0.564374990349,
    0.6310001));
#10824 = CARTESIAN_POINT('',(6.956354862005E-02,-0.564374990349,
    0.6300001));
#10825 = CARTESIAN_POINT('',(6.377959993772E-02,-0.556277462194,
    0.6310001));
#10826 = CARTESIAN_POINT('',(6.377959993772E-02,-0.556277462194,
    0.6300001));
#10827 = CARTESIAN_POINT('',(6.377959993772E-02,-0.546791785472,
    0.6310001));
#10828 = CARTESIAN_POINT('',(6.377959993772E-02,-0.546791785472,
    0.6300001));
#10829 = ADVANCED_FACE('',(#10830),#10840,.F.);
#10830 = FACE_BOUND('',#10831,.F.);
#10831 = EDGE_LOOP('',(#10832,#10833,#10834,#10839));
#10832 = ORIENTED_EDGE('',*,*,#10815,.F.);
#10833 = ORIENTED_EDGE('',*,*,#9992,.T.);
#10834 = ORIENTED_EDGE('',*,*,#10835,.T.);
#10835 = EDGE_CURVE('',#9993,#10261,#10836,.T.);
#10836 = B_SPLINE_CURVE_WITH_KNOTS('',1,(#10837,#10838),.UNSPECIFIED.,
  .F.,.F.,(2,2),(-0.,1.E-03),.PIECEWISE_BEZIER_KNOTS.);
#10837 = CARTESIAN_POINT('',(8.691539466683E-02,-0.523655990743,
    0.6310001));
#10838 = CARTESIAN_POINT('',(8.691539466683E-02,-0.523655990743,
    0.6300001));
#10839 = ORIENTED_EDGE('',*,*,#10269,.F.);
#10840 = B_SPLINE_SURFACE_WITH_KNOTS('',3,1,(
    (#10841,#10842)
    ,(#10843,#10844)
    ,(#10845,#10846)
    ,(#10847,#10848
    )),.UNSPECIFIED.,.F.,.F.,.F.,(4,4),(2,2),(18.,19.),(0.,1.),
  .PIECEWISE_BEZIER_KNOTS.);
#10841 = CARTESIAN_POINT('',(6.377959993772E-02,-0.546791785472,
    0.6310001));
#10842 = CARTESIAN_POINT('',(6.377959993772E-02,-0.546791785472,
    0.6300001));
#10843 = CARTESIAN_POINT('',(6.377959993772E-02,-0.534067098371,
    0.6310001));
#10844 = CARTESIAN_POINT('',(6.377959993772E-02,-0.534067098371,
    0.6300001));
#10845 = CARTESIAN_POINT('',(7.419070756585E-02,-0.523655990743,
    0.6310001));
#10846 = CARTESIAN_POINT('',(7.419070756585E-02,-0.523655990743,
    0.6300001));
#10847 = CARTESIAN_POINT('',(8.691539466683E-02,-0.523655990743,
    0.6310001));
#10848 = CARTESIAN_POINT('',(8.691539466683E-02,-0.523655990743,
    0.6300001));
#10849 = ADVANCED_FACE('',(#10850),#10860,.F.);
#10850 = FACE_BOUND('',#10851,.F.);
#10851 = EDGE_LOOP('',(#10852,#10853,#10854,#10859));
#10852 = ORIENTED_EDGE('',*,*,#10835,.F.);
#10853 = ORIENTED_EDGE('',*,*,#10001,.T.);
#10854 = ORIENTED_EDGE('',*,*,#10855,.T.);
#10855 = EDGE_CURVE('',#10002,#10252,#10856,.T.);
#10856 = B_SPLINE_CURVE_WITH_KNOTS('',1,(#10857,#10858),.UNSPECIFIED.,
  .F.,.F.,(2,2),(-0.,1.E-03),.PIECEWISE_BEZIER_KNOTS.);
#10857 = CARTESIAN_POINT('',(9.917736410821E-02,-0.527126359953,
    0.6310001));
#10858 = CARTESIAN_POINT('',(9.917736410821E-02,-0.527126359953,
    0.6300001));
#10859 = ORIENTED_EDGE('',*,*,#10260,.F.);
#10860 = B_SPLINE_SURFACE_WITH_KNOTS('',3,1,(
    (#10861,#10862)
    ,(#10863,#10864)
    ,(#10865,#10866)
    ,(#10867,#10868
    )),.UNSPECIFIED.,.F.,.F.,.F.,(4,4),(2,2),(19.,20.),(0.,1.),
  .PIECEWISE_BEZIER_KNOTS.);
#10861 = CARTESIAN_POINT('',(8.691539466683E-02,-0.523655990743,
    0.6310001));
#10862 = CARTESIAN_POINT('',(8.691539466683E-02,-0.523655990743,
    0.6300001));
#10863 = CARTESIAN_POINT('',(9.131119478294E-02,-0.523655990743,
    0.6310001));
#10864 = CARTESIAN_POINT('',(9.131119478294E-02,-0.523655990743,
    0.6300001));
#10865 = CARTESIAN_POINT('',(9.570699489894E-02,-0.52504413931,0.6310001
    ));
#10866 = CARTESIAN_POINT('',(9.570699489894E-02,-0.52504413931,0.6300001
    ));
#10867 = CARTESIAN_POINT('',(9.917736410821E-02,-0.527126359953,
    0.6310001));
#10868 = CARTESIAN_POINT('',(9.917736410821E-02,-0.527126359953,
    0.6300001));
#10869 = ADVANCED_FACE('',(#10870),#10880,.F.);
#10870 = FACE_BOUND('',#10871,.F.);
#10871 = EDGE_LOOP('',(#10872,#10873,#10874,#10879));
#10872 = ORIENTED_EDGE('',*,*,#10855,.F.);
#10873 = ORIENTED_EDGE('',*,*,#10010,.T.);
#10874 = ORIENTED_EDGE('',*,*,#10875,.T.);
#10875 = EDGE_CURVE('',#10011,#10243,#10876,.T.);
#10876 = B_SPLINE_CURVE_WITH_KNOTS('',1,(#10877,#10878),.UNSPECIFIED.,
  .F.,.F.,(2,2),(-0.,1.E-03),.PIECEWISE_BEZIER_KNOTS.);
#10877 = CARTESIAN_POINT('',(0.13017932375,-0.504916009368,0.6310001));
#10878 = CARTESIAN_POINT('',(0.13017932375,-0.504916009368,0.6300001));
#10879 = ORIENTED_EDGE('',*,*,#10251,.F.);
#10880 = B_SPLINE_SURFACE_WITH_KNOTS('',3,1,(
    (#10881,#10882)
    ,(#10883,#10884)
    ,(#10885,#10886)
    ,(#10887,#10888
    )),.UNSPECIFIED.,.F.,.F.,.F.,(4,4),(2,2),(20.,21.),(0.,1.),
  .PIECEWISE_BEZIER_KNOTS.);
#10881 = CARTESIAN_POINT('',(9.917736410821E-02,-0.527126359953,
    0.6310001));
#10882 = CARTESIAN_POINT('',(9.917736410821E-02,-0.527126359953,
    0.6300001));
#10883 = CARTESIAN_POINT('',(0.103573159811,-0.51417032726,0.6310001));
#10884 = CARTESIAN_POINT('',(0.103573159811,-0.51417032726,0.6300001));
#10885 = CARTESIAN_POINT('',(0.115603774836,-0.504916009368,0.6310001));
#10886 = CARTESIAN_POINT('',(0.115603774836,-0.504916009368,0.6300001));
#10887 = CARTESIAN_POINT('',(0.13017932375,-0.504916009368,0.6310001));
#10888 = CARTESIAN_POINT('',(0.13017932375,-0.504916009368,0.6300001));
#10889 = ADVANCED_FACE('',(#10890),#10900,.F.);
#10890 = FACE_BOUND('',#10891,.F.);
#10891 = EDGE_LOOP('',(#10892,#10893,#10894,#10899));
#10892 = ORIENTED_EDGE('',*,*,#10875,.F.);
#10893 = ORIENTED_EDGE('',*,*,#10019,.T.);
#10894 = ORIENTED_EDGE('',*,*,#10895,.T.);
#10895 = EDGE_CURVE('',#10020,#10234,#10896,.T.);
#10896 = B_SPLINE_CURVE_WITH_KNOTS('',1,(#10897,#10898),.UNSPECIFIED.,
  .F.,.F.,(2,2),(-0.,1.E-03),.PIECEWISE_BEZIER_KNOTS.);
#10897 = CARTESIAN_POINT('',(0.162569436371,-0.53383575278,0.6310001));
#10898 = CARTESIAN_POINT('',(0.162569436371,-0.53383575278,0.6300001));
#10899 = ORIENTED_EDGE('',*,*,#10242,.F.);
#10900 = B_SPLINE_SURFACE_WITH_KNOTS('',3,1,(
    (#10901,#10902)
    ,(#10903,#10904)
    ,(#10905,#10906)
    ,(#10907,#10908
    )),.UNSPECIFIED.,.F.,.F.,.F.,(4,4),(2,2),(21.,22.),(0.,1.),
  .PIECEWISE_BEZIER_KNOTS.);
#10901 = CARTESIAN_POINT('',(0.13017932375,-0.504916009368,0.6310001));
#10902 = CARTESIAN_POINT('',(0.13017932375,-0.504916009368,0.6300001));
#10903 = CARTESIAN_POINT('',(0.14683709772,-0.504916009368,0.6310001));
#10904 = CARTESIAN_POINT('',(0.14683709772,-0.504916009368,0.6300001));
#10905 = CARTESIAN_POINT('',(0.160718574558,-0.51764069647,0.6310001));
#10906 = CARTESIAN_POINT('',(0.160718574558,-0.51764069647,0.6300001));
#10907 = CARTESIAN_POINT('',(0.162569436371,-0.53383575278,0.6310001));
#10908 = CARTESIAN_POINT('',(0.162569436371,-0.53383575278,0.6300001));
#10909 = ADVANCED_FACE('',(#10910),#10920,.F.);
#10910 = FACE_BOUND('',#10911,.T.);
#10911 = EDGE_LOOP('',(#10912,#10913,#10918,#10919));
#10912 = ORIENTED_EDGE('',*,*,#10233,.T.);
#10913 = ORIENTED_EDGE('',*,*,#10914,.F.);
#10914 = EDGE_CURVE('',#10029,#10225,#10915,.T.);
#10915 = B_SPLINE_CURVE_WITH_KNOTS('',1,(#10916,#10917),.UNSPECIFIED.,
  .F.,.F.,(2,2),(-0.,1.E-03),.PIECEWISE_BEZIER_KNOTS.);
#10916 = CARTESIAN_POINT('',(0.164420298184,-0.53383575278,0.6310001));
#10917 = CARTESIAN_POINT('',(0.164420298184,-0.53383575278,0.6300001));
#10918 = ORIENTED_EDGE('',*,*,#10028,.F.);
#10919 = ORIENTED_EDGE('',*,*,#10895,.T.);
#10920 = B_SPLINE_SURFACE_WITH_KNOTS('',1,1,(
    (#10921,#10922)
    ,(#10923,#10924
  )),.UNSPECIFIED.,.F.,.F.,.F.,(2,2),(2,2),(-1.E-03,0.),(0.,
    1.850861813243E-03),.PIECEWISE_BEZIER_KNOTS.);
#10921 = CARTESIAN_POINT('',(0.162569436371,-0.53383575278,0.6300001));
#10922 = CARTESIAN_POINT('',(0.164420298184,-0.53383575278,0.6300001));
#10923 = CARTESIAN_POINT('',(0.162569436371,-0.53383575278,0.6310001));
#10924 = CARTESIAN_POINT('',(0.164420298184,-0.53383575278,0.6310001));
#10925 = ADVANCED_FACE('',(#10926),#10936,.F.);
#10926 = FACE_BOUND('',#10927,.F.);
#10927 = EDGE_LOOP('',(#10928,#10929,#10930,#10935));
#10928 = ORIENTED_EDGE('',*,*,#10914,.F.);
#10929 = ORIENTED_EDGE('',*,*,#10037,.T.);
#10930 = ORIENTED_EDGE('',*,*,#10931,.T.);
#10931 = EDGE_CURVE('',#10038,#10216,#10932,.T.);
#10932 = B_SPLINE_CURVE_WITH_KNOTS('',1,(#10933,#10934),.UNSPECIFIED.,
  .F.,.F.,(2,2),(-0.,1.E-03),.PIECEWISE_BEZIER_KNOTS.);
#10933 = CARTESIAN_POINT('',(0.182466216308,-0.551881670904,0.6310001));
#10934 = CARTESIAN_POINT('',(0.182466216308,-0.551881670904,0.6300001));
#10935 = ORIENTED_EDGE('',*,*,#10224,.F.);
#10936 = B_SPLINE_SURFACE_WITH_KNOTS('',3,1,(
    (#10937,#10938)
    ,(#10939,#10940)
    ,(#10941,#10942)
    ,(#10943,#10944
    )),.UNSPECIFIED.,.F.,.F.,.F.,(4,4),(2,2),(23.,24.),(0.,1.),
  .PIECEWISE_BEZIER_KNOTS.);
#10937 = CARTESIAN_POINT('',(0.164420298184,-0.53383575278,0.6310001));
#10938 = CARTESIAN_POINT('',(0.164420298184,-0.53383575278,0.6300001));
#10939 = CARTESIAN_POINT('',(0.174368688152,-0.53383575278,0.6310001));
#10940 = CARTESIAN_POINT('',(0.174368688152,-0.53383575278,0.6300001));
#10941 = CARTESIAN_POINT('',(0.182466216308,-0.541933280935,0.6310001));
#10942 = CARTESIAN_POINT('',(0.182466216308,-0.541933280935,0.6300001));
#10943 = CARTESIAN_POINT('',(0.182466216308,-0.551881670904,0.6310001));
#10944 = CARTESIAN_POINT('',(0.182466216308,-0.551881670904,0.6300001));
#10945 = ADVANCED_FACE('',(#10946),#10956,.F.);
#10946 = FACE_BOUND('',#10947,.F.);
#10947 = EDGE_LOOP('',(#10948,#10949,#10950,#10955));
#10948 = ORIENTED_EDGE('',*,*,#10931,.F.);
#10949 = ORIENTED_EDGE('',*,*,#10046,.T.);
#10950 = ORIENTED_EDGE('',*,*,#10951,.T.);
#10951 = EDGE_CURVE('',#10047,#10209,#10952,.T.);
#10952 = B_SPLINE_CURVE_WITH_KNOTS('',1,(#10953,#10954),.UNSPECIFIED.,
  .F.,.F.,(2,2),(-0.,1.E-03),.PIECEWISE_BEZIER_KNOTS.);
#10953 = CARTESIAN_POINT('',(0.165808442338,-0.569927589027,0.6310001));
#10954 = CARTESIAN_POINT('',(0.165808442338,-0.569927589027,0.6300001));
#10955 = ORIENTED_EDGE('',*,*,#10215,.F.);
#10956 = B_SPLINE_SURFACE_WITH_KNOTS('',3,1,(
    (#10957,#10958)
    ,(#10959,#10960)
    ,(#10961,#10962)
    ,(#10963,#10964
    )),.UNSPECIFIED.,.F.,.F.,.F.,(4,4),(2,2),(24.,25.),(0.,1.),
  .PIECEWISE_BEZIER_KNOTS.);
#10957 = CARTESIAN_POINT('',(0.182466216308,-0.551881670904,0.6310001));
#10958 = CARTESIAN_POINT('',(0.182466216308,-0.551881670904,0.6300001));
#10959 = CARTESIAN_POINT('',(0.182466216308,-0.561367347625,0.6310001));
#10960 = CARTESIAN_POINT('',(0.182466216308,-0.561367347625,0.6300001));
#10961 = CARTESIAN_POINT('',(0.175294123472,-0.56923351695,0.6310001));
#10962 = CARTESIAN_POINT('',(0.175294123472,-0.56923351695,0.6300001));
#10963 = CARTESIAN_POINT('',(0.165808442338,-0.569927589027,0.6310001));
#10964 = CARTESIAN_POINT('',(0.165808442338,-0.569927589027,0.6300001));
#10965 = ADVANCED_FACE('',(#10966),#10976,.F.);
#10966 = FACE_BOUND('',#10967,.T.);
#10967 = EDGE_LOOP('',(#10968,#10969,#10974,#10975));
#10968 = ORIENTED_EDGE('',*,*,#10208,.T.);
#10969 = ORIENTED_EDGE('',*,*,#10970,.F.);
#10970 = EDGE_CURVE('',#10056,#10200,#10971,.T.);
#10971 = B_SPLINE_CURVE_WITH_KNOTS('',1,(#10972,#10973),.UNSPECIFIED.,
  .F.,.F.,(2,2),(-0.,1.E-03),.PIECEWISE_BEZIER_KNOTS.);
#10972 = CARTESIAN_POINT('',(0.155397334709,-0.569927589027,0.6310001));
#10973 = CARTESIAN_POINT('',(0.155397334709,-0.569927589027,0.6300001));
#10974 = ORIENTED_EDGE('',*,*,#10055,.F.);
#10975 = ORIENTED_EDGE('',*,*,#10951,.T.);
#10976 = B_SPLINE_SURFACE_WITH_KNOTS('',1,1,(
    (#10977,#10978)
    ,(#10979,#10980
  )),.UNSPECIFIED.,.F.,.F.,.F.,(2,2),(2,2),(-0.,1.E-03),(
    -1.041110762813E-02,0.),.PIECEWISE_BEZIER_KNOTS.);
#10977 = CARTESIAN_POINT('',(0.155397334709,-0.569927589027,0.6310001));
#10978 = CARTESIAN_POINT('',(0.165808442338,-0.569927589027,0.6310001));
#10979 = CARTESIAN_POINT('',(0.155397334709,-0.569927589027,0.6300001));
#10980 = CARTESIAN_POINT('',(0.165808442338,-0.569927589027,0.6300001));
#10981 = ADVANCED_FACE('',(#10982),#10992,.F.);
#10982 = FACE_BOUND('',#10983,.F.);
#10983 = EDGE_LOOP('',(#10984,#10985,#10986,#10991));
#10984 = ORIENTED_EDGE('',*,*,#10970,.F.);
#10985 = ORIENTED_EDGE('',*,*,#10062,.T.);
#10986 = ORIENTED_EDGE('',*,*,#10987,.T.);
#10987 = EDGE_CURVE('',#10063,#10191,#10988,.T.);
#10988 = B_SPLINE_CURVE_WITH_KNOTS('',1,(#10989,#10990),.UNSPECIFIED.,
  .F.,.F.,(2,2),(-0.,1.E-03),.PIECEWISE_BEZIER_KNOTS.);
#10989 = CARTESIAN_POINT('',(0.154009190556,-0.56969623461,0.6310001));
#10990 = CARTESIAN_POINT('',(0.154009190556,-0.56969623461,0.6300001));
#10991 = ORIENTED_EDGE('',*,*,#10199,.F.);
#10992 = B_SPLINE_SURFACE_WITH_KNOTS('',3,1,(
    (#10993,#10994)
    ,(#10995,#10996)
    ,(#10997,#10998)
    ,(#10999,#11000
    )),.UNSPECIFIED.,.F.,.F.,.F.,(4,4),(2,2),(26.,27.),(0.,1.),
  .PIECEWISE_BEZIER_KNOTS.);
#10993 = CARTESIAN_POINT('',(0.155397334709,-0.569927589027,0.6310001));
#10994 = CARTESIAN_POINT('',(0.155397334709,-0.569927589027,0.6300001));
#10995 = CARTESIAN_POINT('',(0.15493461705,-0.569927589027,0.6310001));
#10996 = CARTESIAN_POINT('',(0.15493461705,-0.569927589027,0.6300001));
#10997 = CARTESIAN_POINT('',(0.15447189939,-0.56969623461,0.6310001));
#10998 = CARTESIAN_POINT('',(0.15447189939,-0.56969623461,0.6300001));
#10999 = CARTESIAN_POINT('',(0.154009190556,-0.56969623461,0.6310001));
#11000 = CARTESIAN_POINT('',(0.154009190556,-0.56969623461,0.6300001));
#11001 = ADVANCED_FACE('',(#11002),#11012,.F.);
#11002 = FACE_BOUND('',#11003,.F.);
#11003 = EDGE_LOOP('',(#11004,#11005,#11006,#11011));
#11004 = ORIENTED_EDGE('',*,*,#10987,.F.);
#11005 = ORIENTED_EDGE('',*,*,#10071,.T.);
#11006 = ORIENTED_EDGE('',*,*,#11007,.T.);
#11007 = EDGE_CURVE('',#10072,#10182,#11008,.T.);
#11008 = B_SPLINE_CURVE_WITH_KNOTS('',1,(#11009,#11010),.UNSPECIFIED.,
  .F.,.F.,(2,2),(-0.,1.E-03),.PIECEWISE_BEZIER_KNOTS.);
#11009 = CARTESIAN_POINT('',(0.14683709772,-0.576868327446,0.6310001));
#11010 = CARTESIAN_POINT('',(0.14683709772,-0.576868327446,0.6300001));
#11011 = ORIENTED_EDGE('',*,*,#10190,.F.);
#11012 = B_SPLINE_SURFACE_WITH_KNOTS('',3,1,(
    (#11013,#11014)
    ,(#11015,#11016)
    ,(#11017,#11018)
    ,(#11019,#11020
    )),.UNSPECIFIED.,.F.,.F.,.F.,(4,4),(2,2),(27.,28.),(0.,1.),
  .PIECEWISE_BEZIER_KNOTS.);
#11013 = CARTESIAN_POINT('',(0.154009190556,-0.56969623461,0.6310001));
#11014 = CARTESIAN_POINT('',(0.154009190556,-0.56969623461,0.6300001));
#11015 = CARTESIAN_POINT('',(0.150076103687,-0.56969623461,0.6310001));
#11016 = CARTESIAN_POINT('',(0.150076103687,-0.56969623461,0.6300001));
#11017 = CARTESIAN_POINT('',(0.14683709772,-0.572935249402,0.6310001));
#11018 = CARTESIAN_POINT('',(0.14683709772,-0.572935249402,0.6300001));
#11019 = CARTESIAN_POINT('',(0.14683709772,-0.576868327446,0.6310001));
#11020 = CARTESIAN_POINT('',(0.14683709772,-0.576868327446,0.6300001));
#11021 = ADVANCED_FACE('',(#11022),#11032,.F.);
#11022 = FACE_BOUND('',#11023,.F.);
#11023 = EDGE_LOOP('',(#11024,#11025,#11026,#11031));
#11024 = ORIENTED_EDGE('',*,*,#11007,.F.);
#11025 = ORIENTED_EDGE('',*,*,#10080,.T.);
#11026 = ORIENTED_EDGE('',*,*,#11027,.T.);
#11027 = EDGE_CURVE('',#10081,#10175,#11028,.T.);
#11028 = B_SPLINE_CURVE_WITH_KNOTS('',1,(#11029,#11030),.UNSPECIFIED.,
  .F.,.F.,(2,2),(-0.,1.E-03),.PIECEWISE_BEZIER_KNOTS.);
#11029 = CARTESIAN_POINT('',(0.153546481722,-0.584040420282,0.6310001));
#11030 = CARTESIAN_POINT('',(0.153546481722,-0.584040420282,0.6300001));
#11031 = ORIENTED_EDGE('',*,*,#10181,.F.);
#11032 = B_SPLINE_SURFACE_WITH_KNOTS('',3,1,(
    (#11033,#11034)
    ,(#11035,#11036)
    ,(#11037,#11038)
    ,(#11039,#11040
    )),.UNSPECIFIED.,.F.,.F.,.F.,(4,4),(2,2),(28.,29.),(0.,1.),
  .PIECEWISE_BEZIER_KNOTS.);
#11033 = CARTESIAN_POINT('',(0.14683709772,-0.576868327446,0.6310001));
#11034 = CARTESIAN_POINT('',(0.14683709772,-0.576868327446,0.6300001));
#11035 = CARTESIAN_POINT('',(0.14683709772,-0.580570051072,0.6310001));
#11036 = CARTESIAN_POINT('',(0.14683709772,-0.580570051072,0.6300001));
#11037 = CARTESIAN_POINT('',(0.14984474927,-0.583809065865,0.6310001));
#11038 = CARTESIAN_POINT('',(0.14984474927,-0.583809065865,0.6300001));
#11039 = CARTESIAN_POINT('',(0.153546481722,-0.584040420282,0.6310001));
#11040 = CARTESIAN_POINT('',(0.153546481722,-0.584040420282,0.6300001));
#11041 = ADVANCED_FACE('',(#11042),#11052,.F.);
#11042 = FACE_BOUND('',#11043,.T.);
#11043 = EDGE_LOOP('',(#11044,#11045,#11050,#11051));
#11044 = ORIENTED_EDGE('',*,*,#10174,.T.);
#11045 = ORIENTED_EDGE('',*,*,#11046,.F.);
#11046 = EDGE_CURVE('',#10090,#10166,#11047,.T.);
#11047 = B_SPLINE_CURVE_WITH_KNOTS('',1,(#11048,#11049),.UNSPECIFIED.,
  .F.,.F.,(2,2),(-0.,1.E-03),.PIECEWISE_BEZIER_KNOTS.);
#11048 = CARTESIAN_POINT('',(0.167196595317,-0.584040420282,0.6310001));
#11049 = CARTESIAN_POINT('',(0.167196595317,-0.584040420282,0.6300001));
#11050 = ORIENTED_EDGE('',*,*,#10089,.F.);
#11051 = ORIENTED_EDGE('',*,*,#11027,.T.);
#11052 = B_SPLINE_SURFACE_WITH_KNOTS('',1,1,(
    (#11053,#11054)
    ,(#11055,#11056
  )),.UNSPECIFIED.,.F.,.F.,.F.,(2,2),(2,2),(-1.E-03,0.),(
    -1.295604151809E-02,6.940720768207E-04),.PIECEWISE_BEZIER_KNOTS.);
#11053 = CARTESIAN_POINT('',(0.153546481722,-0.584040420282,0.6300001));
#11054 = CARTESIAN_POINT('',(0.167196595317,-0.584040420282,0.6300001));
#11055 = CARTESIAN_POINT('',(0.153546481722,-0.584040420282,0.6310001));
#11056 = CARTESIAN_POINT('',(0.167196595317,-0.584040420282,0.6310001));
#11057 = ADVANCED_FACE('',(#11058),#11068,.F.);
#11058 = FACE_BOUND('',#11059,.F.);
#11059 = EDGE_LOOP('',(#11060,#11061,#11062,#11067));
#11060 = ORIENTED_EDGE('',*,*,#11046,.F.);
#11061 = ORIENTED_EDGE('',*,*,#10096,.T.);
#11062 = ORIENTED_EDGE('',*,*,#11063,.T.);
#11063 = EDGE_CURVE('',#10097,#10157,#11064,.T.);
#11064 = B_SPLINE_CURVE_WITH_KNOTS('',1,(#11065,#11066),.UNSPECIFIED.,
  .F.,.F.,(2,2),(-0.,1.E-03),.PIECEWISE_BEZIER_KNOTS.);
#11065 = CARTESIAN_POINT('',(0.18825016499,-0.573629312654,0.6310001));
#11066 = CARTESIAN_POINT('',(0.18825016499,-0.573629312654,0.6300001));
#11067 = ORIENTED_EDGE('',*,*,#10165,.F.);
#11068 = B_SPLINE_SURFACE_WITH_KNOTS('',3,1,(
    (#11069,#11070)
    ,(#11071,#11072)
    ,(#11073,#11074)
    ,(#11075,#11076
    )),.UNSPECIFIED.,.F.,.F.,.F.,(4,4),(2,2),(33.,34.),(0.,1.),
  .PIECEWISE_BEZIER_KNOTS.);
#11069 = CARTESIAN_POINT('',(0.167196595317,-0.584040420282,0.6310001));
#11070 = CARTESIAN_POINT('',(0.167196595317,-0.584040420282,0.6300001));
#11071 = CARTESIAN_POINT('',(0.175294123472,-0.583346348205,0.6310001));
#11072 = CARTESIAN_POINT('',(0.175294123472,-0.583346348205,0.6300001));
#11073 = CARTESIAN_POINT('',(0.18269757955,-0.579644615753,0.6310001));
#11074 = CARTESIAN_POINT('',(0.18269757955,-0.579644615753,0.6300001));
#11075 = CARTESIAN_POINT('',(0.18825016499,-0.573629312654,0.6310001));
#11076 = CARTESIAN_POINT('',(0.18825016499,-0.573629312654,0.6300001));
#11077 = ADVANCED_FACE('',(#11078),#11084,.F.);
#11078 = FACE_BOUND('',#11079,.F.);
#11079 = EDGE_LOOP('',(#11080,#11081,#11082,#11083));
#11080 = ORIENTED_EDGE('',*,*,#11063,.F.);
#11081 = ORIENTED_EDGE('',*,*,#10105,.T.);
#11082 = ORIENTED_EDGE('',*,*,#10465,.T.);
#11083 = ORIENTED_EDGE('',*,*,#10156,.F.);
#11084 = B_SPLINE_SURFACE_WITH_KNOTS('',3,1,(
    (#11085,#11086)
    ,(#11087,#11088)
    ,(#11089,#11090)
    ,(#11091,#11092
    )),.UNSPECIFIED.,.F.,.F.,.F.,(4,4),(2,2),(34.,35.),(0.,1.),
  .PIECEWISE_BEZIER_KNOTS.);
#11085 = CARTESIAN_POINT('',(0.18825016499,-0.573629312654,0.6310001));
#11086 = CARTESIAN_POINT('',(0.18825016499,-0.573629312654,0.6300001));
#11087 = CARTESIAN_POINT('',(0.193802759255,-0.567614009554,0.6310001));
#11088 = CARTESIAN_POINT('',(0.193802759255,-0.567614009554,0.6300001));
#11089 = CARTESIAN_POINT('',(0.196810410805,-0.559747835816,0.6310001));
#11090 = CARTESIAN_POINT('',(0.196810410805,-0.559747835816,0.6300001));
#11091 = CARTESIAN_POINT('',(0.196810410805,-0.551650307661,0.6310001));
#11092 = CARTESIAN_POINT('',(0.196810410805,-0.551650307661,0.6300001));
#11093 = ADVANCED_FACE('',(#11094),#11108,.T.);
#11094 = FACE_BOUND('',#11095,.T.);
#11095 = EDGE_LOOP('',(#11096,#11097,#11102,#11103));
#11096 = ORIENTED_EDGE('',*,*,#10447,.F.);
#11097 = ORIENTED_EDGE('',*,*,#11098,.F.);
#11098 = EDGE_CURVE('',#10115,#10437,#11099,.T.);
#11099 = B_SPLINE_CURVE_WITH_KNOTS('',1,(#11100,#11101),.UNSPECIFIED.,
  .F.,.F.,(2,2),(-0.,1.E-03),.PIECEWISE_BEZIER_KNOTS.);
#11100 = CARTESIAN_POINT('',(9.917735969541E-02,-0.585428582087,
    0.6310001));
#11101 = CARTESIAN_POINT('',(9.917735969541E-02,-0.585428582087,
    0.6300001));
#11102 = ORIENTED_EDGE('',*,*,#10114,.T.);
#11103 = ORIENTED_EDGE('',*,*,#11104,.T.);
#11104 = EDGE_CURVE('',#10117,#10435,#11105,.T.);
#11105 = B_SPLINE_CURVE_WITH_KNOTS('',1,(#11106,#11107),.UNSPECIFIED.,
  .F.,.F.,(2,2),(-0.,1.E-03),.PIECEWISE_BEZIER_KNOTS.);
#11106 = CARTESIAN_POINT('',(9.917735969541E-02,-0.567382655137,
    0.6310001));
#11107 = CARTESIAN_POINT('',(9.917735969541E-02,-0.567382655137,
    0.6300001));
#11108 = B_SPLINE_SURFACE_WITH_KNOTS('',3,1,(
    (#11109,#11110)
    ,(#11111,#11112)
    ,(#11113,#11114)
    ,(#11115,#11116)
    ,(#11117,#11118)
    ,(#11119,#11120)
    ,(#11121,#11122
  )),.UNSPECIFIED.,.F.,.F.,.F.,(4,3,4),(2,2),(0.,1.,2.),(0.,1.),
  .PIECEWISE_BEZIER_KNOTS.);
#11109 = CARTESIAN_POINT('',(9.917735969541E-02,-0.585428582087,
    0.6310001));
#11110 = CARTESIAN_POINT('',(9.917735969541E-02,-0.585428582087,
    0.6300001));
#11111 = CARTESIAN_POINT('',(0.104267231888,-0.585428582087,0.6310001));
#11112 = CARTESIAN_POINT('',(0.104267231888,-0.585428582087,0.6300001));
#11113 = CARTESIAN_POINT('',(0.108200318757,-0.581264131975,0.6310001));
#11114 = CARTESIAN_POINT('',(0.108200318757,-0.581264131975,0.6300001));
#11115 = CARTESIAN_POINT('',(0.108200318757,-0.576405618612,0.6310001));
#11116 = CARTESIAN_POINT('',(0.108200318757,-0.576405618612,0.6300001));
#11117 = CARTESIAN_POINT('',(0.108200318757,-0.571315742006,0.6310001));
#11118 = CARTESIAN_POINT('',(0.108200318757,-0.571315742006,0.6300001));
#11119 = CARTESIAN_POINT('',(0.104035877471,-0.567382655137,0.6310001));
#11120 = CARTESIAN_POINT('',(0.104035877471,-0.567382655137,0.6300001));
#11121 = CARTESIAN_POINT('',(9.917735969541E-02,-0.567382655137,
    0.6310001));
#11122 = CARTESIAN_POINT('',(9.917735969541E-02,-0.567382655137,
    0.6300001));
#11123 = ADVANCED_FACE('',(#11124),#11130,.T.);
#11124 = FACE_BOUND('',#11125,.T.);
#11125 = EDGE_LOOP('',(#11126,#11127,#11128,#11129));
#11126 = ORIENTED_EDGE('',*,*,#10434,.F.);
#11127 = ORIENTED_EDGE('',*,*,#11104,.F.);
#11128 = ORIENTED_EDGE('',*,*,#10128,.T.);
#11129 = ORIENTED_EDGE('',*,*,#11098,.T.);
#11130 = B_SPLINE_SURFACE_WITH_KNOTS('',3,1,(
    (#11131,#11132)
    ,(#11133,#11134)
    ,(#11135,#11136)
    ,(#11137,#11138)
    ,(#11139,#11140)
    ,(#11141,#11142
  )),.UNSPECIFIED.,.F.,.F.,.F.,(4,2,4),(2,2),(2.,3.,4.),(0.,1.),
  .UNSPECIFIED.);
#11131 = CARTESIAN_POINT('',(9.917735969541E-02,-0.567382655137,
    0.6310001));
#11132 = CARTESIAN_POINT('',(9.917735969541E-02,-0.567382655137,
    0.6300001));
#11133 = CARTESIAN_POINT('',(9.431884191981E-02,-0.567382655137,
    0.6310001));
#11134 = CARTESIAN_POINT('',(9.431884191981E-02,-0.567382655137,
    0.6300001));
#11135 = CARTESIAN_POINT('',(9.015440063361E-02,-0.571315742006,
    0.6310001));
#11136 = CARTESIAN_POINT('',(9.015440063361E-02,-0.571315742006,
    0.6300001));
#11137 = CARTESIAN_POINT('',(9.015440063361E-02,-0.581495495217,
    0.6310001));
#11138 = CARTESIAN_POINT('',(9.015440063361E-02,-0.581495495217,
    0.6300001));
#11139 = CARTESIAN_POINT('',(9.431884191981E-02,-0.585428582087,
    0.6310001));
#11140 = CARTESIAN_POINT('',(9.431884191981E-02,-0.585428582087,
    0.6300001));
#11141 = CARTESIAN_POINT('',(9.917735969541E-02,-0.585428582087,
    0.6310001));
#11142 = CARTESIAN_POINT('',(9.917735969541E-02,-0.585428582087,
    0.6300001));
#11143 = ( GEOMETRIC_REPRESENTATION_CONTEXT(3) 
GLOBAL_UNCERTAINTY_ASSIGNED_CONTEXT((#11147)) 
GLOBAL_UNIT_ASSIGNED_CONTEXT((#11144,#11145,#11146)) 
REPRESENTATION_CONTEXT('Context #1',
  '3D Context with UNIT and UNCERTAINTY') );
#11144 = ( LENGTH_UNIT() NAMED_UNIT(*) SI_UNIT(.MILLI.,.METRE.) );
#11145 = ( NAMED_UNIT(*) PLANE_ANGLE_UNIT() SI_UNIT($,.RADIAN.) );
#11146 = ( NAMED_UNIT(*) SI_UNIT($,.STERADIAN.) SOLID_ANGLE_UNIT() );
#11147 = UNCERTAINTY_MEASURE_WITH_UNIT(LENGTH_MEASURE(2.E-07),#11144,
  'distance_accuracy_value','confusion accuracy');
#11148 = PRODUCT_RELATED_PRODUCT_CATEGORY('part',$,(#7));
#11149 = MECHANICAL_DESIGN_GEOMETRIC_PRESENTATION_REPRESENTATION('',(
    #11150,#11158,#11166,#11173,#11180,#11187,#11194,#11201,#11208,
    #11215,#11222,#11229,#11236,#11243,#11250,#11257,#11264,#11271,
    #11278,#11285,#11292,#11299,#11306,#11313,#11321,#11328,#11335,
    #11342,#11349,#11356,#11363,#11370,#11377,#11384,#11391,#11398,
    #11405,#11412,#11419,#11426,#11433,#11440,#11447,#11454,#11461,
    #11468,#11475,#11482,#11489,#11496,#11503,#11510,#11517,#11524,
    #11531,#11538,#11545,#11552,#11559,#11566,#11573,#11580,#11587,
    #11594,#11601,#11608,#11615,#11622,#11629,#11636,#11643,#11650,
    #11657,#11664,#11671,#11678,#11685,#11692,#11699,#11706,#11713,
    #11720,#11727,#11734,#11741,#11748,#11755,#11762,#11769,#11776,
    #11783,#11790,#11797,#11804,#11811,#11818,#11825,#11832,#11839,
    #11846,#11853,#11860,#11867,#11874,#11881,#11888,#11895,#11902,
    #11909,#11916,#11923,#11930,#11937,#11944,#11951,#11958,#11965,
    #11972,#11979,#11986,#11993,#12000,#12007,#12014,#12021,#12028,
    #12035,#12042,#12049,#12056,#12063,#12070,#12077,#12084,#12091,
    #12098,#12105,#12112,#12119,#12126,#12133,#12140,#12147,#12154,
    #12161,#12168,#12175,#12182,#12189,#12196,#12203,#12210,#12217,
    #12224,#12231,#12238,#12245,#12252,#12259,#12266,#12273,#12280,
    #12287,#12294,#12301,#12308,#12315,#12322,#12329,#12336,#12343,
    #12350,#12357,#12364,#12371,#12378,#12385,#12392,#12399,#12406,
    #12413,#12420,#12427,#12434,#12441,#12448,#12455,#12462,#12469,
    #12476,#12483,#12490,#12497,#12504,#12511,#12518,#12525,#12532,
    #12539,#12546,#12553,#12560,#12567,#12574,#12581,#12588,#12595,
    #12602,#12609,#12616,#12623,#12630,#12637,#12644,#12651,#12658,
    #12665,#12672,#12679,#12686,#12693,#12700,#12707,#12714,#12721,
    #12728,#12735,#12742,#12749,#12756,#12763,#12770,#12777,#12784,
    #12791,#12798,#12805,#12812,#12819,#12826,#12833,#12840,#12847,
    #12854,#12861,#12868,#12875,#12882,#12889,#12896,#12903,#12910,
    #12917,#12924,#12931,#12938,#12945,#12952,#12959,#12966,#12973,
    #12980,#12987,#12994,#13001,#13008,#13015,#13022,#13029,#13036,
    #13043,#13050,#13057,#13064,#13071,#13078,#13085,#13092,#13099,
    #13106,#13113,#13120,#13127,#13134,#13141,#13148,#13155,#13162,
    #13169,#13176,#13183,#13190,#13197,#13204,#13211,#13218,#13225,
    #13232,#13239,#13246,#13253,#13260,#13267,#13274,#13281,#13288,
    #13295,#13302,#13309,#13316,#13323,#13330,#13337,#13344,#13351,
    #13358,#13365,#13372,#13379,#13386,#13393,#13400,#13407,#13414,
    #13421,#13428,#13435,#13442,#13449,#13456,#13463,#13470,#13477,
    #13484,#13491,#13498,#13505,#13512,#13519,#13526,#13533,#13540,
    #13547,#13554,#13561,#13568,#13575,#13582,#13589,#13596,#13603,
    #13610,#13617,#13624,#13631,#13638),#11143);
#11150 = STYLED_ITEM('color',(#11151),#15);
#11151 = PRESENTATION_STYLE_ASSIGNMENT((#11152));
#11152 = SURFACE_STYLE_USAGE(.BOTH.,#11153);
#11153 = SURFACE_SIDE_STYLE('',(#11154));
#11154 = SURFACE_STYLE_FILL_AREA(#11155);
#11155 = FILL_AREA_STYLE('',(#11156));
#11156 = FILL_AREA_STYLE_COLOUR('',#11157);
#11157 = DRAUGHTING_PRE_DEFINED_COLOUR('white');
#11158 = OVER_RIDING_STYLED_ITEM('overriding color',(#11159),#17,#11150
  );
#11159 = PRESENTATION_STYLE_ASSIGNMENT((#11160));
#11160 = SURFACE_STYLE_USAGE(.BOTH.,#11161);
#11161 = SURFACE_SIDE_STYLE('',(#11162));
#11162 = SURFACE_STYLE_FILL_AREA(#11163);
#11163 = FILL_AREA_STYLE('',(#11164));
#11164 = FILL_AREA_STYLE_COLOUR('',#11165);
#11165 = COLOUR_RGB('',0.223529416636,0.223529416636,0.223529416636);
#11166 = OVER_RIDING_STYLED_ITEM('overriding color',(#11167),#660,#11150
  );
#11167 = PRESENTATION_STYLE_ASSIGNMENT((#11168));
#11168 = SURFACE_STYLE_USAGE(.BOTH.,#11169);
#11169 = SURFACE_SIDE_STYLE('',(#11170));
#11170 = SURFACE_STYLE_FILL_AREA(#11171);
#11171 = FILL_AREA_STYLE('',(#11172));
#11172 = FILL_AREA_STYLE_COLOUR('',#11165);
#11173 = OVER_RIDING_STYLED_ITEM('overriding color',(#11174),#707,#11150
  );
#11174 = PRESENTATION_STYLE_ASSIGNMENT((#11175));
#11175 = SURFACE_STYLE_USAGE(.BOTH.,#11176);
#11176 = SURFACE_SIDE_STYLE('',(#11177));
#11177 = SURFACE_STYLE_FILL_AREA(#11178);
#11178 = FILL_AREA_STYLE('',(#11179));
#11179 = FILL_AREA_STYLE_COLOUR('',#11165);
#11180 = OVER_RIDING_STYLED_ITEM('overriding color',(#11181),#743,#11150
  );
#11181 = PRESENTATION_STYLE_ASSIGNMENT((#11182));
#11182 = SURFACE_STYLE_USAGE(.BOTH.,#11183);
#11183 = SURFACE_SIDE_STYLE('',(#11184));
#11184 = SURFACE_STYLE_FILL_AREA(#11185);
#11185 = FILL_AREA_STYLE('',(#11186));
#11186 = FILL_AREA_STYLE_COLOUR('',#11165);
#11187 = OVER_RIDING_STYLED_ITEM('overriding color',(#11188),#784,#11150
  );
#11188 = PRESENTATION_STYLE_ASSIGNMENT((#11189));
#11189 = SURFACE_STYLE_USAGE(.BOTH.,#11190);
#11190 = SURFACE_SIDE_STYLE('',(#11191));
#11191 = SURFACE_STYLE_FILL_AREA(#11192);
#11192 = FILL_AREA_STYLE('',(#11193));
#11193 = FILL_AREA_STYLE_COLOUR('',#11165);
#11194 = OVER_RIDING_STYLED_ITEM('overriding color',(#11195),#880,#11150
  );
#11195 = PRESENTATION_STYLE_ASSIGNMENT((#11196));
#11196 = SURFACE_STYLE_USAGE(.BOTH.,#11197);
#11197 = SURFACE_SIDE_STYLE('',(#11198));
#11198 = SURFACE_STYLE_FILL_AREA(#11199);
#11199 = FILL_AREA_STYLE('',(#11200));
#11200 = FILL_AREA_STYLE_COLOUR('',#11165);
#11201 = OVER_RIDING_STYLED_ITEM('overriding color',(#11202),#921,#11150
  );
#11202 = PRESENTATION_STYLE_ASSIGNMENT((#11203));
#11203 = SURFACE_STYLE_USAGE(.BOTH.,#11204);
#11204 = SURFACE_SIDE_STYLE('',(#11205));
#11205 = SURFACE_STYLE_FILL_AREA(#11206);
#11206 = FILL_AREA_STYLE('',(#11207));
#11207 = FILL_AREA_STYLE_COLOUR('',#11165);
#11208 = OVER_RIDING_STYLED_ITEM('overriding color',(#11209),#957,#11150
  );
#11209 = PRESENTATION_STYLE_ASSIGNMENT((#11210));
#11210 = SURFACE_STYLE_USAGE(.BOTH.,#11211);
#11211 = SURFACE_SIDE_STYLE('',(#11212));
#11212 = SURFACE_STYLE_FILL_AREA(#11213);
#11213 = FILL_AREA_STYLE('',(#11214));
#11214 = FILL_AREA_STYLE_COLOUR('',#11165);
#11215 = OVER_RIDING_STYLED_ITEM('overriding color',(#11216),#998,#11150
  );
#11216 = PRESENTATION_STYLE_ASSIGNMENT((#11217));
#11217 = SURFACE_STYLE_USAGE(.BOTH.,#11218);
#11218 = SURFACE_SIDE_STYLE('',(#11219));
#11219 = SURFACE_STYLE_FILL_AREA(#11220);
#11220 = FILL_AREA_STYLE('',(#11221));
#11221 = FILL_AREA_STYLE_COLOUR('',#11165);
#11222 = OVER_RIDING_STYLED_ITEM('overriding color',(#11223),#1068,
  #11150);
#11223 = PRESENTATION_STYLE_ASSIGNMENT((#11224));
#11224 = SURFACE_STYLE_USAGE(.BOTH.,#11225);
#11225 = SURFACE_SIDE_STYLE('',(#11226));
#11226 = SURFACE_STYLE_FILL_AREA(#11227);
#11227 = FILL_AREA_STYLE('',(#11228));
#11228 = FILL_AREA_STYLE_COLOUR('',#11165);
#11229 = OVER_RIDING_STYLED_ITEM('overriding color',(#11230),#1104,
  #11150);
#11230 = PRESENTATION_STYLE_ASSIGNMENT((#11231));
#11231 = SURFACE_STYLE_USAGE(.BOTH.,#11232);
#11232 = SURFACE_SIDE_STYLE('',(#11233));
#11233 = SURFACE_STYLE_FILL_AREA(#11234);
#11234 = FILL_AREA_STYLE('',(#11235));
#11235 = FILL_AREA_STYLE_COLOUR('',#11165);
#11236 = OVER_RIDING_STYLED_ITEM('overriding color',(#11237),#1123,
  #11150);
#11237 = PRESENTATION_STYLE_ASSIGNMENT((#11238));
#11238 = SURFACE_STYLE_USAGE(.BOTH.,#11239);
#11239 = SURFACE_SIDE_STYLE('',(#11240));
#11240 = SURFACE_STYLE_FILL_AREA(#11241);
#11241 = FILL_AREA_STYLE('',(#11242));
#11242 = FILL_AREA_STYLE_COLOUR('',#11165);
#11243 = OVER_RIDING_STYLED_ITEM('overriding color',(#11244),#1147,
  #11150);
#11244 = PRESENTATION_STYLE_ASSIGNMENT((#11245));
#11245 = SURFACE_STYLE_USAGE(.BOTH.,#11246);
#11246 = SURFACE_SIDE_STYLE('',(#11247));
#11247 = SURFACE_STYLE_FILL_AREA(#11248);
#11248 = FILL_AREA_STYLE('',(#11249));
#11249 = FILL_AREA_STYLE_COLOUR('',#11165);
#11250 = OVER_RIDING_STYLED_ITEM('overriding color',(#11251),#1166,
  #11150);
#11251 = PRESENTATION_STYLE_ASSIGNMENT((#11252));
#11252 = SURFACE_STYLE_USAGE(.BOTH.,#11253);
#11253 = SURFACE_SIDE_STYLE('',(#11254));
#11254 = SURFACE_STYLE_FILL_AREA(#11255);
#11255 = FILL_AREA_STYLE('',(#11256));
#11256 = FILL_AREA_STYLE_COLOUR('',#11165);
#11257 = OVER_RIDING_STYLED_ITEM('overriding color',(#11258),#1187,
  #11150);
#11258 = PRESENTATION_STYLE_ASSIGNMENT((#11259));
#11259 = SURFACE_STYLE_USAGE(.BOTH.,#11260);
#11260 = SURFACE_SIDE_STYLE('',(#11261));
#11261 = SURFACE_STYLE_FILL_AREA(#11262);
#11262 = FILL_AREA_STYLE('',(#11263));
#11263 = FILL_AREA_STYLE_COLOUR('',#11165);
#11264 = OVER_RIDING_STYLED_ITEM('overriding color',(#11265),#1208,
  #11150);
#11265 = PRESENTATION_STYLE_ASSIGNMENT((#11266));
#11266 = SURFACE_STYLE_USAGE(.BOTH.,#11267);
#11267 = SURFACE_SIDE_STYLE('',(#11268));
#11268 = SURFACE_STYLE_FILL_AREA(#11269);
#11269 = FILL_AREA_STYLE('',(#11270));
#11270 = FILL_AREA_STYLE_COLOUR('',#11165);
#11271 = OVER_RIDING_STYLED_ITEM('overriding color',(#11272),#1227,
  #11150);
#11272 = PRESENTATION_STYLE_ASSIGNMENT((#11273));
#11273 = SURFACE_STYLE_USAGE(.BOTH.,#11274);
#11274 = SURFACE_SIDE_STYLE('',(#11275));
#11275 = SURFACE_STYLE_FILL_AREA(#11276);
#11276 = FILL_AREA_STYLE('',(#11277));
#11277 = FILL_AREA_STYLE_COLOUR('',#11165);
#11278 = OVER_RIDING_STYLED_ITEM('overriding color',(#11279),#1246,
  #11150);
#11279 = PRESENTATION_STYLE_ASSIGNMENT((#11280));
#11280 = SURFACE_STYLE_USAGE(.BOTH.,#11281);
#11281 = SURFACE_SIDE_STYLE('',(#11282));
#11282 = SURFACE_STYLE_FILL_AREA(#11283);
#11283 = FILL_AREA_STYLE('',(#11284));
#11284 = FILL_AREA_STYLE_COLOUR('',#11165);
#11285 = OVER_RIDING_STYLED_ITEM('overriding color',(#11286),#1265,
  #11150);
#11286 = PRESENTATION_STYLE_ASSIGNMENT((#11287));
#11287 = SURFACE_STYLE_USAGE(.BOTH.,#11288);
#11288 = SURFACE_SIDE_STYLE('',(#11289));
#11289 = SURFACE_STYLE_FILL_AREA(#11290);
#11290 = FILL_AREA_STYLE('',(#11291));
#11291 = FILL_AREA_STYLE_COLOUR('',#11165);
#11292 = OVER_RIDING_STYLED_ITEM('overriding color',(#11293),#1284,
  #11150);
#11293 = PRESENTATION_STYLE_ASSIGNMENT((#11294));
#11294 = SURFACE_STYLE_USAGE(.BOTH.,#11295);
#11295 = SURFACE_SIDE_STYLE('',(#11296));
#11296 = SURFACE_STYLE_FILL_AREA(#11297);
#11297 = FILL_AREA_STYLE('',(#11298));
#11298 = FILL_AREA_STYLE_COLOUR('',#11165);
#11299 = OVER_RIDING_STYLED_ITEM('overriding color',(#11300),#1305,
  #11150);
#11300 = PRESENTATION_STYLE_ASSIGNMENT((#11301));
#11301 = SURFACE_STYLE_USAGE(.BOTH.,#11302);
#11302 = SURFACE_SIDE_STYLE('',(#11303));
#11303 = SURFACE_STYLE_FILL_AREA(#11304);
#11304 = FILL_AREA_STYLE('',(#11305));
#11305 = FILL_AREA_STYLE_COLOUR('',#11165);
#11306 = OVER_RIDING_STYLED_ITEM('overriding color',(#11307),#1326,
  #11150);
#11307 = PRESENTATION_STYLE_ASSIGNMENT((#11308));
#11308 = SURFACE_STYLE_USAGE(.BOTH.,#11309);
#11309 = SURFACE_SIDE_STYLE('',(#11310));
#11310 = SURFACE_STYLE_FILL_AREA(#11311);
#11311 = FILL_AREA_STYLE('',(#11312));
#11312 = FILL_AREA_STYLE_COLOUR('',#11165);
#11313 = OVER_RIDING_STYLED_ITEM('overriding color',(#11314),#1340,
  #11150);
#11314 = PRESENTATION_STYLE_ASSIGNMENT((#11315));
#11315 = SURFACE_STYLE_USAGE(.BOTH.,#11316);
#11316 = SURFACE_SIDE_STYLE('',(#11317));
#11317 = SURFACE_STYLE_FILL_AREA(#11318);
#11318 = FILL_AREA_STYLE('',(#11319));
#11319 = FILL_AREA_STYLE_COLOUR('',#11320);
#11320 = COLOUR_RGB('',0.666666664908,0.698039211323,0.768627468855);
#11321 = OVER_RIDING_STYLED_ITEM('overriding color',(#11322),#1368,
  #11150);
#11322 = PRESENTATION_STYLE_ASSIGNMENT((#11323));
#11323 = SURFACE_STYLE_USAGE(.BOTH.,#11324);
#11324 = SURFACE_SIDE_STYLE('',(#11325));
#11325 = SURFACE_STYLE_FILL_AREA(#11326);
#11326 = FILL_AREA_STYLE('',(#11327));
#11327 = FILL_AREA_STYLE_COLOUR('',#11320);
#11328 = OVER_RIDING_STYLED_ITEM('overriding color',(#11329),#1398,
  #11150);
#11329 = PRESENTATION_STYLE_ASSIGNMENT((#11330));
#11330 = SURFACE_STYLE_USAGE(.BOTH.,#11331);
#11331 = SURFACE_SIDE_STYLE('',(#11332));
#11332 = SURFACE_STYLE_FILL_AREA(#11333);
#11333 = FILL_AREA_STYLE('',(#11334));
#11334 = FILL_AREA_STYLE_COLOUR('',#11320);
#11335 = OVER_RIDING_STYLED_ITEM('overriding color',(#11336),#1428,
  #11150);
#11336 = PRESENTATION_STYLE_ASSIGNMENT((#11337));
#11337 = SURFACE_STYLE_USAGE(.BOTH.,#11338);
#11338 = SURFACE_SIDE_STYLE('',(#11339));
#11339 = SURFACE_STYLE_FILL_AREA(#11340);
#11340 = FILL_AREA_STYLE('',(#11341));
#11341 = FILL_AREA_STYLE_COLOUR('',#11320);
#11342 = OVER_RIDING_STYLED_ITEM('overriding color',(#11343),#1444,
  #11150);
#11343 = PRESENTATION_STYLE_ASSIGNMENT((#11344));
#11344 = SURFACE_STYLE_USAGE(.BOTH.,#11345);
#11345 = SURFACE_SIDE_STYLE('',(#11346));
#11346 = SURFACE_STYLE_FILL_AREA(#11347);
#11347 = FILL_AREA_STYLE('',(#11348));
#11348 = FILL_AREA_STYLE_COLOUR('',#11320);
#11349 = OVER_RIDING_STYLED_ITEM('overriding color',(#11350),#1460,
  #11150);
#11350 = PRESENTATION_STYLE_ASSIGNMENT((#11351));
#11351 = SURFACE_STYLE_USAGE(.BOTH.,#11352);
#11352 = SURFACE_SIDE_STYLE('',(#11353));
#11353 = SURFACE_STYLE_FILL_AREA(#11354);
#11354 = FILL_AREA_STYLE('',(#11355));
#11355 = FILL_AREA_STYLE_COLOUR('',#11320);
#11356 = OVER_RIDING_STYLED_ITEM('overriding color',(#11357),#1472,
  #11150);
#11357 = PRESENTATION_STYLE_ASSIGNMENT((#11358));
#11358 = SURFACE_STYLE_USAGE(.BOTH.,#11359);
#11359 = SURFACE_SIDE_STYLE('',(#11360));
#11360 = SURFACE_STYLE_FILL_AREA(#11361);
#11361 = FILL_AREA_STYLE('',(#11362));
#11362 = FILL_AREA_STYLE_COLOUR('',#11320);
#11363 = OVER_RIDING_STYLED_ITEM('overriding color',(#11364),#1500,
  #11150);
#11364 = PRESENTATION_STYLE_ASSIGNMENT((#11365));
#11365 = SURFACE_STYLE_USAGE(.BOTH.,#11366);
#11366 = SURFACE_SIDE_STYLE('',(#11367));
#11367 = SURFACE_STYLE_FILL_AREA(#11368);
#11368 = FILL_AREA_STYLE('',(#11369));
#11369 = FILL_AREA_STYLE_COLOUR('',#11320);
#11370 = OVER_RIDING_STYLED_ITEM('overriding color',(#11371),#1530,
  #11150);
#11371 = PRESENTATION_STYLE_ASSIGNMENT((#11372));
#11372 = SURFACE_STYLE_USAGE(.BOTH.,#11373);
#11373 = SURFACE_SIDE_STYLE('',(#11374));
#11374 = SURFACE_STYLE_FILL_AREA(#11375);
#11375 = FILL_AREA_STYLE('',(#11376));
#11376 = FILL_AREA_STYLE_COLOUR('',#11320);
#11377 = OVER_RIDING_STYLED_ITEM('overriding color',(#11378),#1560,
  #11150);
#11378 = PRESENTATION_STYLE_ASSIGNMENT((#11379));
#11379 = SURFACE_STYLE_USAGE(.BOTH.,#11380);
#11380 = SURFACE_SIDE_STYLE('',(#11381));
#11381 = SURFACE_STYLE_FILL_AREA(#11382);
#11382 = FILL_AREA_STYLE('',(#11383));
#11383 = FILL_AREA_STYLE_COLOUR('',#11320);
#11384 = OVER_RIDING_STYLED_ITEM('overriding color',(#11385),#1576,
  #11150);
#11385 = PRESENTATION_STYLE_ASSIGNMENT((#11386));
#11386 = SURFACE_STYLE_USAGE(.BOTH.,#11387);
#11387 = SURFACE_SIDE_STYLE('',(#11388));
#11388 = SURFACE_STYLE_FILL_AREA(#11389);
#11389 = FILL_AREA_STYLE('',(#11390));
#11390 = FILL_AREA_STYLE_COLOUR('',#11320);
#11391 = OVER_RIDING_STYLED_ITEM('overriding color',(#11392),#1592,
  #11150);
#11392 = PRESENTATION_STYLE_ASSIGNMENT((#11393));
#11393 = SURFACE_STYLE_USAGE(.BOTH.,#11394);
#11394 = SURFACE_SIDE_STYLE('',(#11395));
#11395 = SURFACE_STYLE_FILL_AREA(#11396);
#11396 = FILL_AREA_STYLE('',(#11397));
#11397 = FILL_AREA_STYLE_COLOUR('',#11320);
#11398 = OVER_RIDING_STYLED_ITEM('overriding color',(#11399),#1604,
  #11150);
#11399 = PRESENTATION_STYLE_ASSIGNMENT((#11400));
#11400 = SURFACE_STYLE_USAGE(.BOTH.,#11401);
#11401 = SURFACE_SIDE_STYLE('',(#11402));
#11402 = SURFACE_STYLE_FILL_AREA(#11403);
#11403 = FILL_AREA_STYLE('',(#11404));
#11404 = FILL_AREA_STYLE_COLOUR('',#11320);
#11405 = OVER_RIDING_STYLED_ITEM('overriding color',(#11406),#1632,
  #11150);
#11406 = PRESENTATION_STYLE_ASSIGNMENT((#11407));
#11407 = SURFACE_STYLE_USAGE(.BOTH.,#11408);
#11408 = SURFACE_SIDE_STYLE('',(#11409));
#11409 = SURFACE_STYLE_FILL_AREA(#11410);
#11410 = FILL_AREA_STYLE('',(#11411));
#11411 = FILL_AREA_STYLE_COLOUR('',#11320);
#11412 = OVER_RIDING_STYLED_ITEM('overriding color',(#11413),#1662,
  #11150);
#11413 = PRESENTATION_STYLE_ASSIGNMENT((#11414));
#11414 = SURFACE_STYLE_USAGE(.BOTH.,#11415);
#11415 = SURFACE_SIDE_STYLE('',(#11416));
#11416 = SURFACE_STYLE_FILL_AREA(#11417);
#11417 = FILL_AREA_STYLE('',(#11418));
#11418 = FILL_AREA_STYLE_COLOUR('',#11320);
#11419 = OVER_RIDING_STYLED_ITEM('overriding color',(#11420),#1692,
  #11150);
#11420 = PRESENTATION_STYLE_ASSIGNMENT((#11421));
#11421 = SURFACE_STYLE_USAGE(.BOTH.,#11422);
#11422 = SURFACE_SIDE_STYLE('',(#11423));
#11423 = SURFACE_STYLE_FILL_AREA(#11424);
#11424 = FILL_AREA_STYLE('',(#11425));
#11425 = FILL_AREA_STYLE_COLOUR('',#11320);
#11426 = OVER_RIDING_STYLED_ITEM('overriding color',(#11427),#1708,
  #11150);
#11427 = PRESENTATION_STYLE_ASSIGNMENT((#11428));
#11428 = SURFACE_STYLE_USAGE(.BOTH.,#11429);
#11429 = SURFACE_SIDE_STYLE('',(#11430));
#11430 = SURFACE_STYLE_FILL_AREA(#11431);
#11431 = FILL_AREA_STYLE('',(#11432));
#11432 = FILL_AREA_STYLE_COLOUR('',#11320);
#11433 = OVER_RIDING_STYLED_ITEM('overriding color',(#11434),#1724,
  #11150);
#11434 = PRESENTATION_STYLE_ASSIGNMENT((#11435));
#11435 = SURFACE_STYLE_USAGE(.BOTH.,#11436);
#11436 = SURFACE_SIDE_STYLE('',(#11437));
#11437 = SURFACE_STYLE_FILL_AREA(#11438);
#11438 = FILL_AREA_STYLE('',(#11439));
#11439 = FILL_AREA_STYLE_COLOUR('',#11320);
#11440 = OVER_RIDING_STYLED_ITEM('overriding color',(#11441),#1736,
  #11150);
#11441 = PRESENTATION_STYLE_ASSIGNMENT((#11442));
#11442 = SURFACE_STYLE_USAGE(.BOTH.,#11443);
#11443 = SURFACE_SIDE_STYLE('',(#11444));
#11444 = SURFACE_STYLE_FILL_AREA(#11445);
#11445 = FILL_AREA_STYLE('',(#11446));
#11446 = FILL_AREA_STYLE_COLOUR('',#11320);
#11447 = OVER_RIDING_STYLED_ITEM('overriding color',(#11448),#1764,
  #11150);
#11448 = PRESENTATION_STYLE_ASSIGNMENT((#11449));
#11449 = SURFACE_STYLE_USAGE(.BOTH.,#11450);
#11450 = SURFACE_SIDE_STYLE('',(#11451));
#11451 = SURFACE_STYLE_FILL_AREA(#11452);
#11452 = FILL_AREA_STYLE('',(#11453));
#11453 = FILL_AREA_STYLE_COLOUR('',#11320);
#11454 = OVER_RIDING_STYLED_ITEM('overriding color',(#11455),#1794,
  #11150);
#11455 = PRESENTATION_STYLE_ASSIGNMENT((#11456));
#11456 = SURFACE_STYLE_USAGE(.BOTH.,#11457);
#11457 = SURFACE_SIDE_STYLE('',(#11458));
#11458 = SURFACE_STYLE_FILL_AREA(#11459);
#11459 = FILL_AREA_STYLE('',(#11460));
#11460 = FILL_AREA_STYLE_COLOUR('',#11320);
#11461 = OVER_RIDING_STYLED_ITEM('overriding color',(#11462),#1824,
  #11150);
#11462 = PRESENTATION_STYLE_ASSIGNMENT((#11463));
#11463 = SURFACE_STYLE_USAGE(.BOTH.,#11464);
#11464 = SURFACE_SIDE_STYLE('',(#11465));
#11465 = SURFACE_STYLE_FILL_AREA(#11466);
#11466 = FILL_AREA_STYLE('',(#11467));
#11467 = FILL_AREA_STYLE_COLOUR('',#11320);
#11468 = OVER_RIDING_STYLED_ITEM('overriding color',(#11469),#1840,
  #11150);
#11469 = PRESENTATION_STYLE_ASSIGNMENT((#11470));
#11470 = SURFACE_STYLE_USAGE(.BOTH.,#11471);
#11471 = SURFACE_SIDE_STYLE('',(#11472));
#11472 = SURFACE_STYLE_FILL_AREA(#11473);
#11473 = FILL_AREA_STYLE('',(#11474));
#11474 = FILL_AREA_STYLE_COLOUR('',#11320);
#11475 = OVER_RIDING_STYLED_ITEM('overriding color',(#11476),#1856,
  #11150);
#11476 = PRESENTATION_STYLE_ASSIGNMENT((#11477));
#11477 = SURFACE_STYLE_USAGE(.BOTH.,#11478);
#11478 = SURFACE_SIDE_STYLE('',(#11479));
#11479 = SURFACE_STYLE_FILL_AREA(#11480);
#11480 = FILL_AREA_STYLE('',(#11481));
#11481 = FILL_AREA_STYLE_COLOUR('',#11320);
#11482 = OVER_RIDING_STYLED_ITEM('overriding color',(#11483),#1868,
  #11150);
#11483 = PRESENTATION_STYLE_ASSIGNMENT((#11484));
#11484 = SURFACE_STYLE_USAGE(.BOTH.,#11485);
#11485 = SURFACE_SIDE_STYLE('',(#11486));
#11486 = SURFACE_STYLE_FILL_AREA(#11487);
#11487 = FILL_AREA_STYLE('',(#11488));
#11488 = FILL_AREA_STYLE_COLOUR('',#11320);
#11489 = OVER_RIDING_STYLED_ITEM('overriding color',(#11490),#1896,
  #11150);
#11490 = PRESENTATION_STYLE_ASSIGNMENT((#11491));
#11491 = SURFACE_STYLE_USAGE(.BOTH.,#11492);
#11492 = SURFACE_SIDE_STYLE('',(#11493));
#11493 = SURFACE_STYLE_FILL_AREA(#11494);
#11494 = FILL_AREA_STYLE('',(#11495));
#11495 = FILL_AREA_STYLE_COLOUR('',#11320);
#11496 = OVER_RIDING_STYLED_ITEM('overriding color',(#11497),#1926,
  #11150);
#11497 = PRESENTATION_STYLE_ASSIGNMENT((#11498));
#11498 = SURFACE_STYLE_USAGE(.BOTH.,#11499);
#11499 = SURFACE_SIDE_STYLE('',(#11500));
#11500 = SURFACE_STYLE_FILL_AREA(#11501);
#11501 = FILL_AREA_STYLE('',(#11502));
#11502 = FILL_AREA_STYLE_COLOUR('',#11320);
#11503 = OVER_RIDING_STYLED_ITEM('overriding color',(#11504),#1956,
  #11150);
#11504 = PRESENTATION_STYLE_ASSIGNMENT((#11505));
#11505 = SURFACE_STYLE_USAGE(.BOTH.,#11506);
#11506 = SURFACE_SIDE_STYLE('',(#11507));
#11507 = SURFACE_STYLE_FILL_AREA(#11508);
#11508 = FILL_AREA_STYLE('',(#11509));
#11509 = FILL_AREA_STYLE_COLOUR('',#11320);
#11510 = OVER_RIDING_STYLED_ITEM('overriding color',(#11511),#1972,
  #11150);
#11511 = PRESENTATION_STYLE_ASSIGNMENT((#11512));
#11512 = SURFACE_STYLE_USAGE(.BOTH.,#11513);
#11513 = SURFACE_SIDE_STYLE('',(#11514));
#11514 = SURFACE_STYLE_FILL_AREA(#11515);
#11515 = FILL_AREA_STYLE('',(#11516));
#11516 = FILL_AREA_STYLE_COLOUR('',#11320);
#11517 = OVER_RIDING_STYLED_ITEM('overriding color',(#11518),#1988,
  #11150);
#11518 = PRESENTATION_STYLE_ASSIGNMENT((#11519));
#11519 = SURFACE_STYLE_USAGE(.BOTH.,#11520);
#11520 = SURFACE_SIDE_STYLE('',(#11521));
#11521 = SURFACE_STYLE_FILL_AREA(#11522);
#11522 = FILL_AREA_STYLE('',(#11523));
#11523 = FILL_AREA_STYLE_COLOUR('',#11320);
#11524 = OVER_RIDING_STYLED_ITEM('overriding color',(#11525),#2000,
  #11150);
#11525 = PRESENTATION_STYLE_ASSIGNMENT((#11526));
#11526 = SURFACE_STYLE_USAGE(.BOTH.,#11527);
#11527 = SURFACE_SIDE_STYLE('',(#11528));
#11528 = SURFACE_STYLE_FILL_AREA(#11529);
#11529 = FILL_AREA_STYLE('',(#11530));
#11530 = FILL_AREA_STYLE_COLOUR('',#11320);
#11531 = OVER_RIDING_STYLED_ITEM('overriding color',(#11532),#2028,
  #11150);
#11532 = PRESENTATION_STYLE_ASSIGNMENT((#11533));
#11533 = SURFACE_STYLE_USAGE(.BOTH.,#11534);
#11534 = SURFACE_SIDE_STYLE('',(#11535));
#11535 = SURFACE_STYLE_FILL_AREA(#11536);
#11536 = FILL_AREA_STYLE('',(#11537));
#11537 = FILL_AREA_STYLE_COLOUR('',#11320);
#11538 = OVER_RIDING_STYLED_ITEM('overriding color',(#11539),#2050,
  #11150);
#11539 = PRESENTATION_STYLE_ASSIGNMENT((#11540));
#11540 = SURFACE_STYLE_USAGE(.BOTH.,#11541);
#11541 = SURFACE_SIDE_STYLE('',(#11542));
#11542 = SURFACE_STYLE_FILL_AREA(#11543);
#11543 = FILL_AREA_STYLE('',(#11544));
#11544 = FILL_AREA_STYLE_COLOUR('',#11320);
#11545 = OVER_RIDING_STYLED_ITEM('overriding color',(#11546),#2072,
  #11150);
#11546 = PRESENTATION_STYLE_ASSIGNMENT((#11547));
#11547 = SURFACE_STYLE_USAGE(.BOTH.,#11548);
#11548 = SURFACE_SIDE_STYLE('',(#11549));
#11549 = SURFACE_STYLE_FILL_AREA(#11550);
#11550 = FILL_AREA_STYLE('',(#11551));
#11551 = FILL_AREA_STYLE_COLOUR('',#11320);
#11552 = OVER_RIDING_STYLED_ITEM('overriding color',(#11553),#2094,
  #11150);
#11553 = PRESENTATION_STYLE_ASSIGNMENT((#11554));
#11554 = SURFACE_STYLE_USAGE(.BOTH.,#11555);
#11555 = SURFACE_SIDE_STYLE('',(#11556));
#11556 = SURFACE_STYLE_FILL_AREA(#11557);
#11557 = FILL_AREA_STYLE('',(#11558));
#11558 = FILL_AREA_STYLE_COLOUR('',#11320);
#11559 = OVER_RIDING_STYLED_ITEM('overriding color',(#11560),#2116,
  #11150);
#11560 = PRESENTATION_STYLE_ASSIGNMENT((#11561));
#11561 = SURFACE_STYLE_USAGE(.BOTH.,#11562);
#11562 = SURFACE_SIDE_STYLE('',(#11563));
#11563 = SURFACE_STYLE_FILL_AREA(#11564);
#11564 = FILL_AREA_STYLE('',(#11565));
#11565 = FILL_AREA_STYLE_COLOUR('',#11320);
#11566 = OVER_RIDING_STYLED_ITEM('overriding color',(#11567),#2138,
  #11150);
#11567 = PRESENTATION_STYLE_ASSIGNMENT((#11568));
#11568 = SURFACE_STYLE_USAGE(.BOTH.,#11569);
#11569 = SURFACE_SIDE_STYLE('',(#11570));
#11570 = SURFACE_STYLE_FILL_AREA(#11571);
#11571 = FILL_AREA_STYLE('',(#11572));
#11572 = FILL_AREA_STYLE_COLOUR('',#11320);
#11573 = OVER_RIDING_STYLED_ITEM('overriding color',(#11574),#2160,
  #11150);
#11574 = PRESENTATION_STYLE_ASSIGNMENT((#11575));
#11575 = SURFACE_STYLE_USAGE(.BOTH.,#11576);
#11576 = SURFACE_SIDE_STYLE('',(#11577));
#11577 = SURFACE_STYLE_FILL_AREA(#11578);
#11578 = FILL_AREA_STYLE('',(#11579));
#11579 = FILL_AREA_STYLE_COLOUR('',#11320);
#11580 = OVER_RIDING_STYLED_ITEM('overriding color',(#11581),#2176,
  #11150);
#11581 = PRESENTATION_STYLE_ASSIGNMENT((#11582));
#11582 = SURFACE_STYLE_USAGE(.BOTH.,#11583);
#11583 = SURFACE_SIDE_STYLE('',(#11584));
#11584 = SURFACE_STYLE_FILL_AREA(#11585);
#11585 = FILL_AREA_STYLE('',(#11586));
#11586 = FILL_AREA_STYLE_COLOUR('',#11320);
#11587 = OVER_RIDING_STYLED_ITEM('overriding color',(#11588),#2246,
  #11150);
#11588 = PRESENTATION_STYLE_ASSIGNMENT((#11589));
#11589 = SURFACE_STYLE_USAGE(.BOTH.,#11590);
#11590 = SURFACE_SIDE_STYLE('',(#11591));
#11591 = SURFACE_STYLE_FILL_AREA(#11592);
#11592 = FILL_AREA_STYLE('',(#11593));
#11593 = FILL_AREA_STYLE_COLOUR('',#11320);
#11594 = OVER_RIDING_STYLED_ITEM('overriding color',(#11595),#2274,
  #11150);
#11595 = PRESENTATION_STYLE_ASSIGNMENT((#11596));
#11596 = SURFACE_STYLE_USAGE(.BOTH.,#11597);
#11597 = SURFACE_SIDE_STYLE('',(#11598));
#11598 = SURFACE_STYLE_FILL_AREA(#11599);
#11599 = FILL_AREA_STYLE('',(#11600));
#11600 = FILL_AREA_STYLE_COLOUR('',#11320);
#11601 = OVER_RIDING_STYLED_ITEM('overriding color',(#11602),#2296,
  #11150);
#11602 = PRESENTATION_STYLE_ASSIGNMENT((#11603));
#11603 = SURFACE_STYLE_USAGE(.BOTH.,#11604);
#11604 = SURFACE_SIDE_STYLE('',(#11605));
#11605 = SURFACE_STYLE_FILL_AREA(#11606);
#11606 = FILL_AREA_STYLE('',(#11607));
#11607 = FILL_AREA_STYLE_COLOUR('',#11320);
#11608 = OVER_RIDING_STYLED_ITEM('overriding color',(#11609),#2333,
  #11150);
#11609 = PRESENTATION_STYLE_ASSIGNMENT((#11610));
#11610 = SURFACE_STYLE_USAGE(.BOTH.,#11611);
#11611 = SURFACE_SIDE_STYLE('',(#11612));
#11612 = SURFACE_STYLE_FILL_AREA(#11613);
#11613 = FILL_AREA_STYLE('',(#11614));
#11614 = FILL_AREA_STYLE_COLOUR('',#11320);
#11615 = OVER_RIDING_STYLED_ITEM('overriding color',(#11616),#2355,
  #11150);
#11616 = PRESENTATION_STYLE_ASSIGNMENT((#11617));
#11617 = SURFACE_STYLE_USAGE(.BOTH.,#11618);
#11618 = SURFACE_SIDE_STYLE('',(#11619));
#11619 = SURFACE_STYLE_FILL_AREA(#11620);
#11620 = FILL_AREA_STYLE('',(#11621));
#11621 = FILL_AREA_STYLE_COLOUR('',#11320);
#11622 = OVER_RIDING_STYLED_ITEM('overriding color',(#11623),#2392,
  #11150);
#11623 = PRESENTATION_STYLE_ASSIGNMENT((#11624));
#11624 = SURFACE_STYLE_USAGE(.BOTH.,#11625);
#11625 = SURFACE_SIDE_STYLE('',(#11626));
#11626 = SURFACE_STYLE_FILL_AREA(#11627);
#11627 = FILL_AREA_STYLE('',(#11628));
#11628 = FILL_AREA_STYLE_COLOUR('',#11320);
#11629 = OVER_RIDING_STYLED_ITEM('overriding color',(#11630),#2408,
  #11150);
#11630 = PRESENTATION_STYLE_ASSIGNMENT((#11631));
#11631 = SURFACE_STYLE_USAGE(.BOTH.,#11632);
#11632 = SURFACE_SIDE_STYLE('',(#11633));
#11633 = SURFACE_STYLE_FILL_AREA(#11634);
#11634 = FILL_AREA_STYLE('',(#11635));
#11635 = FILL_AREA_STYLE_COLOUR('',#11320);
#11636 = OVER_RIDING_STYLED_ITEM('overriding color',(#11637),#2436,
  #11150);
#11637 = PRESENTATION_STYLE_ASSIGNMENT((#11638));
#11638 = SURFACE_STYLE_USAGE(.BOTH.,#11639);
#11639 = SURFACE_SIDE_STYLE('',(#11640));
#11640 = SURFACE_STYLE_FILL_AREA(#11641);
#11641 = FILL_AREA_STYLE('',(#11642));
#11642 = FILL_AREA_STYLE_COLOUR('',#11320);
#11643 = OVER_RIDING_STYLED_ITEM('overriding color',(#11644),#2458,
  #11150);
#11644 = PRESENTATION_STYLE_ASSIGNMENT((#11645));
#11645 = SURFACE_STYLE_USAGE(.BOTH.,#11646);
#11646 = SURFACE_SIDE_STYLE('',(#11647));
#11647 = SURFACE_STYLE_FILL_AREA(#11648);
#11648 = FILL_AREA_STYLE('',(#11649));
#11649 = FILL_AREA_STYLE_COLOUR('',#11320);
#11650 = OVER_RIDING_STYLED_ITEM('overriding color',(#11651),#2480,
  #11150);
#11651 = PRESENTATION_STYLE_ASSIGNMENT((#11652));
#11652 = SURFACE_STYLE_USAGE(.BOTH.,#11653);
#11653 = SURFACE_SIDE_STYLE('',(#11654));
#11654 = SURFACE_STYLE_FILL_AREA(#11655);
#11655 = FILL_AREA_STYLE('',(#11656));
#11656 = FILL_AREA_STYLE_COLOUR('',#11320);
#11657 = OVER_RIDING_STYLED_ITEM('overriding color',(#11658),#2553,
  #11150);
#11658 = PRESENTATION_STYLE_ASSIGNMENT((#11659));
#11659 = SURFACE_STYLE_USAGE(.BOTH.,#11660);
#11660 = SURFACE_SIDE_STYLE('',(#11661));
#11661 = SURFACE_STYLE_FILL_AREA(#11662);
#11662 = FILL_AREA_STYLE('',(#11663));
#11663 = FILL_AREA_STYLE_COLOUR('',#11320);
#11664 = OVER_RIDING_STYLED_ITEM('overriding color',(#11665),#2620,
  #11150);
#11665 = PRESENTATION_STYLE_ASSIGNMENT((#11666));
#11666 = SURFACE_STYLE_USAGE(.BOTH.,#11667);
#11667 = SURFACE_SIDE_STYLE('',(#11668));
#11668 = SURFACE_STYLE_FILL_AREA(#11669);
#11669 = FILL_AREA_STYLE('',(#11670));
#11670 = FILL_AREA_STYLE_COLOUR('',#11320);
#11671 = OVER_RIDING_STYLED_ITEM('overriding color',(#11672),#2704,
  #11150);
#11672 = PRESENTATION_STYLE_ASSIGNMENT((#11673));
#11673 = SURFACE_STYLE_USAGE(.BOTH.,#11674);
#11674 = SURFACE_SIDE_STYLE('',(#11675));
#11675 = SURFACE_STYLE_FILL_AREA(#11676);
#11676 = FILL_AREA_STYLE('',(#11677));
#11677 = FILL_AREA_STYLE_COLOUR('',#11320);
#11678 = OVER_RIDING_STYLED_ITEM('overriding color',(#11679),#2732,
  #11150);
#11679 = PRESENTATION_STYLE_ASSIGNMENT((#11680));
#11680 = SURFACE_STYLE_USAGE(.BOTH.,#11681);
#11681 = SURFACE_SIDE_STYLE('',(#11682));
#11682 = SURFACE_STYLE_FILL_AREA(#11683);
#11683 = FILL_AREA_STYLE('',(#11684));
#11684 = FILL_AREA_STYLE_COLOUR('',#11320);
#11685 = OVER_RIDING_STYLED_ITEM('overriding color',(#11686),#2805,
  #11150);
#11686 = PRESENTATION_STYLE_ASSIGNMENT((#11687));
#11687 = SURFACE_STYLE_USAGE(.BOTH.,#11688);
#11688 = SURFACE_SIDE_STYLE('',(#11689));
#11689 = SURFACE_STYLE_FILL_AREA(#11690);
#11690 = FILL_AREA_STYLE('',(#11691));
#11691 = FILL_AREA_STYLE_COLOUR('',#11320);
#11692 = OVER_RIDING_STYLED_ITEM('overriding color',(#11693),#2878,
  #11150);
#11693 = PRESENTATION_STYLE_ASSIGNMENT((#11694));
#11694 = SURFACE_STYLE_USAGE(.BOTH.,#11695);
#11695 = SURFACE_SIDE_STYLE('',(#11696));
#11696 = SURFACE_STYLE_FILL_AREA(#11697);
#11697 = FILL_AREA_STYLE('',(#11698));
#11698 = FILL_AREA_STYLE_COLOUR('',#11320);
#11699 = OVER_RIDING_STYLED_ITEM('overriding color',(#11700),#2900,
  #11150);
#11700 = PRESENTATION_STYLE_ASSIGNMENT((#11701));
#11701 = SURFACE_STYLE_USAGE(.BOTH.,#11702);
#11702 = SURFACE_SIDE_STYLE('',(#11703));
#11703 = SURFACE_STYLE_FILL_AREA(#11704);
#11704 = FILL_AREA_STYLE('',(#11705));
#11705 = FILL_AREA_STYLE_COLOUR('',#11320);
#11706 = OVER_RIDING_STYLED_ITEM('overriding color',(#11707),#2916,
  #11150);
#11707 = PRESENTATION_STYLE_ASSIGNMENT((#11708));
#11708 = SURFACE_STYLE_USAGE(.BOTH.,#11709);
#11709 = SURFACE_SIDE_STYLE('',(#11710));
#11710 = SURFACE_STYLE_FILL_AREA(#11711);
#11711 = FILL_AREA_STYLE('',(#11712));
#11712 = FILL_AREA_STYLE_COLOUR('',#11320);
#11713 = OVER_RIDING_STYLED_ITEM('overriding color',(#11714),#2944,
  #11150);
#11714 = PRESENTATION_STYLE_ASSIGNMENT((#11715));
#11715 = SURFACE_STYLE_USAGE(.BOTH.,#11716);
#11716 = SURFACE_SIDE_STYLE('',(#11717));
#11717 = SURFACE_STYLE_FILL_AREA(#11718);
#11718 = FILL_AREA_STYLE('',(#11719));
#11719 = FILL_AREA_STYLE_COLOUR('',#11320);
#11720 = OVER_RIDING_STYLED_ITEM('overriding color',(#11721),#2966,
  #11150);
#11721 = PRESENTATION_STYLE_ASSIGNMENT((#11722));
#11722 = SURFACE_STYLE_USAGE(.BOTH.,#11723);
#11723 = SURFACE_SIDE_STYLE('',(#11724));
#11724 = SURFACE_STYLE_FILL_AREA(#11725);
#11725 = FILL_AREA_STYLE('',(#11726));
#11726 = FILL_AREA_STYLE_COLOUR('',#11320);
#11727 = OVER_RIDING_STYLED_ITEM('overriding color',(#11728),#2988,
  #11150);
#11728 = PRESENTATION_STYLE_ASSIGNMENT((#11729));
#11729 = SURFACE_STYLE_USAGE(.BOTH.,#11730);
#11730 = SURFACE_SIDE_STYLE('',(#11731));
#11731 = SURFACE_STYLE_FILL_AREA(#11732);
#11732 = FILL_AREA_STYLE('',(#11733));
#11733 = FILL_AREA_STYLE_COLOUR('',#11320);
#11734 = OVER_RIDING_STYLED_ITEM('overriding color',(#11735),#3010,
  #11150);
#11735 = PRESENTATION_STYLE_ASSIGNMENT((#11736));
#11736 = SURFACE_STYLE_USAGE(.BOTH.,#11737);
#11737 = SURFACE_SIDE_STYLE('',(#11738));
#11738 = SURFACE_STYLE_FILL_AREA(#11739);
#11739 = FILL_AREA_STYLE('',(#11740));
#11740 = FILL_AREA_STYLE_COLOUR('',#11320);
#11741 = OVER_RIDING_STYLED_ITEM('overriding color',(#11742),#3032,
  #11150);
#11742 = PRESENTATION_STYLE_ASSIGNMENT((#11743));
#11743 = SURFACE_STYLE_USAGE(.BOTH.,#11744);
#11744 = SURFACE_SIDE_STYLE('',(#11745));
#11745 = SURFACE_STYLE_FILL_AREA(#11746);
#11746 = FILL_AREA_STYLE('',(#11747));
#11747 = FILL_AREA_STYLE_COLOUR('',#11320);
#11748 = OVER_RIDING_STYLED_ITEM('overriding color',(#11749),#3054,
  #11150);
#11749 = PRESENTATION_STYLE_ASSIGNMENT((#11750));
#11750 = SURFACE_STYLE_USAGE(.BOTH.,#11751);
#11751 = SURFACE_SIDE_STYLE('',(#11752));
#11752 = SURFACE_STYLE_FILL_AREA(#11753);
#11753 = FILL_AREA_STYLE('',(#11754));
#11754 = FILL_AREA_STYLE_COLOUR('',#11320);
#11755 = OVER_RIDING_STYLED_ITEM('overriding color',(#11756),#3076,
  #11150);
#11756 = PRESENTATION_STYLE_ASSIGNMENT((#11757));
#11757 = SURFACE_STYLE_USAGE(.BOTH.,#11758);
#11758 = SURFACE_SIDE_STYLE('',(#11759));
#11759 = SURFACE_STYLE_FILL_AREA(#11760);
#11760 = FILL_AREA_STYLE('',(#11761));
#11761 = FILL_AREA_STYLE_COLOUR('',#11320);
#11762 = OVER_RIDING_STYLED_ITEM('overriding color',(#11763),#3098,
  #11150);
#11763 = PRESENTATION_STYLE_ASSIGNMENT((#11764));
#11764 = SURFACE_STYLE_USAGE(.BOTH.,#11765);
#11765 = SURFACE_SIDE_STYLE('',(#11766));
#11766 = SURFACE_STYLE_FILL_AREA(#11767);
#11767 = FILL_AREA_STYLE('',(#11768));
#11768 = FILL_AREA_STYLE_COLOUR('',#11320);
#11769 = OVER_RIDING_STYLED_ITEM('overriding color',(#11770),#3120,
  #11150);
#11770 = PRESENTATION_STYLE_ASSIGNMENT((#11771));
#11771 = SURFACE_STYLE_USAGE(.BOTH.,#11772);
#11772 = SURFACE_SIDE_STYLE('',(#11773));
#11773 = SURFACE_STYLE_FILL_AREA(#11774);
#11774 = FILL_AREA_STYLE('',(#11775));
#11775 = FILL_AREA_STYLE_COLOUR('',#11320);
#11776 = OVER_RIDING_STYLED_ITEM('overriding color',(#11777),#3142,
  #11150);
#11777 = PRESENTATION_STYLE_ASSIGNMENT((#11778));
#11778 = SURFACE_STYLE_USAGE(.BOTH.,#11779);
#11779 = SURFACE_SIDE_STYLE('',(#11780));
#11780 = SURFACE_STYLE_FILL_AREA(#11781);
#11781 = FILL_AREA_STYLE('',(#11782));
#11782 = FILL_AREA_STYLE_COLOUR('',#11320);
#11783 = OVER_RIDING_STYLED_ITEM('overriding color',(#11784),#3164,
  #11150);
#11784 = PRESENTATION_STYLE_ASSIGNMENT((#11785));
#11785 = SURFACE_STYLE_USAGE(.BOTH.,#11786);
#11786 = SURFACE_SIDE_STYLE('',(#11787));
#11787 = SURFACE_STYLE_FILL_AREA(#11788);
#11788 = FILL_AREA_STYLE('',(#11789));
#11789 = FILL_AREA_STYLE_COLOUR('',#11320);
#11790 = OVER_RIDING_STYLED_ITEM('overriding color',(#11791),#3180,
  #11150);
#11791 = PRESENTATION_STYLE_ASSIGNMENT((#11792));
#11792 = SURFACE_STYLE_USAGE(.BOTH.,#11793);
#11793 = SURFACE_SIDE_STYLE('',(#11794));
#11794 = SURFACE_STYLE_FILL_AREA(#11795);
#11795 = FILL_AREA_STYLE('',(#11796));
#11796 = FILL_AREA_STYLE_COLOUR('',#11320);
#11797 = OVER_RIDING_STYLED_ITEM('overriding color',(#11798),#3200,
  #11150);
#11798 = PRESENTATION_STYLE_ASSIGNMENT((#11799));
#11799 = SURFACE_STYLE_USAGE(.BOTH.,#11800);
#11800 = SURFACE_SIDE_STYLE('',(#11801));
#11801 = SURFACE_STYLE_FILL_AREA(#11802);
#11802 = FILL_AREA_STYLE('',(#11803));
#11803 = FILL_AREA_STYLE_COLOUR('',#11320);
#11804 = OVER_RIDING_STYLED_ITEM('overriding color',(#11805),#3228,
  #11150);
#11805 = PRESENTATION_STYLE_ASSIGNMENT((#11806));
#11806 = SURFACE_STYLE_USAGE(.BOTH.,#11807);
#11807 = SURFACE_SIDE_STYLE('',(#11808));
#11808 = SURFACE_STYLE_FILL_AREA(#11809);
#11809 = FILL_AREA_STYLE('',(#11810));
#11810 = FILL_AREA_STYLE_COLOUR('',#11320);
#11811 = OVER_RIDING_STYLED_ITEM('overriding color',(#11812),#3277,
  #11150);
#11812 = PRESENTATION_STYLE_ASSIGNMENT((#11813));
#11813 = SURFACE_STYLE_USAGE(.BOTH.,#11814);
#11814 = SURFACE_SIDE_STYLE('',(#11815));
#11815 = SURFACE_STYLE_FILL_AREA(#11816);
#11816 = FILL_AREA_STYLE('',(#11817));
#11817 = FILL_AREA_STYLE_COLOUR('',#11320);
#11818 = OVER_RIDING_STYLED_ITEM('overriding color',(#11819),#3350,
  #11150);
#11819 = PRESENTATION_STYLE_ASSIGNMENT((#11820));
#11820 = SURFACE_STYLE_USAGE(.BOTH.,#11821);
#11821 = SURFACE_SIDE_STYLE('',(#11822));
#11822 = SURFACE_STYLE_FILL_AREA(#11823);
#11823 = FILL_AREA_STYLE('',(#11824));
#11824 = FILL_AREA_STYLE_COLOUR('',#11320);
#11825 = OVER_RIDING_STYLED_ITEM('overriding color',(#11826),#3423,
  #11150);
#11826 = PRESENTATION_STYLE_ASSIGNMENT((#11827));
#11827 = SURFACE_STYLE_USAGE(.BOTH.,#11828);
#11828 = SURFACE_SIDE_STYLE('',(#11829));
#11829 = SURFACE_STYLE_FILL_AREA(#11830);
#11830 = FILL_AREA_STYLE('',(#11831));
#11831 = FILL_AREA_STYLE_COLOUR('',#11320);
#11832 = OVER_RIDING_STYLED_ITEM('overriding color',(#11833),#3472,
  #11150);
#11833 = PRESENTATION_STYLE_ASSIGNMENT((#11834));
#11834 = SURFACE_STYLE_USAGE(.BOTH.,#11835);
#11835 = SURFACE_SIDE_STYLE('',(#11836));
#11836 = SURFACE_STYLE_FILL_AREA(#11837);
#11837 = FILL_AREA_STYLE('',(#11838));
#11838 = FILL_AREA_STYLE_COLOUR('',#11320);
#11839 = OVER_RIDING_STYLED_ITEM('overriding color',(#11840),#3494,
  #11150);
#11840 = PRESENTATION_STYLE_ASSIGNMENT((#11841));
#11841 = SURFACE_STYLE_USAGE(.BOTH.,#11842);
#11842 = SURFACE_SIDE_STYLE('',(#11843));
#11843 = SURFACE_STYLE_FILL_AREA(#11844);
#11844 = FILL_AREA_STYLE('',(#11845));
#11845 = FILL_AREA_STYLE_COLOUR('',#11320);
#11846 = OVER_RIDING_STYLED_ITEM('overriding color',(#11847),#3543,
  #11150);
#11847 = PRESENTATION_STYLE_ASSIGNMENT((#11848));
#11848 = SURFACE_STYLE_USAGE(.BOTH.,#11849);
#11849 = SURFACE_SIDE_STYLE('',(#11850));
#11850 = SURFACE_STYLE_FILL_AREA(#11851);
#11851 = FILL_AREA_STYLE('',(#11852));
#11852 = FILL_AREA_STYLE_COLOUR('',#11320);
#11853 = OVER_RIDING_STYLED_ITEM('overriding color',(#11854),#3616,
  #11150);
#11854 = PRESENTATION_STYLE_ASSIGNMENT((#11855));
#11855 = SURFACE_STYLE_USAGE(.BOTH.,#11856);
#11856 = SURFACE_SIDE_STYLE('',(#11857));
#11857 = SURFACE_STYLE_FILL_AREA(#11858);
#11858 = FILL_AREA_STYLE('',(#11859));
#11859 = FILL_AREA_STYLE_COLOUR('',#11320);
#11860 = OVER_RIDING_STYLED_ITEM('overriding color',(#11861),#3689,
  #11150);
#11861 = PRESENTATION_STYLE_ASSIGNMENT((#11862));
#11862 = SURFACE_STYLE_USAGE(.BOTH.,#11863);
#11863 = SURFACE_SIDE_STYLE('',(#11864));
#11864 = SURFACE_STYLE_FILL_AREA(#11865);
#11865 = FILL_AREA_STYLE('',(#11866));
#11866 = FILL_AREA_STYLE_COLOUR('',#11320);
#11867 = OVER_RIDING_STYLED_ITEM('overriding color',(#11868),#3732,
  #11150);
#11868 = PRESENTATION_STYLE_ASSIGNMENT((#11869));
#11869 = SURFACE_STYLE_USAGE(.BOTH.,#11870);
#11870 = SURFACE_SIDE_STYLE('',(#11871));
#11871 = SURFACE_STYLE_FILL_AREA(#11872);
#11872 = FILL_AREA_STYLE('',(#11873));
#11873 = FILL_AREA_STYLE_COLOUR('',#11320);
#11874 = OVER_RIDING_STYLED_ITEM('overriding color',(#11875),#3750,
  #11150);
#11875 = PRESENTATION_STYLE_ASSIGNMENT((#11876));
#11876 = SURFACE_STYLE_USAGE(.BOTH.,#11877);
#11877 = SURFACE_SIDE_STYLE('',(#11878));
#11878 = SURFACE_STYLE_FILL_AREA(#11879);
#11879 = FILL_AREA_STYLE('',(#11880));
#11880 = FILL_AREA_STYLE_COLOUR('',#11320);
#11881 = OVER_RIDING_STYLED_ITEM('overriding color',(#11882),#3778,
  #11150);
#11882 = PRESENTATION_STYLE_ASSIGNMENT((#11883));
#11883 = SURFACE_STYLE_USAGE(.BOTH.,#11884);
#11884 = SURFACE_SIDE_STYLE('',(#11885));
#11885 = SURFACE_STYLE_FILL_AREA(#11886);
#11886 = FILL_AREA_STYLE('',(#11887));
#11887 = FILL_AREA_STYLE_COLOUR('',#11320);
#11888 = OVER_RIDING_STYLED_ITEM('overriding color',(#11889),#3800,
  #11150);
#11889 = PRESENTATION_STYLE_ASSIGNMENT((#11890));
#11890 = SURFACE_STYLE_USAGE(.BOTH.,#11891);
#11891 = SURFACE_SIDE_STYLE('',(#11892));
#11892 = SURFACE_STYLE_FILL_AREA(#11893);
#11893 = FILL_AREA_STYLE('',(#11894));
#11894 = FILL_AREA_STYLE_COLOUR('',#11320);
#11895 = OVER_RIDING_STYLED_ITEM('overriding color',(#11896),#3822,
  #11150);
#11896 = PRESENTATION_STYLE_ASSIGNMENT((#11897));
#11897 = SURFACE_STYLE_USAGE(.BOTH.,#11898);
#11898 = SURFACE_SIDE_STYLE('',(#11899));
#11899 = SURFACE_STYLE_FILL_AREA(#11900);
#11900 = FILL_AREA_STYLE('',(#11901));
#11901 = FILL_AREA_STYLE_COLOUR('',#11320);
#11902 = OVER_RIDING_STYLED_ITEM('overriding color',(#11903),#3844,
  #11150);
#11903 = PRESENTATION_STYLE_ASSIGNMENT((#11904));
#11904 = SURFACE_STYLE_USAGE(.BOTH.,#11905);
#11905 = SURFACE_SIDE_STYLE('',(#11906));
#11906 = SURFACE_STYLE_FILL_AREA(#11907);
#11907 = FILL_AREA_STYLE('',(#11908));
#11908 = FILL_AREA_STYLE_COLOUR('',#11320);
#11909 = OVER_RIDING_STYLED_ITEM('overriding color',(#11910),#3866,
  #11150);
#11910 = PRESENTATION_STYLE_ASSIGNMENT((#11911));
#11911 = SURFACE_STYLE_USAGE(.BOTH.,#11912);
#11912 = SURFACE_SIDE_STYLE('',(#11913));
#11913 = SURFACE_STYLE_FILL_AREA(#11914);
#11914 = FILL_AREA_STYLE('',(#11915));
#11915 = FILL_AREA_STYLE_COLOUR('',#11320);
#11916 = OVER_RIDING_STYLED_ITEM('overriding color',(#11917),#3882,
  #11150);
#11917 = PRESENTATION_STYLE_ASSIGNMENT((#11918));
#11918 = SURFACE_STYLE_USAGE(.BOTH.,#11919);
#11919 = SURFACE_SIDE_STYLE('',(#11920));
#11920 = SURFACE_STYLE_FILL_AREA(#11921);
#11921 = FILL_AREA_STYLE('',(#11922));
#11922 = FILL_AREA_STYLE_COLOUR('',#11320);
#11923 = OVER_RIDING_STYLED_ITEM('overriding color',(#11924),#3896,
  #11150);
#11924 = PRESENTATION_STYLE_ASSIGNMENT((#11925));
#11925 = SURFACE_STYLE_USAGE(.BOTH.,#11926);
#11926 = SURFACE_SIDE_STYLE('',(#11927));
#11927 = SURFACE_STYLE_FILL_AREA(#11928);
#11928 = FILL_AREA_STYLE('',(#11929));
#11929 = FILL_AREA_STYLE_COLOUR('',#11165);
#11930 = OVER_RIDING_STYLED_ITEM('overriding color',(#11931),#3910,
  #11150);
#11931 = PRESENTATION_STYLE_ASSIGNMENT((#11932));
#11932 = SURFACE_STYLE_USAGE(.BOTH.,#11933);
#11933 = SURFACE_SIDE_STYLE('',(#11934));
#11934 = SURFACE_STYLE_FILL_AREA(#11935);
#11935 = FILL_AREA_STYLE('',(#11936));
#11936 = FILL_AREA_STYLE_COLOUR('',#11165);
#11937 = STYLED_ITEM('color',(#11938),#3923);
#11938 = PRESENTATION_STYLE_ASSIGNMENT((#11939));
#11939 = SURFACE_STYLE_USAGE(.BOTH.,#11940);
#11940 = SURFACE_SIDE_STYLE('',(#11941));
#11941 = SURFACE_STYLE_FILL_AREA(#11942);
#11942 = FILL_AREA_STYLE('',(#11943));
#11943 = FILL_AREA_STYLE_COLOUR('',#11157);
#11944 = OVER_RIDING_STYLED_ITEM('overriding color',(#11945),#3925,
  #11937);
#11945 = PRESENTATION_STYLE_ASSIGNMENT((#11946));
#11946 = SURFACE_STYLE_USAGE(.BOTH.,#11947);
#11947 = SURFACE_SIDE_STYLE('',(#11948));
#11948 = SURFACE_STYLE_FILL_AREA(#11949);
#11949 = FILL_AREA_STYLE('',(#11950));
#11950 = FILL_AREA_STYLE_COLOUR('',#11157);
#11951 = OVER_RIDING_STYLED_ITEM('overriding color',(#11952),#3961,
  #11937);
#11952 = PRESENTATION_STYLE_ASSIGNMENT((#11953));
#11953 = SURFACE_STYLE_USAGE(.BOTH.,#11954);
#11954 = SURFACE_SIDE_STYLE('',(#11955));
#11955 = SURFACE_STYLE_FILL_AREA(#11956);
#11956 = FILL_AREA_STYLE('',(#11957));
#11957 = FILL_AREA_STYLE_COLOUR('',#11157);
#11958 = OVER_RIDING_STYLED_ITEM('overriding color',(#11959),#3989,
  #11937);
#11959 = PRESENTATION_STYLE_ASSIGNMENT((#11960));
#11960 = SURFACE_STYLE_USAGE(.BOTH.,#11961);
#11961 = SURFACE_SIDE_STYLE('',(#11962));
#11962 = SURFACE_STYLE_FILL_AREA(#11963);
#11963 = FILL_AREA_STYLE('',(#11964));
#11964 = FILL_AREA_STYLE_COLOUR('',#11157);
#11965 = OVER_RIDING_STYLED_ITEM('overriding color',(#11966),#4017,
  #11937);
#11966 = PRESENTATION_STYLE_ASSIGNMENT((#11967));
#11967 = SURFACE_STYLE_USAGE(.BOTH.,#11968);
#11968 = SURFACE_SIDE_STYLE('',(#11969));
#11969 = SURFACE_STYLE_FILL_AREA(#11970);
#11970 = FILL_AREA_STYLE('',(#11971));
#11971 = FILL_AREA_STYLE_COLOUR('',#11157);
#11972 = OVER_RIDING_STYLED_ITEM('overriding color',(#11973),#4045,
  #11937);
#11973 = PRESENTATION_STYLE_ASSIGNMENT((#11974));
#11974 = SURFACE_STYLE_USAGE(.BOTH.,#11975);
#11975 = SURFACE_SIDE_STYLE('',(#11976));
#11976 = SURFACE_STYLE_FILL_AREA(#11977);
#11977 = FILL_AREA_STYLE('',(#11978));
#11978 = FILL_AREA_STYLE_COLOUR('',#11157);
#11979 = OVER_RIDING_STYLED_ITEM('overriding color',(#11980),#4073,
  #11937);
#11980 = PRESENTATION_STYLE_ASSIGNMENT((#11981));
#11981 = SURFACE_STYLE_USAGE(.BOTH.,#11982);
#11982 = SURFACE_SIDE_STYLE('',(#11983));
#11983 = SURFACE_STYLE_FILL_AREA(#11984);
#11984 = FILL_AREA_STYLE('',(#11985));
#11985 = FILL_AREA_STYLE_COLOUR('',#11157);
#11986 = OVER_RIDING_STYLED_ITEM('overriding color',(#11987),#4093,
  #11937);
#11987 = PRESENTATION_STYLE_ASSIGNMENT((#11988));
#11988 = SURFACE_STYLE_USAGE(.BOTH.,#11989);
#11989 = SURFACE_SIDE_STYLE('',(#11990));
#11990 = SURFACE_STYLE_FILL_AREA(#11991);
#11991 = FILL_AREA_STYLE('',(#11992));
#11992 = FILL_AREA_STYLE_COLOUR('',#11157);
#11993 = OVER_RIDING_STYLED_ITEM('overriding color',(#11994),#4107,
  #11937);
#11994 = PRESENTATION_STYLE_ASSIGNMENT((#11995));
#11995 = SURFACE_STYLE_USAGE(.BOTH.,#11996);
#11996 = SURFACE_SIDE_STYLE('',(#11997));
#11997 = SURFACE_STYLE_FILL_AREA(#11998);
#11998 = FILL_AREA_STYLE('',(#11999));
#11999 = FILL_AREA_STYLE_COLOUR('',#11157);
#12000 = STYLED_ITEM('color',(#12001),#4121);
#12001 = PRESENTATION_STYLE_ASSIGNMENT((#12002));
#12002 = SURFACE_STYLE_USAGE(.BOTH.,#12003);
#12003 = SURFACE_SIDE_STYLE('',(#12004));
#12004 = SURFACE_STYLE_FILL_AREA(#12005);
#12005 = FILL_AREA_STYLE('',(#12006));
#12006 = FILL_AREA_STYLE_COLOUR('',#11157);
#12007 = OVER_RIDING_STYLED_ITEM('overriding color',(#12008),#4123,
  #12000);
#12008 = PRESENTATION_STYLE_ASSIGNMENT((#12009));
#12009 = SURFACE_STYLE_USAGE(.BOTH.,#12010);
#12010 = SURFACE_SIDE_STYLE('',(#12011));
#12011 = SURFACE_STYLE_FILL_AREA(#12012);
#12012 = FILL_AREA_STYLE('',(#12013));
#12013 = FILL_AREA_STYLE_COLOUR('',#11157);
#12014 = OVER_RIDING_STYLED_ITEM('overriding color',(#12015),#4167,
  #12000);
#12015 = PRESENTATION_STYLE_ASSIGNMENT((#12016));
#12016 = SURFACE_STYLE_USAGE(.BOTH.,#12017);
#12017 = SURFACE_SIDE_STYLE('',(#12018));
#12018 = SURFACE_STYLE_FILL_AREA(#12019);
#12019 = FILL_AREA_STYLE('',(#12020));
#12020 = FILL_AREA_STYLE_COLOUR('',#11157);
#12021 = OVER_RIDING_STYLED_ITEM('overriding color',(#12022),#4195,
  #12000);
#12022 = PRESENTATION_STYLE_ASSIGNMENT((#12023));
#12023 = SURFACE_STYLE_USAGE(.BOTH.,#12024);
#12024 = SURFACE_SIDE_STYLE('',(#12025));
#12025 = SURFACE_STYLE_FILL_AREA(#12026);
#12026 = FILL_AREA_STYLE('',(#12027));
#12027 = FILL_AREA_STYLE_COLOUR('',#11157);
#12028 = OVER_RIDING_STYLED_ITEM('overriding color',(#12029),#4231,
  #12000);
#12029 = PRESENTATION_STYLE_ASSIGNMENT((#12030));
#12030 = SURFACE_STYLE_USAGE(.BOTH.,#12031);
#12031 = SURFACE_SIDE_STYLE('',(#12032));
#12032 = SURFACE_STYLE_FILL_AREA(#12033);
#12033 = FILL_AREA_STYLE('',(#12034));
#12034 = FILL_AREA_STYLE_COLOUR('',#11157);
#12035 = OVER_RIDING_STYLED_ITEM('overriding color',(#12036),#4267,
  #12000);
#12036 = PRESENTATION_STYLE_ASSIGNMENT((#12037));
#12037 = SURFACE_STYLE_USAGE(.BOTH.,#12038);
#12038 = SURFACE_SIDE_STYLE('',(#12039));
#12039 = SURFACE_STYLE_FILL_AREA(#12040);
#12040 = FILL_AREA_STYLE('',(#12041));
#12041 = FILL_AREA_STYLE_COLOUR('',#11157);
#12042 = OVER_RIDING_STYLED_ITEM('overriding color',(#12043),#4303,
  #12000);
#12043 = PRESENTATION_STYLE_ASSIGNMENT((#12044));
#12044 = SURFACE_STYLE_USAGE(.BOTH.,#12045);
#12045 = SURFACE_SIDE_STYLE('',(#12046));
#12046 = SURFACE_STYLE_FILL_AREA(#12047);
#12047 = FILL_AREA_STYLE('',(#12048));
#12048 = FILL_AREA_STYLE_COLOUR('',#11157);
#12049 = OVER_RIDING_STYLED_ITEM('overriding color',(#12050),#4339,
  #12000);
#12050 = PRESENTATION_STYLE_ASSIGNMENT((#12051));
#12051 = SURFACE_STYLE_USAGE(.BOTH.,#12052);
#12052 = SURFACE_SIDE_STYLE('',(#12053));
#12053 = SURFACE_STYLE_FILL_AREA(#12054);
#12054 = FILL_AREA_STYLE('',(#12055));
#12055 = FILL_AREA_STYLE_COLOUR('',#11157);
#12056 = OVER_RIDING_STYLED_ITEM('overriding color',(#12057),#4375,
  #12000);
#12057 = PRESENTATION_STYLE_ASSIGNMENT((#12058));
#12058 = SURFACE_STYLE_USAGE(.BOTH.,#12059);
#12059 = SURFACE_SIDE_STYLE('',(#12060));
#12060 = SURFACE_STYLE_FILL_AREA(#12061);
#12061 = FILL_AREA_STYLE('',(#12062));
#12062 = FILL_AREA_STYLE_COLOUR('',#11157);
#12063 = OVER_RIDING_STYLED_ITEM('overriding color',(#12064),#4411,
  #12000);
#12064 = PRESENTATION_STYLE_ASSIGNMENT((#12065));
#12065 = SURFACE_STYLE_USAGE(.BOTH.,#12066);
#12066 = SURFACE_SIDE_STYLE('',(#12067));
#12067 = SURFACE_STYLE_FILL_AREA(#12068);
#12068 = FILL_AREA_STYLE('',(#12069));
#12069 = FILL_AREA_STYLE_COLOUR('',#11157);
#12070 = OVER_RIDING_STYLED_ITEM('overriding color',(#12071),#4439,
  #12000);
#12071 = PRESENTATION_STYLE_ASSIGNMENT((#12072));
#12072 = SURFACE_STYLE_USAGE(.BOTH.,#12073);
#12073 = SURFACE_SIDE_STYLE('',(#12074));
#12074 = SURFACE_STYLE_FILL_AREA(#12075);
#12075 = FILL_AREA_STYLE('',(#12076));
#12076 = FILL_AREA_STYLE_COLOUR('',#11157);
#12077 = OVER_RIDING_STYLED_ITEM('overriding color',(#12078),#4475,
  #12000);
#12078 = PRESENTATION_STYLE_ASSIGNMENT((#12079));
#12079 = SURFACE_STYLE_USAGE(.BOTH.,#12080);
#12080 = SURFACE_SIDE_STYLE('',(#12081));
#12081 = SURFACE_STYLE_FILL_AREA(#12082);
#12082 = FILL_AREA_STYLE('',(#12083));
#12083 = FILL_AREA_STYLE_COLOUR('',#11157);
#12084 = OVER_RIDING_STYLED_ITEM('overriding color',(#12085),#4511,
  #12000);
#12085 = PRESENTATION_STYLE_ASSIGNMENT((#12086));
#12086 = SURFACE_STYLE_USAGE(.BOTH.,#12087);
#12087 = SURFACE_SIDE_STYLE('',(#12088));
#12088 = SURFACE_STYLE_FILL_AREA(#12089);
#12089 = FILL_AREA_STYLE('',(#12090));
#12090 = FILL_AREA_STYLE_COLOUR('',#11157);
#12091 = OVER_RIDING_STYLED_ITEM('overriding color',(#12092),#4547,
  #12000);
#12092 = PRESENTATION_STYLE_ASSIGNMENT((#12093));
#12093 = SURFACE_STYLE_USAGE(.BOTH.,#12094);
#12094 = SURFACE_SIDE_STYLE('',(#12095));
#12095 = SURFACE_STYLE_FILL_AREA(#12096);
#12096 = FILL_AREA_STYLE('',(#12097));
#12097 = FILL_AREA_STYLE_COLOUR('',#11157);
#12098 = OVER_RIDING_STYLED_ITEM('overriding color',(#12099),#4583,
  #12000);
#12099 = PRESENTATION_STYLE_ASSIGNMENT((#12100));
#12100 = SURFACE_STYLE_USAGE(.BOTH.,#12101);
#12101 = SURFACE_SIDE_STYLE('',(#12102));
#12102 = SURFACE_STYLE_FILL_AREA(#12103);
#12103 = FILL_AREA_STYLE('',(#12104));
#12104 = FILL_AREA_STYLE_COLOUR('',#11157);
#12105 = OVER_RIDING_STYLED_ITEM('overriding color',(#12106),#4611,
  #12000);
#12106 = PRESENTATION_STYLE_ASSIGNMENT((#12107));
#12107 = SURFACE_STYLE_USAGE(.BOTH.,#12108);
#12108 = SURFACE_SIDE_STYLE('',(#12109));
#12109 = SURFACE_STYLE_FILL_AREA(#12110);
#12110 = FILL_AREA_STYLE('',(#12111));
#12111 = FILL_AREA_STYLE_COLOUR('',#11157);
#12112 = OVER_RIDING_STYLED_ITEM('overriding color',(#12113),#4633,
  #12000);
#12113 = PRESENTATION_STYLE_ASSIGNMENT((#12114));
#12114 = SURFACE_STYLE_USAGE(.BOTH.,#12115);
#12115 = SURFACE_SIDE_STYLE('',(#12116));
#12116 = SURFACE_STYLE_FILL_AREA(#12117);
#12117 = FILL_AREA_STYLE('',(#12118));
#12118 = FILL_AREA_STYLE_COLOUR('',#11157);
#12119 = STYLED_ITEM('color',(#12120),#4655);
#12120 = PRESENTATION_STYLE_ASSIGNMENT((#12121));
#12121 = SURFACE_STYLE_USAGE(.BOTH.,#12122);
#12122 = SURFACE_SIDE_STYLE('',(#12123));
#12123 = SURFACE_STYLE_FILL_AREA(#12124);
#12124 = FILL_AREA_STYLE('',(#12125));
#12125 = FILL_AREA_STYLE_COLOUR('',#11157);
#12126 = OVER_RIDING_STYLED_ITEM('overriding color',(#12127),#4657,
  #12119);
#12127 = PRESENTATION_STYLE_ASSIGNMENT((#12128));
#12128 = SURFACE_STYLE_USAGE(.BOTH.,#12129);
#12129 = SURFACE_SIDE_STYLE('',(#12130));
#12130 = SURFACE_STYLE_FILL_AREA(#12131);
#12131 = FILL_AREA_STYLE('',(#12132));
#12132 = FILL_AREA_STYLE_COLOUR('',#11157);
#12133 = OVER_RIDING_STYLED_ITEM('overriding color',(#12134),#4693,
  #12119);
#12134 = PRESENTATION_STYLE_ASSIGNMENT((#12135));
#12135 = SURFACE_STYLE_USAGE(.BOTH.,#12136);
#12136 = SURFACE_SIDE_STYLE('',(#12137));
#12137 = SURFACE_STYLE_FILL_AREA(#12138);
#12138 = FILL_AREA_STYLE('',(#12139));
#12139 = FILL_AREA_STYLE_COLOUR('',#11157);
#12140 = OVER_RIDING_STYLED_ITEM('overriding color',(#12141),#4721,
  #12119);
#12141 = PRESENTATION_STYLE_ASSIGNMENT((#12142));
#12142 = SURFACE_STYLE_USAGE(.BOTH.,#12143);
#12143 = SURFACE_SIDE_STYLE('',(#12144));
#12144 = SURFACE_STYLE_FILL_AREA(#12145);
#12145 = FILL_AREA_STYLE('',(#12146));
#12146 = FILL_AREA_STYLE_COLOUR('',#11157);
#12147 = OVER_RIDING_STYLED_ITEM('overriding color',(#12148),#4749,
  #12119);
#12148 = PRESENTATION_STYLE_ASSIGNMENT((#12149));
#12149 = SURFACE_STYLE_USAGE(.BOTH.,#12150);
#12150 = SURFACE_SIDE_STYLE('',(#12151));
#12151 = SURFACE_STYLE_FILL_AREA(#12152);
#12152 = FILL_AREA_STYLE('',(#12153));
#12153 = FILL_AREA_STYLE_COLOUR('',#11157);
#12154 = OVER_RIDING_STYLED_ITEM('overriding color',(#12155),#4777,
  #12119);
#12155 = PRESENTATION_STYLE_ASSIGNMENT((#12156));
#12156 = SURFACE_STYLE_USAGE(.BOTH.,#12157);
#12157 = SURFACE_SIDE_STYLE('',(#12158));
#12158 = SURFACE_STYLE_FILL_AREA(#12159);
#12159 = FILL_AREA_STYLE('',(#12160));
#12160 = FILL_AREA_STYLE_COLOUR('',#11157);
#12161 = OVER_RIDING_STYLED_ITEM('overriding color',(#12162),#4805,
  #12119);
#12162 = PRESENTATION_STYLE_ASSIGNMENT((#12163));
#12163 = SURFACE_STYLE_USAGE(.BOTH.,#12164);
#12164 = SURFACE_SIDE_STYLE('',(#12165));
#12165 = SURFACE_STYLE_FILL_AREA(#12166);
#12166 = FILL_AREA_STYLE('',(#12167));
#12167 = FILL_AREA_STYLE_COLOUR('',#11157);
#12168 = OVER_RIDING_STYLED_ITEM('overriding color',(#12169),#4833,
  #12119);
#12169 = PRESENTATION_STYLE_ASSIGNMENT((#12170));
#12170 = SURFACE_STYLE_USAGE(.BOTH.,#12171);
#12171 = SURFACE_SIDE_STYLE('',(#12172));
#12172 = SURFACE_STYLE_FILL_AREA(#12173);
#12173 = FILL_AREA_STYLE('',(#12174));
#12174 = FILL_AREA_STYLE_COLOUR('',#11157);
#12175 = OVER_RIDING_STYLED_ITEM('overriding color',(#12176),#4861,
  #12119);
#12176 = PRESENTATION_STYLE_ASSIGNMENT((#12177));
#12177 = SURFACE_STYLE_USAGE(.BOTH.,#12178);
#12178 = SURFACE_SIDE_STYLE('',(#12179));
#12179 = SURFACE_STYLE_FILL_AREA(#12180);
#12180 = FILL_AREA_STYLE('',(#12181));
#12181 = FILL_AREA_STYLE_COLOUR('',#11157);
#12182 = OVER_RIDING_STYLED_ITEM('overriding color',(#12183),#4889,
  #12119);
#12183 = PRESENTATION_STYLE_ASSIGNMENT((#12184));
#12184 = SURFACE_STYLE_USAGE(.BOTH.,#12185);
#12185 = SURFACE_SIDE_STYLE('',(#12186));
#12186 = SURFACE_STYLE_FILL_AREA(#12187);
#12187 = FILL_AREA_STYLE('',(#12188));
#12188 = FILL_AREA_STYLE_COLOUR('',#11157);
#12189 = OVER_RIDING_STYLED_ITEM('overriding color',(#12190),#4917,
  #12119);
#12190 = PRESENTATION_STYLE_ASSIGNMENT((#12191));
#12191 = SURFACE_STYLE_USAGE(.BOTH.,#12192);
#12192 = SURFACE_SIDE_STYLE('',(#12193));
#12193 = SURFACE_STYLE_FILL_AREA(#12194);
#12194 = FILL_AREA_STYLE('',(#12195));
#12195 = FILL_AREA_STYLE_COLOUR('',#11157);
#12196 = OVER_RIDING_STYLED_ITEM('overriding color',(#12197),#4945,
  #12119);
#12197 = PRESENTATION_STYLE_ASSIGNMENT((#12198));
#12198 = SURFACE_STYLE_USAGE(.BOTH.,#12199);
#12199 = SURFACE_SIDE_STYLE('',(#12200));
#12200 = SURFACE_STYLE_FILL_AREA(#12201);
#12201 = FILL_AREA_STYLE('',(#12202));
#12202 = FILL_AREA_STYLE_COLOUR('',#11157);
#12203 = OVER_RIDING_STYLED_ITEM('overriding color',(#12204),#4973,
  #12119);
#12204 = PRESENTATION_STYLE_ASSIGNMENT((#12205));
#12205 = SURFACE_STYLE_USAGE(.BOTH.,#12206);
#12206 = SURFACE_SIDE_STYLE('',(#12207));
#12207 = SURFACE_STYLE_FILL_AREA(#12208);
#12208 = FILL_AREA_STYLE('',(#12209));
#12209 = FILL_AREA_STYLE_COLOUR('',#11157);
#12210 = OVER_RIDING_STYLED_ITEM('overriding color',(#12211),#4993,
  #12119);
#12211 = PRESENTATION_STYLE_ASSIGNMENT((#12212));
#12212 = SURFACE_STYLE_USAGE(.BOTH.,#12213);
#12213 = SURFACE_SIDE_STYLE('',(#12214));
#12214 = SURFACE_STYLE_FILL_AREA(#12215);
#12215 = FILL_AREA_STYLE('',(#12216));
#12216 = FILL_AREA_STYLE_COLOUR('',#11157);
#12217 = OVER_RIDING_STYLED_ITEM('overriding color',(#12218),#5013,
  #12119);
#12218 = PRESENTATION_STYLE_ASSIGNMENT((#12219));
#12219 = SURFACE_STYLE_USAGE(.BOTH.,#12220);
#12220 = SURFACE_SIDE_STYLE('',(#12221));
#12221 = SURFACE_STYLE_FILL_AREA(#12222);
#12222 = FILL_AREA_STYLE('',(#12223));
#12223 = FILL_AREA_STYLE_COLOUR('',#11157);
#12224 = STYLED_ITEM('color',(#12225),#5033);
#12225 = PRESENTATION_STYLE_ASSIGNMENT((#12226));
#12226 = SURFACE_STYLE_USAGE(.BOTH.,#12227);
#12227 = SURFACE_SIDE_STYLE('',(#12228));
#12228 = SURFACE_STYLE_FILL_AREA(#12229);
#12229 = FILL_AREA_STYLE('',(#12230));
#12230 = FILL_AREA_STYLE_COLOUR('',#11157);
#12231 = OVER_RIDING_STYLED_ITEM('overriding color',(#12232),#5035,
  #12224);
#12232 = PRESENTATION_STYLE_ASSIGNMENT((#12233));
#12233 = SURFACE_STYLE_USAGE(.BOTH.,#12234);
#12234 = SURFACE_SIDE_STYLE('',(#12235));
#12235 = SURFACE_STYLE_FILL_AREA(#12236);
#12236 = FILL_AREA_STYLE('',(#12237));
#12237 = FILL_AREA_STYLE_COLOUR('',#11157);
#12238 = OVER_RIDING_STYLED_ITEM('overriding color',(#12239),#5159,
  #12224);
#12239 = PRESENTATION_STYLE_ASSIGNMENT((#12240));
#12240 = SURFACE_STYLE_USAGE(.BOTH.,#12241);
#12241 = SURFACE_SIDE_STYLE('',(#12242));
#12242 = SURFACE_STYLE_FILL_AREA(#12243);
#12243 = FILL_AREA_STYLE('',(#12244));
#12244 = FILL_AREA_STYLE_COLOUR('',#11157);
#12245 = OVER_RIDING_STYLED_ITEM('overriding color',(#12246),#5283,
  #12224);
#12246 = PRESENTATION_STYLE_ASSIGNMENT((#12247));
#12247 = SURFACE_STYLE_USAGE(.BOTH.,#12248);
#12248 = SURFACE_SIDE_STYLE('',(#12249));
#12249 = SURFACE_STYLE_FILL_AREA(#12250);
#12250 = FILL_AREA_STYLE('',(#12251));
#12251 = FILL_AREA_STYLE_COLOUR('',#11157);
#12252 = OVER_RIDING_STYLED_ITEM('overriding color',(#12253),#5303,
  #12224);
#12253 = PRESENTATION_STYLE_ASSIGNMENT((#12254));
#12254 = SURFACE_STYLE_USAGE(.BOTH.,#12255);
#12255 = SURFACE_SIDE_STYLE('',(#12256));
#12256 = SURFACE_STYLE_FILL_AREA(#12257);
#12257 = FILL_AREA_STYLE('',(#12258));
#12258 = FILL_AREA_STYLE_COLOUR('',#11157);
#12259 = OVER_RIDING_STYLED_ITEM('overriding color',(#12260),#5323,
  #12224);
#12260 = PRESENTATION_STYLE_ASSIGNMENT((#12261));
#12261 = SURFACE_STYLE_USAGE(.BOTH.,#12262);
#12262 = SURFACE_SIDE_STYLE('',(#12263));
#12263 = SURFACE_STYLE_FILL_AREA(#12264);
#12264 = FILL_AREA_STYLE('',(#12265));
#12265 = FILL_AREA_STYLE_COLOUR('',#11157);
#12266 = OVER_RIDING_STYLED_ITEM('overriding color',(#12267),#5343,
  #12224);
#12267 = PRESENTATION_STYLE_ASSIGNMENT((#12268));
#12268 = SURFACE_STYLE_USAGE(.BOTH.,#12269);
#12269 = SURFACE_SIDE_STYLE('',(#12270));
#12270 = SURFACE_STYLE_FILL_AREA(#12271);
#12271 = FILL_AREA_STYLE('',(#12272));
#12272 = FILL_AREA_STYLE_COLOUR('',#11157);
#12273 = OVER_RIDING_STYLED_ITEM('overriding color',(#12274),#5363,
  #12224);
#12274 = PRESENTATION_STYLE_ASSIGNMENT((#12275));
#12275 = SURFACE_STYLE_USAGE(.BOTH.,#12276);
#12276 = SURFACE_SIDE_STYLE('',(#12277));
#12277 = SURFACE_STYLE_FILL_AREA(#12278);
#12278 = FILL_AREA_STYLE('',(#12279));
#12279 = FILL_AREA_STYLE_COLOUR('',#11157);
#12280 = OVER_RIDING_STYLED_ITEM('overriding color',(#12281),#5383,
  #12224);
#12281 = PRESENTATION_STYLE_ASSIGNMENT((#12282));
#12282 = SURFACE_STYLE_USAGE(.BOTH.,#12283);
#12283 = SURFACE_SIDE_STYLE('',(#12284));
#12284 = SURFACE_STYLE_FILL_AREA(#12285);
#12285 = FILL_AREA_STYLE('',(#12286));
#12286 = FILL_AREA_STYLE_COLOUR('',#11157);
#12287 = OVER_RIDING_STYLED_ITEM('overriding color',(#12288),#5399,
  #12224);
#12288 = PRESENTATION_STYLE_ASSIGNMENT((#12289));
#12289 = SURFACE_STYLE_USAGE(.BOTH.,#12290);
#12290 = SURFACE_SIDE_STYLE('',(#12291));
#12291 = SURFACE_STYLE_FILL_AREA(#12292);
#12292 = FILL_AREA_STYLE('',(#12293));
#12293 = FILL_AREA_STYLE_COLOUR('',#11157);
#12294 = OVER_RIDING_STYLED_ITEM('overriding color',(#12295),#5411,
  #12224);
#12295 = PRESENTATION_STYLE_ASSIGNMENT((#12296));
#12296 = SURFACE_STYLE_USAGE(.BOTH.,#12297);
#12297 = SURFACE_SIDE_STYLE('',(#12298));
#12298 = SURFACE_STYLE_FILL_AREA(#12299);
#12299 = FILL_AREA_STYLE('',(#12300));
#12300 = FILL_AREA_STYLE_COLOUR('',#11157);
#12301 = OVER_RIDING_STYLED_ITEM('overriding color',(#12302),#5431,
  #12224);
#12302 = PRESENTATION_STYLE_ASSIGNMENT((#12303));
#12303 = SURFACE_STYLE_USAGE(.BOTH.,#12304);
#12304 = SURFACE_SIDE_STYLE('',(#12305));
#12305 = SURFACE_STYLE_FILL_AREA(#12306);
#12306 = FILL_AREA_STYLE('',(#12307));
#12307 = FILL_AREA_STYLE_COLOUR('',#11157);
#12308 = OVER_RIDING_STYLED_ITEM('overriding color',(#12309),#5447,
  #12224);
#12309 = PRESENTATION_STYLE_ASSIGNMENT((#12310));
#12310 = SURFACE_STYLE_USAGE(.BOTH.,#12311);
#12311 = SURFACE_SIDE_STYLE('',(#12312));
#12312 = SURFACE_STYLE_FILL_AREA(#12313);
#12313 = FILL_AREA_STYLE('',(#12314));
#12314 = FILL_AREA_STYLE_COLOUR('',#11157);
#12315 = OVER_RIDING_STYLED_ITEM('overriding color',(#12316),#5463,
  #12224);
#12316 = PRESENTATION_STYLE_ASSIGNMENT((#12317));
#12317 = SURFACE_STYLE_USAGE(.BOTH.,#12318);
#12318 = SURFACE_SIDE_STYLE('',(#12319));
#12319 = SURFACE_STYLE_FILL_AREA(#12320);
#12320 = FILL_AREA_STYLE('',(#12321));
#12321 = FILL_AREA_STYLE_COLOUR('',#11157);
#12322 = OVER_RIDING_STYLED_ITEM('overriding color',(#12323),#5483,
  #12224);
#12323 = PRESENTATION_STYLE_ASSIGNMENT((#12324));
#12324 = SURFACE_STYLE_USAGE(.BOTH.,#12325);
#12325 = SURFACE_SIDE_STYLE('',(#12326));
#12326 = SURFACE_STYLE_FILL_AREA(#12327);
#12327 = FILL_AREA_STYLE('',(#12328));
#12328 = FILL_AREA_STYLE_COLOUR('',#11157);
#12329 = OVER_RIDING_STYLED_ITEM('overriding color',(#12330),#5503,
  #12224);
#12330 = PRESENTATION_STYLE_ASSIGNMENT((#12331));
#12331 = SURFACE_STYLE_USAGE(.BOTH.,#12332);
#12332 = SURFACE_SIDE_STYLE('',(#12333));
#12333 = SURFACE_STYLE_FILL_AREA(#12334);
#12334 = FILL_AREA_STYLE('',(#12335));
#12335 = FILL_AREA_STYLE_COLOUR('',#11157);
#12336 = OVER_RIDING_STYLED_ITEM('overriding color',(#12337),#5523,
  #12224);
#12337 = PRESENTATION_STYLE_ASSIGNMENT((#12338));
#12338 = SURFACE_STYLE_USAGE(.BOTH.,#12339);
#12339 = SURFACE_SIDE_STYLE('',(#12340));
#12340 = SURFACE_STYLE_FILL_AREA(#12341);
#12341 = FILL_AREA_STYLE('',(#12342));
#12342 = FILL_AREA_STYLE_COLOUR('',#11157);
#12343 = STYLED_ITEM('color',(#12344),#5539);
#12344 = PRESENTATION_STYLE_ASSIGNMENT((#12345));
#12345 = SURFACE_STYLE_USAGE(.BOTH.,#12346);
#12346 = SURFACE_SIDE_STYLE('',(#12347));
#12347 = SURFACE_STYLE_FILL_AREA(#12348);
#12348 = FILL_AREA_STYLE('',(#12349));
#12349 = FILL_AREA_STYLE_COLOUR('',#11157);
#12350 = OVER_RIDING_STYLED_ITEM('overriding color',(#12351),#5541,
  #12343);
#12351 = PRESENTATION_STYLE_ASSIGNMENT((#12352));
#12352 = SURFACE_STYLE_USAGE(.BOTH.,#12353);
#12353 = SURFACE_SIDE_STYLE('',(#12354));
#12354 = SURFACE_STYLE_FILL_AREA(#12355);
#12355 = FILL_AREA_STYLE('',(#12356));
#12356 = FILL_AREA_STYLE_COLOUR('',#11157);
#12357 = OVER_RIDING_STYLED_ITEM('overriding color',(#12358),#5653,
  #12343);
#12358 = PRESENTATION_STYLE_ASSIGNMENT((#12359));
#12359 = SURFACE_STYLE_USAGE(.BOTH.,#12360);
#12360 = SURFACE_SIDE_STYLE('',(#12361));
#12361 = SURFACE_STYLE_FILL_AREA(#12362);
#12362 = FILL_AREA_STYLE('',(#12363));
#12363 = FILL_AREA_STYLE_COLOUR('',#11157);
#12364 = OVER_RIDING_STYLED_ITEM('overriding color',(#12365),#5765,
  #12343);
#12365 = PRESENTATION_STYLE_ASSIGNMENT((#12366));
#12366 = SURFACE_STYLE_USAGE(.BOTH.,#12367);
#12367 = SURFACE_SIDE_STYLE('',(#12368));
#12368 = SURFACE_STYLE_FILL_AREA(#12369);
#12369 = FILL_AREA_STYLE('',(#12370));
#12370 = FILL_AREA_STYLE_COLOUR('',#11157);
#12371 = OVER_RIDING_STYLED_ITEM('overriding color',(#12372),#5785,
  #12343);
#12372 = PRESENTATION_STYLE_ASSIGNMENT((#12373));
#12373 = SURFACE_STYLE_USAGE(.BOTH.,#12374);
#12374 = SURFACE_SIDE_STYLE('',(#12375));
#12375 = SURFACE_STYLE_FILL_AREA(#12376);
#12376 = FILL_AREA_STYLE('',(#12377));
#12377 = FILL_AREA_STYLE_COLOUR('',#11157);
#12378 = OVER_RIDING_STYLED_ITEM('overriding color',(#12379),#5801,
  #12343);
#12379 = PRESENTATION_STYLE_ASSIGNMENT((#12380));
#12380 = SURFACE_STYLE_USAGE(.BOTH.,#12381);
#12381 = SURFACE_SIDE_STYLE('',(#12382));
#12382 = SURFACE_STYLE_FILL_AREA(#12383);
#12383 = FILL_AREA_STYLE('',(#12384));
#12384 = FILL_AREA_STYLE_COLOUR('',#11157);
#12385 = OVER_RIDING_STYLED_ITEM('overriding color',(#12386),#5817,
  #12343);
#12386 = PRESENTATION_STYLE_ASSIGNMENT((#12387));
#12387 = SURFACE_STYLE_USAGE(.BOTH.,#12388);
#12388 = SURFACE_SIDE_STYLE('',(#12389));
#12389 = SURFACE_STYLE_FILL_AREA(#12390);
#12390 = FILL_AREA_STYLE('',(#12391));
#12391 = FILL_AREA_STYLE_COLOUR('',#11157);
#12392 = OVER_RIDING_STYLED_ITEM('overriding color',(#12393),#5833,
  #12343);
#12393 = PRESENTATION_STYLE_ASSIGNMENT((#12394));
#12394 = SURFACE_STYLE_USAGE(.BOTH.,#12395);
#12395 = SURFACE_SIDE_STYLE('',(#12396));
#12396 = SURFACE_STYLE_FILL_AREA(#12397);
#12397 = FILL_AREA_STYLE('',(#12398));
#12398 = FILL_AREA_STYLE_COLOUR('',#11157);
#12399 = OVER_RIDING_STYLED_ITEM('overriding color',(#12400),#5849,
  #12343);
#12400 = PRESENTATION_STYLE_ASSIGNMENT((#12401));
#12401 = SURFACE_STYLE_USAGE(.BOTH.,#12402);
#12402 = SURFACE_SIDE_STYLE('',(#12403));
#12403 = SURFACE_STYLE_FILL_AREA(#12404);
#12404 = FILL_AREA_STYLE('',(#12405));
#12405 = FILL_AREA_STYLE_COLOUR('',#11157);
#12406 = OVER_RIDING_STYLED_ITEM('overriding color',(#12407),#5865,
  #12343);
#12407 = PRESENTATION_STYLE_ASSIGNMENT((#12408));
#12408 = SURFACE_STYLE_USAGE(.BOTH.,#12409);
#12409 = SURFACE_SIDE_STYLE('',(#12410));
#12410 = SURFACE_STYLE_FILL_AREA(#12411);
#12411 = FILL_AREA_STYLE('',(#12412));
#12412 = FILL_AREA_STYLE_COLOUR('',#11157);
#12413 = OVER_RIDING_STYLED_ITEM('overriding color',(#12414),#5881,
  #12343);
#12414 = PRESENTATION_STYLE_ASSIGNMENT((#12415));
#12415 = SURFACE_STYLE_USAGE(.BOTH.,#12416);
#12416 = SURFACE_SIDE_STYLE('',(#12417));
#12417 = SURFACE_STYLE_FILL_AREA(#12418);
#12418 = FILL_AREA_STYLE('',(#12419));
#12419 = FILL_AREA_STYLE_COLOUR('',#11157);
#12420 = OVER_RIDING_STYLED_ITEM('overriding color',(#12421),#5893,
  #12343);
#12421 = PRESENTATION_STYLE_ASSIGNMENT((#12422));
#12422 = SURFACE_STYLE_USAGE(.BOTH.,#12423);
#12423 = SURFACE_SIDE_STYLE('',(#12424));
#12424 = SURFACE_STYLE_FILL_AREA(#12425);
#12425 = FILL_AREA_STYLE('',(#12426));
#12426 = FILL_AREA_STYLE_COLOUR('',#11157);
#12427 = OVER_RIDING_STYLED_ITEM('overriding color',(#12428),#5913,
  #12343);
#12428 = PRESENTATION_STYLE_ASSIGNMENT((#12429));
#12429 = SURFACE_STYLE_USAGE(.BOTH.,#12430);
#12430 = SURFACE_SIDE_STYLE('',(#12431));
#12431 = SURFACE_STYLE_FILL_AREA(#12432);
#12432 = FILL_AREA_STYLE('',(#12433));
#12433 = FILL_AREA_STYLE_COLOUR('',#11157);
#12434 = OVER_RIDING_STYLED_ITEM('overriding color',(#12435),#5929,
  #12343);
#12435 = PRESENTATION_STYLE_ASSIGNMENT((#12436));
#12436 = SURFACE_STYLE_USAGE(.BOTH.,#12437);
#12437 = SURFACE_SIDE_STYLE('',(#12438));
#12438 = SURFACE_STYLE_FILL_AREA(#12439);
#12439 = FILL_AREA_STYLE('',(#12440));
#12440 = FILL_AREA_STYLE_COLOUR('',#11157);
#12441 = OVER_RIDING_STYLED_ITEM('overriding color',(#12442),#5949,
  #12343);
#12442 = PRESENTATION_STYLE_ASSIGNMENT((#12443));
#12443 = SURFACE_STYLE_USAGE(.BOTH.,#12444);
#12444 = SURFACE_SIDE_STYLE('',(#12445));
#12445 = SURFACE_STYLE_FILL_AREA(#12446);
#12446 = FILL_AREA_STYLE('',(#12447));
#12447 = FILL_AREA_STYLE_COLOUR('',#11157);
#12448 = OVER_RIDING_STYLED_ITEM('overriding color',(#12449),#5965,
  #12343);
#12449 = PRESENTATION_STYLE_ASSIGNMENT((#12450));
#12450 = SURFACE_STYLE_USAGE(.BOTH.,#12451);
#12451 = SURFACE_SIDE_STYLE('',(#12452));
#12452 = SURFACE_STYLE_FILL_AREA(#12453);
#12453 = FILL_AREA_STYLE('',(#12454));
#12454 = FILL_AREA_STYLE_COLOUR('',#11157);
#12455 = OVER_RIDING_STYLED_ITEM('overriding color',(#12456),#5985,
  #12343);
#12456 = PRESENTATION_STYLE_ASSIGNMENT((#12457));
#12457 = SURFACE_STYLE_USAGE(.BOTH.,#12458);
#12458 = SURFACE_SIDE_STYLE('',(#12459));
#12459 = SURFACE_STYLE_FILL_AREA(#12460);
#12460 = FILL_AREA_STYLE('',(#12461));
#12461 = FILL_AREA_STYLE_COLOUR('',#11157);
#12462 = STYLED_ITEM('color',(#12463),#5997);
#12463 = PRESENTATION_STYLE_ASSIGNMENT((#12464));
#12464 = SURFACE_STYLE_USAGE(.BOTH.,#12465);
#12465 = SURFACE_SIDE_STYLE('',(#12466));
#12466 = SURFACE_STYLE_FILL_AREA(#12467);
#12467 = FILL_AREA_STYLE('',(#12468));
#12468 = FILL_AREA_STYLE_COLOUR('',#11157);
#12469 = OVER_RIDING_STYLED_ITEM('overriding color',(#12470),#5999,
  #12462);
#12470 = PRESENTATION_STYLE_ASSIGNMENT((#12471));
#12471 = SURFACE_STYLE_USAGE(.BOTH.,#12472);
#12472 = SURFACE_SIDE_STYLE('',(#12473));
#12473 = SURFACE_STYLE_FILL_AREA(#12474);
#12474 = FILL_AREA_STYLE('',(#12475));
#12475 = FILL_AREA_STYLE_COLOUR('',#11157);
#12476 = OVER_RIDING_STYLED_ITEM('overriding color',(#12477),#6035,
  #12462);
#12477 = PRESENTATION_STYLE_ASSIGNMENT((#12478));
#12478 = SURFACE_STYLE_USAGE(.BOTH.,#12479);
#12479 = SURFACE_SIDE_STYLE('',(#12480));
#12480 = SURFACE_STYLE_FILL_AREA(#12481);
#12481 = FILL_AREA_STYLE('',(#12482));
#12482 = FILL_AREA_STYLE_COLOUR('',#11157);
#12483 = OVER_RIDING_STYLED_ITEM('overriding color',(#12484),#6063,
  #12462);
#12484 = PRESENTATION_STYLE_ASSIGNMENT((#12485));
#12485 = SURFACE_STYLE_USAGE(.BOTH.,#12486);
#12486 = SURFACE_SIDE_STYLE('',(#12487));
#12487 = SURFACE_STYLE_FILL_AREA(#12488);
#12488 = FILL_AREA_STYLE('',(#12489));
#12489 = FILL_AREA_STYLE_COLOUR('',#11157);
#12490 = OVER_RIDING_STYLED_ITEM('overriding color',(#12491),#6091,
  #12462);
#12491 = PRESENTATION_STYLE_ASSIGNMENT((#12492));
#12492 = SURFACE_STYLE_USAGE(.BOTH.,#12493);
#12493 = SURFACE_SIDE_STYLE('',(#12494));
#12494 = SURFACE_STYLE_FILL_AREA(#12495);
#12495 = FILL_AREA_STYLE('',(#12496));
#12496 = FILL_AREA_STYLE_COLOUR('',#11157);
#12497 = OVER_RIDING_STYLED_ITEM('overriding color',(#12498),#6119,
  #12462);
#12498 = PRESENTATION_STYLE_ASSIGNMENT((#12499));
#12499 = SURFACE_STYLE_USAGE(.BOTH.,#12500);
#12500 = SURFACE_SIDE_STYLE('',(#12501));
#12501 = SURFACE_STYLE_FILL_AREA(#12502);
#12502 = FILL_AREA_STYLE('',(#12503));
#12503 = FILL_AREA_STYLE_COLOUR('',#11157);
#12504 = OVER_RIDING_STYLED_ITEM('overriding color',(#12505),#6147,
  #12462);
#12505 = PRESENTATION_STYLE_ASSIGNMENT((#12506));
#12506 = SURFACE_STYLE_USAGE(.BOTH.,#12507);
#12507 = SURFACE_SIDE_STYLE('',(#12508));
#12508 = SURFACE_STYLE_FILL_AREA(#12509);
#12509 = FILL_AREA_STYLE('',(#12510));
#12510 = FILL_AREA_STYLE_COLOUR('',#11157);
#12511 = OVER_RIDING_STYLED_ITEM('overriding color',(#12512),#6175,
  #12462);
#12512 = PRESENTATION_STYLE_ASSIGNMENT((#12513));
#12513 = SURFACE_STYLE_USAGE(.BOTH.,#12514);
#12514 = SURFACE_SIDE_STYLE('',(#12515));
#12515 = SURFACE_STYLE_FILL_AREA(#12516);
#12516 = FILL_AREA_STYLE('',(#12517));
#12517 = FILL_AREA_STYLE_COLOUR('',#11157);
#12518 = OVER_RIDING_STYLED_ITEM('overriding color',(#12519),#6203,
  #12462);
#12519 = PRESENTATION_STYLE_ASSIGNMENT((#12520));
#12520 = SURFACE_STYLE_USAGE(.BOTH.,#12521);
#12521 = SURFACE_SIDE_STYLE('',(#12522));
#12522 = SURFACE_STYLE_FILL_AREA(#12523);
#12523 = FILL_AREA_STYLE('',(#12524));
#12524 = FILL_AREA_STYLE_COLOUR('',#11157);
#12525 = OVER_RIDING_STYLED_ITEM('overriding color',(#12526),#6231,
  #12462);
#12526 = PRESENTATION_STYLE_ASSIGNMENT((#12527));
#12527 = SURFACE_STYLE_USAGE(.BOTH.,#12528);
#12528 = SURFACE_SIDE_STYLE('',(#12529));
#12529 = SURFACE_STYLE_FILL_AREA(#12530);
#12530 = FILL_AREA_STYLE('',(#12531));
#12531 = FILL_AREA_STYLE_COLOUR('',#11157);
#12532 = OVER_RIDING_STYLED_ITEM('overriding color',(#12533),#6259,
  #12462);
#12533 = PRESENTATION_STYLE_ASSIGNMENT((#12534));
#12534 = SURFACE_STYLE_USAGE(.BOTH.,#12535);
#12535 = SURFACE_SIDE_STYLE('',(#12536));
#12536 = SURFACE_STYLE_FILL_AREA(#12537);
#12537 = FILL_AREA_STYLE('',(#12538));
#12538 = FILL_AREA_STYLE_COLOUR('',#11157);
#12539 = OVER_RIDING_STYLED_ITEM('overriding color',(#12540),#6287,
  #12462);
#12540 = PRESENTATION_STYLE_ASSIGNMENT((#12541));
#12541 = SURFACE_STYLE_USAGE(.BOTH.,#12542);
#12542 = SURFACE_SIDE_STYLE('',(#12543));
#12543 = SURFACE_STYLE_FILL_AREA(#12544);
#12544 = FILL_AREA_STYLE('',(#12545));
#12545 = FILL_AREA_STYLE_COLOUR('',#11157);
#12546 = OVER_RIDING_STYLED_ITEM('overriding color',(#12547),#6315,
  #12462);
#12547 = PRESENTATION_STYLE_ASSIGNMENT((#12548));
#12548 = SURFACE_STYLE_USAGE(.BOTH.,#12549);
#12549 = SURFACE_SIDE_STYLE('',(#12550));
#12550 = SURFACE_STYLE_FILL_AREA(#12551);
#12551 = FILL_AREA_STYLE('',(#12552));
#12552 = FILL_AREA_STYLE_COLOUR('',#11157);
#12553 = OVER_RIDING_STYLED_ITEM('overriding color',(#12554),#6335,
  #12462);
#12554 = PRESENTATION_STYLE_ASSIGNMENT((#12555));
#12555 = SURFACE_STYLE_USAGE(.BOTH.,#12556);
#12556 = SURFACE_SIDE_STYLE('',(#12557));
#12557 = SURFACE_STYLE_FILL_AREA(#12558);
#12558 = FILL_AREA_STYLE('',(#12559));
#12559 = FILL_AREA_STYLE_COLOUR('',#11157);
#12560 = OVER_RIDING_STYLED_ITEM('overriding color',(#12561),#6355,
  #12462);
#12561 = PRESENTATION_STYLE_ASSIGNMENT((#12562));
#12562 = SURFACE_STYLE_USAGE(.BOTH.,#12563);
#12563 = SURFACE_SIDE_STYLE('',(#12564));
#12564 = SURFACE_STYLE_FILL_AREA(#12565);
#12565 = FILL_AREA_STYLE('',(#12566));
#12566 = FILL_AREA_STYLE_COLOUR('',#11157);
#12567 = STYLED_ITEM('color',(#12568),#6375);
#12568 = PRESENTATION_STYLE_ASSIGNMENT((#12569));
#12569 = SURFACE_STYLE_USAGE(.BOTH.,#12570);
#12570 = SURFACE_SIDE_STYLE('',(#12571));
#12571 = SURFACE_STYLE_FILL_AREA(#12572);
#12572 = FILL_AREA_STYLE('',(#12573));
#12573 = FILL_AREA_STYLE_COLOUR('',#11157);
#12574 = OVER_RIDING_STYLED_ITEM('overriding color',(#12575),#6377,
  #12567);
#12575 = PRESENTATION_STYLE_ASSIGNMENT((#12576));
#12576 = SURFACE_STYLE_USAGE(.BOTH.,#12577);
#12577 = SURFACE_SIDE_STYLE('',(#12578));
#12578 = SURFACE_STYLE_FILL_AREA(#12579);
#12579 = FILL_AREA_STYLE('',(#12580));
#12580 = FILL_AREA_STYLE_COLOUR('',#11157);
#12581 = OVER_RIDING_STYLED_ITEM('overriding color',(#12582),#6569,
  #12567);
#12582 = PRESENTATION_STYLE_ASSIGNMENT((#12583));
#12583 = SURFACE_STYLE_USAGE(.BOTH.,#12584);
#12584 = SURFACE_SIDE_STYLE('',(#12585));
#12585 = SURFACE_STYLE_FILL_AREA(#12586);
#12586 = FILL_AREA_STYLE('',(#12587));
#12587 = FILL_AREA_STYLE_COLOUR('',#11157);
#12588 = OVER_RIDING_STYLED_ITEM('overriding color',(#12589),#6761,
  #12567);
#12589 = PRESENTATION_STYLE_ASSIGNMENT((#12590));
#12590 = SURFACE_STYLE_USAGE(.BOTH.,#12591);
#12591 = SURFACE_SIDE_STYLE('',(#12592));
#12592 = SURFACE_STYLE_FILL_AREA(#12593);
#12593 = FILL_AREA_STYLE('',(#12594));
#12594 = FILL_AREA_STYLE_COLOUR('',#11157);
#12595 = OVER_RIDING_STYLED_ITEM('overriding color',(#12596),#6785,
  #12567);
#12596 = PRESENTATION_STYLE_ASSIGNMENT((#12597));
#12597 = SURFACE_STYLE_USAGE(.BOTH.,#12598);
#12598 = SURFACE_SIDE_STYLE('',(#12599));
#12599 = SURFACE_STYLE_FILL_AREA(#12600);
#12600 = FILL_AREA_STYLE('',(#12601));
#12601 = FILL_AREA_STYLE_COLOUR('',#11157);
#12602 = OVER_RIDING_STYLED_ITEM('overriding color',(#12603),#6801,
  #12567);
#12603 = PRESENTATION_STYLE_ASSIGNMENT((#12604));
#12604 = SURFACE_STYLE_USAGE(.BOTH.,#12605);
#12605 = SURFACE_SIDE_STYLE('',(#12606));
#12606 = SURFACE_STYLE_FILL_AREA(#12607);
#12607 = FILL_AREA_STYLE('',(#12608));
#12608 = FILL_AREA_STYLE_COLOUR('',#11157);
#12609 = OVER_RIDING_STYLED_ITEM('overriding color',(#12610),#6821,
  #12567);
#12610 = PRESENTATION_STYLE_ASSIGNMENT((#12611));
#12611 = SURFACE_STYLE_USAGE(.BOTH.,#12612);
#12612 = SURFACE_SIDE_STYLE('',(#12613));
#12613 = SURFACE_STYLE_FILL_AREA(#12614);
#12614 = FILL_AREA_STYLE('',(#12615));
#12615 = FILL_AREA_STYLE_COLOUR('',#11157);
#12616 = OVER_RIDING_STYLED_ITEM('overriding color',(#12617),#6841,
  #12567);
#12617 = PRESENTATION_STYLE_ASSIGNMENT((#12618));
#12618 = SURFACE_STYLE_USAGE(.BOTH.,#12619);
#12619 = SURFACE_SIDE_STYLE('',(#12620));
#12620 = SURFACE_STYLE_FILL_AREA(#12621);
#12621 = FILL_AREA_STYLE('',(#12622));
#12622 = FILL_AREA_STYLE_COLOUR('',#11157);
#12623 = OVER_RIDING_STYLED_ITEM('overriding color',(#12624),#6857,
  #12567);
#12624 = PRESENTATION_STYLE_ASSIGNMENT((#12625));
#12625 = SURFACE_STYLE_USAGE(.BOTH.,#12626);
#12626 = SURFACE_SIDE_STYLE('',(#12627));
#12627 = SURFACE_STYLE_FILL_AREA(#12628);
#12628 = FILL_AREA_STYLE('',(#12629));
#12629 = FILL_AREA_STYLE_COLOUR('',#11157);
#12630 = OVER_RIDING_STYLED_ITEM('overriding color',(#12631),#6877,
  #12567);
#12631 = PRESENTATION_STYLE_ASSIGNMENT((#12632));
#12632 = SURFACE_STYLE_USAGE(.BOTH.,#12633);
#12633 = SURFACE_SIDE_STYLE('',(#12634));
#12634 = SURFACE_STYLE_FILL_AREA(#12635);
#12635 = FILL_AREA_STYLE('',(#12636));
#12636 = FILL_AREA_STYLE_COLOUR('',#11157);
#12637 = OVER_RIDING_STYLED_ITEM('overriding color',(#12638),#6897,
  #12567);
#12638 = PRESENTATION_STYLE_ASSIGNMENT((#12639));
#12639 = SURFACE_STYLE_USAGE(.BOTH.,#12640);
#12640 = SURFACE_SIDE_STYLE('',(#12641));
#12641 = SURFACE_STYLE_FILL_AREA(#12642);
#12642 = FILL_AREA_STYLE('',(#12643));
#12643 = FILL_AREA_STYLE_COLOUR('',#11157);
#12644 = OVER_RIDING_STYLED_ITEM('overriding color',(#12645),#6917,
  #12567);
#12645 = PRESENTATION_STYLE_ASSIGNMENT((#12646));
#12646 = SURFACE_STYLE_USAGE(.BOTH.,#12647);
#12647 = SURFACE_SIDE_STYLE('',(#12648));
#12648 = SURFACE_STYLE_FILL_AREA(#12649);
#12649 = FILL_AREA_STYLE('',(#12650));
#12650 = FILL_AREA_STYLE_COLOUR('',#11157);
#12651 = OVER_RIDING_STYLED_ITEM('overriding color',(#12652),#6937,
  #12567);
#12652 = PRESENTATION_STYLE_ASSIGNMENT((#12653));
#12653 = SURFACE_STYLE_USAGE(.BOTH.,#12654);
#12654 = SURFACE_SIDE_STYLE('',(#12655));
#12655 = SURFACE_STYLE_FILL_AREA(#12656);
#12656 = FILL_AREA_STYLE('',(#12657));
#12657 = FILL_AREA_STYLE_COLOUR('',#11157);
#12658 = OVER_RIDING_STYLED_ITEM('overriding color',(#12659),#6953,
  #12567);
#12659 = PRESENTATION_STYLE_ASSIGNMENT((#12660));
#12660 = SURFACE_STYLE_USAGE(.BOTH.,#12661);
#12661 = SURFACE_SIDE_STYLE('',(#12662));
#12662 = SURFACE_STYLE_FILL_AREA(#12663);
#12663 = FILL_AREA_STYLE('',(#12664));
#12664 = FILL_AREA_STYLE_COLOUR('',#11157);
#12665 = OVER_RIDING_STYLED_ITEM('overriding color',(#12666),#6969,
  #12567);
#12666 = PRESENTATION_STYLE_ASSIGNMENT((#12667));
#12667 = SURFACE_STYLE_USAGE(.BOTH.,#12668);
#12668 = SURFACE_SIDE_STYLE('',(#12669));
#12669 = SURFACE_STYLE_FILL_AREA(#12670);
#12670 = FILL_AREA_STYLE('',(#12671));
#12671 = FILL_AREA_STYLE_COLOUR('',#11157);
#12672 = OVER_RIDING_STYLED_ITEM('overriding color',(#12673),#6985,
  #12567);
#12673 = PRESENTATION_STYLE_ASSIGNMENT((#12674));
#12674 = SURFACE_STYLE_USAGE(.BOTH.,#12675);
#12675 = SURFACE_SIDE_STYLE('',(#12676));
#12676 = SURFACE_STYLE_FILL_AREA(#12677);
#12677 = FILL_AREA_STYLE('',(#12678));
#12678 = FILL_AREA_STYLE_COLOUR('',#11157);
#12679 = OVER_RIDING_STYLED_ITEM('overriding color',(#12680),#7001,
  #12567);
#12680 = PRESENTATION_STYLE_ASSIGNMENT((#12681));
#12681 = SURFACE_STYLE_USAGE(.BOTH.,#12682);
#12682 = SURFACE_SIDE_STYLE('',(#12683));
#12683 = SURFACE_STYLE_FILL_AREA(#12684);
#12684 = FILL_AREA_STYLE('',(#12685));
#12685 = FILL_AREA_STYLE_COLOUR('',#11157);
#12686 = OVER_RIDING_STYLED_ITEM('overriding color',(#12687),#7017,
  #12567);
#12687 = PRESENTATION_STYLE_ASSIGNMENT((#12688));
#12688 = SURFACE_STYLE_USAGE(.BOTH.,#12689);
#12689 = SURFACE_SIDE_STYLE('',(#12690));
#12690 = SURFACE_STYLE_FILL_AREA(#12691);
#12691 = FILL_AREA_STYLE('',(#12692));
#12692 = FILL_AREA_STYLE_COLOUR('',#11157);
#12693 = OVER_RIDING_STYLED_ITEM('overriding color',(#12694),#7041,
  #12567);
#12694 = PRESENTATION_STYLE_ASSIGNMENT((#12695));
#12695 = SURFACE_STYLE_USAGE(.BOTH.,#12696);
#12696 = SURFACE_SIDE_STYLE('',(#12697));
#12697 = SURFACE_STYLE_FILL_AREA(#12698);
#12698 = FILL_AREA_STYLE('',(#12699));
#12699 = FILL_AREA_STYLE_COLOUR('',#11157);
#12700 = OVER_RIDING_STYLED_ITEM('overriding color',(#12701),#7061,
  #12567);
#12701 = PRESENTATION_STYLE_ASSIGNMENT((#12702));
#12702 = SURFACE_STYLE_USAGE(.BOTH.,#12703);
#12703 = SURFACE_SIDE_STYLE('',(#12704));
#12704 = SURFACE_STYLE_FILL_AREA(#12705);
#12705 = FILL_AREA_STYLE('',(#12706));
#12706 = FILL_AREA_STYLE_COLOUR('',#11157);
#12707 = OVER_RIDING_STYLED_ITEM('overriding color',(#12708),#7081,
  #12567);
#12708 = PRESENTATION_STYLE_ASSIGNMENT((#12709));
#12709 = SURFACE_STYLE_USAGE(.BOTH.,#12710);
#12710 = SURFACE_SIDE_STYLE('',(#12711));
#12711 = SURFACE_STYLE_FILL_AREA(#12712);
#12712 = FILL_AREA_STYLE('',(#12713));
#12713 = FILL_AREA_STYLE_COLOUR('',#11157);
#12714 = OVER_RIDING_STYLED_ITEM('overriding color',(#12715),#7101,
  #12567);
#12715 = PRESENTATION_STYLE_ASSIGNMENT((#12716));
#12716 = SURFACE_STYLE_USAGE(.BOTH.,#12717);
#12717 = SURFACE_SIDE_STYLE('',(#12718));
#12718 = SURFACE_STYLE_FILL_AREA(#12719);
#12719 = FILL_AREA_STYLE('',(#12720));
#12720 = FILL_AREA_STYLE_COLOUR('',#11157);
#12721 = OVER_RIDING_STYLED_ITEM('overriding color',(#12722),#7121,
  #12567);
#12722 = PRESENTATION_STYLE_ASSIGNMENT((#12723));
#12723 = SURFACE_STYLE_USAGE(.BOTH.,#12724);
#12724 = SURFACE_SIDE_STYLE('',(#12725));
#12725 = SURFACE_STYLE_FILL_AREA(#12726);
#12726 = FILL_AREA_STYLE('',(#12727));
#12727 = FILL_AREA_STYLE_COLOUR('',#11157);
#12728 = OVER_RIDING_STYLED_ITEM('overriding color',(#12729),#7141,
  #12567);
#12729 = PRESENTATION_STYLE_ASSIGNMENT((#12730));
#12730 = SURFACE_STYLE_USAGE(.BOTH.,#12731);
#12731 = SURFACE_SIDE_STYLE('',(#12732));
#12732 = SURFACE_STYLE_FILL_AREA(#12733);
#12733 = FILL_AREA_STYLE('',(#12734));
#12734 = FILL_AREA_STYLE_COLOUR('',#11157);
#12735 = OVER_RIDING_STYLED_ITEM('overriding color',(#12736),#7157,
  #12567);
#12736 = PRESENTATION_STYLE_ASSIGNMENT((#12737));
#12737 = SURFACE_STYLE_USAGE(.BOTH.,#12738);
#12738 = SURFACE_SIDE_STYLE('',(#12739));
#12739 = SURFACE_STYLE_FILL_AREA(#12740);
#12740 = FILL_AREA_STYLE('',(#12741));
#12741 = FILL_AREA_STYLE_COLOUR('',#11157);
#12742 = STYLED_ITEM('color',(#12743),#7169);
#12743 = PRESENTATION_STYLE_ASSIGNMENT((#12744));
#12744 = SURFACE_STYLE_USAGE(.BOTH.,#12745);
#12745 = SURFACE_SIDE_STYLE('',(#12746));
#12746 = SURFACE_STYLE_FILL_AREA(#12747);
#12747 = FILL_AREA_STYLE('',(#12748));
#12748 = FILL_AREA_STYLE_COLOUR('',#11157);
#12749 = OVER_RIDING_STYLED_ITEM('overriding color',(#12750),#7171,
  #12742);
#12750 = PRESENTATION_STYLE_ASSIGNMENT((#12751));
#12751 = SURFACE_STYLE_USAGE(.BOTH.,#12752);
#12752 = SURFACE_SIDE_STYLE('',(#12753));
#12753 = SURFACE_STYLE_FILL_AREA(#12754);
#12754 = FILL_AREA_STYLE('',(#12755));
#12755 = FILL_AREA_STYLE_COLOUR('',#11157);
#12756 = OVER_RIDING_STYLED_ITEM('overriding color',(#12757),#7215,
  #12742);
#12757 = PRESENTATION_STYLE_ASSIGNMENT((#12758));
#12758 = SURFACE_STYLE_USAGE(.BOTH.,#12759);
#12759 = SURFACE_SIDE_STYLE('',(#12760));
#12760 = SURFACE_STYLE_FILL_AREA(#12761);
#12761 = FILL_AREA_STYLE('',(#12762));
#12762 = FILL_AREA_STYLE_COLOUR('',#11157);
#12763 = OVER_RIDING_STYLED_ITEM('overriding color',(#12764),#7243,
  #12742);
#12764 = PRESENTATION_STYLE_ASSIGNMENT((#12765));
#12765 = SURFACE_STYLE_USAGE(.BOTH.,#12766);
#12766 = SURFACE_SIDE_STYLE('',(#12767));
#12767 = SURFACE_STYLE_FILL_AREA(#12768);
#12768 = FILL_AREA_STYLE('',(#12769));
#12769 = FILL_AREA_STYLE_COLOUR('',#11157);
#12770 = OVER_RIDING_STYLED_ITEM('overriding color',(#12771),#7279,
  #12742);
#12771 = PRESENTATION_STYLE_ASSIGNMENT((#12772));
#12772 = SURFACE_STYLE_USAGE(.BOTH.,#12773);
#12773 = SURFACE_SIDE_STYLE('',(#12774));
#12774 = SURFACE_STYLE_FILL_AREA(#12775);
#12775 = FILL_AREA_STYLE('',(#12776));
#12776 = FILL_AREA_STYLE_COLOUR('',#11157);
#12777 = OVER_RIDING_STYLED_ITEM('overriding color',(#12778),#7315,
  #12742);
#12778 = PRESENTATION_STYLE_ASSIGNMENT((#12779));
#12779 = SURFACE_STYLE_USAGE(.BOTH.,#12780);
#12780 = SURFACE_SIDE_STYLE('',(#12781));
#12781 = SURFACE_STYLE_FILL_AREA(#12782);
#12782 = FILL_AREA_STYLE('',(#12783));
#12783 = FILL_AREA_STYLE_COLOUR('',#11157);
#12784 = OVER_RIDING_STYLED_ITEM('overriding color',(#12785),#7351,
  #12742);
#12785 = PRESENTATION_STYLE_ASSIGNMENT((#12786));
#12786 = SURFACE_STYLE_USAGE(.BOTH.,#12787);
#12787 = SURFACE_SIDE_STYLE('',(#12788));
#12788 = SURFACE_STYLE_FILL_AREA(#12789);
#12789 = FILL_AREA_STYLE('',(#12790));
#12790 = FILL_AREA_STYLE_COLOUR('',#11157);
#12791 = OVER_RIDING_STYLED_ITEM('overriding color',(#12792),#7387,
  #12742);
#12792 = PRESENTATION_STYLE_ASSIGNMENT((#12793));
#12793 = SURFACE_STYLE_USAGE(.BOTH.,#12794);
#12794 = SURFACE_SIDE_STYLE('',(#12795));
#12795 = SURFACE_STYLE_FILL_AREA(#12796);
#12796 = FILL_AREA_STYLE('',(#12797));
#12797 = FILL_AREA_STYLE_COLOUR('',#11157);
#12798 = OVER_RIDING_STYLED_ITEM('overriding color',(#12799),#7423,
  #12742);
#12799 = PRESENTATION_STYLE_ASSIGNMENT((#12800));
#12800 = SURFACE_STYLE_USAGE(.BOTH.,#12801);
#12801 = SURFACE_SIDE_STYLE('',(#12802));
#12802 = SURFACE_STYLE_FILL_AREA(#12803);
#12803 = FILL_AREA_STYLE('',(#12804));
#12804 = FILL_AREA_STYLE_COLOUR('',#11157);
#12805 = OVER_RIDING_STYLED_ITEM('overriding color',(#12806),#7459,
  #12742);
#12806 = PRESENTATION_STYLE_ASSIGNMENT((#12807));
#12807 = SURFACE_STYLE_USAGE(.BOTH.,#12808);
#12808 = SURFACE_SIDE_STYLE('',(#12809));
#12809 = SURFACE_STYLE_FILL_AREA(#12810);
#12810 = FILL_AREA_STYLE('',(#12811));
#12811 = FILL_AREA_STYLE_COLOUR('',#11157);
#12812 = OVER_RIDING_STYLED_ITEM('overriding color',(#12813),#7495,
  #12742);
#12813 = PRESENTATION_STYLE_ASSIGNMENT((#12814));
#12814 = SURFACE_STYLE_USAGE(.BOTH.,#12815);
#12815 = SURFACE_SIDE_STYLE('',(#12816));
#12816 = SURFACE_STYLE_FILL_AREA(#12817);
#12817 = FILL_AREA_STYLE('',(#12818));
#12818 = FILL_AREA_STYLE_COLOUR('',#11157);
#12819 = OVER_RIDING_STYLED_ITEM('overriding color',(#12820),#7531,
  #12742);
#12820 = PRESENTATION_STYLE_ASSIGNMENT((#12821));
#12821 = SURFACE_STYLE_USAGE(.BOTH.,#12822);
#12822 = SURFACE_SIDE_STYLE('',(#12823));
#12823 = SURFACE_STYLE_FILL_AREA(#12824);
#12824 = FILL_AREA_STYLE('',(#12825));
#12825 = FILL_AREA_STYLE_COLOUR('',#11157);
#12826 = OVER_RIDING_STYLED_ITEM('overriding color',(#12827),#7567,
  #12742);
#12827 = PRESENTATION_STYLE_ASSIGNMENT((#12828));
#12828 = SURFACE_STYLE_USAGE(.BOTH.,#12829);
#12829 = SURFACE_SIDE_STYLE('',(#12830));
#12830 = SURFACE_STYLE_FILL_AREA(#12831);
#12831 = FILL_AREA_STYLE('',(#12832));
#12832 = FILL_AREA_STYLE_COLOUR('',#11157);
#12833 = OVER_RIDING_STYLED_ITEM('overriding color',(#12834),#7603,
  #12742);
#12834 = PRESENTATION_STYLE_ASSIGNMENT((#12835));
#12835 = SURFACE_STYLE_USAGE(.BOTH.,#12836);
#12836 = SURFACE_SIDE_STYLE('',(#12837));
#12837 = SURFACE_STYLE_FILL_AREA(#12838);
#12838 = FILL_AREA_STYLE('',(#12839));
#12839 = FILL_AREA_STYLE_COLOUR('',#11157);
#12840 = OVER_RIDING_STYLED_ITEM('overriding color',(#12841),#7631,
  #12742);
#12841 = PRESENTATION_STYLE_ASSIGNMENT((#12842));
#12842 = SURFACE_STYLE_USAGE(.BOTH.,#12843);
#12843 = SURFACE_SIDE_STYLE('',(#12844));
#12844 = SURFACE_STYLE_FILL_AREA(#12845);
#12845 = FILL_AREA_STYLE('',(#12846));
#12846 = FILL_AREA_STYLE_COLOUR('',#11157);
#12847 = OVER_RIDING_STYLED_ITEM('overriding color',(#12848),#7667,
  #12742);
#12848 = PRESENTATION_STYLE_ASSIGNMENT((#12849));
#12849 = SURFACE_STYLE_USAGE(.BOTH.,#12850);
#12850 = SURFACE_SIDE_STYLE('',(#12851));
#12851 = SURFACE_STYLE_FILL_AREA(#12852);
#12852 = FILL_AREA_STYLE('',(#12853));
#12853 = FILL_AREA_STYLE_COLOUR('',#11157);
#12854 = OVER_RIDING_STYLED_ITEM('overriding color',(#12855),#7703,
  #12742);
#12855 = PRESENTATION_STYLE_ASSIGNMENT((#12856));
#12856 = SURFACE_STYLE_USAGE(.BOTH.,#12857);
#12857 = SURFACE_SIDE_STYLE('',(#12858));
#12858 = SURFACE_STYLE_FILL_AREA(#12859);
#12859 = FILL_AREA_STYLE('',(#12860));
#12860 = FILL_AREA_STYLE_COLOUR('',#11157);
#12861 = OVER_RIDING_STYLED_ITEM('overriding color',(#12862),#7739,
  #12742);
#12862 = PRESENTATION_STYLE_ASSIGNMENT((#12863));
#12863 = SURFACE_STYLE_USAGE(.BOTH.,#12864);
#12864 = SURFACE_SIDE_STYLE('',(#12865));
#12865 = SURFACE_STYLE_FILL_AREA(#12866);
#12866 = FILL_AREA_STYLE('',(#12867));
#12867 = FILL_AREA_STYLE_COLOUR('',#11157);
#12868 = OVER_RIDING_STYLED_ITEM('overriding color',(#12869),#7775,
  #12742);
#12869 = PRESENTATION_STYLE_ASSIGNMENT((#12870));
#12870 = SURFACE_STYLE_USAGE(.BOTH.,#12871);
#12871 = SURFACE_SIDE_STYLE('',(#12872));
#12872 = SURFACE_STYLE_FILL_AREA(#12873);
#12873 = FILL_AREA_STYLE('',(#12874));
#12874 = FILL_AREA_STYLE_COLOUR('',#11157);
#12875 = OVER_RIDING_STYLED_ITEM('overriding color',(#12876),#7811,
  #12742);
#12876 = PRESENTATION_STYLE_ASSIGNMENT((#12877));
#12877 = SURFACE_STYLE_USAGE(.BOTH.,#12878);
#12878 = SURFACE_SIDE_STYLE('',(#12879));
#12879 = SURFACE_STYLE_FILL_AREA(#12880);
#12880 = FILL_AREA_STYLE('',(#12881));
#12881 = FILL_AREA_STYLE_COLOUR('',#11157);
#12882 = OVER_RIDING_STYLED_ITEM('overriding color',(#12883),#7847,
  #12742);
#12883 = PRESENTATION_STYLE_ASSIGNMENT((#12884));
#12884 = SURFACE_STYLE_USAGE(.BOTH.,#12885);
#12885 = SURFACE_SIDE_STYLE('',(#12886));
#12886 = SURFACE_STYLE_FILL_AREA(#12887);
#12887 = FILL_AREA_STYLE('',(#12888));
#12888 = FILL_AREA_STYLE_COLOUR('',#11157);
#12889 = OVER_RIDING_STYLED_ITEM('overriding color',(#12890),#7883,
  #12742);
#12890 = PRESENTATION_STYLE_ASSIGNMENT((#12891));
#12891 = SURFACE_STYLE_USAGE(.BOTH.,#12892);
#12892 = SURFACE_SIDE_STYLE('',(#12893));
#12893 = SURFACE_STYLE_FILL_AREA(#12894);
#12894 = FILL_AREA_STYLE('',(#12895));
#12895 = FILL_AREA_STYLE_COLOUR('',#11157);
#12896 = OVER_RIDING_STYLED_ITEM('overriding color',(#12897),#7911,
  #12742);
#12897 = PRESENTATION_STYLE_ASSIGNMENT((#12898));
#12898 = SURFACE_STYLE_USAGE(.BOTH.,#12899);
#12899 = SURFACE_SIDE_STYLE('',(#12900));
#12900 = SURFACE_STYLE_FILL_AREA(#12901);
#12901 = FILL_AREA_STYLE('',(#12902));
#12902 = FILL_AREA_STYLE_COLOUR('',#11157);
#12903 = OVER_RIDING_STYLED_ITEM('overriding color',(#12904),#7940,
  #12742);
#12904 = PRESENTATION_STYLE_ASSIGNMENT((#12905));
#12905 = SURFACE_STYLE_USAGE(.BOTH.,#12906);
#12906 = SURFACE_SIDE_STYLE('',(#12907));
#12907 = SURFACE_STYLE_FILL_AREA(#12908);
#12908 = FILL_AREA_STYLE('',(#12909));
#12909 = FILL_AREA_STYLE_COLOUR('',#11157);
#12910 = STYLED_ITEM('color',(#12911),#7969);
#12911 = PRESENTATION_STYLE_ASSIGNMENT((#12912));
#12912 = SURFACE_STYLE_USAGE(.BOTH.,#12913);
#12913 = SURFACE_SIDE_STYLE('',(#12914));
#12914 = SURFACE_STYLE_FILL_AREA(#12915);
#12915 = FILL_AREA_STYLE('',(#12916));
#12916 = FILL_AREA_STYLE_COLOUR('',#11157);
#12917 = OVER_RIDING_STYLED_ITEM('overriding color',(#12918),#7971,
  #12910);
#12918 = PRESENTATION_STYLE_ASSIGNMENT((#12919));
#12919 = SURFACE_STYLE_USAGE(.BOTH.,#12920);
#12920 = SURFACE_SIDE_STYLE('',(#12921));
#12921 = SURFACE_STYLE_FILL_AREA(#12922);
#12922 = FILL_AREA_STYLE('',(#12923));
#12923 = FILL_AREA_STYLE_COLOUR('',#11157);
#12924 = OVER_RIDING_STYLED_ITEM('overriding color',(#12925),#8007,
  #12910);
#12925 = PRESENTATION_STYLE_ASSIGNMENT((#12926));
#12926 = SURFACE_STYLE_USAGE(.BOTH.,#12927);
#12927 = SURFACE_SIDE_STYLE('',(#12928));
#12928 = SURFACE_STYLE_FILL_AREA(#12929);
#12929 = FILL_AREA_STYLE('',(#12930));
#12930 = FILL_AREA_STYLE_COLOUR('',#11157);
#12931 = OVER_RIDING_STYLED_ITEM('overriding color',(#12932),#8035,
  #12910);
#12932 = PRESENTATION_STYLE_ASSIGNMENT((#12933));
#12933 = SURFACE_STYLE_USAGE(.BOTH.,#12934);
#12934 = SURFACE_SIDE_STYLE('',(#12935));
#12935 = SURFACE_STYLE_FILL_AREA(#12936);
#12936 = FILL_AREA_STYLE('',(#12937));
#12937 = FILL_AREA_STYLE_COLOUR('',#11157);
#12938 = OVER_RIDING_STYLED_ITEM('overriding color',(#12939),#8071,
  #12910);
#12939 = PRESENTATION_STYLE_ASSIGNMENT((#12940));
#12940 = SURFACE_STYLE_USAGE(.BOTH.,#12941);
#12941 = SURFACE_SIDE_STYLE('',(#12942));
#12942 = SURFACE_STYLE_FILL_AREA(#12943);
#12943 = FILL_AREA_STYLE('',(#12944));
#12944 = FILL_AREA_STYLE_COLOUR('',#11157);
#12945 = OVER_RIDING_STYLED_ITEM('overriding color',(#12946),#8099,
  #12910);
#12946 = PRESENTATION_STYLE_ASSIGNMENT((#12947));
#12947 = SURFACE_STYLE_USAGE(.BOTH.,#12948);
#12948 = SURFACE_SIDE_STYLE('',(#12949));
#12949 = SURFACE_STYLE_FILL_AREA(#12950);
#12950 = FILL_AREA_STYLE('',(#12951));
#12951 = FILL_AREA_STYLE_COLOUR('',#11157);
#12952 = OVER_RIDING_STYLED_ITEM('overriding color',(#12953),#8127,
  #12910);
#12953 = PRESENTATION_STYLE_ASSIGNMENT((#12954));
#12954 = SURFACE_STYLE_USAGE(.BOTH.,#12955);
#12955 = SURFACE_SIDE_STYLE('',(#12956));
#12956 = SURFACE_STYLE_FILL_AREA(#12957);
#12957 = FILL_AREA_STYLE('',(#12958));
#12958 = FILL_AREA_STYLE_COLOUR('',#11157);
#12959 = OVER_RIDING_STYLED_ITEM('overriding color',(#12960),#8155,
  #12910);
#12960 = PRESENTATION_STYLE_ASSIGNMENT((#12961));
#12961 = SURFACE_STYLE_USAGE(.BOTH.,#12962);
#12962 = SURFACE_SIDE_STYLE('',(#12963));
#12963 = SURFACE_STYLE_FILL_AREA(#12964);
#12964 = FILL_AREA_STYLE('',(#12965));
#12965 = FILL_AREA_STYLE_COLOUR('',#11157);
#12966 = OVER_RIDING_STYLED_ITEM('overriding color',(#12967),#8183,
  #12910);
#12967 = PRESENTATION_STYLE_ASSIGNMENT((#12968));
#12968 = SURFACE_STYLE_USAGE(.BOTH.,#12969);
#12969 = SURFACE_SIDE_STYLE('',(#12970));
#12970 = SURFACE_STYLE_FILL_AREA(#12971);
#12971 = FILL_AREA_STYLE('',(#12972));
#12972 = FILL_AREA_STYLE_COLOUR('',#11157);
#12973 = OVER_RIDING_STYLED_ITEM('overriding color',(#12974),#8211,
  #12910);
#12974 = PRESENTATION_STYLE_ASSIGNMENT((#12975));
#12975 = SURFACE_STYLE_USAGE(.BOTH.,#12976);
#12976 = SURFACE_SIDE_STYLE('',(#12977));
#12977 = SURFACE_STYLE_FILL_AREA(#12978);
#12978 = FILL_AREA_STYLE('',(#12979));
#12979 = FILL_AREA_STYLE_COLOUR('',#11157);
#12980 = OVER_RIDING_STYLED_ITEM('overriding color',(#12981),#8239,
  #12910);
#12981 = PRESENTATION_STYLE_ASSIGNMENT((#12982));
#12982 = SURFACE_STYLE_USAGE(.BOTH.,#12983);
#12983 = SURFACE_SIDE_STYLE('',(#12984));
#12984 = SURFACE_STYLE_FILL_AREA(#12985);
#12985 = FILL_AREA_STYLE('',(#12986));
#12986 = FILL_AREA_STYLE_COLOUR('',#11157);
#12987 = OVER_RIDING_STYLED_ITEM('overriding color',(#12988),#8275,
  #12910);
#12988 = PRESENTATION_STYLE_ASSIGNMENT((#12989));
#12989 = SURFACE_STYLE_USAGE(.BOTH.,#12990);
#12990 = SURFACE_SIDE_STYLE('',(#12991));
#12991 = SURFACE_STYLE_FILL_AREA(#12992);
#12992 = FILL_AREA_STYLE('',(#12993));
#12993 = FILL_AREA_STYLE_COLOUR('',#11157);
#12994 = OVER_RIDING_STYLED_ITEM('overriding color',(#12995),#8311,
  #12910);
#12995 = PRESENTATION_STYLE_ASSIGNMENT((#12996));
#12996 = SURFACE_STYLE_USAGE(.BOTH.,#12997);
#12997 = SURFACE_SIDE_STYLE('',(#12998));
#12998 = SURFACE_STYLE_FILL_AREA(#12999);
#12999 = FILL_AREA_STYLE('',(#13000));
#13000 = FILL_AREA_STYLE_COLOUR('',#11157);
#13001 = OVER_RIDING_STYLED_ITEM('overriding color',(#13002),#8339,
  #12910);
#13002 = PRESENTATION_STYLE_ASSIGNMENT((#13003));
#13003 = SURFACE_STYLE_USAGE(.BOTH.,#13004);
#13004 = SURFACE_SIDE_STYLE('',(#13005));
#13005 = SURFACE_STYLE_FILL_AREA(#13006);
#13006 = FILL_AREA_STYLE('',(#13007));
#13007 = FILL_AREA_STYLE_COLOUR('',#11157);
#13008 = OVER_RIDING_STYLED_ITEM('overriding color',(#13009),#8375,
  #12910);
#13009 = PRESENTATION_STYLE_ASSIGNMENT((#13010));
#13010 = SURFACE_STYLE_USAGE(.BOTH.,#13011);
#13011 = SURFACE_SIDE_STYLE('',(#13012));
#13012 = SURFACE_STYLE_FILL_AREA(#13013);
#13013 = FILL_AREA_STYLE('',(#13014));
#13014 = FILL_AREA_STYLE_COLOUR('',#11157);
#13015 = OVER_RIDING_STYLED_ITEM('overriding color',(#13016),#8411,
  #12910);
#13016 = PRESENTATION_STYLE_ASSIGNMENT((#13017));
#13017 = SURFACE_STYLE_USAGE(.BOTH.,#13018);
#13018 = SURFACE_SIDE_STYLE('',(#13019));
#13019 = SURFACE_STYLE_FILL_AREA(#13020);
#13020 = FILL_AREA_STYLE('',(#13021));
#13021 = FILL_AREA_STYLE_COLOUR('',#11157);
#13022 = OVER_RIDING_STYLED_ITEM('overriding color',(#13023),#8431,
  #12910);
#13023 = PRESENTATION_STYLE_ASSIGNMENT((#13024));
#13024 = SURFACE_STYLE_USAGE(.BOTH.,#13025);
#13025 = SURFACE_SIDE_STYLE('',(#13026));
#13026 = SURFACE_STYLE_FILL_AREA(#13027);
#13027 = FILL_AREA_STYLE('',(#13028));
#13028 = FILL_AREA_STYLE_COLOUR('',#11157);
#13029 = OVER_RIDING_STYLED_ITEM('overriding color',(#13030),#8454,
  #12910);
#13030 = PRESENTATION_STYLE_ASSIGNMENT((#13031));
#13031 = SURFACE_STYLE_USAGE(.BOTH.,#13032);
#13032 = SURFACE_SIDE_STYLE('',(#13033));
#13033 = SURFACE_STYLE_FILL_AREA(#13034);
#13034 = FILL_AREA_STYLE('',(#13035));
#13035 = FILL_AREA_STYLE_COLOUR('',#11157);
#13036 = STYLED_ITEM('color',(#13037),#8477);
#13037 = PRESENTATION_STYLE_ASSIGNMENT((#13038));
#13038 = SURFACE_STYLE_USAGE(.BOTH.,#13039);
#13039 = SURFACE_SIDE_STYLE('',(#13040));
#13040 = SURFACE_STYLE_FILL_AREA(#13041);
#13041 = FILL_AREA_STYLE('',(#13042));
#13042 = FILL_AREA_STYLE_COLOUR('',#11157);
#13043 = OVER_RIDING_STYLED_ITEM('overriding color',(#13044),#8479,
  #13036);
#13044 = PRESENTATION_STYLE_ASSIGNMENT((#13045));
#13045 = SURFACE_STYLE_USAGE(.BOTH.,#13046);
#13046 = SURFACE_SIDE_STYLE('',(#13047));
#13047 = SURFACE_STYLE_FILL_AREA(#13048);
#13048 = FILL_AREA_STYLE('',(#13049));
#13049 = FILL_AREA_STYLE_COLOUR('',#11157);
#13050 = OVER_RIDING_STYLED_ITEM('overriding color',(#13051),#8515,
  #13036);
#13051 = PRESENTATION_STYLE_ASSIGNMENT((#13052));
#13052 = SURFACE_STYLE_USAGE(.BOTH.,#13053);
#13053 = SURFACE_SIDE_STYLE('',(#13054));
#13054 = SURFACE_STYLE_FILL_AREA(#13055);
#13055 = FILL_AREA_STYLE('',(#13056));
#13056 = FILL_AREA_STYLE_COLOUR('',#11157);
#13057 = OVER_RIDING_STYLED_ITEM('overriding color',(#13058),#8543,
  #13036);
#13058 = PRESENTATION_STYLE_ASSIGNMENT((#13059));
#13059 = SURFACE_STYLE_USAGE(.BOTH.,#13060);
#13060 = SURFACE_SIDE_STYLE('',(#13061));
#13061 = SURFACE_STYLE_FILL_AREA(#13062);
#13062 = FILL_AREA_STYLE('',(#13063));
#13063 = FILL_AREA_STYLE_COLOUR('',#11157);
#13064 = OVER_RIDING_STYLED_ITEM('overriding color',(#13065),#8571,
  #13036);
#13065 = PRESENTATION_STYLE_ASSIGNMENT((#13066));
#13066 = SURFACE_STYLE_USAGE(.BOTH.,#13067);
#13067 = SURFACE_SIDE_STYLE('',(#13068));
#13068 = SURFACE_STYLE_FILL_AREA(#13069);
#13069 = FILL_AREA_STYLE('',(#13070));
#13070 = FILL_AREA_STYLE_COLOUR('',#11157);
#13071 = OVER_RIDING_STYLED_ITEM('overriding color',(#13072),#8599,
  #13036);
#13072 = PRESENTATION_STYLE_ASSIGNMENT((#13073));
#13073 = SURFACE_STYLE_USAGE(.BOTH.,#13074);
#13074 = SURFACE_SIDE_STYLE('',(#13075));
#13075 = SURFACE_STYLE_FILL_AREA(#13076);
#13076 = FILL_AREA_STYLE('',(#13077));
#13077 = FILL_AREA_STYLE_COLOUR('',#11157);
#13078 = OVER_RIDING_STYLED_ITEM('overriding color',(#13079),#8627,
  #13036);
#13079 = PRESENTATION_STYLE_ASSIGNMENT((#13080));
#13080 = SURFACE_STYLE_USAGE(.BOTH.,#13081);
#13081 = SURFACE_SIDE_STYLE('',(#13082));
#13082 = SURFACE_STYLE_FILL_AREA(#13083);
#13083 = FILL_AREA_STYLE('',(#13084));
#13084 = FILL_AREA_STYLE_COLOUR('',#11157);
#13085 = OVER_RIDING_STYLED_ITEM('overriding color',(#13086),#8655,
  #13036);
#13086 = PRESENTATION_STYLE_ASSIGNMENT((#13087));
#13087 = SURFACE_STYLE_USAGE(.BOTH.,#13088);
#13088 = SURFACE_SIDE_STYLE('',(#13089));
#13089 = SURFACE_STYLE_FILL_AREA(#13090);
#13090 = FILL_AREA_STYLE('',(#13091));
#13091 = FILL_AREA_STYLE_COLOUR('',#11157);
#13092 = OVER_RIDING_STYLED_ITEM('overriding color',(#13093),#8683,
  #13036);
#13093 = PRESENTATION_STYLE_ASSIGNMENT((#13094));
#13094 = SURFACE_STYLE_USAGE(.BOTH.,#13095);
#13095 = SURFACE_SIDE_STYLE('',(#13096));
#13096 = SURFACE_STYLE_FILL_AREA(#13097);
#13097 = FILL_AREA_STYLE('',(#13098));
#13098 = FILL_AREA_STYLE_COLOUR('',#11157);
#13099 = OVER_RIDING_STYLED_ITEM('overriding color',(#13100),#8711,
  #13036);
#13100 = PRESENTATION_STYLE_ASSIGNMENT((#13101));
#13101 = SURFACE_STYLE_USAGE(.BOTH.,#13102);
#13102 = SURFACE_SIDE_STYLE('',(#13103));
#13103 = SURFACE_STYLE_FILL_AREA(#13104);
#13104 = FILL_AREA_STYLE('',(#13105));
#13105 = FILL_AREA_STYLE_COLOUR('',#11157);
#13106 = OVER_RIDING_STYLED_ITEM('overriding color',(#13107),#8739,
  #13036);
#13107 = PRESENTATION_STYLE_ASSIGNMENT((#13108));
#13108 = SURFACE_STYLE_USAGE(.BOTH.,#13109);
#13109 = SURFACE_SIDE_STYLE('',(#13110));
#13110 = SURFACE_STYLE_FILL_AREA(#13111);
#13111 = FILL_AREA_STYLE('',(#13112));
#13112 = FILL_AREA_STYLE_COLOUR('',#11157);
#13113 = OVER_RIDING_STYLED_ITEM('overriding color',(#13114),#8767,
  #13036);
#13114 = PRESENTATION_STYLE_ASSIGNMENT((#13115));
#13115 = SURFACE_STYLE_USAGE(.BOTH.,#13116);
#13116 = SURFACE_SIDE_STYLE('',(#13117));
#13117 = SURFACE_STYLE_FILL_AREA(#13118);
#13118 = FILL_AREA_STYLE('',(#13119));
#13119 = FILL_AREA_STYLE_COLOUR('',#11157);
#13120 = OVER_RIDING_STYLED_ITEM('overriding color',(#13121),#8795,
  #13036);
#13121 = PRESENTATION_STYLE_ASSIGNMENT((#13122));
#13122 = SURFACE_STYLE_USAGE(.BOTH.,#13123);
#13123 = SURFACE_SIDE_STYLE('',(#13124));
#13124 = SURFACE_STYLE_FILL_AREA(#13125);
#13125 = FILL_AREA_STYLE('',(#13126));
#13126 = FILL_AREA_STYLE_COLOUR('',#11157);
#13127 = OVER_RIDING_STYLED_ITEM('overriding color',(#13128),#8815,
  #13036);
#13128 = PRESENTATION_STYLE_ASSIGNMENT((#13129));
#13129 = SURFACE_STYLE_USAGE(.BOTH.,#13130);
#13130 = SURFACE_SIDE_STYLE('',(#13131));
#13131 = SURFACE_STYLE_FILL_AREA(#13132);
#13132 = FILL_AREA_STYLE('',(#13133));
#13133 = FILL_AREA_STYLE_COLOUR('',#11157);
#13134 = OVER_RIDING_STYLED_ITEM('overriding color',(#13135),#8835,
  #13036);
#13135 = PRESENTATION_STYLE_ASSIGNMENT((#13136));
#13136 = SURFACE_STYLE_USAGE(.BOTH.,#13137);
#13137 = SURFACE_SIDE_STYLE('',(#13138));
#13138 = SURFACE_STYLE_FILL_AREA(#13139);
#13139 = FILL_AREA_STYLE('',(#13140));
#13140 = FILL_AREA_STYLE_COLOUR('',#11157);
#13141 = STYLED_ITEM('color',(#13142),#8855);
#13142 = PRESENTATION_STYLE_ASSIGNMENT((#13143));
#13143 = SURFACE_STYLE_USAGE(.BOTH.,#13144);
#13144 = SURFACE_SIDE_STYLE('',(#13145));
#13145 = SURFACE_STYLE_FILL_AREA(#13146);
#13146 = FILL_AREA_STYLE('',(#13147));
#13147 = FILL_AREA_STYLE_COLOUR('',#11157);
#13148 = OVER_RIDING_STYLED_ITEM('overriding color',(#13149),#8857,
  #13141);
#13149 = PRESENTATION_STYLE_ASSIGNMENT((#13150));
#13150 = SURFACE_STYLE_USAGE(.BOTH.,#13151);
#13151 = SURFACE_SIDE_STYLE('',(#13152));
#13152 = SURFACE_STYLE_FILL_AREA(#13153);
#13153 = FILL_AREA_STYLE('',(#13154));
#13154 = FILL_AREA_STYLE_COLOUR('',#11157);
#13155 = OVER_RIDING_STYLED_ITEM('overriding color',(#13156),#8981,
  #13141);
#13156 = PRESENTATION_STYLE_ASSIGNMENT((#13157));
#13157 = SURFACE_STYLE_USAGE(.BOTH.,#13158);
#13158 = SURFACE_SIDE_STYLE('',(#13159));
#13159 = SURFACE_STYLE_FILL_AREA(#13160);
#13160 = FILL_AREA_STYLE('',(#13161));
#13161 = FILL_AREA_STYLE_COLOUR('',#11157);
#13162 = OVER_RIDING_STYLED_ITEM('overriding color',(#13163),#9105,
  #13141);
#13163 = PRESENTATION_STYLE_ASSIGNMENT((#13164));
#13164 = SURFACE_STYLE_USAGE(.BOTH.,#13165);
#13165 = SURFACE_SIDE_STYLE('',(#13166));
#13166 = SURFACE_STYLE_FILL_AREA(#13167);
#13167 = FILL_AREA_STYLE('',(#13168));
#13168 = FILL_AREA_STYLE_COLOUR('',#11157);
#13169 = OVER_RIDING_STYLED_ITEM('overriding color',(#13170),#9125,
  #13141);
#13170 = PRESENTATION_STYLE_ASSIGNMENT((#13171));
#13171 = SURFACE_STYLE_USAGE(.BOTH.,#13172);
#13172 = SURFACE_SIDE_STYLE('',(#13173));
#13173 = SURFACE_STYLE_FILL_AREA(#13174);
#13174 = FILL_AREA_STYLE('',(#13175));
#13175 = FILL_AREA_STYLE_COLOUR('',#11157);
#13176 = OVER_RIDING_STYLED_ITEM('overriding color',(#13177),#9145,
  #13141);
#13177 = PRESENTATION_STYLE_ASSIGNMENT((#13178));
#13178 = SURFACE_STYLE_USAGE(.BOTH.,#13179);
#13179 = SURFACE_SIDE_STYLE('',(#13180));
#13180 = SURFACE_STYLE_FILL_AREA(#13181);
#13181 = FILL_AREA_STYLE('',(#13182));
#13182 = FILL_AREA_STYLE_COLOUR('',#11157);
#13183 = OVER_RIDING_STYLED_ITEM('overriding color',(#13184),#9165,
  #13141);
#13184 = PRESENTATION_STYLE_ASSIGNMENT((#13185));
#13185 = SURFACE_STYLE_USAGE(.BOTH.,#13186);
#13186 = SURFACE_SIDE_STYLE('',(#13187));
#13187 = SURFACE_STYLE_FILL_AREA(#13188);
#13188 = FILL_AREA_STYLE('',(#13189));
#13189 = FILL_AREA_STYLE_COLOUR('',#11157);
#13190 = OVER_RIDING_STYLED_ITEM('overriding color',(#13191),#9185,
  #13141);
#13191 = PRESENTATION_STYLE_ASSIGNMENT((#13192));
#13192 = SURFACE_STYLE_USAGE(.BOTH.,#13193);
#13193 = SURFACE_SIDE_STYLE('',(#13194));
#13194 = SURFACE_STYLE_FILL_AREA(#13195);
#13195 = FILL_AREA_STYLE('',(#13196));
#13196 = FILL_AREA_STYLE_COLOUR('',#11157);
#13197 = OVER_RIDING_STYLED_ITEM('overriding color',(#13198),#9205,
  #13141);
#13198 = PRESENTATION_STYLE_ASSIGNMENT((#13199));
#13199 = SURFACE_STYLE_USAGE(.BOTH.,#13200);
#13200 = SURFACE_SIDE_STYLE('',(#13201));
#13201 = SURFACE_STYLE_FILL_AREA(#13202);
#13202 = FILL_AREA_STYLE('',(#13203));
#13203 = FILL_AREA_STYLE_COLOUR('',#11157);
#13204 = OVER_RIDING_STYLED_ITEM('overriding color',(#13205),#9221,
  #13141);
#13205 = PRESENTATION_STYLE_ASSIGNMENT((#13206));
#13206 = SURFACE_STYLE_USAGE(.BOTH.,#13207);
#13207 = SURFACE_SIDE_STYLE('',(#13208));
#13208 = SURFACE_STYLE_FILL_AREA(#13209);
#13209 = FILL_AREA_STYLE('',(#13210));
#13210 = FILL_AREA_STYLE_COLOUR('',#11157);
#13211 = OVER_RIDING_STYLED_ITEM('overriding color',(#13212),#9233,
  #13141);
#13212 = PRESENTATION_STYLE_ASSIGNMENT((#13213));
#13213 = SURFACE_STYLE_USAGE(.BOTH.,#13214);
#13214 = SURFACE_SIDE_STYLE('',(#13215));
#13215 = SURFACE_STYLE_FILL_AREA(#13216);
#13216 = FILL_AREA_STYLE('',(#13217));
#13217 = FILL_AREA_STYLE_COLOUR('',#11157);
#13218 = OVER_RIDING_STYLED_ITEM('overriding color',(#13219),#9253,
  #13141);
#13219 = PRESENTATION_STYLE_ASSIGNMENT((#13220));
#13220 = SURFACE_STYLE_USAGE(.BOTH.,#13221);
#13221 = SURFACE_SIDE_STYLE('',(#13222));
#13222 = SURFACE_STYLE_FILL_AREA(#13223);
#13223 = FILL_AREA_STYLE('',(#13224));
#13224 = FILL_AREA_STYLE_COLOUR('',#11157);
#13225 = OVER_RIDING_STYLED_ITEM('overriding color',(#13226),#9269,
  #13141);
#13226 = PRESENTATION_STYLE_ASSIGNMENT((#13227));
#13227 = SURFACE_STYLE_USAGE(.BOTH.,#13228);
#13228 = SURFACE_SIDE_STYLE('',(#13229));
#13229 = SURFACE_STYLE_FILL_AREA(#13230);
#13230 = FILL_AREA_STYLE('',(#13231));
#13231 = FILL_AREA_STYLE_COLOUR('',#11157);
#13232 = OVER_RIDING_STYLED_ITEM('overriding color',(#13233),#9285,
  #13141);
#13233 = PRESENTATION_STYLE_ASSIGNMENT((#13234));
#13234 = SURFACE_STYLE_USAGE(.BOTH.,#13235);
#13235 = SURFACE_SIDE_STYLE('',(#13236));
#13236 = SURFACE_STYLE_FILL_AREA(#13237);
#13237 = FILL_AREA_STYLE('',(#13238));
#13238 = FILL_AREA_STYLE_COLOUR('',#11157);
#13239 = OVER_RIDING_STYLED_ITEM('overriding color',(#13240),#9305,
  #13141);
#13240 = PRESENTATION_STYLE_ASSIGNMENT((#13241));
#13241 = SURFACE_STYLE_USAGE(.BOTH.,#13242);
#13242 = SURFACE_SIDE_STYLE('',(#13243));
#13243 = SURFACE_STYLE_FILL_AREA(#13244);
#13244 = FILL_AREA_STYLE('',(#13245));
#13245 = FILL_AREA_STYLE_COLOUR('',#11157);
#13246 = OVER_RIDING_STYLED_ITEM('overriding color',(#13247),#9325,
  #13141);
#13247 = PRESENTATION_STYLE_ASSIGNMENT((#13248));
#13248 = SURFACE_STYLE_USAGE(.BOTH.,#13249);
#13249 = SURFACE_SIDE_STYLE('',(#13250));
#13250 = SURFACE_STYLE_FILL_AREA(#13251);
#13251 = FILL_AREA_STYLE('',(#13252));
#13252 = FILL_AREA_STYLE_COLOUR('',#11157);
#13253 = OVER_RIDING_STYLED_ITEM('overriding color',(#13254),#9345,
  #13141);
#13254 = PRESENTATION_STYLE_ASSIGNMENT((#13255));
#13255 = SURFACE_STYLE_USAGE(.BOTH.,#13256);
#13256 = SURFACE_SIDE_STYLE('',(#13257));
#13257 = SURFACE_STYLE_FILL_AREA(#13258);
#13258 = FILL_AREA_STYLE('',(#13259));
#13259 = FILL_AREA_STYLE_COLOUR('',#11157);
#13260 = STYLED_ITEM('color',(#13261),#9361);
#13261 = PRESENTATION_STYLE_ASSIGNMENT((#13262));
#13262 = SURFACE_STYLE_USAGE(.BOTH.,#13263);
#13263 = SURFACE_SIDE_STYLE('',(#13264));
#13264 = SURFACE_STYLE_FILL_AREA(#13265);
#13265 = FILL_AREA_STYLE('',(#13266));
#13266 = FILL_AREA_STYLE_COLOUR('',#11157);
#13267 = OVER_RIDING_STYLED_ITEM('overriding color',(#13268),#9363,
  #13260);
#13268 = PRESENTATION_STYLE_ASSIGNMENT((#13269));
#13269 = SURFACE_STYLE_USAGE(.BOTH.,#13270);
#13270 = SURFACE_SIDE_STYLE('',(#13271));
#13271 = SURFACE_STYLE_FILL_AREA(#13272);
#13272 = FILL_AREA_STYLE('',(#13273));
#13273 = FILL_AREA_STYLE_COLOUR('',#11157);
#13274 = OVER_RIDING_STYLED_ITEM('overriding color',(#13275),#9475,
  #13260);
#13275 = PRESENTATION_STYLE_ASSIGNMENT((#13276));
#13276 = SURFACE_STYLE_USAGE(.BOTH.,#13277);
#13277 = SURFACE_SIDE_STYLE('',(#13278));
#13278 = SURFACE_STYLE_FILL_AREA(#13279);
#13279 = FILL_AREA_STYLE('',(#13280));
#13280 = FILL_AREA_STYLE_COLOUR('',#11157);
#13281 = OVER_RIDING_STYLED_ITEM('overriding color',(#13282),#9587,
  #13260);
#13282 = PRESENTATION_STYLE_ASSIGNMENT((#13283));
#13283 = SURFACE_STYLE_USAGE(.BOTH.,#13284);
#13284 = SURFACE_SIDE_STYLE('',(#13285));
#13285 = SURFACE_STYLE_FILL_AREA(#13286);
#13286 = FILL_AREA_STYLE('',(#13287));
#13287 = FILL_AREA_STYLE_COLOUR('',#11157);
#13288 = OVER_RIDING_STYLED_ITEM('overriding color',(#13289),#9607,
  #13260);
#13289 = PRESENTATION_STYLE_ASSIGNMENT((#13290));
#13290 = SURFACE_STYLE_USAGE(.BOTH.,#13291);
#13291 = SURFACE_SIDE_STYLE('',(#13292));
#13292 = SURFACE_STYLE_FILL_AREA(#13293);
#13293 = FILL_AREA_STYLE('',(#13294));
#13294 = FILL_AREA_STYLE_COLOUR('',#11157);
#13295 = OVER_RIDING_STYLED_ITEM('overriding color',(#13296),#9623,
  #13260);
#13296 = PRESENTATION_STYLE_ASSIGNMENT((#13297));
#13297 = SURFACE_STYLE_USAGE(.BOTH.,#13298);
#13298 = SURFACE_SIDE_STYLE('',(#13299));
#13299 = SURFACE_STYLE_FILL_AREA(#13300);
#13300 = FILL_AREA_STYLE('',(#13301));
#13301 = FILL_AREA_STYLE_COLOUR('',#11157);
#13302 = OVER_RIDING_STYLED_ITEM('overriding color',(#13303),#9639,
  #13260);
#13303 = PRESENTATION_STYLE_ASSIGNMENT((#13304));
#13304 = SURFACE_STYLE_USAGE(.BOTH.,#13305);
#13305 = SURFACE_SIDE_STYLE('',(#13306));
#13306 = SURFACE_STYLE_FILL_AREA(#13307);
#13307 = FILL_AREA_STYLE('',(#13308));
#13308 = FILL_AREA_STYLE_COLOUR('',#11157);
#13309 = OVER_RIDING_STYLED_ITEM('overriding color',(#13310),#9655,
  #13260);
#13310 = PRESENTATION_STYLE_ASSIGNMENT((#13311));
#13311 = SURFACE_STYLE_USAGE(.BOTH.,#13312);
#13312 = SURFACE_SIDE_STYLE('',(#13313));
#13313 = SURFACE_STYLE_FILL_AREA(#13314);
#13314 = FILL_AREA_STYLE('',(#13315));
#13315 = FILL_AREA_STYLE_COLOUR('',#11157);
#13316 = OVER_RIDING_STYLED_ITEM('overriding color',(#13317),#9671,
  #13260);
#13317 = PRESENTATION_STYLE_ASSIGNMENT((#13318));
#13318 = SURFACE_STYLE_USAGE(.BOTH.,#13319);
#13319 = SURFACE_SIDE_STYLE('',(#13320));
#13320 = SURFACE_STYLE_FILL_AREA(#13321);
#13321 = FILL_AREA_STYLE('',(#13322));
#13322 = FILL_AREA_STYLE_COLOUR('',#11157);
#13323 = OVER_RIDING_STYLED_ITEM('overriding color',(#13324),#9687,
  #13260);
#13324 = PRESENTATION_STYLE_ASSIGNMENT((#13325));
#13325 = SURFACE_STYLE_USAGE(.BOTH.,#13326);
#13326 = SURFACE_SIDE_STYLE('',(#13327));
#13327 = SURFACE_STYLE_FILL_AREA(#13328);
#13328 = FILL_AREA_STYLE('',(#13329));
#13329 = FILL_AREA_STYLE_COLOUR('',#11157);
#13330 = OVER_RIDING_STYLED_ITEM('overriding color',(#13331),#9703,
  #13260);
#13331 = PRESENTATION_STYLE_ASSIGNMENT((#13332));
#13332 = SURFACE_STYLE_USAGE(.BOTH.,#13333);
#13333 = SURFACE_SIDE_STYLE('',(#13334));
#13334 = SURFACE_STYLE_FILL_AREA(#13335);
#13335 = FILL_AREA_STYLE('',(#13336));
#13336 = FILL_AREA_STYLE_COLOUR('',#11157);
#13337 = OVER_RIDING_STYLED_ITEM('overriding color',(#13338),#9715,
  #13260);
#13338 = PRESENTATION_STYLE_ASSIGNMENT((#13339));
#13339 = SURFACE_STYLE_USAGE(.BOTH.,#13340);
#13340 = SURFACE_SIDE_STYLE('',(#13341));
#13341 = SURFACE_STYLE_FILL_AREA(#13342);
#13342 = FILL_AREA_STYLE('',(#13343));
#13343 = FILL_AREA_STYLE_COLOUR('',#11157);
#13344 = OVER_RIDING_STYLED_ITEM('overriding color',(#13345),#9735,
  #13260);
#13345 = PRESENTATION_STYLE_ASSIGNMENT((#13346));
#13346 = SURFACE_STYLE_USAGE(.BOTH.,#13347);
#13347 = SURFACE_SIDE_STYLE('',(#13348));
#13348 = SURFACE_STYLE_FILL_AREA(#13349);
#13349 = FILL_AREA_STYLE('',(#13350));
#13350 = FILL_AREA_STYLE_COLOUR('',#11157);
#13351 = OVER_RIDING_STYLED_ITEM('overriding color',(#13352),#9751,
  #13260);
#13352 = PRESENTATION_STYLE_ASSIGNMENT((#13353));
#13353 = SURFACE_STYLE_USAGE(.BOTH.,#13354);
#13354 = SURFACE_SIDE_STYLE('',(#13355));
#13355 = SURFACE_STYLE_FILL_AREA(#13356);
#13356 = FILL_AREA_STYLE('',(#13357));
#13357 = FILL_AREA_STYLE_COLOUR('',#11157);
#13358 = OVER_RIDING_STYLED_ITEM('overriding color',(#13359),#9771,
  #13260);
#13359 = PRESENTATION_STYLE_ASSIGNMENT((#13360));
#13360 = SURFACE_STYLE_USAGE(.BOTH.,#13361);
#13361 = SURFACE_SIDE_STYLE('',(#13362));
#13362 = SURFACE_STYLE_FILL_AREA(#13363);
#13363 = FILL_AREA_STYLE('',(#13364));
#13364 = FILL_AREA_STYLE_COLOUR('',#11157);
#13365 = OVER_RIDING_STYLED_ITEM('overriding color',(#13366),#9787,
  #13260);
#13366 = PRESENTATION_STYLE_ASSIGNMENT((#13367));
#13367 = SURFACE_STYLE_USAGE(.BOTH.,#13368);
#13368 = SURFACE_SIDE_STYLE('',(#13369));
#13369 = SURFACE_STYLE_FILL_AREA(#13370);
#13370 = FILL_AREA_STYLE('',(#13371));
#13371 = FILL_AREA_STYLE_COLOUR('',#11157);
#13372 = OVER_RIDING_STYLED_ITEM('overriding color',(#13373),#9807,
  #13260);
#13373 = PRESENTATION_STYLE_ASSIGNMENT((#13374));
#13374 = SURFACE_STYLE_USAGE(.BOTH.,#13375);
#13375 = SURFACE_SIDE_STYLE('',(#13376));
#13376 = SURFACE_STYLE_FILL_AREA(#13377);
#13377 = FILL_AREA_STYLE('',(#13378));
#13378 = FILL_AREA_STYLE_COLOUR('',#11157);
#13379 = STYLED_ITEM('color',(#13380),#9819);
#13380 = PRESENTATION_STYLE_ASSIGNMENT((#13381));
#13381 = SURFACE_STYLE_USAGE(.BOTH.,#13382);
#13382 = SURFACE_SIDE_STYLE('',(#13383));
#13383 = SURFACE_STYLE_FILL_AREA(#13384);
#13384 = FILL_AREA_STYLE('',(#13385));
#13385 = FILL_AREA_STYLE_COLOUR('',#11157);
#13386 = OVER_RIDING_STYLED_ITEM('overriding color',(#13387),#9821,
  #13379);
#13387 = PRESENTATION_STYLE_ASSIGNMENT((#13388));
#13388 = SURFACE_STYLE_USAGE(.BOTH.,#13389);
#13389 = SURFACE_SIDE_STYLE('',(#13390));
#13390 = SURFACE_STYLE_FILL_AREA(#13391);
#13391 = FILL_AREA_STYLE('',(#13392));
#13392 = FILL_AREA_STYLE_COLOUR('',#11157);
#13393 = OVER_RIDING_STYLED_ITEM('overriding color',(#13394),#10141,
  #13379);
#13394 = PRESENTATION_STYLE_ASSIGNMENT((#13395));
#13395 = SURFACE_STYLE_USAGE(.BOTH.,#13396);
#13396 = SURFACE_SIDE_STYLE('',(#13397));
#13397 = SURFACE_STYLE_FILL_AREA(#13398);
#13398 = FILL_AREA_STYLE('',(#13399));
#13399 = FILL_AREA_STYLE_COLOUR('',#11157);
#13400 = OVER_RIDING_STYLED_ITEM('overriding color',(#13401),#10461,
  #13379);
#13401 = PRESENTATION_STYLE_ASSIGNMENT((#13402));
#13402 = SURFACE_STYLE_USAGE(.BOTH.,#13403);
#13403 = SURFACE_SIDE_STYLE('',(#13404));
#13404 = SURFACE_STYLE_FILL_AREA(#13405);
#13405 = FILL_AREA_STYLE('',(#13406));
#13406 = FILL_AREA_STYLE_COLOUR('',#11157);
#13407 = OVER_RIDING_STYLED_ITEM('overriding color',(#13408),#10485,
  #13379);
#13408 = PRESENTATION_STYLE_ASSIGNMENT((#13409));
#13409 = SURFACE_STYLE_USAGE(.BOTH.,#13410);
#13410 = SURFACE_SIDE_STYLE('',(#13411));
#13411 = SURFACE_STYLE_FILL_AREA(#13412);
#13412 = FILL_AREA_STYLE('',(#13413));
#13413 = FILL_AREA_STYLE_COLOUR('',#11157);
#13414 = OVER_RIDING_STYLED_ITEM('overriding color',(#13415),#10505,
  #13379);
#13415 = PRESENTATION_STYLE_ASSIGNMENT((#13416));
#13416 = SURFACE_STYLE_USAGE(.BOTH.,#13417);
#13417 = SURFACE_SIDE_STYLE('',(#13418));
#13418 = SURFACE_STYLE_FILL_AREA(#13419);
#13419 = FILL_AREA_STYLE('',(#13420));
#13420 = FILL_AREA_STYLE_COLOUR('',#11157);
#13421 = OVER_RIDING_STYLED_ITEM('overriding color',(#13422),#10525,
  #13379);
#13422 = PRESENTATION_STYLE_ASSIGNMENT((#13423));
#13423 = SURFACE_STYLE_USAGE(.BOTH.,#13424);
#13424 = SURFACE_SIDE_STYLE('',(#13425));
#13425 = SURFACE_STYLE_FILL_AREA(#13426);
#13426 = FILL_AREA_STYLE('',(#13427));
#13427 = FILL_AREA_STYLE_COLOUR('',#11157);
#13428 = OVER_RIDING_STYLED_ITEM('overriding color',(#13429),#10545,
  #13379);
#13429 = PRESENTATION_STYLE_ASSIGNMENT((#13430));
#13430 = SURFACE_STYLE_USAGE(.BOTH.,#13431);
#13431 = SURFACE_SIDE_STYLE('',(#13432));
#13432 = SURFACE_STYLE_FILL_AREA(#13433);
#13433 = FILL_AREA_STYLE('',(#13434));
#13434 = FILL_AREA_STYLE_COLOUR('',#11157);
#13435 = OVER_RIDING_STYLED_ITEM('overriding color',(#13436),#10565,
  #13379);
#13436 = PRESENTATION_STYLE_ASSIGNMENT((#13437));
#13437 = SURFACE_STYLE_USAGE(.BOTH.,#13438);
#13438 = SURFACE_SIDE_STYLE('',(#13439));
#13439 = SURFACE_STYLE_FILL_AREA(#13440);
#13440 = FILL_AREA_STYLE('',(#13441));
#13441 = FILL_AREA_STYLE_COLOUR('',#11157);
#13442 = OVER_RIDING_STYLED_ITEM('overriding color',(#13443),#10585,
  #13379);
#13443 = PRESENTATION_STYLE_ASSIGNMENT((#13444));
#13444 = SURFACE_STYLE_USAGE(.BOTH.,#13445);
#13445 = SURFACE_SIDE_STYLE('',(#13446));
#13446 = SURFACE_STYLE_FILL_AREA(#13447);
#13447 = FILL_AREA_STYLE('',(#13448));
#13448 = FILL_AREA_STYLE_COLOUR('',#11157);
#13449 = OVER_RIDING_STYLED_ITEM('overriding color',(#13450),#10605,
  #13379);
#13450 = PRESENTATION_STYLE_ASSIGNMENT((#13451));
#13451 = SURFACE_STYLE_USAGE(.BOTH.,#13452);
#13452 = SURFACE_SIDE_STYLE('',(#13453));
#13453 = SURFACE_STYLE_FILL_AREA(#13454);
#13454 = FILL_AREA_STYLE('',(#13455));
#13455 = FILL_AREA_STYLE_COLOUR('',#11157);
#13456 = OVER_RIDING_STYLED_ITEM('overriding color',(#13457),#10625,
  #13379);
#13457 = PRESENTATION_STYLE_ASSIGNMENT((#13458));
#13458 = SURFACE_STYLE_USAGE(.BOTH.,#13459);
#13459 = SURFACE_SIDE_STYLE('',(#13460));
#13460 = SURFACE_STYLE_FILL_AREA(#13461);
#13461 = FILL_AREA_STYLE('',(#13462));
#13462 = FILL_AREA_STYLE_COLOUR('',#11157);
#13463 = OVER_RIDING_STYLED_ITEM('overriding color',(#13464),#10645,
  #13379);
#13464 = PRESENTATION_STYLE_ASSIGNMENT((#13465));
#13465 = SURFACE_STYLE_USAGE(.BOTH.,#13466);
#13466 = SURFACE_SIDE_STYLE('',(#13467));
#13467 = SURFACE_STYLE_FILL_AREA(#13468);
#13468 = FILL_AREA_STYLE('',(#13469));
#13469 = FILL_AREA_STYLE_COLOUR('',#11157);
#13470 = OVER_RIDING_STYLED_ITEM('overriding color',(#13471),#10665,
  #13379);
#13471 = PRESENTATION_STYLE_ASSIGNMENT((#13472));
#13472 = SURFACE_STYLE_USAGE(.BOTH.,#13473);
#13473 = SURFACE_SIDE_STYLE('',(#13474));
#13474 = SURFACE_STYLE_FILL_AREA(#13475);
#13475 = FILL_AREA_STYLE('',(#13476));
#13476 = FILL_AREA_STYLE_COLOUR('',#11157);
#13477 = OVER_RIDING_STYLED_ITEM('overriding color',(#13478),#10685,
  #13379);
#13478 = PRESENTATION_STYLE_ASSIGNMENT((#13479));
#13479 = SURFACE_STYLE_USAGE(.BOTH.,#13480);
#13480 = SURFACE_SIDE_STYLE('',(#13481));
#13481 = SURFACE_STYLE_FILL_AREA(#13482);
#13482 = FILL_AREA_STYLE('',(#13483));
#13483 = FILL_AREA_STYLE_COLOUR('',#11157);
#13484 = OVER_RIDING_STYLED_ITEM('overriding color',(#13485),#10705,
  #13379);
#13485 = PRESENTATION_STYLE_ASSIGNMENT((#13486));
#13486 = SURFACE_STYLE_USAGE(.BOTH.,#13487);
#13487 = SURFACE_SIDE_STYLE('',(#13488));
#13488 = SURFACE_STYLE_FILL_AREA(#13489);
#13489 = FILL_AREA_STYLE('',(#13490));
#13490 = FILL_AREA_STYLE_COLOUR('',#11157);
#13491 = OVER_RIDING_STYLED_ITEM('overriding color',(#13492),#10721,
  #13379);
#13492 = PRESENTATION_STYLE_ASSIGNMENT((#13493));
#13493 = SURFACE_STYLE_USAGE(.BOTH.,#13494);
#13494 = SURFACE_SIDE_STYLE('',(#13495));
#13495 = SURFACE_STYLE_FILL_AREA(#13496);
#13496 = FILL_AREA_STYLE('',(#13497));
#13497 = FILL_AREA_STYLE_COLOUR('',#11157);
#13498 = OVER_RIDING_STYLED_ITEM('overriding color',(#13499),#10737,
  #13379);
#13499 = PRESENTATION_STYLE_ASSIGNMENT((#13500));
#13500 = SURFACE_STYLE_USAGE(.BOTH.,#13501);
#13501 = SURFACE_SIDE_STYLE('',(#13502));
#13502 = SURFACE_STYLE_FILL_AREA(#13503);
#13503 = FILL_AREA_STYLE('',(#13504));
#13504 = FILL_AREA_STYLE_COLOUR('',#11157);
#13505 = OVER_RIDING_STYLED_ITEM('overriding color',(#13506),#10753,
  #13379);
#13506 = PRESENTATION_STYLE_ASSIGNMENT((#13507));
#13507 = SURFACE_STYLE_USAGE(.BOTH.,#13508);
#13508 = SURFACE_SIDE_STYLE('',(#13509));
#13509 = SURFACE_STYLE_FILL_AREA(#13510);
#13510 = FILL_AREA_STYLE('',(#13511));
#13511 = FILL_AREA_STYLE_COLOUR('',#11157);
#13512 = OVER_RIDING_STYLED_ITEM('overriding color',(#13513),#10769,
  #13379);
#13513 = PRESENTATION_STYLE_ASSIGNMENT((#13514));
#13514 = SURFACE_STYLE_USAGE(.BOTH.,#13515);
#13515 = SURFACE_SIDE_STYLE('',(#13516));
#13516 = SURFACE_STYLE_FILL_AREA(#13517);
#13517 = FILL_AREA_STYLE('',(#13518));
#13518 = FILL_AREA_STYLE_COLOUR('',#11157);
#13519 = OVER_RIDING_STYLED_ITEM('overriding color',(#13520),#10789,
  #13379);
#13520 = PRESENTATION_STYLE_ASSIGNMENT((#13521));
#13521 = SURFACE_STYLE_USAGE(.BOTH.,#13522);
#13522 = SURFACE_SIDE_STYLE('',(#13523));
#13523 = SURFACE_STYLE_FILL_AREA(#13524);
#13524 = FILL_AREA_STYLE('',(#13525));
#13525 = FILL_AREA_STYLE_COLOUR('',#11157);
#13526 = OVER_RIDING_STYLED_ITEM('overriding color',(#13527),#10809,
  #13379);
#13527 = PRESENTATION_STYLE_ASSIGNMENT((#13528));
#13528 = SURFACE_STYLE_USAGE(.BOTH.,#13529);
#13529 = SURFACE_SIDE_STYLE('',(#13530));
#13530 = SURFACE_STYLE_FILL_AREA(#13531);
#13531 = FILL_AREA_STYLE('',(#13532));
#13532 = FILL_AREA_STYLE_COLOUR('',#11157);
#13533 = OVER_RIDING_STYLED_ITEM('overriding color',(#13534),#10829,
  #13379);
#13534 = PRESENTATION_STYLE_ASSIGNMENT((#13535));
#13535 = SURFACE_STYLE_USAGE(.BOTH.,#13536);
#13536 = SURFACE_SIDE_STYLE('',(#13537));
#13537 = SURFACE_STYLE_FILL_AREA(#13538);
#13538 = FILL_AREA_STYLE('',(#13539));
#13539 = FILL_AREA_STYLE_COLOUR('',#11157);
#13540 = OVER_RIDING_STYLED_ITEM('overriding color',(#13541),#10849,
  #13379);
#13541 = PRESENTATION_STYLE_ASSIGNMENT((#13542));
#13542 = SURFACE_STYLE_USAGE(.BOTH.,#13543);
#13543 = SURFACE_SIDE_STYLE('',(#13544));
#13544 = SURFACE_STYLE_FILL_AREA(#13545);
#13545 = FILL_AREA_STYLE('',(#13546));
#13546 = FILL_AREA_STYLE_COLOUR('',#11157);
#13547 = OVER_RIDING_STYLED_ITEM('overriding color',(#13548),#10869,
  #13379);
#13548 = PRESENTATION_STYLE_ASSIGNMENT((#13549));
#13549 = SURFACE_STYLE_USAGE(.BOTH.,#13550);
#13550 = SURFACE_SIDE_STYLE('',(#13551));
#13551 = SURFACE_STYLE_FILL_AREA(#13552);
#13552 = FILL_AREA_STYLE('',(#13553));
#13553 = FILL_AREA_STYLE_COLOUR('',#11157);
#13554 = OVER_RIDING_STYLED_ITEM('overriding color',(#13555),#10889,
  #13379);
#13555 = PRESENTATION_STYLE_ASSIGNMENT((#13556));
#13556 = SURFACE_STYLE_USAGE(.BOTH.,#13557);
#13557 = SURFACE_SIDE_STYLE('',(#13558));
#13558 = SURFACE_STYLE_FILL_AREA(#13559);
#13559 = FILL_AREA_STYLE('',(#13560));
#13560 = FILL_AREA_STYLE_COLOUR('',#11157);
#13561 = OVER_RIDING_STYLED_ITEM('overriding color',(#13562),#10909,
  #13379);
#13562 = PRESENTATION_STYLE_ASSIGNMENT((#13563));
#13563 = SURFACE_STYLE_USAGE(.BOTH.,#13564);
#13564 = SURFACE_SIDE_STYLE('',(#13565));
#13565 = SURFACE_STYLE_FILL_AREA(#13566);
#13566 = FILL_AREA_STYLE('',(#13567));
#13567 = FILL_AREA_STYLE_COLOUR('',#11157);
#13568 = OVER_RIDING_STYLED_ITEM('overriding color',(#13569),#10925,
  #13379);
#13569 = PRESENTATION_STYLE_ASSIGNMENT((#13570));
#13570 = SURFACE_STYLE_USAGE(.BOTH.,#13571);
#13571 = SURFACE_SIDE_STYLE('',(#13572));
#13572 = SURFACE_STYLE_FILL_AREA(#13573);
#13573 = FILL_AREA_STYLE('',(#13574));
#13574 = FILL_AREA_STYLE_COLOUR('',#11157);
#13575 = OVER_RIDING_STYLED_ITEM('overriding color',(#13576),#10945,
  #13379);
#13576 = PRESENTATION_STYLE_ASSIGNMENT((#13577));
#13577 = SURFACE_STYLE_USAGE(.BOTH.,#13578);
#13578 = SURFACE_SIDE_STYLE('',(#13579));
#13579 = SURFACE_STYLE_FILL_AREA(#13580);
#13580 = FILL_AREA_STYLE('',(#13581));
#13581 = FILL_AREA_STYLE_COLOUR('',#11157);
#13582 = OVER_RIDING_STYLED_ITEM('overriding color',(#13583),#10965,
  #13379);
#13583 = PRESENTATION_STYLE_ASSIGNMENT((#13584));
#13584 = SURFACE_STYLE_USAGE(.BOTH.,#13585);
#13585 = SURFACE_SIDE_STYLE('',(#13586));
#13586 = SURFACE_STYLE_FILL_AREA(#13587);
#13587 = FILL_AREA_STYLE('',(#13588));
#13588 = FILL_AREA_STYLE_COLOUR('',#11157);
#13589 = OVER_RIDING_STYLED_ITEM('overriding color',(#13590),#10981,
  #13379);
#13590 = PRESENTATION_STYLE_ASSIGNMENT((#13591));
#13591 = SURFACE_STYLE_USAGE(.BOTH.,#13592);
#13592 = SURFACE_SIDE_STYLE('',(#13593));
#13593 = SURFACE_STYLE_FILL_AREA(#13594);
#13594 = FILL_AREA_STYLE('',(#13595));
#13595 = FILL_AREA_STYLE_COLOUR('',#11157);
#13596 = OVER_RIDING_STYLED_ITEM('overriding color',(#13597),#11001,
  #13379);
#13597 = PRESENTATION_STYLE_ASSIGNMENT((#13598));
#13598 = SURFACE_STYLE_USAGE(.BOTH.,#13599);
#13599 = SURFACE_SIDE_STYLE('',(#13600));
#13600 = SURFACE_STYLE_FILL_AREA(#13601);
#13601 = FILL_AREA_STYLE('',(#13602));
#13602 = FILL_AREA_STYLE_COLOUR('',#11157);
#13603 = OVER_RIDING_STYLED_ITEM('overriding color',(#13604),#11021,
  #13379);
#13604 = PRESENTATION_STYLE_ASSIGNMENT((#13605));
#13605 = SURFACE_STYLE_USAGE(.BOTH.,#13606);
#13606 = SURFACE_SIDE_STYLE('',(#13607));
#13607 = SURFACE_STYLE_FILL_AREA(#13608);
#13608 = FILL_AREA_STYLE('',(#13609));
#13609 = FILL_AREA_STYLE_COLOUR('',#11157);
#13610 = OVER_RIDING_STYLED_ITEM('overriding color',(#13611),#11041,
  #13379);
#13611 = PRESENTATION_STYLE_ASSIGNMENT((#13612));
#13612 = SURFACE_STYLE_USAGE(.BOTH.,#13613);
#13613 = SURFACE_SIDE_STYLE('',(#13614));
#13614 = SURFACE_STYLE_FILL_AREA(#13615);
#13615 = FILL_AREA_STYLE('',(#13616));
#13616 = FILL_AREA_STYLE_COLOUR('',#11157);
#13617 = OVER_RIDING_STYLED_ITEM('overriding color',(#13618),#11057,
  #13379);
#13618 = PRESENTATION_STYLE_ASSIGNMENT((#13619));
#13619 = SURFACE_STYLE_USAGE(.BOTH.,#13620);
#13620 = SURFACE_SIDE_STYLE('',(#13621));
#13621 = SURFACE_STYLE_FILL_AREA(#13622);
#13622 = FILL_AREA_STYLE('',(#13623));
#13623 = FILL_AREA_STYLE_COLOUR('',#11157);
#13624 = OVER_RIDING_STYLED_ITEM('overriding color',(#13625),#11077,
  #13379);
#13625 = PRESENTATION_STYLE_ASSIGNMENT((#13626));
#13626 = SURFACE_STYLE_USAGE(.BOTH.,#13627);
#13627 = SURFACE_SIDE_STYLE('',(#13628));
#13628 = SURFACE_STYLE_FILL_AREA(#13629);
#13629 = FILL_AREA_STYLE('',(#13630));
#13630 = FILL_AREA_STYLE_COLOUR('',#11157);
#13631 = OVER_RIDING_STYLED_ITEM('overriding color',(#13632),#11093,
  #13379);
#13632 = PRESENTATION_STYLE_ASSIGNMENT((#13633));
#13633 = SURFACE_STYLE_USAGE(.BOTH.,#13634);
#13634 = SURFACE_SIDE_STYLE('',(#13635));
#13635 = SURFACE_STYLE_FILL_AREA(#13636);
#13636 = FILL_AREA_STYLE('',(#13637));
#13637 = FILL_AREA_STYLE_COLOUR('',#11157);
#13638 = OVER_RIDING_STYLED_ITEM('overriding color',(#13639),#11123,
  #13379);
#13639 = PRESENTATION_STYLE_ASSIGNMENT((#13640));
#13640 = SURFACE_STYLE_USAGE(.BOTH.,#13641);
#13641 = SURFACE_SIDE_STYLE('',(#13642));
#13642 = SURFACE_STYLE_FILL_AREA(#13643);
#13643 = FILL_AREA_STYLE('',(#13644));
#13644 = FILL_AREA_STYLE_COLOUR('',#11157);
ENDSEC;
END-ISO-10303-21;
