ISO-10303-21;
HEADER;
FILE_DESCRIPTION(('Open CASCADE Model'),'2;1');
FILE_NAME('Open CASCADE Shape Model','2026-09-27T22:36:28',('Author'),(
    'Open CASCADE'),'Open CASCADE STEP processor 7.9','Open CASCADE 7.9'
  ,'Unknown');
FILE_SCHEMA(('AUTOMOTIVE_DESIGN { 1 0 10303 214 1 1 1 1 }'));
ENDSEC;
DATA;
#1 = APPLICATION_PROTOCOL_DEFINITION('international standard',
  'automotive_design',2000,#2);
#2 = APPLICATION_CONTEXT(
  'core data for automotive mechanical design processes');
#3 = SHAPE_DEFINITION_REPRESENTATION(#4,#10);
#4 = PRODUCT_DEFINITION_SHAPE('','',#5);
#5 = PRODUCT_DEFINITION('design','',#6,#9);
#6 = PRODUCT_DEFINITION_FORMATION('','',#7);
#7 = PRODUCT('SOLID','SOLID','',(#8));
#8 = PRODUCT_CONTEXT('',#2,'mechanical');
#9 = PRODUCT_DEFINITION_CONTEXT('part definition',#2,'design');
#10 = ADVANCED_BREP_SHAPE_REPRESENTATION('',(#11,#15),#9651);
#11 = AXIS2_PLACEMENT_3D('',#12,#13,#14);
#12 = CARTESIAN_POINT('',(0.,0.,0.));
#13 = DIRECTION('',(0.,0.,1.));
#14 = DIRECTION('',(1.,0.,-0.));
#15 = MANIFOLD_SOLID_BREP('',#16);
#16 = CLOSED_SHELL('',(#17,#65,#101,#137,#173,#1596,#1624,#1660,#1696,
    #1732,#1779,#1815,#1873,#1919,#1965,#2017,#2069,#2115,#2173,#2197,
    #2223,#2249,#2268,#2288,#2308,#2327,#2351,#2372,#2396,#2420,#2441,
    #2461,#2480,#2504,#2523,#2543,#2567,#2588,#2609,#2633,#2652,#2671,
    #2690,#2709,#2730,#2751,#2765,#2790,#2800,#2828,#2850,#2872,#2894,
    #2916,#2932,#2946,#2980,#3002,#3030,#3058,#3086,#3114,#3142,#3170,
    #3192,#3220,#3248,#3276,#3304,#3326,#3348,#3376,#3398,#3420,#3442,
    #3464,#3486,#3508,#3530,#3552,#3574,#3596,#3612,#3632,#3756,#3776,
    #3796,#3816,#3836,#3856,#3872,#3884,#3912,#3934,#3956,#3984,#4012,
    #4040,#4062,#4077,#4189,#4209,#4225,#4241,#4257,#4273,#4289,#4305,
    #4317,#4345,#4367,#4395,#4417,#4445,#4461,#4475,#4503,#4525,#4547,
    #4569,#4591,#4613,#4635,#4657,#4679,#4701,#4723,#4739,#4759,#4951,
    #4975,#4991,#5011,#5031,#5047,#5067,#5087,#5107,#5127,#5143,#5159,
    #5175,#5191,#5207,#5241,#5269,#5297,#5325,#5353,#5381,#5403,#5419,
    #5435,#5469,#5491,#5519,#5547,#5575,#5603,#5631,#5659,#5687,#5715,
    #5743,#5771,#5793,#5821,#5849,#5877,#5905,#5933,#5961,#5989,#6011,
    #6040,#6068,#6090,#6118,#6140,#6162,#6184,#6206,#6228,#6250,#6278,
    #6306,#6328,#6356,#6384,#6400,#6423,#6451,#6473,#6495,#6517,#6539,
    #6561,#6583,#6605,#6627,#6649,#6671,#6687,#6707,#6831,#6851,#6871,
    #6891,#6911,#6931,#6947,#6959,#6987,#7009,#7031,#7059,#7087,#7115,
    #7137,#7152,#7264,#7284,#7300,#7316,#7332,#7348,#7364,#7380,#7392,
    #7420,#7442,#7470,#7492,#7520,#7536,#7550,#7870,#7894,#7914,#7934,
    #7954,#7974,#7994,#8014,#8034,#8054,#8074,#8094,#8114,#8130,#8146,
    #8162,#8178,#8198,#8218,#8238,#8258,#8278,#8298,#8318,#8334,#8354,
    #8374,#8390,#8410,#8430,#8450,#8466,#8486,#8502,#8545,#8573,#8583,
    #8619,#8647,#8675,#8707,#8735,#8767,#8787,#8815,#8847,#8875,#8899,
    #8919,#8939,#8975,#9007,#9035,#9067,#9087,#9115,#9147,#9175,#9207,
    #9235,#9255,#9275,#9295,#9331,#9359,#9387,#9419,#9447,#9479,#9499,
    #9527,#9559,#9587,#9611,#9631));
#17 = ADVANCED_FACE('',(#18),#54,.F.);
#18 = FACE_BOUND('',#19,.F.);
#19 = EDGE_LOOP('',(#20,#29,#39,#46));
#20 = ORIENTED_EDGE('',*,*,#21,.T.);
#21 = EDGE_CURVE('',#22,#24,#26,.T.);
#22 = VERTEX_POINT('',#23);
#23 = CARTESIAN_POINT('',(-0.706656362225,-0.349828720391,1.099008342984
    ));
#24 = VERTEX_POINT('',#25);
#25 = CARTESIAN_POINT('',(-0.706656362225,-0.349828720391,1.100008342984
    ));
#26 = B_SPLINE_CURVE_WITH_KNOTS('',1,(#27,#28),.UNSPECIFIED.,.F.,.F.,(2,
    2),(0.,9.999999999999E-04),.PIECEWISE_BEZIER_KNOTS.);
#27 = CARTESIAN_POINT('',(-0.706656362225,-0.349828720391,1.099008342984
    ));
#28 = CARTESIAN_POINT('',(-0.706656362225,-0.349828720391,1.100008342984
    ));
#29 = ORIENTED_EDGE('',*,*,#30,.F.);
#30 = EDGE_CURVE('',#31,#24,#33,.T.);
#31 = VERTEX_POINT('',#32);
#32 = CARTESIAN_POINT('',(-0.956207489642,-0.349828720391,1.100008342984
    ));
#33 = ( BOUNDED_CURVE() B_SPLINE_CURVE(2,(#34,#35,#36,#37,#38),
.UNSPECIFIED.,.F.,.F.) B_SPLINE_CURVE_WITH_KNOTS((3,2,3),(3.14159265359,
4.712388980385,6.28318530718),.PIECEWISE_BEZIER_KNOTS.) CURVE() 
GEOMETRIC_REPRESENTATION_ITEM() RATIONAL_B_SPLINE_CURVE((1.,
0.707106781187,1.,0.707106781187,1.)) REPRESENTATION_ITEM('') );
#34 = CARTESIAN_POINT('',(-0.956207489642,-0.349828720391,1.100008342984
    ));
#35 = CARTESIAN_POINT('',(-0.956207489642,-0.4746042841,1.100008342984)
  );
#36 = CARTESIAN_POINT('',(-0.831431925933,-0.4746042841,1.100008342984)
  );
#37 = CARTESIAN_POINT('',(-0.706656362225,-0.4746042841,1.100008342984)
  );
#38 = CARTESIAN_POINT('',(-0.706656362225,-0.349828720391,1.100008342984
    ));
#39 = ORIENTED_EDGE('',*,*,#40,.F.);
#40 = EDGE_CURVE('',#41,#31,#43,.T.);
#41 = VERTEX_POINT('',#42);
#42 = CARTESIAN_POINT('',(-0.956207489642,-0.349828720391,1.099008342984
    ));
#43 = B_SPLINE_CURVE_WITH_KNOTS('',1,(#44,#45),.UNSPECIFIED.,.F.,.F.,(2,
    2),(0.,9.999999999999E-04),.PIECEWISE_BEZIER_KNOTS.);
#44 = CARTESIAN_POINT('',(-0.956207489642,-0.349828720391,1.099008342984
    ));
#45 = CARTESIAN_POINT('',(-0.956207489642,-0.349828720391,1.100008342984
    ));
#46 = ORIENTED_EDGE('',*,*,#47,.T.);
#47 = EDGE_CURVE('',#41,#22,#48,.T.);
#48 = ( BOUNDED_CURVE() B_SPLINE_CURVE(2,(#49,#50,#51,#52,#53),
.UNSPECIFIED.,.F.,.F.) B_SPLINE_CURVE_WITH_KNOTS((3,2,3),(3.14159265359,
4.712388980385,6.28318530718),.PIECEWISE_BEZIER_KNOTS.) CURVE() 
GEOMETRIC_REPRESENTATION_ITEM() RATIONAL_B_SPLINE_CURVE((1.,
0.707106781187,1.,0.707106781187,1.)) REPRESENTATION_ITEM('') );
#49 = CARTESIAN_POINT('',(-0.956207489642,-0.349828720391,1.099008342984
    ));
#50 = CARTESIAN_POINT('',(-0.956207489642,-0.4746042841,1.099008342984)
  );
#51 = CARTESIAN_POINT('',(-0.831431925933,-0.4746042841,1.099008342984)
  );
#52 = CARTESIAN_POINT('',(-0.706656362225,-0.4746042841,1.099008342984)
  );
#53 = CARTESIAN_POINT('',(-0.706656362225,-0.349828720391,1.099008342984
    ));
#54 = ( BOUNDED_SURFACE() B_SPLINE_SURFACE(2,1,(
    (#55,#56)
    ,(#57,#58)
    ,(#59,#60)
    ,(#61,#62)
,(#63,#64
    )),.UNSPECIFIED.,.F.,.F.,.F.) B_SPLINE_SURFACE_WITH_KNOTS((3,2,3),(2
    ,2),(3.14159265359,4.712388980385,6.28318530718),(0.,
    9.999999999999E-04),.PIECEWISE_BEZIER_KNOTS.) 
GEOMETRIC_REPRESENTATION_ITEM() RATIONAL_B_SPLINE_SURFACE((
    (1.,1.)
    ,(0.707106781187,0.707106781187)
    ,(1.,1.)
    ,(0.707106781187,0.707106781187)
,(1.,1.))) REPRESENTATION_ITEM('') SURFACE() );
#55 = CARTESIAN_POINT('',(-0.956207489642,-0.349828720391,1.099008342984
    ));
#56 = CARTESIAN_POINT('',(-0.956207489642,-0.349828720391,1.100008342984
    ));
#57 = CARTESIAN_POINT('',(-0.956207489642,-0.4746042841,1.099008342984)
  );
#58 = CARTESIAN_POINT('',(-0.956207489642,-0.4746042841,1.100008342984)
  );
#59 = CARTESIAN_POINT('',(-0.831431925933,-0.4746042841,1.099008342984)
  );
#60 = CARTESIAN_POINT('',(-0.831431925933,-0.4746042841,1.100008342984)
  );
#61 = CARTESIAN_POINT('',(-0.706656362225,-0.4746042841,1.099008342984)
  );
#62 = CARTESIAN_POINT('',(-0.706656362225,-0.4746042841,1.100008342984)
  );
#63 = CARTESIAN_POINT('',(-0.706656362225,-0.349828720391,1.099008342984
    ));
#64 = CARTESIAN_POINT('',(-0.706656362225,-0.349828720391,1.100008342984
    ));
#65 = ADVANCED_FACE('',(#66),#96,.F.);
#66 = FACE_BOUND('',#67,.T.);
#67 = EDGE_LOOP('',(#68,#77,#84,#91));
#68 = ORIENTED_EDGE('',*,*,#69,.T.);
#69 = EDGE_CURVE('',#70,#72,#74,.T.);
#70 = VERTEX_POINT('',#71);
#71 = CARTESIAN_POINT('',(-0.75,-0.8,0.525008342984));
#72 = VERTEX_POINT('',#73);
#73 = CARTESIAN_POINT('',(0.75,-0.8,0.525008342984));
#74 = B_SPLINE_CURVE_WITH_KNOTS('',1,(#75,#76),.UNSPECIFIED.,.F.,.F.,(2,
    2),(0.7,2.2),.PIECEWISE_BEZIER_KNOTS.);
#75 = CARTESIAN_POINT('',(-0.75,-0.8,0.525008342984));
#76 = CARTESIAN_POINT('',(0.75,-0.8,0.525008342984));
#77 = ORIENTED_EDGE('',*,*,#78,.F.);
#78 = EDGE_CURVE('',#79,#72,#81,.T.);
#79 = VERTEX_POINT('',#80);
#80 = CARTESIAN_POINT('',(0.75,-0.8,0.675008342984));
#81 = B_SPLINE_CURVE_WITH_KNOTS('',1,(#82,#83),.UNSPECIFIED.,.F.,.F.,(2,
    2),(0.,0.15),.PIECEWISE_BEZIER_KNOTS.);
#82 = CARTESIAN_POINT('',(0.75,-0.8,0.675008342984));
#83 = CARTESIAN_POINT('',(0.75,-0.8,0.525008342984));
#84 = ORIENTED_EDGE('',*,*,#85,.T.);
#85 = EDGE_CURVE('',#79,#86,#88,.T.);
#86 = VERTEX_POINT('',#87);
#87 = CARTESIAN_POINT('',(-0.75,-0.8,0.675008342984));
#88 = B_SPLINE_CURVE_WITH_KNOTS('',1,(#89,#90),.UNSPECIFIED.,.F.,.F.,(2,
    2),(-2.2,-0.7),.PIECEWISE_BEZIER_KNOTS.);
#89 = CARTESIAN_POINT('',(0.75,-0.8,0.675008342984));
#90 = CARTESIAN_POINT('',(-0.75,-0.8,0.675008342984));
#91 = ORIENTED_EDGE('',*,*,#92,.T.);
#92 = EDGE_CURVE('',#86,#70,#93,.T.);
#93 = B_SPLINE_CURVE_WITH_KNOTS('',1,(#94,#95),.UNSPECIFIED.,.F.,.F.,(2,
    2),(9.992007221626E-15,0.15),.PIECEWISE_BEZIER_KNOTS.);
#94 = CARTESIAN_POINT('',(-0.75,-0.8,0.675008342984));
#95 = CARTESIAN_POINT('',(-0.75,-0.8,0.525008342984));
#96 = B_SPLINE_SURFACE_WITH_KNOTS('',1,1,(
    (#97,#98)
    ,(#99,#100
    )),.UNSPECIFIED.,.F.,.F.,.F.,(2,2),(2,2),(-0.575,-0.425),(0.7,2.2),
  .PIECEWISE_BEZIER_KNOTS.);
#97 = CARTESIAN_POINT('',(-0.75,-0.8,0.525008342984));
#98 = CARTESIAN_POINT('',(0.75,-0.8,0.525008342984));
#99 = CARTESIAN_POINT('',(-0.75,-0.8,0.675008342984));
#100 = CARTESIAN_POINT('',(0.75,-0.8,0.675008342984));
#101 = ADVANCED_FACE('',(#102),#132,.F.);
#102 = FACE_BOUND('',#103,.T.);
#103 = EDGE_LOOP('',(#104,#113,#120,#127));
#104 = ORIENTED_EDGE('',*,*,#105,.T.);
#105 = EDGE_CURVE('',#106,#108,#110,.T.);
#106 = VERTEX_POINT('',#107);
#107 = CARTESIAN_POINT('',(-1.35,0.8,0.675008342984));
#108 = VERTEX_POINT('',#109);
#109 = CARTESIAN_POINT('',(-0.2,0.8,0.675008342984));
#110 = B_SPLINE_CURVE_WITH_KNOTS('',1,(#111,#112),.UNSPECIFIED.,.F.,.F.,
  (2,2),(-2.8,-1.65),.PIECEWISE_BEZIER_KNOTS.);
#111 = CARTESIAN_POINT('',(-1.35,0.8,0.675008342984));
#112 = CARTESIAN_POINT('',(-0.2,0.8,0.675008342984));
#113 = ORIENTED_EDGE('',*,*,#114,.T.);
#114 = EDGE_CURVE('',#108,#115,#117,.T.);
#115 = VERTEX_POINT('',#116);
#116 = CARTESIAN_POINT('',(-0.2,0.8,0.525008342984));
#117 = B_SPLINE_CURVE_WITH_KNOTS('',1,(#118,#119),.UNSPECIFIED.,.F.,.F.,
  (2,2),(9.992007221626E-15,0.15),.PIECEWISE_BEZIER_KNOTS.);
#118 = CARTESIAN_POINT('',(-0.2,0.8,0.675008342984));
#119 = CARTESIAN_POINT('',(-0.2,0.8,0.525008342984));
#120 = ORIENTED_EDGE('',*,*,#121,.T.);
#121 = EDGE_CURVE('',#115,#122,#124,.T.);
#122 = VERTEX_POINT('',#123);
#123 = CARTESIAN_POINT('',(-1.35,0.8,0.525008342984));
#124 = B_SPLINE_CURVE_WITH_KNOTS('',1,(#125,#126),.UNSPECIFIED.,.F.,.F.,
  (2,2),(-1.25,-0.1),.PIECEWISE_BEZIER_KNOTS.);
#125 = CARTESIAN_POINT('',(-0.2,0.8,0.525008342984));
#126 = CARTESIAN_POINT('',(-1.35,0.8,0.525008342984));
#127 = ORIENTED_EDGE('',*,*,#128,.T.);
#128 = EDGE_CURVE('',#122,#106,#129,.T.);
#129 = B_SPLINE_CURVE_WITH_KNOTS('',1,(#130,#131),.UNSPECIFIED.,.F.,.F.,
  (2,2),(-0.575,-0.425),.PIECEWISE_BEZIER_KNOTS.);
#130 = CARTESIAN_POINT('',(-1.35,0.8,0.525008342984));
#131 = CARTESIAN_POINT('',(-1.35,0.8,0.675008342984));
#132 = B_SPLINE_SURFACE_WITH_KNOTS('',1,1,(
    (#133,#134)
    ,(#135,#136
    )),.UNSPECIFIED.,.F.,.F.,.F.,(2,2),(2,2),(0.425,0.575),(0.1,1.25),
  .PIECEWISE_BEZIER_KNOTS.);
#133 = CARTESIAN_POINT('',(-1.35,0.8,0.675008342984));
#134 = CARTESIAN_POINT('',(-0.2,0.8,0.675008342984));
#135 = CARTESIAN_POINT('',(-1.35,0.8,0.525008342984));
#136 = CARTESIAN_POINT('',(-0.2,0.8,0.525008342984));
#137 = ADVANCED_FACE('',(#138),#168,.F.);
#138 = FACE_BOUND('',#139,.T.);
#139 = EDGE_LOOP('',(#140,#149,#156,#163));
#140 = ORIENTED_EDGE('',*,*,#141,.F.);
#141 = EDGE_CURVE('',#142,#144,#146,.T.);
#142 = VERTEX_POINT('',#143);
#143 = CARTESIAN_POINT('',(-1.15,-0.8,0.675008342984));
#144 = VERTEX_POINT('',#145);
#145 = CARTESIAN_POINT('',(-1.15,-0.8,0.525008342984));
#146 = B_SPLINE_CURVE_WITH_KNOTS('',1,(#147,#148),.UNSPECIFIED.,.F.,.F.,
  (2,2),(0.,0.15),.PIECEWISE_BEZIER_KNOTS.);
#147 = CARTESIAN_POINT('',(-1.15,-0.8,0.675008342984));
#148 = CARTESIAN_POINT('',(-1.15,-0.8,0.525008342984));
#149 = ORIENTED_EDGE('',*,*,#150,.T.);
#150 = EDGE_CURVE('',#142,#151,#153,.T.);
#151 = VERTEX_POINT('',#152);
#152 = CARTESIAN_POINT('',(-1.35,-0.8,0.675008342984));
#153 = B_SPLINE_CURVE_WITH_KNOTS('',1,(#154,#155),.UNSPECIFIED.,.F.,.F.,
  (2,2),(-0.3,-0.1),.PIECEWISE_BEZIER_KNOTS.);
#154 = CARTESIAN_POINT('',(-1.15,-0.8,0.675008342984));
#155 = CARTESIAN_POINT('',(-1.35,-0.8,0.675008342984));
#156 = ORIENTED_EDGE('',*,*,#157,.T.);
#157 = EDGE_CURVE('',#151,#158,#160,.T.);
#158 = VERTEX_POINT('',#159);
#159 = CARTESIAN_POINT('',(-1.35,-0.8,0.525008342984));
#160 = B_SPLINE_CURVE_WITH_KNOTS('',1,(#161,#162),.UNSPECIFIED.,.F.,.F.,
  (2,2),(0.425,0.575),.PIECEWISE_BEZIER_KNOTS.);
#161 = CARTESIAN_POINT('',(-1.35,-0.8,0.675008342984));
#162 = CARTESIAN_POINT('',(-1.35,-0.8,0.525008342984));
#163 = ORIENTED_EDGE('',*,*,#164,.T.);
#164 = EDGE_CURVE('',#158,#144,#165,.T.);
#165 = B_SPLINE_CURVE_WITH_KNOTS('',1,(#166,#167),.UNSPECIFIED.,.F.,.F.,
  (2,2),(0.1,0.3),.PIECEWISE_BEZIER_KNOTS.);
#166 = CARTESIAN_POINT('',(-1.35,-0.8,0.525008342984));
#167 = CARTESIAN_POINT('',(-1.15,-0.8,0.525008342984));
#168 = B_SPLINE_SURFACE_WITH_KNOTS('',1,1,(
    (#169,#170)
    ,(#171,#172
  )),.UNSPECIFIED.,.F.,.F.,.F.,(2,2),(2,2),(-0.575,-0.425),(0.1,0.3),
  .PIECEWISE_BEZIER_KNOTS.);
#169 = CARTESIAN_POINT('',(-1.35,-0.8,0.525008342984));
#170 = CARTESIAN_POINT('',(-1.15,-0.8,0.525008342984));
#171 = CARTESIAN_POINT('',(-1.35,-0.8,0.675008342984));
#172 = CARTESIAN_POINT('',(-1.15,-0.8,0.675008342984));
#173 = ADVANCED_FACE('',(#174,#232,#318,#435,#622,#738,#797,#845,#889,
    #1013,#1099,#1157,#1243,#1302),#1591,.T.);
#174 = FACE_BOUND('',#175,.T.);
#175 = EDGE_LOOP('',(#176,#185,#192,#199,#206,#213,#220,#227));
#176 = ORIENTED_EDGE('',*,*,#177,.F.);
#177 = EDGE_CURVE('',#178,#180,#182,.T.);
#178 = VERTEX_POINT('',#179);
#179 = CARTESIAN_POINT('',(1.424321860452,0.337314283179,0.857717799651)
  );
#180 = VERTEX_POINT('',#181);
#181 = CARTESIAN_POINT('',(1.424321860452,0.328892244057,0.857717799651)
  );
#182 = B_SPLINE_CURVE_WITH_KNOTS('',1,(#183,#184),.UNSPECIFIED.,.F.,.F.,
  (2,2),(-8.422039122552E-03,-0.),.PIECEWISE_BEZIER_KNOTS.);
#183 = CARTESIAN_POINT('',(1.424321860452,0.337314283179,0.857717799651)
  );
#184 = CARTESIAN_POINT('',(1.424321860452,0.328892244057,0.857717799651)
  );
#185 = ORIENTED_EDGE('',*,*,#186,.F.);
#186 = EDGE_CURVE('',#187,#178,#189,.T.);
#187 = VERTEX_POINT('',#188);
#188 = CARTESIAN_POINT('',(1.4328132281,0.360552872609,0.79729857939));
#189 = B_SPLINE_CURVE_WITH_KNOTS('',1,(#190,#191),.UNSPECIFIED.,.F.,.F.,
  (2,2),(-6.528872444851E-02,0.),.PIECEWISE_BEZIER_KNOTS.);
#190 = CARTESIAN_POINT('',(1.4328132281,0.360552872609,0.79729857939));
#191 = CARTESIAN_POINT('',(1.424321860452,0.337314283179,0.857717799651)
  );
#192 = ORIENTED_EDGE('',*,*,#193,.F.);
#193 = EDGE_CURVE('',#194,#187,#196,.T.);
#194 = VERTEX_POINT('',#195);
#195 = CARTESIAN_POINT('',(1.4328132281,0.351850098849,0.79729857939));
#196 = B_SPLINE_CURVE_WITH_KNOTS('',1,(#197,#198),.UNSPECIFIED.,.F.,.F.,
  (2,2),(-8.70277375922E-03,0.),.PIECEWISE_BEZIER_KNOTS.);
#197 = CARTESIAN_POINT('',(1.4328132281,0.351850098849,0.79729857939));
#198 = CARTESIAN_POINT('',(1.4328132281,0.360552872609,0.79729857939));
#199 = ORIENTED_EDGE('',*,*,#200,.F.);
#200 = EDGE_CURVE('',#201,#194,#203,.T.);
#201 = VERTEX_POINT('',#202);
#202 = CARTESIAN_POINT('',(1.430490691448,0.34562714772,0.813824286363)
  );
#203 = B_SPLINE_CURVE_WITH_KNOTS('',1,(#204,#205),.UNSPECIFIED.,.F.,.F.,
  (2,2),(-1.781062290361E-02,0.),.PIECEWISE_BEZIER_KNOTS.);
#204 = CARTESIAN_POINT('',(1.430490691448,0.34562714772,0.813824286363)
  );
#205 = CARTESIAN_POINT('',(1.4328132281,0.351850098849,0.79729857939));
#206 = ORIENTED_EDGE('',*,*,#207,.F.);
#207 = EDGE_CURVE('',#208,#201,#210,.T.);
#208 = VERTEX_POINT('',#209);
#209 = CARTESIAN_POINT('',(1.430490691448,0.320220663034,0.813824286363)
  );
#210 = B_SPLINE_CURVE_WITH_KNOTS('',1,(#211,#212),.UNSPECIFIED.,.F.,.F.,
  (2,2),(-2.540648468536E-02,0.),.PIECEWISE_BEZIER_KNOTS.);
#211 = CARTESIAN_POINT('',(1.430490691448,0.320220663034,0.813824286363)
  );
#212 = CARTESIAN_POINT('',(1.430490691448,0.34562714772,0.813824286363)
  );
#213 = ORIENTED_EDGE('',*,*,#214,.F.);
#214 = EDGE_CURVE('',#215,#208,#217,.T.);
#215 = VERTEX_POINT('',#216);
#216 = CARTESIAN_POINT('',(1.4328132281,0.314356428386,0.79729857939));
#217 = B_SPLINE_CURVE_WITH_KNOTS('',1,(#218,#219),.UNSPECIFIED.,.F.,.F.,
  (2,2),(-1.768848256523E-02,0.),.PIECEWISE_BEZIER_KNOTS.);
#218 = CARTESIAN_POINT('',(1.4328132281,0.314356428386,0.79729857939));
#219 = CARTESIAN_POINT('',(1.430490691448,0.320220663034,0.813824286363)
  );
#220 = ORIENTED_EDGE('',*,*,#221,.F.);
#221 = EDGE_CURVE('',#222,#215,#224,.T.);
#222 = VERTEX_POINT('',#223);
#223 = CARTESIAN_POINT('',(1.4328132281,0.305653654627,0.79729857939));
#224 = B_SPLINE_CURVE_WITH_KNOTS('',1,(#225,#226),.UNSPECIFIED.,.F.,.F.,
  (2,2),(-8.702773759636E-03,0.),.PIECEWISE_BEZIER_KNOTS.);
#225 = CARTESIAN_POINT('',(1.4328132281,0.305653654627,0.79729857939));
#226 = CARTESIAN_POINT('',(1.4328132281,0.314356428386,0.79729857939));
#227 = ORIENTED_EDGE('',*,*,#228,.F.);
#228 = EDGE_CURVE('',#180,#222,#229,.T.);
#229 = B_SPLINE_CURVE_WITH_KNOTS('',1,(#230,#231),.UNSPECIFIED.,.F.,.F.,
  (2,2),(-6.528872444865E-02,0.),.PIECEWISE_BEZIER_KNOTS.);
#230 = CARTESIAN_POINT('',(1.424321860452,0.328892244057,0.857717799651)
  );
#231 = CARTESIAN_POINT('',(1.4328132281,0.305653654627,0.79729857939));
#232 = FACE_BOUND('',#233,.T.);
#233 = EDGE_LOOP('',(#234,#243,#250,#257,#264,#271,#278,#285,#292,#299,
    #306,#313));
#234 = ORIENTED_EDGE('',*,*,#235,.F.);
#235 = EDGE_CURVE('',#236,#238,#240,.T.);
#236 = VERTEX_POINT('',#237);
#237 = CARTESIAN_POINT('',(1.431845142729,0.241069091655,0.804186864727)
  );
#238 = VERTEX_POINT('',#239);
#239 = CARTESIAN_POINT('',(1.431845142729,0.216130498032,0.804186864727)
  );
#240 = B_SPLINE_CURVE_WITH_KNOTS('',1,(#241,#242),.UNSPECIFIED.,.F.,.F.,
  (2,2),(-2.493859362272E-02,-0.),.PIECEWISE_BEZIER_KNOTS.);
#241 = CARTESIAN_POINT('',(1.431845142729,0.241069091655,0.804186864727)
  );
#242 = CARTESIAN_POINT('',(1.431845142729,0.216130498032,0.804186864727)
  );
#243 = ORIENTED_EDGE('',*,*,#244,.F.);
#244 = EDGE_CURVE('',#245,#236,#247,.T.);
#245 = VERTEX_POINT('',#246);
#246 = CARTESIAN_POINT('',(1.4328132281,0.241069091655,0.79729857939));
#247 = B_SPLINE_CURVE_WITH_KNOTS('',1,(#248,#249),.UNSPECIFIED.,.F.,.F.,
  (2,2),(-6.955980460136E-03,0.),.PIECEWISE_BEZIER_KNOTS.);
#248 = CARTESIAN_POINT('',(1.4328132281,0.241069091655,0.79729857939));
#249 = CARTESIAN_POINT('',(1.431845142729,0.241069091655,0.804186864727)
  );
#250 = ORIENTED_EDGE('',*,*,#251,.F.);
#251 = EDGE_CURVE('',#252,#245,#254,.T.);
#252 = VERTEX_POINT('',#253);
#253 = CARTESIAN_POINT('',(1.4328132281,0.208254331816,0.79729857939));
#254 = B_SPLINE_CURVE_WITH_KNOTS('',1,(#255,#256),.UNSPECIFIED.,.F.,.F.,
  (2,2),(-3.2814759839E-02,0.),.PIECEWISE_BEZIER_KNOTS.);
#255 = CARTESIAN_POINT('',(1.4328132281,0.208254331816,0.79729857939));
#256 = CARTESIAN_POINT('',(1.4328132281,0.241069091655,0.79729857939));
#257 = ORIENTED_EDGE('',*,*,#258,.F.);
#258 = EDGE_CURVE('',#259,#252,#261,.T.);
#259 = VERTEX_POINT('',#260);
#260 = CARTESIAN_POINT('',(1.424321860452,0.208254331816,0.857717799651)
  );
#261 = B_SPLINE_CURVE_WITH_KNOTS('',1,(#262,#263),.UNSPECIFIED.,.F.,.F.,
  (2,2),(-6.10129945294E-02,1.099418410468E-16),
  .PIECEWISE_BEZIER_KNOTS.);
#262 = CARTESIAN_POINT('',(1.424321860452,0.208254331816,0.857717799651)
  );
#263 = CARTESIAN_POINT('',(1.4328132281,0.208254331816,0.79729857939));
#264 = ORIENTED_EDGE('',*,*,#265,.F.);
#265 = EDGE_CURVE('',#266,#259,#268,.T.);
#266 = VERTEX_POINT('',#267);
#267 = CARTESIAN_POINT('',(1.424321860452,0.239681014837,0.857717799651)
  );
#268 = B_SPLINE_CURVE_WITH_KNOTS('',1,(#269,#270),.UNSPECIFIED.,.F.,.F.,
  (2,2),(-3.142668302063E-02,-0.),.PIECEWISE_BEZIER_KNOTS.);
#269 = CARTESIAN_POINT('',(1.424321860452,0.239681014837,0.857717799651)
  );
#270 = CARTESIAN_POINT('',(1.424321860452,0.208254331816,0.857717799651)
  );
#271 = ORIENTED_EDGE('',*,*,#272,.F.);
#272 = EDGE_CURVE('',#273,#266,#275,.T.);
#273 = VERTEX_POINT('',#274);
#274 = CARTESIAN_POINT('',(1.425298628203,0.239681014837,0.850767735971)
  );
#275 = B_SPLINE_CURVE_WITH_KNOTS('',1,(#276,#277),.UNSPECIFIED.,.F.,.F.,
  (2,2),(-7.018365935043E-03,0.),.PIECEWISE_BEZIER_KNOTS.);
#276 = CARTESIAN_POINT('',(1.425298628203,0.239681014837,0.850767735971)
  );
#277 = CARTESIAN_POINT('',(1.424321860452,0.239681014837,0.857717799651)
  );
#278 = ORIENTED_EDGE('',*,*,#279,.F.);
#279 = EDGE_CURVE('',#280,#273,#282,.T.);
#280 = VERTEX_POINT('',#281);
#281 = CARTESIAN_POINT('',(1.425298628203,0.216130498032,0.850767735971)
  );
#282 = B_SPLINE_CURVE_WITH_KNOTS('',1,(#283,#284),.UNSPECIFIED.,.F.,.F.,
  (2,2),(-2.355051680436E-02,0.),.PIECEWISE_BEZIER_KNOTS.);
#283 = CARTESIAN_POINT('',(1.425298628203,0.216130498032,0.850767735971)
  );
#284 = CARTESIAN_POINT('',(1.425298628203,0.239681014837,0.850767735971)
  );
#285 = ORIENTED_EDGE('',*,*,#286,.F.);
#286 = EDGE_CURVE('',#287,#280,#289,.T.);
#287 = VERTEX_POINT('',#288);
#288 = CARTESIAN_POINT('',(1.428016213145,0.216130498032,0.831431114354)
  );
#289 = B_SPLINE_CURVE_WITH_KNOTS('',1,(#290,#291),.UNSPECIFIED.,.F.,.F.,
  (2,2),(-1.952665366864E-02,0.),.PIECEWISE_BEZIER_KNOTS.);
#290 = CARTESIAN_POINT('',(1.428016213145,0.216130498032,0.831431114354)
  );
#291 = CARTESIAN_POINT('',(1.425298628203,0.216130498032,0.850767735971)
  );
#292 = ORIENTED_EDGE('',*,*,#293,.F.);
#293 = EDGE_CURVE('',#294,#287,#296,.T.);
#294 = VERTEX_POINT('',#295);
#295 = CARTESIAN_POINT('',(1.428016213145,0.237949817906,0.831431114354)
  );
#296 = B_SPLINE_CURVE_WITH_KNOTS('',1,(#297,#298),.UNSPECIFIED.,.F.,.F.,
  (2,2),(-2.181931987358E-02,-0.),.PIECEWISE_BEZIER_KNOTS.);
#297 = CARTESIAN_POINT('',(1.428016213145,0.237949817906,0.831431114354)
  );
#298 = CARTESIAN_POINT('',(1.428016213145,0.216130498032,0.831431114354)
  );
#299 = ORIENTED_EDGE('',*,*,#300,.F.);
#300 = EDGE_CURVE('',#301,#294,#303,.T.);
#301 = VERTEX_POINT('',#302);
#302 = CARTESIAN_POINT('',(1.428988639706,0.237949817906,0.824511939845)
  );
#303 = B_SPLINE_CURVE_WITH_KNOTS('',1,(#304,#305),.UNSPECIFIED.,.F.,.F.,
  (2,2),(-6.987173197589E-03,0.),.PIECEWISE_BEZIER_KNOTS.);
#304 = CARTESIAN_POINT('',(1.428988639706,0.237949817906,0.824511939845)
  );
#305 = CARTESIAN_POINT('',(1.428016213145,0.237949817906,0.831431114354)
  );
#306 = ORIENTED_EDGE('',*,*,#307,.F.);
#307 = EDGE_CURVE('',#308,#301,#310,.T.);
#308 = VERTEX_POINT('',#309);
#309 = CARTESIAN_POINT('',(1.428988639706,0.216130498032,0.824511939845)
  );
#310 = B_SPLINE_CURVE_WITH_KNOTS('',1,(#311,#312),.UNSPECIFIED.,.F.,.F.,
  (2,2),(-2.181931987358E-02,0.),.PIECEWISE_BEZIER_KNOTS.);
#311 = CARTESIAN_POINT('',(1.428988639706,0.216130498032,0.824511939845)
  );
#312 = CARTESIAN_POINT('',(1.428988639706,0.237949817906,0.824511939845)
  );
#313 = ORIENTED_EDGE('',*,*,#314,.F.);
#314 = EDGE_CURVE('',#238,#308,#315,.T.);
#315 = B_SPLINE_CURVE_WITH_KNOTS('',1,(#316,#317),.UNSPECIFIED.,.F.,.F.,
  (2,2),(-2.052482126799E-02,0.),.PIECEWISE_BEZIER_KNOTS.);
#316 = CARTESIAN_POINT('',(1.431845142729,0.216130498032,0.804186864727)
  );
#317 = CARTESIAN_POINT('',(1.428988639706,0.216130498032,0.824511939845)
  );
#318 = FACE_BOUND('',#319,.T.);
#319 = EDGE_LOOP('',(#320,#329,#336,#343,#352,#361,#368,#377,#386,#393,
    #400,#407,#414,#421,#428));
#320 = ORIENTED_EDGE('',*,*,#321,.F.);
#321 = EDGE_CURVE('',#322,#324,#326,.T.);
#322 = VERTEX_POINT('',#323);
#323 = CARTESIAN_POINT('',(1.426748585664,0.192096493797,0.840450752552)
  );
#324 = VERTEX_POINT('',#325);
#325 = CARTESIAN_POINT('',(1.431315517548,0.180196464444,0.8079553437));
#326 = B_SPLINE_CURVE_WITH_KNOTS('',1,(#327,#328),.UNSPECIFIED.,.F.,.F.,
  (2,2),(-3.490586142583E-02,-2.905135540255E-17),
  .PIECEWISE_BEZIER_KNOTS.);
#327 = CARTESIAN_POINT('',(1.426748585664,0.192096493797,0.840450752552)
  );
#328 = CARTESIAN_POINT('',(1.431315517548,0.180196464444,0.8079553437));
#329 = ORIENTED_EDGE('',*,*,#330,.F.);
#330 = EDGE_CURVE('',#331,#322,#333,.T.);
#331 = VERTEX_POINT('',#332);
#332 = CARTESIAN_POINT('',(1.426748585664,0.200019449119,0.840450752552)
  );
#333 = B_SPLINE_CURVE_WITH_KNOTS('',1,(#334,#335),.UNSPECIFIED.,.F.,.F.,
  (2,2),(-7.922955322041E-03,-0.),.PIECEWISE_BEZIER_KNOTS.);
#334 = CARTESIAN_POINT('',(1.426748585664,0.200019449119,0.840450752552)
  );
#335 = CARTESIAN_POINT('',(1.426748585664,0.192096493797,0.840450752552)
  );
#336 = ORIENTED_EDGE('',*,*,#337,.F.);
#337 = EDGE_CURVE('',#338,#331,#340,.T.);
#338 = VERTEX_POINT('',#339);
#339 = CARTESIAN_POINT('',(1.43372921919,0.180243253551,0.790780964117)
  );
#340 = B_SPLINE_CURVE_WITH_KNOTS('',1,(#341,#342),.UNSPECIFIED.,.F.,.F.,
  (2,2),(-5.39158143662E-02,0.),.PIECEWISE_BEZIER_KNOTS.);
#341 = CARTESIAN_POINT('',(1.43372921919,0.180243253551,0.790780964117)
  );
#342 = CARTESIAN_POINT('',(1.426748585664,0.200019449119,0.840450752552)
  );
#343 = ORIENTED_EDGE('',*,*,#344,.F.);
#344 = EDGE_CURVE('',#345,#338,#347,.T.);
#345 = VERTEX_POINT('',#346);
#346 = CARTESIAN_POINT('',(1.435669731122,0.164693673912,0.776973504272)
  );
#347 = B_SPLINE_CURVE_WITH_KNOTS('',3,(#348,#349,#350,#351),
  .UNSPECIFIED.,.F.,.F.,(4,4),(1.,2.),.PIECEWISE_BEZIER_KNOTS.);
#348 = CARTESIAN_POINT('',(1.435669731122,0.164693673912,0.776973504272)
  );
#349 = CARTESIAN_POINT('',(1.435669731122,0.171384516103,0.776973504272)
  );
#350 = CARTESIAN_POINT('',(1.435022893812,0.176562510527,0.781575990887)
  );
#351 = CARTESIAN_POINT('',(1.43372921919,0.180243253551,0.790780964117)
  );
#352 = ORIENTED_EDGE('',*,*,#353,.F.);
#353 = EDGE_CURVE('',#354,#345,#356,.T.);
#354 = VERTEX_POINT('',#355);
#355 = CARTESIAN_POINT('',(1.435582907322,0.159765221389,0.77759128771)
  );
#356 = B_SPLINE_CURVE_WITH_KNOTS('',3,(#357,#358,#359,#360),
  .UNSPECIFIED.,.F.,.F.,(4,4),(2.,3.),.PIECEWISE_BEZIER_KNOTS.);
#357 = CARTESIAN_POINT('',(1.435582907322,0.159765221389,0.77759128771)
  );
#358 = CARTESIAN_POINT('',(1.435639342792,0.161122105469,0.777189728475)
  );
#359 = CARTESIAN_POINT('',(1.435669731122,0.162775320556,0.776973504272)
  );
#360 = CARTESIAN_POINT('',(1.435669731122,0.164693673912,0.776973504272)
  );
#361 = ORIENTED_EDGE('',*,*,#362,.F.);
#362 = EDGE_CURVE('',#363,#354,#365,.T.);
#363 = VERTEX_POINT('',#364);
#364 = CARTESIAN_POINT('',(1.434636527901,0.159765221389,0.784325127187)
  );
#365 = B_SPLINE_CURVE_WITH_KNOTS('',1,(#366,#367),.UNSPECIFIED.,.F.,.F.,
  (2,2),(-6.800016772865E-03,1.408444772657E-16),
  .PIECEWISE_BEZIER_KNOTS.);
#366 = CARTESIAN_POINT('',(1.434636527901,0.159765221389,0.784325127187)
  );
#367 = CARTESIAN_POINT('',(1.435582907322,0.159765221389,0.77759128771)
  );
#368 = ORIENTED_EDGE('',*,*,#369,.F.);
#369 = EDGE_CURVE('',#370,#363,#372,.T.);
#370 = VERTEX_POINT('',#371);
#371 = CARTESIAN_POINT('',(1.434758081221,0.1641010119,0.783460230373));
#372 = B_SPLINE_CURVE_WITH_KNOTS('',3,(#373,#374,#375,#376),
  .UNSPECIFIED.,.F.,.F.,(4,4),(4.,5.),.PIECEWISE_BEZIER_KNOTS.);
#373 = CARTESIAN_POINT('',(1.434758081221,0.1641010119,0.783460230373));
#374 = CARTESIAN_POINT('',(1.434758081221,0.162697338713,0.783460230373)
  );
#375 = CARTESIAN_POINT('',(1.434719010511,0.161262472788,0.783738232921)
  );
#376 = CARTESIAN_POINT('',(1.434636527901,0.159765221389,0.784325127187)
  );
#377 = ORIENTED_EDGE('',*,*,#378,.F.);
#378 = EDGE_CURVE('',#379,#370,#381,.T.);
#379 = VERTEX_POINT('',#380);
#380 = CARTESIAN_POINT('',(1.433902866791,0.171930389009,0.78954539724)
  );
#381 = B_SPLINE_CURVE_WITH_KNOTS('',3,(#382,#383,#384,#385),
  .UNSPECIFIED.,.F.,.F.,(4,4),(5.,6.),.PIECEWISE_BEZIER_KNOTS.);
#382 = CARTESIAN_POINT('',(1.433902866791,0.171930389009,0.78954539724)
  );
#383 = CARTESIAN_POINT('',(1.434475903871,0.170199192079,0.785468026548)
  );
#384 = CARTESIAN_POINT('',(1.434758081221,0.167594598499,0.783460230373)
  );
#385 = CARTESIAN_POINT('',(1.434758081221,0.1641010119,0.783460230373));
#386 = ORIENTED_EDGE('',*,*,#387,.F.);
#387 = EDGE_CURVE('',#388,#379,#390,.T.);
#388 = VERTEX_POINT('',#389);
#389 = CARTESIAN_POINT('',(1.43280020453,0.17528360829,0.797391246906));
#390 = B_SPLINE_CURVE_WITH_KNOTS('',1,(#391,#392),.UNSPECIFIED.,.F.,.F.,
  (2,2),(-8.603330784243E-03,3.927673431038E-17),
  .PIECEWISE_BEZIER_KNOTS.);
#391 = CARTESIAN_POINT('',(1.43280020453,0.17528360829,0.797391246906));
#392 = CARTESIAN_POINT('',(1.433902866791,0.171930389009,0.78954539724)
  );
#393 = ORIENTED_EDGE('',*,*,#394,.F.);
#394 = EDGE_CURVE('',#395,#388,#397,.T.);
#395 = VERTEX_POINT('',#396);
#396 = CARTESIAN_POINT('',(1.426748585664,0.158189988145,0.840450752552)
  );
#397 = B_SPLINE_CURVE_WITH_KNOTS('',1,(#398,#399),.UNSPECIFIED.,.F.,.F.,
  (2,2),(-4.672188959154E-02,0.),.PIECEWISE_BEZIER_KNOTS.);
#398 = CARTESIAN_POINT('',(1.426748585664,0.158189988145,0.840450752552)
  );
#399 = CARTESIAN_POINT('',(1.43280020453,0.17528360829,0.797391246906));
#400 = ORIENTED_EDGE('',*,*,#401,.F.);
#401 = EDGE_CURVE('',#402,#395,#404,.T.);
#402 = VERTEX_POINT('',#403);
#403 = CARTESIAN_POINT('',(1.426748585664,0.166736798218,0.840450752552)
  );
#404 = B_SPLINE_CURVE_WITH_KNOTS('',1,(#405,#406),.UNSPECIFIED.,.F.,.F.,
  (2,2),(-8.546810072159E-03,-0.),.PIECEWISE_BEZIER_KNOTS.);
#405 = CARTESIAN_POINT('',(1.426748585664,0.166736798218,0.840450752552)
  );
#406 = CARTESIAN_POINT('',(1.426748585664,0.158189988145,0.840450752552)
  );
#407 = ORIENTED_EDGE('',*,*,#408,.F.);
#408 = EDGE_CURVE('',#409,#402,#411,.T.);
#409 = VERTEX_POINT('',#410);
#410 = CARTESIAN_POINT('',(1.431306835168,0.178122147401,0.808017122044)
  );
#411 = B_SPLINE_CURVE_WITH_KNOTS('',1,(#412,#413),.UNSPECIFIED.,.F.,.F.,
  (2,2),(-3.467483529186E-02,0.),.PIECEWISE_BEZIER_KNOTS.);
#412 = CARTESIAN_POINT('',(1.431306835168,0.178122147401,0.808017122044)
  );
#413 = CARTESIAN_POINT('',(1.426748585664,0.166736798218,0.840450752552)
  );
#414 = ORIENTED_EDGE('',*,*,#415,.F.);
#415 = EDGE_CURVE('',#416,#409,#418,.T.);
#416 = VERTEX_POINT('',#417);
#417 = CARTESIAN_POINT('',(1.431806072019,0.179057929526,0.804464867274)
  );
#418 = B_SPLINE_CURVE_WITH_KNOTS('',1,(#419,#420),.UNSPECIFIED.,.F.,.F.,
  (2,2),(-3.707214529685E-03,0.),.PIECEWISE_BEZIER_KNOTS.);
#419 = CARTESIAN_POINT('',(1.431806072019,0.179057929526,0.804464867274)
  );
#420 = CARTESIAN_POINT('',(1.431306835168,0.178122147401,0.808017122044)
  );
#421 = ORIENTED_EDGE('',*,*,#422,.F.);
#422 = EDGE_CURVE('',#423,#416,#425,.T.);
#423 = VERTEX_POINT('',#424);
#424 = CARTESIAN_POINT('',(1.431806072019,0.179260682319,0.804464867274)
  );
#425 = B_SPLINE_CURVE_WITH_KNOTS('',1,(#426,#427),.UNSPECIFIED.,.F.,.F.,
  (2,2),(-2.027527934504E-04,-0.),.PIECEWISE_BEZIER_KNOTS.);
#426 = CARTESIAN_POINT('',(1.431806072019,0.179260682319,0.804464867274)
  );
#427 = CARTESIAN_POINT('',(1.431806072019,0.179057929526,0.804464867274)
  );
#428 = ORIENTED_EDGE('',*,*,#429,.F.);
#429 = EDGE_CURVE('',#324,#423,#430,.T.);
#430 = B_SPLINE_CURVE_WITH_KNOTS('',3,(#431,#432,#433,#434),
  .UNSPECIFIED.,.F.,.F.,(4,4),(12.,13.),.PIECEWISE_BEZIER_KNOTS.);
#431 = CARTESIAN_POINT('',(1.431315517548,0.180196464444,0.8079553437));
#432 = CARTESIAN_POINT('',(1.431528235858,0.179728573382,0.806441774276)
  );
#433 = CARTESIAN_POINT('',(1.431693201079,0.179416646007,0.805267985744)
  );
#434 = CARTESIAN_POINT('',(1.431806072019,0.179260682319,0.804464867274)
  );
#435 = FACE_BOUND('',#436,.T.);
#436 = EDGE_LOOP('',(#437,#446,#455,#464,#473,#482,#491,#500,#509,#518,
    #527,#534,#543,#552,#561,#570,#579,#588,#597,#606,#615));
#437 = ORIENTED_EDGE('',*,*,#438,.F.);
#438 = EDGE_CURVE('',#439,#441,#443,.T.);
#439 = VERTEX_POINT('',#440);
#440 = CARTESIAN_POINT('',(1.431502188718,0.124782566294,0.806627109308)
  );
#441 = VERTEX_POINT('',#442);
#442 = CARTESIAN_POINT('',(1.432600509789,0.124782566294,0.798812148814)
  );
#443 = B_SPLINE_CURVE_WITH_KNOTS('',1,(#444,#445),.UNSPECIFIED.,.F.,.F.,
  (2,2),(-7.891762584584E-03,0.),.PIECEWISE_BEZIER_KNOTS.);
#444 = CARTESIAN_POINT('',(1.431502188718,0.124782566294,0.806627109308)
  );
#445 = CARTESIAN_POINT('',(1.432600509789,0.124782566294,0.798812148814)
  );
#446 = ORIENTED_EDGE('',*,*,#447,.F.);
#447 = EDGE_CURVE('',#448,#439,#450,.T.);
#448 = VERTEX_POINT('',#449);
#449 = CARTESIAN_POINT('',(1.432088249369,0.137353239502,0.8024570711));
#450 = B_SPLINE_CURVE_WITH_KNOTS('',3,(#451,#452,#453,#454),
  .UNSPECIFIED.,.F.,.F.,(4,4),(0.,1.),.PIECEWISE_BEZIER_KNOTS.);
#451 = CARTESIAN_POINT('',(1.432088249369,0.137353239502,0.8024570711));
#452 = CARTESIAN_POINT('',(1.432088249369,0.132861485304,0.8024570711));
#453 = CARTESIAN_POINT('',(1.431892895819,0.12868165848,0.803847083836)
  );
#454 = CARTESIAN_POINT('',(1.431502188718,0.124782566294,0.806627109308)
  );
#455 = ORIENTED_EDGE('',*,*,#456,.F.);
#456 = EDGE_CURVE('',#457,#448,#459,.T.);
#457 = VERTEX_POINT('',#458);
#458 = CARTESIAN_POINT('',(1.431267764458,0.146367940637,0.808295124591)
  );
#459 = B_SPLINE_CURVE_WITH_KNOTS('',3,(#460,#461,#462,#463),
  .UNSPECIFIED.,.F.,.F.,(4,4),(1.,2.),.PIECEWISE_BEZIER_KNOTS.);
#460 = CARTESIAN_POINT('',(1.431267764458,0.146367940637,0.808295124591)
  );
#461 = CARTESIAN_POINT('',(1.431814754399,0.146367940637,0.80440308893)
  );
#462 = CARTESIAN_POINT('',(1.432088249369,0.143357841469,0.8024570711));
#463 = CARTESIAN_POINT('',(1.432088249369,0.137353239502,0.8024570711));
#464 = ORIENTED_EDGE('',*,*,#465,.F.);
#465 = EDGE_CURVE('',#466,#457,#468,.T.);
#466 = VERTEX_POINT('',#467);
#467 = CARTESIAN_POINT('',(1.430690386188,0.144402798175,0.812403384455)
  );
#468 = B_SPLINE_CURVE_WITH_KNOTS('',3,(#469,#470,#471,#472),
  .UNSPECIFIED.,.F.,.F.,(4,4),(2.,3.),.PIECEWISE_BEZIER_KNOTS.);
#469 = CARTESIAN_POINT('',(1.430690386188,0.144402798175,0.812403384455)
  );
#470 = CARTESIAN_POINT('',(1.430842327838,0.14571289315,0.811322263438)
  );
#471 = CARTESIAN_POINT('',(1.431033340198,0.146367940637,0.809963139875)
  );
#472 = CARTESIAN_POINT('',(1.431267764458,0.146367940637,0.808295124591)
  );
#473 = ORIENTED_EDGE('',*,*,#474,.F.);
#474 = EDGE_CURVE('',#475,#466,#477,.T.);
#475 = VERTEX_POINT('',#476);
#476 = CARTESIAN_POINT('',(1.430147737437,0.136401861009,0.816264530945)
  );
#477 = B_SPLINE_CURVE_WITH_KNOTS('',3,(#478,#479,#480,#481),
  .UNSPECIFIED.,.F.,.F.,(4,4),(3.,4.),.PIECEWISE_BEZIER_KNOTS.);
#478 = CARTESIAN_POINT('',(1.430147737437,0.136401861009,0.816264530945)
  );
#479 = CARTESIAN_POINT('',(1.430356114557,0.140425724145,0.814781850693)
  );
#480 = CARTESIAN_POINT('',(1.430538444538,0.1430927032,0.813484505472));
#481 = CARTESIAN_POINT('',(1.430690386188,0.144402798175,0.812403384455)
  );
#482 = ORIENTED_EDGE('',*,*,#483,.F.);
#483 = EDGE_CURVE('',#484,#475,#486,.T.);
#484 = VERTEX_POINT('',#485);
#485 = CARTESIAN_POINT('',(1.429344617286,0.126997250656,0.821979027748)
  );
#486 = B_SPLINE_CURVE_WITH_KNOTS('',3,(#487,#488,#489,#490),
  .UNSPECIFIED.,.F.,.F.,(4,4),(4.,5.),.PIECEWISE_BEZIER_KNOTS.);
#487 = CARTESIAN_POINT('',(1.429344617286,0.126997250656,0.821979027748)
  );
#488 = CARTESIAN_POINT('',(1.429609429877,0.12843211658,0.820094788262)
  );
#489 = CARTESIAN_POINT('',(1.429878583657,0.131582583067,0.818179659603)
  );
#490 = CARTESIAN_POINT('',(1.430147737437,0.136401861009,0.816264530945)
  );
#491 = ORIENTED_EDGE('',*,*,#492,.F.);
#492 = EDGE_CURVE('',#493,#484,#495,.T.);
#493 = VERTEX_POINT('',#494);
#494 = CARTESIAN_POINT('',(1.428385214296,0.1248293554,0.828805534741));
#495 = B_SPLINE_CURVE_WITH_KNOTS('',3,(#496,#497,#498,#499),
  .UNSPECIFIED.,.F.,.F.,(4,4),(5.,6.),.PIECEWISE_BEZIER_KNOTS.);
#496 = CARTESIAN_POINT('',(1.428385214296,0.1248293554,0.828805534741));
#497 = CARTESIAN_POINT('',(1.428758556636,0.1248293554,0.826149065956));
#498 = CARTESIAN_POINT('',(1.429079804696,0.125546788363,0.823863267235)
  );
#499 = CARTESIAN_POINT('',(1.429344617286,0.126997250656,0.821979027748)
  );
#500 = ORIENTED_EDGE('',*,*,#501,.F.);
#501 = EDGE_CURVE('',#502,#493,#504,.T.);
#502 = VERTEX_POINT('',#503);
#503 = CARTESIAN_POINT('',(1.427091539674,0.129726615186,0.838010507971)
  );
#504 = B_SPLINE_CURVE_WITH_KNOTS('',3,(#505,#506,#507,#508),
  .UNSPECIFIED.,.F.,.F.,(4,4),(6.,7.),.PIECEWISE_BEZIER_KNOTS.);
#505 = CARTESIAN_POINT('',(1.427091539674,0.129726615186,0.838010507971)
  );
#506 = CARTESIAN_POINT('',(1.427417128925,0.126466974119,0.835693820078)
  );
#507 = CARTESIAN_POINT('',(1.427846906735,0.1248293554,0.832635792058));
#508 = CARTESIAN_POINT('',(1.428385214296,0.1248293554,0.828805534741));
#509 = ORIENTED_EDGE('',*,*,#510,.F.);
#510 = EDGE_CURVE('',#511,#502,#513,.T.);
#511 = VERTEX_POINT('',#512);
#512 = CARTESIAN_POINT('',(1.426609667584,0.141798204595,0.841439206053)
  );
#513 = B_SPLINE_CURVE_WITH_KNOTS('',3,(#514,#515,#516,#517),
  .UNSPECIFIED.,.F.,.F.,(4,4),(7.,8.),.PIECEWISE_BEZIER_KNOTS.);
#514 = CARTESIAN_POINT('',(1.426609667584,0.141798204595,0.841439206053)
  );
#515 = CARTESIAN_POINT('',(1.426609667584,0.137025715759,0.841439206053)
  );
#516 = CARTESIAN_POINT('',(1.426770291614,0.133001852623,0.840296306693)
  );
#517 = CARTESIAN_POINT('',(1.427091539674,0.129726615186,0.838010507971)
  );
#518 = ORIENTED_EDGE('',*,*,#519,.F.);
#519 = EDGE_CURVE('',#520,#511,#522,.T.);
#520 = VERTEX_POINT('',#521);
#521 = CARTESIAN_POINT('',(1.426878821364,0.152123000704,0.839524077395)
  );
#522 = B_SPLINE_CURVE_WITH_KNOTS('',3,(#523,#524,#525,#526),
  .UNSPECIFIED.,.F.,.F.,(4,4),(8.,9.),.PIECEWISE_BEZIER_KNOTS.);
#523 = CARTESIAN_POINT('',(1.426878821364,0.152123000704,0.839524077395)
  );
#524 = CARTESIAN_POINT('',(1.426696491384,0.14894134148,0.840821422615)
  );
#525 = CARTESIAN_POINT('',(1.426609667584,0.145510140356,0.841439206053)
  );
#526 = CARTESIAN_POINT('',(1.426609667584,0.141798204595,0.841439206053)
  );
#527 = ORIENTED_EDGE('',*,*,#528,.F.);
#528 = EDGE_CURVE('',#529,#520,#531,.T.);
#529 = VERTEX_POINT('',#530);
#530 = CARTESIAN_POINT('',(1.427912024585,0.152123000704,0.832172454479)
  );
#531 = B_SPLINE_CURVE_WITH_KNOTS('',1,(#532,#533),.UNSPECIFIED.,.F.,.F.,
  (2,2),(-7.423871522359E-03,0.),.PIECEWISE_BEZIER_KNOTS.);
#532 = CARTESIAN_POINT('',(1.427912024585,0.152123000704,0.832172454479)
  );
#533 = CARTESIAN_POINT('',(1.426878821364,0.152123000704,0.839524077395)
  );
#534 = ORIENTED_EDGE('',*,*,#535,.F.);
#535 = EDGE_CURVE('',#536,#529,#538,.T.);
#536 = VERTEX_POINT('',#537);
#537 = CARTESIAN_POINT('',(1.427473564395,0.141049578895,0.835292260843)
  );
#538 = B_SPLINE_CURVE_WITH_KNOTS('',3,(#539,#540,#541,#542),
  .UNSPECIFIED.,.F.,.F.,(4,4),(10.,11.),.PIECEWISE_BEZIER_KNOTS.);
#539 = CARTESIAN_POINT('',(1.427473564395,0.141049578895,0.835292260843)
  );
#540 = CARTESIAN_POINT('',(1.427473564395,0.145182616612,0.835292260843)
  );
#541 = CARTESIAN_POINT('',(1.427621164855,0.148863359636,0.834242028998)
  );
#542 = CARTESIAN_POINT('',(1.427912024585,0.152123000704,0.832172454479)
  );
#543 = ORIENTED_EDGE('',*,*,#544,.F.);
#544 = EDGE_CURVE('',#545,#536,#547,.T.);
#545 = VERTEX_POINT('',#546);
#546 = CARTESIAN_POINT('',(1.427699306275,0.135029380559,0.833686023903)
  );
#547 = B_SPLINE_CURVE_WITH_KNOTS('',3,(#548,#549,#550,#551),
  .UNSPECIFIED.,.F.,.F.,(4,4),(11.,12.),.PIECEWISE_BEZIER_KNOTS.);
#548 = CARTESIAN_POINT('',(1.427699306275,0.135029380559,0.833686023903)
  );
#549 = CARTESIAN_POINT('',(1.427547364625,0.136573421065,0.83476714492)
  );
#550 = CARTESIAN_POINT('',(1.427473564395,0.138585352633,0.835292260843)
  );
#551 = CARTESIAN_POINT('',(1.427473564395,0.141049578895,0.835292260843)
  );
#552 = ORIENTED_EDGE('',*,*,#553,.F.);
#553 = EDGE_CURVE('',#554,#545,#556,.T.);
#554 = VERTEX_POINT('',#555);
#555 = CARTESIAN_POINT('',(1.428289708116,0.132705521616,0.829485096523)
  );
#556 = B_SPLINE_CURVE_WITH_KNOTS('',3,(#557,#558,#559,#560),
  .UNSPECIFIED.,.F.,.F.,(4,4),(12.,13.),.PIECEWISE_BEZIER_KNOTS.);
#557 = CARTESIAN_POINT('',(1.428289708116,0.132705521616,0.829485096523)
  );
#558 = CARTESIAN_POINT('',(1.428046601475,0.132705521616,0.83121489015)
  );
#559 = CARTESIAN_POINT('',(1.427846906735,0.133485340054,0.832635792058)
  );
#560 = CARTESIAN_POINT('',(1.427699306275,0.135029380559,0.833686023903)
  );
#561 = ORIENTED_EDGE('',*,*,#562,.F.);
#562 = EDGE_CURVE('',#563,#554,#565,.T.);
#563 = VERTEX_POINT('',#564);
#564 = CARTESIAN_POINT('',(1.428854062816,0.134374333072,0.825469504175)
  );
#565 = B_SPLINE_CURVE_WITH_KNOTS('',3,(#566,#567,#568,#569),
  .UNSPECIFIED.,.F.,.F.,(4,4),(13.,14.),.PIECEWISE_BEZIER_KNOTS.);
#566 = CARTESIAN_POINT('',(1.428854062816,0.134374333072,0.825469504175)
  );
#567 = CARTESIAN_POINT('',(1.428719485926,0.133266990891,0.826427068504)
  );
#568 = CARTESIAN_POINT('',(1.428532814756,0.132705521616,0.827755302896)
  );
#569 = CARTESIAN_POINT('',(1.428289708116,0.132705521616,0.829485096523)
  );
#570 = ORIENTED_EDGE('',*,*,#571,.F.);
#571 = EDGE_CURVE('',#572,#563,#574,.T.);
#572 = VERTEX_POINT('',#573);
#573 = CARTESIAN_POINT('',(1.429375005617,0.141798204595,0.821762803545)
  );
#574 = B_SPLINE_CURVE_WITH_KNOTS('',3,(#575,#576,#577,#578),
  .UNSPECIFIED.,.F.,.F.,(4,4),(14.,15.),.PIECEWISE_BEZIER_KNOTS.);
#575 = CARTESIAN_POINT('',(1.429375005617,0.141798204595,0.821762803545)
  );
#576 = CARTESIAN_POINT('',(1.429166628496,0.137961497883,0.823245483797)
  );
#577 = CARTESIAN_POINT('',(1.428992980896,0.135497271622,0.824481050673)
  );
#578 = CARTESIAN_POINT('',(1.428854062816,0.134374333072,0.825469504175)
  );
#579 = ORIENTED_EDGE('',*,*,#580,.F.);
#580 = EDGE_CURVE('',#581,#572,#583,.T.);
#581 = VERTEX_POINT('',#582);
#582 = CARTESIAN_POINT('',(1.430160761007,0.151655109641,0.816171863429)
  );
#583 = B_SPLINE_CURVE_WITH_KNOTS('',3,(#584,#585,#586,#587),
  .UNSPECIFIED.,.F.,.F.,(4,4),(15.,16.),.PIECEWISE_BEZIER_KNOTS.);
#584 = CARTESIAN_POINT('',(1.430160761007,0.151655109641,0.816171863429)
  );
#585 = CARTESIAN_POINT('',(1.429891607227,0.149939509079,0.818086992087)
  );
#586 = CARTESIAN_POINT('',(1.429626794637,0.146664271643,0.819971231574)
  );
#587 = CARTESIAN_POINT('',(1.429375005617,0.141798204595,0.821762803545)
  );
#588 = ORIENTED_EDGE('',*,*,#589,.F.);
#589 = EDGE_CURVE('',#590,#581,#592,.T.);
#590 = VERTEX_POINT('',#591);
#591 = CARTESIAN_POINT('',(1.431163575898,0.154212914115,0.809036464717)
  );
#592 = B_SPLINE_CURVE_WITH_KNOTS('',3,(#593,#594,#595,#596),
  .UNSPECIFIED.,.F.,.F.,(4,4),(16.,17.),.PIECEWISE_BEZIER_KNOTS.);
#593 = CARTESIAN_POINT('',(1.431163575898,0.154212914115,0.809036464717)
  );
#594 = CARTESIAN_POINT('',(1.430764186418,0.154212914115,0.811878268533)
  );
#595 = CARTESIAN_POINT('',(1.430429914787,0.153355113834,0.81425673477)
  );
#596 = CARTESIAN_POINT('',(1.430160761007,0.151655109641,0.816171863429)
  );
#597 = ORIENTED_EDGE('',*,*,#598,.F.);
#598 = EDGE_CURVE('',#599,#590,#601,.T.);
#599 = VERTEX_POINT('',#600);
#600 = CARTESIAN_POINT('',(1.432474615279,0.149300057961,0.799707934799)
  );
#601 = B_SPLINE_CURVE_WITH_KNOTS('',3,(#602,#603,#604,#605),
  .UNSPECIFIED.,.F.,.F.,(4,4),(17.,18.),.PIECEWISE_BEZIER_KNOTS.);
#602 = CARTESIAN_POINT('',(1.432474615279,0.149300057961,0.799707934799)
  );
#603 = CARTESIAN_POINT('',(1.432157708409,0.152575295397,0.801962844349)
  );
#604 = CARTESIAN_POINT('',(1.431719248219,0.154212914115,0.805082650712)
  );
#605 = CARTESIAN_POINT('',(1.431163575898,0.154212914115,0.809036464717)
  );
#606 = ORIENTED_EDGE('',*,*,#607,.F.);
#607 = EDGE_CURVE('',#608,#599,#610,.T.);
#608 = VERTEX_POINT('',#609);
#609 = CARTESIAN_POINT('',(1.43295648737,0.136604613803,0.796279236717)
  );
#610 = B_SPLINE_CURVE_WITH_KNOTS('',3,(#611,#612,#613,#614),
  .UNSPECIFIED.,.F.,.F.,(4,4),(18.,19.),.PIECEWISE_BEZIER_KNOTS.);
#611 = CARTESIAN_POINT('',(1.43295648737,0.136604613803,0.796279236717)
  );
#612 = CARTESIAN_POINT('',(1.43295648737,0.141798204595,0.796279236717)
  );
#613 = CARTESIAN_POINT('',(1.43279586334,0.146040416893,0.797422136078)
  );
#614 = CARTESIAN_POINT('',(1.432474615279,0.149300057961,0.799707934799)
  );
#615 = ORIENTED_EDGE('',*,*,#616,.F.);
#616 = EDGE_CURVE('',#441,#608,#617,.T.);
#617 = B_SPLINE_CURVE_WITH_KNOTS('',3,(#618,#619,#620,#621),
  .UNSPECIFIED.,.F.,.F.,(4,4),(19.,20.),.PIECEWISE_BEZIER_KNOTS.);
#618 = CARTESIAN_POINT('',(1.432600509789,0.124782566294,0.798812148814)
  );
#619 = CARTESIAN_POINT('',(1.43283493405,0.128151381943,0.797144133531)
  );
#620 = CARTESIAN_POINT('',(1.43295648737,0.132081666867,0.796279236717)
  );
#621 = CARTESIAN_POINT('',(1.43295648737,0.136604613803,0.796279236717)
  );
#622 = FACE_BOUND('',#623,.T.);
#623 = EDGE_LOOP('',(#624,#633,#642,#651,#658,#665,#672,#679,#688,#697,
    #706,#715,#722,#731));
#624 = ORIENTED_EDGE('',*,*,#625,.F.);
#625 = EDGE_CURVE('',#626,#628,#630,.T.);
#626 = VERTEX_POINT('',#627);
#627 = CARTESIAN_POINT('',(1.427174022285,8.367053828285E-02,
    0.837423613705));
#628 = VERTEX_POINT('',#629);
#629 = CARTESIAN_POINT('',(1.428207225505,8.367053828285E-02,
    0.830071990789));
#630 = B_SPLINE_CURVE_WITH_KNOTS('',1,(#631,#632),.UNSPECIFIED.,.F.,.F.,
  (2,2),(-7.423871522777E-03,0.),.PIECEWISE_BEZIER_KNOTS.);
#631 = CARTESIAN_POINT('',(1.427174022285,8.367053828285E-02,
    0.837423613705));
#632 = CARTESIAN_POINT('',(1.428207225505,8.367053828285E-02,
    0.830071990789));
#633 = ORIENTED_EDGE('',*,*,#634,.F.);
#634 = EDGE_CURVE('',#635,#626,#637,.T.);
#635 = VERTEX_POINT('',#636);
#636 = CARTESIAN_POINT('',(1.426609667584,9.867424501547E-02,
    0.841439206053));
#637 = B_SPLINE_CURVE_WITH_KNOTS('',3,(#638,#639,#640,#641),
  .UNSPECIFIED.,.F.,.F.,(4,4),(0.,1.),.PIECEWISE_BEZIER_KNOTS.);
#638 = CARTESIAN_POINT('',(1.426609667584,9.867424501547E-02,
    0.841439206053));
#639 = CARTESIAN_POINT('',(1.426609667584,9.29971667924E-02,
    0.841439206053));
#640 = CARTESIAN_POINT('',(1.426796338754,8.799073242521E-02,
    0.840110971661));
#641 = CARTESIAN_POINT('',(1.427174022285,8.367053828285E-02,
    0.837423613705));
#642 = ORIENTED_EDGE('',*,*,#643,.F.);
#643 = EDGE_CURVE('',#644,#635,#646,.T.);
#644 = VERTEX_POINT('',#645);
#645 = CARTESIAN_POINT('',(1.428910498286,0.114426577448,0.825067944939)
  );
#646 = B_SPLINE_CURVE_WITH_KNOTS('',3,(#647,#648,#649,#650),
  .UNSPECIFIED.,.F.,.F.,(4,4),(1.,2.),.PIECEWISE_BEZIER_KNOTS.);
#647 = CARTESIAN_POINT('',(1.428910498286,0.114426577448,0.825067944939)
  );
#648 = CARTESIAN_POINT('',(1.427373717025,0.114426577448,0.836002711797)
  );
#649 = CARTESIAN_POINT('',(1.426609667584,0.109170601181,0.841439206053)
  );
#650 = CARTESIAN_POINT('',(1.426609667584,9.867424501547E-02,
    0.841439206053));
#651 = ORIENTED_EDGE('',*,*,#652,.F.);
#652 = EDGE_CURVE('',#653,#644,#655,.T.);
#653 = VERTEX_POINT('',#654);
#654 = CARTESIAN_POINT('',(1.4328132281,0.114426577448,0.79729857939));
#655 = B_SPLINE_CURVE_WITH_KNOTS('',1,(#656,#657),.UNSPECIFIED.,.F.,.F.,
  (2,2),(-2.804227100272E-02,-2.507863183125E-16),
  .PIECEWISE_BEZIER_KNOTS.);
#656 = CARTESIAN_POINT('',(1.4328132281,0.114426577448,0.79729857939));
#657 = CARTESIAN_POINT('',(1.428910498286,0.114426577448,0.825067944939)
  );
#658 = ORIENTED_EDGE('',*,*,#659,.F.);
#659 = EDGE_CURVE('',#660,#653,#662,.T.);
#660 = VERTEX_POINT('',#661);
#661 = CARTESIAN_POINT('',(1.4328132281,0.106784356763,0.79729857939));
#662 = B_SPLINE_CURVE_WITH_KNOTS('',1,(#663,#664),.UNSPECIFIED.,.F.,.F.,
  (2,2),(-7.642220684954E-03,0.),.PIECEWISE_BEZIER_KNOTS.);
#663 = CARTESIAN_POINT('',(1.4328132281,0.106784356763,0.79729857939));
#664 = CARTESIAN_POINT('',(1.4328132281,0.114426577448,0.79729857939));
#665 = ORIENTED_EDGE('',*,*,#666,.F.);
#666 = EDGE_CURVE('',#667,#660,#669,.T.);
#667 = VERTEX_POINT('',#668);
#668 = CARTESIAN_POINT('',(1.431875531059,0.106784356763,0.803970640523)
  );
#669 = B_SPLINE_CURVE_WITH_KNOTS('',1,(#670,#671),.UNSPECIFIED.,.F.,.F.,
  (2,2),(-6.737631297541E-03,0.),.PIECEWISE_BEZIER_KNOTS.);
#670 = CARTESIAN_POINT('',(1.431875531059,0.106784356763,0.803970640523)
  );
#671 = CARTESIAN_POINT('',(1.4328132281,0.106784356763,0.79729857939));
#672 = ORIENTED_EDGE('',*,*,#673,.F.);
#673 = EDGE_CURVE('',#674,#667,#676,.T.);
#674 = VERTEX_POINT('',#675);
#675 = CARTESIAN_POINT('',(1.431875531059,0.106581603969,0.803970640523)
  );
#676 = B_SPLINE_CURVE_WITH_KNOTS('',1,(#677,#678),.UNSPECIFIED.,.F.,.F.,
  (2,2),(-2.027527936583E-04,0.),.PIECEWISE_BEZIER_KNOTS.);
#677 = CARTESIAN_POINT('',(1.431875531059,0.106581603969,0.803970640523)
  );
#678 = CARTESIAN_POINT('',(1.431875531059,0.106784356763,0.803970640523)
  );
#679 = ORIENTED_EDGE('',*,*,#680,.F.);
#680 = EDGE_CURVE('',#681,#674,#683,.T.);
#681 = VERTEX_POINT('',#682);
#682 = CARTESIAN_POINT('',(1.43295648737,9.323111232351E-02,
    0.796279236717));
#683 = B_SPLINE_CURVE_WITH_KNOTS('',3,(#684,#685,#686,#687),
  .UNSPECIFIED.,.F.,.F.,(4,4),(6.,7.),.PIECEWISE_BEZIER_KNOTS.);
#684 = CARTESIAN_POINT('',(1.43295648737,9.323111232351E-02,
    0.796279236717));
#685 = CARTESIAN_POINT('',(1.43295648737,9.911094334024E-02,
    0.796279236717));
#686 = CARTESIAN_POINT('',(1.432596168599,0.103571504801,0.798843037986)
  );
#687 = CARTESIAN_POINT('',(1.431875531059,0.106581603969,0.803970640523)
  );
#688 = ORIENTED_EDGE('',*,*,#689,.F.);
#689 = EDGE_CURVE('',#690,#681,#692,.T.);
#690 = VERTEX_POINT('',#691);
#691 = CARTESIAN_POINT('',(1.432478956469,8.315585811444E-02,
    0.799677045628));
#692 = B_SPLINE_CURVE_WITH_KNOTS('',3,(#693,#694,#695,#696),
  .UNSPECIFIED.,.F.,.F.,(4,4),(7.,8.),.PIECEWISE_BEZIER_KNOTS.);
#693 = CARTESIAN_POINT('',(1.432478956469,8.315585811444E-02,
    0.799677045628));
#694 = CARTESIAN_POINT('',(1.43279586334,8.565127711346E-02,
    0.797422136078));
#695 = CARTESIAN_POINT('',(1.43295648737,8.900449639372E-02,
    0.796279236717));
#696 = CARTESIAN_POINT('',(1.43295648737,9.323111232351E-02,
    0.796279236717));
#697 = ORIENTED_EDGE('',*,*,#698,.F.);
#698 = EDGE_CURVE('',#699,#690,#701,.T.);
#699 = VERTEX_POINT('',#700);
#700 = CARTESIAN_POINT('',(1.431189623038,7.94127296156E-02,
    0.808851129686));
#701 = B_SPLINE_CURVE_WITH_KNOTS('',3,(#702,#703,#704,#705),
  .UNSPECIFIED.,.F.,.F.,(4,4),(8.,9.),.PIECEWISE_BEZIER_KNOTS.);
#702 = CARTESIAN_POINT('',(1.431189623038,7.94127296156E-02,
    0.808851129686));
#703 = CARTESIAN_POINT('',(1.431732271789,7.94127296156E-02,
    0.804989983197));
#704 = CARTESIAN_POINT('',(1.432162049599,8.066043911522E-02,
    0.801931955177));
#705 = CARTESIAN_POINT('',(1.432478956469,8.315585811444E-02,
    0.799677045628));
#706 = ORIENTED_EDGE('',*,*,#707,.F.);
#707 = EDGE_CURVE('',#708,#699,#710,.T.);
#708 = VERTEX_POINT('',#709);
#709 = CARTESIAN_POINT('',(1.429210040396,9.387056344194E-02,
    0.822936592078));
#710 = B_SPLINE_CURVE_WITH_KNOTS('',3,(#711,#712,#713,#714),
  .UNSPECIFIED.,.F.,.F.,(4,4),(9.,10.),.PIECEWISE_BEZIER_KNOTS.);
#711 = CARTESIAN_POINT('',(1.429210040396,9.387056344194E-02,
    0.822936592078));
#712 = CARTESIAN_POINT('',(1.429396711567,8.423200755785E-02,
    0.821608357686));
#713 = CARTESIAN_POINT('',(1.430056572447,7.94127296156E-02,
    0.816913203555));
#714 = CARTESIAN_POINT('',(1.431189623038,7.94127296156E-02,
    0.808851129686));
#715 = ORIENTED_EDGE('',*,*,#716,.F.);
#716 = EDGE_CURVE('',#717,#708,#719,.T.);
#717 = VERTEX_POINT('',#718);
#718 = CARTESIAN_POINT('',(1.428958251376,0.106784356763,0.824728164049)
  );
#719 = B_SPLINE_CURVE_WITH_KNOTS('',1,(#720,#721),.UNSPECIFIED.,.F.,.F.,
  (2,2),(-1.303990742941E-02,0.),.PIECEWISE_BEZIER_KNOTS.);
#720 = CARTESIAN_POINT('',(1.428958251376,0.106784356763,0.824728164049)
  );
#721 = CARTESIAN_POINT('',(1.429210040396,9.387056344194E-02,
    0.822936592078));
#722 = ORIENTED_EDGE('',*,*,#723,.F.);
#723 = EDGE_CURVE('',#724,#717,#726,.T.);
#724 = VERTEX_POINT('',#725);
#725 = CARTESIAN_POINT('',(1.427473564395,9.795681205319E-02,
    0.835292260843));
#726 = B_SPLINE_CURVE_WITH_KNOTS('',3,(#727,#728,#729,#730),
  .UNSPECIFIED.,.F.,.F.,(4,4),(11.,12.),.PIECEWISE_BEZIER_KNOTS.);
#727 = CARTESIAN_POINT('',(1.427473564395,9.795681205319E-02,
    0.835292260843));
#728 = CARTESIAN_POINT('',(1.427473564395,0.10383664307,0.835292260843)
  );
#729 = CARTESIAN_POINT('',(1.427968460055,0.106784356763,0.831770895245)
  );
#730 = CARTESIAN_POINT('',(1.428958251376,0.106784356763,0.824728164049)
  );
#731 = ORIENTED_EDGE('',*,*,#732,.F.);
#732 = EDGE_CURVE('',#628,#724,#733,.T.);
#733 = B_SPLINE_CURVE_WITH_KNOTS('',3,(#734,#735,#736,#737),
  .UNSPECIFIED.,.F.,.F.,(4,4),(12.,13.),.PIECEWISE_BEZIER_KNOTS.);
#734 = CARTESIAN_POINT('',(1.428207225505,8.367053828285E-02,
    0.830071990789));
#735 = CARTESIAN_POINT('',(1.427721012225,8.797513605649E-02,
    0.833531578044));
#736 = CARTESIAN_POINT('',(1.427473564395,9.273202852362E-02,
    0.835292260843));
#737 = CARTESIAN_POINT('',(1.427473564395,9.795681205319E-02,
    0.835292260843));
#738 = FACE_BOUND('',#739,.T.);
#739 = EDGE_LOOP('',(#740,#751,#758,#765,#772,#781,#790));
#740 = ORIENTED_EDGE('',*,*,#741,.F.);
#741 = EDGE_CURVE('',#742,#744,#746,.T.);
#742 = VERTEX_POINT('',#743);
#743 = CARTESIAN_POINT('',(1.419342515518,0.192969890446,0.893147679835)
  );
#744 = VERTEX_POINT('',#745);
#745 = CARTESIAN_POINT('',(1.418153029457,0.21666077457,0.901611312939)
  );
#746 = B_SPLINE_CURVE_WITH_KNOTS('',3,(#747,#748,#749,#750),
  .UNSPECIFIED.,.F.,.F.,(4,4),(5.,6.),.PIECEWISE_BEZIER_KNOTS.);
#747 = CARTESIAN_POINT('',(1.419342515518,0.192969890446,0.893147679835)
  );
#748 = CARTESIAN_POINT('',(1.419342515518,0.202624042699,0.893147679835)
  );
#749 = CARTESIAN_POINT('',(1.418947467227,0.210531401653,0.895958594479)
  );
#750 = CARTESIAN_POINT('',(1.418153029457,0.21666077457,0.901611312939)
  );
#751 = ORIENTED_EDGE('',*,*,#752,.F.);
#752 = EDGE_CURVE('',#753,#742,#755,.T.);
#753 = VERTEX_POINT('',#754);
#754 = CARTESIAN_POINT('',(1.419342515518,0.176188197677,0.893147679835)
  );
#755 = B_SPLINE_CURVE_WITH_KNOTS('',1,(#756,#757),.UNSPECIFIED.,.F.,.F.,
  (2,2),(-1.678169276936E-02,0.),.PIECEWISE_BEZIER_KNOTS.);
#756 = CARTESIAN_POINT('',(1.419342515518,0.176188197677,0.893147679835)
  );
#757 = CARTESIAN_POINT('',(1.419342515518,0.192969890446,0.893147679835)
  );
#758 = ORIENTED_EDGE('',*,*,#759,.F.);
#759 = EDGE_CURVE('',#760,#753,#762,.T.);
#760 = VERTEX_POINT('',#761);
#761 = CARTESIAN_POINT('',(1.41085114787,0.176188197677,0.953566900096)
  );
#762 = B_SPLINE_CURVE_WITH_KNOTS('',1,(#763,#764),.UNSPECIFIED.,.F.,.F.,
  (2,2),(-6.10129945294E-02,0.),.PIECEWISE_BEZIER_KNOTS.);
#763 = CARTESIAN_POINT('',(1.41085114787,0.176188197677,0.953566900096)
  );
#764 = CARTESIAN_POINT('',(1.419342515518,0.176188197677,0.893147679835)
  );
#765 = ORIENTED_EDGE('',*,*,#766,.F.);
#766 = EDGE_CURVE('',#767,#760,#769,.T.);
#767 = VERTEX_POINT('',#768);
#768 = CARTESIAN_POINT('',(1.41085114787,0.193593745196,0.953566900096)
  );
#769 = B_SPLINE_CURVE_WITH_KNOTS('',1,(#770,#771),.UNSPECIFIED.,.F.,.F.,
  (2,2),(-1.740554751927E-02,2.775557561563E-17),
  .PIECEWISE_BEZIER_KNOTS.);
#770 = CARTESIAN_POINT('',(1.41085114787,0.193593745196,0.953566900096)
  );
#771 = CARTESIAN_POINT('',(1.41085114787,0.176188197677,0.953566900096)
  );
#772 = ORIENTED_EDGE('',*,*,#773,.F.);
#773 = EDGE_CURVE('',#774,#767,#776,.T.);
#774 = VERTEX_POINT('',#775);
#775 = CARTESIAN_POINT('',(1.411975516081,0.21666077457,0.94556660457));
#776 = B_SPLINE_CURVE_WITH_KNOTS('',3,(#777,#778,#779,#780),
  .UNSPECIFIED.,.F.,.F.,(4,4),(2.,3.),.PIECEWISE_BEZIER_KNOTS.);
#777 = CARTESIAN_POINT('',(1.411975516081,0.21666077457,0.94556660457));
#778 = CARTESIAN_POINT('',(1.41122449021,0.210531401653,0.950910431311)
  );
#779 = CARTESIAN_POINT('',(1.41085114787,0.202842391862,0.953566900096)
  );
#780 = CARTESIAN_POINT('',(1.41085114787,0.193593745196,0.953566900096)
  );
#781 = ORIENTED_EDGE('',*,*,#782,.F.);
#782 = EDGE_CURVE('',#783,#774,#785,.T.);
#783 = VERTEX_POINT('',#784);
#784 = CARTESIAN_POINT('',(1.414988301944,0.225862632129,0.924129519263)
  );
#785 = B_SPLINE_CURVE_WITH_KNOTS('',3,(#786,#787,#788,#789),
  .UNSPECIFIED.,.F.,.F.,(4,4),(3.,4.),.PIECEWISE_BEZIER_KNOTS.);
#786 = CARTESIAN_POINT('',(1.414988301944,0.225862632129,0.924129519263)
  );
#787 = CARTESIAN_POINT('',(1.413729356843,0.225862632129,0.933087379118)
  );
#788 = CARTESIAN_POINT('',(1.412726541952,0.222790147486,0.940222777829)
  );
#789 = CARTESIAN_POINT('',(1.411975516081,0.21666077457,0.94556660457));
#790 = ORIENTED_EDGE('',*,*,#791,.F.);
#791 = EDGE_CURVE('',#744,#783,#792,.T.);
#792 = B_SPLINE_CURVE_WITH_KNOTS('',3,(#793,#794,#795,#796),
  .UNSPECIFIED.,.F.,.F.,(4,4),(4.,5.),.PIECEWISE_BEZIER_KNOTS.);
#793 = CARTESIAN_POINT('',(1.418153029457,0.21666077457,0.901611312939)
  );
#794 = CARTESIAN_POINT('',(1.417358591686,0.222790147486,0.907264031399)
  );
#795 = CARTESIAN_POINT('',(1.416303682515,0.225862632129,0.914770100174)
  );
#796 = CARTESIAN_POINT('',(1.414988301944,0.225862632129,0.924129519263)
  );
#797 = FACE_BOUND('',#798,.T.);
#798 = EDGE_LOOP('',(#799,#808,#817,#824,#833,#840));
#799 = ORIENTED_EDGE('',*,*,#800,.T.);
#800 = EDGE_CURVE('',#801,#803,#805,.T.);
#801 = VERTEX_POINT('',#802);
#802 = CARTESIAN_POINT('',(1.402368278344,-0.65334147147,1.01392565308)
  );
#803 = VERTEX_POINT('',#804);
#804 = CARTESIAN_POINT('',(1.449995309899,-0.700968503025,0.675041714784
    ));
#805 = B_SPLINE_CURVE_WITH_KNOTS('',1,(#806,#807),.UNSPECIFIED.,.F.,.F.,
  (2,2),(0.176158394973,0.521671045834),.PIECEWISE_BEZIER_KNOTS.);
#806 = CARTESIAN_POINT('',(1.402368278344,-0.65334147147,1.01392565308)
  );
#807 = CARTESIAN_POINT('',(1.449995309899,-0.700968503025,0.675041714784
    ));
#808 = ORIENTED_EDGE('',*,*,#809,.T.);
#809 = EDGE_CURVE('',#803,#810,#812,.T.);
#810 = VERTEX_POINT('',#811);
#811 = CARTESIAN_POINT('',(1.45,-0.7,0.675008342984));
#812 = ( BOUNDED_CURVE() B_SPLINE_CURVE(3,(#813,#814,#815,#816),
.UNSPECIFIED.,.F.,.F.) B_SPLINE_CURVE_WITH_KNOTS((4,4),(6.273500125511,
6.28318530718),.PIECEWISE_BEZIER_KNOTS.) CURVE() 
GEOMETRIC_REPRESENTATION_ITEM() RATIONAL_B_SPLINE_CURVE((1.,
0.99999218312,0.99999218312,1.)) REPRESENTATION_ITEM('') );
#813 = CARTESIAN_POINT('',(1.449995309899,-0.700968503025,0.675041714784
    ));
#814 = CARTESIAN_POINT('',(1.449998436621,-0.700645677516,0.675019467004
    ));
#815 = CARTESIAN_POINT('',(1.45,-0.700322840651,0.675008342984));
#816 = CARTESIAN_POINT('',(1.45,-0.7,0.675008342984));
#817 = ORIENTED_EDGE('',*,*,#818,.F.);
#818 = EDGE_CURVE('',#819,#810,#821,.T.);
#819 = VERTEX_POINT('',#820);
#820 = CARTESIAN_POINT('',(1.45,0.7,0.675008342984));
#821 = B_SPLINE_CURVE_WITH_KNOTS('',1,(#822,#823),.UNSPECIFIED.,.F.,.F.,
  (2,2),(-1.5,-0.1),.PIECEWISE_BEZIER_KNOTS.);
#822 = CARTESIAN_POINT('',(1.45,0.7,0.675008342984));
#823 = CARTESIAN_POINT('',(1.45,-0.7,0.675008342984));
#824 = ORIENTED_EDGE('',*,*,#825,.T.);
#825 = EDGE_CURVE('',#819,#826,#828,.T.);
#826 = VERTEX_POINT('',#827);
#827 = CARTESIAN_POINT('',(1.449995309899,0.700968503025,0.675041714784)
  );
#828 = ( BOUNDED_CURVE() B_SPLINE_CURVE(3,(#829,#830,#831,#832),
.UNSPECIFIED.,.F.,.F.) B_SPLINE_CURVE_WITH_KNOTS((4,4),(0.,
9.685181668465E-03),.PIECEWISE_BEZIER_KNOTS.) CURVE() 
GEOMETRIC_REPRESENTATION_ITEM() RATIONAL_B_SPLINE_CURVE((1.,
0.99999218312,0.99999218312,1.)) REPRESENTATION_ITEM('') );
#829 = CARTESIAN_POINT('',(1.45,0.7,0.675008342984));
#830 = CARTESIAN_POINT('',(1.45,0.700322840651,0.675008342984));
#831 = CARTESIAN_POINT('',(1.449998436621,0.700645677516,0.675019467004)
  );
#832 = CARTESIAN_POINT('',(1.449995309899,0.700968503025,0.675041714784)
  );
#833 = ORIENTED_EDGE('',*,*,#834,.T.);
#834 = EDGE_CURVE('',#826,#835,#837,.T.);
#835 = VERTEX_POINT('',#836);
#836 = CARTESIAN_POINT('',(1.402368278344,0.65334147147,1.01392565308));
#837 = B_SPLINE_CURVE_WITH_KNOTS('',1,(#838,#839),.UNSPECIFIED.,.F.,.F.,
  (2,2),(-0.521671045834,-0.176158394973),.PIECEWISE_BEZIER_KNOTS.);
#838 = CARTESIAN_POINT('',(1.449995309899,0.700968503025,0.675041714784)
  );
#839 = CARTESIAN_POINT('',(1.402368278344,0.65334147147,1.01392565308));
#840 = ORIENTED_EDGE('',*,*,#841,.T.);
#841 = EDGE_CURVE('',#835,#801,#842,.T.);
#842 = B_SPLINE_CURVE_WITH_KNOTS('',1,(#843,#844),.UNSPECIFIED.,.F.,.F.,
  (2,2),(-0.65334147147,0.65334147147),.PIECEWISE_BEZIER_KNOTS.);
#843 = CARTESIAN_POINT('',(1.402368278344,0.65334147147,1.01392565308));
#844 = CARTESIAN_POINT('',(1.402368278344,-0.65334147147,1.01392565308)
  );
#845 = FACE_BOUND('',#846,.T.);
#846 = EDGE_LOOP('',(#847,#856,#863,#870,#877,#884));
#847 = ORIENTED_EDGE('',*,*,#848,.F.);
#848 = EDGE_CURVE('',#849,#851,#853,.T.);
#849 = VERTEX_POINT('',#850);
#850 = CARTESIAN_POINT('',(1.418374430147,7.14585815559E-02,
    0.900035965171));
#851 = VERTEX_POINT('',#852);
#852 = CARTESIAN_POINT('',(1.418374430147,4.71594390514E-02,
    0.900035965171));
#853 = B_SPLINE_CURVE_WITH_KNOTS('',1,(#854,#855),.UNSPECIFIED.,.F.,.F.,
  (2,2),(-2.42991425045E-02,-0.),.PIECEWISE_BEZIER_KNOTS.);
#854 = CARTESIAN_POINT('',(1.418374430147,7.14585815559E-02,
    0.900035965171));
#855 = CARTESIAN_POINT('',(1.418374430147,4.71594390514E-02,
    0.900035965171));
#856 = ORIENTED_EDGE('',*,*,#857,.F.);
#857 = EDGE_CURVE('',#858,#849,#860,.T.);
#858 = VERTEX_POINT('',#859);
#859 = CARTESIAN_POINT('',(1.419342515518,7.14585815559E-02,
    0.893147679835));
#860 = B_SPLINE_CURVE_WITH_KNOTS('',1,(#861,#862),.UNSPECIFIED.,.F.,.F.,
  (2,2),(-6.955980460135E-03,0.),.PIECEWISE_BEZIER_KNOTS.);
#861 = CARTESIAN_POINT('',(1.419342515518,7.14585815559E-02,
    0.893147679835));
#862 = CARTESIAN_POINT('',(1.418374430147,7.14585815559E-02,
    0.900035965171));
#863 = ORIENTED_EDGE('',*,*,#864,.F.);
#864 = EDGE_CURVE('',#865,#858,#867,.T.);
#865 = VERTEX_POINT('',#866);
#866 = CARTESIAN_POINT('',(1.419342515518,3.928327283533E-02,
    0.893147679835));
#867 = B_SPLINE_CURVE_WITH_KNOTS('',1,(#868,#869),.UNSPECIFIED.,.F.,.F.,
  (2,2),(-3.217530872057E-02,0.),.PIECEWISE_BEZIER_KNOTS.);
#868 = CARTESIAN_POINT('',(1.419342515518,3.928327283533E-02,
    0.893147679835));
#869 = CARTESIAN_POINT('',(1.419342515518,7.14585815559E-02,
    0.893147679835));
#870 = ORIENTED_EDGE('',*,*,#871,.F.);
#871 = EDGE_CURVE('',#872,#865,#874,.T.);
#872 = VERTEX_POINT('',#873);
#873 = CARTESIAN_POINT('',(1.41085114787,3.928327283533E-02,
    0.953566900096));
#874 = B_SPLINE_CURVE_WITH_KNOTS('',1,(#875,#876),.UNSPECIFIED.,.F.,.F.,
  (2,2),(-6.10129945294E-02,1.099418410468E-16),
  .PIECEWISE_BEZIER_KNOTS.);
#875 = CARTESIAN_POINT('',(1.41085114787,3.928327283533E-02,
    0.953566900096));
#876 = CARTESIAN_POINT('',(1.419342515518,3.928327283533E-02,
    0.893147679835));
#877 = ORIENTED_EDGE('',*,*,#878,.F.);
#878 = EDGE_CURVE('',#879,#872,#881,.T.);
#879 = VERTEX_POINT('',#880);
#880 = CARTESIAN_POINT('',(1.41085114787,4.71594390514E-02,
    0.953566900096));
#881 = B_SPLINE_CURVE_WITH_KNOTS('',1,(#882,#883),.UNSPECIFIED.,.F.,.F.,
  (2,2),(-7.876166216068E-03,-0.),.PIECEWISE_BEZIER_KNOTS.);
#882 = CARTESIAN_POINT('',(1.41085114787,4.71594390514E-02,
    0.953566900096));
#883 = CARTESIAN_POINT('',(1.41085114787,3.928327283533E-02,
    0.953566900096));
#884 = ORIENTED_EDGE('',*,*,#885,.F.);
#885 = EDGE_CURVE('',#851,#879,#886,.T.);
#886 = B_SPLINE_CURVE_WITH_KNOTS('',1,(#887,#888),.UNSPECIFIED.,.F.,.F.,
  (2,2),(-5.405701406927E-02,0.),.PIECEWISE_BEZIER_KNOTS.);
#887 = CARTESIAN_POINT('',(1.418374430147,4.71594390514E-02,
    0.900035965171));
#888 = CARTESIAN_POINT('',(1.41085114787,4.71594390514E-02,
    0.953566900096));
#889 = FACE_BOUND('',#890,.T.);
#890 = EDGE_LOOP('',(#891,#900,#909,#918,#927,#936,#945,#954,#961,#970,
    #979,#988,#997,#1006));
#891 = ORIENTED_EDGE('',*,*,#892,.F.);
#892 = EDGE_CURVE('',#893,#895,#897,.T.);
#893 = VERTEX_POINT('',#894);
#894 = CARTESIAN_POINT('',(1.418990879127,0.119635764608,0.89564970276)
  );
#895 = VERTEX_POINT('',#896);
#896 = CARTESIAN_POINT('',(1.417940311146,0.119635764608,0.903124882363)
  );
#897 = B_SPLINE_CURVE_WITH_KNOTS('',1,(#898,#899),.UNSPECIFIED.,.F.,.F.,
  (2,2),(-7.548642472592E-03,0.),.PIECEWISE_BEZIER_KNOTS.);
#898 = CARTESIAN_POINT('',(1.418990879127,0.119635764608,0.89564970276)
  );
#899 = CARTESIAN_POINT('',(1.417940311146,0.119635764608,0.903124882363)
  );
#900 = ORIENTED_EDGE('',*,*,#901,.F.);
#901 = EDGE_CURVE('',#902,#893,#904,.T.);
#902 = VERTEX_POINT('',#903);
#903 = CARTESIAN_POINT('',(1.419485774788,0.102744897258,0.892128337162)
  );
#904 = B_SPLINE_CURVE_WITH_KNOTS('',3,(#905,#906,#907,#908),
  .UNSPECIFIED.,.F.,.F.,(4,4),(0.,1.),.PIECEWISE_BEZIER_KNOTS.);
#905 = CARTESIAN_POINT('',(1.419485774788,0.102744897258,0.892128337162)
  );
#906 = CARTESIAN_POINT('',(1.419485774788,0.109513721293,0.892128337162)
  );
#907 = CARTESIAN_POINT('',(1.419320809568,0.11514401041,0.893302125694)
  );
#908 = CARTESIAN_POINT('',(1.418990879127,0.119635764608,0.89564970276)
  );
#909 = ORIENTED_EDGE('',*,*,#910,.F.);
#910 = EDGE_CURVE('',#911,#902,#913,.T.);
#911 = VERTEX_POINT('',#912);
#912 = CARTESIAN_POINT('',(1.418326677057,8.178337766481E-02,
    0.900375746062));
#913 = B_SPLINE_CURVE_WITH_KNOTS('',3,(#914,#915,#916,#917),
  .UNSPECIFIED.,.F.,.F.,(4,4),(1.,2.),.PIECEWISE_BEZIER_KNOTS.);
#914 = CARTESIAN_POINT('',(1.418326677057,8.178337766481E-02,
    0.900375746062));
#915 = CARTESIAN_POINT('',(1.419099408877,8.700816119437E-02,
    0.894877473462));
#916 = CARTESIAN_POINT('',(1.419485774788,9.399533439196E-02,
    0.892128337162));
#917 = CARTESIAN_POINT('',(1.419485774788,0.102744897258,0.892128337162)
  );
#918 = ORIENTED_EDGE('',*,*,#919,.F.);
#919 = EDGE_CURVE('',#920,#911,#922,.T.);
#920 = VERTEX_POINT('',#921);
#921 = CARTESIAN_POINT('',(1.415257455724,7.395400055492E-02,
    0.922214390604));
#922 = B_SPLINE_CURVE_WITH_KNOTS('',3,(#923,#924,#925,#926),
  .UNSPECIFIED.,.F.,.F.,(4,4),(2.,3.),.PIECEWISE_BEZIER_KNOTS.);
#923 = CARTESIAN_POINT('',(1.415257455724,7.395400055492E-02,
    0.922214390604));
#924 = CARTESIAN_POINT('',(1.416529424395,7.395400055492E-02,
    0.913163863234));
#925 = CARTESIAN_POINT('',(1.417553945236,7.655859413524E-02,
    0.905874018663));
#926 = CARTESIAN_POINT('',(1.418326677057,8.178337766481E-02,
    0.900375746062));
#927 = ORIENTED_EDGE('',*,*,#928,.F.);
#928 = EDGE_CURVE('',#929,#920,#931,.T.);
#929 = VERTEX_POINT('',#930);
#930 = CARTESIAN_POINT('',(1.411958151321,8.276594889564E-02,
    0.945690161258));
#931 = B_SPLINE_CURVE_WITH_KNOTS('',3,(#932,#933,#934,#935),
  .UNSPECIFIED.,.F.,.F.,(4,4),(3.,4.),.PIECEWISE_BEZIER_KNOTS.);
#932 = CARTESIAN_POINT('',(1.411958151321,8.276594889564E-02,
    0.945690161258));
#933 = CARTESIAN_POINT('',(1.412791659802,7.688611787892E-02,
    0.939759440251));
#934 = CARTESIAN_POINT('',(1.413889980873,7.395400055492E-02,
    0.931944479757));
#935 = CARTESIAN_POINT('',(1.415257455724,7.395400055492E-02,
    0.922214390604));
#936 = ORIENTED_EDGE('',*,*,#937,.F.);
#937 = EDGE_CURVE('',#938,#929,#940,.T.);
#938 = VERTEX_POINT('',#939);
#939 = CARTESIAN_POINT('',(1.4107078886,0.105177930782,0.954586242769));
#940 = B_SPLINE_CURVE_WITH_KNOTS('',3,(#941,#942,#943,#944),
  .UNSPECIFIED.,.F.,.F.,(4,4),(4.,5.),.PIECEWISE_BEZIER_KNOTS.);
#941 = CARTESIAN_POINT('',(1.4107078886,0.105177930782,0.954586242769));
#942 = CARTESIAN_POINT('',(1.4107078886,9.611644054133E-02,
    0.954586242769));
#943 = CARTESIAN_POINT('',(1.41112464284,8.864577991258E-02,
    0.951620882265));
#944 = CARTESIAN_POINT('',(1.411958151321,8.276594889564E-02,
    0.945690161258));
#945 = ORIENTED_EDGE('',*,*,#946,.F.);
#946 = EDGE_CURVE('',#947,#938,#949,.T.);
#947 = VERTEX_POINT('',#948);
#948 = CARTESIAN_POINT('',(1.4110551838,0.119635764608,0.952115109016));
#949 = B_SPLINE_CURVE_WITH_KNOTS('',3,(#950,#951,#952,#953),
  .UNSPECIFIED.,.F.,.F.,(4,4),(5.,6.),.PIECEWISE_BEZIER_KNOTS.);
#950 = CARTESIAN_POINT('',(1.4110551838,0.119635764608,0.952115109016));
#951 = CARTESIAN_POINT('',(1.41082510073,0.115830250635,0.953752235127)
  );
#952 = CARTESIAN_POINT('',(1.4107078886,0.111010972692,0.954586242769));
#953 = CARTESIAN_POINT('',(1.4107078886,0.105177930782,0.954586242769));
#954 = ORIENTED_EDGE('',*,*,#955,.F.);
#955 = EDGE_CURVE('',#956,#947,#958,.T.);
#956 = VERTEX_POINT('',#957);
#957 = CARTESIAN_POINT('',(1.412201257961,0.119635764608,0.943960367631)
  );
#958 = B_SPLINE_CURVE_WITH_KNOTS('',1,(#959,#960),.UNSPECIFIED.,.F.,.F.,
  (2,2),(-8.234882696995E-03,0.),.PIECEWISE_BEZIER_KNOTS.);
#959 = CARTESIAN_POINT('',(1.412201257961,0.119635764608,0.943960367631)
  );
#960 = CARTESIAN_POINT('',(1.4110551838,0.119635764608,0.952115109016));
#961 = ORIENTED_EDGE('',*,*,#962,.F.);
#962 = EDGE_CURVE('',#963,#956,#965,.T.);
#963 = VERTEX_POINT('',#964);
#964 = CARTESIAN_POINT('',(1.411697679921,0.105255912626,0.947543511573)
  );
#965 = B_SPLINE_CURVE_WITH_KNOTS('',3,(#966,#967,#968,#969),
  .UNSPECIFIED.,.F.,.F.,(4,4),(7.,8.),.PIECEWISE_BEZIER_KNOTS.);
#966 = CARTESIAN_POINT('',(1.411697679921,0.105255912626,0.947543511573)
  );
#967 = CARTESIAN_POINT('',(1.411697679921,0.110480696155,0.947543511573)
  );
#968 = CARTESIAN_POINT('',(1.411862645141,0.11526878136,0.94636972304));
#969 = CARTESIAN_POINT('',(1.412201257961,0.119635764608,0.943960367631)
  );
#970 = ORIENTED_EDGE('',*,*,#971,.F.);
#971 = EDGE_CURVE('',#972,#963,#974,.T.);
#972 = VERTEX_POINT('',#973);
#973 = CARTESIAN_POINT('',(1.412639718152,8.863018354385E-02,
    0.940840561268));
#974 = B_SPLINE_CURVE_WITH_KNOTS('',3,(#975,#976,#977,#978),
  .UNSPECIFIED.,.F.,.F.,(4,4),(8.,9.),.PIECEWISE_BEZIER_KNOTS.);
#975 = CARTESIAN_POINT('',(1.412639718152,8.863018354385E-02,
    0.940840561268));
#976 = CARTESIAN_POINT('',(1.412010245601,9.291918494856E-02,
    0.945319491195));
#977 = CARTESIAN_POINT('',(1.411697679921,9.845589585308E-02,
    0.947543511573));
#978 = CARTESIAN_POINT('',(1.411697679921,0.105255912626,0.947543511573)
  );
#979 = ORIENTED_EDGE('',*,*,#980,.F.);
#980 = EDGE_CURVE('',#981,#972,#983,.T.);
#981 = VERTEX_POINT('',#982);
#982 = CARTESIAN_POINT('',(1.415192337874,8.222007598979E-02,
    0.922677728183));
#983 = B_SPLINE_CURVE_WITH_KNOTS('',3,(#984,#985,#986,#987),
  .UNSPECIFIED.,.F.,.F.,(4,4),(9.,10.),.PIECEWISE_BEZIER_KNOTS.);
#984 = CARTESIAN_POINT('',(1.415192337874,8.222007598979E-02,
    0.922677728183));
#985 = CARTESIAN_POINT('',(1.414124405133,8.222007598979E-02,
    0.930276464474));
#986 = CARTESIAN_POINT('',(1.413273531892,8.435677850767E-02,
    0.936330742168));
#987 = CARTESIAN_POINT('',(1.412639718152,8.863018354385E-02,
    0.940840561268));
#988 = ORIENTED_EDGE('',*,*,#989,.F.);
#989 = EDGE_CURVE('',#990,#981,#992,.T.);
#990 = VERTEX_POINT('',#991);
#991 = CARTESIAN_POINT('',(1.417614721896,8.82090815876E-02,
    0.905441570256));
#992 = B_SPLINE_CURVE_WITH_KNOTS('',3,(#993,#994,#995,#996),
  .UNSPECIFIED.,.F.,.F.,(4,4),(10.,11.),.PIECEWISE_BEZIER_KNOTS.);
#993 = CARTESIAN_POINT('',(1.417614721896,8.82090815876E-02,
    0.905441570256));
#994 = CARTESIAN_POINT('',(1.417015637676,8.421641118892E-02,
    0.90970427598));
#995 = CARTESIAN_POINT('',(1.416208176335,8.222007598979E-02,
    0.915449661956));
#996 = CARTESIAN_POINT('',(1.415192337874,8.222007598979E-02,
    0.922677728183));
#997 = ORIENTED_EDGE('',*,*,#998,.F.);
#998 = EDGE_CURVE('',#999,#990,#1001,.T.);
#999 = VERTEX_POINT('',#1000);
#1000 = CARTESIAN_POINT('',(1.418509007037,0.103883432176,0.899078400842
    ));
#1001 = B_SPLINE_CURVE_WITH_KNOTS('',3,(#1002,#1003,#1004,#1005),
  .UNSPECIFIED.,.F.,.F.,(4,4),(11.,12.),.PIECEWISE_BEZIER_KNOTS.);
#1002 = CARTESIAN_POINT('',(1.418509007037,0.103883432176,0.899078400842
    ));
#1003 = CARTESIAN_POINT('',(1.418509007037,9.742653551585E-02,
    0.899078400842));
#1004 = CARTESIAN_POINT('',(1.418209464927,9.220175198628E-02,
    0.901209753704));
#1005 = CARTESIAN_POINT('',(1.417614721896,8.82090815876E-02,
    0.905441570256));
#1006 = ORIENTED_EDGE('',*,*,#1007,.F.);
#1007 = EDGE_CURVE('',#895,#999,#1008,.T.);
#1008 = B_SPLINE_CURVE_WITH_KNOTS('',3,(#1009,#1010,#1011,#1012),
  .UNSPECIFIED.,.F.,.F.,(4,4),(12.,13.),.PIECEWISE_BEZIER_KNOTS.);
#1009 = CARTESIAN_POINT('',(1.417940311146,0.119635764608,0.903124882363
    ));
#1010 = CARTESIAN_POINT('',(1.418317994677,0.115175203147,0.900437524406
    ));
#1011 = CARTESIAN_POINT('',(1.418509007037,0.10991922688,0.899078400842)
  );
#1012 = CARTESIAN_POINT('',(1.418509007037,0.103883432176,0.899078400842
    ));
#1013 = FACE_BOUND('',#1014,.T.);
#1014 = EDGE_LOOP('',(#1015,#1024,#1031,#1038,#1045,#1052,#1059,#1066,
    #1073,#1080,#1087,#1094));
#1015 = ORIENTED_EDGE('',*,*,#1016,.F.);
#1016 = EDGE_CURVE('',#1017,#1019,#1021,.T.);
#1017 = VERTEX_POINT('',#1018);
#1018 = CARTESIAN_POINT('',(1.418374430147,0.164662481174,0.900035965171
    ));
#1019 = VERTEX_POINT('',#1020);
#1020 = CARTESIAN_POINT('',(1.418374430147,0.139723887552,0.900035965171
    ));
#1021 = B_SPLINE_CURVE_WITH_KNOTS('',1,(#1022,#1023),.UNSPECIFIED.,.F.,
  .F.,(2,2),(-2.493859362272E-02,-0.),.PIECEWISE_BEZIER_KNOTS.);
#1022 = CARTESIAN_POINT('',(1.418374430147,0.164662481174,0.900035965171
    ));
#1023 = CARTESIAN_POINT('',(1.418374430147,0.139723887552,0.900035965171
    ));
#1024 = ORIENTED_EDGE('',*,*,#1025,.F.);
#1025 = EDGE_CURVE('',#1026,#1017,#1028,.T.);
#1026 = VERTEX_POINT('',#1027);
#1027 = CARTESIAN_POINT('',(1.419342515518,0.164662481174,0.893147679835
    ));
#1028 = B_SPLINE_CURVE_WITH_KNOTS('',1,(#1029,#1030),.UNSPECIFIED.,.F.,
  .F.,(2,2),(-6.955980460135E-03,0.),.PIECEWISE_BEZIER_KNOTS.);
#1029 = CARTESIAN_POINT('',(1.419342515518,0.164662481174,0.893147679835
    ));
#1030 = CARTESIAN_POINT('',(1.418374430147,0.164662481174,0.900035965171
    ));
#1031 = ORIENTED_EDGE('',*,*,#1032,.F.);
#1032 = EDGE_CURVE('',#1033,#1026,#1035,.T.);
#1033 = VERTEX_POINT('',#1034);
#1034 = CARTESIAN_POINT('',(1.419342515518,0.131847721336,0.893147679835
    ));
#1035 = B_SPLINE_CURVE_WITH_KNOTS('',1,(#1036,#1037),.UNSPECIFIED.,.F.,
  .F.,(2,2),(-3.281475983879E-02,0.),.PIECEWISE_BEZIER_KNOTS.);
#1036 = CARTESIAN_POINT('',(1.419342515518,0.131847721336,0.893147679835
    ));
#1037 = CARTESIAN_POINT('',(1.419342515518,0.164662481174,0.893147679835
    ));
#1038 = ORIENTED_EDGE('',*,*,#1039,.F.);
#1039 = EDGE_CURVE('',#1040,#1033,#1042,.T.);
#1040 = VERTEX_POINT('',#1041);
#1041 = CARTESIAN_POINT('',(1.41085114787,0.131847721336,0.953566900096)
  );
#1042 = B_SPLINE_CURVE_WITH_KNOTS('',1,(#1043,#1044),.UNSPECIFIED.,.F.,
  .F.,(2,2),(-6.10129945294E-02,1.099418410468E-16),
  .PIECEWISE_BEZIER_KNOTS.);
#1043 = CARTESIAN_POINT('',(1.41085114787,0.131847721336,0.953566900096)
  );
#1044 = CARTESIAN_POINT('',(1.419342515518,0.131847721336,0.893147679835
    ));
#1045 = ORIENTED_EDGE('',*,*,#1046,.F.);
#1046 = EDGE_CURVE('',#1047,#1040,#1049,.T.);
#1047 = VERTEX_POINT('',#1048);
#1048 = CARTESIAN_POINT('',(1.41085114787,0.163274404356,0.953566900096)
  );
#1049 = B_SPLINE_CURVE_WITH_KNOTS('',1,(#1050,#1051),.UNSPECIFIED.,.F.,
  .F.,(2,2),(-3.142668302063E-02,-0.),.PIECEWISE_BEZIER_KNOTS.);
#1050 = CARTESIAN_POINT('',(1.41085114787,0.163274404356,0.953566900096)
  );
#1051 = CARTESIAN_POINT('',(1.41085114787,0.131847721336,0.953566900096)
  );
#1052 = ORIENTED_EDGE('',*,*,#1053,.F.);
#1053 = EDGE_CURVE('',#1054,#1047,#1056,.T.);
#1054 = VERTEX_POINT('',#1055);
#1055 = CARTESIAN_POINT('',(1.411827915621,0.163274404356,0.946616836415
    ));
#1056 = B_SPLINE_CURVE_WITH_KNOTS('',1,(#1057,#1058),.UNSPECIFIED.,.F.,
  .F.,(2,2),(-7.018365935043E-03,0.),.PIECEWISE_BEZIER_KNOTS.);
#1057 = CARTESIAN_POINT('',(1.411827915621,0.163274404356,0.946616836415
    ));
#1058 = CARTESIAN_POINT('',(1.41085114787,0.163274404356,0.953566900096)
  );
#1059 = ORIENTED_EDGE('',*,*,#1060,.F.);
#1060 = EDGE_CURVE('',#1061,#1054,#1063,.T.);
#1061 = VERTEX_POINT('',#1062);
#1062 = CARTESIAN_POINT('',(1.411827915621,0.139723887552,0.946616836415
    ));
#1063 = B_SPLINE_CURVE_WITH_KNOTS('',1,(#1064,#1065),.UNSPECIFIED.,.F.,
  .F.,(2,2),(-2.355051680457E-02,0.),.PIECEWISE_BEZIER_KNOTS.);
#1064 = CARTESIAN_POINT('',(1.411827915621,0.139723887552,0.946616836415
    ));
#1065 = CARTESIAN_POINT('',(1.411827915621,0.163274404356,0.946616836415
    ));
#1066 = ORIENTED_EDGE('',*,*,#1067,.F.);
#1067 = EDGE_CURVE('',#1068,#1061,#1070,.T.);
#1068 = VERTEX_POINT('',#1069);
#1069 = CARTESIAN_POINT('',(1.414545500563,0.139723887552,0.927280214798
    ));
#1070 = B_SPLINE_CURVE_WITH_KNOTS('',1,(#1071,#1072),.UNSPECIFIED.,.F.,
  .F.,(2,2),(-1.952665366864E-02,0.),.PIECEWISE_BEZIER_KNOTS.);
#1071 = CARTESIAN_POINT('',(1.414545500563,0.139723887552,0.927280214798
    ));
#1072 = CARTESIAN_POINT('',(1.411827915621,0.139723887552,0.946616836415
    ));
#1073 = ORIENTED_EDGE('',*,*,#1074,.F.);
#1074 = EDGE_CURVE('',#1075,#1068,#1077,.T.);
#1075 = VERTEX_POINT('',#1076);
#1076 = CARTESIAN_POINT('',(1.414545500563,0.161543207425,0.927280214798
    ));
#1077 = B_SPLINE_CURVE_WITH_KNOTS('',1,(#1078,#1079),.UNSPECIFIED.,.F.,
  .F.,(2,2),(-2.181931987379E-02,-0.),.PIECEWISE_BEZIER_KNOTS.);
#1078 = CARTESIAN_POINT('',(1.414545500563,0.161543207425,0.927280214798
    ));
#1079 = CARTESIAN_POINT('',(1.414545500563,0.139723887552,0.927280214798
    ));
#1080 = ORIENTED_EDGE('',*,*,#1081,.F.);
#1081 = EDGE_CURVE('',#1082,#1075,#1084,.T.);
#1082 = VERTEX_POINT('',#1083);
#1083 = CARTESIAN_POINT('',(1.415517927124,0.161543207425,0.92036104029)
  );
#1084 = B_SPLINE_CURVE_WITH_KNOTS('',1,(#1085,#1086),.UNSPECIFIED.,.F.,
  .F.,(2,2),(-6.987173197589E-03,0.),.PIECEWISE_BEZIER_KNOTS.);
#1085 = CARTESIAN_POINT('',(1.415517927124,0.161543207425,0.92036104029)
  );
#1086 = CARTESIAN_POINT('',(1.414545500563,0.161543207425,0.927280214798
    ));
#1087 = ORIENTED_EDGE('',*,*,#1088,.F.);
#1088 = EDGE_CURVE('',#1089,#1082,#1091,.T.);
#1089 = VERTEX_POINT('',#1090);
#1090 = CARTESIAN_POINT('',(1.415517927124,0.139723887552,0.92036104029)
  );
#1091 = B_SPLINE_CURVE_WITH_KNOTS('',1,(#1092,#1093),.UNSPECIFIED.,.F.,
  .F.,(2,2),(-2.181931987379E-02,0.),.PIECEWISE_BEZIER_KNOTS.);
#1092 = CARTESIAN_POINT('',(1.415517927124,0.139723887552,0.92036104029)
  );
#1093 = CARTESIAN_POINT('',(1.415517927124,0.161543207425,0.92036104029)
  );
#1094 = ORIENTED_EDGE('',*,*,#1095,.F.);
#1095 = EDGE_CURVE('',#1019,#1089,#1096,.T.);
#1096 = B_SPLINE_CURVE_WITH_KNOTS('',1,(#1097,#1098),.UNSPECIFIED.,.F.,
  .F.,(2,2),(-2.0524821268E-02,0.),.PIECEWISE_BEZIER_KNOTS.);
#1097 = CARTESIAN_POINT('',(1.418374430147,0.139723887552,0.900035965171
    ));
#1098 = CARTESIAN_POINT('',(1.415517927124,0.139723887552,0.92036104029)
  );
#1099 = FACE_BOUND('',#1100,.T.);
#1100 = EDGE_LOOP('',(#1101,#1110,#1117,#1124,#1131,#1138,#1145,#1152));
#1101 = ORIENTED_EDGE('',*,*,#1102,.F.);
#1102 = EDGE_CURVE('',#1103,#1105,#1107,.T.);
#1103 = VERTEX_POINT('',#1104);
#1104 = CARTESIAN_POINT('',(1.41085114787,0.260907672698,0.953566900096)
  );
#1105 = VERTEX_POINT('',#1106);
#1106 = CARTESIAN_POINT('',(1.41085114787,0.252485633576,0.953566900096)
  );
#1107 = B_SPLINE_CURVE_WITH_KNOTS('',1,(#1108,#1109),.UNSPECIFIED.,.F.,
  .F.,(2,2),(-8.422039122135E-03,0.),.PIECEWISE_BEZIER_KNOTS.);
#1108 = CARTESIAN_POINT('',(1.41085114787,0.260907672698,0.953566900096)
  );
#1109 = CARTESIAN_POINT('',(1.41085114787,0.252485633576,0.953566900096)
  );
#1110 = ORIENTED_EDGE('',*,*,#1111,.F.);
#1111 = EDGE_CURVE('',#1112,#1103,#1114,.T.);
#1112 = VERTEX_POINT('',#1113);
#1113 = CARTESIAN_POINT('',(1.419342515518,0.284146262128,0.893147679835
    ));
#1114 = B_SPLINE_CURVE_WITH_KNOTS('',1,(#1115,#1116),.UNSPECIFIED.,.F.,
  .F.,(2,2),(-6.528872444865E-02,0.),.PIECEWISE_BEZIER_KNOTS.);
#1115 = CARTESIAN_POINT('',(1.419342515518,0.284146262128,0.893147679835
    ));
#1116 = CARTESIAN_POINT('',(1.41085114787,0.260907672698,0.953566900096)
  );
#1117 = ORIENTED_EDGE('',*,*,#1118,.F.);
#1118 = EDGE_CURVE('',#1119,#1112,#1121,.T.);
#1119 = VERTEX_POINT('',#1120);
#1120 = CARTESIAN_POINT('',(1.419342515518,0.275443488369,0.893147679835
    ));
#1121 = B_SPLINE_CURVE_WITH_KNOTS('',1,(#1122,#1123),.UNSPECIFIED.,.F.,
  .F.,(2,2),(-8.702773759636E-03,0.),.PIECEWISE_BEZIER_KNOTS.);
#1122 = CARTESIAN_POINT('',(1.419342515518,0.275443488369,0.893147679835
    ));
#1123 = CARTESIAN_POINT('',(1.419342515518,0.284146262128,0.893147679835
    ));
#1124 = ORIENTED_EDGE('',*,*,#1125,.F.);
#1125 = EDGE_CURVE('',#1126,#1119,#1128,.T.);
#1126 = VERTEX_POINT('',#1127);
#1127 = CARTESIAN_POINT('',(1.417019978866,0.269220537239,0.909673386808
    ));
#1128 = B_SPLINE_CURVE_WITH_KNOTS('',1,(#1129,#1130),.UNSPECIFIED.,.F.,
  .F.,(2,2),(-1.781062290385E-02,-2.895500826208E-17),
  .PIECEWISE_BEZIER_KNOTS.);
#1129 = CARTESIAN_POINT('',(1.417019978866,0.269220537239,0.909673386808
    ));
#1130 = CARTESIAN_POINT('',(1.419342515518,0.275443488369,0.893147679835
    ));
#1131 = ORIENTED_EDGE('',*,*,#1132,.F.);
#1132 = EDGE_CURVE('',#1133,#1126,#1135,.T.);
#1133 = VERTEX_POINT('',#1134);
#1134 = CARTESIAN_POINT('',(1.417019978866,0.243814052554,0.909673386808
    ));
#1135 = B_SPLINE_CURVE_WITH_KNOTS('',1,(#1136,#1137),.UNSPECIFIED.,.F.,
  .F.,(2,2),(-2.540648468536E-02,0.),.PIECEWISE_BEZIER_KNOTS.);
#1136 = CARTESIAN_POINT('',(1.417019978866,0.243814052554,0.909673386808
    ));
#1137 = CARTESIAN_POINT('',(1.417019978866,0.269220537239,0.909673386808
    ));
#1138 = ORIENTED_EDGE('',*,*,#1139,.F.);
#1139 = EDGE_CURVE('',#1140,#1133,#1142,.T.);
#1140 = VERTEX_POINT('',#1141);
#1141 = CARTESIAN_POINT('',(1.419342515518,0.237949817906,0.893147679835
    ));
#1142 = B_SPLINE_CURVE_WITH_KNOTS('',1,(#1143,#1144),.UNSPECIFIED.,.F.,
  .F.,(2,2),(-1.768848256562E-02,0.),.PIECEWISE_BEZIER_KNOTS.);
#1143 = CARTESIAN_POINT('',(1.419342515518,0.237949817906,0.893147679835
    ));
#1144 = CARTESIAN_POINT('',(1.417019978866,0.243814052554,0.909673386808
    ));
#1145 = ORIENTED_EDGE('',*,*,#1146,.F.);
#1146 = EDGE_CURVE('',#1147,#1140,#1149,.T.);
#1147 = VERTEX_POINT('',#1148);
#1148 = CARTESIAN_POINT('',(1.419342515518,0.229247044147,0.893147679835
    ));
#1149 = B_SPLINE_CURVE_WITH_KNOTS('',1,(#1150,#1151),.UNSPECIFIED.,.F.,
  .F.,(2,2),(-8.70277375922E-03,0.),.PIECEWISE_BEZIER_KNOTS.);
#1150 = CARTESIAN_POINT('',(1.419342515518,0.229247044147,0.893147679835
    ));
#1151 = CARTESIAN_POINT('',(1.419342515518,0.237949817906,0.893147679835
    ));
#1152 = ORIENTED_EDGE('',*,*,#1153,.F.);
#1153 = EDGE_CURVE('',#1105,#1147,#1154,.T.);
#1154 = B_SPLINE_CURVE_WITH_KNOTS('',1,(#1155,#1156),.UNSPECIFIED.,.F.,
  .F.,(2,2),(-6.528872444851E-02,0.),.PIECEWISE_BEZIER_KNOTS.);
#1155 = CARTESIAN_POINT('',(1.41085114787,0.252485633576,0.953566900096)
  );
#1156 = CARTESIAN_POINT('',(1.419342515518,0.229247044147,0.893147679835
    ));
#1157 = FACE_BOUND('',#1158,.T.);
#1158 = EDGE_LOOP('',(#1159,#1168,#1175,#1182,#1189,#1196,#1203,#1210,
    #1217,#1224,#1231,#1238));
#1159 = ORIENTED_EDGE('',*,*,#1160,.F.);
#1160 = EDGE_CURVE('',#1161,#1163,#1165,.T.);
#1161 = VERTEX_POINT('',#1162);
#1162 = CARTESIAN_POINT('',(1.431845142729,7.209803267433E-02,
    0.804186864727));
#1163 = VERTEX_POINT('',#1164);
#1164 = CARTESIAN_POINT('',(1.431845142729,4.71594390514E-02,
    0.804186864727));
#1165 = B_SPLINE_CURVE_WITH_KNOTS('',1,(#1166,#1167),.UNSPECIFIED.,.F.,
  .F.,(2,2),(-2.493859362293E-02,-0.),.PIECEWISE_BEZIER_KNOTS.);
#1166 = CARTESIAN_POINT('',(1.431845142729,7.209803267433E-02,
    0.804186864727));
#1167 = CARTESIAN_POINT('',(1.431845142729,4.71594390514E-02,
    0.804186864727));
#1168 = ORIENTED_EDGE('',*,*,#1169,.F.);
#1169 = EDGE_CURVE('',#1170,#1161,#1172,.T.);
#1170 = VERTEX_POINT('',#1171);
#1171 = CARTESIAN_POINT('',(1.4328132281,7.209803267433E-02,
    0.79729857939));
#1172 = B_SPLINE_CURVE_WITH_KNOTS('',1,(#1173,#1174),.UNSPECIFIED.,.F.,
  .F.,(2,2),(-6.955980460136E-03,0.),.PIECEWISE_BEZIER_KNOTS.);
#1173 = CARTESIAN_POINT('',(1.4328132281,7.209803267433E-02,
    0.79729857939));
#1174 = CARTESIAN_POINT('',(1.431845142729,7.209803267433E-02,
    0.804186864727));
#1175 = ORIENTED_EDGE('',*,*,#1176,.F.);
#1176 = EDGE_CURVE('',#1177,#1170,#1179,.T.);
#1177 = VERTEX_POINT('',#1178);
#1178 = CARTESIAN_POINT('',(1.4328132281,3.928327283533E-02,
    0.79729857939));
#1179 = B_SPLINE_CURVE_WITH_KNOTS('',1,(#1180,#1181),.UNSPECIFIED.,.F.,
  .F.,(2,2),(-3.2814759839E-02,0.),.PIECEWISE_BEZIER_KNOTS.);
#1180 = CARTESIAN_POINT('',(1.4328132281,3.928327283533E-02,
    0.79729857939));
#1181 = CARTESIAN_POINT('',(1.4328132281,7.209803267433E-02,
    0.79729857939));
#1182 = ORIENTED_EDGE('',*,*,#1183,.F.);
#1183 = EDGE_CURVE('',#1184,#1177,#1186,.T.);
#1184 = VERTEX_POINT('',#1185);
#1185 = CARTESIAN_POINT('',(1.424321860452,3.928327283533E-02,
    0.857717799651));
#1186 = B_SPLINE_CURVE_WITH_KNOTS('',1,(#1187,#1188),.UNSPECIFIED.,.F.,
  .F.,(2,2),(-6.10129945294E-02,0.),.PIECEWISE_BEZIER_KNOTS.);
#1187 = CARTESIAN_POINT('',(1.424321860452,3.928327283533E-02,
    0.857717799651));
#1188 = CARTESIAN_POINT('',(1.4328132281,3.928327283533E-02,
    0.79729857939));
#1189 = ORIENTED_EDGE('',*,*,#1190,.F.);
#1190 = EDGE_CURVE('',#1191,#1184,#1193,.T.);
#1191 = VERTEX_POINT('',#1192);
#1192 = CARTESIAN_POINT('',(1.424321860452,7.070995585597E-02,
    0.857717799651));
#1193 = B_SPLINE_CURVE_WITH_KNOTS('',1,(#1194,#1195),.UNSPECIFIED.,.F.,
  .F.,(2,2),(-3.142668302063E-02,-0.),.PIECEWISE_BEZIER_KNOTS.);
#1194 = CARTESIAN_POINT('',(1.424321860452,7.070995585597E-02,
    0.857717799651));
#1195 = CARTESIAN_POINT('',(1.424321860452,3.928327283533E-02,
    0.857717799651));
#1196 = ORIENTED_EDGE('',*,*,#1197,.F.);
#1197 = EDGE_CURVE('',#1198,#1191,#1200,.T.);
#1198 = VERTEX_POINT('',#1199);
#1199 = CARTESIAN_POINT('',(1.425298628203,7.070995585597E-02,
    0.850767735971));
#1200 = B_SPLINE_CURVE_WITH_KNOTS('',1,(#1201,#1202),.UNSPECIFIED.,.F.,
  .F.,(2,2),(-7.018365935043E-03,0.),.PIECEWISE_BEZIER_KNOTS.);
#1201 = CARTESIAN_POINT('',(1.425298628203,7.070995585597E-02,
    0.850767735971));
#1202 = CARTESIAN_POINT('',(1.424321860452,7.070995585597E-02,
    0.857717799651));
#1203 = ORIENTED_EDGE('',*,*,#1204,.F.);
#1204 = EDGE_CURVE('',#1205,#1198,#1207,.T.);
#1205 = VERTEX_POINT('',#1206);
#1206 = CARTESIAN_POINT('',(1.425298628203,4.71594390514E-02,
    0.850767735971));
#1207 = B_SPLINE_CURVE_WITH_KNOTS('',1,(#1208,#1209),.UNSPECIFIED.,.F.,
  .F.,(2,2),(-2.355051680456E-02,0.),.PIECEWISE_BEZIER_KNOTS.);
#1208 = CARTESIAN_POINT('',(1.425298628203,4.71594390514E-02,
    0.850767735971));
#1209 = CARTESIAN_POINT('',(1.425298628203,7.070995585597E-02,
    0.850767735971));
#1210 = ORIENTED_EDGE('',*,*,#1211,.F.);
#1211 = EDGE_CURVE('',#1212,#1205,#1214,.T.);
#1212 = VERTEX_POINT('',#1213);
#1213 = CARTESIAN_POINT('',(1.428016213145,4.71594390514E-02,
    0.831431114354));
#1214 = B_SPLINE_CURVE_WITH_KNOTS('',1,(#1215,#1216),.UNSPECIFIED.,.F.,
  .F.,(2,2),(-1.952665366864E-02,0.),.PIECEWISE_BEZIER_KNOTS.);
#1215 = CARTESIAN_POINT('',(1.428016213145,4.71594390514E-02,
    0.831431114354));
#1216 = CARTESIAN_POINT('',(1.425298628203,4.71594390514E-02,
    0.850767735971));
#1217 = ORIENTED_EDGE('',*,*,#1218,.F.);
#1218 = EDGE_CURVE('',#1219,#1212,#1221,.T.);
#1219 = VERTEX_POINT('',#1220);
#1220 = CARTESIAN_POINT('',(1.428016213145,6.89787589254E-02,
    0.831431114354));
#1221 = B_SPLINE_CURVE_WITH_KNOTS('',1,(#1222,#1223),.UNSPECIFIED.,.F.,
  .F.,(2,2),(-2.1819319874E-02,-0.),.PIECEWISE_BEZIER_KNOTS.);
#1222 = CARTESIAN_POINT('',(1.428016213145,6.89787589254E-02,
    0.831431114354));
#1223 = CARTESIAN_POINT('',(1.428016213145,4.71594390514E-02,
    0.831431114354));
#1224 = ORIENTED_EDGE('',*,*,#1225,.F.);
#1225 = EDGE_CURVE('',#1226,#1219,#1228,.T.);
#1226 = VERTEX_POINT('',#1227);
#1227 = CARTESIAN_POINT('',(1.428988639706,6.89787589254E-02,
    0.824511939845));
#1228 = B_SPLINE_CURVE_WITH_KNOTS('',1,(#1229,#1230),.UNSPECIFIED.,.F.,
  .F.,(2,2),(-6.987173197589E-03,0.),.PIECEWISE_BEZIER_KNOTS.);
#1229 = CARTESIAN_POINT('',(1.428988639706,6.89787589254E-02,
    0.824511939845));
#1230 = CARTESIAN_POINT('',(1.428016213145,6.89787589254E-02,
    0.831431114354));
#1231 = ORIENTED_EDGE('',*,*,#1232,.F.);
#1232 = EDGE_CURVE('',#1233,#1226,#1235,.T.);
#1233 = VERTEX_POINT('',#1234);
#1234 = CARTESIAN_POINT('',(1.428988639706,4.71594390514E-02,
    0.824511939845));
#1235 = B_SPLINE_CURVE_WITH_KNOTS('',1,(#1236,#1237),.UNSPECIFIED.,.F.,
  .F.,(2,2),(-2.1819319874E-02,0.),.PIECEWISE_BEZIER_KNOTS.);
#1236 = CARTESIAN_POINT('',(1.428988639706,4.71594390514E-02,
    0.824511939845));
#1237 = CARTESIAN_POINT('',(1.428988639706,6.89787589254E-02,
    0.824511939845));
#1238 = ORIENTED_EDGE('',*,*,#1239,.F.);
#1239 = EDGE_CURVE('',#1163,#1233,#1240,.T.);
#1240 = B_SPLINE_CURVE_WITH_KNOTS('',1,(#1241,#1242),.UNSPECIFIED.,.F.,
  .F.,(2,2),(-2.052482126799E-02,0.),.PIECEWISE_BEZIER_KNOTS.);
#1241 = CARTESIAN_POINT('',(1.431845142729,4.71594390514E-02,
    0.804186864727));
#1242 = CARTESIAN_POINT('',(1.428988639706,4.71594390514E-02,
    0.824511939845));
#1243 = FACE_BOUND('',#1244,.T.);
#1244 = EDGE_LOOP('',(#1245,#1256,#1263,#1270,#1277,#1286,#1295));
#1245 = ORIENTED_EDGE('',*,*,#1246,.F.);
#1246 = EDGE_CURVE('',#1247,#1249,#1251,.T.);
#1247 = VERTEX_POINT('',#1248);
#1248 = CARTESIAN_POINT('',(1.4328132281,0.269376500927,0.79729857939));
#1249 = VERTEX_POINT('',#1250);
#1250 = CARTESIAN_POINT('',(1.431623742038,0.29306738505,0.805762212494)
  );
#1251 = B_SPLINE_CURVE_WITH_KNOTS('',3,(#1252,#1253,#1254,#1255),
  .UNSPECIFIED.,.F.,.F.,(4,4),(5.,6.),.PIECEWISE_BEZIER_KNOTS.);
#1252 = CARTESIAN_POINT('',(1.4328132281,0.269376500927,0.79729857939));
#1253 = CARTESIAN_POINT('',(1.4328132281,0.27903065318,0.79729857939));
#1254 = CARTESIAN_POINT('',(1.432418179809,0.286938012134,0.800109494034
    ));
#1255 = CARTESIAN_POINT('',(1.431623742038,0.29306738505,0.805762212494)
  );
#1256 = ORIENTED_EDGE('',*,*,#1257,.F.);
#1257 = EDGE_CURVE('',#1258,#1247,#1260,.T.);
#1258 = VERTEX_POINT('',#1259);
#1259 = CARTESIAN_POINT('',(1.4328132281,0.252594808158,0.79729857939));
#1260 = B_SPLINE_CURVE_WITH_KNOTS('',1,(#1261,#1262),.UNSPECIFIED.,.F.,
  .F.,(2,2),(-1.678169276936E-02,-7.172734191867E-31),
  .PIECEWISE_BEZIER_KNOTS.);
#1261 = CARTESIAN_POINT('',(1.4328132281,0.252594808158,0.79729857939));
#1262 = CARTESIAN_POINT('',(1.4328132281,0.269376500927,0.79729857939));
#1263 = ORIENTED_EDGE('',*,*,#1264,.F.);
#1264 = EDGE_CURVE('',#1265,#1258,#1267,.T.);
#1265 = VERTEX_POINT('',#1266);
#1266 = CARTESIAN_POINT('',(1.424321860452,0.252594808158,0.857717799651
    ));
#1267 = B_SPLINE_CURVE_WITH_KNOTS('',1,(#1268,#1269),.UNSPECIFIED.,.F.,
  .F.,(2,2),(-6.10129945294E-02,0.),.PIECEWISE_BEZIER_KNOTS.);
#1268 = CARTESIAN_POINT('',(1.424321860452,0.252594808158,0.857717799651
    ));
#1269 = CARTESIAN_POINT('',(1.4328132281,0.252594808158,0.79729857939));
#1270 = ORIENTED_EDGE('',*,*,#1271,.F.);
#1271 = EDGE_CURVE('',#1272,#1265,#1274,.T.);
#1272 = VERTEX_POINT('',#1273);
#1273 = CARTESIAN_POINT('',(1.424321860452,0.270000355677,0.857717799651
    ));
#1274 = B_SPLINE_CURVE_WITH_KNOTS('',1,(#1275,#1276),.UNSPECIFIED.,.F.,
  .F.,(2,2),(-1.740554751886E-02,-0.),.PIECEWISE_BEZIER_KNOTS.);
#1275 = CARTESIAN_POINT('',(1.424321860452,0.270000355677,0.857717799651
    ));
#1276 = CARTESIAN_POINT('',(1.424321860452,0.252594808158,0.857717799651
    ));
#1277 = ORIENTED_EDGE('',*,*,#1278,.F.);
#1278 = EDGE_CURVE('',#1279,#1272,#1281,.T.);
#1279 = VERTEX_POINT('',#1280);
#1280 = CARTESIAN_POINT('',(1.425446228663,0.29306738505,0.849717504126)
  );
#1281 = B_SPLINE_CURVE_WITH_KNOTS('',3,(#1282,#1283,#1284,#1285),
  .UNSPECIFIED.,.F.,.F.,(4,4),(2.,3.),.PIECEWISE_BEZIER_KNOTS.);
#1282 = CARTESIAN_POINT('',(1.425446228663,0.29306738505,0.849717504126)
  );
#1283 = CARTESIAN_POINT('',(1.424695202792,0.286938012134,0.855061330867
    ));
#1284 = CARTESIAN_POINT('',(1.424321860452,0.279249002342,0.857717799651
    ));
#1285 = CARTESIAN_POINT('',(1.424321860452,0.270000355677,0.857717799651
    ));
#1286 = ORIENTED_EDGE('',*,*,#1287,.F.);
#1287 = EDGE_CURVE('',#1288,#1279,#1290,.T.);
#1288 = VERTEX_POINT('',#1289);
#1289 = CARTESIAN_POINT('',(1.428459014526,0.30226924261,0.828280418818)
  );
#1290 = B_SPLINE_CURVE_WITH_KNOTS('',3,(#1291,#1292,#1293,#1294),
  .UNSPECIFIED.,.F.,.F.,(4,4),(3.,4.),.PIECEWISE_BEZIER_KNOTS.);
#1291 = CARTESIAN_POINT('',(1.428459014526,0.30226924261,0.828280418818)
  );
#1292 = CARTESIAN_POINT('',(1.427200069425,0.30226924261,0.837238278673)
  );
#1293 = CARTESIAN_POINT('',(1.426197254534,0.299196757967,0.844373677385
    ));
#1294 = CARTESIAN_POINT('',(1.425446228663,0.29306738505,0.849717504126)
  );
#1295 = ORIENTED_EDGE('',*,*,#1296,.F.);
#1296 = EDGE_CURVE('',#1249,#1288,#1297,.T.);
#1297 = B_SPLINE_CURVE_WITH_KNOTS('',3,(#1298,#1299,#1300,#1301),
  .UNSPECIFIED.,.F.,.F.,(4,4),(4.,5.),.PIECEWISE_BEZIER_KNOTS.);
#1298 = CARTESIAN_POINT('',(1.431623742038,0.29306738505,0.805762212494)
  );
#1299 = CARTESIAN_POINT('',(1.430829304268,0.299196757967,0.811414930954
    ));
#1300 = CARTESIAN_POINT('',(1.429774395097,0.30226924261,0.818920999729)
  );
#1301 = CARTESIAN_POINT('',(1.428459014526,0.30226924261,0.828280418818)
  );
#1302 = FACE_BOUND('',#1303,.T.);
#1303 = EDGE_LOOP('',(#1304,#1315,#1324,#1333,#1342,#1349,#1358,#1367,
    #1376,#1383,#1392,#1401,#1410,#1419,#1428,#1437,#1446,#1455,#1464,
    #1473,#1480,#1487,#1494,#1503,#1512,#1521,#1530,#1539,#1548,#1557,
    #1566,#1575,#1584));
#1304 = ORIENTED_EDGE('',*,*,#1305,.F.);
#1305 = EDGE_CURVE('',#1306,#1308,#1310,.T.);
#1306 = VERTEX_POINT('',#1307);
#1307 = CARTESIAN_POINT('',(1.41648166287,-5.363099529033E-02,
    0.913503704142));
#1308 = VERTEX_POINT('',#1309);
#1309 = CARTESIAN_POINT('',(1.411712215125,-7.705599407279E-02,
    0.947440088222));
#1310 = B_SPLINE_CURVE_WITH_KNOTS('',3,(#1311,#1312,#1313,#1314),
  .UNSPECIFIED.,.F.,.F.,(4,4),(0.,1.),.PIECEWISE_BEZIER_KNOTS.);
#1311 = CARTESIAN_POINT('',(1.41648166287,-5.363099529033E-02,
    0.913503704142));
#1312 = CARTESIAN_POINT('',(1.414670480204,-5.840274633399E-02,
    0.926390938447));
#1313 = CARTESIAN_POINT('',(1.413040415919,-6.664487982549E-02,
    0.937989448503));
#1314 = CARTESIAN_POINT('',(1.411712215125,-7.705599407279E-02,
    0.947440088222));
#1315 = ORIENTED_EDGE('',*,*,#1316,.F.);
#1316 = EDGE_CURVE('',#1317,#1306,#1319,.T.);
#1317 = VERTEX_POINT('',#1318);
#1318 = CARTESIAN_POINT('',(1.424390491774,-1.068518625312E-02,
    0.857229462423));
#1319 = B_SPLINE_CURVE_WITH_KNOTS('',3,(#1320,#1321,#1322,#1323),
  .UNSPECIFIED.,.F.,.F.,(4,4),(35.,36.),.PIECEWISE_BEZIER_KNOTS.);
#1320 = CARTESIAN_POINT('',(1.424390491774,-1.068518625312E-02,
    0.857229462423));
#1321 = CARTESIAN_POINT('',(1.420768128744,-1.11189757852E-02,
    0.883003914647));
#1322 = CARTESIAN_POINT('',(1.417568372009,-2.890462791204E-02,
    0.905771366836));
#1323 = CARTESIAN_POINT('',(1.41648166287,-5.363099529033E-02,
    0.913503704142));
#1324 = ORIENTED_EDGE('',*,*,#1325,.F.);
#1325 = EDGE_CURVE('',#1326,#1317,#1328,.T.);
#1326 = VERTEX_POINT('',#1327);
#1327 = CARTESIAN_POINT('',(1.43012590355,-2.673564715625E-02,
    0.816419887122));
#1328 = B_SPLINE_CURVE_WITH_KNOTS('',3,(#1329,#1330,#1331,#1332),
  .UNSPECIFIED.,.F.,.F.,(4,4),(34.,35.),.PIECEWISE_BEZIER_KNOTS.);
#1329 = CARTESIAN_POINT('',(1.43012590355,-2.673564715625E-02,
    0.816419887122));
#1330 = CARTESIAN_POINT('',(1.428556212827,-1.632453290875E-02,
    0.827588816966));
#1331 = CARTESIAN_POINT('',(1.426503538218,-1.068518625312E-02,
    0.842194355733));
#1332 = CARTESIAN_POINT('',(1.424390491774,-1.068518625312E-02,
    0.857229462423));
#1333 = ORIENTED_EDGE('',*,*,#1334,.F.);
#1334 = EDGE_CURVE('',#1335,#1326,#1337,.T.);
#1335 = VERTEX_POINT('',#1336);
#1336 = CARTESIAN_POINT('',(1.43284267755,-6.621109029342E-02,
    0.797089035664));
#1337 = B_SPLINE_CURVE_WITH_KNOTS('',3,(#1338,#1339,#1340,#1341),
  .UNSPECIFIED.,.F.,.F.,(4,4),(33.,34.),.PIECEWISE_BEZIER_KNOTS.);
#1338 = CARTESIAN_POINT('',(1.43284267755,-6.621109029342E-02,
    0.797089035664));
#1339 = CARTESIAN_POINT('',(1.432661559744,-5.102822500266E-02,
    0.798377755817));
#1340 = CARTESIAN_POINT('',(1.431695594273,-3.714674485533E-02,
    0.805250957279));
#1341 = CARTESIAN_POINT('',(1.43012590355,-2.673564715625E-02,
    0.816419887122));
#1342 = ORIENTED_EDGE('',*,*,#1343,.F.);
#1343 = EDGE_CURVE('',#1344,#1335,#1346,.T.);
#1344 = VERTEX_POINT('',#1345);
#1345 = CARTESIAN_POINT('',(1.43284267755,-9.180505328387E-02,
    0.797089035664));
#1346 = B_SPLINE_CURVE_WITH_KNOTS('',1,(#1347,#1348),.UNSPECIFIED.,.F.,
  .F.,(2,2),(-2.429257784641E-02,1.301385144039E-03),
  .PIECEWISE_BEZIER_KNOTS.);
#1347 = CARTESIAN_POINT('',(1.43284267755,-9.180505328387E-02,
    0.797089035664));
#1348 = CARTESIAN_POINT('',(1.43284267755,-6.621109029342E-02,
    0.797089035664));
#1349 = ORIENTED_EDGE('',*,*,#1350,.F.);
#1350 = EDGE_CURVE('',#1351,#1344,#1353,.T.);
#1351 = VERTEX_POINT('',#1352);
#1352 = CARTESIAN_POINT('',(1.430971123049,-0.104385148287,
    0.810405837892));
#1353 = B_SPLINE_CURVE_WITH_KNOTS('',3,(#1354,#1355,#1356,#1357),
  .UNSPECIFIED.,.F.,.F.,(4,4),(28.,29.),.PIECEWISE_BEZIER_KNOTS.);
#1354 = CARTESIAN_POINT('',(1.430971123049,-0.104385148287,
    0.810405837892));
#1355 = CARTESIAN_POINT('',(1.431937086217,-0.104385148287,
    0.803532652817));
#1356 = CARTESIAN_POINT('',(1.432782305715,-9.874580163154E-02,
    0.797518603586));
#1357 = CARTESIAN_POINT('',(1.43284267755,-9.180505328387E-02,
    0.797089035664));
#1358 = ORIENTED_EDGE('',*,*,#1359,.F.);
#1359 = EDGE_CURVE('',#1360,#1351,#1362,.T.);
#1360 = VERTEX_POINT('',#1361);
#1361 = CARTESIAN_POINT('',(1.429099568548,-9.093747421992E-02,
    0.823722640119));
#1362 = B_SPLINE_CURVE_WITH_KNOTS('',3,(#1363,#1364,#1365,#1366),
  .UNSPECIFIED.,.F.,.F.,(4,4),(27.,28.),.PIECEWISE_BEZIER_KNOTS.);
#1363 = CARTESIAN_POINT('',(1.429099568548,-9.093747421992E-02,
    0.823722640119));
#1364 = CARTESIAN_POINT('',(1.429099568548,-9.831201209946E-02,
    0.823722640119));
#1365 = CARTESIAN_POINT('',(1.429944788047,-0.104385148287,
    0.817708590889));
#1366 = CARTESIAN_POINT('',(1.430971123049,-0.104385148287,
    0.810405837892));
#1367 = ORIENTED_EDGE('',*,*,#1368,.F.);
#1368 = EDGE_CURVE('',#1369,#1360,#1371,.T.);
#1369 = VERTEX_POINT('',#1370);
#1370 = CARTESIAN_POINT('',(1.429159940383,-8.833470393205E-02,
    0.823293072197));
#1371 = B_SPLINE_CURVE_WITH_KNOTS('',3,(#1372,#1373,#1374,#1375),
  .UNSPECIFIED.,.F.,.F.,(4,4),(26.,27.),.PIECEWISE_BEZIER_KNOTS.);
#1372 = CARTESIAN_POINT('',(1.429159940383,-8.833470393205E-02,
    0.823293072197));
#1373 = CARTESIAN_POINT('',(1.429159940383,-8.920229954401E-02,
    0.823293072197));
#1374 = CARTESIAN_POINT('',(1.429099568548,-9.006989515597E-02,
    0.823722640119));
#1375 = CARTESIAN_POINT('',(1.429099568548,-9.093747421992E-02,
    0.823722640119));
#1376 = ORIENTED_EDGE('',*,*,#1377,.F.);
#1377 = EDGE_CURVE('',#1378,#1369,#1380,.T.);
#1378 = VERTEX_POINT('',#1379);
#1379 = CARTESIAN_POINT('',(1.429159940383,-6.88138771293E-02,
    0.823293072197));
#1380 = B_SPLINE_CURVE_WITH_KNOTS('',1,(#1381,#1382),.UNSPECIFIED.,.F.,
  .F.,(2,2),(2.775557561563E-17,1.952082680275E-02),
  .PIECEWISE_BEZIER_KNOTS.);
#1381 = CARTESIAN_POINT('',(1.429159940383,-6.88138771293E-02,
    0.823293072197));
#1382 = CARTESIAN_POINT('',(1.429159940383,-8.833470393205E-02,
    0.823293072197));
#1383 = ORIENTED_EDGE('',*,*,#1384,.F.);
#1384 = EDGE_CURVE('',#1385,#1378,#1387,.T.);
#1385 = VERTEX_POINT('',#1386);
#1386 = CARTESIAN_POINT('',(1.424450865911,-3.758055093542E-02,
    0.856799878114));
#1387 = B_SPLINE_CURVE_WITH_KNOTS('',3,(#1388,#1389,#1390,#1391),
  .UNSPECIFIED.,.F.,.F.,(4,4),(24.,25.),.PIECEWISE_BEZIER_KNOTS.);
#1388 = CARTESIAN_POINT('',(1.424450865911,-3.758055093542E-02,
    0.856799878114));
#1389 = CARTESIAN_POINT('',(1.426926149119,-3.758055093542E-02,
    0.839187322924));
#1390 = CARTESIAN_POINT('',(1.428978822577,-5.102822500266E-02,
    0.82458179235));
#1391 = CARTESIAN_POINT('',(1.429159940383,-6.88138771293E-02,
    0.823293072197));
#1392 = ORIENTED_EDGE('',*,*,#1393,.F.);
#1393 = EDGE_CURVE('',#1394,#1385,#1396,.T.);
#1394 = VERTEX_POINT('',#1395);
#1395 = CARTESIAN_POINT('',(1.419741791439,-7.141664741717E-02,
    0.890306684031));
#1396 = B_SPLINE_CURVE_WITH_KNOTS('',3,(#1397,#1398,#1399,#1400),
  .UNSPECIFIED.,.F.,.F.,(4,4),(23.,24.),.PIECEWISE_BEZIER_KNOTS.);
#1397 = CARTESIAN_POINT('',(1.419741791439,-7.141664741717E-02,
    0.890306684031));
#1398 = CARTESIAN_POINT('',(1.419741791439,-5.276341622638E-02,
    0.890306684031));
#1399 = CARTESIAN_POINT('',(1.421854837883,-3.758055093542E-02,
    0.875271577341));
#1400 = CARTESIAN_POINT('',(1.424450865911,-3.758055093542E-02,
    0.856799878114));
#1401 = ORIENTED_EDGE('',*,*,#1402,.F.);
#1402 = EDGE_CURVE('',#1403,#1394,#1405,.T.);
#1403 = VERTEX_POINT('',#1404);
#1404 = CARTESIAN_POINT('',(1.419741791439,-7.4887013317E-02,
    0.890306684031));
#1405 = B_SPLINE_CURVE_WITH_KNOTS('',3,(#1406,#1407,#1408,#1409),
  .UNSPECIFIED.,.F.,.F.,(4,4),(22.,23.),.PIECEWISE_BEZIER_KNOTS.);
#1406 = CARTESIAN_POINT('',(1.419741791439,-7.4887013317E-02,
    0.890306684031));
#1407 = CARTESIAN_POINT('',(1.419741791439,-7.358562817317E-02,
    0.890306684031));
#1408 = CARTESIAN_POINT('',(1.419741791439,-7.271803256121E-02,
    0.890306684031));
#1409 = CARTESIAN_POINT('',(1.419741791439,-7.141664741717E-02,
    0.890306684031));
#1410 = ORIENTED_EDGE('',*,*,#1411,.F.);
#1411 = EDGE_CURVE('',#1412,#1403,#1414,.T.);
#1412 = VERTEX_POINT('',#1413);
#1413 = CARTESIAN_POINT('',(1.412195196996,-0.135618474481,
    0.944003493637));
#1414 = B_SPLINE_CURVE_WITH_KNOTS('',3,(#1415,#1416,#1417,#1418),
  .UNSPECIFIED.,.F.,.F.,(4,4),(21.,22.),.PIECEWISE_BEZIER_KNOTS.);
#1415 = CARTESIAN_POINT('',(1.412195196996,-0.135618474481,
    0.944003493637));
#1416 = CARTESIAN_POINT('',(1.412195196996,-0.104385148287,
    0.944003493637));
#1417 = CARTESIAN_POINT('',(1.415515698551,-7.835737921683E-02,
    0.92037689741));
#1418 = CARTESIAN_POINT('',(1.419741791439,-7.4887013317E-02,
    0.890306684031));
#1419 = ORIENTED_EDGE('',*,*,#1420,.F.);
#1420 = EDGE_CURVE('',#1421,#1412,#1423,.T.);
#1421 = VERTEX_POINT('',#1422);
#1422 = CARTESIAN_POINT('',(1.417990978304,-0.193747148809,
    0.902764366801));
#1423 = B_SPLINE_CURVE_WITH_KNOTS('',3,(#1424,#1425,#1426,#1427),
  .UNSPECIFIED.,.F.,.F.,(4,4),(20.,21.),.PIECEWISE_BEZIER_KNOTS.);
#1424 = CARTESIAN_POINT('',(1.417990978304,-0.193747148809,
    0.902764366801));
#1425 = CARTESIAN_POINT('',(1.414610107218,-0.185505031866,
    0.926820514563));
#1426 = CARTESIAN_POINT('',(1.412195196996,-0.162947628695,
    0.944003493637));
#1427 = CARTESIAN_POINT('',(1.412195196996,-0.135618474481,
    0.944003493637));
#1428 = ORIENTED_EDGE('',*,*,#1429,.F.);
#1429 = EDGE_CURVE('',#1430,#1421,#1432,.T.);
#1430 = VERTEX_POINT('',#1431);
#1431 = CARTESIAN_POINT('',(1.417085386971,-0.216738341512,
    0.909207983954));
#1432 = B_SPLINE_CURVE_WITH_KNOTS('',3,(#1433,#1434,#1435,#1436),
  .UNSPECIFIED.,.F.,.F.,(4,4),(19.,20.),.PIECEWISE_BEZIER_KNOTS.);
#1433 = CARTESIAN_POINT('',(1.417085386971,-0.216738341512,
    0.909207983954));
#1434 = CARTESIAN_POINT('',(1.417085386971,-0.208496216294,
    0.909207983954));
#1435 = CARTESIAN_POINT('',(1.417447623735,-0.200254091077,
    0.906630535454));
#1436 = CARTESIAN_POINT('',(1.417990978304,-0.193747148809,
    0.902764366801));
#1437 = ORIENTED_EDGE('',*,*,#1438,.F.);
#1438 = EDGE_CURVE('',#1439,#1430,#1441,.T.);
#1439 = VERTEX_POINT('',#1440);
#1440 = CARTESIAN_POINT('',(1.423122662525,-0.260117956629,
    0.866250536269));
#1441 = B_SPLINE_CURVE_WITH_KNOTS('',3,(#1442,#1443,#1444,#1445),
  .UNSPECIFIED.,.F.,.F.,(4,4),(18.,19.),.PIECEWISE_BEZIER_KNOTS.);
#1442 = CARTESIAN_POINT('',(1.423122662525,-0.260117956629,
    0.866250536269));
#1443 = CARTESIAN_POINT('',(1.419802160971,-0.260117956629,
    0.889877132496));
#1444 = CARTESIAN_POINT('',(1.417085386971,-0.240597129826,
    0.909207983954));
#1445 = CARTESIAN_POINT('',(1.417085386971,-0.216738341512,
    0.909207983954));
#1446 = ORIENTED_EDGE('',*,*,#1447,.F.);
#1447 = EDGE_CURVE('',#1448,#1439,#1450,.T.);
#1448 = VERTEX_POINT('',#1449);
#1449 = CARTESIAN_POINT('',(1.428676956496,-0.234090187559,
    0.826729681122));
#1450 = B_SPLINE_CURVE_WITH_KNOTS('',3,(#1451,#1452,#1453,#1454),
  .UNSPECIFIED.,.F.,.F.,(4,4),(17.,18.),.PIECEWISE_BEZIER_KNOTS.);
#1451 = CARTESIAN_POINT('',(1.428676956496,-0.234090187559,
    0.826729681122));
#1452 = CARTESIAN_POINT('',(1.427710992177,-0.24927305285,0.83360287439)
  );
#1453 = CARTESIAN_POINT('',(1.425597945733,-0.260117956629,
    0.848637981079));
#1454 = CARTESIAN_POINT('',(1.423122662525,-0.260117956629,
    0.866250536269));
#1455 = ORIENTED_EDGE('',*,*,#1456,.F.);
#1456 = EDGE_CURVE('',#1457,#1448,#1459,.T.);
#1457 = VERTEX_POINT('',#1458);
#1458 = CARTESIAN_POINT('',(1.4246923544,-0.193313351003,0.855081598232)
  );
#1459 = B_SPLINE_CURVE_WITH_KNOTS('',3,(#1460,#1461,#1462,#1463),
  .UNSPECIFIED.,.F.,.F.,(4,4),(16.,17.),.PIECEWISE_BEZIER_KNOTS.);
#1460 = CARTESIAN_POINT('',(1.4246923544,-0.193313351003,0.855081598232)
  );
#1461 = CARTESIAN_POINT('',(1.4246923544,-0.211966590468,0.855081598232)
  );
#1462 = CARTESIAN_POINT('',(1.426382791094,-0.228017043097,
    0.843053516158));
#1463 = CARTESIAN_POINT('',(1.428676956496,-0.234090187559,
    0.826729681122));
#1464 = ORIENTED_EDGE('',*,*,#1465,.F.);
#1465 = EDGE_CURVE('',#1466,#1457,#1468,.T.);
#1466 = VERTEX_POINT('',#1467);
#1467 = CARTESIAN_POINT('',(1.426745027858,-0.160778639665,
    0.840476067658));
#1468 = B_SPLINE_CURVE_WITH_KNOTS('',3,(#1469,#1470,#1471,#1472),
  .UNSPECIFIED.,.F.,.F.,(4,4),(15.,16.),.PIECEWISE_BEZIER_KNOTS.);
#1469 = CARTESIAN_POINT('',(1.426745027858,-0.160778639665,
    0.840476067658));
#1470 = CARTESIAN_POINT('',(1.425477199761,-0.168586967077,
    0.849497133311));
#1471 = CARTESIAN_POINT('',(1.4246923544,-0.180299466468,0.855081598232)
  );
#1472 = CARTESIAN_POINT('',(1.4246923544,-0.193313351003,0.855081598232)
  );
#1473 = ORIENTED_EDGE('',*,*,#1474,.F.);
#1474 = EDGE_CURVE('',#1475,#1466,#1477,.T.);
#1475 = VERTEX_POINT('',#1476);
#1476 = CARTESIAN_POINT('',(1.42251893497,-0.102649957063,0.870546281037
    ));
#1477 = B_SPLINE_CURVE_WITH_KNOTS('',1,(#1478,#1479),.UNSPECIFIED.,.F.,
  .F.,(2,2),(0.,6.558217238577E-02),.PIECEWISE_BEZIER_KNOTS.);
#1478 = CARTESIAN_POINT('',(1.42251893497,-0.102649957063,0.870546281037
    ));
#1479 = CARTESIAN_POINT('',(1.426745027858,-0.160778639665,
    0.840476067658));
#1480 = ORIENTED_EDGE('',*,*,#1481,.F.);
#1481 = EDGE_CURVE('',#1482,#1475,#1484,.T.);
#1482 = VERTEX_POINT('',#1483);
#1483 = CARTESIAN_POINT('',(1.425718691705,-8.9202282996E-02,
    0.847778828848));
#1484 = B_SPLINE_CURVE_WITH_KNOTS('',1,(#1485,#1486),.UNSPECIFIED.,.F.,
  .F.,(2,2),(0.,2.663522592649E-02),.PIECEWISE_BEZIER_KNOTS.);
#1485 = CARTESIAN_POINT('',(1.425718691705,-8.9202282996E-02,
    0.847778828848));
#1486 = CARTESIAN_POINT('',(1.42251893497,-0.102649957063,0.870546281037
    ));
#1487 = ORIENTED_EDGE('',*,*,#1488,.F.);
#1488 = EDGE_CURVE('',#1489,#1482,#1491,.T.);
#1489 = VERTEX_POINT('',#1490);
#1490 = CARTESIAN_POINT('',(1.430186275385,-0.14993374416,0.8159903192)
  );
#1491 = B_SPLINE_CURVE_WITH_KNOTS('',1,(#1492,#1493),.UNSPECIFIED.,.F.,
  .F.,(2,2),(-9.035621758527E-17,6.869336958323E-02),
  .PIECEWISE_BEZIER_KNOTS.);
#1492 = CARTESIAN_POINT('',(1.430186275385,-0.14993374416,0.8159903192)
  );
#1493 = CARTESIAN_POINT('',(1.425718691705,-8.9202282996E-02,
    0.847778828848));
#1494 = ORIENTED_EDGE('',*,*,#1495,.F.);
#1495 = EDGE_CURVE('',#1496,#1489,#1498,.T.);
#1496 = VERTEX_POINT('',#1497);
#1497 = CARTESIAN_POINT('',(1.43079000294,-0.14993374416,0.811694574432)
  );
#1498 = B_SPLINE_CURVE_WITH_KNOTS('',3,(#1499,#1500,#1501,#1502),
  .UNSPECIFIED.,.F.,.F.,(4,4),(11.,12.),.PIECEWISE_BEZIER_KNOTS.);
#1499 = CARTESIAN_POINT('',(1.43079000294,-0.14993374416,0.811694574432)
  );
#1500 = CARTESIAN_POINT('',(1.430608885134,-0.14993374416,0.812983294585
    ));
#1501 = CARTESIAN_POINT('',(1.430427767328,-0.14993374416,0.814272014738
    ));
#1502 = CARTESIAN_POINT('',(1.430186275385,-0.14993374416,0.8159903192)
  );
#1503 = ORIENTED_EDGE('',*,*,#1504,.F.);
#1504 = EDGE_CURVE('',#1505,#1496,#1507,.T.);
#1505 = VERTEX_POINT('',#1506);
#1506 = CARTESIAN_POINT('',(1.436827278494,-0.193313359277,
    0.768737126747));
#1507 = B_SPLINE_CURVE_WITH_KNOTS('',3,(#1508,#1509,#1510,#1511),
  .UNSPECIFIED.,.F.,.F.,(4,4),(10.,11.),.PIECEWISE_BEZIER_KNOTS.);
#1508 = CARTESIAN_POINT('',(1.436827278494,-0.193313359277,
    0.768737126747));
#1509 = CARTESIAN_POINT('',(1.436827278494,-0.169454570963,
    0.768737126747));
#1510 = CARTESIAN_POINT('',(1.434110504495,-0.14993374416,0.788067978205
    ));
#1511 = CARTESIAN_POINT('',(1.43079000294,-0.14993374416,0.811694574432)
  );
#1512 = ORIENTED_EDGE('',*,*,#1513,.F.);
#1513 = EDGE_CURVE('',#1514,#1505,#1516,.T.);
#1514 = VERTEX_POINT('',#1515);
#1515 = CARTESIAN_POINT('',(1.432721931578,-0.234523997776,
    0.797948187895));
#1516 = B_SPLINE_CURVE_WITH_KNOTS('',3,(#1517,#1518,#1519,#1520),
  .UNSPECIFIED.,.F.,.F.,(4,4),(9.,10.),.PIECEWISE_BEZIER_KNOTS.);
#1517 = CARTESIAN_POINT('',(1.432721931578,-0.234523997776,
    0.797948187895));
#1518 = CARTESIAN_POINT('',(1.4351368418,-0.228884646983,0.780765208821)
  );
#1519 = CARTESIAN_POINT('',(1.436827278494,-0.212400396548,
    0.768737126747));
#1520 = CARTESIAN_POINT('',(1.436827278494,-0.193313359277,
    0.768737126747));
#1521 = ORIENTED_EDGE('',*,*,#1522,.F.);
#1522 = EDGE_CURVE('',#1523,#1514,#1525,.T.);
#1523 = VERTEX_POINT('',#1524);
#1524 = CARTESIAN_POINT('',(1.429824039773,-0.269227689869,
    0.818567759506));
#1525 = B_SPLINE_CURVE_WITH_KNOTS('',3,(#1526,#1527,#1528,#1529),
  .UNSPECIFIED.,.F.,.F.,(4,4),(8.,9.),.PIECEWISE_BEZIER_KNOTS.);
#1526 = CARTESIAN_POINT('',(1.429824039773,-0.269227689869,
    0.818567759506));
#1527 = CARTESIAN_POINT('',(1.431272986827,-0.259684175371,
    0.808257965507));
#1528 = CARTESIAN_POINT('',(1.432238949994,-0.24797167598,0.801384780433
    ));
#1529 = CARTESIAN_POINT('',(1.432721931578,-0.234523997776,
    0.797948187895));
#1530 = ORIENTED_EDGE('',*,*,#1531,.F.);
#1531 = EDGE_CURVE('',#1532,#1523,#1534,.T.);
#1532 = VERTEX_POINT('',#1533);
#1533 = CARTESIAN_POINT('',(1.4232434108,-0.287447127391,0.865391367651)
  );
#1534 = B_SPLINE_CURVE_WITH_KNOTS('',3,(#1535,#1536,#1537,#1538),
  .UNSPECIFIED.,.F.,.F.,(4,4),(7.,8.),.PIECEWISE_BEZIER_KNOTS.);
#1535 = CARTESIAN_POINT('',(1.4232434108,-0.287447127391,0.865391367651)
  );
#1536 = CARTESIAN_POINT('',(1.425658321022,-0.287447127391,
    0.848208388577));
#1537 = CARTESIAN_POINT('',(1.428012859409,-0.280940185124,
    0.831454977425));
#1538 = CARTESIAN_POINT('',(1.429824039773,-0.269227689869,
    0.818567759506));
#1539 = ORIENTED_EDGE('',*,*,#1540,.F.);
#1540 = EDGE_CURVE('',#1541,#1532,#1543,.T.);
#1541 = VERTEX_POINT('',#1542);
#1542 = CARTESIAN_POINT('',(1.416360917474,-0.267058696703,
    0.914362852276));
#1543 = B_SPLINE_CURVE_WITH_KNOTS('',3,(#1544,#1545,#1546,#1547),
  .UNSPECIFIED.,.F.,.F.,(4,4),(6.,7.),.PIECEWISE_BEZIER_KNOTS.);
#1544 = CARTESIAN_POINT('',(1.416360917474,-0.267058696703,
    0.914362852276));
#1545 = CARTESIAN_POINT('',(1.418172099565,-0.280072592615,
    0.901475622067));
#1546 = CARTESIAN_POINT('',(1.420647382772,-0.287447127391,
    0.883863066878));
#1547 = CARTESIAN_POINT('',(1.4232434108,-0.287447127391,0.865391367651)
  );
#1548 = ORIENTED_EDGE('',*,*,#1549,.F.);
#1549 = EDGE_CURVE('',#1550,#1541,#1552,.T.);
#1550 = VERTEX_POINT('',#1551);
#1551 = CARTESIAN_POINT('',(1.413463025093,-0.217172139318,
    0.934982427984));
#1552 = B_SPLINE_CURVE_WITH_KNOTS('',3,(#1553,#1554,#1555,#1556),
  .UNSPECIFIED.,.F.,.F.,(4,4),(5.,6.),.PIECEWISE_BEZIER_KNOTS.);
#1553 = CARTESIAN_POINT('',(1.413463025093,-0.217172139318,
    0.934982427984));
#1554 = CARTESIAN_POINT('',(1.413463025093,-0.235825374646,
    0.934982427984));
#1555 = CARTESIAN_POINT('',(1.414489361822,-0.253611014362,
    0.927679662697));
#1556 = CARTESIAN_POINT('',(1.416360917474,-0.267058696703,
    0.914362852276));
#1557 = ORIENTED_EDGE('',*,*,#1558,.F.);
#1558 = EDGE_CURVE('',#1559,#1550,#1561,.T.);
#1559 = VERTEX_POINT('',#1560);
#1560 = CARTESIAN_POINT('',(1.413583770489,-0.20719483115,0.93412327985)
  );
#1561 = B_SPLINE_CURVE_WITH_KNOTS('',3,(#1562,#1563,#1564,#1565),
  .UNSPECIFIED.,.F.,.F.,(4,4),(4.,5.),.PIECEWISE_BEZIER_KNOTS.);
#1562 = CARTESIAN_POINT('',(1.413583770489,-0.20719483115,0.93412327985)
  );
#1563 = CARTESIAN_POINT('',(1.413523397503,-0.21066519705,0.934552855965
    ));
#1564 = CARTESIAN_POINT('',(1.413463025093,-0.213701773418,
    0.934982427984));
#1565 = CARTESIAN_POINT('',(1.413463025093,-0.217172139318,
    0.934982427984));
#1566 = ORIENTED_EDGE('',*,*,#1567,.F.);
#1567 = EDGE_CURVE('',#1568,#1559,#1570,.T.);
#1568 = VERTEX_POINT('',#1569);
#1569 = CARTESIAN_POINT('',(1.410927369188,-0.188107802154,
    0.953024557241));
#1570 = B_SPLINE_CURVE_WITH_KNOTS('',3,(#1571,#1572,#1573,#1574),
  .UNSPECIFIED.,.F.,.F.,(4,4),(3.,4.),.PIECEWISE_BEZIER_KNOTS.);
#1571 = CARTESIAN_POINT('',(1.410927369188,-0.188107802154,
    0.953024557241));
#1572 = CARTESIAN_POINT('',(1.411651842427,-0.195482340033,0.94786966229
    ));
#1573 = CARTESIAN_POINT('',(1.41255743376,-0.201555484495,0.941426045137
    ));
#1574 = CARTESIAN_POINT('',(1.413583770489,-0.20719483115,0.93412327985)
  );
#1575 = ORIENTED_EDGE('',*,*,#1576,.F.);
#1576 = EDGE_CURVE('',#1577,#1568,#1579,.T.);
#1577 = VERTEX_POINT('',#1578);
#1578 = CARTESIAN_POINT('',(1.408572831664,-0.136052264013,
    0.969777962248));
#1579 = B_SPLINE_CURVE_WITH_KNOTS('',3,(#1580,#1581,#1582,#1583),
  .UNSPECIFIED.,.F.,.F.,(4,4),(2.,3.),.PIECEWISE_BEZIER_KNOTS.);
#1580 = CARTESIAN_POINT('',(1.408572831664,-0.136052264013,
    0.969777962248));
#1581 = CARTESIAN_POINT('',(1.408572831664,-0.15513929301,0.969777962248
    ));
#1582 = CARTESIAN_POINT('',(1.409418050227,-0.172924936863,
    0.963763919674));
#1583 = CARTESIAN_POINT('',(1.410927369188,-0.188107802154,
    0.953024557241));
#1584 = ORIENTED_EDGE('',*,*,#1585,.F.);
#1585 = EDGE_CURVE('',#1308,#1577,#1586,.T.);
#1586 = B_SPLINE_CURVE_WITH_KNOTS('',3,(#1587,#1588,#1589,#1590),
  .UNSPECIFIED.,.F.,.F.,(4,4),(1.,2.),.PIECEWISE_BEZIER_KNOTS.);
#1587 = CARTESIAN_POINT('',(1.411712215125,-7.705599407279E-02,
    0.947440088222));
#1588 = CARTESIAN_POINT('',(1.409719914005,-9.354024450779E-02,
    0.96161604729));
#1589 = CARTESIAN_POINT('',(1.408572831664,-0.114362456455,
    0.969777962248));
#1590 = CARTESIAN_POINT('',(1.408572831664,-0.136052264013,
    0.969777962248));
#1591 = B_SPLINE_SURFACE_WITH_KNOTS('',1,1,(
    (#1592,#1593)
    ,(#1594,#1595
    )),.UNSPECIFIED.,.F.,.F.,.F.,(2,2),(2,2),(-0.700968503025,
    0.700968503025),(8.692867378162E-02,0.42917671832),
  .PIECEWISE_BEZIER_KNOTS.);
#1592 = CARTESIAN_POINT('',(1.402368278344,0.700968503025,1.01392565308)
  );
#1593 = CARTESIAN_POINT('',(1.45,0.700968503025,0.675008342984));
#1594 = CARTESIAN_POINT('',(1.402368278344,-0.700968503025,1.01392565308
    ));
#1595 = CARTESIAN_POINT('',(1.45,-0.700968503025,0.675008342984));
#1596 = ADVANCED_FACE('',(#1597),#1619,.F.);
#1597 = FACE_BOUND('',#1598,.T.);
#1598 = EDGE_LOOP('',(#1599,#1600,#1607,#1614));
#1599 = ORIENTED_EDGE('',*,*,#818,.T.);
#1600 = ORIENTED_EDGE('',*,*,#1601,.T.);
#1601 = EDGE_CURVE('',#810,#1602,#1604,.T.);
#1602 = VERTEX_POINT('',#1603);
#1603 = CARTESIAN_POINT('',(1.45,-0.7,0.525008342984));
#1604 = B_SPLINE_CURVE_WITH_KNOTS('',1,(#1605,#1606),.UNSPECIFIED.,.F.,
  .F.,(2,2),(0.425,0.575),.PIECEWISE_BEZIER_KNOTS.);
#1605 = CARTESIAN_POINT('',(1.45,-0.7,0.675008342984));
#1606 = CARTESIAN_POINT('',(1.45,-0.7,0.525008342984));
#1607 = ORIENTED_EDGE('',*,*,#1608,.T.);
#1608 = EDGE_CURVE('',#1602,#1609,#1611,.T.);
#1609 = VERTEX_POINT('',#1610);
#1610 = CARTESIAN_POINT('',(1.45,0.7,0.525008342984));
#1611 = B_SPLINE_CURVE_WITH_KNOTS('',1,(#1612,#1613),.UNSPECIFIED.,.F.,
  .F.,(2,2),(-1.5,-0.1),.PIECEWISE_BEZIER_KNOTS.);
#1612 = CARTESIAN_POINT('',(1.45,-0.7,0.525008342984));
#1613 = CARTESIAN_POINT('',(1.45,0.7,0.525008342984));
#1614 = ORIENTED_EDGE('',*,*,#1615,.T.);
#1615 = EDGE_CURVE('',#1609,#819,#1616,.T.);
#1616 = B_SPLINE_CURVE_WITH_KNOTS('',1,(#1617,#1618),.UNSPECIFIED.,.F.,
  .F.,(2,2),(-0.575,-0.425),.PIECEWISE_BEZIER_KNOTS.);
#1617 = CARTESIAN_POINT('',(1.45,0.7,0.525008342984));
#1618 = CARTESIAN_POINT('',(1.45,0.7,0.675008342984));
#1619 = B_SPLINE_SURFACE_WITH_KNOTS('',1,1,(
    (#1620,#1621)
    ,(#1622,#1623
    )),.UNSPECIFIED.,.F.,.F.,.F.,(2,2),(2,2),(-0.575,-0.425),(-1.5,-0.1)
  ,.PIECEWISE_BEZIER_KNOTS.);
#1620 = CARTESIAN_POINT('',(1.45,-0.7,0.525008342984));
#1621 = CARTESIAN_POINT('',(1.45,0.7,0.525008342984));
#1622 = CARTESIAN_POINT('',(1.45,-0.7,0.675008342984));
#1623 = CARTESIAN_POINT('',(1.45,0.7,0.675008342984));
#1624 = ADVANCED_FACE('',(#1625),#1655,.F.);
#1625 = FACE_BOUND('',#1626,.T.);
#1626 = EDGE_LOOP('',(#1627,#1636,#1643,#1650));
#1627 = ORIENTED_EDGE('',*,*,#1628,.T.);
#1628 = EDGE_CURVE('',#1629,#1631,#1633,.T.);
#1629 = VERTEX_POINT('',#1630);
#1630 = CARTESIAN_POINT('',(1.35,0.8,0.525008342984));
#1631 = VERTEX_POINT('',#1632);
#1632 = CARTESIAN_POINT('',(0.2,0.8,0.525008342984));
#1633 = B_SPLINE_CURVE_WITH_KNOTS('',1,(#1634,#1635),.UNSPECIFIED.,.F.,
  .F.,(2,2),(-2.8,-1.65),.PIECEWISE_BEZIER_KNOTS.);
#1634 = CARTESIAN_POINT('',(1.35,0.8,0.525008342984));
#1635 = CARTESIAN_POINT('',(0.2,0.8,0.525008342984));
#1636 = ORIENTED_EDGE('',*,*,#1637,.F.);
#1637 = EDGE_CURVE('',#1638,#1631,#1640,.T.);
#1638 = VERTEX_POINT('',#1639);
#1639 = CARTESIAN_POINT('',(0.2,0.8,0.675008342984));
#1640 = B_SPLINE_CURVE_WITH_KNOTS('',1,(#1641,#1642),.UNSPECIFIED.,.F.,
  .F.,(2,2),(0.,0.15),.PIECEWISE_BEZIER_KNOTS.);
#1641 = CARTESIAN_POINT('',(0.2,0.8,0.675008342984));
#1642 = CARTESIAN_POINT('',(0.2,0.8,0.525008342984));
#1643 = ORIENTED_EDGE('',*,*,#1644,.T.);
#1644 = EDGE_CURVE('',#1638,#1645,#1647,.T.);
#1645 = VERTEX_POINT('',#1646);
#1646 = CARTESIAN_POINT('',(1.35,0.8,0.675008342984));
#1647 = B_SPLINE_CURVE_WITH_KNOTS('',1,(#1648,#1649),.UNSPECIFIED.,.F.,
  .F.,(2,2),(-1.25,-0.1),.PIECEWISE_BEZIER_KNOTS.);
#1648 = CARTESIAN_POINT('',(0.2,0.8,0.675008342984));
#1649 = CARTESIAN_POINT('',(1.35,0.8,0.675008342984));
#1650 = ORIENTED_EDGE('',*,*,#1651,.T.);
#1651 = EDGE_CURVE('',#1645,#1629,#1652,.T.);
#1652 = B_SPLINE_CURVE_WITH_KNOTS('',1,(#1653,#1654),.UNSPECIFIED.,.F.,
  .F.,(2,2),(0.425,0.575),.PIECEWISE_BEZIER_KNOTS.);
#1653 = CARTESIAN_POINT('',(1.35,0.8,0.675008342984));
#1654 = CARTESIAN_POINT('',(1.35,0.8,0.525008342984));
#1655 = B_SPLINE_SURFACE_WITH_KNOTS('',1,1,(
    (#1656,#1657)
    ,(#1658,#1659
  )),.UNSPECIFIED.,.F.,.F.,.F.,(2,2),(2,2),(0.425,0.575),(1.65,2.8),
  .PIECEWISE_BEZIER_KNOTS.);
#1656 = CARTESIAN_POINT('',(0.2,0.8,0.675008342984));
#1657 = CARTESIAN_POINT('',(1.35,0.8,0.675008342984));
#1658 = CARTESIAN_POINT('',(0.2,0.8,0.525008342984));
#1659 = CARTESIAN_POINT('',(1.35,0.8,0.525008342984));
#1660 = ADVANCED_FACE('',(#1661),#1691,.F.);
#1661 = FACE_BOUND('',#1662,.T.);
#1662 = EDGE_LOOP('',(#1663,#1672,#1679,#1686));
#1663 = ORIENTED_EDGE('',*,*,#1664,.T.);
#1664 = EDGE_CURVE('',#1665,#1667,#1669,.T.);
#1665 = VERTEX_POINT('',#1666);
#1666 = CARTESIAN_POINT('',(-1.45,0.7,0.525008342984));
#1667 = VERTEX_POINT('',#1668);
#1668 = CARTESIAN_POINT('',(-1.45,-0.7,0.525008342984));
#1669 = B_SPLINE_CURVE_WITH_KNOTS('',1,(#1670,#1671),.UNSPECIFIED.,.F.,
  .F.,(2,2),(0.1,1.5),.PIECEWISE_BEZIER_KNOTS.);
#1670 = CARTESIAN_POINT('',(-1.45,0.7,0.525008342984));
#1671 = CARTESIAN_POINT('',(-1.45,-0.7,0.525008342984));
#1672 = ORIENTED_EDGE('',*,*,#1673,.T.);
#1673 = EDGE_CURVE('',#1667,#1674,#1676,.T.);
#1674 = VERTEX_POINT('',#1675);
#1675 = CARTESIAN_POINT('',(-1.45,-0.7,0.675008342984));
#1676 = B_SPLINE_CURVE_WITH_KNOTS('',1,(#1677,#1678),.UNSPECIFIED.,.F.,
  .F.,(2,2),(-0.575,-0.425),.PIECEWISE_BEZIER_KNOTS.);
#1677 = CARTESIAN_POINT('',(-1.45,-0.7,0.525008342984));
#1678 = CARTESIAN_POINT('',(-1.45,-0.7,0.675008342984));
#1679 = ORIENTED_EDGE('',*,*,#1680,.T.);
#1680 = EDGE_CURVE('',#1674,#1681,#1683,.T.);
#1681 = VERTEX_POINT('',#1682);
#1682 = CARTESIAN_POINT('',(-1.45,0.7,0.675008342984));
#1683 = B_SPLINE_CURVE_WITH_KNOTS('',1,(#1684,#1685),.UNSPECIFIED.,.F.,
  .F.,(2,2),(-1.5,-0.1),.PIECEWISE_BEZIER_KNOTS.);
#1684 = CARTESIAN_POINT('',(-1.45,-0.7,0.675008342984));
#1685 = CARTESIAN_POINT('',(-1.45,0.7,0.675008342984));
#1686 = ORIENTED_EDGE('',*,*,#1687,.T.);
#1687 = EDGE_CURVE('',#1681,#1665,#1688,.T.);
#1688 = B_SPLINE_CURVE_WITH_KNOTS('',1,(#1689,#1690),.UNSPECIFIED.,.F.,
  .F.,(2,2),(0.425,0.575),.PIECEWISE_BEZIER_KNOTS.);
#1689 = CARTESIAN_POINT('',(-1.45,0.7,0.675008342984));
#1690 = CARTESIAN_POINT('',(-1.45,0.7,0.525008342984));
#1691 = B_SPLINE_SURFACE_WITH_KNOTS('',1,1,(
    (#1692,#1693)
    ,(#1694,#1695
  )),.UNSPECIFIED.,.F.,.F.,.F.,(2,2),(2,2),(0.425,0.575),(-1.5,-0.1),
  .PIECEWISE_BEZIER_KNOTS.);
#1692 = CARTESIAN_POINT('',(-1.45,-0.7,0.675008342984));
#1693 = CARTESIAN_POINT('',(-1.45,0.7,0.675008342984));
#1694 = CARTESIAN_POINT('',(-1.45,-0.7,0.525008342984));
#1695 = CARTESIAN_POINT('',(-1.45,0.7,0.525008342984));
#1696 = ADVANCED_FACE('',(#1697),#1727,.F.);
#1697 = FACE_BOUND('',#1698,.T.);
#1698 = EDGE_LOOP('',(#1699,#1708,#1715,#1722));
#1699 = ORIENTED_EDGE('',*,*,#1700,.T.);
#1700 = EDGE_CURVE('',#1701,#1703,#1705,.T.);
#1701 = VERTEX_POINT('',#1702);
#1702 = CARTESIAN_POINT('',(1.35,-0.8,0.675008342984));
#1703 = VERTEX_POINT('',#1704);
#1704 = CARTESIAN_POINT('',(1.15,-0.8,0.675008342984));
#1705 = B_SPLINE_CURVE_WITH_KNOTS('',1,(#1706,#1707),.UNSPECIFIED.,.F.,
  .F.,(2,2),(-2.8,-2.6),.PIECEWISE_BEZIER_KNOTS.);
#1706 = CARTESIAN_POINT('',(1.35,-0.8,0.675008342984));
#1707 = CARTESIAN_POINT('',(1.15,-0.8,0.675008342984));
#1708 = ORIENTED_EDGE('',*,*,#1709,.T.);
#1709 = EDGE_CURVE('',#1703,#1710,#1712,.T.);
#1710 = VERTEX_POINT('',#1711);
#1711 = CARTESIAN_POINT('',(1.15,-0.8,0.525008342984));
#1712 = B_SPLINE_CURVE_WITH_KNOTS('',1,(#1713,#1714),.UNSPECIFIED.,.F.,
  .F.,(2,2),(9.992007221626E-15,0.15),.PIECEWISE_BEZIER_KNOTS.);
#1713 = CARTESIAN_POINT('',(1.15,-0.8,0.675008342984));
#1714 = CARTESIAN_POINT('',(1.15,-0.8,0.525008342984));
#1715 = ORIENTED_EDGE('',*,*,#1716,.T.);
#1716 = EDGE_CURVE('',#1710,#1717,#1719,.T.);
#1717 = VERTEX_POINT('',#1718);
#1718 = CARTESIAN_POINT('',(1.35,-0.8,0.525008342984));
#1719 = B_SPLINE_CURVE_WITH_KNOTS('',1,(#1720,#1721),.UNSPECIFIED.,.F.,
  .F.,(2,2),(2.6,2.8),.PIECEWISE_BEZIER_KNOTS.);
#1720 = CARTESIAN_POINT('',(1.15,-0.8,0.525008342984));
#1721 = CARTESIAN_POINT('',(1.35,-0.8,0.525008342984));
#1722 = ORIENTED_EDGE('',*,*,#1723,.T.);
#1723 = EDGE_CURVE('',#1717,#1701,#1724,.T.);
#1724 = B_SPLINE_CURVE_WITH_KNOTS('',1,(#1725,#1726),.UNSPECIFIED.,.F.,
  .F.,(2,2),(-0.575,-0.425),.PIECEWISE_BEZIER_KNOTS.);
#1725 = CARTESIAN_POINT('',(1.35,-0.8,0.525008342984));
#1726 = CARTESIAN_POINT('',(1.35,-0.8,0.675008342984));
#1727 = B_SPLINE_SURFACE_WITH_KNOTS('',1,1,(
    (#1728,#1729)
    ,(#1730,#1731
    )),.UNSPECIFIED.,.F.,.F.,.F.,(2,2),(2,2),(-0.575,-0.425),(2.6,2.8),
  .PIECEWISE_BEZIER_KNOTS.);
#1728 = CARTESIAN_POINT('',(1.15,-0.8,0.525008342984));
#1729 = CARTESIAN_POINT('',(1.35,-0.8,0.525008342984));
#1730 = CARTESIAN_POINT('',(1.15,-0.8,0.675008342984));
#1731 = CARTESIAN_POINT('',(1.35,-0.8,0.675008342984));
#1732 = ADVANCED_FACE('',(#1733,#1744),#1774,.T.);
#1733 = FACE_BOUND('',#1734,.T.);
#1734 = EDGE_LOOP('',(#1735,#1743));
#1735 = ORIENTED_EDGE('',*,*,#1736,.F.);
#1736 = EDGE_CURVE('',#24,#31,#1737,.T.);
#1737 = ( BOUNDED_CURVE() B_SPLINE_CURVE(2,(#1738,#1739,#1740,#1741,
#1742),.UNSPECIFIED.,.F.,.F.) B_SPLINE_CURVE_WITH_KNOTS((3,2,3),(0.,
1.570796326795,3.14159265359),.PIECEWISE_BEZIER_KNOTS.) CURVE() 
GEOMETRIC_REPRESENTATION_ITEM() RATIONAL_B_SPLINE_CURVE((1.,
0.707106781187,1.,0.707106781187,1.)) REPRESENTATION_ITEM('') );
#1738 = CARTESIAN_POINT('',(-0.706656362225,-0.349828720391,
    1.100008342984));
#1739 = CARTESIAN_POINT('',(-0.706656362225,-0.225053156683,
    1.100008342984));
#1740 = CARTESIAN_POINT('',(-0.831431925933,-0.225053156683,
    1.100008342984));
#1741 = CARTESIAN_POINT('',(-0.956207489642,-0.225053156683,
    1.100008342984));
#1742 = CARTESIAN_POINT('',(-0.956207489642,-0.349828720391,
    1.100008342984));
#1743 = ORIENTED_EDGE('',*,*,#30,.F.);
#1744 = FACE_BOUND('',#1745,.T.);
#1745 = EDGE_LOOP('',(#1746,#1755,#1762,#1769));
#1746 = ORIENTED_EDGE('',*,*,#1747,.T.);
#1747 = EDGE_CURVE('',#1748,#1750,#1752,.T.);
#1748 = VERTEX_POINT('',#1749);
#1749 = CARTESIAN_POINT('',(1.30334147147,-0.65334147147,1.100008342984)
  );
#1750 = VERTEX_POINT('',#1751);
#1751 = CARTESIAN_POINT('',(1.30334147147,0.65334147147,1.100008342984)
  );
#1752 = B_SPLINE_CURVE_WITH_KNOTS('',1,(#1753,#1754),.UNSPECIFIED.,.F.,
  .F.,(2,2),(-0.65334147147,0.65334147147),.PIECEWISE_BEZIER_KNOTS.);
#1753 = CARTESIAN_POINT('',(1.30334147147,-0.65334147147,1.100008342984)
  );
#1754 = CARTESIAN_POINT('',(1.30334147147,0.65334147147,1.100008342984)
  );
#1755 = ORIENTED_EDGE('',*,*,#1756,.T.);
#1756 = EDGE_CURVE('',#1750,#1757,#1759,.T.);
#1757 = VERTEX_POINT('',#1758);
#1758 = CARTESIAN_POINT('',(-1.30334147147,0.65334147147,1.100008342984)
  );
#1759 = B_SPLINE_CURVE_WITH_KNOTS('',1,(#1760,#1761),.UNSPECIFIED.,.F.,
  .F.,(2,2),(-1.30334147147,1.30334147147),.PIECEWISE_BEZIER_KNOTS.);
#1760 = CARTESIAN_POINT('',(1.30334147147,0.65334147147,1.100008342984)
  );
#1761 = CARTESIAN_POINT('',(-1.30334147147,0.65334147147,1.100008342984)
  );
#1762 = ORIENTED_EDGE('',*,*,#1763,.T.);
#1763 = EDGE_CURVE('',#1757,#1764,#1766,.T.);
#1764 = VERTEX_POINT('',#1765);
#1765 = CARTESIAN_POINT('',(-1.30334147147,-0.65334147147,1.100008342984
    ));
#1766 = B_SPLINE_CURVE_WITH_KNOTS('',1,(#1767,#1768),.UNSPECIFIED.,.F.,
  .F.,(2,2),(-0.65334147147,0.65334147147),.PIECEWISE_BEZIER_KNOTS.);
#1767 = CARTESIAN_POINT('',(-1.30334147147,0.65334147147,1.100008342984)
  );
#1768 = CARTESIAN_POINT('',(-1.30334147147,-0.65334147147,1.100008342984
    ));
#1769 = ORIENTED_EDGE('',*,*,#1770,.T.);
#1770 = EDGE_CURVE('',#1764,#1748,#1771,.T.);
#1771 = B_SPLINE_CURVE_WITH_KNOTS('',1,(#1772,#1773),.UNSPECIFIED.,.F.,
  .F.,(2,2),(-1.30334147147,1.30334147147),.PIECEWISE_BEZIER_KNOTS.);
#1772 = CARTESIAN_POINT('',(-1.30334147147,-0.65334147147,1.100008342984
    ));
#1773 = CARTESIAN_POINT('',(1.30334147147,-0.65334147147,1.100008342984)
  );
#1774 = B_SPLINE_SURFACE_WITH_KNOTS('',1,1,(
    (#1775,#1776)
    ,(#1777,#1778
    )),.UNSPECIFIED.,.F.,.F.,.F.,(2,2),(2,2),(-1.30334147147,
    1.30334147147),(-0.65334147147,0.65334147147),
  .PIECEWISE_BEZIER_KNOTS.);
#1775 = CARTESIAN_POINT('',(-1.30334147147,-0.65334147147,1.100008342984
    ));
#1776 = CARTESIAN_POINT('',(-1.30334147147,0.65334147147,1.100008342984)
  );
#1777 = CARTESIAN_POINT('',(1.30334147147,-0.65334147147,1.100008342984)
  );
#1778 = CARTESIAN_POINT('',(1.30334147147,0.65334147147,1.100008342984)
  );
#1779 = ADVANCED_FACE('',(#1780),#1810,.F.);
#1780 = FACE_BOUND('',#1781,.T.);
#1781 = EDGE_LOOP('',(#1782,#1791,#1798,#1805));
#1782 = ORIENTED_EDGE('',*,*,#1783,.T.);
#1783 = EDGE_CURVE('',#1784,#1786,#1788,.T.);
#1784 = VERTEX_POINT('',#1785);
#1785 = CARTESIAN_POINT('',(1.30334147147,0.65334147147,0.100008342984)
  );
#1786 = VERTEX_POINT('',#1787);
#1787 = CARTESIAN_POINT('',(1.30334147147,-0.65334147147,0.100008342984)
  );
#1788 = B_SPLINE_CURVE_WITH_KNOTS('',1,(#1789,#1790),.UNSPECIFIED.,.F.,
  .F.,(2,2),(-1.393611616721,-8.692867378162E-02),
  .PIECEWISE_BEZIER_KNOTS.);
#1789 = CARTESIAN_POINT('',(1.30334147147,0.65334147147,0.100008342984)
  );
#1790 = CARTESIAN_POINT('',(1.30334147147,-0.65334147147,0.100008342984)
  );
#1791 = ORIENTED_EDGE('',*,*,#1792,.T.);
#1792 = EDGE_CURVE('',#1786,#1793,#1795,.T.);
#1793 = VERTEX_POINT('',#1794);
#1794 = CARTESIAN_POINT('',(-1.30334147147,-0.65334147147,0.100008342984
    ));
#1795 = B_SPLINE_CURVE_WITH_KNOTS('',1,(#1796,#1797),.UNSPECIFIED.,.F.,
  .F.,(2,2),(-2.693611616721,-8.692867378162E-02),
  .PIECEWISE_BEZIER_KNOTS.);
#1796 = CARTESIAN_POINT('',(1.30334147147,-0.65334147147,0.100008342984)
  );
#1797 = CARTESIAN_POINT('',(-1.30334147147,-0.65334147147,0.100008342984
    ));
#1798 = ORIENTED_EDGE('',*,*,#1799,.T.);
#1799 = EDGE_CURVE('',#1793,#1800,#1802,.T.);
#1800 = VERTEX_POINT('',#1801);
#1801 = CARTESIAN_POINT('',(-1.30334147147,0.65334147147,0.100008342984)
  );
#1802 = B_SPLINE_CURVE_WITH_KNOTS('',1,(#1803,#1804),.UNSPECIFIED.,.F.,
  .F.,(2,2),(-1.393611616721,-8.692867378162E-02),
  .PIECEWISE_BEZIER_KNOTS.);
#1803 = CARTESIAN_POINT('',(-1.30334147147,-0.65334147147,0.100008342984
    ));
#1804 = CARTESIAN_POINT('',(-1.30334147147,0.65334147147,0.100008342984)
  );
#1805 = ORIENTED_EDGE('',*,*,#1806,.T.);
#1806 = EDGE_CURVE('',#1800,#1784,#1807,.T.);
#1807 = B_SPLINE_CURVE_WITH_KNOTS('',1,(#1808,#1809),.UNSPECIFIED.,.F.,
  .F.,(2,2),(-2.693611616721,-8.692867378162E-02),
  .PIECEWISE_BEZIER_KNOTS.);
#1808 = CARTESIAN_POINT('',(-1.30334147147,0.65334147147,0.100008342984)
  );
#1809 = CARTESIAN_POINT('',(1.30334147147,0.65334147147,0.100008342984)
  );
#1810 = B_SPLINE_SURFACE_WITH_KNOTS('',1,1,(
    (#1811,#1812)
    ,(#1813,#1814
    )),.UNSPECIFIED.,.F.,.F.,.F.,(2,2),(2,2),(-1.30334147147,
    1.30334147147),(-0.65334147147,0.65334147147),
  .PIECEWISE_BEZIER_KNOTS.);
#1811 = CARTESIAN_POINT('',(-1.30334147147,-0.65334147147,0.100008342984
    ));
#1812 = CARTESIAN_POINT('',(-1.30334147147,0.65334147147,0.100008342984)
  );
#1813 = CARTESIAN_POINT('',(1.30334147147,-0.65334147147,0.100008342984)
  );
#1814 = CARTESIAN_POINT('',(1.30334147147,0.65334147147,0.100008342984)
  );
#1815 = ADVANCED_FACE('',(#1816),#1868,.F.);
#1816 = FACE_BOUND('',#1817,.T.);
#1817 = EDGE_LOOP('',(#1818,#1819,#1828,#1835,#1842,#1849,#1856,#1857,
    #1862,#1863));
#1818 = ORIENTED_EDGE('',*,*,#164,.F.);
#1819 = ORIENTED_EDGE('',*,*,#1820,.T.);
#1820 = EDGE_CURVE('',#158,#1821,#1823,.T.);
#1821 = VERTEX_POINT('',#1822);
#1822 = CARTESIAN_POINT('',(-1.350968503025,-0.799995309899,
    0.524974971185));
#1823 = ( BOUNDED_CURVE() B_SPLINE_CURVE(3,(#1824,#1825,#1826,#1827),
.UNSPECIFIED.,.F.,.F.) B_SPLINE_CURVE_WITH_KNOTS((4,4),(3.14159265359,
3.151277835258),.PIECEWISE_BEZIER_KNOTS.) CURVE() 
GEOMETRIC_REPRESENTATION_ITEM() RATIONAL_B_SPLINE_CURVE((1.,
0.99999218312,0.99999218312,1.)) REPRESENTATION_ITEM('') );
#1824 = CARTESIAN_POINT('',(-1.35,-0.8,0.525008342984));
#1825 = CARTESIAN_POINT('',(-1.350322840651,-0.8,0.525008342984));
#1826 = CARTESIAN_POINT('',(-1.350645677516,-0.799998436621,
    0.524997218964));
#1827 = CARTESIAN_POINT('',(-1.350968503025,-0.799995309899,
    0.524974971185));
#1828 = ORIENTED_EDGE('',*,*,#1829,.T.);
#1829 = EDGE_CURVE('',#1821,#1830,#1832,.T.);
#1830 = VERTEX_POINT('',#1831);
#1831 = CARTESIAN_POINT('',(-1.30334147147,-0.752368278344,
    0.186091032888));
#1832 = B_SPLINE_CURVE_WITH_KNOTS('',1,(#1833,#1834),.UNSPECIFIED.,.F.,
  .F.,(2,2),(1.368432895864E-02,0.35919697982),
  .PIECEWISE_BEZIER_KNOTS.);
#1833 = CARTESIAN_POINT('',(-1.350968503025,-0.799995309899,
    0.524974971185));
#1834 = CARTESIAN_POINT('',(-1.30334147147,-0.752368278344,
    0.186091032888));
#1835 = ORIENTED_EDGE('',*,*,#1836,.T.);
#1836 = EDGE_CURVE('',#1830,#1837,#1839,.T.);
#1837 = VERTEX_POINT('',#1838);
#1838 = CARTESIAN_POINT('',(1.30334147147,-0.752368278344,0.186091032888
    ));
#1839 = B_SPLINE_CURVE_WITH_KNOTS('',1,(#1840,#1841),.UNSPECIFIED.,.F.,
  .F.,(2,2),(-2.693611616721,-8.692867378162E-02),
  .PIECEWISE_BEZIER_KNOTS.);
#1840 = CARTESIAN_POINT('',(-1.30334147147,-0.752368278344,
    0.186091032888));
#1841 = CARTESIAN_POINT('',(1.30334147147,-0.752368278344,0.186091032888
    ));
#1842 = ORIENTED_EDGE('',*,*,#1843,.T.);
#1843 = EDGE_CURVE('',#1837,#1844,#1846,.T.);
#1844 = VERTEX_POINT('',#1845);
#1845 = CARTESIAN_POINT('',(1.350968503025,-0.799995309899,
    0.524974971185));
#1846 = B_SPLINE_CURVE_WITH_KNOTS('',1,(#1847,#1848),.UNSPECIFIED.,.F.,
  .F.,(2,2),(4.055217890603E-02,0.386064829767),
  .PIECEWISE_BEZIER_KNOTS.);
#1847 = CARTESIAN_POINT('',(1.30334147147,-0.752368278344,0.186091032888
    ));
#1848 = CARTESIAN_POINT('',(1.350968503025,-0.799995309899,
    0.524974971185));
#1849 = ORIENTED_EDGE('',*,*,#1850,.T.);
#1850 = EDGE_CURVE('',#1844,#1717,#1851,.T.);
#1851 = ( BOUNDED_CURVE() B_SPLINE_CURVE(3,(#1852,#1853,#1854,#1855),
.UNSPECIFIED.,.F.,.F.) B_SPLINE_CURVE_WITH_KNOTS((4,4),(3.131907471921,
3.14159265359),.PIECEWISE_BEZIER_KNOTS.) CURVE() 
GEOMETRIC_REPRESENTATION_ITEM() RATIONAL_B_SPLINE_CURVE((1.,
0.99999218312,0.99999218312,1.)) REPRESENTATION_ITEM('') );
#1852 = CARTESIAN_POINT('',(1.350968503025,-0.799995309899,
    0.524974971185));
#1853 = CARTESIAN_POINT('',(1.350645677516,-0.799998436621,
    0.524997218964));
#1854 = CARTESIAN_POINT('',(1.350322840651,-0.8,0.525008342984));
#1855 = CARTESIAN_POINT('',(1.35,-0.8,0.525008342984));
#1856 = ORIENTED_EDGE('',*,*,#1716,.F.);
#1857 = ORIENTED_EDGE('',*,*,#1858,.T.);
#1858 = EDGE_CURVE('',#1710,#72,#1859,.T.);
#1859 = B_SPLINE_CURVE_WITH_KNOTS('',1,(#1860,#1861),.UNSPECIFIED.,.F.,
  .F.,(2,2),(-0.,0.4),.PIECEWISE_BEZIER_KNOTS.);
#1860 = CARTESIAN_POINT('',(1.15,-0.8,0.525008342984));
#1861 = CARTESIAN_POINT('',(0.75,-0.8,0.525008342984));
#1862 = ORIENTED_EDGE('',*,*,#69,.F.);
#1863 = ORIENTED_EDGE('',*,*,#1864,.T.);
#1864 = EDGE_CURVE('',#70,#144,#1865,.T.);
#1865 = B_SPLINE_CURVE_WITH_KNOTS('',1,(#1866,#1867),.UNSPECIFIED.,.F.,
  .F.,(2,2),(-0.,0.4),.PIECEWISE_BEZIER_KNOTS.);
#1866 = CARTESIAN_POINT('',(-0.75,-0.8,0.525008342984));
#1867 = CARTESIAN_POINT('',(-1.15,-0.8,0.525008342984));
#1868 = B_SPLINE_SURFACE_WITH_KNOTS('',1,1,(
    (#1869,#1870)
    ,(#1871,#1872
    )),.UNSPECIFIED.,.F.,.F.,.F.,(2,2),(2,2),(9.903149697469E-02,
    2.800968503025),(0.,0.342248044539),.PIECEWISE_BEZIER_KNOTS.);
#1869 = CARTESIAN_POINT('',(-1.350968503025,-0.8,0.525008342984));
#1870 = CARTESIAN_POINT('',(-1.350968503025,-0.752368278344,
    0.186091032888));
#1871 = CARTESIAN_POINT('',(1.350968503025,-0.8,0.525008342984));
#1872 = CARTESIAN_POINT('',(1.350968503025,-0.752368278344,
    0.186091032888));
#1873 = ADVANCED_FACE('',(#1874),#1914,.F.);
#1874 = FACE_BOUND('',#1875,.T.);
#1875 = EDGE_LOOP('',(#1876,#1885,#1892,#1893,#1902,#1909));
#1876 = ORIENTED_EDGE('',*,*,#1877,.T.);
#1877 = EDGE_CURVE('',#1878,#1880,#1882,.T.);
#1878 = VERTEX_POINT('',#1879);
#1879 = CARTESIAN_POINT('',(1.402368278344,0.65334147147,0.186091032888)
  );
#1880 = VERTEX_POINT('',#1881);
#1881 = CARTESIAN_POINT('',(1.449995309899,0.700968503025,0.524974971185
    ));
#1882 = B_SPLINE_CURVE_WITH_KNOTS('',1,(#1883,#1884),.UNSPECIFIED.,.F.,
  .F.,(2,2),(-0.35919697982,-1.368432895864E-02),
  .PIECEWISE_BEZIER_KNOTS.);
#1883 = CARTESIAN_POINT('',(1.402368278344,0.65334147147,0.186091032888)
  );
#1884 = CARTESIAN_POINT('',(1.449995309899,0.700968503025,0.524974971185
    ));
#1885 = ORIENTED_EDGE('',*,*,#1886,.T.);
#1886 = EDGE_CURVE('',#1880,#1609,#1887,.T.);
#1887 = ( BOUNDED_CURVE() B_SPLINE_CURVE(3,(#1888,#1889,#1890,#1891),
.UNSPECIFIED.,.F.,.F.) B_SPLINE_CURVE_WITH_KNOTS((4,4),(3.131907471921,
3.14159265359),.PIECEWISE_BEZIER_KNOTS.) CURVE() 
GEOMETRIC_REPRESENTATION_ITEM() RATIONAL_B_SPLINE_CURVE((1.,
0.99999218312,0.99999218312,1.)) REPRESENTATION_ITEM('') );
#1888 = CARTESIAN_POINT('',(1.449995309899,0.700968503025,0.524974971185
    ));
#1889 = CARTESIAN_POINT('',(1.449998436621,0.700645677516,0.524997218964
    ));
#1890 = CARTESIAN_POINT('',(1.45,0.700322840651,0.525008342984));
#1891 = CARTESIAN_POINT('',(1.45,0.7,0.525008342984));
#1892 = ORIENTED_EDGE('',*,*,#1608,.F.);
#1893 = ORIENTED_EDGE('',*,*,#1894,.T.);
#1894 = EDGE_CURVE('',#1602,#1895,#1897,.T.);
#1895 = VERTEX_POINT('',#1896);
#1896 = CARTESIAN_POINT('',(1.449995309899,-0.700968503025,
    0.524974971185));
#1897 = ( BOUNDED_CURVE() B_SPLINE_CURVE(3,(#1898,#1899,#1900,#1901),
.UNSPECIFIED.,.F.,.F.) B_SPLINE_CURVE_WITH_KNOTS((4,4),(3.14159265359,
3.151277835258),.PIECEWISE_BEZIER_KNOTS.) CURVE() 
GEOMETRIC_REPRESENTATION_ITEM() RATIONAL_B_SPLINE_CURVE((1.,
0.99999218312,0.99999218312,1.)) REPRESENTATION_ITEM('') );
#1898 = CARTESIAN_POINT('',(1.45,-0.7,0.525008342984));
#1899 = CARTESIAN_POINT('',(1.45,-0.700322840651,0.525008342984));
#1900 = CARTESIAN_POINT('',(1.449998436621,-0.700645677516,
    0.524997218964));
#1901 = CARTESIAN_POINT('',(1.449995309899,-0.700968503025,
    0.524974971185));
#1902 = ORIENTED_EDGE('',*,*,#1903,.T.);
#1903 = EDGE_CURVE('',#1895,#1904,#1906,.T.);
#1904 = VERTEX_POINT('',#1905);
#1905 = CARTESIAN_POINT('',(1.402368278344,-0.65334147147,0.186091032888
    ));
#1906 = B_SPLINE_CURVE_WITH_KNOTS('',1,(#1907,#1908),.UNSPECIFIED.,.F.,
  .F.,(2,2),(-0.206866931028,0.138645719833),.PIECEWISE_BEZIER_KNOTS.);
#1907 = CARTESIAN_POINT('',(1.449995309899,-0.700968503025,
    0.524974971185));
#1908 = CARTESIAN_POINT('',(1.402368278344,-0.65334147147,0.186091032888
    ));
#1909 = ORIENTED_EDGE('',*,*,#1910,.T.);
#1910 = EDGE_CURVE('',#1904,#1878,#1911,.T.);
#1911 = B_SPLINE_CURVE_WITH_KNOTS('',1,(#1912,#1913),.UNSPECIFIED.,.F.,
  .F.,(2,2),(-1.393611616721,-8.692867378162E-02),
  .PIECEWISE_BEZIER_KNOTS.);
#1912 = CARTESIAN_POINT('',(1.402368278344,-0.65334147147,0.186091032888
    ));
#1913 = CARTESIAN_POINT('',(1.402368278344,0.65334147147,0.186091032888)
  );
#1914 = B_SPLINE_SURFACE_WITH_KNOTS('',1,1,(
    (#1915,#1916)
    ,(#1917,#1918
    )),.UNSPECIFIED.,.F.,.F.,.F.,(2,2),(2,2),(-1.500968503025,
    -9.903149697469E-02),(0.,0.342248044539),.PIECEWISE_BEZIER_KNOTS.);
#1915 = CARTESIAN_POINT('',(1.45,-0.700968503025,0.525008342984));
#1916 = CARTESIAN_POINT('',(1.402368278344,-0.700968503025,
    0.186091032888));
#1917 = CARTESIAN_POINT('',(1.45,0.700968503025,0.525008342984));
#1918 = CARTESIAN_POINT('',(1.402368278344,0.700968503025,0.186091032888
    ));
#1919 = ADVANCED_FACE('',(#1920),#1960,.F.);
#1920 = FACE_BOUND('',#1921,.T.);
#1921 = EDGE_LOOP('',(#1922,#1923,#1932,#1939,#1946,#1953));
#1922 = ORIENTED_EDGE('',*,*,#1664,.F.);
#1923 = ORIENTED_EDGE('',*,*,#1924,.T.);
#1924 = EDGE_CURVE('',#1665,#1925,#1927,.T.);
#1925 = VERTEX_POINT('',#1926);
#1926 = CARTESIAN_POINT('',(-1.449995309899,0.700968503025,
    0.524974971185));
#1927 = ( BOUNDED_CURVE() B_SPLINE_CURVE(3,(#1928,#1929,#1930,#1931),
.UNSPECIFIED.,.F.,.F.) B_SPLINE_CURVE_WITH_KNOTS((4,4),(3.14159265359,
3.151277835258),.PIECEWISE_BEZIER_KNOTS.) CURVE() 
GEOMETRIC_REPRESENTATION_ITEM() RATIONAL_B_SPLINE_CURVE((1.,
0.99999218312,0.99999218312,1.)) REPRESENTATION_ITEM('') );
#1928 = CARTESIAN_POINT('',(-1.45,0.7,0.525008342984));
#1929 = CARTESIAN_POINT('',(-1.45,0.700322840651,0.525008342984));
#1930 = CARTESIAN_POINT('',(-1.449998436621,0.700645677516,
    0.524997218964));
#1931 = CARTESIAN_POINT('',(-1.449995309899,0.700968503025,
    0.524974971185));
#1932 = ORIENTED_EDGE('',*,*,#1933,.T.);
#1933 = EDGE_CURVE('',#1925,#1934,#1936,.T.);
#1934 = VERTEX_POINT('',#1935);
#1935 = CARTESIAN_POINT('',(-1.402368278344,0.65334147147,0.186091032888
    ));
#1936 = B_SPLINE_CURVE_WITH_KNOTS('',1,(#1937,#1938),.UNSPECIFIED.,.F.,
  .F.,(2,2),(1.368432895864E-02,0.35919697982),
  .PIECEWISE_BEZIER_KNOTS.);
#1937 = CARTESIAN_POINT('',(-1.449995309899,0.700968503025,
    0.524974971185));
#1938 = CARTESIAN_POINT('',(-1.402368278344,0.65334147147,0.186091032888
    ));
#1939 = ORIENTED_EDGE('',*,*,#1940,.T.);
#1940 = EDGE_CURVE('',#1934,#1941,#1943,.T.);
#1941 = VERTEX_POINT('',#1942);
#1942 = CARTESIAN_POINT('',(-1.402368278344,-0.65334147147,
    0.186091032888));
#1943 = B_SPLINE_CURVE_WITH_KNOTS('',1,(#1944,#1945),.UNSPECIFIED.,.F.,
  .F.,(2,2),(-1.393611616721,-8.692867378162E-02),
  .PIECEWISE_BEZIER_KNOTS.);
#1944 = CARTESIAN_POINT('',(-1.402368278344,0.65334147147,0.186091032888
    ));
#1945 = CARTESIAN_POINT('',(-1.402368278344,-0.65334147147,
    0.186091032888));
#1946 = ORIENTED_EDGE('',*,*,#1947,.T.);
#1947 = EDGE_CURVE('',#1941,#1948,#1950,.T.);
#1948 = VERTEX_POINT('',#1949);
#1949 = CARTESIAN_POINT('',(-1.449995309899,-0.700968503025,
    0.524974971185));
#1950 = B_SPLINE_CURVE_WITH_KNOTS('',1,(#1951,#1952),.UNSPECIFIED.,.F.,
  .F.,(2,2),(-0.138645719833,0.206866931028),.PIECEWISE_BEZIER_KNOTS.);
#1951 = CARTESIAN_POINT('',(-1.402368278344,-0.65334147147,
    0.186091032888));
#1952 = CARTESIAN_POINT('',(-1.449995309899,-0.700968503025,
    0.524974971185));
#1953 = ORIENTED_EDGE('',*,*,#1954,.T.);
#1954 = EDGE_CURVE('',#1948,#1667,#1955,.T.);
#1955 = ( BOUNDED_CURVE() B_SPLINE_CURVE(3,(#1956,#1957,#1958,#1959),
.UNSPECIFIED.,.F.,.F.) B_SPLINE_CURVE_WITH_KNOTS((4,4),(3.131907471921,
3.14159265359),.PIECEWISE_BEZIER_KNOTS.) CURVE() 
GEOMETRIC_REPRESENTATION_ITEM() RATIONAL_B_SPLINE_CURVE((1.,
0.99999218312,0.99999218312,1.)) REPRESENTATION_ITEM('') );
#1956 = CARTESIAN_POINT('',(-1.449995309899,-0.700968503025,
    0.524974971185));
#1957 = CARTESIAN_POINT('',(-1.449998436621,-0.700645677516,
    0.524997218964));
#1958 = CARTESIAN_POINT('',(-1.45,-0.700322840651,0.525008342984));
#1959 = CARTESIAN_POINT('',(-1.45,-0.7,0.525008342984));
#1960 = B_SPLINE_SURFACE_WITH_KNOTS('',1,1,(
    (#1961,#1962)
    ,(#1963,#1964
    )),.UNSPECIFIED.,.F.,.F.,.F.,(2,2),(2,2),(9.903149697469E-02,
    1.500968503025),(0.,0.342248044539),.PIECEWISE_BEZIER_KNOTS.);
#1961 = CARTESIAN_POINT('',(-1.45,0.700968503025,0.525008342984));
#1962 = CARTESIAN_POINT('',(-1.402368278344,0.700968503025,
    0.186091032888));
#1963 = CARTESIAN_POINT('',(-1.45,-0.700968503025,0.525008342984));
#1964 = CARTESIAN_POINT('',(-1.402368278344,-0.700968503025,
    0.186091032888));
#1965 = ADVANCED_FACE('',(#1966),#2012,.F.);
#1966 = FACE_BOUND('',#1967,.T.);
#1967 = EDGE_LOOP('',(#1968,#1977,#1984,#1985,#1990,#1991,#2000,#2007));
#1968 = ORIENTED_EDGE('',*,*,#1969,.T.);
#1969 = EDGE_CURVE('',#1970,#1972,#1974,.T.);
#1970 = VERTEX_POINT('',#1971);
#1971 = CARTESIAN_POINT('',(-1.30334147147,0.752368278344,0.186091032888
    ));
#1972 = VERTEX_POINT('',#1973);
#1973 = CARTESIAN_POINT('',(-1.350968503025,0.799995309899,
    0.524974971185));
#1974 = B_SPLINE_CURVE_WITH_KNOTS('',1,(#1975,#1976),.UNSPECIFIED.,.F.,
  .F.,(2,2),(-0.35919697982,-1.368432895864E-02),
  .PIECEWISE_BEZIER_KNOTS.);
#1975 = CARTESIAN_POINT('',(-1.30334147147,0.752368278344,0.186091032888
    ));
#1976 = CARTESIAN_POINT('',(-1.350968503025,0.799995309899,
    0.524974971185));
#1977 = ORIENTED_EDGE('',*,*,#1978,.T.);
#1978 = EDGE_CURVE('',#1972,#122,#1979,.T.);
#1979 = ( BOUNDED_CURVE() B_SPLINE_CURVE(3,(#1980,#1981,#1982,#1983),
.UNSPECIFIED.,.F.,.F.) B_SPLINE_CURVE_WITH_KNOTS((4,4),(3.131907471921,
3.14159265359),.PIECEWISE_BEZIER_KNOTS.) CURVE() 
GEOMETRIC_REPRESENTATION_ITEM() RATIONAL_B_SPLINE_CURVE((1.,
0.99999218312,0.99999218312,1.)) REPRESENTATION_ITEM('') );
#1980 = CARTESIAN_POINT('',(-1.350968503025,0.799995309899,
    0.524974971185));
#1981 = CARTESIAN_POINT('',(-1.350645677516,0.799998436621,
    0.524997218964));
#1982 = CARTESIAN_POINT('',(-1.350322840651,0.8,0.525008342984));
#1983 = CARTESIAN_POINT('',(-1.35,0.8,0.525008342984));
#1984 = ORIENTED_EDGE('',*,*,#121,.F.);
#1985 = ORIENTED_EDGE('',*,*,#1986,.F.);
#1986 = EDGE_CURVE('',#1631,#115,#1987,.T.);
#1987 = B_SPLINE_CURVE_WITH_KNOTS('',1,(#1988,#1989),.UNSPECIFIED.,.F.,
  .F.,(2,2),(-8.326672684689E-17,0.4),.PIECEWISE_BEZIER_KNOTS.);
#1988 = CARTESIAN_POINT('',(0.2,0.8,0.525008342984));
#1989 = CARTESIAN_POINT('',(-0.2,0.8,0.525008342984));
#1990 = ORIENTED_EDGE('',*,*,#1628,.F.);
#1991 = ORIENTED_EDGE('',*,*,#1992,.T.);
#1992 = EDGE_CURVE('',#1629,#1993,#1995,.T.);
#1993 = VERTEX_POINT('',#1994);
#1994 = CARTESIAN_POINT('',(1.350968503025,0.799995309899,0.524974971185
    ));
#1995 = ( BOUNDED_CURVE() B_SPLINE_CURVE(3,(#1996,#1997,#1998,#1999),
.UNSPECIFIED.,.F.,.F.) B_SPLINE_CURVE_WITH_KNOTS((4,4),(3.14159265359,
3.151277835258),.PIECEWISE_BEZIER_KNOTS.) CURVE() 
GEOMETRIC_REPRESENTATION_ITEM() RATIONAL_B_SPLINE_CURVE((1.,
0.99999218312,0.99999218312,1.)) REPRESENTATION_ITEM('') );
#1996 = CARTESIAN_POINT('',(1.35,0.8,0.525008342984));
#1997 = CARTESIAN_POINT('',(1.350322840651,0.8,0.525008342984));
#1998 = CARTESIAN_POINT('',(1.350645677516,0.799998436621,0.524997218964
    ));
#1999 = CARTESIAN_POINT('',(1.350968503025,0.799995309899,0.524974971185
    ));
#2000 = ORIENTED_EDGE('',*,*,#2001,.T.);
#2001 = EDGE_CURVE('',#1993,#2002,#2004,.T.);
#2002 = VERTEX_POINT('',#2003);
#2003 = CARTESIAN_POINT('',(1.30334147147,0.752368278344,0.186091032888)
  );
#2004 = B_SPLINE_CURVE_WITH_KNOTS('',1,(#2005,#2006),.UNSPECIFIED.,.F.,
  .F.,(2,2),(-0.386064829767,-4.055217890603E-02),
  .PIECEWISE_BEZIER_KNOTS.);
#2005 = CARTESIAN_POINT('',(1.350968503025,0.799995309899,0.524974971185
    ));
#2006 = CARTESIAN_POINT('',(1.30334147147,0.752368278344,0.186091032888)
  );
#2007 = ORIENTED_EDGE('',*,*,#2008,.T.);
#2008 = EDGE_CURVE('',#2002,#1970,#2009,.T.);
#2009 = B_SPLINE_CURVE_WITH_KNOTS('',1,(#2010,#2011),.UNSPECIFIED.,.F.,
  .F.,(2,2),(-2.693611616721,-8.692867378162E-02),
  .PIECEWISE_BEZIER_KNOTS.);
#2010 = CARTESIAN_POINT('',(1.30334147147,0.752368278344,0.186091032888)
  );
#2011 = CARTESIAN_POINT('',(-1.30334147147,0.752368278344,0.186091032888
    ));
#2012 = B_SPLINE_SURFACE_WITH_KNOTS('',1,1,(
    (#2013,#2014)
    ,(#2015,#2016
    )),.UNSPECIFIED.,.F.,.F.,.F.,(2,2),(2,2),(-2.800968503025,
    -9.903149697469E-02),(0.,0.342248044539),.PIECEWISE_BEZIER_KNOTS.);
#2013 = CARTESIAN_POINT('',(1.350968503025,0.8,0.525008342984));
#2014 = CARTESIAN_POINT('',(1.350968503025,0.752368278344,0.186091032888
    ));
#2015 = CARTESIAN_POINT('',(-1.350968503025,0.8,0.525008342984));
#2016 = CARTESIAN_POINT('',(-1.350968503025,0.752368278344,
    0.186091032888));
#2017 = ADVANCED_FACE('',(#2018),#2064,.T.);
#2018 = FACE_BOUND('',#2019,.T.);
#2019 = EDGE_LOOP('',(#2020,#2021,#2030,#2037,#2044,#2051,#2058,#2059));
#2020 = ORIENTED_EDGE('',*,*,#105,.F.);
#2021 = ORIENTED_EDGE('',*,*,#2022,.T.);
#2022 = EDGE_CURVE('',#106,#2023,#2025,.T.);
#2023 = VERTEX_POINT('',#2024);
#2024 = CARTESIAN_POINT('',(-1.350968503025,0.799995309899,
    0.675041714784));
#2025 = ( BOUNDED_CURVE() B_SPLINE_CURVE(3,(#2026,#2027,#2028,#2029),
.UNSPECIFIED.,.F.,.F.) B_SPLINE_CURVE_WITH_KNOTS((4,4),(
    -1.7763568394E-15,9.685181668471E-03),.PIECEWISE_BEZIER_KNOTS.) 
CURVE() GEOMETRIC_REPRESENTATION_ITEM() RATIONAL_B_SPLINE_CURVE((1.,
0.99999218312,0.99999218312,1.)) REPRESENTATION_ITEM('') );
#2026 = CARTESIAN_POINT('',(-1.35,0.8,0.675008342984));
#2027 = CARTESIAN_POINT('',(-1.350322840651,0.8,0.675008342984));
#2028 = CARTESIAN_POINT('',(-1.350645677516,0.799998436621,
    0.675019467004));
#2029 = CARTESIAN_POINT('',(-1.350968503025,0.799995309899,
    0.675041714784));
#2030 = ORIENTED_EDGE('',*,*,#2031,.T.);
#2031 = EDGE_CURVE('',#2023,#2032,#2034,.T.);
#2032 = VERTEX_POINT('',#2033);
#2033 = CARTESIAN_POINT('',(-1.30334147147,0.752368278344,1.01392565308)
  );
#2034 = B_SPLINE_CURVE_WITH_KNOTS('',1,(#2035,#2036),.UNSPECIFIED.,.F.,
  .F.,(2,2),(-0.611269995204,-0.265757344343),.PIECEWISE_BEZIER_KNOTS.);
#2035 = CARTESIAN_POINT('',(-1.350968503025,0.799995309899,
    0.675041714784));
#2036 = CARTESIAN_POINT('',(-1.30334147147,0.752368278344,1.01392565308)
  );
#2037 = ORIENTED_EDGE('',*,*,#2038,.T.);
#2038 = EDGE_CURVE('',#2032,#2039,#2041,.T.);
#2039 = VERTEX_POINT('',#2040);
#2040 = CARTESIAN_POINT('',(1.30334147147,0.752368278344,1.01392565308)
  );
#2041 = B_SPLINE_CURVE_WITH_KNOTS('',1,(#2042,#2043),.UNSPECIFIED.,.F.,
  .F.,(2,2),(-1.30334147147,1.30334147147),.PIECEWISE_BEZIER_KNOTS.);
#2042 = CARTESIAN_POINT('',(-1.30334147147,0.752368278344,1.01392565308)
  );
#2043 = CARTESIAN_POINT('',(1.30334147147,0.752368278344,1.01392565308)
  );
#2044 = ORIENTED_EDGE('',*,*,#2045,.T.);
#2045 = EDGE_CURVE('',#2039,#2046,#2048,.T.);
#2046 = VERTEX_POINT('',#2047);
#2047 = CARTESIAN_POINT('',(1.350968503025,0.799995309899,0.675041714784
    ));
#2048 = B_SPLINE_CURVE_WITH_KNOTS('',1,(#2049,#2050),.UNSPECIFIED.,.F.,
  .F.,(2,2),(0.265757344343,0.611269995204),.PIECEWISE_BEZIER_KNOTS.);
#2049 = CARTESIAN_POINT('',(1.30334147147,0.752368278344,1.01392565308)
  );
#2050 = CARTESIAN_POINT('',(1.350968503025,0.799995309899,0.675041714784
    ));
#2051 = ORIENTED_EDGE('',*,*,#2052,.T.);
#2052 = EDGE_CURVE('',#2046,#1645,#2053,.T.);
#2053 = ( BOUNDED_CURVE() B_SPLINE_CURVE(3,(#2054,#2055,#2056,#2057),
.UNSPECIFIED.,.F.,.F.) B_SPLINE_CURVE_WITH_KNOTS((4,4),(6.273500125511,
6.28318530718),.PIECEWISE_BEZIER_KNOTS.) CURVE() 
GEOMETRIC_REPRESENTATION_ITEM() RATIONAL_B_SPLINE_CURVE((1.,
0.99999218312,0.99999218312,1.)) REPRESENTATION_ITEM('') );
#2054 = CARTESIAN_POINT('',(1.350968503025,0.799995309899,0.675041714784
    ));
#2055 = CARTESIAN_POINT('',(1.350645677516,0.799998436621,0.675019467004
    ));
#2056 = CARTESIAN_POINT('',(1.350322840651,0.8,0.675008342984));
#2057 = CARTESIAN_POINT('',(1.35,0.8,0.675008342984));
#2058 = ORIENTED_EDGE('',*,*,#1644,.F.);
#2059 = ORIENTED_EDGE('',*,*,#2060,.T.);
#2060 = EDGE_CURVE('',#1638,#108,#2061,.T.);
#2061 = B_SPLINE_CURVE_WITH_KNOTS('',1,(#2062,#2063),.UNSPECIFIED.,.F.,
  .F.,(2,2),(-0.,0.4),.PIECEWISE_BEZIER_KNOTS.);
#2062 = CARTESIAN_POINT('',(0.2,0.8,0.675008342984));
#2063 = CARTESIAN_POINT('',(-0.2,0.8,0.675008342984));
#2064 = B_SPLINE_SURFACE_WITH_KNOTS('',1,1,(
    (#2065,#2066)
    ,(#2067,#2068
    )),.UNSPECIFIED.,.F.,.F.,.F.,(2,2),(2,2),(-1.350968503025,
    1.350968503025),(8.692867378162E-02,0.42917671832),
  .PIECEWISE_BEZIER_KNOTS.);
#2065 = CARTESIAN_POINT('',(-1.350968503025,0.752368278344,1.01392565308
    ));
#2066 = CARTESIAN_POINT('',(-1.350968503025,0.8,0.675008342984));
#2067 = CARTESIAN_POINT('',(1.350968503025,0.752368278344,1.01392565308)
  );
#2068 = CARTESIAN_POINT('',(1.350968503025,0.8,0.675008342984));
#2069 = ADVANCED_FACE('',(#2070),#2110,.T.);
#2070 = FACE_BOUND('',#2071,.T.);
#2071 = EDGE_LOOP('',(#2072,#2073,#2082,#2089,#2096,#2103));
#2072 = ORIENTED_EDGE('',*,*,#1680,.F.);
#2073 = ORIENTED_EDGE('',*,*,#2074,.T.);
#2074 = EDGE_CURVE('',#1674,#2075,#2077,.T.);
#2075 = VERTEX_POINT('',#2076);
#2076 = CARTESIAN_POINT('',(-1.449995309899,-0.700968503025,
    0.675041714784));
#2077 = ( BOUNDED_CURVE() B_SPLINE_CURVE(3,(#2078,#2079,#2080,#2081),
.UNSPECIFIED.,.F.,.F.) B_SPLINE_CURVE_WITH_KNOTS((4,4),(0.,
9.685181668469E-03),.PIECEWISE_BEZIER_KNOTS.) CURVE() 
GEOMETRIC_REPRESENTATION_ITEM() RATIONAL_B_SPLINE_CURVE((1.,
0.99999218312,0.99999218312,1.)) REPRESENTATION_ITEM('') );
#2078 = CARTESIAN_POINT('',(-1.45,-0.7,0.675008342984));
#2079 = CARTESIAN_POINT('',(-1.45,-0.700322840651,0.675008342984));
#2080 = CARTESIAN_POINT('',(-1.449998436621,-0.700645677516,
    0.675019467004));
#2081 = CARTESIAN_POINT('',(-1.449995309899,-0.700968503025,
    0.675041714784));
#2082 = ORIENTED_EDGE('',*,*,#2083,.T.);
#2083 = EDGE_CURVE('',#2075,#2084,#2086,.T.);
#2084 = VERTEX_POINT('',#2085);
#2085 = CARTESIAN_POINT('',(-1.402368278344,-0.65334147147,1.01392565308
    ));
#2086 = B_SPLINE_CURVE_WITH_KNOTS('',1,(#2087,#2088),.UNSPECIFIED.,.F.,
  .F.,(2,2),(-0.521671045834,-0.176158394973),.PIECEWISE_BEZIER_KNOTS.);
#2087 = CARTESIAN_POINT('',(-1.449995309899,-0.700968503025,
    0.675041714784));
#2088 = CARTESIAN_POINT('',(-1.402368278344,-0.65334147147,1.01392565308
    ));
#2089 = ORIENTED_EDGE('',*,*,#2090,.T.);
#2090 = EDGE_CURVE('',#2084,#2091,#2093,.T.);
#2091 = VERTEX_POINT('',#2092);
#2092 = CARTESIAN_POINT('',(-1.402368278344,0.65334147147,1.01392565308)
  );
#2093 = B_SPLINE_CURVE_WITH_KNOTS('',1,(#2094,#2095),.UNSPECIFIED.,.F.,
  .F.,(2,2),(-0.65334147147,0.65334147147),.PIECEWISE_BEZIER_KNOTS.);
#2094 = CARTESIAN_POINT('',(-1.402368278344,-0.65334147147,1.01392565308
    ));
#2095 = CARTESIAN_POINT('',(-1.402368278344,0.65334147147,1.01392565308)
  );
#2096 = ORIENTED_EDGE('',*,*,#2097,.T.);
#2097 = EDGE_CURVE('',#2091,#2098,#2100,.T.);
#2098 = VERTEX_POINT('',#2099);
#2099 = CARTESIAN_POINT('',(-1.449995309899,0.700968503025,
    0.675041714784));
#2100 = B_SPLINE_CURVE_WITH_KNOTS('',1,(#2101,#2102),.UNSPECIFIED.,.F.,
  .F.,(2,2),(0.176158394973,0.521671045834),.PIECEWISE_BEZIER_KNOTS.);
#2101 = CARTESIAN_POINT('',(-1.402368278344,0.65334147147,1.01392565308)
  );
#2102 = CARTESIAN_POINT('',(-1.449995309899,0.700968503025,
    0.675041714784));
#2103 = ORIENTED_EDGE('',*,*,#2104,.T.);
#2104 = EDGE_CURVE('',#2098,#1681,#2105,.T.);
#2105 = ( BOUNDED_CURVE() B_SPLINE_CURVE(3,(#2106,#2107,#2108,#2109),
.UNSPECIFIED.,.F.,.F.) B_SPLINE_CURVE_WITH_KNOTS((4,4),(6.273500125511,
6.28318530718),.PIECEWISE_BEZIER_KNOTS.) CURVE() 
GEOMETRIC_REPRESENTATION_ITEM() RATIONAL_B_SPLINE_CURVE((1.,
0.99999218312,0.99999218312,1.)) REPRESENTATION_ITEM('') );
#2106 = CARTESIAN_POINT('',(-1.449995309899,0.700968503025,
    0.675041714784));
#2107 = CARTESIAN_POINT('',(-1.449998436621,0.700645677516,
    0.675019467004));
#2108 = CARTESIAN_POINT('',(-1.45,0.700322840651,0.675008342984));
#2109 = CARTESIAN_POINT('',(-1.45,0.7,0.675008342984));
#2110 = B_SPLINE_SURFACE_WITH_KNOTS('',1,1,(
    (#2111,#2112)
    ,(#2113,#2114
    )),.UNSPECIFIED.,.F.,.F.,.F.,(2,2),(2,2),(-0.700968503025,
    0.700968503025),(8.692867378162E-02,0.42917671832),
  .PIECEWISE_BEZIER_KNOTS.);
#2111 = CARTESIAN_POINT('',(-1.402368278344,-0.700968503025,
    1.01392565308));
#2112 = CARTESIAN_POINT('',(-1.45,-0.700968503025,0.675008342984));
#2113 = CARTESIAN_POINT('',(-1.402368278344,0.700968503025,1.01392565308
    ));
#2114 = CARTESIAN_POINT('',(-1.45,0.700968503025,0.675008342984));
#2115 = ADVANCED_FACE('',(#2116),#2168,.T.);
#2116 = FACE_BOUND('',#2117,.T.);
#2117 = EDGE_LOOP('',(#2118,#2119,#2128,#2135,#2142,#2149,#2156,#2157,
    #2162,#2163));
#2118 = ORIENTED_EDGE('',*,*,#1700,.F.);
#2119 = ORIENTED_EDGE('',*,*,#2120,.T.);
#2120 = EDGE_CURVE('',#1701,#2121,#2123,.T.);
#2121 = VERTEX_POINT('',#2122);
#2122 = CARTESIAN_POINT('',(1.350968503025,-0.799995309899,
    0.675041714784));
#2123 = ( BOUNDED_CURVE() B_SPLINE_CURVE(3,(#2124,#2125,#2126,#2127),
.UNSPECIFIED.,.F.,.F.) B_SPLINE_CURVE_WITH_KNOTS((4,4),(
    -1.7763568394E-15,9.685181668469E-03),.PIECEWISE_BEZIER_KNOTS.) 
CURVE() GEOMETRIC_REPRESENTATION_ITEM() RATIONAL_B_SPLINE_CURVE((1.,
0.99999218312,0.99999218312,1.)) REPRESENTATION_ITEM('') );
#2124 = CARTESIAN_POINT('',(1.35,-0.8,0.675008342984));
#2125 = CARTESIAN_POINT('',(1.350322840651,-0.8,0.675008342984));
#2126 = CARTESIAN_POINT('',(1.350645677516,-0.799998436621,
    0.675019467004));
#2127 = CARTESIAN_POINT('',(1.350968503025,-0.799995309899,
    0.675041714784));
#2128 = ORIENTED_EDGE('',*,*,#2129,.T.);
#2129 = EDGE_CURVE('',#2121,#2130,#2132,.T.);
#2130 = VERTEX_POINT('',#2131);
#2131 = CARTESIAN_POINT('',(1.30334147147,-0.752368278344,1.01392565308)
  );
#2132 = B_SPLINE_CURVE_WITH_KNOTS('',1,(#2133,#2134),.UNSPECIFIED.,.F.,
  .F.,(2,2),(-0.611269995204,-0.265757344343),.PIECEWISE_BEZIER_KNOTS.);
#2133 = CARTESIAN_POINT('',(1.350968503025,-0.799995309899,
    0.675041714784));
#2134 = CARTESIAN_POINT('',(1.30334147147,-0.752368278344,1.01392565308)
  );
#2135 = ORIENTED_EDGE('',*,*,#2136,.T.);
#2136 = EDGE_CURVE('',#2130,#2137,#2139,.T.);
#2137 = VERTEX_POINT('',#2138);
#2138 = CARTESIAN_POINT('',(-1.30334147147,-0.752368278344,1.01392565308
    ));
#2139 = B_SPLINE_CURVE_WITH_KNOTS('',1,(#2140,#2141),.UNSPECIFIED.,.F.,
  .F.,(2,2),(-1.30334147147,1.30334147147),.PIECEWISE_BEZIER_KNOTS.);
#2140 = CARTESIAN_POINT('',(1.30334147147,-0.752368278344,1.01392565308)
  );
#2141 = CARTESIAN_POINT('',(-1.30334147147,-0.752368278344,1.01392565308
    ));
#2142 = ORIENTED_EDGE('',*,*,#2143,.T.);
#2143 = EDGE_CURVE('',#2137,#2144,#2146,.T.);
#2144 = VERTEX_POINT('',#2145);
#2145 = CARTESIAN_POINT('',(-1.350968503025,-0.799995309899,
    0.675041714784));
#2146 = B_SPLINE_CURVE_WITH_KNOTS('',1,(#2147,#2148),.UNSPECIFIED.,.F.,
  .F.,(2,2),(0.265757344343,0.611269995204),.PIECEWISE_BEZIER_KNOTS.);
#2147 = CARTESIAN_POINT('',(-1.30334147147,-0.752368278344,1.01392565308
    ));
#2148 = CARTESIAN_POINT('',(-1.350968503025,-0.799995309899,
    0.675041714784));
#2149 = ORIENTED_EDGE('',*,*,#2150,.T.);
#2150 = EDGE_CURVE('',#2144,#151,#2151,.T.);
#2151 = ( BOUNDED_CURVE() B_SPLINE_CURVE(3,(#2152,#2153,#2154,#2155),
.UNSPECIFIED.,.F.,.F.) B_SPLINE_CURVE_WITH_KNOTS((4,4),(6.273500125511,
6.28318530718),.PIECEWISE_BEZIER_KNOTS.) CURVE() 
GEOMETRIC_REPRESENTATION_ITEM() RATIONAL_B_SPLINE_CURVE((1.,
0.99999218312,0.99999218312,1.)) REPRESENTATION_ITEM('') );
#2152 = CARTESIAN_POINT('',(-1.350968503025,-0.799995309899,
    0.675041714784));
#2153 = CARTESIAN_POINT('',(-1.350645677516,-0.799998436621,
    0.675019467004));
#2154 = CARTESIAN_POINT('',(-1.350322840651,-0.8,0.675008342984));
#2155 = CARTESIAN_POINT('',(-1.35,-0.8,0.675008342984));
#2156 = ORIENTED_EDGE('',*,*,#150,.F.);
#2157 = ORIENTED_EDGE('',*,*,#2158,.F.);
#2158 = EDGE_CURVE('',#86,#142,#2159,.T.);
#2159 = B_SPLINE_CURVE_WITH_KNOTS('',1,(#2160,#2161),.UNSPECIFIED.,.F.,
  .F.,(2,2),(0.,0.4),.PIECEWISE_BEZIER_KNOTS.);
#2160 = CARTESIAN_POINT('',(-0.75,-0.8,0.675008342984));
#2161 = CARTESIAN_POINT('',(-1.15,-0.8,0.675008342984));
#2162 = ORIENTED_EDGE('',*,*,#85,.F.);
#2163 = ORIENTED_EDGE('',*,*,#2164,.F.);
#2164 = EDGE_CURVE('',#1703,#79,#2165,.T.);
#2165 = B_SPLINE_CURVE_WITH_KNOTS('',1,(#2166,#2167),.UNSPECIFIED.,.F.,
  .F.,(2,2),(0.,0.4),.PIECEWISE_BEZIER_KNOTS.);
#2166 = CARTESIAN_POINT('',(1.15,-0.8,0.675008342984));
#2167 = CARTESIAN_POINT('',(0.75,-0.8,0.675008342984));
#2168 = B_SPLINE_SURFACE_WITH_KNOTS('',1,1,(
    (#2169,#2170)
    ,(#2171,#2172
    )),.UNSPECIFIED.,.F.,.F.,.F.,(2,2),(2,2),(-1.350968503025,
    1.350968503025),(8.692867378162E-02,0.42917671832),
  .PIECEWISE_BEZIER_KNOTS.);
#2169 = CARTESIAN_POINT('',(1.350968503025,-0.752368278344,1.01392565308
    ));
#2170 = CARTESIAN_POINT('',(1.350968503025,-0.8,0.675008342984));
#2171 = CARTESIAN_POINT('',(-1.350968503025,-0.752368278344,
    1.01392565308));
#2172 = CARTESIAN_POINT('',(-1.350968503025,-0.8,0.675008342984));
#2173 = ADVANCED_FACE('',(#2174),#2190,.T.);
#2174 = FACE_BOUND('',#2175,.T.);
#2175 = EDGE_LOOP('',(#2176,#2182,#2183,#2189));
#2176 = ORIENTED_EDGE('',*,*,#2177,.F.);
#2177 = EDGE_CURVE('',#2039,#1750,#2178,.T.);
#2178 = ( BOUNDED_CURVE() B_SPLINE_CURVE(2,(#2179,#2180,#2181),
.UNSPECIFIED.,.F.,.F.) B_SPLINE_CURVE_WITH_KNOTS((3,3),(1.710422666954,
3.14159265359),.PIECEWISE_BEZIER_KNOTS.) CURVE() 
GEOMETRIC_REPRESENTATION_ITEM() RATIONAL_B_SPLINE_CURVE((1.,
0.754709580223,1.)) REPRESENTATION_ITEM('') );
#2179 = CARTESIAN_POINT('',(1.30334147147,0.752368278344,1.01392565308)
  );
#2180 = CARTESIAN_POINT('',(1.30334147147,0.740270145251,1.100008342984)
  );
#2181 = CARTESIAN_POINT('',(1.30334147147,0.65334147147,1.100008342984)
  );
#2182 = ORIENTED_EDGE('',*,*,#2038,.F.);
#2183 = ORIENTED_EDGE('',*,*,#2184,.F.);
#2184 = EDGE_CURVE('',#1757,#2032,#2185,.T.);
#2185 = ( BOUNDED_CURVE() B_SPLINE_CURVE(2,(#2186,#2187,#2188),
.UNSPECIFIED.,.F.,.F.) B_SPLINE_CURVE_WITH_KNOTS((3,3),(0.,
1.431169986635),.PIECEWISE_BEZIER_KNOTS.) CURVE() 
GEOMETRIC_REPRESENTATION_ITEM() RATIONAL_B_SPLINE_CURVE((1.,
0.754709580223,1.)) REPRESENTATION_ITEM('') );
#2186 = CARTESIAN_POINT('',(-1.30334147147,0.65334147147,1.100008342984)
  );
#2187 = CARTESIAN_POINT('',(-1.30334147147,0.740270145251,1.100008342984
    ));
#2188 = CARTESIAN_POINT('',(-1.30334147147,0.752368278344,1.01392565308)
  );
#2189 = ORIENTED_EDGE('',*,*,#1756,.F.);
#2190 = ( BOUNDED_SURFACE() B_SPLINE_SURFACE(2,1,(
    (#2191,#2192)
    ,(#2193,#2194)
    ,(#2195,#2196
)),.UNSPECIFIED.,.F.,.F.,.F.) B_SPLINE_SURFACE_WITH_KNOTS((3,3),(2,2),(
    0.,1.431169986635),(-1.30334147147,1.30334147147),
.PIECEWISE_BEZIER_KNOTS.) GEOMETRIC_REPRESENTATION_ITEM() 
RATIONAL_B_SPLINE_SURFACE((
    (1.,1.)
    ,(0.754709580223,0.754709580223)
,(1.,1.))) REPRESENTATION_ITEM('') SURFACE() );
#2191 = CARTESIAN_POINT('',(1.30334147147,0.65334147147,1.100008342984)
  );
#2192 = CARTESIAN_POINT('',(-1.30334147147,0.65334147147,1.100008342984)
  );
#2193 = CARTESIAN_POINT('',(1.30334147147,0.740270145251,1.100008342984)
  );
#2194 = CARTESIAN_POINT('',(-1.30334147147,0.740270145251,1.100008342984
    ));
#2195 = CARTESIAN_POINT('',(1.30334147147,0.752368278344,1.01392565308)
  );
#2196 = CARTESIAN_POINT('',(-1.30334147147,0.752368278344,1.01392565308)
  );
#2197 = ADVANCED_FACE('',(#2198),#2213,.T.);
#2198 = FACE_BOUND('',#2199,.T.);
#2199 = EDGE_LOOP('',(#2200,#2206,#2207));
#2200 = ORIENTED_EDGE('',*,*,#2201,.F.);
#2201 = EDGE_CURVE('',#2039,#835,#2202,.T.);
#2202 = ( BOUNDED_CURVE() B_SPLINE_CURVE(2,(#2203,#2204,#2205),
.UNSPECIFIED.,.F.,.F.) B_SPLINE_CURVE_WITH_KNOTS((3,3),(4.731759343722,
6.28318530718),.PIECEWISE_BEZIER_KNOTS.) CURVE() 
GEOMETRIC_REPRESENTATION_ITEM() RATIONAL_B_SPLINE_CURVE((1.,
0.713921967736,1.)) REPRESENTATION_ITEM('') );
#2203 = CARTESIAN_POINT('',(1.30334147147,0.752368278344,1.01392565308)
  );
#2204 = CARTESIAN_POINT('',(1.400486658448,0.750486658448,1.027314074315
    ));
#2205 = CARTESIAN_POINT('',(1.402368278344,0.65334147147,1.01392565308)
  );
#2206 = ORIENTED_EDGE('',*,*,#2177,.T.);
#2207 = ORIENTED_EDGE('',*,*,#2208,.F.);
#2208 = EDGE_CURVE('',#835,#1750,#2209,.T.);
#2209 = ( BOUNDED_CURVE() B_SPLINE_CURVE(2,(#2210,#2211,#2212),
.UNSPECIFIED.,.F.,.F.) B_SPLINE_CURVE_WITH_KNOTS((3,3),(4.852015320544,
6.28318530718),.PIECEWISE_BEZIER_KNOTS.) CURVE() 
GEOMETRIC_REPRESENTATION_ITEM() RATIONAL_B_SPLINE_CURVE((1.,
0.754709580223,1.)) REPRESENTATION_ITEM('') );
#2210 = CARTESIAN_POINT('',(1.402368278344,0.65334147147,1.01392565308)
  );
#2211 = CARTESIAN_POINT('',(1.390270145251,0.65334147147,1.100008342984)
  );
#2212 = CARTESIAN_POINT('',(1.30334147147,0.65334147147,1.100008342984)
  );
#2213 = ( BOUNDED_SURFACE() B_SPLINE_SURFACE(2,2,(
    (#2214,#2215,#2216)
    ,(#2217,#2218,#2219)
    ,(#2220,#2221,#2222
)),.UNSPECIFIED.,.F.,.F.,.F.) B_SPLINE_SURFACE_WITH_KNOTS((3,3),(3,3),(
    4.712388980385,6.14355896702),(-3.330669073875E-15,1.431169986635),
.PIECEWISE_BEZIER_KNOTS.) GEOMETRIC_REPRESENTATION_ITEM() 
RATIONAL_B_SPLINE_SURFACE((
    (1.,0.754709580223,1.)
    ,(0.754709580223,0.56958655048,0.754709580223)
,(1.,0.754709580223,1.))) REPRESENTATION_ITEM('') SURFACE() );
#2214 = CARTESIAN_POINT('',(1.30334147147,0.65334147147,1.100008342984)
  );
#2215 = CARTESIAN_POINT('',(1.30334147147,0.740270145251,1.100008342984)
  );
#2216 = CARTESIAN_POINT('',(1.30334147147,0.752368278344,1.01392565308)
  );
#2217 = CARTESIAN_POINT('',(1.390270145251,0.65334147147,1.100008342984)
  );
#2218 = CARTESIAN_POINT('',(1.390270145251,0.740270145251,1.100008342984
    ));
#2219 = CARTESIAN_POINT('',(1.315439604562,0.752368278344,1.01392565308)
  );
#2220 = CARTESIAN_POINT('',(1.402368278344,0.65334147147,1.01392565308)
  );
#2221 = CARTESIAN_POINT('',(1.402368278344,0.740270145251,1.01392565308)
  );
#2222 = CARTESIAN_POINT('',(1.317123339261,0.752368278344,1.001945258187
    ));
#2223 = ADVANCED_FACE('',(#2224),#2239,.T.);
#2224 = FACE_BOUND('',#2225,.T.);
#2225 = EDGE_LOOP('',(#2226,#2232,#2233));
#2226 = ORIENTED_EDGE('',*,*,#2227,.F.);
#2227 = EDGE_CURVE('',#1757,#2091,#2228,.T.);
#2228 = ( BOUNDED_CURVE() B_SPLINE_CURVE(2,(#2229,#2230,#2231),
.UNSPECIFIED.,.F.,.F.) B_SPLINE_CURVE_WITH_KNOTS((3,3),(0.,
1.431169986635),.PIECEWISE_BEZIER_KNOTS.) CURVE() 
GEOMETRIC_REPRESENTATION_ITEM() RATIONAL_B_SPLINE_CURVE((1.,
0.754709580223,1.)) REPRESENTATION_ITEM('') );
#2229 = CARTESIAN_POINT('',(-1.30334147147,0.65334147147,1.100008342984)
  );
#2230 = CARTESIAN_POINT('',(-1.390270145251,0.65334147147,1.100008342984
    ));
#2231 = CARTESIAN_POINT('',(-1.402368278344,0.65334147147,1.01392565308)
  );
#2232 = ORIENTED_EDGE('',*,*,#2184,.T.);
#2233 = ORIENTED_EDGE('',*,*,#2234,.F.);
#2234 = EDGE_CURVE('',#2091,#2032,#2235,.T.);
#2235 = ( BOUNDED_CURVE() B_SPLINE_CURVE(2,(#2236,#2237,#2238),
.UNSPECIFIED.,.F.,.F.) B_SPLINE_CURVE_WITH_KNOTS((3,3),(3.14159265359,
4.693018617048),.PIECEWISE_BEZIER_KNOTS.) CURVE() 
GEOMETRIC_REPRESENTATION_ITEM() RATIONAL_B_SPLINE_CURVE((1.,
0.713921967736,1.)) REPRESENTATION_ITEM('') );
#2236 = CARTESIAN_POINT('',(-1.402368278344,0.65334147147,1.01392565308)
  );
#2237 = CARTESIAN_POINT('',(-1.400486658448,0.750486658448,
    1.027314074315));
#2238 = CARTESIAN_POINT('',(-1.30334147147,0.752368278344,1.01392565308)
  );
#2239 = ( BOUNDED_SURFACE() B_SPLINE_SURFACE(2,2,(
    (#2240,#2241,#2242)
    ,(#2243,#2244,#2245)
    ,(#2246,#2247,#2248
)),.UNSPECIFIED.,.F.,.F.,.F.) B_SPLINE_SURFACE_WITH_KNOTS((3,3),(3,3),(
    3.281218993749,4.712388980385),(-1.110223024625E-15,1.431169986635),
.PIECEWISE_BEZIER_KNOTS.) GEOMETRIC_REPRESENTATION_ITEM() 
RATIONAL_B_SPLINE_SURFACE((
    (1.,0.754709580223,1.)
    ,(0.754709580223,0.56958655048,0.754709580223)
,(1.,0.754709580223,1.))) REPRESENTATION_ITEM('') SURFACE() );
#2240 = CARTESIAN_POINT('',(-1.402368278344,0.65334147147,1.01392565308)
  );
#2241 = CARTESIAN_POINT('',(-1.402368278344,0.740270145251,1.01392565308
    ));
#2242 = CARTESIAN_POINT('',(-1.317123339261,0.752368278344,
    1.001945258187));
#2243 = CARTESIAN_POINT('',(-1.390270145251,0.65334147147,1.100008342984
    ));
#2244 = CARTESIAN_POINT('',(-1.390270145251,0.740270145251,
    1.100008342984));
#2245 = CARTESIAN_POINT('',(-1.315439604562,0.752368278344,1.01392565308
    ));
#2246 = CARTESIAN_POINT('',(-1.30334147147,0.65334147147,1.100008342984)
  );
#2247 = CARTESIAN_POINT('',(-1.30334147147,0.740270145251,1.100008342984
    ));
#2248 = CARTESIAN_POINT('',(-1.30334147147,0.752368278344,1.01392565308)
  );
#2249 = ADVANCED_FACE('',(#2250),#2261,.T.);
#2250 = FACE_BOUND('',#2251,.T.);
#2251 = EDGE_LOOP('',(#2252,#2253,#2254,#2260));
#2252 = ORIENTED_EDGE('',*,*,#2208,.T.);
#2253 = ORIENTED_EDGE('',*,*,#1747,.F.);
#2254 = ORIENTED_EDGE('',*,*,#2255,.F.);
#2255 = EDGE_CURVE('',#801,#1748,#2256,.T.);
#2256 = ( BOUNDED_CURVE() B_SPLINE_CURVE(2,(#2257,#2258,#2259),
.UNSPECIFIED.,.F.,.F.) B_SPLINE_CURVE_WITH_KNOTS((3,3),(1.710422666954,
3.14159265359),.PIECEWISE_BEZIER_KNOTS.) CURVE() 
GEOMETRIC_REPRESENTATION_ITEM() RATIONAL_B_SPLINE_CURVE((1.,
0.754709580223,1.)) REPRESENTATION_ITEM('') );
#2257 = CARTESIAN_POINT('',(1.402368278344,-0.65334147147,1.01392565308)
  );
#2258 = CARTESIAN_POINT('',(1.390270145251,-0.65334147147,1.100008342984
    ));
#2259 = CARTESIAN_POINT('',(1.30334147147,-0.65334147147,1.100008342984)
  );
#2260 = ORIENTED_EDGE('',*,*,#841,.F.);
#2261 = ( BOUNDED_SURFACE() B_SPLINE_SURFACE(2,1,(
    (#2262,#2263)
    ,(#2264,#2265)
    ,(#2266,#2267
)),.UNSPECIFIED.,.F.,.F.,.F.) B_SPLINE_SURFACE_WITH_KNOTS((3,3),(2,2),(
    0.,1.431169986635),(-0.65334147147,0.65334147147),
.PIECEWISE_BEZIER_KNOTS.) GEOMETRIC_REPRESENTATION_ITEM() 
RATIONAL_B_SPLINE_SURFACE((
    (1.,1.)
    ,(0.754709580223,0.754709580223)
,(1.,1.))) REPRESENTATION_ITEM('') SURFACE() );
#2262 = CARTESIAN_POINT('',(1.30334147147,-0.65334147147,1.100008342984)
  );
#2263 = CARTESIAN_POINT('',(1.30334147147,0.65334147147,1.100008342984)
  );
#2264 = CARTESIAN_POINT('',(1.390270145251,-0.65334147147,1.100008342984
    ));
#2265 = CARTESIAN_POINT('',(1.390270145251,0.65334147147,1.100008342984)
  );
#2266 = CARTESIAN_POINT('',(1.402368278344,-0.65334147147,1.01392565308)
  );
#2267 = CARTESIAN_POINT('',(1.402368278344,0.65334147147,1.01392565308)
  );
#2268 = ADVANCED_FACE('',(#2269),#2281,.T.);
#2269 = FACE_BOUND('',#2270,.T.);
#2270 = EDGE_LOOP('',(#2271,#2272,#2273,#2280));
#2271 = ORIENTED_EDGE('',*,*,#2201,.T.);
#2272 = ORIENTED_EDGE('',*,*,#834,.F.);
#2273 = ORIENTED_EDGE('',*,*,#2274,.F.);
#2274 = EDGE_CURVE('',#2046,#826,#2275,.T.);
#2275 = ( BOUNDED_CURVE() B_SPLINE_CURVE(3,(#2276,#2277,#2278,#2279),
.UNSPECIFIED.,.F.,.F.) B_SPLINE_CURVE_WITH_KNOTS((4,4),(2.365879671861,
3.917305635319),.PIECEWISE_BEZIER_KNOTS.) CURVE() 
GEOMETRIC_REPRESENTATION_ITEM() RATIONAL_B_SPLINE_CURVE((1.,
0.809281311824,0.809281311824,1.)) REPRESENTATION_ITEM('') );
#2276 = CARTESIAN_POINT('',(1.350968503025,0.799995309899,0.675041714784
    ));
#2277 = CARTESIAN_POINT('',(1.408648687085,0.79943664937,0.679016790999)
  );
#2278 = CARTESIAN_POINT('',(1.44943664937,0.758648687085,0.679016790999)
  );
#2279 = CARTESIAN_POINT('',(1.449995309899,0.700968503025,0.675041714784
    ));
#2280 = ORIENTED_EDGE('',*,*,#2045,.F.);
#2281 = ( BOUNDED_SURFACE() B_SPLINE_SURFACE(2,1,(
    (#2282,#2283)
    ,(#2284,#2285)
    ,(#2286,#2287
)),.UNSPECIFIED.,.F.,.F.,.F.) B_SPLINE_SURFACE_WITH_KNOTS((3,3),(2,2),(
    0.,1.551425963458),(-0.524495541866,-0.176158394973),
.PIECEWISE_BEZIER_KNOTS.) GEOMETRIC_REPRESENTATION_ITEM() 
RATIONAL_B_SPLINE_SURFACE((
    (1.,1.)
    ,(0.713921967736,0.713921967736)
,(1.,1.))) REPRESENTATION_ITEM('') SURFACE() );
#2282 = CARTESIAN_POINT('',(1.450384651249,0.701357844374,0.672271407136
    ));
#2283 = CARTESIAN_POINT('',(1.402368278344,0.65334147147,1.01392565308)
  );
#2284 = CARTESIAN_POINT('',(1.448503031353,0.798503031353,0.685659828371
    ));
#2285 = CARTESIAN_POINT('',(1.400486658448,0.750486658448,1.027314074315
    ));
#2286 = CARTESIAN_POINT('',(1.351357844374,0.800384651249,0.672271407136
    ));
#2287 = CARTESIAN_POINT('',(1.30334147147,0.752368278344,1.01392565308)
  );
#2288 = ADVANCED_FACE('',(#2289),#2301,.T.);
#2289 = FACE_BOUND('',#2290,.T.);
#2290 = EDGE_LOOP('',(#2291,#2292,#2293,#2300));
#2291 = ORIENTED_EDGE('',*,*,#2234,.T.);
#2292 = ORIENTED_EDGE('',*,*,#2031,.F.);
#2293 = ORIENTED_EDGE('',*,*,#2294,.F.);
#2294 = EDGE_CURVE('',#2098,#2023,#2295,.T.);
#2295 = ( BOUNDED_CURVE() B_SPLINE_CURVE(3,(#2296,#2297,#2298,#2299),
.UNSPECIFIED.,.F.,.F.) B_SPLINE_CURVE_WITH_KNOTS((4,4),(5.507472325451,
7.058898288909),.PIECEWISE_BEZIER_KNOTS.) CURVE() 
GEOMETRIC_REPRESENTATION_ITEM() RATIONAL_B_SPLINE_CURVE((1.,
0.809281311824,0.809281311824,1.)) REPRESENTATION_ITEM('') );
#2296 = CARTESIAN_POINT('',(-1.449995309899,0.700968503025,
    0.675041714784));
#2297 = CARTESIAN_POINT('',(-1.44943664937,0.758648687085,0.679016790999
    ));
#2298 = CARTESIAN_POINT('',(-1.408648687085,0.79943664937,0.679016790999
    ));
#2299 = CARTESIAN_POINT('',(-1.350968503025,0.799995309899,
    0.675041714784));
#2300 = ORIENTED_EDGE('',*,*,#2097,.F.);
#2301 = ( BOUNDED_SURFACE() B_SPLINE_SURFACE(2,1,(
    (#2302,#2303)
    ,(#2304,#2305)
    ,(#2306,#2307
)),.UNSPECIFIED.,.F.,.F.,.F.) B_SPLINE_SURFACE_WITH_KNOTS((3,3),(2,2),(
    0.,1.551425963458),(0.176158394973,0.524495541866),
.PIECEWISE_BEZIER_KNOTS.) GEOMETRIC_REPRESENTATION_ITEM() 
RATIONAL_B_SPLINE_SURFACE((
    (1.,1.)
    ,(0.713921967736,0.713921967736)
,(1.,1.))) REPRESENTATION_ITEM('') SURFACE() );
#2302 = CARTESIAN_POINT('',(-1.402368278344,0.65334147147,1.01392565308)
  );
#2303 = CARTESIAN_POINT('',(-1.450384651249,0.701357844374,
    0.672271407136));
#2304 = CARTESIAN_POINT('',(-1.400486658448,0.750486658448,
    1.027314074315));
#2305 = CARTESIAN_POINT('',(-1.448503031353,0.798503031353,
    0.685659828371));
#2306 = CARTESIAN_POINT('',(-1.30334147147,0.752368278344,1.01392565308)
  );
#2307 = CARTESIAN_POINT('',(-1.351357844374,0.800384651249,
    0.672271407136));
#2308 = ADVANCED_FACE('',(#2309),#2320,.T.);
#2309 = FACE_BOUND('',#2310,.T.);
#2310 = EDGE_LOOP('',(#2311,#2312,#2313,#2319));
#2311 = ORIENTED_EDGE('',*,*,#2227,.T.);
#2312 = ORIENTED_EDGE('',*,*,#2090,.F.);
#2313 = ORIENTED_EDGE('',*,*,#2314,.F.);
#2314 = EDGE_CURVE('',#1764,#2084,#2315,.T.);
#2315 = ( BOUNDED_CURVE() B_SPLINE_CURVE(2,(#2316,#2317,#2318),
.UNSPECIFIED.,.F.,.F.) B_SPLINE_CURVE_WITH_KNOTS((3,3),(1.570796326795,
3.00196631343),.PIECEWISE_BEZIER_KNOTS.) CURVE() 
GEOMETRIC_REPRESENTATION_ITEM() RATIONAL_B_SPLINE_CURVE((1.,
0.754709580223,1.)) REPRESENTATION_ITEM('') );
#2316 = CARTESIAN_POINT('',(-1.30334147147,-0.65334147147,1.100008342984
    ));
#2317 = CARTESIAN_POINT('',(-1.390270145251,-0.65334147147,
    1.100008342984));
#2318 = CARTESIAN_POINT('',(-1.402368278344,-0.65334147147,1.01392565308
    ));
#2319 = ORIENTED_EDGE('',*,*,#1763,.F.);
#2320 = ( BOUNDED_SURFACE() B_SPLINE_SURFACE(2,1,(
    (#2321,#2322)
    ,(#2323,#2324)
    ,(#2325,#2326
)),.UNSPECIFIED.,.F.,.F.,.F.) B_SPLINE_SURFACE_WITH_KNOTS((3,3),(2,2),(
    3.14159265359,4.572762640225),(-0.65334147147,0.65334147147),
.PIECEWISE_BEZIER_KNOTS.) GEOMETRIC_REPRESENTATION_ITEM() 
RATIONAL_B_SPLINE_SURFACE((
    (1.,1.)
    ,(0.754709580223,0.754709580223)
,(1.,1.))) REPRESENTATION_ITEM('') SURFACE() );
#2321 = CARTESIAN_POINT('',(-1.30334147147,0.65334147147,1.100008342984)
  );
#2322 = CARTESIAN_POINT('',(-1.30334147147,-0.65334147147,1.100008342984
    ));
#2323 = CARTESIAN_POINT('',(-1.390270145251,0.65334147147,1.100008342984
    ));
#2324 = CARTESIAN_POINT('',(-1.390270145251,-0.65334147147,
    1.100008342984));
#2325 = CARTESIAN_POINT('',(-1.402368278344,0.65334147147,1.01392565308)
  );
#2326 = CARTESIAN_POINT('',(-1.402368278344,-0.65334147147,1.01392565308
    ));
#2327 = ADVANCED_FACE('',(#2328),#2344,.T.);
#2328 = FACE_BOUND('',#2329,.T.);
#2329 = EDGE_LOOP('',(#2330,#2336,#2337,#2343));
#2330 = ORIENTED_EDGE('',*,*,#2331,.F.);
#2331 = EDGE_CURVE('',#1748,#2130,#2332,.T.);
#2332 = ( BOUNDED_CURVE() B_SPLINE_CURVE(2,(#2333,#2334,#2335),
.UNSPECIFIED.,.F.,.F.) B_SPLINE_CURVE_WITH_KNOTS((3,3),(1.570796326795,
3.00196631343),.PIECEWISE_BEZIER_KNOTS.) CURVE() 
GEOMETRIC_REPRESENTATION_ITEM() RATIONAL_B_SPLINE_CURVE((1.,
0.754709580223,1.)) REPRESENTATION_ITEM('') );
#2333 = CARTESIAN_POINT('',(1.30334147147,-0.65334147147,1.100008342984)
  );
#2334 = CARTESIAN_POINT('',(1.30334147147,-0.740270145251,1.100008342984
    ));
#2335 = CARTESIAN_POINT('',(1.30334147147,-0.752368278344,1.01392565308)
  );
#2336 = ORIENTED_EDGE('',*,*,#1770,.F.);
#2337 = ORIENTED_EDGE('',*,*,#2338,.F.);
#2338 = EDGE_CURVE('',#2137,#1764,#2339,.T.);
#2339 = ( BOUNDED_CURVE() B_SPLINE_CURVE(2,(#2340,#2341,#2342),
.UNSPECIFIED.,.F.,.F.) B_SPLINE_CURVE_WITH_KNOTS((3,3),(4.852015320544,
6.28318530718),.PIECEWISE_BEZIER_KNOTS.) CURVE() 
GEOMETRIC_REPRESENTATION_ITEM() RATIONAL_B_SPLINE_CURVE((1.,
0.754709580223,1.)) REPRESENTATION_ITEM('') );
#2340 = CARTESIAN_POINT('',(-1.30334147147,-0.752368278344,1.01392565308
    ));
#2341 = CARTESIAN_POINT('',(-1.30334147147,-0.740270145251,
    1.100008342984));
#2342 = CARTESIAN_POINT('',(-1.30334147147,-0.65334147147,1.100008342984
    ));
#2343 = ORIENTED_EDGE('',*,*,#2136,.F.);
#2344 = ( BOUNDED_SURFACE() B_SPLINE_SURFACE(2,1,(
    (#2345,#2346)
    ,(#2347,#2348)
    ,(#2349,#2350
)),.UNSPECIFIED.,.F.,.F.,.F.) B_SPLINE_SURFACE_WITH_KNOTS((3,3),(2,2),(
    3.14159265359,4.572762640225),(-1.30334147147,1.30334147147),
.PIECEWISE_BEZIER_KNOTS.) GEOMETRIC_REPRESENTATION_ITEM() 
RATIONAL_B_SPLINE_SURFACE((
    (1.,1.)
    ,(0.754709580223,0.754709580223)
,(1.,1.))) REPRESENTATION_ITEM('') SURFACE() );
#2345 = CARTESIAN_POINT('',(-1.30334147147,-0.65334147147,1.100008342984
    ));
#2346 = CARTESIAN_POINT('',(1.30334147147,-0.65334147147,1.100008342984)
  );
#2347 = CARTESIAN_POINT('',(-1.30334147147,-0.740270145251,
    1.100008342984));
#2348 = CARTESIAN_POINT('',(1.30334147147,-0.740270145251,1.100008342984
    ));
#2349 = CARTESIAN_POINT('',(-1.30334147147,-0.752368278344,1.01392565308
    ));
#2350 = CARTESIAN_POINT('',(1.30334147147,-0.752368278344,1.01392565308)
  );
#2351 = ADVANCED_FACE('',(#2352),#2362,.T.);
#2352 = FACE_BOUND('',#2353,.T.);
#2353 = EDGE_LOOP('',(#2354,#2355,#2356));
#2354 = ORIENTED_EDGE('',*,*,#2255,.T.);
#2355 = ORIENTED_EDGE('',*,*,#2331,.T.);
#2356 = ORIENTED_EDGE('',*,*,#2357,.F.);
#2357 = EDGE_CURVE('',#801,#2130,#2358,.T.);
#2358 = ( BOUNDED_CURVE() B_SPLINE_CURVE(2,(#2359,#2360,#2361),
.UNSPECIFIED.,.F.,.F.) B_SPLINE_CURVE_WITH_KNOTS((3,3),(0.,
1.551425963458),.PIECEWISE_BEZIER_KNOTS.) CURVE() 
GEOMETRIC_REPRESENTATION_ITEM() RATIONAL_B_SPLINE_CURVE((1.,
0.713921967736,1.)) REPRESENTATION_ITEM('') );
#2359 = CARTESIAN_POINT('',(1.402368278344,-0.65334147147,1.01392565308)
  );
#2360 = CARTESIAN_POINT('',(1.400486658448,-0.750486658448,
    1.027314074315));
#2361 = CARTESIAN_POINT('',(1.30334147147,-0.752368278344,1.01392565308)
  );
#2362 = ( BOUNDED_SURFACE() B_SPLINE_SURFACE(2,2,(
    (#2363,#2364,#2365)
    ,(#2366,#2367,#2368)
    ,(#2369,#2370,#2371
)),.UNSPECIFIED.,.F.,.F.,.F.) B_SPLINE_SURFACE_WITH_KNOTS((3,3),(3,3),(
    4.712388980385,6.14355896702),(-1.431169986635,1.110223024625E-15),
.PIECEWISE_BEZIER_KNOTS.) GEOMETRIC_REPRESENTATION_ITEM() 
RATIONAL_B_SPLINE_SURFACE((
    (1.,0.754709580223,1.)
    ,(0.754709580223,0.56958655048,0.754709580223)
,(1.,0.754709580223,1.))) REPRESENTATION_ITEM('') SURFACE() );
#2363 = CARTESIAN_POINT('',(1.30334147147,-0.752368278344,1.01392565308)
  );
#2364 = CARTESIAN_POINT('',(1.30334147147,-0.740270145251,1.100008342984
    ));
#2365 = CARTESIAN_POINT('',(1.30334147147,-0.65334147147,1.100008342984)
  );
#2366 = CARTESIAN_POINT('',(1.315439604562,-0.752368278344,1.01392565308
    ));
#2367 = CARTESIAN_POINT('',(1.390270145251,-0.740270145251,
    1.100008342984));
#2368 = CARTESIAN_POINT('',(1.390270145251,-0.65334147147,1.100008342984
    ));
#2369 = CARTESIAN_POINT('',(1.317123339261,-0.752368278344,
    1.001945258187));
#2370 = CARTESIAN_POINT('',(1.402368278344,-0.740270145251,1.01392565308
    ));
#2371 = CARTESIAN_POINT('',(1.402368278344,-0.65334147147,1.01392565308)
  );
#2372 = ADVANCED_FACE('',(#2373),#2389,.T.);
#2373 = FACE_BOUND('',#2374,.T.);
#2374 = EDGE_LOOP('',(#2375,#2376,#2377,#2384,#2385,#2386,#2387,#2388));
#2375 = ORIENTED_EDGE('',*,*,#1615,.F.);
#2376 = ORIENTED_EDGE('',*,*,#1886,.F.);
#2377 = ORIENTED_EDGE('',*,*,#2378,.F.);
#2378 = EDGE_CURVE('',#1993,#1880,#2379,.T.);
#2379 = ( BOUNDED_CURVE() B_SPLINE_CURVE(3,(#2380,#2381,#2382,#2383),
.UNSPECIFIED.,.F.,.F.) B_SPLINE_CURVE_WITH_KNOTS((4,4),(2.365879671861,
3.917305635319),.PIECEWISE_BEZIER_KNOTS.) CURVE() 
GEOMETRIC_REPRESENTATION_ITEM() RATIONAL_B_SPLINE_CURVE((1.,
0.809281311824,0.809281311824,1.)) REPRESENTATION_ITEM('') );
#2380 = CARTESIAN_POINT('',(1.350968503025,0.799995309899,0.524974971185
    ));
#2381 = CARTESIAN_POINT('',(1.408648687085,0.79943664937,0.520999894969)
  );
#2382 = CARTESIAN_POINT('',(1.44943664937,0.758648687085,0.520999894969)
  );
#2383 = CARTESIAN_POINT('',(1.449995309899,0.700968503025,0.524974971185
    ));
#2384 = ORIENTED_EDGE('',*,*,#1992,.F.);
#2385 = ORIENTED_EDGE('',*,*,#1651,.F.);
#2386 = ORIENTED_EDGE('',*,*,#2052,.F.);
#2387 = ORIENTED_EDGE('',*,*,#2274,.T.);
#2388 = ORIENTED_EDGE('',*,*,#825,.F.);
#2389 = ( BOUNDED_SURFACE() B_SPLINE_SURFACE(2,1,(
    (#2390,#2391)
    ,(#2392,#2393)
    ,(#2394,#2395
)),.UNSPECIFIED.,.F.,.F.,.F.) B_SPLINE_SURFACE_WITH_KNOTS((3,3),(2,2),(
    1.570796326795,3.14159265359),(0.422142132169,0.577857867831),
.PIECEWISE_BEZIER_KNOTS.) GEOMETRIC_REPRESENTATION_ITEM() 
RATIONAL_B_SPLINE_SURFACE((
    (1.,1.)
    ,(0.707106781187,0.707106781187)
,(1.,1.))) REPRESENTATION_ITEM('') SURFACE() );
#2390 = CARTESIAN_POINT('',(1.35,0.8,0.677866210815));
#2391 = CARTESIAN_POINT('',(1.35,0.8,0.522150475153));
#2392 = CARTESIAN_POINT('',(1.45,0.8,0.677866210815));
#2393 = CARTESIAN_POINT('',(1.45,0.8,0.522150475153));
#2394 = CARTESIAN_POINT('',(1.45,0.7,0.677866210815));
#2395 = CARTESIAN_POINT('',(1.45,0.7,0.522150475153));
#2396 = ADVANCED_FACE('',(#2397),#2413,.T.);
#2397 = FACE_BOUND('',#2398,.T.);
#2398 = EDGE_LOOP('',(#2399,#2400,#2401,#2408,#2409,#2410,#2411,#2412));
#2399 = ORIENTED_EDGE('',*,*,#128,.F.);
#2400 = ORIENTED_EDGE('',*,*,#1978,.F.);
#2401 = ORIENTED_EDGE('',*,*,#2402,.F.);
#2402 = EDGE_CURVE('',#1925,#1972,#2403,.T.);
#2403 = ( BOUNDED_CURVE() B_SPLINE_CURVE(3,(#2404,#2405,#2406,#2407),
.UNSPECIFIED.,.F.,.F.) B_SPLINE_CURVE_WITH_KNOTS((4,4),(5.507472325451,
7.058898288909),.PIECEWISE_BEZIER_KNOTS.) CURVE() 
GEOMETRIC_REPRESENTATION_ITEM() RATIONAL_B_SPLINE_CURVE((1.,
0.809281311824,0.809281311824,1.)) REPRESENTATION_ITEM('') );
#2404 = CARTESIAN_POINT('',(-1.449995309899,0.700968503025,
    0.524974971185));
#2405 = CARTESIAN_POINT('',(-1.44943664937,0.758648687085,0.520999894969
    ));
#2406 = CARTESIAN_POINT('',(-1.408648687085,0.79943664937,0.520999894969
    ));
#2407 = CARTESIAN_POINT('',(-1.350968503025,0.799995309899,
    0.524974971185));
#2408 = ORIENTED_EDGE('',*,*,#1924,.F.);
#2409 = ORIENTED_EDGE('',*,*,#1687,.F.);
#2410 = ORIENTED_EDGE('',*,*,#2104,.F.);
#2411 = ORIENTED_EDGE('',*,*,#2294,.T.);
#2412 = ORIENTED_EDGE('',*,*,#2022,.F.);
#2413 = ( BOUNDED_SURFACE() B_SPLINE_SURFACE(2,1,(
    (#2414,#2415)
    ,(#2416,#2417)
    ,(#2418,#2419
)),.UNSPECIFIED.,.F.,.F.,.F.) B_SPLINE_SURFACE_WITH_KNOTS((3,3),(2,2),(
    0.,1.570796326795),(0.422142132169,0.577857867831),
.PIECEWISE_BEZIER_KNOTS.) GEOMETRIC_REPRESENTATION_ITEM() 
RATIONAL_B_SPLINE_SURFACE((
    (1.,1.)
    ,(0.707106781187,0.707106781187)
,(1.,1.))) REPRESENTATION_ITEM('') SURFACE() );
#2414 = CARTESIAN_POINT('',(-1.45,0.7,0.677866210815));
#2415 = CARTESIAN_POINT('',(-1.45,0.7,0.522150475153));
#2416 = CARTESIAN_POINT('',(-1.45,0.8,0.677866210815));
#2417 = CARTESIAN_POINT('',(-1.45,0.8,0.522150475153));
#2418 = CARTESIAN_POINT('',(-1.35,0.8,0.677866210815));
#2419 = CARTESIAN_POINT('',(-1.35,0.8,0.522150475153));
#2420 = ADVANCED_FACE('',(#2421),#2431,.T.);
#2421 = FACE_BOUND('',#2422,.T.);
#2422 = EDGE_LOOP('',(#2423,#2424,#2425));
#2423 = ORIENTED_EDGE('',*,*,#2338,.T.);
#2424 = ORIENTED_EDGE('',*,*,#2314,.T.);
#2425 = ORIENTED_EDGE('',*,*,#2426,.F.);
#2426 = EDGE_CURVE('',#2137,#2084,#2427,.T.);
#2427 = ( BOUNDED_CURVE() B_SPLINE_CURVE(2,(#2428,#2429,#2430),
.UNSPECIFIED.,.F.,.F.) B_SPLINE_CURVE_WITH_KNOTS((3,3),(1.590166690132,
3.14159265359),.PIECEWISE_BEZIER_KNOTS.) CURVE() 
GEOMETRIC_REPRESENTATION_ITEM() RATIONAL_B_SPLINE_CURVE((1.,
0.713921967736,1.)) REPRESENTATION_ITEM('') );
#2428 = CARTESIAN_POINT('',(-1.30334147147,-0.752368278344,1.01392565308
    ));
#2429 = CARTESIAN_POINT('',(-1.400486658448,-0.750486658448,
    1.027314074315));
#2430 = CARTESIAN_POINT('',(-1.402368278344,-0.65334147147,1.01392565308
    ));
#2431 = ( BOUNDED_SURFACE() B_SPLINE_SURFACE(2,2,(
    (#2432,#2433,#2434)
    ,(#2435,#2436,#2437)
    ,(#2438,#2439,#2440
)),.UNSPECIFIED.,.F.,.F.,.F.) B_SPLINE_SURFACE_WITH_KNOTS((3,3),(3,3),(
    3.281218993749,4.712388980385),(-1.431169986635,1.110223024625E-15),
.PIECEWISE_BEZIER_KNOTS.) GEOMETRIC_REPRESENTATION_ITEM() 
RATIONAL_B_SPLINE_SURFACE((
    (1.,0.754709580223,1.)
    ,(0.754709580223,0.56958655048,0.754709580223)
,(1.,0.754709580223,1.))) REPRESENTATION_ITEM('') SURFACE() );
#2432 = CARTESIAN_POINT('',(-1.317123339261,-0.752368278344,
    1.001945258187));
#2433 = CARTESIAN_POINT('',(-1.402368278344,-0.740270145251,
    1.01392565308));
#2434 = CARTESIAN_POINT('',(-1.402368278344,-0.65334147147,1.01392565308
    ));
#2435 = CARTESIAN_POINT('',(-1.315439604562,-0.752368278344,
    1.01392565308));
#2436 = CARTESIAN_POINT('',(-1.390270145251,-0.740270145251,
    1.100008342984));
#2437 = CARTESIAN_POINT('',(-1.390270145251,-0.65334147147,
    1.100008342984));
#2438 = CARTESIAN_POINT('',(-1.30334147147,-0.752368278344,1.01392565308
    ));
#2439 = CARTESIAN_POINT('',(-1.30334147147,-0.740270145251,
    1.100008342984));
#2440 = CARTESIAN_POINT('',(-1.30334147147,-0.65334147147,1.100008342984
    ));
#2441 = ADVANCED_FACE('',(#2442),#2454,.T.);
#2442 = FACE_BOUND('',#2443,.T.);
#2443 = EDGE_LOOP('',(#2444,#2445,#2446,#2453));
#2444 = ORIENTED_EDGE('',*,*,#2357,.T.);
#2445 = ORIENTED_EDGE('',*,*,#2129,.F.);
#2446 = ORIENTED_EDGE('',*,*,#2447,.F.);
#2447 = EDGE_CURVE('',#803,#2121,#2448,.T.);
#2448 = ( BOUNDED_CURVE() B_SPLINE_CURVE(3,(#2449,#2450,#2451,#2452),
.UNSPECIFIED.,.F.,.F.) B_SPLINE_CURVE_WITH_KNOTS((4,4),(2.365879671861,
3.917305635319),.PIECEWISE_BEZIER_KNOTS.) CURVE() 
GEOMETRIC_REPRESENTATION_ITEM() RATIONAL_B_SPLINE_CURVE((1.,
0.809281311824,0.809281311824,1.)) REPRESENTATION_ITEM('') );
#2449 = CARTESIAN_POINT('',(1.449995309899,-0.700968503025,
    0.675041714784));
#2450 = CARTESIAN_POINT('',(1.44943664937,-0.758648687085,0.679016790999
    ));
#2451 = CARTESIAN_POINT('',(1.408648687085,-0.79943664937,0.679016790999
    ));
#2452 = CARTESIAN_POINT('',(1.350968503025,-0.799995309899,
    0.675041714784));
#2453 = ORIENTED_EDGE('',*,*,#800,.F.);
#2454 = ( BOUNDED_SURFACE() B_SPLINE_SURFACE(2,1,(
    (#2455,#2456)
    ,(#2457,#2458)
    ,(#2459,#2460
)),.UNSPECIFIED.,.F.,.F.,.F.) B_SPLINE_SURFACE_WITH_KNOTS((3,3),(2,2),(
    4.731759343722,6.28318530718),(-0.614094491235,-0.265757344343),
.PIECEWISE_BEZIER_KNOTS.) GEOMETRIC_REPRESENTATION_ITEM() 
RATIONAL_B_SPLINE_SURFACE((
    (1.,1.)
    ,(0.713921967736,0.713921967736)
,(1.,1.))) REPRESENTATION_ITEM('') SURFACE() );
#2455 = CARTESIAN_POINT('',(1.351357844374,-0.800384651249,
    0.672271407136));
#2456 = CARTESIAN_POINT('',(1.30334147147,-0.752368278344,1.01392565308)
  );
#2457 = CARTESIAN_POINT('',(1.448503031353,-0.798503031353,
    0.685659828371));
#2458 = CARTESIAN_POINT('',(1.400486658448,-0.750486658448,
    1.027314074315));
#2459 = CARTESIAN_POINT('',(1.450384651249,-0.701357844374,
    0.672271407136));
#2460 = CARTESIAN_POINT('',(1.402368278344,-0.65334147147,1.01392565308)
  );
#2461 = ADVANCED_FACE('',(#2462),#2473,.T.);
#2462 = FACE_BOUND('',#2463,.T.);
#2463 = EDGE_LOOP('',(#2464,#2465,#2466,#2472));
#2464 = ORIENTED_EDGE('',*,*,#2378,.T.);
#2465 = ORIENTED_EDGE('',*,*,#1877,.F.);
#2466 = ORIENTED_EDGE('',*,*,#2467,.F.);
#2467 = EDGE_CURVE('',#2002,#1878,#2468,.T.);
#2468 = ( BOUNDED_CURVE() B_SPLINE_CURVE(2,(#2469,#2470,#2471),
.UNSPECIFIED.,.F.,.F.) B_SPLINE_CURVE_WITH_KNOTS((3,3),(0.,
1.551425963458),.PIECEWISE_BEZIER_KNOTS.) CURVE() 
GEOMETRIC_REPRESENTATION_ITEM() RATIONAL_B_SPLINE_CURVE((1.,
0.713921967736,1.)) REPRESENTATION_ITEM('') );
#2469 = CARTESIAN_POINT('',(1.30334147147,0.752368278344,0.186091032888)
  );
#2470 = CARTESIAN_POINT('',(1.400486658448,0.750486658448,0.172702611654
    ));
#2471 = CARTESIAN_POINT('',(1.402368278344,0.65334147147,0.186091032888)
  );
#2472 = ORIENTED_EDGE('',*,*,#2001,.F.);
#2473 = ( BOUNDED_SURFACE() B_SPLINE_SURFACE(2,1,(
    (#2474,#2475)
    ,(#2476,#2477)
    ,(#2478,#2479
)),.UNSPECIFIED.,.F.,.F.,.F.) B_SPLINE_SURFACE_WITH_KNOTS((3,3),(2,2),(
    1.590166690132,3.14159265359),(-0.388889325799,-4.055217890603E-02),
.PIECEWISE_BEZIER_KNOTS.) GEOMETRIC_REPRESENTATION_ITEM() 
RATIONAL_B_SPLINE_SURFACE((
    (1.,1.)
    ,(0.713921967736,0.713921967736)
,(1.,1.))) REPRESENTATION_ITEM('') SURFACE() );
#2474 = CARTESIAN_POINT('',(1.351357844374,0.800384651249,0.527745278832
    ));
#2475 = CARTESIAN_POINT('',(1.30334147147,0.752368278344,0.186091032888)
  );
#2476 = CARTESIAN_POINT('',(1.448503031353,0.798503031353,0.514356857598
    ));
#2477 = CARTESIAN_POINT('',(1.400486658448,0.750486658448,0.172702611654
    ));
#2478 = CARTESIAN_POINT('',(1.450384651249,0.701357844374,0.527745278832
    ));
#2479 = CARTESIAN_POINT('',(1.402368278344,0.65334147147,0.186091032888)
  );
#2480 = ADVANCED_FACE('',(#2481),#2497,.T.);
#2481 = FACE_BOUND('',#2482,.T.);
#2482 = EDGE_LOOP('',(#2483,#2489,#2490,#2496));
#2483 = ORIENTED_EDGE('',*,*,#2484,.F.);
#2484 = EDGE_CURVE('',#1970,#1800,#2485,.T.);
#2485 = ( BOUNDED_CURVE() B_SPLINE_CURVE(2,(#2486,#2487,#2488),
.UNSPECIFIED.,.F.,.F.) B_SPLINE_CURVE_WITH_KNOTS((3,3),(1.710422666954,
3.14159265359),.PIECEWISE_BEZIER_KNOTS.) CURVE() 
GEOMETRIC_REPRESENTATION_ITEM() RATIONAL_B_SPLINE_CURVE((1.,
0.754709580223,1.)) REPRESENTATION_ITEM('') );
#2486 = CARTESIAN_POINT('',(-1.30334147147,0.752368278344,0.186091032888
    ));
#2487 = CARTESIAN_POINT('',(-1.30334147147,0.740270145251,0.100008342984
    ));
#2488 = CARTESIAN_POINT('',(-1.30334147147,0.65334147147,0.100008342984)
  );
#2489 = ORIENTED_EDGE('',*,*,#2008,.F.);
#2490 = ORIENTED_EDGE('',*,*,#2491,.F.);
#2491 = EDGE_CURVE('',#1784,#2002,#2492,.T.);
#2492 = ( BOUNDED_CURVE() B_SPLINE_CURVE(2,(#2493,#2494,#2495),
.UNSPECIFIED.,.F.,.F.) B_SPLINE_CURVE_WITH_KNOTS((3,3),(4.712388980385,
6.14355896702),.PIECEWISE_BEZIER_KNOTS.) CURVE() 
GEOMETRIC_REPRESENTATION_ITEM() RATIONAL_B_SPLINE_CURVE((1.,
0.754709580223,1.)) REPRESENTATION_ITEM('') );
#2493 = CARTESIAN_POINT('',(1.30334147147,0.65334147147,0.100008342984)
  );
#2494 = CARTESIAN_POINT('',(1.30334147147,0.740270145251,0.100008342984)
  );
#2495 = CARTESIAN_POINT('',(1.30334147147,0.752368278344,0.186091032888)
  );
#2496 = ORIENTED_EDGE('',*,*,#1806,.F.);
#2497 = ( BOUNDED_SURFACE() B_SPLINE_SURFACE(2,1,(
    (#2498,#2499)
    ,(#2500,#2501)
    ,(#2502,#2503
)),.UNSPECIFIED.,.F.,.F.,.F.) B_SPLINE_SURFACE_WITH_KNOTS((3,3),(2,2),(
    0.,1.431169986635),(-1.30334147147,1.30334147147),
.PIECEWISE_BEZIER_KNOTS.) GEOMETRIC_REPRESENTATION_ITEM() 
RATIONAL_B_SPLINE_SURFACE((
    (1.,1.)
    ,(0.754709580223,0.754709580223)
,(1.,1.))) REPRESENTATION_ITEM('') SURFACE() );
#2498 = CARTESIAN_POINT('',(-1.30334147147,0.65334147147,0.100008342984)
  );
#2499 = CARTESIAN_POINT('',(1.30334147147,0.65334147147,0.100008342984)
  );
#2500 = CARTESIAN_POINT('',(-1.30334147147,0.740270145251,0.100008342984
    ));
#2501 = CARTESIAN_POINT('',(1.30334147147,0.740270145251,0.100008342984)
  );
#2502 = CARTESIAN_POINT('',(-1.30334147147,0.752368278344,0.186091032888
    ));
#2503 = CARTESIAN_POINT('',(1.30334147147,0.752368278344,0.186091032888)
  );
#2504 = ADVANCED_FACE('',(#2505),#2516,.T.);
#2505 = FACE_BOUND('',#2506,.T.);
#2506 = EDGE_LOOP('',(#2507,#2508,#2509,#2515));
#2507 = ORIENTED_EDGE('',*,*,#2402,.T.);
#2508 = ORIENTED_EDGE('',*,*,#1969,.F.);
#2509 = ORIENTED_EDGE('',*,*,#2510,.F.);
#2510 = EDGE_CURVE('',#1934,#1970,#2511,.T.);
#2511 = ( BOUNDED_CURVE() B_SPLINE_CURVE(2,(#2512,#2513,#2514),
.UNSPECIFIED.,.F.,.F.) B_SPLINE_CURVE_WITH_KNOTS((3,3),(0.,
1.551425963458),.PIECEWISE_BEZIER_KNOTS.) CURVE() 
GEOMETRIC_REPRESENTATION_ITEM() RATIONAL_B_SPLINE_CURVE((1.,
0.713921967736,1.)) REPRESENTATION_ITEM('') );
#2512 = CARTESIAN_POINT('',(-1.402368278344,0.65334147147,0.186091032888
    ));
#2513 = CARTESIAN_POINT('',(-1.400486658448,0.750486658448,
    0.172702611654));
#2514 = CARTESIAN_POINT('',(-1.30334147147,0.752368278344,0.186091032888
    ));
#2515 = ORIENTED_EDGE('',*,*,#1933,.F.);
#2516 = ( BOUNDED_SURFACE() B_SPLINE_SURFACE(2,1,(
    (#2517,#2518)
    ,(#2519,#2520)
    ,(#2521,#2522
)),.UNSPECIFIED.,.F.,.F.,.F.) B_SPLINE_SURFACE_WITH_KNOTS((3,3),(2,2),(
    1.590166690132,3.14159265359),(-0.35919697982,-1.085983292706E-02),
.PIECEWISE_BEZIER_KNOTS.) GEOMETRIC_REPRESENTATION_ITEM() 
RATIONAL_B_SPLINE_SURFACE((
    (1.,1.)
    ,(0.713921967736,0.713921967736)
,(1.,1.))) REPRESENTATION_ITEM('') SURFACE() );
#2517 = CARTESIAN_POINT('',(-1.30334147147,0.752368278344,0.186091032888
    ));
#2518 = CARTESIAN_POINT('',(-1.351357844374,0.800384651249,
    0.527745278832));
#2519 = CARTESIAN_POINT('',(-1.400486658448,0.750486658448,
    0.172702611654));
#2520 = CARTESIAN_POINT('',(-1.448503031353,0.798503031353,
    0.514356857598));
#2521 = CARTESIAN_POINT('',(-1.402368278344,0.65334147147,0.186091032888
    ));
#2522 = CARTESIAN_POINT('',(-1.450384651249,0.701357844374,
    0.527745278832));
#2523 = ADVANCED_FACE('',(#2524),#2536,.T.);
#2524 = FACE_BOUND('',#2525,.T.);
#2525 = EDGE_LOOP('',(#2526,#2527,#2528,#2535));
#2526 = ORIENTED_EDGE('',*,*,#2426,.T.);
#2527 = ORIENTED_EDGE('',*,*,#2083,.F.);
#2528 = ORIENTED_EDGE('',*,*,#2529,.F.);
#2529 = EDGE_CURVE('',#2144,#2075,#2530,.T.);
#2530 = ( BOUNDED_CURVE() B_SPLINE_CURVE(3,(#2531,#2532,#2533,#2534),
.UNSPECIFIED.,.F.,.F.) B_SPLINE_CURVE_WITH_KNOTS((4,4),(5.507472325451,
7.058898288909),.PIECEWISE_BEZIER_KNOTS.) CURVE() 
GEOMETRIC_REPRESENTATION_ITEM() RATIONAL_B_SPLINE_CURVE((1.,
0.809281311824,0.809281311824,1.)) REPRESENTATION_ITEM('') );
#2531 = CARTESIAN_POINT('',(-1.350968503025,-0.799995309899,
    0.675041714784));
#2532 = CARTESIAN_POINT('',(-1.408648687085,-0.79943664937,
    0.679016790999));
#2533 = CARTESIAN_POINT('',(-1.44943664937,-0.758648687085,
    0.679016790999));
#2534 = CARTESIAN_POINT('',(-1.449995309899,-0.700968503025,
    0.675041714784));
#2535 = ORIENTED_EDGE('',*,*,#2143,.F.);
#2536 = ( BOUNDED_SURFACE() B_SPLINE_SURFACE(2,1,(
    (#2537,#2538)
    ,(#2539,#2540)
    ,(#2541,#2542
)),.UNSPECIFIED.,.F.,.F.,.F.) B_SPLINE_SURFACE_WITH_KNOTS((3,3),(2,2),(
    4.731759343722,6.28318530718),(0.265757344343,0.614094491235),
.PIECEWISE_BEZIER_KNOTS.) GEOMETRIC_REPRESENTATION_ITEM() 
RATIONAL_B_SPLINE_SURFACE((
    (1.,1.)
    ,(0.713921967736,0.713921967736)
,(1.,1.))) REPRESENTATION_ITEM('') SURFACE() );
#2537 = CARTESIAN_POINT('',(-1.30334147147,-0.752368278344,1.01392565308
    ));
#2538 = CARTESIAN_POINT('',(-1.351357844374,-0.800384651249,
    0.672271407136));
#2539 = CARTESIAN_POINT('',(-1.400486658448,-0.750486658448,
    1.027314074315));
#2540 = CARTESIAN_POINT('',(-1.448503031353,-0.798503031353,
    0.685659828371));
#2541 = CARTESIAN_POINT('',(-1.402368278344,-0.65334147147,1.01392565308
    ));
#2542 = CARTESIAN_POINT('',(-1.450384651249,-0.701357844374,
    0.672271407136));
#2543 = ADVANCED_FACE('',(#2544),#2560,.T.);
#2544 = FACE_BOUND('',#2545,.T.);
#2545 = EDGE_LOOP('',(#2546,#2547,#2548,#2555,#2556,#2557,#2558,#2559));
#2546 = ORIENTED_EDGE('',*,*,#1723,.F.);
#2547 = ORIENTED_EDGE('',*,*,#1850,.F.);
#2548 = ORIENTED_EDGE('',*,*,#2549,.F.);
#2549 = EDGE_CURVE('',#1895,#1844,#2550,.T.);
#2550 = ( BOUNDED_CURVE() B_SPLINE_CURVE(3,(#2551,#2552,#2553,#2554),
.UNSPECIFIED.,.F.,.F.) B_SPLINE_CURVE_WITH_KNOTS((4,4),(2.365879671861,
3.917305635319),.PIECEWISE_BEZIER_KNOTS.) CURVE() 
GEOMETRIC_REPRESENTATION_ITEM() RATIONAL_B_SPLINE_CURVE((1.,
0.809281311824,0.809281311824,1.)) REPRESENTATION_ITEM('') );
#2551 = CARTESIAN_POINT('',(1.449995309899,-0.700968503025,
    0.524974971185));
#2552 = CARTESIAN_POINT('',(1.44943664937,-0.758648687085,0.520999894969
    ));
#2553 = CARTESIAN_POINT('',(1.408648687085,-0.79943664937,0.520999894969
    ));
#2554 = CARTESIAN_POINT('',(1.350968503025,-0.799995309899,
    0.524974971185));
#2555 = ORIENTED_EDGE('',*,*,#1894,.F.);
#2556 = ORIENTED_EDGE('',*,*,#1601,.F.);
#2557 = ORIENTED_EDGE('',*,*,#809,.F.);
#2558 = ORIENTED_EDGE('',*,*,#2447,.T.);
#2559 = ORIENTED_EDGE('',*,*,#2120,.F.);
#2560 = ( BOUNDED_SURFACE() B_SPLINE_SURFACE(2,1,(
    (#2561,#2562)
    ,(#2563,#2564)
    ,(#2565,#2566
)),.UNSPECIFIED.,.F.,.F.,.F.) B_SPLINE_SURFACE_WITH_KNOTS((3,3),(2,2),(
    3.14159265359,4.712388980385),(0.422142132169,0.577857867831),
.PIECEWISE_BEZIER_KNOTS.) GEOMETRIC_REPRESENTATION_ITEM() 
RATIONAL_B_SPLINE_SURFACE((
    (1.,1.)
    ,(0.707106781187,0.707106781187)
,(1.,1.))) REPRESENTATION_ITEM('') SURFACE() );
#2561 = CARTESIAN_POINT('',(1.45,-0.7,0.677866210815));
#2562 = CARTESIAN_POINT('',(1.45,-0.7,0.522150475153));
#2563 = CARTESIAN_POINT('',(1.45,-0.8,0.677866210815));
#2564 = CARTESIAN_POINT('',(1.45,-0.8,0.522150475153));
#2565 = CARTESIAN_POINT('',(1.35,-0.8,0.677866210815));
#2566 = CARTESIAN_POINT('',(1.35,-0.8,0.522150475153));
#2567 = ADVANCED_FACE('',(#2568),#2578,.T.);
#2568 = FACE_BOUND('',#2569,.T.);
#2569 = EDGE_LOOP('',(#2570,#2571,#2572));
#2570 = ORIENTED_EDGE('',*,*,#2491,.T.);
#2571 = ORIENTED_EDGE('',*,*,#2467,.T.);
#2572 = ORIENTED_EDGE('',*,*,#2573,.F.);
#2573 = EDGE_CURVE('',#1784,#1878,#2574,.T.);
#2574 = ( BOUNDED_CURVE() B_SPLINE_CURVE(2,(#2575,#2576,#2577),
.UNSPECIFIED.,.F.,.F.) B_SPLINE_CURVE_WITH_KNOTS((3,3),(3.14159265359,
4.572762640225),.PIECEWISE_BEZIER_KNOTS.) CURVE() 
GEOMETRIC_REPRESENTATION_ITEM() RATIONAL_B_SPLINE_CURVE((1.,
0.754709580223,1.)) REPRESENTATION_ITEM('') );
#2575 = CARTESIAN_POINT('',(1.30334147147,0.65334147147,0.100008342984)
  );
#2576 = CARTESIAN_POINT('',(1.390270145251,0.65334147147,0.100008342984)
  );
#2577 = CARTESIAN_POINT('',(1.402368278344,0.65334147147,0.186091032888)
  );
#2578 = ( BOUNDED_SURFACE() B_SPLINE_SURFACE(2,2,(
    (#2579,#2580,#2581)
    ,(#2582,#2583,#2584)
    ,(#2585,#2586,#2587
)),.UNSPECIFIED.,.F.,.F.,.F.) B_SPLINE_SURFACE_WITH_KNOTS((3,3),(3,3),(
    0.13962634016,1.570796326795),(-1.110223024625E-15,1.431169986635),
.PIECEWISE_BEZIER_KNOTS.) GEOMETRIC_REPRESENTATION_ITEM() 
RATIONAL_B_SPLINE_SURFACE((
    (1.,0.754709580223,1.)
    ,(0.754709580223,0.56958655048,0.754709580223)
,(1.,0.754709580223,1.))) REPRESENTATION_ITEM('') SURFACE() );
#2579 = CARTESIAN_POINT('',(1.402368278344,0.65334147147,0.186091032888)
  );
#2580 = CARTESIAN_POINT('',(1.402368278344,0.740270145251,0.186091032888
    ));
#2581 = CARTESIAN_POINT('',(1.317123339261,0.752368278344,0.198071427781
    ));
#2582 = CARTESIAN_POINT('',(1.390270145251,0.65334147147,0.100008342984)
  );
#2583 = CARTESIAN_POINT('',(1.390270145251,0.740270145251,0.100008342984
    ));
#2584 = CARTESIAN_POINT('',(1.315439604562,0.752368278344,0.186091032888
    ));
#2585 = CARTESIAN_POINT('',(1.30334147147,0.65334147147,0.100008342984)
  );
#2586 = CARTESIAN_POINT('',(1.30334147147,0.740270145251,0.100008342984)
  );
#2587 = CARTESIAN_POINT('',(1.30334147147,0.752368278344,0.186091032888)
  );
#2588 = ADVANCED_FACE('',(#2589),#2599,.T.);
#2589 = FACE_BOUND('',#2590,.T.);
#2590 = EDGE_LOOP('',(#2591,#2592,#2593));
#2591 = ORIENTED_EDGE('',*,*,#2510,.T.);
#2592 = ORIENTED_EDGE('',*,*,#2484,.T.);
#2593 = ORIENTED_EDGE('',*,*,#2594,.F.);
#2594 = EDGE_CURVE('',#1934,#1800,#2595,.T.);
#2595 = ( BOUNDED_CURVE() B_SPLINE_CURVE(2,(#2596,#2597,#2598),
.UNSPECIFIED.,.F.,.F.) B_SPLINE_CURVE_WITH_KNOTS((3,3),(1.710422666954,
3.14159265359),.PIECEWISE_BEZIER_KNOTS.) CURVE() 
GEOMETRIC_REPRESENTATION_ITEM() RATIONAL_B_SPLINE_CURVE((1.,
0.754709580223,1.)) REPRESENTATION_ITEM('') );
#2596 = CARTESIAN_POINT('',(-1.402368278344,0.65334147147,0.186091032888
    ));
#2597 = CARTESIAN_POINT('',(-1.390270145251,0.65334147147,0.100008342984
    ));
#2598 = CARTESIAN_POINT('',(-1.30334147147,0.65334147147,0.100008342984)
  );
#2599 = ( BOUNDED_SURFACE() B_SPLINE_SURFACE(2,2,(
    (#2600,#2601,#2602)
    ,(#2603,#2604,#2605)
    ,(#2606,#2607,#2608
)),.UNSPECIFIED.,.F.,.F.,.F.) B_SPLINE_SURFACE_WITH_KNOTS((3,3),(3,3),(
    1.570796326795,3.00196631343),(-1.110223024625E-15,1.431169986635),
.PIECEWISE_BEZIER_KNOTS.) GEOMETRIC_REPRESENTATION_ITEM() 
RATIONAL_B_SPLINE_SURFACE((
    (1.,0.754709580223,1.)
    ,(0.754709580223,0.56958655048,0.754709580223)
,(1.,0.754709580223,1.))) REPRESENTATION_ITEM('') SURFACE() );
#2600 = CARTESIAN_POINT('',(-1.30334147147,0.65334147147,0.100008342984)
  );
#2601 = CARTESIAN_POINT('',(-1.30334147147,0.740270145251,0.100008342984
    ));
#2602 = CARTESIAN_POINT('',(-1.30334147147,0.752368278344,0.186091032888
    ));
#2603 = CARTESIAN_POINT('',(-1.390270145251,0.65334147147,0.100008342984
    ));
#2604 = CARTESIAN_POINT('',(-1.390270145251,0.740270145251,
    0.100008342984));
#2605 = CARTESIAN_POINT('',(-1.315439604562,0.752368278344,
    0.186091032888));
#2606 = CARTESIAN_POINT('',(-1.402368278344,0.65334147147,0.186091032888
    ));
#2607 = CARTESIAN_POINT('',(-1.402368278344,0.740270145251,
    0.186091032888));
#2608 = CARTESIAN_POINT('',(-1.317123339261,0.752368278344,
    0.198071427781));
#2609 = ADVANCED_FACE('',(#2610),#2626,.T.);
#2610 = FACE_BOUND('',#2611,.T.);
#2611 = EDGE_LOOP('',(#2612,#2613,#2614,#2621,#2622,#2623,#2624,#2625));
#2612 = ORIENTED_EDGE('',*,*,#1673,.F.);
#2613 = ORIENTED_EDGE('',*,*,#1954,.F.);
#2614 = ORIENTED_EDGE('',*,*,#2615,.F.);
#2615 = EDGE_CURVE('',#1821,#1948,#2616,.T.);
#2616 = ( BOUNDED_CURVE() B_SPLINE_CURVE(3,(#2617,#2618,#2619,#2620),
.UNSPECIFIED.,.F.,.F.) B_SPLINE_CURVE_WITH_KNOTS((4,4),(5.507472325451,
7.058898288909),.PIECEWISE_BEZIER_KNOTS.) CURVE() 
GEOMETRIC_REPRESENTATION_ITEM() RATIONAL_B_SPLINE_CURVE((1.,
0.809281311824,0.809281311824,1.)) REPRESENTATION_ITEM('') );
#2617 = CARTESIAN_POINT('',(-1.350968503025,-0.799995309899,
    0.524974971185));
#2618 = CARTESIAN_POINT('',(-1.408648687085,-0.79943664937,
    0.520999894969));
#2619 = CARTESIAN_POINT('',(-1.44943664937,-0.758648687085,
    0.520999894969));
#2620 = CARTESIAN_POINT('',(-1.449995309899,-0.700968503025,
    0.524974971185));
#2621 = ORIENTED_EDGE('',*,*,#1820,.F.);
#2622 = ORIENTED_EDGE('',*,*,#157,.F.);
#2623 = ORIENTED_EDGE('',*,*,#2150,.F.);
#2624 = ORIENTED_EDGE('',*,*,#2529,.T.);
#2625 = ORIENTED_EDGE('',*,*,#2074,.F.);
#2626 = ( BOUNDED_SURFACE() B_SPLINE_SURFACE(2,1,(
    (#2627,#2628)
    ,(#2629,#2630)
    ,(#2631,#2632
)),.UNSPECIFIED.,.F.,.F.,.F.) B_SPLINE_SURFACE_WITH_KNOTS((3,3),(2,2),(
    4.712388980385,6.28318530718),(0.422142132169,0.577857867831),
.PIECEWISE_BEZIER_KNOTS.) GEOMETRIC_REPRESENTATION_ITEM() 
RATIONAL_B_SPLINE_SURFACE((
    (1.,1.)
    ,(0.707106781187,0.707106781187)
,(1.,1.))) REPRESENTATION_ITEM('') SURFACE() );
#2627 = CARTESIAN_POINT('',(-1.35,-0.8,0.677866210815));
#2628 = CARTESIAN_POINT('',(-1.35,-0.8,0.522150475153));
#2629 = CARTESIAN_POINT('',(-1.45,-0.8,0.677866210815));
#2630 = CARTESIAN_POINT('',(-1.45,-0.8,0.522150475153));
#2631 = CARTESIAN_POINT('',(-1.45,-0.7,0.677866210815));
#2632 = CARTESIAN_POINT('',(-1.45,-0.7,0.522150475153));
#2633 = ADVANCED_FACE('',(#2634),#2645,.T.);
#2634 = FACE_BOUND('',#2635,.T.);
#2635 = EDGE_LOOP('',(#2636,#2637,#2638,#2644));
#2636 = ORIENTED_EDGE('',*,*,#2549,.T.);
#2637 = ORIENTED_EDGE('',*,*,#1843,.F.);
#2638 = ORIENTED_EDGE('',*,*,#2639,.F.);
#2639 = EDGE_CURVE('',#1904,#1837,#2640,.T.);
#2640 = ( BOUNDED_CURVE() B_SPLINE_CURVE(2,(#2641,#2642,#2643),
.UNSPECIFIED.,.F.,.F.) B_SPLINE_CURVE_WITH_KNOTS((3,3),(1.590166690132,
3.14159265359),.PIECEWISE_BEZIER_KNOTS.) CURVE() 
GEOMETRIC_REPRESENTATION_ITEM() RATIONAL_B_SPLINE_CURVE((1.,
0.713921967736,1.)) REPRESENTATION_ITEM('') );
#2641 = CARTESIAN_POINT('',(1.402368278344,-0.65334147147,0.186091032888
    ));
#2642 = CARTESIAN_POINT('',(1.400486658448,-0.750486658448,
    0.172702611654));
#2643 = CARTESIAN_POINT('',(1.30334147147,-0.752368278344,0.186091032888
    ));
#2644 = ORIENTED_EDGE('',*,*,#1903,.F.);
#2645 = ( BOUNDED_SURFACE() B_SPLINE_SURFACE(2,1,(
    (#2646,#2647)
    ,(#2648,#2649)
    ,(#2650,#2651
)),.UNSPECIFIED.,.F.,.F.,.F.) B_SPLINE_SURFACE_WITH_KNOTS((3,3),(2,2),(
    3.14159265359,4.693018617048),(-0.20969142706,0.138645719833),
.PIECEWISE_BEZIER_KNOTS.) GEOMETRIC_REPRESENTATION_ITEM() 
RATIONAL_B_SPLINE_SURFACE((
    (1.,1.)
    ,(0.713921967736,0.713921967736)
,(1.,1.))) REPRESENTATION_ITEM('') SURFACE() );
#2646 = CARTESIAN_POINT('',(1.450384651249,-0.701357844374,
    0.527745278832));
#2647 = CARTESIAN_POINT('',(1.402368278344,-0.65334147147,0.186091032888
    ));
#2648 = CARTESIAN_POINT('',(1.448503031353,-0.798503031353,
    0.514356857598));
#2649 = CARTESIAN_POINT('',(1.400486658448,-0.750486658448,
    0.172702611654));
#2650 = CARTESIAN_POINT('',(1.351357844374,-0.800384651249,
    0.527745278832));
#2651 = CARTESIAN_POINT('',(1.30334147147,-0.752368278344,0.186091032888
    ));
#2652 = ADVANCED_FACE('',(#2653),#2664,.T.);
#2653 = FACE_BOUND('',#2654,.T.);
#2654 = EDGE_LOOP('',(#2655,#2656,#2657,#2663));
#2655 = ORIENTED_EDGE('',*,*,#2573,.T.);
#2656 = ORIENTED_EDGE('',*,*,#1910,.F.);
#2657 = ORIENTED_EDGE('',*,*,#2658,.F.);
#2658 = EDGE_CURVE('',#1786,#1904,#2659,.T.);
#2659 = ( BOUNDED_CURVE() B_SPLINE_CURVE(2,(#2660,#2661,#2662),
.UNSPECIFIED.,.F.,.F.) B_SPLINE_CURVE_WITH_KNOTS((3,3),(4.712388980385,
6.14355896702),.PIECEWISE_BEZIER_KNOTS.) CURVE() 
GEOMETRIC_REPRESENTATION_ITEM() RATIONAL_B_SPLINE_CURVE((1.,
0.754709580223,1.)) REPRESENTATION_ITEM('') );
#2660 = CARTESIAN_POINT('',(1.30334147147,-0.65334147147,0.100008342984)
  );
#2661 = CARTESIAN_POINT('',(1.390270145251,-0.65334147147,0.100008342984
    ));
#2662 = CARTESIAN_POINT('',(1.402368278344,-0.65334147147,0.186091032888
    ));
#2663 = ORIENTED_EDGE('',*,*,#1783,.F.);
#2664 = ( BOUNDED_SURFACE() B_SPLINE_SURFACE(2,1,(
    (#2665,#2666)
    ,(#2667,#2668)
    ,(#2669,#2670
)),.UNSPECIFIED.,.F.,.F.,.F.) B_SPLINE_SURFACE_WITH_KNOTS((3,3),(2,2),(
    0.,1.431169986635),(-0.65334147147,0.65334147147),
.PIECEWISE_BEZIER_KNOTS.) GEOMETRIC_REPRESENTATION_ITEM() 
RATIONAL_B_SPLINE_SURFACE((
    (1.,1.)
    ,(0.754709580223,0.754709580223)
,(1.,1.))) REPRESENTATION_ITEM('') SURFACE() );
#2665 = CARTESIAN_POINT('',(1.30334147147,0.65334147147,0.100008342984)
  );
#2666 = CARTESIAN_POINT('',(1.30334147147,-0.65334147147,0.100008342984)
  );
#2667 = CARTESIAN_POINT('',(1.390270145251,0.65334147147,0.100008342984)
  );
#2668 = CARTESIAN_POINT('',(1.390270145251,-0.65334147147,0.100008342984
    ));
#2669 = CARTESIAN_POINT('',(1.402368278344,0.65334147147,0.186091032888)
  );
#2670 = CARTESIAN_POINT('',(1.402368278344,-0.65334147147,0.186091032888
    ));
#2671 = ADVANCED_FACE('',(#2672),#2683,.T.);
#2672 = FACE_BOUND('',#2673,.T.);
#2673 = EDGE_LOOP('',(#2674,#2675,#2676,#2682));
#2674 = ORIENTED_EDGE('',*,*,#2594,.T.);
#2675 = ORIENTED_EDGE('',*,*,#1799,.F.);
#2676 = ORIENTED_EDGE('',*,*,#2677,.F.);
#2677 = EDGE_CURVE('',#1941,#1793,#2678,.T.);
#2678 = ( BOUNDED_CURVE() B_SPLINE_CURVE(2,(#2679,#2680,#2681),
.UNSPECIFIED.,.F.,.F.) B_SPLINE_CURVE_WITH_KNOTS((3,3),(4.852015320544,
6.28318530718),.PIECEWISE_BEZIER_KNOTS.) CURVE() 
GEOMETRIC_REPRESENTATION_ITEM() RATIONAL_B_SPLINE_CURVE((1.,
0.754709580223,1.)) REPRESENTATION_ITEM('') );
#2679 = CARTESIAN_POINT('',(-1.402368278344,-0.65334147147,
    0.186091032888));
#2680 = CARTESIAN_POINT('',(-1.390270145251,-0.65334147147,
    0.100008342984));
#2681 = CARTESIAN_POINT('',(-1.30334147147,-0.65334147147,0.100008342984
    ));
#2682 = ORIENTED_EDGE('',*,*,#1940,.F.);
#2683 = ( BOUNDED_SURFACE() B_SPLINE_SURFACE(2,1,(
    (#2684,#2685)
    ,(#2686,#2687)
    ,(#2688,#2689
)),.UNSPECIFIED.,.F.,.F.,.F.) B_SPLINE_SURFACE_WITH_KNOTS((3,3),(2,2),(
    3.14159265359,4.572762640225),(-0.65334147147,0.65334147147),
.PIECEWISE_BEZIER_KNOTS.) GEOMETRIC_REPRESENTATION_ITEM() 
RATIONAL_B_SPLINE_SURFACE((
    (1.,1.)
    ,(0.754709580223,0.754709580223)
,(1.,1.))) REPRESENTATION_ITEM('') SURFACE() );
#2684 = CARTESIAN_POINT('',(-1.30334147147,-0.65334147147,0.100008342984
    ));
#2685 = CARTESIAN_POINT('',(-1.30334147147,0.65334147147,0.100008342984)
  );
#2686 = CARTESIAN_POINT('',(-1.390270145251,-0.65334147147,
    0.100008342984));
#2687 = CARTESIAN_POINT('',(-1.390270145251,0.65334147147,0.100008342984
    ));
#2688 = CARTESIAN_POINT('',(-1.402368278344,-0.65334147147,
    0.186091032888));
#2689 = CARTESIAN_POINT('',(-1.402368278344,0.65334147147,0.186091032888
    ));
#2690 = ADVANCED_FACE('',(#2691),#2702,.T.);
#2691 = FACE_BOUND('',#2692,.T.);
#2692 = EDGE_LOOP('',(#2693,#2694,#2695,#2701));
#2693 = ORIENTED_EDGE('',*,*,#2615,.T.);
#2694 = ORIENTED_EDGE('',*,*,#1947,.F.);
#2695 = ORIENTED_EDGE('',*,*,#2696,.F.);
#2696 = EDGE_CURVE('',#1830,#1941,#2697,.T.);
#2697 = ( BOUNDED_CURVE() B_SPLINE_CURVE(2,(#2698,#2699,#2700),
.UNSPECIFIED.,.F.,.F.) B_SPLINE_CURVE_WITH_KNOTS((3,3),(3.14159265359,
4.693018617048),.PIECEWISE_BEZIER_KNOTS.) CURVE() 
GEOMETRIC_REPRESENTATION_ITEM() RATIONAL_B_SPLINE_CURVE((1.,
0.713921967736,1.)) REPRESENTATION_ITEM('') );
#2698 = CARTESIAN_POINT('',(-1.30334147147,-0.752368278344,
    0.186091032888));
#2699 = CARTESIAN_POINT('',(-1.400486658448,-0.750486658448,
    0.172702611654));
#2700 = CARTESIAN_POINT('',(-1.402368278344,-0.65334147147,
    0.186091032888));
#2701 = ORIENTED_EDGE('',*,*,#1829,.F.);
#2702 = ( BOUNDED_SURFACE() B_SPLINE_SURFACE(2,1,(
    (#2703,#2704)
    ,(#2705,#2706)
    ,(#2707,#2708
)),.UNSPECIFIED.,.F.,.F.,.F.) B_SPLINE_SURFACE_WITH_KNOTS((3,3),(2,2),(
    3.14159265359,4.693018617048),(-0.138645719833,0.20969142706),
.PIECEWISE_BEZIER_KNOTS.) GEOMETRIC_REPRESENTATION_ITEM() 
RATIONAL_B_SPLINE_SURFACE((
    (1.,1.)
    ,(0.713921967736,0.713921967736)
,(1.,1.))) REPRESENTATION_ITEM('') SURFACE() );
#2703 = CARTESIAN_POINT('',(-1.402368278344,-0.65334147147,
    0.186091032888));
#2704 = CARTESIAN_POINT('',(-1.450384651249,-0.701357844374,
    0.527745278832));
#2705 = CARTESIAN_POINT('',(-1.400486658448,-0.750486658448,
    0.172702611654));
#2706 = CARTESIAN_POINT('',(-1.448503031353,-0.798503031353,
    0.514356857598));
#2707 = CARTESIAN_POINT('',(-1.30334147147,-0.752368278344,
    0.186091032888));
#2708 = CARTESIAN_POINT('',(-1.351357844374,-0.800384651249,
    0.527745278832));
#2709 = ADVANCED_FACE('',(#2710),#2720,.T.);
#2710 = FACE_BOUND('',#2711,.T.);
#2711 = EDGE_LOOP('',(#2712,#2713,#2714));
#2712 = ORIENTED_EDGE('',*,*,#2658,.T.);
#2713 = ORIENTED_EDGE('',*,*,#2639,.T.);
#2714 = ORIENTED_EDGE('',*,*,#2715,.F.);
#2715 = EDGE_CURVE('',#1786,#1837,#2716,.T.);
#2716 = ( BOUNDED_CURVE() B_SPLINE_CURVE(2,(#2717,#2718,#2719),
.UNSPECIFIED.,.F.,.F.) B_SPLINE_CURVE_WITH_KNOTS((3,3),(0.,
1.431169986635),.PIECEWISE_BEZIER_KNOTS.) CURVE() 
GEOMETRIC_REPRESENTATION_ITEM() RATIONAL_B_SPLINE_CURVE((1.,
0.754709580223,1.)) REPRESENTATION_ITEM('') );
#2717 = CARTESIAN_POINT('',(1.30334147147,-0.65334147147,0.100008342984)
  );
#2718 = CARTESIAN_POINT('',(1.30334147147,-0.740270145251,0.100008342984
    ));
#2719 = CARTESIAN_POINT('',(1.30334147147,-0.752368278344,0.186091032888
    ));
#2720 = ( BOUNDED_SURFACE() B_SPLINE_SURFACE(2,2,(
    (#2721,#2722,#2723)
    ,(#2724,#2725,#2726)
    ,(#2727,#2728,#2729
)),.UNSPECIFIED.,.F.,.F.,.F.) B_SPLINE_SURFACE_WITH_KNOTS((3,3),(3,3),(
    0.13962634016,1.570796326795),(-1.431169986635,1.110223024625E-15),
.PIECEWISE_BEZIER_KNOTS.) GEOMETRIC_REPRESENTATION_ITEM() 
RATIONAL_B_SPLINE_SURFACE((
    (1.,0.754709580223,1.)
    ,(0.754709580223,0.56958655048,0.754709580223)
,(1.,0.754709580223,1.))) REPRESENTATION_ITEM('') SURFACE() );
#2721 = CARTESIAN_POINT('',(1.317123339261,-0.752368278344,
    0.198071427781));
#2722 = CARTESIAN_POINT('',(1.402368278344,-0.740270145251,
    0.186091032888));
#2723 = CARTESIAN_POINT('',(1.402368278344,-0.65334147147,0.186091032888
    ));
#2724 = CARTESIAN_POINT('',(1.315439604562,-0.752368278344,
    0.186091032888));
#2725 = CARTESIAN_POINT('',(1.390270145251,-0.740270145251,
    0.100008342984));
#2726 = CARTESIAN_POINT('',(1.390270145251,-0.65334147147,0.100008342984
    ));
#2727 = CARTESIAN_POINT('',(1.30334147147,-0.752368278344,0.186091032888
    ));
#2728 = CARTESIAN_POINT('',(1.30334147147,-0.740270145251,0.100008342984
    ));
#2729 = CARTESIAN_POINT('',(1.30334147147,-0.65334147147,0.100008342984)
  );
#2730 = ADVANCED_FACE('',(#2731),#2741,.T.);
#2731 = FACE_BOUND('',#2732,.T.);
#2732 = EDGE_LOOP('',(#2733,#2734,#2735));
#2733 = ORIENTED_EDGE('',*,*,#2696,.T.);
#2734 = ORIENTED_EDGE('',*,*,#2677,.T.);
#2735 = ORIENTED_EDGE('',*,*,#2736,.F.);
#2736 = EDGE_CURVE('',#1830,#1793,#2737,.T.);
#2737 = ( BOUNDED_CURVE() B_SPLINE_CURVE(2,(#2738,#2739,#2740),
.UNSPECIFIED.,.F.,.F.) B_SPLINE_CURVE_WITH_KNOTS((3,3),(1.710422666954,
3.14159265359),.PIECEWISE_BEZIER_KNOTS.) CURVE() 
GEOMETRIC_REPRESENTATION_ITEM() RATIONAL_B_SPLINE_CURVE((1.,
0.754709580223,1.)) REPRESENTATION_ITEM('') );
#2738 = CARTESIAN_POINT('',(-1.30334147147,-0.752368278344,
    0.186091032888));
#2739 = CARTESIAN_POINT('',(-1.30334147147,-0.740270145251,
    0.100008342984));
#2740 = CARTESIAN_POINT('',(-1.30334147147,-0.65334147147,0.100008342984
    ));
#2741 = ( BOUNDED_SURFACE() B_SPLINE_SURFACE(2,2,(
    (#2742,#2743,#2744)
    ,(#2745,#2746,#2747)
    ,(#2748,#2749,#2750
)),.UNSPECIFIED.,.F.,.F.,.F.) B_SPLINE_SURFACE_WITH_KNOTS((3,3),(3,3),(
    1.570796326795,3.00196631343),(-1.431169986635,1.110223024625E-15),
.PIECEWISE_BEZIER_KNOTS.) GEOMETRIC_REPRESENTATION_ITEM() 
RATIONAL_B_SPLINE_SURFACE((
    (1.,0.754709580223,1.)
    ,(0.754709580223,0.56958655048,0.754709580223)
,(1.,0.754709580223,1.))) REPRESENTATION_ITEM('') SURFACE() );
#2742 = CARTESIAN_POINT('',(-1.30334147147,-0.752368278344,
    0.186091032888));
#2743 = CARTESIAN_POINT('',(-1.30334147147,-0.740270145251,
    0.100008342984));
#2744 = CARTESIAN_POINT('',(-1.30334147147,-0.65334147147,0.100008342984
    ));
#2745 = CARTESIAN_POINT('',(-1.315439604562,-0.752368278344,
    0.186091032888));
#2746 = CARTESIAN_POINT('',(-1.390270145251,-0.740270145251,
    0.100008342984));
#2747 = CARTESIAN_POINT('',(-1.390270145251,-0.65334147147,
    0.100008342984));
#2748 = CARTESIAN_POINT('',(-1.317123339261,-0.752368278344,
    0.198071427781));
#2749 = CARTESIAN_POINT('',(-1.402368278344,-0.740270145251,
    0.186091032888));
#2750 = CARTESIAN_POINT('',(-1.402368278344,-0.65334147147,
    0.186091032888));
#2751 = ADVANCED_FACE('',(#2752),#2758,.T.);
#2752 = FACE_BOUND('',#2753,.T.);
#2753 = EDGE_LOOP('',(#2754,#2755,#2756,#2757));
#2754 = ORIENTED_EDGE('',*,*,#2715,.T.);
#2755 = ORIENTED_EDGE('',*,*,#1836,.F.);
#2756 = ORIENTED_EDGE('',*,*,#2736,.T.);
#2757 = ORIENTED_EDGE('',*,*,#1792,.F.);
#2758 = ( BOUNDED_SURFACE() B_SPLINE_SURFACE(2,1,(
    (#2759,#2760)
    ,(#2761,#2762)
    ,(#2763,#2764
)),.UNSPECIFIED.,.F.,.F.,.F.) B_SPLINE_SURFACE_WITH_KNOTS((3,3),(2,2),(
    3.14159265359,4.572762640225),(-1.30334147147,1.30334147147),
.PIECEWISE_BEZIER_KNOTS.) GEOMETRIC_REPRESENTATION_ITEM() 
RATIONAL_B_SPLINE_SURFACE((
    (1.,1.)
    ,(0.754709580223,0.754709580223)
,(1.,1.))) REPRESENTATION_ITEM('') SURFACE() );
#2759 = CARTESIAN_POINT('',(1.30334147147,-0.65334147147,0.100008342984)
  );
#2760 = CARTESIAN_POINT('',(-1.30334147147,-0.65334147147,0.100008342984
    ));
#2761 = CARTESIAN_POINT('',(1.30334147147,-0.740270145251,0.100008342984
    ));
#2762 = CARTESIAN_POINT('',(-1.30334147147,-0.740270145251,
    0.100008342984));
#2763 = CARTESIAN_POINT('',(1.30334147147,-0.752368278344,0.186091032888
    ));
#2764 = CARTESIAN_POINT('',(-1.30334147147,-0.752368278344,
    0.186091032888));
#2765 = ADVANCED_FACE('',(#2766),#2779,.F.);
#2766 = FACE_BOUND('',#2767,.F.);
#2767 = EDGE_LOOP('',(#2768,#2769,#2770,#2778));
#2768 = ORIENTED_EDGE('',*,*,#1736,.F.);
#2769 = ORIENTED_EDGE('',*,*,#21,.F.);
#2770 = ORIENTED_EDGE('',*,*,#2771,.T.);
#2771 = EDGE_CURVE('',#22,#41,#2772,.T.);
#2772 = ( BOUNDED_CURVE() B_SPLINE_CURVE(2,(#2773,#2774,#2775,#2776,
#2777),.UNSPECIFIED.,.F.,.F.) B_SPLINE_CURVE_WITH_KNOTS((3,2,3),(0.,
1.570796326795,3.14159265359),.PIECEWISE_BEZIER_KNOTS.) CURVE() 
GEOMETRIC_REPRESENTATION_ITEM() RATIONAL_B_SPLINE_CURVE((1.,
0.707106781187,1.,0.707106781187,1.)) REPRESENTATION_ITEM('') );
#2773 = CARTESIAN_POINT('',(-0.706656362225,-0.349828720391,
    1.099008342984));
#2774 = CARTESIAN_POINT('',(-0.706656362225,-0.225053156683,
    1.099008342984));
#2775 = CARTESIAN_POINT('',(-0.831431925933,-0.225053156683,
    1.099008342984));
#2776 = CARTESIAN_POINT('',(-0.956207489642,-0.225053156683,
    1.099008342984));
#2777 = CARTESIAN_POINT('',(-0.956207489642,-0.349828720391,
    1.099008342984));
#2778 = ORIENTED_EDGE('',*,*,#40,.T.);
#2779 = ( BOUNDED_SURFACE() B_SPLINE_SURFACE(2,1,(
    (#2780,#2781)
    ,(#2782,#2783)
    ,(#2784,#2785)
    ,(#2786,#2787)
    ,(#2788,#2789
)),.UNSPECIFIED.,.F.,.F.,.F.) B_SPLINE_SURFACE_WITH_KNOTS((3,2,3),(2,2),
  (0.,1.570796326795,3.14159265359),(0.,9.999999999999E-04),
.PIECEWISE_BEZIER_KNOTS.) GEOMETRIC_REPRESENTATION_ITEM() 
RATIONAL_B_SPLINE_SURFACE((
    (1.,1.)
    ,(0.707106781187,0.707106781187)
    ,(1.,1.)
    ,(0.707106781187,0.707106781187)
,(1.,1.))) REPRESENTATION_ITEM('') SURFACE() );
#2780 = CARTESIAN_POINT('',(-0.706656362225,-0.349828720391,
    1.099008342984));
#2781 = CARTESIAN_POINT('',(-0.706656362225,-0.349828720391,
    1.100008342984));
#2782 = CARTESIAN_POINT('',(-0.706656362225,-0.225053156683,
    1.099008342984));
#2783 = CARTESIAN_POINT('',(-0.706656362225,-0.225053156683,
    1.100008342984));
#2784 = CARTESIAN_POINT('',(-0.831431925933,-0.225053156683,
    1.099008342984));
#2785 = CARTESIAN_POINT('',(-0.831431925933,-0.225053156683,
    1.100008342984));
#2786 = CARTESIAN_POINT('',(-0.956207489642,-0.225053156683,
    1.099008342984));
#2787 = CARTESIAN_POINT('',(-0.956207489642,-0.225053156683,
    1.100008342984));
#2788 = CARTESIAN_POINT('',(-0.956207489642,-0.349828720391,
    1.099008342984));
#2789 = CARTESIAN_POINT('',(-0.956207489642,-0.349828720391,
    1.100008342984));
#2790 = ADVANCED_FACE('',(#2791),#2795,.T.);
#2791 = FACE_BOUND('',#2792,.T.);
#2792 = EDGE_LOOP('',(#2793,#2794));
#2793 = ORIENTED_EDGE('',*,*,#2771,.T.);
#2794 = ORIENTED_EDGE('',*,*,#47,.T.);
#2795 = B_SPLINE_SURFACE_WITH_KNOTS('',1,1,(
    (#2796,#2797)
    ,(#2798,#2799
    )),.UNSPECIFIED.,.F.,.F.,.F.,(2,2),(2,2),(-0.124775563709,
    0.124775563709),(-0.124775563709,0.124775563709),
  .PIECEWISE_BEZIER_KNOTS.);
#2796 = CARTESIAN_POINT('',(-0.956207489642,-0.4746042841,1.099008342984
    ));
#2797 = CARTESIAN_POINT('',(-0.956207489642,-0.225053156683,
    1.099008342984));
#2798 = CARTESIAN_POINT('',(-0.706656362225,-0.4746042841,1.099008342984
    ));
#2799 = CARTESIAN_POINT('',(-0.706656362225,-0.225053156683,
    1.099008342984));
#2800 = ADVANCED_FACE('',(#2801),#2823,.F.);
#2801 = FACE_BOUND('',#2802,.T.);
#2802 = EDGE_LOOP('',(#2803,#2804,#2811,#2818));
#2803 = ORIENTED_EDGE('',*,*,#857,.T.);
#2804 = ORIENTED_EDGE('',*,*,#2805,.F.);
#2805 = EDGE_CURVE('',#2806,#849,#2808,.T.);
#2806 = VERTEX_POINT('',#2807);
#2807 = CARTESIAN_POINT('',(1.419364698215,7.14585815559E-02,
    0.900175138272));
#2808 = B_SPLINE_CURVE_WITH_KNOTS('',1,(#2809,#2810),.UNSPECIFIED.,.F.,
  .F.,(2,2),(-0.,1.E-03),.PIECEWISE_BEZIER_KNOTS.);
#2809 = CARTESIAN_POINT('',(1.419364698215,7.14585815559E-02,
    0.900175138272));
#2810 = CARTESIAN_POINT('',(1.418374430147,7.14585815559E-02,
    0.900035965171));
#2811 = ORIENTED_EDGE('',*,*,#2812,.F.);
#2812 = EDGE_CURVE('',#2813,#2806,#2815,.T.);
#2813 = VERTEX_POINT('',#2814);
#2814 = CARTESIAN_POINT('',(1.420332783586,7.14585815559E-02,
    0.893286852936));
#2815 = B_SPLINE_CURVE_WITH_KNOTS('',1,(#2816,#2817),.UNSPECIFIED.,.F.,
  .F.,(2,2),(-6.955980460135E-03,0.),.PIECEWISE_BEZIER_KNOTS.);
#2816 = CARTESIAN_POINT('',(1.420332783586,7.14585815559E-02,
    0.893286852936));
#2817 = CARTESIAN_POINT('',(1.419364698215,7.14585815559E-02,
    0.900175138272));
#2818 = ORIENTED_EDGE('',*,*,#2819,.T.);
#2819 = EDGE_CURVE('',#2813,#858,#2820,.T.);
#2820 = B_SPLINE_CURVE_WITH_KNOTS('',1,(#2821,#2822),.UNSPECIFIED.,.F.,
  .F.,(2,2),(-0.,1.E-03),.PIECEWISE_BEZIER_KNOTS.);
#2821 = CARTESIAN_POINT('',(1.420332783586,7.14585815559E-02,
    0.893286852936));
#2822 = CARTESIAN_POINT('',(1.419342515518,7.14585815559E-02,
    0.893147679835));
#2823 = B_SPLINE_SURFACE_WITH_KNOTS('',1,1,(
    (#2824,#2825)
    ,(#2826,#2827
    )),.UNSPECIFIED.,.F.,.F.,.F.,(2,2),(2,2),(0.,7.027458437422E-03),(
    -9.902680687417E-04,9.680853708545E-04),.PIECEWISE_BEZIER_KNOTS.);
#2824 = CARTESIAN_POINT('',(1.418374430147,7.14585815559E-02,
    0.900175138272));
#2825 = CARTESIAN_POINT('',(1.420332783586,7.14585815559E-02,
    0.900175138272));
#2826 = CARTESIAN_POINT('',(1.418374430147,7.14585815559E-02,
    0.893147679835));
#2827 = CARTESIAN_POINT('',(1.420332783586,7.14585815559E-02,
    0.893147679835));
#2828 = ADVANCED_FACE('',(#2829),#2845,.F.);
#2829 = FACE_BOUND('',#2830,.T.);
#2830 = EDGE_LOOP('',(#2831,#2832,#2839,#2844));
#2831 = ORIENTED_EDGE('',*,*,#848,.T.);
#2832 = ORIENTED_EDGE('',*,*,#2833,.F.);
#2833 = EDGE_CURVE('',#2834,#851,#2836,.T.);
#2834 = VERTEX_POINT('',#2835);
#2835 = CARTESIAN_POINT('',(1.419364698215,4.71594390514E-02,
    0.900175138272));
#2836 = B_SPLINE_CURVE_WITH_KNOTS('',1,(#2837,#2838),.UNSPECIFIED.,.F.,
  .F.,(2,2),(-0.,1.E-03),.PIECEWISE_BEZIER_KNOTS.);
#2837 = CARTESIAN_POINT('',(1.419364698215,4.71594390514E-02,
    0.900175138272));
#2838 = CARTESIAN_POINT('',(1.418374430147,4.71594390514E-02,
    0.900035965171));
#2839 = ORIENTED_EDGE('',*,*,#2840,.F.);
#2840 = EDGE_CURVE('',#2806,#2834,#2841,.T.);
#2841 = B_SPLINE_CURVE_WITH_KNOTS('',1,(#2842,#2843),.UNSPECIFIED.,.F.,
  .F.,(2,2),(-2.42991425045E-02,-0.),.PIECEWISE_BEZIER_KNOTS.);
#2842 = CARTESIAN_POINT('',(1.419364698215,7.14585815559E-02,
    0.900175138272));
#2843 = CARTESIAN_POINT('',(1.419364698215,4.71594390514E-02,
    0.900175138272));
#2844 = ORIENTED_EDGE('',*,*,#2805,.T.);
#2845 = B_SPLINE_SURFACE_WITH_KNOTS('',1,1,(
    (#2846,#2847)
    ,(#2848,#2849
    )),.UNSPECIFIED.,.F.,.F.,.F.,(2,2),(2,2),(-1.545131810943E-17,1.E-03
    ),(-1.822398851613E-31,2.42991425045E-02),.PIECEWISE_BEZIER_KNOTS.);
#2846 = CARTESIAN_POINT('',(1.419364698215,4.71594390514E-02,
    0.900175138272));
#2847 = CARTESIAN_POINT('',(1.419364698215,7.14585815559E-02,
    0.900175138272));
#2848 = CARTESIAN_POINT('',(1.418374430147,4.71594390514E-02,
    0.900035965171));
#2849 = CARTESIAN_POINT('',(1.418374430147,7.14585815559E-02,
    0.900035965171));
#2850 = ADVANCED_FACE('',(#2851),#2867,.F.);
#2851 = FACE_BOUND('',#2852,.T.);
#2852 = EDGE_LOOP('',(#2853,#2854,#2861,#2866));
#2853 = ORIENTED_EDGE('',*,*,#885,.T.);
#2854 = ORIENTED_EDGE('',*,*,#2855,.F.);
#2855 = EDGE_CURVE('',#2856,#879,#2858,.T.);
#2856 = VERTEX_POINT('',#2857);
#2857 = CARTESIAN_POINT('',(1.411841415939,4.71594390514E-02,
    0.953706073197));
#2858 = B_SPLINE_CURVE_WITH_KNOTS('',1,(#2859,#2860),.UNSPECIFIED.,.F.,
  .F.,(2,2),(-0.,1.E-03),.PIECEWISE_BEZIER_KNOTS.);
#2859 = CARTESIAN_POINT('',(1.411841415939,4.71594390514E-02,
    0.953706073197));
#2860 = CARTESIAN_POINT('',(1.41085114787,4.71594390514E-02,
    0.953566900096));
#2861 = ORIENTED_EDGE('',*,*,#2862,.F.);
#2862 = EDGE_CURVE('',#2834,#2856,#2863,.T.);
#2863 = B_SPLINE_CURVE_WITH_KNOTS('',1,(#2864,#2865),.UNSPECIFIED.,.F.,
  .F.,(2,2),(-5.405701406927E-02,0.),.PIECEWISE_BEZIER_KNOTS.);
#2864 = CARTESIAN_POINT('',(1.419364698215,4.71594390514E-02,
    0.900175138272));
#2865 = CARTESIAN_POINT('',(1.411841415939,4.71594390514E-02,
    0.953706073197));
#2866 = ORIENTED_EDGE('',*,*,#2833,.T.);
#2867 = B_SPLINE_SURFACE_WITH_KNOTS('',1,1,(
    (#2868,#2869)
    ,(#2870,#2871
    )),.UNSPECIFIED.,.F.,.F.,.F.,(2,2),(2,2),(0.,5.367010802527E-02),(
    -9.902680687417E-04,7.523282276662E-03),.PIECEWISE_BEZIER_KNOTS.);
#2868 = CARTESIAN_POINT('',(1.41085114787,4.71594390514E-02,
    0.953706073197));
#2869 = CARTESIAN_POINT('',(1.419364698215,4.71594390514E-02,
    0.953706073197));
#2870 = CARTESIAN_POINT('',(1.41085114787,4.71594390514E-02,
    0.900035965171));
#2871 = CARTESIAN_POINT('',(1.419364698215,4.71594390514E-02,
    0.900035965171));
#2872 = ADVANCED_FACE('',(#2873),#2889,.F.);
#2873 = FACE_BOUND('',#2874,.T.);
#2874 = EDGE_LOOP('',(#2875,#2876,#2883,#2888));
#2875 = ORIENTED_EDGE('',*,*,#878,.T.);
#2876 = ORIENTED_EDGE('',*,*,#2877,.F.);
#2877 = EDGE_CURVE('',#2878,#872,#2880,.T.);
#2878 = VERTEX_POINT('',#2879);
#2879 = CARTESIAN_POINT('',(1.411841415939,3.928327283533E-02,
    0.953706073197));
#2880 = B_SPLINE_CURVE_WITH_KNOTS('',1,(#2881,#2882),.UNSPECIFIED.,.F.,
  .F.,(2,2),(-0.,1.E-03),.PIECEWISE_BEZIER_KNOTS.);
#2881 = CARTESIAN_POINT('',(1.411841415939,3.928327283533E-02,
    0.953706073197));
#2882 = CARTESIAN_POINT('',(1.41085114787,3.928327283533E-02,
    0.953566900096));
#2883 = ORIENTED_EDGE('',*,*,#2884,.F.);
#2884 = EDGE_CURVE('',#2856,#2878,#2885,.T.);
#2885 = B_SPLINE_CURVE_WITH_KNOTS('',1,(#2886,#2887),.UNSPECIFIED.,.F.,
  .F.,(2,2),(-7.876166216068E-03,-0.),.PIECEWISE_BEZIER_KNOTS.);
#2886 = CARTESIAN_POINT('',(1.411841415939,4.71594390514E-02,
    0.953706073197));
#2887 = CARTESIAN_POINT('',(1.411841415939,3.928327283533E-02,
    0.953706073197));
#2888 = ORIENTED_EDGE('',*,*,#2855,.T.);
#2889 = B_SPLINE_SURFACE_WITH_KNOTS('',1,1,(
    (#2890,#2891)
    ,(#2892,#2893
    )),.UNSPECIFIED.,.F.,.F.,.F.,(2,2),(2,2),(-1.545131810943E-17,1.E-03
    ),(-5.623476065656E-31,7.876166216068E-03),
  .PIECEWISE_BEZIER_KNOTS.);
#2890 = CARTESIAN_POINT('',(1.411841415939,3.928327283533E-02,
    0.953706073197));
#2891 = CARTESIAN_POINT('',(1.411841415939,4.71594390514E-02,
    0.953706073197));
#2892 = CARTESIAN_POINT('',(1.41085114787,3.928327283533E-02,
    0.953566900096));
#2893 = CARTESIAN_POINT('',(1.41085114787,4.71594390514E-02,
    0.953566900096));
#2894 = ADVANCED_FACE('',(#2895),#2911,.F.);
#2895 = FACE_BOUND('',#2896,.T.);
#2896 = EDGE_LOOP('',(#2897,#2898,#2905,#2910));
#2897 = ORIENTED_EDGE('',*,*,#871,.T.);
#2898 = ORIENTED_EDGE('',*,*,#2899,.F.);
#2899 = EDGE_CURVE('',#2900,#865,#2902,.T.);
#2900 = VERTEX_POINT('',#2901);
#2901 = CARTESIAN_POINT('',(1.420332783586,3.928327283533E-02,
    0.893286852936));
#2902 = B_SPLINE_CURVE_WITH_KNOTS('',1,(#2903,#2904),.UNSPECIFIED.,.F.,
  .F.,(2,2),(-0.,1.E-03),.PIECEWISE_BEZIER_KNOTS.);
#2903 = CARTESIAN_POINT('',(1.420332783586,3.928327283533E-02,
    0.893286852936));
#2904 = CARTESIAN_POINT('',(1.419342515518,3.928327283533E-02,
    0.893147679835));
#2905 = ORIENTED_EDGE('',*,*,#2906,.F.);
#2906 = EDGE_CURVE('',#2878,#2900,#2907,.T.);
#2907 = B_SPLINE_CURVE_WITH_KNOTS('',1,(#2908,#2909),.UNSPECIFIED.,.F.,
  .F.,(2,2),(-6.10129945294E-02,0.),.PIECEWISE_BEZIER_KNOTS.);
#2908 = CARTESIAN_POINT('',(1.411841415939,3.928327283533E-02,
    0.953706073197));
#2909 = CARTESIAN_POINT('',(1.420332783586,3.928327283533E-02,
    0.893286852936));
#2910 = ORIENTED_EDGE('',*,*,#2877,.T.);
#2911 = B_SPLINE_SURFACE_WITH_KNOTS('',1,1,(
    (#2912,#2913)
    ,(#2914,#2915
    )),.UNSPECIFIED.,.F.,.F.,.F.,(2,2),(2,2),(-1.391731009601E-04,
    6.041922026077E-02),(-9.481635716258E-03,0.),
  .PIECEWISE_BEZIER_KNOTS.);
#2912 = CARTESIAN_POINT('',(1.41085114787,3.928327283533E-02,
    0.893147679835));
#2913 = CARTESIAN_POINT('',(1.420332783586,3.928327283533E-02,
    0.893147679835));
#2914 = CARTESIAN_POINT('',(1.41085114787,3.928327283533E-02,
    0.953706073197));
#2915 = CARTESIAN_POINT('',(1.420332783586,3.928327283533E-02,
    0.953706073197));
#2916 = ADVANCED_FACE('',(#2917),#2927,.F.);
#2917 = FACE_BOUND('',#2918,.T.);
#2918 = EDGE_LOOP('',(#2919,#2920,#2921,#2926));
#2919 = ORIENTED_EDGE('',*,*,#864,.T.);
#2920 = ORIENTED_EDGE('',*,*,#2819,.F.);
#2921 = ORIENTED_EDGE('',*,*,#2922,.F.);
#2922 = EDGE_CURVE('',#2900,#2813,#2923,.T.);
#2923 = B_SPLINE_CURVE_WITH_KNOTS('',1,(#2924,#2925),.UNSPECIFIED.,.F.,
  .F.,(2,2),(-3.217530872057E-02,0.),.PIECEWISE_BEZIER_KNOTS.);
#2924 = CARTESIAN_POINT('',(1.420332783586,3.928327283533E-02,
    0.893286852936));
#2925 = CARTESIAN_POINT('',(1.420332783586,7.14585815559E-02,
    0.893286852936));
#2926 = ORIENTED_EDGE('',*,*,#2899,.T.);
#2927 = B_SPLINE_SURFACE_WITH_KNOTS('',1,1,(
    (#2928,#2929)
    ,(#2930,#2931)),.UNSPECIFIED.,.F.,.F.,.F.,(2,2),(2,2),(-1.E-03,0.),(
    -3.217530872057E-02,1.879688586127E-35),.PIECEWISE_BEZIER_KNOTS.);
#2928 = CARTESIAN_POINT('',(1.419342515518,3.928327283533E-02,
    0.893147679835));
#2929 = CARTESIAN_POINT('',(1.419342515518,7.14585815559E-02,
    0.893147679835));
#2930 = CARTESIAN_POINT('',(1.420332783586,3.928327283533E-02,
    0.893286852936));
#2931 = CARTESIAN_POINT('',(1.420332783586,7.14585815559E-02,
    0.893286852936));
#2932 = ADVANCED_FACE('',(#2933),#2941,.F.);
#2933 = FACE_BOUND('',#2934,.T.);
#2934 = EDGE_LOOP('',(#2935,#2936,#2937,#2938,#2939,#2940));
#2935 = ORIENTED_EDGE('',*,*,#2812,.T.);
#2936 = ORIENTED_EDGE('',*,*,#2840,.T.);
#2937 = ORIENTED_EDGE('',*,*,#2862,.T.);
#2938 = ORIENTED_EDGE('',*,*,#2884,.T.);
#2939 = ORIENTED_EDGE('',*,*,#2906,.T.);
#2940 = ORIENTED_EDGE('',*,*,#2922,.T.);
#2941 = B_SPLINE_SURFACE_WITH_KNOTS('',1,1,(
    (#2942,#2943)
    ,(#2944,#2945
    )),.UNSPECIFIED.,.F.,.F.,.F.,(2,2),(2,2),(0.686913067011,
    0.74792606154),(3.928327283533E-02,7.14585815559E-02),
  .PIECEWISE_BEZIER_KNOTS.);
#2942 = CARTESIAN_POINT('',(1.420332783586,3.928327283533E-02,
    0.893286852936));
#2943 = CARTESIAN_POINT('',(1.420332783586,7.14585815559E-02,
    0.893286852936));
#2944 = CARTESIAN_POINT('',(1.411841415939,3.928327283533E-02,
    0.953706073197));
#2945 = CARTESIAN_POINT('',(1.411841415939,7.14585815559E-02,
    0.953706073197));
#2946 = ADVANCED_FACE('',(#2947),#2971,.F.);
#2947 = FACE_BOUND('',#2948,.F.);
#2948 = EDGE_LOOP('',(#2949,#2956,#2965,#2970));
#2949 = ORIENTED_EDGE('',*,*,#2950,.F.);
#2950 = EDGE_CURVE('',#2951,#902,#2953,.T.);
#2951 = VERTEX_POINT('',#2952);
#2952 = CARTESIAN_POINT('',(1.420476042856,0.102744897258,0.892267510263
    ));
#2953 = B_SPLINE_CURVE_WITH_KNOTS('',1,(#2954,#2955),.UNSPECIFIED.,.F.,
  .F.,(2,2),(-0.,1.E-03),.PIECEWISE_BEZIER_KNOTS.);
#2954 = CARTESIAN_POINT('',(1.420476042856,0.102744897258,0.892267510263
    ));
#2955 = CARTESIAN_POINT('',(1.419485774788,0.102744897258,0.892128337162
    ));
#2956 = ORIENTED_EDGE('',*,*,#2957,.T.);
#2957 = EDGE_CURVE('',#2951,#2958,#2960,.T.);
#2958 = VERTEX_POINT('',#2959);
#2959 = CARTESIAN_POINT('',(1.419981147196,0.119635764608,0.895788875861
    ));
#2960 = B_SPLINE_CURVE_WITH_KNOTS('',3,(#2961,#2962,#2963,#2964),
  .UNSPECIFIED.,.F.,.F.,(4,4),(0.,1.),.PIECEWISE_BEZIER_KNOTS.);
#2961 = CARTESIAN_POINT('',(1.420476042856,0.102744897258,0.892267510263
    ));
#2962 = CARTESIAN_POINT('',(1.420476042856,0.109513721293,0.892267510263
    ));
#2963 = CARTESIAN_POINT('',(1.420311077636,0.11514401041,0.893441298795)
  );
#2964 = CARTESIAN_POINT('',(1.419981147196,0.119635764608,0.895788875861
    ));
#2965 = ORIENTED_EDGE('',*,*,#2966,.T.);
#2966 = EDGE_CURVE('',#2958,#893,#2967,.T.);
#2967 = B_SPLINE_CURVE_WITH_KNOTS('',1,(#2968,#2969),.UNSPECIFIED.,.F.,
  .F.,(2,2),(-0.,9.999999999999E-04),.PIECEWISE_BEZIER_KNOTS.);
#2968 = CARTESIAN_POINT('',(1.419981147196,0.119635764608,0.895788875861
    ));
#2969 = CARTESIAN_POINT('',(1.418990879127,0.119635764608,0.89564970276)
  );
#2970 = ORIENTED_EDGE('',*,*,#901,.F.);
#2971 = B_SPLINE_SURFACE_WITH_KNOTS('',3,1,(
    (#2972,#2973)
    ,(#2974,#2975)
    ,(#2976,#2977)
    ,(#2978,#2979
    )),.UNSPECIFIED.,.F.,.F.,.F.,(4,4),(2,2),(0.,1.),(0.,1.),
  .PIECEWISE_BEZIER_KNOTS.);
#2972 = CARTESIAN_POINT('',(1.420476042856,0.102744897258,0.892267510263
    ));
#2973 = CARTESIAN_POINT('',(1.419485774788,0.102744897258,0.892128337162
    ));
#2974 = CARTESIAN_POINT('',(1.420476042856,0.109513721293,0.892267510263
    ));
#2975 = CARTESIAN_POINT('',(1.419485774788,0.109513721293,0.892128337162
    ));
#2976 = CARTESIAN_POINT('',(1.420311077636,0.11514401041,0.893441298795)
  );
#2977 = CARTESIAN_POINT('',(1.419320809568,0.11514401041,0.893302125694)
  );
#2978 = CARTESIAN_POINT('',(1.419981147196,0.119635764608,0.895788875861
    ));
#2979 = CARTESIAN_POINT('',(1.418990879127,0.119635764608,0.89564970276)
  );
#2980 = ADVANCED_FACE('',(#2981),#2997,.F.);
#2981 = FACE_BOUND('',#2982,.T.);
#2982 = EDGE_LOOP('',(#2983,#2984,#2991,#2996));
#2983 = ORIENTED_EDGE('',*,*,#892,.T.);
#2984 = ORIENTED_EDGE('',*,*,#2985,.F.);
#2985 = EDGE_CURVE('',#2986,#895,#2988,.T.);
#2986 = VERTEX_POINT('',#2987);
#2987 = CARTESIAN_POINT('',(1.418930579215,0.119635764608,0.903264055464
    ));
#2988 = B_SPLINE_CURVE_WITH_KNOTS('',1,(#2989,#2990),.UNSPECIFIED.,.F.,
  .F.,(2,2),(-0.,1.E-03),.PIECEWISE_BEZIER_KNOTS.);
#2989 = CARTESIAN_POINT('',(1.418930579215,0.119635764608,0.903264055464
    ));
#2990 = CARTESIAN_POINT('',(1.417940311146,0.119635764608,0.903124882363
    ));
#2991 = ORIENTED_EDGE('',*,*,#2992,.F.);
#2992 = EDGE_CURVE('',#2958,#2986,#2993,.T.);
#2993 = B_SPLINE_CURVE_WITH_KNOTS('',1,(#2994,#2995),.UNSPECIFIED.,.F.,
  .F.,(2,2),(-7.548642472592E-03,0.),.PIECEWISE_BEZIER_KNOTS.);
#2994 = CARTESIAN_POINT('',(1.419981147196,0.119635764608,0.895788875861
    ));
#2995 = CARTESIAN_POINT('',(1.418930579215,0.119635764608,0.903264055464
    ));
#2996 = ORIENTED_EDGE('',*,*,#2966,.T.);
#2997 = B_SPLINE_SURFACE_WITH_KNOTS('',1,1,(
    (#2998,#2999)
    ,(#3000,#3001
    )),.UNSPECIFIED.,.F.,.F.,.F.,(2,2),(2,2),(0.,7.614352703914E-03),(
    -9.902680687417E-04,1.050567980949E-03),.PIECEWISE_BEZIER_KNOTS.);
#2998 = CARTESIAN_POINT('',(1.417940311146,0.119635764608,0.903264055464
    ));
#2999 = CARTESIAN_POINT('',(1.419981147196,0.119635764608,0.903264055464
    ));
#3000 = CARTESIAN_POINT('',(1.417940311146,0.119635764608,0.89564970276)
  );
#3001 = CARTESIAN_POINT('',(1.419981147196,0.119635764608,0.89564970276)
  );
#3002 = ADVANCED_FACE('',(#3003),#3021,.F.);
#3003 = FACE_BOUND('',#3004,.F.);
#3004 = EDGE_LOOP('',(#3005,#3006,#3015,#3020));
#3005 = ORIENTED_EDGE('',*,*,#2985,.F.);
#3006 = ORIENTED_EDGE('',*,*,#3007,.T.);
#3007 = EDGE_CURVE('',#2986,#3008,#3010,.T.);
#3008 = VERTEX_POINT('',#3009);
#3009 = CARTESIAN_POINT('',(1.419499275106,0.103883432176,0.899217573943
    ));
#3010 = B_SPLINE_CURVE_WITH_KNOTS('',3,(#3011,#3012,#3013,#3014),
  .UNSPECIFIED.,.F.,.F.,(4,4),(12.,13.),.PIECEWISE_BEZIER_KNOTS.);
#3011 = CARTESIAN_POINT('',(1.418930579215,0.119635764608,0.903264055464
    ));
#3012 = CARTESIAN_POINT('',(1.419308262745,0.115175203147,0.900576697507
    ));
#3013 = CARTESIAN_POINT('',(1.419499275106,0.10991922688,0.899217573943)
  );
#3014 = CARTESIAN_POINT('',(1.419499275106,0.103883432176,0.899217573943
    ));
#3015 = ORIENTED_EDGE('',*,*,#3016,.T.);
#3016 = EDGE_CURVE('',#3008,#999,#3017,.T.);
#3017 = B_SPLINE_CURVE_WITH_KNOTS('',1,(#3018,#3019),.UNSPECIFIED.,.F.,
  .F.,(2,2),(-0.,1.E-03),.PIECEWISE_BEZIER_KNOTS.);
#3018 = CARTESIAN_POINT('',(1.419499275106,0.103883432176,0.899217573943
    ));
#3019 = CARTESIAN_POINT('',(1.418509007037,0.103883432176,0.899078400842
    ));
#3020 = ORIENTED_EDGE('',*,*,#1007,.F.);
#3021 = B_SPLINE_SURFACE_WITH_KNOTS('',3,1,(
    (#3022,#3023)
    ,(#3024,#3025)
    ,(#3026,#3027)
    ,(#3028,#3029
    )),.UNSPECIFIED.,.F.,.F.,.F.,(4,4),(2,2),(12.,13.),(0.,1.),
  .PIECEWISE_BEZIER_KNOTS.);
#3022 = CARTESIAN_POINT('',(1.418930579215,0.119635764608,0.903264055464
    ));
#3023 = CARTESIAN_POINT('',(1.417940311146,0.119635764608,0.903124882363
    ));
#3024 = CARTESIAN_POINT('',(1.419308262745,0.115175203147,0.900576697507
    ));
#3025 = CARTESIAN_POINT('',(1.418317994677,0.115175203147,0.900437524406
    ));
#3026 = CARTESIAN_POINT('',(1.419499275106,0.10991922688,0.899217573943)
  );
#3027 = CARTESIAN_POINT('',(1.418509007037,0.10991922688,0.899078400842)
  );
#3028 = CARTESIAN_POINT('',(1.419499275106,0.103883432176,0.899217573943
    ));
#3029 = CARTESIAN_POINT('',(1.418509007037,0.103883432176,0.899078400842
    ));
#3030 = ADVANCED_FACE('',(#3031),#3049,.F.);
#3031 = FACE_BOUND('',#3032,.F.);
#3032 = EDGE_LOOP('',(#3033,#3034,#3043,#3048));
#3033 = ORIENTED_EDGE('',*,*,#3016,.F.);
#3034 = ORIENTED_EDGE('',*,*,#3035,.T.);
#3035 = EDGE_CURVE('',#3008,#3036,#3038,.T.);
#3036 = VERTEX_POINT('',#3037);
#3037 = CARTESIAN_POINT('',(1.418604989965,8.82090815876E-02,
    0.905580743357));
#3038 = B_SPLINE_CURVE_WITH_KNOTS('',3,(#3039,#3040,#3041,#3042),
  .UNSPECIFIED.,.F.,.F.,(4,4),(11.,12.),.PIECEWISE_BEZIER_KNOTS.);
#3039 = CARTESIAN_POINT('',(1.419499275106,0.103883432176,0.899217573943
    ));
#3040 = CARTESIAN_POINT('',(1.419499275106,9.742653551585E-02,
    0.899217573943));
#3041 = CARTESIAN_POINT('',(1.419199732995,9.220175198628E-02,
    0.901348926805));
#3042 = CARTESIAN_POINT('',(1.418604989965,8.82090815876E-02,
    0.905580743357));
#3043 = ORIENTED_EDGE('',*,*,#3044,.T.);
#3044 = EDGE_CURVE('',#3036,#990,#3045,.T.);
#3045 = B_SPLINE_CURVE_WITH_KNOTS('',1,(#3046,#3047),.UNSPECIFIED.,.F.,
  .F.,(2,2),(-0.,1.E-03),.PIECEWISE_BEZIER_KNOTS.);
#3046 = CARTESIAN_POINT('',(1.418604989965,8.82090815876E-02,
    0.905580743357));
#3047 = CARTESIAN_POINT('',(1.417614721896,8.82090815876E-02,
    0.905441570256));
#3048 = ORIENTED_EDGE('',*,*,#998,.F.);
#3049 = B_SPLINE_SURFACE_WITH_KNOTS('',3,1,(
    (#3050,#3051)
    ,(#3052,#3053)
    ,(#3054,#3055)
    ,(#3056,#3057
    )),.UNSPECIFIED.,.F.,.F.,.F.,(4,4),(2,2),(11.,12.),(0.,1.),
  .PIECEWISE_BEZIER_KNOTS.);
#3050 = CARTESIAN_POINT('',(1.419499275106,0.103883432176,0.899217573943
    ));
#3051 = CARTESIAN_POINT('',(1.418509007037,0.103883432176,0.899078400842
    ));
#3052 = CARTESIAN_POINT('',(1.419499275106,9.742653551585E-02,
    0.899217573943));
#3053 = CARTESIAN_POINT('',(1.418509007037,9.742653551585E-02,
    0.899078400842));
#3054 = CARTESIAN_POINT('',(1.419199732995,9.220175198628E-02,
    0.901348926805));
#3055 = CARTESIAN_POINT('',(1.418209464927,9.220175198628E-02,
    0.901209753704));
#3056 = CARTESIAN_POINT('',(1.418604989965,8.82090815876E-02,
    0.905580743357));
#3057 = CARTESIAN_POINT('',(1.417614721896,8.82090815876E-02,
    0.905441570256));
#3058 = ADVANCED_FACE('',(#3059),#3077,.F.);
#3059 = FACE_BOUND('',#3060,.F.);
#3060 = EDGE_LOOP('',(#3061,#3062,#3071,#3076));
#3061 = ORIENTED_EDGE('',*,*,#3044,.F.);
#3062 = ORIENTED_EDGE('',*,*,#3063,.T.);
#3063 = EDGE_CURVE('',#3036,#3064,#3066,.T.);
#3064 = VERTEX_POINT('',#3065);
#3065 = CARTESIAN_POINT('',(1.416182605943,8.222007598979E-02,
    0.922816901284));
#3066 = B_SPLINE_CURVE_WITH_KNOTS('',3,(#3067,#3068,#3069,#3070),
  .UNSPECIFIED.,.F.,.F.,(4,4),(10.,11.),.PIECEWISE_BEZIER_KNOTS.);
#3067 = CARTESIAN_POINT('',(1.418604989965,8.82090815876E-02,
    0.905580743357));
#3068 = CARTESIAN_POINT('',(1.418005905744,8.421641118892E-02,
    0.909843449081));
#3069 = CARTESIAN_POINT('',(1.417198444404,8.222007598979E-02,
    0.915588835057));
#3070 = CARTESIAN_POINT('',(1.416182605943,8.222007598979E-02,
    0.922816901284));
#3071 = ORIENTED_EDGE('',*,*,#3072,.T.);
#3072 = EDGE_CURVE('',#3064,#981,#3073,.T.);
#3073 = B_SPLINE_CURVE_WITH_KNOTS('',1,(#3074,#3075),.UNSPECIFIED.,.F.,
  .F.,(2,2),(-0.,1.E-03),.PIECEWISE_BEZIER_KNOTS.);
#3074 = CARTESIAN_POINT('',(1.416182605943,8.222007598979E-02,
    0.922816901284));
#3075 = CARTESIAN_POINT('',(1.415192337874,8.222007598979E-02,
    0.922677728183));
#3076 = ORIENTED_EDGE('',*,*,#989,.F.);
#3077 = B_SPLINE_SURFACE_WITH_KNOTS('',3,1,(
    (#3078,#3079)
    ,(#3080,#3081)
    ,(#3082,#3083)
    ,(#3084,#3085
    )),.UNSPECIFIED.,.F.,.F.,.F.,(4,4),(2,2),(10.,11.),(0.,1.),
  .PIECEWISE_BEZIER_KNOTS.);
#3078 = CARTESIAN_POINT('',(1.418604989965,8.82090815876E-02,
    0.905580743357));
#3079 = CARTESIAN_POINT('',(1.417614721896,8.82090815876E-02,
    0.905441570256));
#3080 = CARTESIAN_POINT('',(1.418005905744,8.421641118892E-02,
    0.909843449081));
#3081 = CARTESIAN_POINT('',(1.417015637676,8.421641118892E-02,
    0.90970427598));
#3082 = CARTESIAN_POINT('',(1.417198444404,8.222007598979E-02,
    0.915588835057));
#3083 = CARTESIAN_POINT('',(1.416208176335,8.222007598979E-02,
    0.915449661956));
#3084 = CARTESIAN_POINT('',(1.416182605943,8.222007598979E-02,
    0.922816901284));
#3085 = CARTESIAN_POINT('',(1.415192337874,8.222007598979E-02,
    0.922677728183));
#3086 = ADVANCED_FACE('',(#3087),#3105,.F.);
#3087 = FACE_BOUND('',#3088,.F.);
#3088 = EDGE_LOOP('',(#3089,#3090,#3099,#3104));
#3089 = ORIENTED_EDGE('',*,*,#3072,.F.);
#3090 = ORIENTED_EDGE('',*,*,#3091,.T.);
#3091 = EDGE_CURVE('',#3064,#3092,#3094,.T.);
#3092 = VERTEX_POINT('',#3093);
#3093 = CARTESIAN_POINT('',(1.41362998622,8.863018354385E-02,
    0.940979734369));
#3094 = B_SPLINE_CURVE_WITH_KNOTS('',3,(#3095,#3096,#3097,#3098),
  .UNSPECIFIED.,.F.,.F.,(4,4),(9.,10.),.PIECEWISE_BEZIER_KNOTS.);
#3095 = CARTESIAN_POINT('',(1.416182605943,8.222007598979E-02,
    0.922816901284));
#3096 = CARTESIAN_POINT('',(1.415114673202,8.222007598979E-02,
    0.930415637575));
#3097 = CARTESIAN_POINT('',(1.414263799961,8.435677850767E-02,
    0.936469915269));
#3098 = CARTESIAN_POINT('',(1.41362998622,8.863018354385E-02,
    0.940979734369));
#3099 = ORIENTED_EDGE('',*,*,#3100,.T.);
#3100 = EDGE_CURVE('',#3092,#972,#3101,.T.);
#3101 = B_SPLINE_CURVE_WITH_KNOTS('',1,(#3102,#3103),.UNSPECIFIED.,.F.,
  .F.,(2,2),(-0.,1.E-03),.PIECEWISE_BEZIER_KNOTS.);
#3102 = CARTESIAN_POINT('',(1.41362998622,8.863018354385E-02,
    0.940979734369));
#3103 = CARTESIAN_POINT('',(1.412639718152,8.863018354385E-02,
    0.940840561268));
#3104 = ORIENTED_EDGE('',*,*,#980,.F.);
#3105 = B_SPLINE_SURFACE_WITH_KNOTS('',3,1,(
    (#3106,#3107)
    ,(#3108,#3109)
    ,(#3110,#3111)
    ,(#3112,#3113
    )),.UNSPECIFIED.,.F.,.F.,.F.,(4,4),(2,2),(9.,10.),(0.,1.),
  .PIECEWISE_BEZIER_KNOTS.);
#3106 = CARTESIAN_POINT('',(1.416182605943,8.222007598979E-02,
    0.922816901284));
#3107 = CARTESIAN_POINT('',(1.415192337874,8.222007598979E-02,
    0.922677728183));
#3108 = CARTESIAN_POINT('',(1.415114673202,8.222007598979E-02,
    0.930415637575));
#3109 = CARTESIAN_POINT('',(1.414124405133,8.222007598979E-02,
    0.930276464474));
#3110 = CARTESIAN_POINT('',(1.414263799961,8.435677850767E-02,
    0.936469915269));
#3111 = CARTESIAN_POINT('',(1.413273531892,8.435677850767E-02,
    0.936330742168));
#3112 = CARTESIAN_POINT('',(1.41362998622,8.863018354385E-02,
    0.940979734369));
#3113 = CARTESIAN_POINT('',(1.412639718152,8.863018354385E-02,
    0.940840561268));
#3114 = ADVANCED_FACE('',(#3115),#3133,.F.);
#3115 = FACE_BOUND('',#3116,.F.);
#3116 = EDGE_LOOP('',(#3117,#3118,#3127,#3132));
#3117 = ORIENTED_EDGE('',*,*,#3100,.F.);
#3118 = ORIENTED_EDGE('',*,*,#3119,.T.);
#3119 = EDGE_CURVE('',#3092,#3120,#3122,.T.);
#3120 = VERTEX_POINT('',#3121);
#3121 = CARTESIAN_POINT('',(1.41268794799,0.105255912626,0.947682684674)
  );
#3122 = B_SPLINE_CURVE_WITH_KNOTS('',3,(#3123,#3124,#3125,#3126),
  .UNSPECIFIED.,.F.,.F.,(4,4),(8.,9.),.PIECEWISE_BEZIER_KNOTS.);
#3123 = CARTESIAN_POINT('',(1.41362998622,8.863018354385E-02,
    0.940979734369));
#3124 = CARTESIAN_POINT('',(1.41300051367,9.291918494856E-02,
    0.945458664296));
#3125 = CARTESIAN_POINT('',(1.41268794799,9.845589585308E-02,
    0.947682684674));
#3126 = CARTESIAN_POINT('',(1.41268794799,0.105255912626,0.947682684674)
  );
#3127 = ORIENTED_EDGE('',*,*,#3128,.T.);
#3128 = EDGE_CURVE('',#3120,#963,#3129,.T.);
#3129 = B_SPLINE_CURVE_WITH_KNOTS('',1,(#3130,#3131),.UNSPECIFIED.,.F.,
  .F.,(2,2),(-0.,9.999999999999E-04),.PIECEWISE_BEZIER_KNOTS.);
#3130 = CARTESIAN_POINT('',(1.41268794799,0.105255912626,0.947682684674)
  );
#3131 = CARTESIAN_POINT('',(1.411697679921,0.105255912626,0.947543511573
    ));
#3132 = ORIENTED_EDGE('',*,*,#971,.F.);
#3133 = B_SPLINE_SURFACE_WITH_KNOTS('',3,1,(
    (#3134,#3135)
    ,(#3136,#3137)
    ,(#3138,#3139)
    ,(#3140,#3141
    )),.UNSPECIFIED.,.F.,.F.,.F.,(4,4),(2,2),(8.,9.),(0.,1.),
  .PIECEWISE_BEZIER_KNOTS.);
#3134 = CARTESIAN_POINT('',(1.41362998622,8.863018354385E-02,
    0.940979734369));
#3135 = CARTESIAN_POINT('',(1.412639718152,8.863018354385E-02,
    0.940840561268));
#3136 = CARTESIAN_POINT('',(1.41300051367,9.291918494856E-02,
    0.945458664296));
#3137 = CARTESIAN_POINT('',(1.412010245601,9.291918494856E-02,
    0.945319491195));
#3138 = CARTESIAN_POINT('',(1.41268794799,9.845589585308E-02,
    0.947682684674));
#3139 = CARTESIAN_POINT('',(1.411697679921,9.845589585308E-02,
    0.947543511573));
#3140 = CARTESIAN_POINT('',(1.41268794799,0.105255912626,0.947682684674)
  );
#3141 = CARTESIAN_POINT('',(1.411697679921,0.105255912626,0.947543511573
    ));
#3142 = ADVANCED_FACE('',(#3143),#3161,.F.);
#3143 = FACE_BOUND('',#3144,.F.);
#3144 = EDGE_LOOP('',(#3145,#3146,#3155,#3160));
#3145 = ORIENTED_EDGE('',*,*,#3128,.F.);
#3146 = ORIENTED_EDGE('',*,*,#3147,.T.);
#3147 = EDGE_CURVE('',#3120,#3148,#3150,.T.);
#3148 = VERTEX_POINT('',#3149);
#3149 = CARTESIAN_POINT('',(1.41319152603,0.119635764608,0.944099540732)
  );
#3150 = B_SPLINE_CURVE_WITH_KNOTS('',3,(#3151,#3152,#3153,#3154),
  .UNSPECIFIED.,.F.,.F.,(4,4),(7.,8.),.PIECEWISE_BEZIER_KNOTS.);
#3151 = CARTESIAN_POINT('',(1.41268794799,0.105255912626,0.947682684674)
  );
#3152 = CARTESIAN_POINT('',(1.41268794799,0.110480696155,0.947682684674)
  );
#3153 = CARTESIAN_POINT('',(1.41285291321,0.11526878136,0.946508896141)
  );
#3154 = CARTESIAN_POINT('',(1.41319152603,0.119635764608,0.944099540732)
  );
#3155 = ORIENTED_EDGE('',*,*,#3156,.T.);
#3156 = EDGE_CURVE('',#3148,#956,#3157,.T.);
#3157 = B_SPLINE_CURVE_WITH_KNOTS('',1,(#3158,#3159),.UNSPECIFIED.,.F.,
  .F.,(2,2),(-0.,1.E-03),.PIECEWISE_BEZIER_KNOTS.);
#3158 = CARTESIAN_POINT('',(1.41319152603,0.119635764608,0.944099540732)
  );
#3159 = CARTESIAN_POINT('',(1.412201257961,0.119635764608,0.943960367631
    ));
#3160 = ORIENTED_EDGE('',*,*,#962,.F.);
#3161 = B_SPLINE_SURFACE_WITH_KNOTS('',3,1,(
    (#3162,#3163)
    ,(#3164,#3165)
    ,(#3166,#3167)
    ,(#3168,#3169
    )),.UNSPECIFIED.,.F.,.F.,.F.,(4,4),(2,2),(7.,8.),(0.,1.),
  .PIECEWISE_BEZIER_KNOTS.);
#3162 = CARTESIAN_POINT('',(1.41268794799,0.105255912626,0.947682684674)
  );
#3163 = CARTESIAN_POINT('',(1.411697679921,0.105255912626,0.947543511573
    ));
#3164 = CARTESIAN_POINT('',(1.41268794799,0.110480696155,0.947682684674)
  );
#3165 = CARTESIAN_POINT('',(1.411697679921,0.110480696155,0.947543511573
    ));
#3166 = CARTESIAN_POINT('',(1.41285291321,0.11526878136,0.946508896141)
  );
#3167 = CARTESIAN_POINT('',(1.411862645141,0.11526878136,0.94636972304)
  );
#3168 = CARTESIAN_POINT('',(1.41319152603,0.119635764608,0.944099540732)
  );
#3169 = CARTESIAN_POINT('',(1.412201257961,0.119635764608,0.943960367631
    ));
#3170 = ADVANCED_FACE('',(#3171),#3187,.F.);
#3171 = FACE_BOUND('',#3172,.T.);
#3172 = EDGE_LOOP('',(#3173,#3174,#3181,#3186));
#3173 = ORIENTED_EDGE('',*,*,#955,.T.);
#3174 = ORIENTED_EDGE('',*,*,#3175,.F.);
#3175 = EDGE_CURVE('',#3176,#947,#3178,.T.);
#3176 = VERTEX_POINT('',#3177);
#3177 = CARTESIAN_POINT('',(1.412045451869,0.119635764608,0.952254282117
    ));
#3178 = B_SPLINE_CURVE_WITH_KNOTS('',1,(#3179,#3180),.UNSPECIFIED.,.F.,
  .F.,(2,2),(-0.,1.E-03),.PIECEWISE_BEZIER_KNOTS.);
#3179 = CARTESIAN_POINT('',(1.412045451869,0.119635764608,0.952254282117
    ));
#3180 = CARTESIAN_POINT('',(1.4110551838,0.119635764608,0.952115109016)
  );
#3181 = ORIENTED_EDGE('',*,*,#3182,.F.);
#3182 = EDGE_CURVE('',#3148,#3176,#3183,.T.);
#3183 = B_SPLINE_CURVE_WITH_KNOTS('',1,(#3184,#3185),.UNSPECIFIED.,.F.,
  .F.,(2,2),(-8.234882696995E-03,0.),.PIECEWISE_BEZIER_KNOTS.);
#3184 = CARTESIAN_POINT('',(1.41319152603,0.119635764608,0.944099540732)
  );
#3185 = CARTESIAN_POINT('',(1.412045451869,0.119635764608,0.952254282117
    ));
#3186 = ORIENTED_EDGE('',*,*,#3156,.T.);
#3187 = B_SPLINE_SURFACE_WITH_KNOTS('',1,1,(
    (#3188,#3189)
    ,(#3190,#3191
    )),.UNSPECIFIED.,.F.,.F.,.F.,(2,2),(2,2),(0.,8.293914485627E-03),(
    -9.902680687417E-04,1.146074160983E-03),.PIECEWISE_BEZIER_KNOTS.);
#3188 = CARTESIAN_POINT('',(1.4110551838,0.119635764608,0.952254282117)
  );
#3189 = CARTESIAN_POINT('',(1.41319152603,0.119635764608,0.952254282117)
  );
#3190 = CARTESIAN_POINT('',(1.4110551838,0.119635764608,0.943960367631)
  );
#3191 = CARTESIAN_POINT('',(1.41319152603,0.119635764608,0.943960367631)
  );
#3192 = ADVANCED_FACE('',(#3193),#3211,.F.);
#3193 = FACE_BOUND('',#3194,.F.);
#3194 = EDGE_LOOP('',(#3195,#3196,#3205,#3210));
#3195 = ORIENTED_EDGE('',*,*,#3175,.F.);
#3196 = ORIENTED_EDGE('',*,*,#3197,.T.);
#3197 = EDGE_CURVE('',#3176,#3198,#3200,.T.);
#3198 = VERTEX_POINT('',#3199);
#3199 = CARTESIAN_POINT('',(1.411698156669,0.105177930782,0.95472541587)
  );
#3200 = B_SPLINE_CURVE_WITH_KNOTS('',3,(#3201,#3202,#3203,#3204),
  .UNSPECIFIED.,.F.,.F.,(4,4),(5.,6.),.PIECEWISE_BEZIER_KNOTS.);
#3201 = CARTESIAN_POINT('',(1.412045451869,0.119635764608,0.952254282117
    ));
#3202 = CARTESIAN_POINT('',(1.411815368799,0.115830250635,0.953891408228
    ));
#3203 = CARTESIAN_POINT('',(1.411698156669,0.111010972692,0.95472541587)
  );
#3204 = CARTESIAN_POINT('',(1.411698156669,0.105177930782,0.95472541587)
  );
#3205 = ORIENTED_EDGE('',*,*,#3206,.T.);
#3206 = EDGE_CURVE('',#3198,#938,#3207,.T.);
#3207 = B_SPLINE_CURVE_WITH_KNOTS('',1,(#3208,#3209),.UNSPECIFIED.,.F.,
  .F.,(2,2),(-0.,1.E-03),.PIECEWISE_BEZIER_KNOTS.);
#3208 = CARTESIAN_POINT('',(1.411698156669,0.105177930782,0.95472541587)
  );
#3209 = CARTESIAN_POINT('',(1.4107078886,0.105177930782,0.954586242769)
  );
#3210 = ORIENTED_EDGE('',*,*,#946,.F.);
#3211 = B_SPLINE_SURFACE_WITH_KNOTS('',3,1,(
    (#3212,#3213)
    ,(#3214,#3215)
    ,(#3216,#3217)
    ,(#3218,#3219
    )),.UNSPECIFIED.,.F.,.F.,.F.,(4,4),(2,2),(5.,6.),(0.,1.),
  .PIECEWISE_BEZIER_KNOTS.);
#3212 = CARTESIAN_POINT('',(1.412045451869,0.119635764608,0.952254282117
    ));
#3213 = CARTESIAN_POINT('',(1.4110551838,0.119635764608,0.952115109016)
  );
#3214 = CARTESIAN_POINT('',(1.411815368799,0.115830250635,0.953891408228
    ));
#3215 = CARTESIAN_POINT('',(1.41082510073,0.115830250635,0.953752235127)
  );
#3216 = CARTESIAN_POINT('',(1.411698156669,0.111010972692,0.95472541587)
  );
#3217 = CARTESIAN_POINT('',(1.4107078886,0.111010972692,0.954586242769)
  );
#3218 = CARTESIAN_POINT('',(1.411698156669,0.105177930782,0.95472541587)
  );
#3219 = CARTESIAN_POINT('',(1.4107078886,0.105177930782,0.954586242769)
  );
#3220 = ADVANCED_FACE('',(#3221),#3239,.F.);
#3221 = FACE_BOUND('',#3222,.F.);
#3222 = EDGE_LOOP('',(#3223,#3224,#3233,#3238));
#3223 = ORIENTED_EDGE('',*,*,#3206,.F.);
#3224 = ORIENTED_EDGE('',*,*,#3225,.T.);
#3225 = EDGE_CURVE('',#3198,#3226,#3228,.T.);
#3226 = VERTEX_POINT('',#3227);
#3227 = CARTESIAN_POINT('',(1.41294841939,8.276594889564E-02,
    0.945829334359));
#3228 = B_SPLINE_CURVE_WITH_KNOTS('',3,(#3229,#3230,#3231,#3232),
  .UNSPECIFIED.,.F.,.F.,(4,4),(4.,5.),.PIECEWISE_BEZIER_KNOTS.);
#3229 = CARTESIAN_POINT('',(1.411698156669,0.105177930782,0.95472541587)
  );
#3230 = CARTESIAN_POINT('',(1.411698156669,9.611644054133E-02,
    0.95472541587));
#3231 = CARTESIAN_POINT('',(1.412114910909,8.864577991258E-02,
    0.951760055366));
#3232 = CARTESIAN_POINT('',(1.41294841939,8.276594889564E-02,
    0.945829334359));
#3233 = ORIENTED_EDGE('',*,*,#3234,.T.);
#3234 = EDGE_CURVE('',#3226,#929,#3235,.T.);
#3235 = B_SPLINE_CURVE_WITH_KNOTS('',1,(#3236,#3237),.UNSPECIFIED.,.F.,
  .F.,(2,2),(-0.,1.E-03),.PIECEWISE_BEZIER_KNOTS.);
#3236 = CARTESIAN_POINT('',(1.41294841939,8.276594889564E-02,
    0.945829334359));
#3237 = CARTESIAN_POINT('',(1.411958151321,8.276594889564E-02,
    0.945690161258));
#3238 = ORIENTED_EDGE('',*,*,#937,.F.);
#3239 = B_SPLINE_SURFACE_WITH_KNOTS('',3,1,(
    (#3240,#3241)
    ,(#3242,#3243)
    ,(#3244,#3245)
    ,(#3246,#3247
    )),.UNSPECIFIED.,.F.,.F.,.F.,(4,4),(2,2),(4.,5.),(0.,1.),
  .PIECEWISE_BEZIER_KNOTS.);
#3240 = CARTESIAN_POINT('',(1.411698156669,0.105177930782,0.95472541587)
  );
#3241 = CARTESIAN_POINT('',(1.4107078886,0.105177930782,0.954586242769)
  );
#3242 = CARTESIAN_POINT('',(1.411698156669,9.611644054133E-02,
    0.95472541587));
#3243 = CARTESIAN_POINT('',(1.4107078886,9.611644054133E-02,
    0.954586242769));
#3244 = CARTESIAN_POINT('',(1.412114910909,8.864577991258E-02,
    0.951760055366));
#3245 = CARTESIAN_POINT('',(1.41112464284,8.864577991258E-02,
    0.951620882265));
#3246 = CARTESIAN_POINT('',(1.41294841939,8.276594889564E-02,
    0.945829334359));
#3247 = CARTESIAN_POINT('',(1.411958151321,8.276594889564E-02,
    0.945690161258));
#3248 = ADVANCED_FACE('',(#3249),#3267,.F.);
#3249 = FACE_BOUND('',#3250,.F.);
#3250 = EDGE_LOOP('',(#3251,#3252,#3261,#3266));
#3251 = ORIENTED_EDGE('',*,*,#3234,.F.);
#3252 = ORIENTED_EDGE('',*,*,#3253,.T.);
#3253 = EDGE_CURVE('',#3226,#3254,#3256,.T.);
#3254 = VERTEX_POINT('',#3255);
#3255 = CARTESIAN_POINT('',(1.416247723793,7.395400055492E-02,
    0.922353563705));
#3256 = B_SPLINE_CURVE_WITH_KNOTS('',3,(#3257,#3258,#3259,#3260),
  .UNSPECIFIED.,.F.,.F.,(4,4),(3.,4.),.PIECEWISE_BEZIER_KNOTS.);
#3257 = CARTESIAN_POINT('',(1.41294841939,8.276594889564E-02,
    0.945829334359));
#3258 = CARTESIAN_POINT('',(1.413781927871,7.688611787892E-02,
    0.939898613352));
#3259 = CARTESIAN_POINT('',(1.414880248942,7.395400055492E-02,
    0.932083652858));
#3260 = CARTESIAN_POINT('',(1.416247723793,7.395400055492E-02,
    0.922353563705));
#3261 = ORIENTED_EDGE('',*,*,#3262,.T.);
#3262 = EDGE_CURVE('',#3254,#920,#3263,.T.);
#3263 = B_SPLINE_CURVE_WITH_KNOTS('',1,(#3264,#3265),.UNSPECIFIED.,.F.,
  .F.,(2,2),(-0.,1.E-03),.PIECEWISE_BEZIER_KNOTS.);
#3264 = CARTESIAN_POINT('',(1.416247723793,7.395400055492E-02,
    0.922353563705));
#3265 = CARTESIAN_POINT('',(1.415257455724,7.395400055492E-02,
    0.922214390604));
#3266 = ORIENTED_EDGE('',*,*,#928,.F.);
#3267 = B_SPLINE_SURFACE_WITH_KNOTS('',3,1,(
    (#3268,#3269)
    ,(#3270,#3271)
    ,(#3272,#3273)
    ,(#3274,#3275
    )),.UNSPECIFIED.,.F.,.F.,.F.,(4,4),(2,2),(3.,4.),(0.,1.),
  .PIECEWISE_BEZIER_KNOTS.);
#3268 = CARTESIAN_POINT('',(1.41294841939,8.276594889564E-02,
    0.945829334359));
#3269 = CARTESIAN_POINT('',(1.411958151321,8.276594889564E-02,
    0.945690161258));
#3270 = CARTESIAN_POINT('',(1.413781927871,7.688611787892E-02,
    0.939898613352));
#3271 = CARTESIAN_POINT('',(1.412791659802,7.688611787892E-02,
    0.939759440251));
#3272 = CARTESIAN_POINT('',(1.414880248942,7.395400055492E-02,
    0.932083652858));
#3273 = CARTESIAN_POINT('',(1.413889980873,7.395400055492E-02,
    0.931944479757));
#3274 = CARTESIAN_POINT('',(1.416247723793,7.395400055492E-02,
    0.922353563705));
#3275 = CARTESIAN_POINT('',(1.415257455724,7.395400055492E-02,
    0.922214390604));
#3276 = ADVANCED_FACE('',(#3277),#3295,.F.);
#3277 = FACE_BOUND('',#3278,.F.);
#3278 = EDGE_LOOP('',(#3279,#3280,#3289,#3294));
#3279 = ORIENTED_EDGE('',*,*,#3262,.F.);
#3280 = ORIENTED_EDGE('',*,*,#3281,.T.);
#3281 = EDGE_CURVE('',#3254,#3282,#3284,.T.);
#3282 = VERTEX_POINT('',#3283);
#3283 = CARTESIAN_POINT('',(1.419316945125,8.178337766481E-02,
    0.900514919163));
#3284 = B_SPLINE_CURVE_WITH_KNOTS('',3,(#3285,#3286,#3287,#3288),
  .UNSPECIFIED.,.F.,.F.,(4,4),(2.,3.),.PIECEWISE_BEZIER_KNOTS.);
#3285 = CARTESIAN_POINT('',(1.416247723793,7.395400055492E-02,
    0.922353563705));
#3286 = CARTESIAN_POINT('',(1.417519692464,7.395400055492E-02,
    0.913303036335));
#3287 = CARTESIAN_POINT('',(1.418544213305,7.655859413524E-02,
    0.906013191764));
#3288 = CARTESIAN_POINT('',(1.419316945125,8.178337766481E-02,
    0.900514919163));
#3289 = ORIENTED_EDGE('',*,*,#3290,.T.);
#3290 = EDGE_CURVE('',#3282,#911,#3291,.T.);
#3291 = B_SPLINE_CURVE_WITH_KNOTS('',1,(#3292,#3293),.UNSPECIFIED.,.F.,
  .F.,(2,2),(-0.,9.999999999999E-04),.PIECEWISE_BEZIER_KNOTS.);
#3292 = CARTESIAN_POINT('',(1.419316945125,8.178337766481E-02,
    0.900514919163));
#3293 = CARTESIAN_POINT('',(1.418326677057,8.178337766481E-02,
    0.900375746062));
#3294 = ORIENTED_EDGE('',*,*,#919,.F.);
#3295 = B_SPLINE_SURFACE_WITH_KNOTS('',3,1,(
    (#3296,#3297)
    ,(#3298,#3299)
    ,(#3300,#3301)
    ,(#3302,#3303
    )),.UNSPECIFIED.,.F.,.F.,.F.,(4,4),(2,2),(2.,3.),(0.,1.),
  .PIECEWISE_BEZIER_KNOTS.);
#3296 = CARTESIAN_POINT('',(1.416247723793,7.395400055492E-02,
    0.922353563705));
#3297 = CARTESIAN_POINT('',(1.415257455724,7.395400055492E-02,
    0.922214390604));
#3298 = CARTESIAN_POINT('',(1.417519692464,7.395400055492E-02,
    0.913303036335));
#3299 = CARTESIAN_POINT('',(1.416529424395,7.395400055492E-02,
    0.913163863234));
#3300 = CARTESIAN_POINT('',(1.418544213305,7.655859413524E-02,
    0.906013191764));
#3301 = CARTESIAN_POINT('',(1.417553945236,7.655859413524E-02,
    0.905874018663));
#3302 = CARTESIAN_POINT('',(1.419316945125,8.178337766481E-02,
    0.900514919163));
#3303 = CARTESIAN_POINT('',(1.418326677057,8.178337766481E-02,
    0.900375746062));
#3304 = ADVANCED_FACE('',(#3305),#3317,.F.);
#3305 = FACE_BOUND('',#3306,.F.);
#3306 = EDGE_LOOP('',(#3307,#3308,#3315,#3316));
#3307 = ORIENTED_EDGE('',*,*,#3290,.F.);
#3308 = ORIENTED_EDGE('',*,*,#3309,.T.);
#3309 = EDGE_CURVE('',#3282,#2951,#3310,.T.);
#3310 = B_SPLINE_CURVE_WITH_KNOTS('',3,(#3311,#3312,#3313,#3314),
  .UNSPECIFIED.,.F.,.F.,(4,4),(1.,2.),.PIECEWISE_BEZIER_KNOTS.);
#3311 = CARTESIAN_POINT('',(1.419316945125,8.178337766481E-02,
    0.900514919163));
#3312 = CARTESIAN_POINT('',(1.420089676946,8.700816119437E-02,
    0.895016646563));
#3313 = CARTESIAN_POINT('',(1.420476042856,9.399533439196E-02,
    0.892267510263));
#3314 = CARTESIAN_POINT('',(1.420476042856,0.102744897258,0.892267510263
    ));
#3315 = ORIENTED_EDGE('',*,*,#2950,.T.);
#3316 = ORIENTED_EDGE('',*,*,#910,.F.);
#3317 = B_SPLINE_SURFACE_WITH_KNOTS('',3,1,(
    (#3318,#3319)
    ,(#3320,#3321)
    ,(#3322,#3323)
    ,(#3324,#3325
    )),.UNSPECIFIED.,.F.,.F.,.F.,(4,4),(2,2),(1.,2.),(0.,1.),
  .PIECEWISE_BEZIER_KNOTS.);
#3318 = CARTESIAN_POINT('',(1.419316945125,8.178337766481E-02,
    0.900514919163));
#3319 = CARTESIAN_POINT('',(1.418326677057,8.178337766481E-02,
    0.900375746062));
#3320 = CARTESIAN_POINT('',(1.420089676946,8.700816119437E-02,
    0.895016646563));
#3321 = CARTESIAN_POINT('',(1.419099408877,8.700816119437E-02,
    0.894877473462));
#3322 = CARTESIAN_POINT('',(1.420476042856,9.399533439196E-02,
    0.892267510263));
#3323 = CARTESIAN_POINT('',(1.419485774788,9.399533439196E-02,
    0.892128337162));
#3324 = CARTESIAN_POINT('',(1.420476042856,0.102744897258,0.892267510263
    ));
#3325 = CARTESIAN_POINT('',(1.419485774788,0.102744897258,0.892128337162
    ));
#3326 = ADVANCED_FACE('',(#3327),#3343,.T.);
#3327 = FACE_BOUND('',#3328,.T.);
#3328 = EDGE_LOOP('',(#3329,#3330,#3331,#3332,#3333,#3334,#3335,#3336,
    #3337,#3338,#3339,#3340,#3341,#3342));
#3329 = ORIENTED_EDGE('',*,*,#2957,.T.);
#3330 = ORIENTED_EDGE('',*,*,#2992,.T.);
#3331 = ORIENTED_EDGE('',*,*,#3007,.T.);
#3332 = ORIENTED_EDGE('',*,*,#3035,.T.);
#3333 = ORIENTED_EDGE('',*,*,#3063,.T.);
#3334 = ORIENTED_EDGE('',*,*,#3091,.T.);
#3335 = ORIENTED_EDGE('',*,*,#3119,.T.);
#3336 = ORIENTED_EDGE('',*,*,#3147,.T.);
#3337 = ORIENTED_EDGE('',*,*,#3182,.T.);
#3338 = ORIENTED_EDGE('',*,*,#3197,.T.);
#3339 = ORIENTED_EDGE('',*,*,#3225,.T.);
#3340 = ORIENTED_EDGE('',*,*,#3253,.T.);
#3341 = ORIENTED_EDGE('',*,*,#3281,.T.);
#3342 = ORIENTED_EDGE('',*,*,#3309,.T.);
#3343 = B_SPLINE_SURFACE_WITH_KNOTS('',1,1,(
    (#3344,#3345)
    ,(#3346,#3347
    )),.UNSPECIFIED.,.F.,.F.,.F.,(2,2),(2,2),(-6.218272218543E-02,
    8.889930184258E-04),(-3.809023156693E-02,7.591532486591E-03),
  .PIECEWISE_BEZIER_KNOTS.);
#3344 = CARTESIAN_POINT('',(1.411698156669,7.395400055492E-02,
    0.95472541587));
#3345 = CARTESIAN_POINT('',(1.411698156669,0.119635764608,0.95472541587)
  );
#3346 = CARTESIAN_POINT('',(1.420476042856,7.395400055492E-02,
    0.892267510263));
#3347 = CARTESIAN_POINT('',(1.420476042856,0.119635764608,0.892267510263
    ));
#3348 = ADVANCED_FACE('',(#3349),#3371,.F.);
#3349 = FACE_BOUND('',#3350,.T.);
#3350 = EDGE_LOOP('',(#3351,#3352,#3359,#3366));
#3351 = ORIENTED_EDGE('',*,*,#1025,.T.);
#3352 = ORIENTED_EDGE('',*,*,#3353,.F.);
#3353 = EDGE_CURVE('',#3354,#1017,#3356,.T.);
#3354 = VERTEX_POINT('',#3355);
#3355 = CARTESIAN_POINT('',(1.419364698215,0.164662481174,0.900175138272
    ));
#3356 = B_SPLINE_CURVE_WITH_KNOTS('',1,(#3357,#3358),.UNSPECIFIED.,.F.,
  .F.,(2,2),(-0.,1.E-03),.PIECEWISE_BEZIER_KNOTS.);
#3357 = CARTESIAN_POINT('',(1.419364698215,0.164662481174,0.900175138272
    ));
#3358 = CARTESIAN_POINT('',(1.418374430147,0.164662481174,0.900035965171
    ));
#3359 = ORIENTED_EDGE('',*,*,#3360,.F.);
#3360 = EDGE_CURVE('',#3361,#3354,#3363,.T.);
#3361 = VERTEX_POINT('',#3362);
#3362 = CARTESIAN_POINT('',(1.420332783586,0.164662481174,0.893286852936
    ));
#3363 = B_SPLINE_CURVE_WITH_KNOTS('',1,(#3364,#3365),.UNSPECIFIED.,.F.,
  .F.,(2,2),(-6.955980460135E-03,0.),.PIECEWISE_BEZIER_KNOTS.);
#3364 = CARTESIAN_POINT('',(1.420332783586,0.164662481174,0.893286852936
    ));
#3365 = CARTESIAN_POINT('',(1.419364698215,0.164662481174,0.900175138272
    ));
#3366 = ORIENTED_EDGE('',*,*,#3367,.T.);
#3367 = EDGE_CURVE('',#3361,#1026,#3368,.T.);
#3368 = B_SPLINE_CURVE_WITH_KNOTS('',1,(#3369,#3370),.UNSPECIFIED.,.F.,
  .F.,(2,2),(-0.,1.E-03),.PIECEWISE_BEZIER_KNOTS.);
#3369 = CARTESIAN_POINT('',(1.420332783586,0.164662481174,0.893286852936
    ));
#3370 = CARTESIAN_POINT('',(1.419342515518,0.164662481174,0.893147679835
    ));
#3371 = B_SPLINE_SURFACE_WITH_KNOTS('',1,1,(
    (#3372,#3373)
    ,(#3374,#3375
    )),.UNSPECIFIED.,.F.,.F.,.F.,(2,2),(2,2),(0.,7.027458437422E-03),(
    -9.902680687417E-04,9.680853708545E-04),.PIECEWISE_BEZIER_KNOTS.);
#3372 = CARTESIAN_POINT('',(1.418374430147,0.164662481174,0.900175138272
    ));
#3373 = CARTESIAN_POINT('',(1.420332783586,0.164662481174,0.900175138272
    ));
#3374 = CARTESIAN_POINT('',(1.418374430147,0.164662481174,0.893147679835
    ));
#3375 = CARTESIAN_POINT('',(1.420332783586,0.164662481174,0.893147679835
    ));
#3376 = ADVANCED_FACE('',(#3377),#3393,.F.);
#3377 = FACE_BOUND('',#3378,.T.);
#3378 = EDGE_LOOP('',(#3379,#3380,#3387,#3392));
#3379 = ORIENTED_EDGE('',*,*,#1016,.T.);
#3380 = ORIENTED_EDGE('',*,*,#3381,.F.);
#3381 = EDGE_CURVE('',#3382,#1019,#3384,.T.);
#3382 = VERTEX_POINT('',#3383);
#3383 = CARTESIAN_POINT('',(1.419364698215,0.139723887552,0.900175138272
    ));
#3384 = B_SPLINE_CURVE_WITH_KNOTS('',1,(#3385,#3386),.UNSPECIFIED.,.F.,
  .F.,(2,2),(-0.,1.E-03),.PIECEWISE_BEZIER_KNOTS.);
#3385 = CARTESIAN_POINT('',(1.419364698215,0.139723887552,0.900175138272
    ));
#3386 = CARTESIAN_POINT('',(1.418374430147,0.139723887552,0.900035965171
    ));
#3387 = ORIENTED_EDGE('',*,*,#3388,.F.);
#3388 = EDGE_CURVE('',#3354,#3382,#3389,.T.);
#3389 = B_SPLINE_CURVE_WITH_KNOTS('',1,(#3390,#3391),.UNSPECIFIED.,.F.,
  .F.,(2,2),(-2.493859362272E-02,-0.),.PIECEWISE_BEZIER_KNOTS.);
#3390 = CARTESIAN_POINT('',(1.419364698215,0.164662481174,0.900175138272
    ));
#3391 = CARTESIAN_POINT('',(1.419364698215,0.139723887552,0.900175138272
    ));
#3392 = ORIENTED_EDGE('',*,*,#3353,.T.);
#3393 = B_SPLINE_SURFACE_WITH_KNOTS('',1,1,(
    (#3394,#3395)
    ,(#3396,#3397
    )),.UNSPECIFIED.,.F.,.F.,.F.,(2,2),(2,2),(-1.545131810943E-17,1.E-03
    ),(-1.775278776986E-31,2.493859362272E-02),
  .PIECEWISE_BEZIER_KNOTS.);
#3394 = CARTESIAN_POINT('',(1.419364698215,0.139723887552,0.900175138272
    ));
#3395 = CARTESIAN_POINT('',(1.419364698215,0.164662481174,0.900175138272
    ));
#3396 = CARTESIAN_POINT('',(1.418374430147,0.139723887552,0.900035965171
    ));
#3397 = CARTESIAN_POINT('',(1.418374430147,0.164662481174,0.900035965171
    ));
#3398 = ADVANCED_FACE('',(#3399),#3415,.F.);
#3399 = FACE_BOUND('',#3400,.T.);
#3400 = EDGE_LOOP('',(#3401,#3402,#3409,#3414));
#3401 = ORIENTED_EDGE('',*,*,#1095,.T.);
#3402 = ORIENTED_EDGE('',*,*,#3403,.F.);
#3403 = EDGE_CURVE('',#3404,#1089,#3406,.T.);
#3404 = VERTEX_POINT('',#3405);
#3405 = CARTESIAN_POINT('',(1.416508195193,0.139723887552,0.920500213391
    ));
#3406 = B_SPLINE_CURVE_WITH_KNOTS('',1,(#3407,#3408),.UNSPECIFIED.,.F.,
  .F.,(2,2),(-0.,1.E-03),.PIECEWISE_BEZIER_KNOTS.);
#3407 = CARTESIAN_POINT('',(1.416508195193,0.139723887552,0.920500213391
    ));
#3408 = CARTESIAN_POINT('',(1.415517927124,0.139723887552,0.92036104029)
  );
#3409 = ORIENTED_EDGE('',*,*,#3410,.F.);
#3410 = EDGE_CURVE('',#3382,#3404,#3411,.T.);
#3411 = B_SPLINE_CURVE_WITH_KNOTS('',1,(#3412,#3413),.UNSPECIFIED.,.F.,
  .F.,(2,2),(-2.0524821268E-02,0.),.PIECEWISE_BEZIER_KNOTS.);
#3412 = CARTESIAN_POINT('',(1.419364698215,0.139723887552,0.900175138272
    ));
#3413 = CARTESIAN_POINT('',(1.416508195193,0.139723887552,0.920500213391
    ));
#3414 = ORIENTED_EDGE('',*,*,#3381,.T.);
#3415 = B_SPLINE_SURFACE_WITH_KNOTS('',1,1,(
    (#3416,#3417)
    ,(#3418,#3419
    )),.UNSPECIFIED.,.F.,.F.,.F.,(2,2),(2,2),(0.,2.046424821928E-02),(
    -9.902680687417E-04,2.856503022518E-03),.PIECEWISE_BEZIER_KNOTS.);
#3416 = CARTESIAN_POINT('',(1.415517927124,0.139723887552,0.920500213391
    ));
#3417 = CARTESIAN_POINT('',(1.419364698215,0.139723887552,0.920500213391
    ));
#3418 = CARTESIAN_POINT('',(1.415517927124,0.139723887552,0.900035965171
    ));
#3419 = CARTESIAN_POINT('',(1.419364698215,0.139723887552,0.900035965171
    ));
#3420 = ADVANCED_FACE('',(#3421),#3437,.F.);
#3421 = FACE_BOUND('',#3422,.T.);
#3422 = EDGE_LOOP('',(#3423,#3424,#3431,#3436));
#3423 = ORIENTED_EDGE('',*,*,#1088,.T.);
#3424 = ORIENTED_EDGE('',*,*,#3425,.F.);
#3425 = EDGE_CURVE('',#3426,#1082,#3428,.T.);
#3426 = VERTEX_POINT('',#3427);
#3427 = CARTESIAN_POINT('',(1.416508195193,0.161543207425,0.920500213391
    ));
#3428 = B_SPLINE_CURVE_WITH_KNOTS('',1,(#3429,#3430),.UNSPECIFIED.,.F.,
  .F.,(2,2),(-0.,1.E-03),.PIECEWISE_BEZIER_KNOTS.);
#3429 = CARTESIAN_POINT('',(1.416508195193,0.161543207425,0.920500213391
    ));
#3430 = CARTESIAN_POINT('',(1.415517927124,0.161543207425,0.92036104029)
  );
#3431 = ORIENTED_EDGE('',*,*,#3432,.F.);
#3432 = EDGE_CURVE('',#3404,#3426,#3433,.T.);
#3433 = B_SPLINE_CURVE_WITH_KNOTS('',1,(#3434,#3435),.UNSPECIFIED.,.F.,
  .F.,(2,2),(-2.181931987379E-02,0.),.PIECEWISE_BEZIER_KNOTS.);
#3434 = CARTESIAN_POINT('',(1.416508195193,0.139723887552,0.920500213391
    ));
#3435 = CARTESIAN_POINT('',(1.416508195193,0.161543207425,0.920500213391
    ));
#3436 = ORIENTED_EDGE('',*,*,#3403,.T.);
#3437 = B_SPLINE_SURFACE_WITH_KNOTS('',1,1,(
    (#3438,#3439)
    ,(#3440,#3441)),.UNSPECIFIED.,.F.,.F.,.F.,(2,2),(2,2),(-1.E-03,0.),(
    -2.181931987379E-02,0.),.PIECEWISE_BEZIER_KNOTS.);
#3438 = CARTESIAN_POINT('',(1.415517927124,0.139723887552,0.92036104029)
  );
#3439 = CARTESIAN_POINT('',(1.415517927124,0.161543207425,0.92036104029)
  );
#3440 = CARTESIAN_POINT('',(1.416508195193,0.139723887552,0.920500213391
    ));
#3441 = CARTESIAN_POINT('',(1.416508195193,0.161543207425,0.920500213391
    ));
#3442 = ADVANCED_FACE('',(#3443),#3459,.F.);
#3443 = FACE_BOUND('',#3444,.T.);
#3444 = EDGE_LOOP('',(#3445,#3446,#3453,#3458));
#3445 = ORIENTED_EDGE('',*,*,#1081,.T.);
#3446 = ORIENTED_EDGE('',*,*,#3447,.F.);
#3447 = EDGE_CURVE('',#3448,#1075,#3450,.T.);
#3448 = VERTEX_POINT('',#3449);
#3449 = CARTESIAN_POINT('',(1.415535768632,0.161543207425,0.927419387899
    ));
#3450 = B_SPLINE_CURVE_WITH_KNOTS('',1,(#3451,#3452),.UNSPECIFIED.,.F.,
  .F.,(2,2),(-0.,1.E-03),.PIECEWISE_BEZIER_KNOTS.);
#3451 = CARTESIAN_POINT('',(1.415535768632,0.161543207425,0.927419387899
    ));
#3452 = CARTESIAN_POINT('',(1.414545500563,0.161543207425,0.927280214798
    ));
#3453 = ORIENTED_EDGE('',*,*,#3454,.F.);
#3454 = EDGE_CURVE('',#3426,#3448,#3455,.T.);
#3455 = B_SPLINE_CURVE_WITH_KNOTS('',1,(#3456,#3457),.UNSPECIFIED.,.F.,
  .F.,(2,2),(-6.987173197589E-03,0.),.PIECEWISE_BEZIER_KNOTS.);
#3456 = CARTESIAN_POINT('',(1.416508195193,0.161543207425,0.920500213391
    ));
#3457 = CARTESIAN_POINT('',(1.415535768632,0.161543207425,0.927419387899
    ));
#3458 = ORIENTED_EDGE('',*,*,#3425,.T.);
#3459 = B_SPLINE_SURFACE_WITH_KNOTS('',1,1,(
    (#3460,#3461)
    ,(#3462,#3463
    )),.UNSPECIFIED.,.F.,.F.,.F.,(2,2),(2,2),(0.,7.0583476093E-03),(
    -9.902680687417E-04,9.724265608537E-04),.PIECEWISE_BEZIER_KNOTS.);
#3460 = CARTESIAN_POINT('',(1.414545500563,0.161543207425,0.927419387899
    ));
#3461 = CARTESIAN_POINT('',(1.416508195193,0.161543207425,0.927419387899
    ));
#3462 = CARTESIAN_POINT('',(1.414545500563,0.161543207425,0.92036104029)
  );
#3463 = CARTESIAN_POINT('',(1.416508195193,0.161543207425,0.92036104029)
  );
#3464 = ADVANCED_FACE('',(#3465),#3481,.F.);
#3465 = FACE_BOUND('',#3466,.T.);
#3466 = EDGE_LOOP('',(#3467,#3468,#3475,#3480));
#3467 = ORIENTED_EDGE('',*,*,#1074,.T.);
#3468 = ORIENTED_EDGE('',*,*,#3469,.F.);
#3469 = EDGE_CURVE('',#3470,#1068,#3472,.T.);
#3470 = VERTEX_POINT('',#3471);
#3471 = CARTESIAN_POINT('',(1.415535768632,0.139723887552,0.927419387899
    ));
#3472 = B_SPLINE_CURVE_WITH_KNOTS('',1,(#3473,#3474),.UNSPECIFIED.,.F.,
  .F.,(2,2),(-0.,1.E-03),.PIECEWISE_BEZIER_KNOTS.);
#3473 = CARTESIAN_POINT('',(1.415535768632,0.139723887552,0.927419387899
    ));
#3474 = CARTESIAN_POINT('',(1.414545500563,0.139723887552,0.927280214798
    ));
#3475 = ORIENTED_EDGE('',*,*,#3476,.F.);
#3476 = EDGE_CURVE('',#3448,#3470,#3477,.T.);
#3477 = B_SPLINE_CURVE_WITH_KNOTS('',1,(#3478,#3479),.UNSPECIFIED.,.F.,
  .F.,(2,2),(-2.181931987379E-02,-0.),.PIECEWISE_BEZIER_KNOTS.);
#3478 = CARTESIAN_POINT('',(1.415535768632,0.161543207425,0.927419387899
    ));
#3479 = CARTESIAN_POINT('',(1.415535768632,0.139723887552,0.927419387899
    ));
#3480 = ORIENTED_EDGE('',*,*,#3447,.T.);
#3481 = B_SPLINE_SURFACE_WITH_KNOTS('',1,1,(
    (#3482,#3483)
    ,(#3484,#3485
    )),.UNSPECIFIED.,.F.,.F.,.F.,(2,2),(2,2),(-1.545131810943E-17,1.E-03
    ),(-2.03016355485E-31,2.181931987379E-02),.PIECEWISE_BEZIER_KNOTS.);
#3482 = CARTESIAN_POINT('',(1.415535768632,0.139723887552,0.927419387899
    ));
#3483 = CARTESIAN_POINT('',(1.415535768632,0.161543207425,0.927419387899
    ));
#3484 = CARTESIAN_POINT('',(1.414545500563,0.139723887552,0.927280214798
    ));
#3485 = CARTESIAN_POINT('',(1.414545500563,0.161543207425,0.927280214798
    ));
#3486 = ADVANCED_FACE('',(#3487),#3503,.F.);
#3487 = FACE_BOUND('',#3488,.T.);
#3488 = EDGE_LOOP('',(#3489,#3490,#3497,#3502));
#3489 = ORIENTED_EDGE('',*,*,#1067,.T.);
#3490 = ORIENTED_EDGE('',*,*,#3491,.F.);
#3491 = EDGE_CURVE('',#3492,#1061,#3494,.T.);
#3492 = VERTEX_POINT('',#3493);
#3493 = CARTESIAN_POINT('',(1.41281818369,0.139723887552,0.946756009516)
  );
#3494 = B_SPLINE_CURVE_WITH_KNOTS('',1,(#3495,#3496),.UNSPECIFIED.,.F.,
  .F.,(2,2),(-0.,1.E-03),.PIECEWISE_BEZIER_KNOTS.);
#3495 = CARTESIAN_POINT('',(1.41281818369,0.139723887552,0.946756009516)
  );
#3496 = CARTESIAN_POINT('',(1.411827915621,0.139723887552,0.946616836415
    ));
#3497 = ORIENTED_EDGE('',*,*,#3498,.F.);
#3498 = EDGE_CURVE('',#3470,#3492,#3499,.T.);
#3499 = B_SPLINE_CURVE_WITH_KNOTS('',1,(#3500,#3501),.UNSPECIFIED.,.F.,
  .F.,(2,2),(-1.952665366864E-02,0.),.PIECEWISE_BEZIER_KNOTS.);
#3500 = CARTESIAN_POINT('',(1.415535768632,0.139723887552,0.927419387899
    ));
#3501 = CARTESIAN_POINT('',(1.41281818369,0.139723887552,0.946756009516)
  );
#3502 = ORIENTED_EDGE('',*,*,#3469,.T.);
#3503 = B_SPLINE_SURFACE_WITH_KNOTS('',1,1,(
    (#3504,#3505)
    ,(#3506,#3507
    )),.UNSPECIFIED.,.F.,.F.,.F.,(2,2),(2,2),(0.,1.947579471839E-02),(
    -9.902680687417E-04,2.717584942437E-03),.PIECEWISE_BEZIER_KNOTS.);
#3504 = CARTESIAN_POINT('',(1.411827915621,0.139723887552,0.946756009516
    ));
#3505 = CARTESIAN_POINT('',(1.415535768632,0.139723887552,0.946756009516
    ));
#3506 = CARTESIAN_POINT('',(1.411827915621,0.139723887552,0.927280214798
    ));
#3507 = CARTESIAN_POINT('',(1.415535768632,0.139723887552,0.927280214798
    ));
#3508 = ADVANCED_FACE('',(#3509),#3525,.F.);
#3509 = FACE_BOUND('',#3510,.T.);
#3510 = EDGE_LOOP('',(#3511,#3512,#3519,#3524));
#3511 = ORIENTED_EDGE('',*,*,#1060,.T.);
#3512 = ORIENTED_EDGE('',*,*,#3513,.F.);
#3513 = EDGE_CURVE('',#3514,#1054,#3516,.T.);
#3514 = VERTEX_POINT('',#3515);
#3515 = CARTESIAN_POINT('',(1.41281818369,0.163274404356,0.946756009516)
  );
#3516 = B_SPLINE_CURVE_WITH_KNOTS('',1,(#3517,#3518),.UNSPECIFIED.,.F.,
  .F.,(2,2),(-0.,1.E-03),.PIECEWISE_BEZIER_KNOTS.);
#3517 = CARTESIAN_POINT('',(1.41281818369,0.163274404356,0.946756009516)
  );
#3518 = CARTESIAN_POINT('',(1.411827915621,0.163274404356,0.946616836415
    ));
#3519 = ORIENTED_EDGE('',*,*,#3520,.F.);
#3520 = EDGE_CURVE('',#3492,#3514,#3521,.T.);
#3521 = B_SPLINE_CURVE_WITH_KNOTS('',1,(#3522,#3523),.UNSPECIFIED.,.F.,
  .F.,(2,2),(-2.355051680457E-02,0.),.PIECEWISE_BEZIER_KNOTS.);
#3522 = CARTESIAN_POINT('',(1.41281818369,0.139723887552,0.946756009516)
  );
#3523 = CARTESIAN_POINT('',(1.41281818369,0.163274404356,0.946756009516)
  );
#3524 = ORIENTED_EDGE('',*,*,#3491,.T.);
#3525 = B_SPLINE_SURFACE_WITH_KNOTS('',1,1,(
    (#3526,#3527)
    ,(#3528,#3529)),.UNSPECIFIED.,.F.,.F.,.F.,(2,2),(2,2),(-1.E-03,0.),(
    -2.355051680457E-02,0.),.PIECEWISE_BEZIER_KNOTS.);
#3526 = CARTESIAN_POINT('',(1.411827915621,0.139723887552,0.946616836415
    ));
#3527 = CARTESIAN_POINT('',(1.411827915621,0.163274404356,0.946616836415
    ));
#3528 = CARTESIAN_POINT('',(1.41281818369,0.139723887552,0.946756009516)
  );
#3529 = CARTESIAN_POINT('',(1.41281818369,0.163274404356,0.946756009516)
  );
#3530 = ADVANCED_FACE('',(#3531),#3547,.F.);
#3531 = FACE_BOUND('',#3532,.T.);
#3532 = EDGE_LOOP('',(#3533,#3534,#3541,#3546));
#3533 = ORIENTED_EDGE('',*,*,#1053,.T.);
#3534 = ORIENTED_EDGE('',*,*,#3535,.F.);
#3535 = EDGE_CURVE('',#3536,#1047,#3538,.T.);
#3536 = VERTEX_POINT('',#3537);
#3537 = CARTESIAN_POINT('',(1.411841415939,0.163274404356,0.953706073197
    ));
#3538 = B_SPLINE_CURVE_WITH_KNOTS('',1,(#3539,#3540),.UNSPECIFIED.,.F.,
  .F.,(2,2),(-0.,1.E-03),.PIECEWISE_BEZIER_KNOTS.);
#3539 = CARTESIAN_POINT('',(1.411841415939,0.163274404356,0.953706073197
    ));
#3540 = CARTESIAN_POINT('',(1.41085114787,0.163274404356,0.953566900096)
  );
#3541 = ORIENTED_EDGE('',*,*,#3542,.F.);
#3542 = EDGE_CURVE('',#3514,#3536,#3543,.T.);
#3543 = B_SPLINE_CURVE_WITH_KNOTS('',1,(#3544,#3545),.UNSPECIFIED.,.F.,
  .F.,(2,2),(-7.018365935043E-03,0.),.PIECEWISE_BEZIER_KNOTS.);
#3544 = CARTESIAN_POINT('',(1.41281818369,0.163274404356,0.946756009516)
  );
#3545 = CARTESIAN_POINT('',(1.411841415939,0.163274404356,0.953706073197
    ));
#3546 = ORIENTED_EDGE('',*,*,#3513,.T.);
#3547 = B_SPLINE_SURFACE_WITH_KNOTS('',1,1,(
    (#3548,#3549)
    ,(#3550,#3551
    )),.UNSPECIFIED.,.F.,.F.,.F.,(2,2),(2,2),(0.,7.089236781177E-03),(
    -9.902680687417E-04,9.767677508525E-04),.PIECEWISE_BEZIER_KNOTS.);
#3548 = CARTESIAN_POINT('',(1.41085114787,0.163274404356,0.953706073197)
  );
#3549 = CARTESIAN_POINT('',(1.41281818369,0.163274404356,0.953706073197)
  );
#3550 = CARTESIAN_POINT('',(1.41085114787,0.163274404356,0.946616836415)
  );
#3551 = CARTESIAN_POINT('',(1.41281818369,0.163274404356,0.946616836415)
  );
#3552 = ADVANCED_FACE('',(#3553),#3569,.F.);
#3553 = FACE_BOUND('',#3554,.T.);
#3554 = EDGE_LOOP('',(#3555,#3556,#3563,#3568));
#3555 = ORIENTED_EDGE('',*,*,#1046,.T.);
#3556 = ORIENTED_EDGE('',*,*,#3557,.F.);
#3557 = EDGE_CURVE('',#3558,#1040,#3560,.T.);
#3558 = VERTEX_POINT('',#3559);
#3559 = CARTESIAN_POINT('',(1.411841415939,0.131847721336,0.953706073197
    ));
#3560 = B_SPLINE_CURVE_WITH_KNOTS('',1,(#3561,#3562),.UNSPECIFIED.,.F.,
  .F.,(2,2),(-0.,1.E-03),.PIECEWISE_BEZIER_KNOTS.);
#3561 = CARTESIAN_POINT('',(1.411841415939,0.131847721336,0.953706073197
    ));
#3562 = CARTESIAN_POINT('',(1.41085114787,0.131847721336,0.953566900096)
  );
#3563 = ORIENTED_EDGE('',*,*,#3564,.F.);
#3564 = EDGE_CURVE('',#3536,#3558,#3565,.T.);
#3565 = B_SPLINE_CURVE_WITH_KNOTS('',1,(#3566,#3567),.UNSPECIFIED.,.F.,
  .F.,(2,2),(-3.142668302063E-02,-0.),.PIECEWISE_BEZIER_KNOTS.);
#3566 = CARTESIAN_POINT('',(1.411841415939,0.163274404356,0.953706073197
    ));
#3567 = CARTESIAN_POINT('',(1.411841415939,0.131847721336,0.953706073197
    ));
#3568 = ORIENTED_EDGE('',*,*,#3535,.T.);
#3569 = B_SPLINE_SURFACE_WITH_KNOTS('',1,1,(
    (#3570,#3571)
    ,(#3572,#3573
    )),.UNSPECIFIED.,.F.,.F.,.F.,(2,2),(2,2),(-1.545131810943E-17,1.E-03
    ),(-1.409139357986E-31,3.142668302063E-02),
  .PIECEWISE_BEZIER_KNOTS.);
#3570 = CARTESIAN_POINT('',(1.411841415939,0.131847721336,0.953706073197
    ));
#3571 = CARTESIAN_POINT('',(1.411841415939,0.163274404356,0.953706073197
    ));
#3572 = CARTESIAN_POINT('',(1.41085114787,0.131847721336,0.953566900096)
  );
#3573 = CARTESIAN_POINT('',(1.41085114787,0.163274404356,0.953566900096)
  );
#3574 = ADVANCED_FACE('',(#3575),#3591,.F.);
#3575 = FACE_BOUND('',#3576,.T.);
#3576 = EDGE_LOOP('',(#3577,#3578,#3585,#3590));
#3577 = ORIENTED_EDGE('',*,*,#1039,.T.);
#3578 = ORIENTED_EDGE('',*,*,#3579,.F.);
#3579 = EDGE_CURVE('',#3580,#1033,#3582,.T.);
#3580 = VERTEX_POINT('',#3581);
#3581 = CARTESIAN_POINT('',(1.420332783586,0.131847721336,0.893286852936
    ));
#3582 = B_SPLINE_CURVE_WITH_KNOTS('',1,(#3583,#3584),.UNSPECIFIED.,.F.,
  .F.,(2,2),(-0.,1.E-03),.PIECEWISE_BEZIER_KNOTS.);
#3583 = CARTESIAN_POINT('',(1.420332783586,0.131847721336,0.893286852936
    ));
#3584 = CARTESIAN_POINT('',(1.419342515518,0.131847721336,0.893147679835
    ));
#3585 = ORIENTED_EDGE('',*,*,#3586,.F.);
#3586 = EDGE_CURVE('',#3558,#3580,#3587,.T.);
#3587 = B_SPLINE_CURVE_WITH_KNOTS('',1,(#3588,#3589),.UNSPECIFIED.,.F.,
  .F.,(2,2),(-6.10129945294E-02,0.),.PIECEWISE_BEZIER_KNOTS.);
#3588 = CARTESIAN_POINT('',(1.411841415939,0.131847721336,0.953706073197
    ));
#3589 = CARTESIAN_POINT('',(1.420332783586,0.131847721336,0.893286852936
    ));
#3590 = ORIENTED_EDGE('',*,*,#3557,.T.);
#3591 = B_SPLINE_SURFACE_WITH_KNOTS('',1,1,(
    (#3592,#3593)
    ,(#3594,#3595
    )),.UNSPECIFIED.,.F.,.F.,.F.,(2,2),(2,2),(-1.391731009601E-04,
    6.041922026077E-02),(-9.481635716258E-03,0.),
  .PIECEWISE_BEZIER_KNOTS.);
#3592 = CARTESIAN_POINT('',(1.41085114787,0.131847721336,0.893147679835)
  );
#3593 = CARTESIAN_POINT('',(1.420332783586,0.131847721336,0.893147679835
    ));
#3594 = CARTESIAN_POINT('',(1.41085114787,0.131847721336,0.953706073197)
  );
#3595 = CARTESIAN_POINT('',(1.420332783586,0.131847721336,0.953706073197
    ));
#3596 = ADVANCED_FACE('',(#3597),#3607,.F.);
#3597 = FACE_BOUND('',#3598,.T.);
#3598 = EDGE_LOOP('',(#3599,#3600,#3601,#3606));
#3599 = ORIENTED_EDGE('',*,*,#1032,.T.);
#3600 = ORIENTED_EDGE('',*,*,#3367,.F.);
#3601 = ORIENTED_EDGE('',*,*,#3602,.F.);
#3602 = EDGE_CURVE('',#3580,#3361,#3603,.T.);
#3603 = B_SPLINE_CURVE_WITH_KNOTS('',1,(#3604,#3605),.UNSPECIFIED.,.F.,
  .F.,(2,2),(-3.281475983879E-02,0.),.PIECEWISE_BEZIER_KNOTS.);
#3604 = CARTESIAN_POINT('',(1.420332783586,0.131847721336,0.893286852936
    ));
#3605 = CARTESIAN_POINT('',(1.420332783586,0.164662481174,0.893286852936
    ));
#3606 = ORIENTED_EDGE('',*,*,#3579,.T.);
#3607 = B_SPLINE_SURFACE_WITH_KNOTS('',1,1,(
    (#3608,#3609)
    ,(#3610,#3611)),.UNSPECIFIED.,.F.,.F.,.F.,(2,2),(2,2),(-1.E-03,0.),(
    -3.281475983879E-02,6.889810512905E-35),.PIECEWISE_BEZIER_KNOTS.);
#3608 = CARTESIAN_POINT('',(1.419342515518,0.131847721336,0.893147679835
    ));
#3609 = CARTESIAN_POINT('',(1.419342515518,0.164662481174,0.893147679835
    ));
#3610 = CARTESIAN_POINT('',(1.420332783586,0.131847721336,0.893286852936
    ));
#3611 = CARTESIAN_POINT('',(1.420332783586,0.164662481174,0.893286852936
    ));
#3612 = ADVANCED_FACE('',(#3613),#3627,.F.);
#3613 = FACE_BOUND('',#3614,.T.);
#3614 = EDGE_LOOP('',(#3615,#3616,#3617,#3618,#3619,#3620,#3621,#3622,
    #3623,#3624,#3625,#3626));
#3615 = ORIENTED_EDGE('',*,*,#3360,.T.);
#3616 = ORIENTED_EDGE('',*,*,#3388,.T.);
#3617 = ORIENTED_EDGE('',*,*,#3410,.T.);
#3618 = ORIENTED_EDGE('',*,*,#3432,.T.);
#3619 = ORIENTED_EDGE('',*,*,#3454,.T.);
#3620 = ORIENTED_EDGE('',*,*,#3476,.T.);
#3621 = ORIENTED_EDGE('',*,*,#3498,.T.);
#3622 = ORIENTED_EDGE('',*,*,#3520,.T.);
#3623 = ORIENTED_EDGE('',*,*,#3542,.T.);
#3624 = ORIENTED_EDGE('',*,*,#3564,.T.);
#3625 = ORIENTED_EDGE('',*,*,#3586,.T.);
#3626 = ORIENTED_EDGE('',*,*,#3602,.T.);
#3627 = B_SPLINE_SURFACE_WITH_KNOTS('',1,1,(
    (#3628,#3629)
    ,(#3630,#3631
    )),.UNSPECIFIED.,.F.,.F.,.F.,(2,2),(2,2),(0.686913067011,
    0.74792606154),(0.131847721336,0.164662481174),
  .PIECEWISE_BEZIER_KNOTS.);
#3628 = CARTESIAN_POINT('',(1.420332783586,0.131847721336,0.893286852936
    ));
#3629 = CARTESIAN_POINT('',(1.420332783586,0.164662481174,0.893286852936
    ));
#3630 = CARTESIAN_POINT('',(1.411841415939,0.131847721336,0.953706073197
    ));
#3631 = CARTESIAN_POINT('',(1.411841415939,0.164662481174,0.953706073197
    ));
#3632 = ADVANCED_FACE('',(#3633,#3692),#3751,.T.);
#3633 = FACE_BOUND('',#3634,.T.);
#3634 = EDGE_LOOP('',(#3635,#3644,#3653,#3662,#3671,#3680,#3687));
#3635 = ORIENTED_EDGE('',*,*,#3636,.T.);
#3636 = EDGE_CURVE('',#3637,#3639,#3641,.T.);
#3637 = VERTEX_POINT('',#3638);
#3638 = CARTESIAN_POINT('',(1.420332783586,0.176188197677,0.893286852936
    ));
#3639 = VERTEX_POINT('',#3640);
#3640 = CARTESIAN_POINT('',(1.420332783586,0.192969890446,0.893286852936
    ));
#3641 = B_SPLINE_CURVE_WITH_KNOTS('',1,(#3642,#3643),.UNSPECIFIED.,.F.,
  .F.,(2,2),(-1.678169276936E-02,0.),.PIECEWISE_BEZIER_KNOTS.);
#3642 = CARTESIAN_POINT('',(1.420332783586,0.176188197677,0.893286852936
    ));
#3643 = CARTESIAN_POINT('',(1.420332783586,0.192969890446,0.893286852936
    ));
#3644 = ORIENTED_EDGE('',*,*,#3645,.T.);
#3645 = EDGE_CURVE('',#3639,#3646,#3648,.T.);
#3646 = VERTEX_POINT('',#3647);
#3647 = CARTESIAN_POINT('',(1.419143297525,0.21666077457,0.90175048604)
  );
#3648 = B_SPLINE_CURVE_WITH_KNOTS('',3,(#3649,#3650,#3651,#3652),
  .UNSPECIFIED.,.F.,.F.,(4,4),(5.,6.),.PIECEWISE_BEZIER_KNOTS.);
#3649 = CARTESIAN_POINT('',(1.420332783586,0.192969890446,0.893286852936
    ));
#3650 = CARTESIAN_POINT('',(1.420332783586,0.202624042699,0.893286852936
    ));
#3651 = CARTESIAN_POINT('',(1.419937735296,0.210531401653,0.89609776758)
  );
#3652 = CARTESIAN_POINT('',(1.419143297525,0.21666077457,0.90175048604)
  );
#3653 = ORIENTED_EDGE('',*,*,#3654,.T.);
#3654 = EDGE_CURVE('',#3646,#3655,#3657,.T.);
#3655 = VERTEX_POINT('',#3656);
#3656 = CARTESIAN_POINT('',(1.415978570012,0.225862632129,0.924268692364
    ));
#3657 = B_SPLINE_CURVE_WITH_KNOTS('',3,(#3658,#3659,#3660,#3661),
  .UNSPECIFIED.,.F.,.F.,(4,4),(4.,5.),.PIECEWISE_BEZIER_KNOTS.);
#3658 = CARTESIAN_POINT('',(1.419143297525,0.21666077457,0.90175048604)
  );
#3659 = CARTESIAN_POINT('',(1.418348859755,0.222790147486,0.9074032045)
  );
#3660 = CARTESIAN_POINT('',(1.417293950584,0.225862632129,0.914909273275
    ));
#3661 = CARTESIAN_POINT('',(1.415978570012,0.225862632129,0.924268692364
    ));
#3662 = ORIENTED_EDGE('',*,*,#3663,.T.);
#3663 = EDGE_CURVE('',#3655,#3664,#3666,.T.);
#3664 = VERTEX_POINT('',#3665);
#3665 = CARTESIAN_POINT('',(1.41296578415,0.21666077457,0.945705777671)
  );
#3666 = B_SPLINE_CURVE_WITH_KNOTS('',3,(#3667,#3668,#3669,#3670),
  .UNSPECIFIED.,.F.,.F.,(4,4),(3.,4.),.PIECEWISE_BEZIER_KNOTS.);
#3667 = CARTESIAN_POINT('',(1.415978570012,0.225862632129,0.924268692364
    ));
#3668 = CARTESIAN_POINT('',(1.414719624911,0.225862632129,0.933226552218
    ));
#3669 = CARTESIAN_POINT('',(1.41371681002,0.222790147486,0.94036195093)
  );
#3670 = CARTESIAN_POINT('',(1.41296578415,0.21666077457,0.945705777671)
  );
#3671 = ORIENTED_EDGE('',*,*,#3672,.T.);
#3672 = EDGE_CURVE('',#3664,#3673,#3675,.T.);
#3673 = VERTEX_POINT('',#3674);
#3674 = CARTESIAN_POINT('',(1.411841415939,0.193593745196,0.953706073197
    ));
#3675 = B_SPLINE_CURVE_WITH_KNOTS('',3,(#3676,#3677,#3678,#3679),
  .UNSPECIFIED.,.F.,.F.,(4,4),(2.,3.),.PIECEWISE_BEZIER_KNOTS.);
#3676 = CARTESIAN_POINT('',(1.41296578415,0.21666077457,0.945705777671)
  );
#3677 = CARTESIAN_POINT('',(1.412214758279,0.210531401653,0.951049604412
    ));
#3678 = CARTESIAN_POINT('',(1.411841415939,0.202842391862,0.953706073197
    ));
#3679 = CARTESIAN_POINT('',(1.411841415939,0.193593745196,0.953706073197
    ));
#3680 = ORIENTED_EDGE('',*,*,#3681,.T.);
#3681 = EDGE_CURVE('',#3673,#3682,#3684,.T.);
#3682 = VERTEX_POINT('',#3683);
#3683 = CARTESIAN_POINT('',(1.411841415939,0.176188197677,0.953706073197
    ));
#3684 = B_SPLINE_CURVE_WITH_KNOTS('',1,(#3685,#3686),.UNSPECIFIED.,.F.,
  .F.,(2,2),(-1.740554751927E-02,-0.),.PIECEWISE_BEZIER_KNOTS.);
#3685 = CARTESIAN_POINT('',(1.411841415939,0.193593745196,0.953706073197
    ));
#3686 = CARTESIAN_POINT('',(1.411841415939,0.176188197677,0.953706073197
    ));
#3687 = ORIENTED_EDGE('',*,*,#3688,.T.);
#3688 = EDGE_CURVE('',#3682,#3637,#3689,.T.);
#3689 = B_SPLINE_CURVE_WITH_KNOTS('',1,(#3690,#3691),.UNSPECIFIED.,.F.,
  .F.,(2,2),(-6.10129945294E-02,0.),.PIECEWISE_BEZIER_KNOTS.);
#3690 = CARTESIAN_POINT('',(1.411841415939,0.176188197677,0.953706073197
    ));
#3691 = CARTESIAN_POINT('',(1.420332783586,0.176188197677,0.893286852936
    ));
#3692 = FACE_BOUND('',#3693,.T.);
#3693 = EDGE_LOOP('',(#3694,#3703,#3710,#3719,#3728,#3737,#3746));
#3694 = ORIENTED_EDGE('',*,*,#3695,.F.);
#3695 = EDGE_CURVE('',#3696,#3698,#3700,.T.);
#3696 = VERTEX_POINT('',#3697);
#3697 = CARTESIAN_POINT('',(1.41281818369,0.184064363893,0.946756009516)
  );
#3698 = VERTEX_POINT('',#3699);
#3699 = CARTESIAN_POINT('',(1.419364698215,0.184064363893,0.900175138272
    ));
#3700 = B_SPLINE_CURVE_WITH_KNOTS('',1,(#3701,#3702),.UNSPECIFIED.,.F.,
  .F.,(2,2),(0.,4.703864813422E-02),.PIECEWISE_BEZIER_KNOTS.);
#3701 = CARTESIAN_POINT('',(1.41281818369,0.184064363893,0.946756009516)
  );
#3702 = CARTESIAN_POINT('',(1.419364698215,0.184064363893,0.900175138272
    ));
#3703 = ORIENTED_EDGE('',*,*,#3704,.F.);
#3704 = EDGE_CURVE('',#3705,#3696,#3707,.T.);
#3705 = VERTEX_POINT('',#3706);
#3706 = CARTESIAN_POINT('',(1.41281818369,0.193281817821,0.946756009516)
  );
#3707 = B_SPLINE_CURVE_WITH_KNOTS('',1,(#3708,#3709),.UNSPECIFIED.,.F.,
  .F.,(2,2),(2.611797628051E-30,9.217453927626E-03),
  .PIECEWISE_BEZIER_KNOTS.);
#3708 = CARTESIAN_POINT('',(1.41281818369,0.193281817821,0.946756009516)
  );
#3709 = CARTESIAN_POINT('',(1.41281818369,0.184064363893,0.946756009516)
  );
#3710 = ORIENTED_EDGE('',*,*,#3711,.F.);
#3711 = EDGE_CURVE('',#3712,#3705,#3714,.T.);
#3712 = VERTEX_POINT('',#3713);
#3713 = CARTESIAN_POINT('',(1.41361696265,0.210890118134,0.941072401884)
  );
#3714 = B_SPLINE_CURVE_WITH_KNOTS('',3,(#3715,#3716,#3717,#3718),
  .UNSPECIFIED.,.F.,.F.,(4,4),(5.,6.),.PIECEWISE_BEZIER_KNOTS.);
#3715 = CARTESIAN_POINT('',(1.41361696265,0.210890118134,0.941072401884)
  );
#3716 = CARTESIAN_POINT('',(1.41308299628,0.206429556673,0.94487177003)
  );
#3717 = CARTESIAN_POINT('',(1.41281818369,0.200549725656,0.946756009516)
  );
#3718 = CARTESIAN_POINT('',(1.41281818369,0.193281817821,0.946756009516)
  );
#3719 = ORIENTED_EDGE('',*,*,#3720,.F.);
#3720 = EDGE_CURVE('',#3721,#3712,#3723,.T.);
#3721 = VERTEX_POINT('',#3722);
#3722 = CARTESIAN_POINT('',(1.416008958343,0.217580960326,0.924052468161
    ));
#3723 = B_SPLINE_CURVE_WITH_KNOTS('',3,(#3724,#3725,#3726,#3727),
  .UNSPECIFIED.,.F.,.F.,(4,4),(4.,5.),.PIECEWISE_BEZIER_KNOTS.);
#3724 = CARTESIAN_POINT('',(1.416008958343,0.217580960326,0.924052468161
    ));
#3725 = CARTESIAN_POINT('',(1.414949707982,0.217580960326,0.931589426107
    ));
#3726 = CARTESIAN_POINT('',(1.414150929021,0.215350679595,0.937273033739
    ));
#3727 = CARTESIAN_POINT('',(1.41361696265,0.210890118134,0.941072401884)
  );
#3728 = ORIENTED_EDGE('',*,*,#3729,.F.);
#3729 = EDGE_CURVE('',#3730,#3721,#3732,.T.);
#3730 = VERTEX_POINT('',#3731);
#3731 = CARTESIAN_POINT('',(1.418479095455,0.21106167819,0.906476529342)
  );
#3732 = B_SPLINE_CURVE_WITH_KNOTS('',3,(#3733,#3734,#3735,#3736),
  .UNSPECIFIED.,.F.,.F.,(4,4),(3.,4.),.PIECEWISE_BEZIER_KNOTS.);
#3733 = CARTESIAN_POINT('',(1.418479095455,0.21106167819,0.906476529342)
  );
#3734 = CARTESIAN_POINT('',(1.417893034804,0.21541306507,0.910646567551)
  );
#3735 = CARTESIAN_POINT('',(1.417068208703,0.217580960326,0.916515510214
    ));
#3736 = CARTESIAN_POINT('',(1.416008958343,0.217580960326,0.924052468161
    ));
#3737 = ORIENTED_EDGE('',*,*,#3738,.F.);
#3738 = EDGE_CURVE('',#3739,#3730,#3741,.T.);
#3739 = VERTEX_POINT('',#3740);
#3740 = CARTESIAN_POINT('',(1.419364698215,0.19292310134,0.900175138272)
  );
#3741 = B_SPLINE_CURVE_WITH_KNOTS('',3,(#3742,#3743,#3744,#3745),
  .UNSPECIFIED.,.F.,.F.,(4,4),(2.,3.),.PIECEWISE_BEZIER_KNOTS.);
#3742 = CARTESIAN_POINT('',(1.419364698215,0.19292310134,0.900175138272)
  );
#3743 = CARTESIAN_POINT('',(1.419364698215,0.200674496606,0.900175138272
    ));
#3744 = CARTESIAN_POINT('',(1.419069497295,0.206725887679,0.902275601962
    ));
#3745 = CARTESIAN_POINT('',(1.418479095455,0.21106167819,0.906476529342)
  );
#3746 = ORIENTED_EDGE('',*,*,#3747,.F.);
#3747 = EDGE_CURVE('',#3698,#3739,#3748,.T.);
#3748 = B_SPLINE_CURVE_WITH_KNOTS('',1,(#3749,#3750),.UNSPECIFIED.,.F.,
  .F.,(2,2),(0.,8.858737446905E-03),.PIECEWISE_BEZIER_KNOTS.);
#3749 = CARTESIAN_POINT('',(1.419364698215,0.184064363893,0.900175138272
    ));
#3750 = CARTESIAN_POINT('',(1.419364698215,0.19292310134,0.900175138272)
  );
#3751 = B_SPLINE_SURFACE_WITH_KNOTS('',1,1,(
    (#3752,#3753)
    ,(#3754,#3755
    )),.UNSPECIFIED.,.F.,.F.,.F.,(2,2),(2,2),(-2.015830660198E-03,
    5.89971638692E-02),(-3.010878986175E-02,1.956564459025E-02),
  .PIECEWISE_BEZIER_KNOTS.);
#3752 = CARTESIAN_POINT('',(1.411841415939,0.176188197677,0.953706073197
    ));
#3753 = CARTESIAN_POINT('',(1.411841415939,0.225862632129,0.953706073197
    ));
#3754 = CARTESIAN_POINT('',(1.420332783586,0.176188197677,0.893286852936
    ));
#3755 = CARTESIAN_POINT('',(1.420332783586,0.225862632129,0.893286852936
    ));
#3756 = ADVANCED_FACE('',(#3757),#3771,.F.);
#3757 = FACE_BOUND('',#3758,.T.);
#3758 = EDGE_LOOP('',(#3759,#3760,#3765,#3766));
#3759 = ORIENTED_EDGE('',*,*,#752,.T.);
#3760 = ORIENTED_EDGE('',*,*,#3761,.F.);
#3761 = EDGE_CURVE('',#3639,#742,#3762,.T.);
#3762 = B_SPLINE_CURVE_WITH_KNOTS('',1,(#3763,#3764),.UNSPECIFIED.,.F.,
  .F.,(2,2),(-0.,1.E-03),.PIECEWISE_BEZIER_KNOTS.);
#3763 = CARTESIAN_POINT('',(1.420332783586,0.192969890446,0.893286852936
    ));
#3764 = CARTESIAN_POINT('',(1.419342515518,0.192969890446,0.893147679835
    ));
#3765 = ORIENTED_EDGE('',*,*,#3636,.F.);
#3766 = ORIENTED_EDGE('',*,*,#3767,.T.);
#3767 = EDGE_CURVE('',#3637,#753,#3768,.T.);
#3768 = B_SPLINE_CURVE_WITH_KNOTS('',1,(#3769,#3770),.UNSPECIFIED.,.F.,
  .F.,(2,2),(-0.,1.E-03),.PIECEWISE_BEZIER_KNOTS.);
#3769 = CARTESIAN_POINT('',(1.420332783586,0.176188197677,0.893286852936
    ));
#3770 = CARTESIAN_POINT('',(1.419342515518,0.176188197677,0.893147679835
    ));
#3771 = B_SPLINE_SURFACE_WITH_KNOTS('',1,1,(
    (#3772,#3773)
    ,(#3774,#3775)),.UNSPECIFIED.,.F.,.F.,.F.,(2,2),(2,2),(-1.E-03,0.),(
    -1.678169276936E-02,1.278370885807E-34),.PIECEWISE_BEZIER_KNOTS.);
#3772 = CARTESIAN_POINT('',(1.419342515518,0.176188197677,0.893147679835
    ));
#3773 = CARTESIAN_POINT('',(1.419342515518,0.192969890446,0.893147679835
    ));
#3774 = CARTESIAN_POINT('',(1.420332783586,0.176188197677,0.893286852936
    ));
#3775 = CARTESIAN_POINT('',(1.420332783586,0.192969890446,0.893286852936
    ));
#3776 = ADVANCED_FACE('',(#3777),#3787,.F.);
#3777 = FACE_BOUND('',#3778,.F.);
#3778 = EDGE_LOOP('',(#3779,#3780,#3781,#3786));
#3779 = ORIENTED_EDGE('',*,*,#3761,.F.);
#3780 = ORIENTED_EDGE('',*,*,#3645,.T.);
#3781 = ORIENTED_EDGE('',*,*,#3782,.T.);
#3782 = EDGE_CURVE('',#3646,#744,#3783,.T.);
#3783 = B_SPLINE_CURVE_WITH_KNOTS('',1,(#3784,#3785),.UNSPECIFIED.,.F.,
  .F.,(2,2),(-0.,1.E-03),.PIECEWISE_BEZIER_KNOTS.);
#3784 = CARTESIAN_POINT('',(1.419143297525,0.21666077457,0.90175048604)
  );
#3785 = CARTESIAN_POINT('',(1.418153029457,0.21666077457,0.901611312939)
  );
#3786 = ORIENTED_EDGE('',*,*,#741,.F.);
#3787 = B_SPLINE_SURFACE_WITH_KNOTS('',3,1,(
    (#3788,#3789)
    ,(#3790,#3791)
    ,(#3792,#3793)
    ,(#3794,#3795
    )),.UNSPECIFIED.,.F.,.F.,.F.,(4,4),(2,2),(5.,6.),(0.,1.),
  .PIECEWISE_BEZIER_KNOTS.);
#3788 = CARTESIAN_POINT('',(1.420332783586,0.192969890446,0.893286852936
    ));
#3789 = CARTESIAN_POINT('',(1.419342515518,0.192969890446,0.893147679835
    ));
#3790 = CARTESIAN_POINT('',(1.420332783586,0.202624042699,0.893286852936
    ));
#3791 = CARTESIAN_POINT('',(1.419342515518,0.202624042699,0.893147679835
    ));
#3792 = CARTESIAN_POINT('',(1.419937735296,0.210531401653,0.89609776758)
  );
#3793 = CARTESIAN_POINT('',(1.418947467227,0.210531401653,0.895958594479
    ));
#3794 = CARTESIAN_POINT('',(1.419143297525,0.21666077457,0.90175048604)
  );
#3795 = CARTESIAN_POINT('',(1.418153029457,0.21666077457,0.901611312939)
  );
#3796 = ADVANCED_FACE('',(#3797),#3807,.F.);
#3797 = FACE_BOUND('',#3798,.F.);
#3798 = EDGE_LOOP('',(#3799,#3800,#3801,#3806));
#3799 = ORIENTED_EDGE('',*,*,#3782,.F.);
#3800 = ORIENTED_EDGE('',*,*,#3654,.T.);
#3801 = ORIENTED_EDGE('',*,*,#3802,.T.);
#3802 = EDGE_CURVE('',#3655,#783,#3803,.T.);
#3803 = B_SPLINE_CURVE_WITH_KNOTS('',1,(#3804,#3805),.UNSPECIFIED.,.F.,
  .F.,(2,2),(-0.,1.E-03),.PIECEWISE_BEZIER_KNOTS.);
#3804 = CARTESIAN_POINT('',(1.415978570012,0.225862632129,0.924268692364
    ));
#3805 = CARTESIAN_POINT('',(1.414988301944,0.225862632129,0.924129519263
    ));
#3806 = ORIENTED_EDGE('',*,*,#791,.F.);
#3807 = B_SPLINE_SURFACE_WITH_KNOTS('',3,1,(
    (#3808,#3809)
    ,(#3810,#3811)
    ,(#3812,#3813)
    ,(#3814,#3815
    )),.UNSPECIFIED.,.F.,.F.,.F.,(4,4),(2,2),(4.,5.),(0.,1.),
  .PIECEWISE_BEZIER_KNOTS.);
#3808 = CARTESIAN_POINT('',(1.419143297525,0.21666077457,0.90175048604)
  );
#3809 = CARTESIAN_POINT('',(1.418153029457,0.21666077457,0.901611312939)
  );
#3810 = CARTESIAN_POINT('',(1.418348859755,0.222790147486,0.9074032045)
  );
#3811 = CARTESIAN_POINT('',(1.417358591686,0.222790147486,0.907264031399
    ));
#3812 = CARTESIAN_POINT('',(1.417293950584,0.225862632129,0.914909273275
    ));
#3813 = CARTESIAN_POINT('',(1.416303682515,0.225862632129,0.914770100174
    ));
#3814 = CARTESIAN_POINT('',(1.415978570012,0.225862632129,0.924268692364
    ));
#3815 = CARTESIAN_POINT('',(1.414988301944,0.225862632129,0.924129519263
    ));
#3816 = ADVANCED_FACE('',(#3817),#3827,.F.);
#3817 = FACE_BOUND('',#3818,.F.);
#3818 = EDGE_LOOP('',(#3819,#3820,#3821,#3826));
#3819 = ORIENTED_EDGE('',*,*,#3802,.F.);
#3820 = ORIENTED_EDGE('',*,*,#3663,.T.);
#3821 = ORIENTED_EDGE('',*,*,#3822,.T.);
#3822 = EDGE_CURVE('',#3664,#774,#3823,.T.);
#3823 = B_SPLINE_CURVE_WITH_KNOTS('',1,(#3824,#3825),.UNSPECIFIED.,.F.,
  .F.,(2,2),(-0.,1.E-03),.PIECEWISE_BEZIER_KNOTS.);
#3824 = CARTESIAN_POINT('',(1.41296578415,0.21666077457,0.945705777671)
  );
#3825 = CARTESIAN_POINT('',(1.411975516081,0.21666077457,0.94556660457)
  );
#3826 = ORIENTED_EDGE('',*,*,#782,.F.);
#3827 = B_SPLINE_SURFACE_WITH_KNOTS('',3,1,(
    (#3828,#3829)
    ,(#3830,#3831)
    ,(#3832,#3833)
    ,(#3834,#3835
    )),.UNSPECIFIED.,.F.,.F.,.F.,(4,4),(2,2),(3.,4.),(0.,1.),
  .PIECEWISE_BEZIER_KNOTS.);
#3828 = CARTESIAN_POINT('',(1.415978570012,0.225862632129,0.924268692364
    ));
#3829 = CARTESIAN_POINT('',(1.414988301944,0.225862632129,0.924129519263
    ));
#3830 = CARTESIAN_POINT('',(1.414719624911,0.225862632129,0.933226552218
    ));
#3831 = CARTESIAN_POINT('',(1.413729356843,0.225862632129,0.933087379118
    ));
#3832 = CARTESIAN_POINT('',(1.41371681002,0.222790147486,0.94036195093)
  );
#3833 = CARTESIAN_POINT('',(1.412726541952,0.222790147486,0.940222777829
    ));
#3834 = CARTESIAN_POINT('',(1.41296578415,0.21666077457,0.945705777671)
  );
#3835 = CARTESIAN_POINT('',(1.411975516081,0.21666077457,0.94556660457)
  );
#3836 = ADVANCED_FACE('',(#3837),#3847,.F.);
#3837 = FACE_BOUND('',#3838,.F.);
#3838 = EDGE_LOOP('',(#3839,#3840,#3841,#3846));
#3839 = ORIENTED_EDGE('',*,*,#3822,.F.);
#3840 = ORIENTED_EDGE('',*,*,#3672,.T.);
#3841 = ORIENTED_EDGE('',*,*,#3842,.T.);
#3842 = EDGE_CURVE('',#3673,#767,#3843,.T.);
#3843 = B_SPLINE_CURVE_WITH_KNOTS('',1,(#3844,#3845),.UNSPECIFIED.,.F.,
  .F.,(2,2),(-0.,1.E-03),.PIECEWISE_BEZIER_KNOTS.);
#3844 = CARTESIAN_POINT('',(1.411841415939,0.193593745196,0.953706073197
    ));
#3845 = CARTESIAN_POINT('',(1.41085114787,0.193593745196,0.953566900096)
  );
#3846 = ORIENTED_EDGE('',*,*,#773,.F.);
#3847 = B_SPLINE_SURFACE_WITH_KNOTS('',3,1,(
    (#3848,#3849)
    ,(#3850,#3851)
    ,(#3852,#3853)
    ,(#3854,#3855
    )),.UNSPECIFIED.,.F.,.F.,.F.,(4,4),(2,2),(2.,3.),(0.,1.),
  .PIECEWISE_BEZIER_KNOTS.);
#3848 = CARTESIAN_POINT('',(1.41296578415,0.21666077457,0.945705777671)
  );
#3849 = CARTESIAN_POINT('',(1.411975516081,0.21666077457,0.94556660457)
  );
#3850 = CARTESIAN_POINT('',(1.412214758279,0.210531401653,0.951049604412
    ));
#3851 = CARTESIAN_POINT('',(1.41122449021,0.210531401653,0.950910431311)
  );
#3852 = CARTESIAN_POINT('',(1.411841415939,0.202842391862,0.953706073197
    ));
#3853 = CARTESIAN_POINT('',(1.41085114787,0.202842391862,0.953566900096)
  );
#3854 = CARTESIAN_POINT('',(1.411841415939,0.193593745196,0.953706073197
    ));
#3855 = CARTESIAN_POINT('',(1.41085114787,0.193593745196,0.953566900096)
  );
#3856 = ADVANCED_FACE('',(#3857),#3867,.F.);
#3857 = FACE_BOUND('',#3858,.T.);
#3858 = EDGE_LOOP('',(#3859,#3860,#3865,#3866));
#3859 = ORIENTED_EDGE('',*,*,#766,.T.);
#3860 = ORIENTED_EDGE('',*,*,#3861,.F.);
#3861 = EDGE_CURVE('',#3682,#760,#3862,.T.);
#3862 = B_SPLINE_CURVE_WITH_KNOTS('',1,(#3863,#3864),.UNSPECIFIED.,.F.,
  .F.,(2,2),(-0.,1.E-03),.PIECEWISE_BEZIER_KNOTS.);
#3863 = CARTESIAN_POINT('',(1.411841415939,0.176188197677,0.953706073197
    ));
#3864 = CARTESIAN_POINT('',(1.41085114787,0.176188197677,0.953566900096)
  );
#3865 = ORIENTED_EDGE('',*,*,#3681,.F.);
#3866 = ORIENTED_EDGE('',*,*,#3842,.T.);
#3867 = B_SPLINE_SURFACE_WITH_KNOTS('',1,1,(
    (#3868,#3869)
    ,(#3870,#3871)),.UNSPECIFIED.,.F.,.F.,.F.,(2,2),(2,2),(0.,1.E-03),(
    -2.775557561563E-17,1.740554751927E-02),.PIECEWISE_BEZIER_KNOTS.);
#3868 = CARTESIAN_POINT('',(1.411841415939,0.176188197677,0.953706073197
    ));
#3869 = CARTESIAN_POINT('',(1.411841415939,0.193593745196,0.953706073197
    ));
#3870 = CARTESIAN_POINT('',(1.41085114787,0.176188197677,0.953566900096)
  );
#3871 = CARTESIAN_POINT('',(1.41085114787,0.193593745196,0.953566900096)
  );
#3872 = ADVANCED_FACE('',(#3873),#3879,.F.);
#3873 = FACE_BOUND('',#3874,.T.);
#3874 = EDGE_LOOP('',(#3875,#3876,#3877,#3878));
#3875 = ORIENTED_EDGE('',*,*,#759,.T.);
#3876 = ORIENTED_EDGE('',*,*,#3767,.F.);
#3877 = ORIENTED_EDGE('',*,*,#3688,.F.);
#3878 = ORIENTED_EDGE('',*,*,#3861,.T.);
#3879 = B_SPLINE_SURFACE_WITH_KNOTS('',1,1,(
    (#3880,#3881)
    ,(#3882,#3883
    )),.UNSPECIFIED.,.F.,.F.,.F.,(2,2),(2,2),(-1.391731009601E-04,
    6.041922026077E-02),(-9.481635716258E-03,0.),
  .PIECEWISE_BEZIER_KNOTS.);
#3880 = CARTESIAN_POINT('',(1.41085114787,0.176188197677,0.893147679835)
  );
#3881 = CARTESIAN_POINT('',(1.420332783586,0.176188197677,0.893147679835
    ));
#3882 = CARTESIAN_POINT('',(1.41085114787,0.176188197677,0.953706073197)
  );
#3883 = CARTESIAN_POINT('',(1.420332783586,0.176188197677,0.953706073197
    ));
#3884 = ADVANCED_FACE('',(#3885),#3907,.T.);
#3885 = FACE_BOUND('',#3886,.T.);
#3886 = EDGE_LOOP('',(#3887,#3896,#3901,#3902));
#3887 = ORIENTED_EDGE('',*,*,#3888,.F.);
#3888 = EDGE_CURVE('',#3889,#3891,#3893,.T.);
#3889 = VERTEX_POINT('',#3890);
#3890 = CARTESIAN_POINT('',(1.411827915621,0.193281817821,0.946616836415
    ));
#3891 = VERTEX_POINT('',#3892);
#3892 = CARTESIAN_POINT('',(1.411827915621,0.184064363893,0.946616836415
    ));
#3893 = B_SPLINE_CURVE_WITH_KNOTS('',1,(#3894,#3895),.UNSPECIFIED.,.F.,
  .F.,(2,2),(3.917696442076E-30,9.217453927626E-03),
  .PIECEWISE_BEZIER_KNOTS.);
#3894 = CARTESIAN_POINT('',(1.411827915621,0.193281817821,0.946616836415
    ));
#3895 = CARTESIAN_POINT('',(1.411827915621,0.184064363893,0.946616836415
    ));
#3896 = ORIENTED_EDGE('',*,*,#3897,.F.);
#3897 = EDGE_CURVE('',#3705,#3889,#3898,.T.);
#3898 = B_SPLINE_CURVE_WITH_KNOTS('',1,(#3899,#3900),.UNSPECIFIED.,.F.,
  .F.,(2,2),(-0.,1.E-03),.PIECEWISE_BEZIER_KNOTS.);
#3899 = CARTESIAN_POINT('',(1.41281818369,0.193281817821,0.946756009516)
  );
#3900 = CARTESIAN_POINT('',(1.411827915621,0.193281817821,0.946616836415
    ));
#3901 = ORIENTED_EDGE('',*,*,#3704,.T.);
#3902 = ORIENTED_EDGE('',*,*,#3903,.T.);
#3903 = EDGE_CURVE('',#3696,#3891,#3904,.T.);
#3904 = B_SPLINE_CURVE_WITH_KNOTS('',1,(#3905,#3906),.UNSPECIFIED.,.F.,
  .F.,(2,2),(-0.,1.E-03),.PIECEWISE_BEZIER_KNOTS.);
#3905 = CARTESIAN_POINT('',(1.41281818369,0.184064363893,0.946756009516)
  );
#3906 = CARTESIAN_POINT('',(1.411827915621,0.184064363893,0.946616836415
    ));
#3907 = B_SPLINE_SURFACE_WITH_KNOTS('',1,1,(
    (#3908,#3909)
    ,(#3910,#3911
    )),.UNSPECIFIED.,.F.,.F.,.F.,(2,2),(2,2),(-2.198836820936E-16,1.E-03
    ),(-9.217453927626E-03,-3.599544960625E-31),
  .PIECEWISE_BEZIER_KNOTS.);
#3908 = CARTESIAN_POINT('',(1.41281818369,0.184064363893,0.946756009516)
  );
#3909 = CARTESIAN_POINT('',(1.41281818369,0.193281817821,0.946756009516)
  );
#3910 = CARTESIAN_POINT('',(1.411827915621,0.184064363893,0.946616836415
    ));
#3911 = CARTESIAN_POINT('',(1.411827915621,0.193281817821,0.946616836415
    ));
#3912 = ADVANCED_FACE('',(#3913),#3929,.T.);
#3913 = FACE_BOUND('',#3914,.T.);
#3914 = EDGE_LOOP('',(#3915,#3922,#3923,#3924));
#3915 = ORIENTED_EDGE('',*,*,#3916,.F.);
#3916 = EDGE_CURVE('',#3891,#3917,#3919,.T.);
#3917 = VERTEX_POINT('',#3918);
#3918 = CARTESIAN_POINT('',(1.418374430147,0.184064363893,0.900035965171
    ));
#3919 = B_SPLINE_CURVE_WITH_KNOTS('',1,(#3920,#3921),.UNSPECIFIED.,.F.,
  .F.,(2,2),(-1.279486404251E-31,4.703864813422E-02),
  .PIECEWISE_BEZIER_KNOTS.);
#3920 = CARTESIAN_POINT('',(1.411827915621,0.184064363893,0.946616836415
    ));
#3921 = CARTESIAN_POINT('',(1.418374430147,0.184064363893,0.900035965171
    ));
#3922 = ORIENTED_EDGE('',*,*,#3903,.F.);
#3923 = ORIENTED_EDGE('',*,*,#3695,.T.);
#3924 = ORIENTED_EDGE('',*,*,#3925,.T.);
#3925 = EDGE_CURVE('',#3698,#3917,#3926,.T.);
#3926 = B_SPLINE_CURVE_WITH_KNOTS('',1,(#3927,#3928),.UNSPECIFIED.,.F.,
  .F.,(2,2),(-0.,1.E-03),.PIECEWISE_BEZIER_KNOTS.);
#3927 = CARTESIAN_POINT('',(1.419364698215,0.184064363893,0.900175138272
    ));
#3928 = CARTESIAN_POINT('',(1.418374430147,0.184064363893,0.900035965171
    ));
#3929 = B_SPLINE_SURFACE_WITH_KNOTS('',1,1,(
    (#3930,#3931)
    ,(#3932,#3933
    )),.UNSPECIFIED.,.F.,.F.,.F.,(2,2),(2,2),(-4.672004434505E-02,0.),(
    -9.902680687417E-04,6.546514525809E-03),.PIECEWISE_BEZIER_KNOTS.);
#3930 = CARTESIAN_POINT('',(1.411827915621,0.184064363893,0.900035965171
    ));
#3931 = CARTESIAN_POINT('',(1.419364698215,0.184064363893,0.900035965171
    ));
#3932 = CARTESIAN_POINT('',(1.411827915621,0.184064363893,0.946756009516
    ));
#3933 = CARTESIAN_POINT('',(1.419364698215,0.184064363893,0.946756009516
    ));
#3934 = ADVANCED_FACE('',(#3935),#3951,.T.);
#3935 = FACE_BOUND('',#3936,.T.);
#3936 = EDGE_LOOP('',(#3937,#3944,#3945,#3946));
#3937 = ORIENTED_EDGE('',*,*,#3938,.F.);
#3938 = EDGE_CURVE('',#3917,#3939,#3941,.T.);
#3939 = VERTEX_POINT('',#3940);
#3940 = CARTESIAN_POINT('',(1.418374430147,0.19292310134,0.900035965171)
  );
#3941 = B_SPLINE_CURVE_WITH_KNOTS('',1,(#3942,#3943),.UNSPECIFIED.,.F.,
  .F.,(2,2),(0.,8.858737446905E-03),.PIECEWISE_BEZIER_KNOTS.);
#3942 = CARTESIAN_POINT('',(1.418374430147,0.184064363893,0.900035965171
    ));
#3943 = CARTESIAN_POINT('',(1.418374430147,0.19292310134,0.900035965171)
  );
#3944 = ORIENTED_EDGE('',*,*,#3925,.F.);
#3945 = ORIENTED_EDGE('',*,*,#3747,.T.);
#3946 = ORIENTED_EDGE('',*,*,#3947,.T.);
#3947 = EDGE_CURVE('',#3739,#3939,#3948,.T.);
#3948 = B_SPLINE_CURVE_WITH_KNOTS('',1,(#3949,#3950),.UNSPECIFIED.,.F.,
  .F.,(2,2),(-0.,9.999999999999E-04),.PIECEWISE_BEZIER_KNOTS.);
#3949 = CARTESIAN_POINT('',(1.419364698215,0.19292310134,0.900175138272)
  );
#3950 = CARTESIAN_POINT('',(1.418374430147,0.19292310134,0.900035965171)
  );
#3951 = B_SPLINE_SURFACE_WITH_KNOTS('',1,1,(
    (#3952,#3953)
    ,(#3954,#3955
    )),.UNSPECIFIED.,.F.,.F.,.F.,(2,2),(2,2),(-1.E-03,0.),(0.,
    8.858737446905E-03),.PIECEWISE_BEZIER_KNOTS.);
#3952 = CARTESIAN_POINT('',(1.418374430147,0.184064363893,0.900035965171
    ));
#3953 = CARTESIAN_POINT('',(1.418374430147,0.19292310134,0.900035965171)
  );
#3954 = CARTESIAN_POINT('',(1.419364698215,0.184064363893,0.900175138272
    ));
#3955 = CARTESIAN_POINT('',(1.419364698215,0.19292310134,0.900175138272)
  );
#3956 = ADVANCED_FACE('',(#3957),#3975,.T.);
#3957 = FACE_BOUND('',#3958,.T.);
#3958 = EDGE_LOOP('',(#3959,#3968,#3969,#3970));
#3959 = ORIENTED_EDGE('',*,*,#3960,.F.);
#3960 = EDGE_CURVE('',#3939,#3961,#3963,.T.);
#3961 = VERTEX_POINT('',#3962);
#3962 = CARTESIAN_POINT('',(1.417488827386,0.21106167819,0.906337356241)
  );
#3963 = B_SPLINE_CURVE_WITH_KNOTS('',3,(#3964,#3965,#3966,#3967),
  .UNSPECIFIED.,.F.,.F.,(4,4),(2.,3.),.PIECEWISE_BEZIER_KNOTS.);
#3964 = CARTESIAN_POINT('',(1.418374430147,0.19292310134,0.900035965171)
  );
#3965 = CARTESIAN_POINT('',(1.418374430147,0.200674496606,0.900035965171
    ));
#3966 = CARTESIAN_POINT('',(1.418079229226,0.206725887679,0.902136428861
    ));
#3967 = CARTESIAN_POINT('',(1.417488827386,0.21106167819,0.906337356241)
  );
#3968 = ORIENTED_EDGE('',*,*,#3947,.F.);
#3969 = ORIENTED_EDGE('',*,*,#3738,.T.);
#3970 = ORIENTED_EDGE('',*,*,#3971,.T.);
#3971 = EDGE_CURVE('',#3730,#3961,#3972,.T.);
#3972 = B_SPLINE_CURVE_WITH_KNOTS('',1,(#3973,#3974),.UNSPECIFIED.,.F.,
  .F.,(2,2),(-0.,1.E-03),.PIECEWISE_BEZIER_KNOTS.);
#3973 = CARTESIAN_POINT('',(1.418479095455,0.21106167819,0.906476529342)
  );
#3974 = CARTESIAN_POINT('',(1.417488827386,0.21106167819,0.906337356241)
  );
#3975 = B_SPLINE_SURFACE_WITH_KNOTS('',3,1,(
    (#3976,#3977)
    ,(#3978,#3979)
    ,(#3980,#3981)
    ,(#3982,#3983
    )),.UNSPECIFIED.,.F.,.F.,.F.,(4,4),(2,2),(2.,3.),(0.,1.),
  .PIECEWISE_BEZIER_KNOTS.);
#3976 = CARTESIAN_POINT('',(1.419364698215,0.19292310134,0.900175138272)
  );
#3977 = CARTESIAN_POINT('',(1.418374430147,0.19292310134,0.900035965171)
  );
#3978 = CARTESIAN_POINT('',(1.419364698215,0.200674496606,0.900175138272
    ));
#3979 = CARTESIAN_POINT('',(1.418374430147,0.200674496606,0.900035965171
    ));
#3980 = CARTESIAN_POINT('',(1.419069497295,0.206725887679,0.902275601962
    ));
#3981 = CARTESIAN_POINT('',(1.418079229226,0.206725887679,0.902136428861
    ));
#3982 = CARTESIAN_POINT('',(1.418479095455,0.21106167819,0.906476529342)
  );
#3983 = CARTESIAN_POINT('',(1.417488827386,0.21106167819,0.906337356241)
  );
#3984 = ADVANCED_FACE('',(#3985),#4003,.T.);
#3985 = FACE_BOUND('',#3986,.T.);
#3986 = EDGE_LOOP('',(#3987,#3996,#3997,#3998));
#3987 = ORIENTED_EDGE('',*,*,#3988,.F.);
#3988 = EDGE_CURVE('',#3961,#3989,#3991,.T.);
#3989 = VERTEX_POINT('',#3990);
#3990 = CARTESIAN_POINT('',(1.415018690274,0.217580960326,0.92391329506)
  );
#3991 = B_SPLINE_CURVE_WITH_KNOTS('',3,(#3992,#3993,#3994,#3995),
  .UNSPECIFIED.,.F.,.F.,(4,4),(3.,4.),.PIECEWISE_BEZIER_KNOTS.);
#3992 = CARTESIAN_POINT('',(1.417488827386,0.21106167819,0.906337356241)
  );
#3993 = CARTESIAN_POINT('',(1.416902766735,0.21541306507,0.91050739445)
  );
#3994 = CARTESIAN_POINT('',(1.416077940635,0.217580960326,0.916376337113
    ));
#3995 = CARTESIAN_POINT('',(1.415018690274,0.217580960326,0.92391329506)
  );
#3996 = ORIENTED_EDGE('',*,*,#3971,.F.);
#3997 = ORIENTED_EDGE('',*,*,#3729,.T.);
#3998 = ORIENTED_EDGE('',*,*,#3999,.T.);
#3999 = EDGE_CURVE('',#3721,#3989,#4000,.T.);
#4000 = B_SPLINE_CURVE_WITH_KNOTS('',1,(#4001,#4002),.UNSPECIFIED.,.F.,
  .F.,(2,2),(-0.,1.E-03),.PIECEWISE_BEZIER_KNOTS.);
#4001 = CARTESIAN_POINT('',(1.416008958343,0.217580960326,0.924052468161
    ));
#4002 = CARTESIAN_POINT('',(1.415018690274,0.217580960326,0.92391329506)
  );
#4003 = B_SPLINE_SURFACE_WITH_KNOTS('',3,1,(
    (#4004,#4005)
    ,(#4006,#4007)
    ,(#4008,#4009)
    ,(#4010,#4011
    )),.UNSPECIFIED.,.F.,.F.,.F.,(4,4),(2,2),(3.,4.),(0.,1.),
  .PIECEWISE_BEZIER_KNOTS.);
#4004 = CARTESIAN_POINT('',(1.418479095455,0.21106167819,0.906476529342)
  );
#4005 = CARTESIAN_POINT('',(1.417488827386,0.21106167819,0.906337356241)
  );
#4006 = CARTESIAN_POINT('',(1.417893034804,0.21541306507,0.910646567551)
  );
#4007 = CARTESIAN_POINT('',(1.416902766735,0.21541306507,0.91050739445)
  );
#4008 = CARTESIAN_POINT('',(1.417068208703,0.217580960326,0.916515510214
    ));
#4009 = CARTESIAN_POINT('',(1.416077940635,0.217580960326,0.916376337113
    ));
#4010 = CARTESIAN_POINT('',(1.416008958343,0.217580960326,0.924052468161
    ));
#4011 = CARTESIAN_POINT('',(1.415018690274,0.217580960326,0.92391329506)
  );
#4012 = ADVANCED_FACE('',(#4013),#4031,.T.);
#4013 = FACE_BOUND('',#4014,.T.);
#4014 = EDGE_LOOP('',(#4015,#4024,#4025,#4026));
#4015 = ORIENTED_EDGE('',*,*,#4016,.F.);
#4016 = EDGE_CURVE('',#3989,#4017,#4019,.T.);
#4017 = VERTEX_POINT('',#4018);
#4018 = CARTESIAN_POINT('',(1.412626694582,0.210890118134,0.940933228783
    ));
#4019 = B_SPLINE_CURVE_WITH_KNOTS('',3,(#4020,#4021,#4022,#4023),
  .UNSPECIFIED.,.F.,.F.,(4,4),(4.,5.),.PIECEWISE_BEZIER_KNOTS.);
#4020 = CARTESIAN_POINT('',(1.415018690274,0.217580960326,0.92391329506)
  );
#4021 = CARTESIAN_POINT('',(1.413959439913,0.217580960326,0.931450253006
    ));
#4022 = CARTESIAN_POINT('',(1.413160660952,0.215350679595,0.937133860638
    ));
#4023 = CARTESIAN_POINT('',(1.412626694582,0.210890118134,0.940933228783
    ));
#4024 = ORIENTED_EDGE('',*,*,#3999,.F.);
#4025 = ORIENTED_EDGE('',*,*,#3720,.T.);
#4026 = ORIENTED_EDGE('',*,*,#4027,.T.);
#4027 = EDGE_CURVE('',#3712,#4017,#4028,.T.);
#4028 = B_SPLINE_CURVE_WITH_KNOTS('',1,(#4029,#4030),.UNSPECIFIED.,.F.,
  .F.,(2,2),(-0.,1.E-03),.PIECEWISE_BEZIER_KNOTS.);
#4029 = CARTESIAN_POINT('',(1.41361696265,0.210890118134,0.941072401884)
  );
#4030 = CARTESIAN_POINT('',(1.412626694582,0.210890118134,0.940933228783
    ));
#4031 = B_SPLINE_SURFACE_WITH_KNOTS('',3,1,(
    (#4032,#4033)
    ,(#4034,#4035)
    ,(#4036,#4037)
    ,(#4038,#4039
    )),.UNSPECIFIED.,.F.,.F.,.F.,(4,4),(2,2),(4.,5.),(0.,1.),
  .PIECEWISE_BEZIER_KNOTS.);
#4032 = CARTESIAN_POINT('',(1.416008958343,0.217580960326,0.924052468161
    ));
#4033 = CARTESIAN_POINT('',(1.415018690274,0.217580960326,0.92391329506)
  );
#4034 = CARTESIAN_POINT('',(1.414949707982,0.217580960326,0.931589426107
    ));
#4035 = CARTESIAN_POINT('',(1.413959439913,0.217580960326,0.931450253006
    ));
#4036 = CARTESIAN_POINT('',(1.414150929021,0.215350679595,0.937273033739
    ));
#4037 = CARTESIAN_POINT('',(1.413160660952,0.215350679595,0.937133860638
    ));
#4038 = CARTESIAN_POINT('',(1.41361696265,0.210890118134,0.941072401884)
  );
#4039 = CARTESIAN_POINT('',(1.412626694582,0.210890118134,0.940933228783
    ));
#4040 = ADVANCED_FACE('',(#4041),#4053,.T.);
#4041 = FACE_BOUND('',#4042,.T.);
#4042 = EDGE_LOOP('',(#4043,#4050,#4051,#4052));
#4043 = ORIENTED_EDGE('',*,*,#4044,.F.);
#4044 = EDGE_CURVE('',#4017,#3889,#4045,.T.);
#4045 = B_SPLINE_CURVE_WITH_KNOTS('',3,(#4046,#4047,#4048,#4049),
  .UNSPECIFIED.,.F.,.F.,(4,4),(5.,6.),.PIECEWISE_BEZIER_KNOTS.);
#4046 = CARTESIAN_POINT('',(1.412626694582,0.210890118134,0.940933228783
    ));
#4047 = CARTESIAN_POINT('',(1.412092728211,0.206429556673,0.944732596929
    ));
#4048 = CARTESIAN_POINT('',(1.411827915621,0.200549725656,0.946616836415
    ));
#4049 = CARTESIAN_POINT('',(1.411827915621,0.193281817821,0.946616836415
    ));
#4050 = ORIENTED_EDGE('',*,*,#4027,.F.);
#4051 = ORIENTED_EDGE('',*,*,#3711,.T.);
#4052 = ORIENTED_EDGE('',*,*,#3897,.T.);
#4053 = B_SPLINE_SURFACE_WITH_KNOTS('',3,1,(
    (#4054,#4055)
    ,(#4056,#4057)
    ,(#4058,#4059)
    ,(#4060,#4061
    )),.UNSPECIFIED.,.F.,.F.,.F.,(4,4),(2,2),(5.,6.),(0.,1.),
  .PIECEWISE_BEZIER_KNOTS.);
#4054 = CARTESIAN_POINT('',(1.41361696265,0.210890118134,0.941072401884)
  );
#4055 = CARTESIAN_POINT('',(1.412626694582,0.210890118134,0.940933228783
    ));
#4056 = CARTESIAN_POINT('',(1.41308299628,0.206429556673,0.94487177003)
  );
#4057 = CARTESIAN_POINT('',(1.412092728211,0.206429556673,0.944732596929
    ));
#4058 = CARTESIAN_POINT('',(1.41281818369,0.200549725656,0.946756009516)
  );
#4059 = CARTESIAN_POINT('',(1.411827915621,0.200549725656,0.946616836415
    ));
#4060 = CARTESIAN_POINT('',(1.41281818369,0.193281817821,0.946756009516)
  );
#4061 = CARTESIAN_POINT('',(1.411827915621,0.193281817821,0.946616836415
    ));
#4062 = ADVANCED_FACE('',(#4063),#4072,.T.);
#4063 = FACE_BOUND('',#4064,.T.);
#4064 = EDGE_LOOP('',(#4065,#4066,#4067,#4068,#4069,#4070,#4071));
#4065 = ORIENTED_EDGE('',*,*,#3888,.T.);
#4066 = ORIENTED_EDGE('',*,*,#3916,.T.);
#4067 = ORIENTED_EDGE('',*,*,#3938,.T.);
#4068 = ORIENTED_EDGE('',*,*,#3960,.T.);
#4069 = ORIENTED_EDGE('',*,*,#3988,.T.);
#4070 = ORIENTED_EDGE('',*,*,#4016,.T.);
#4071 = ORIENTED_EDGE('',*,*,#4044,.T.);
#4072 = B_SPLINE_SURFACE_WITH_KNOTS('',1,1,(
    (#4073,#4074)
    ,(#4075,#4076
    )),.UNSPECIFIED.,.F.,.F.,.F.,(2,2),(2,2),(-0.217580960326,
    -0.184064363893),(0.154898972723,0.201937620858),
  .PIECEWISE_BEZIER_KNOTS.);
#4073 = CARTESIAN_POINT('',(1.411827915621,0.217580960326,0.946616836415
    ));
#4074 = CARTESIAN_POINT('',(1.418374430147,0.217580960326,0.900035965171
    ));
#4075 = CARTESIAN_POINT('',(1.411827915621,0.184064363893,0.946616836415
    ));
#4076 = CARTESIAN_POINT('',(1.418374430147,0.184064363893,0.900035965171
    ));
#4077 = ADVANCED_FACE('',(#4078,#4136),#4184,.F.);
#4078 = FACE_BOUND('',#4079,.T.);
#4079 = EDGE_LOOP('',(#4080,#4089,#4096,#4103,#4110,#4117,#4124,#4131));
#4080 = ORIENTED_EDGE('',*,*,#4081,.T.);
#4081 = EDGE_CURVE('',#4082,#4084,#4086,.T.);
#4082 = VERTEX_POINT('',#4083);
#4083 = CARTESIAN_POINT('',(1.420332783586,0.284146262128,0.893286852936
    ));
#4084 = VERTEX_POINT('',#4085);
#4085 = CARTESIAN_POINT('',(1.411841415939,0.260907672698,0.953706073197
    ));
#4086 = B_SPLINE_CURVE_WITH_KNOTS('',1,(#4087,#4088),.UNSPECIFIED.,.F.,
  .F.,(2,2),(-6.528872444865E-02,0.),.PIECEWISE_BEZIER_KNOTS.);
#4087 = CARTESIAN_POINT('',(1.420332783586,0.284146262128,0.893286852936
    ));
#4088 = CARTESIAN_POINT('',(1.411841415939,0.260907672698,0.953706073197
    ));
#4089 = ORIENTED_EDGE('',*,*,#4090,.T.);
#4090 = EDGE_CURVE('',#4084,#4091,#4093,.T.);
#4091 = VERTEX_POINT('',#4092);
#4092 = CARTESIAN_POINT('',(1.411841415939,0.252485633576,0.953706073197
    ));
#4093 = B_SPLINE_CURVE_WITH_KNOTS('',1,(#4094,#4095),.UNSPECIFIED.,.F.,
  .F.,(2,2),(-8.422039122135E-03,0.),.PIECEWISE_BEZIER_KNOTS.);
#4094 = CARTESIAN_POINT('',(1.411841415939,0.260907672698,0.953706073197
    ));
#4095 = CARTESIAN_POINT('',(1.411841415939,0.252485633576,0.953706073197
    ));
#4096 = ORIENTED_EDGE('',*,*,#4097,.T.);
#4097 = EDGE_CURVE('',#4091,#4098,#4100,.T.);
#4098 = VERTEX_POINT('',#4099);
#4099 = CARTESIAN_POINT('',(1.420332783586,0.229247044147,0.893286852936
    ));
#4100 = B_SPLINE_CURVE_WITH_KNOTS('',1,(#4101,#4102),.UNSPECIFIED.,.F.,
  .F.,(2,2),(-6.528872444851E-02,0.),.PIECEWISE_BEZIER_KNOTS.);
#4101 = CARTESIAN_POINT('',(1.411841415939,0.252485633576,0.953706073197
    ));
#4102 = CARTESIAN_POINT('',(1.420332783586,0.229247044147,0.893286852936
    ));
#4103 = ORIENTED_EDGE('',*,*,#4104,.T.);
#4104 = EDGE_CURVE('',#4098,#4105,#4107,.T.);
#4105 = VERTEX_POINT('',#4106);
#4106 = CARTESIAN_POINT('',(1.420332783586,0.237949817906,0.893286852936
    ));
#4107 = B_SPLINE_CURVE_WITH_KNOTS('',1,(#4108,#4109),.UNSPECIFIED.,.F.,
  .F.,(2,2),(-8.70277375922E-03,0.),.PIECEWISE_BEZIER_KNOTS.);
#4108 = CARTESIAN_POINT('',(1.420332783586,0.229247044147,0.893286852936
    ));
#4109 = CARTESIAN_POINT('',(1.420332783586,0.237949817906,0.893286852936
    ));
#4110 = ORIENTED_EDGE('',*,*,#4111,.T.);
#4111 = EDGE_CURVE('',#4105,#4112,#4114,.T.);
#4112 = VERTEX_POINT('',#4113);
#4113 = CARTESIAN_POINT('',(1.418010246934,0.243814052554,0.909812559909
    ));
#4114 = B_SPLINE_CURVE_WITH_KNOTS('',1,(#4115,#4116),.UNSPECIFIED.,.F.,
  .F.,(2,2),(-1.768848256562E-02,0.),.PIECEWISE_BEZIER_KNOTS.);
#4115 = CARTESIAN_POINT('',(1.420332783586,0.237949817906,0.893286852936
    ));
#4116 = CARTESIAN_POINT('',(1.418010246934,0.243814052554,0.909812559909
    ));
#4117 = ORIENTED_EDGE('',*,*,#4118,.T.);
#4118 = EDGE_CURVE('',#4112,#4119,#4121,.T.);
#4119 = VERTEX_POINT('',#4120);
#4120 = CARTESIAN_POINT('',(1.418010246934,0.269220537239,0.909812559909
    ));
#4121 = B_SPLINE_CURVE_WITH_KNOTS('',1,(#4122,#4123),.UNSPECIFIED.,.F.,
  .F.,(2,2),(-2.540648468536E-02,0.),.PIECEWISE_BEZIER_KNOTS.);
#4122 = CARTESIAN_POINT('',(1.418010246934,0.243814052554,0.909812559909
    ));
#4123 = CARTESIAN_POINT('',(1.418010246934,0.269220537239,0.909812559909
    ));
#4124 = ORIENTED_EDGE('',*,*,#4125,.T.);
#4125 = EDGE_CURVE('',#4119,#4126,#4128,.T.);
#4126 = VERTEX_POINT('',#4127);
#4127 = CARTESIAN_POINT('',(1.420332783586,0.275443488369,0.893286852936
    ));
#4128 = B_SPLINE_CURVE_WITH_KNOTS('',1,(#4129,#4130),.UNSPECIFIED.,.F.,
  .F.,(2,2),(-1.781062290385E-02,0.),.PIECEWISE_BEZIER_KNOTS.);
#4129 = CARTESIAN_POINT('',(1.418010246934,0.269220537239,0.909812559909
    ));
#4130 = CARTESIAN_POINT('',(1.420332783586,0.275443488369,0.893286852936
    ));
#4131 = ORIENTED_EDGE('',*,*,#4132,.T.);
#4132 = EDGE_CURVE('',#4126,#4082,#4133,.T.);
#4133 = B_SPLINE_CURVE_WITH_KNOTS('',1,(#4134,#4135),.UNSPECIFIED.,.F.,
  .F.,(2,2),(-8.702773759636E-03,0.),.PIECEWISE_BEZIER_KNOTS.);
#4134 = CARTESIAN_POINT('',(1.420332783586,0.275443488369,0.893286852936
    ));
#4135 = CARTESIAN_POINT('',(1.420332783586,0.284146262128,0.893286852936
    ));
#4136 = FACE_BOUND('',#4137,.T.);
#4137 = EDGE_LOOP('',(#4138,#4147,#4154,#4163,#4170,#4179));
#4138 = ORIENTED_EDGE('',*,*,#4139,.F.);
#4139 = EDGE_CURVE('',#4140,#4142,#4144,.T.);
#4140 = VERTEX_POINT('',#4141);
#4141 = CARTESIAN_POINT('',(1.417050843943,0.246309471553,0.916639066902
    ));
#4142 = VERTEX_POINT('',#4143);
#4143 = CARTESIAN_POINT('',(1.417050843943,0.266787503715,0.916639066902
    ));
#4144 = B_SPLINE_CURVE_WITH_KNOTS('',1,(#4145,#4146),.UNSPECIFIED.,.F.,
  .F.,(2,2),(0.,2.047803216181E-02),.PIECEWISE_BEZIER_KNOTS.);
#4145 = CARTESIAN_POINT('',(1.417050843943,0.246309471553,0.916639066902
    ));
#4146 = CARTESIAN_POINT('',(1.417050843943,0.266787503715,0.916639066902
    ));
#4147 = ORIENTED_EDGE('',*,*,#4148,.F.);
#4148 = EDGE_CURVE('',#4149,#4140,#4151,.T.);
#4149 = VERTEX_POINT('',#4150);
#4150 = CARTESIAN_POINT('',(1.41352145647,0.255433347269,0.941751963667)
  );
#4151 = B_SPLINE_CURVE_WITH_KNOTS('',1,(#4152,#4153),.UNSPECIFIED.,.F.,
  .F.,(2,2),(1.879246948689E-17,2.695105318764E-02),
  .PIECEWISE_BEZIER_KNOTS.);
#4152 = CARTESIAN_POINT('',(1.41352145647,0.255433347269,0.941751963667)
  );
#4153 = CARTESIAN_POINT('',(1.417050843943,0.246309471553,0.916639066902
    ));
#4154 = ORIENTED_EDGE('',*,*,#4155,.F.);
#4155 = EDGE_CURVE('',#4156,#4149,#4158,.T.);
#4156 = VERTEX_POINT('',#4157);
#4157 = CARTESIAN_POINT('',(1.41292671344,0.256431514869,0.945983780219)
  );
#4158 = B_SPLINE_CURVE_WITH_KNOTS('',3,(#4159,#4160,#4161,#4162),
  .UNSPECIFIED.,.F.,.F.,(4,4),(3.,4.),.PIECEWISE_BEZIER_KNOTS.);
#4159 = CARTESIAN_POINT('',(1.41292671344,0.256431514869,0.945983780219)
  );
#4160 = CARTESIAN_POINT('',(1.41318284365,0.256135183863,0.944161319076)
  );
#4161 = CARTESIAN_POINT('',(1.41338253839,0.255807660119,0.942740417168)
  );
#4162 = CARTESIAN_POINT('',(1.41352145647,0.255433347269,0.941751963667)
  );
#4163 = ORIENTED_EDGE('',*,*,#4164,.F.);
#4164 = EDGE_CURVE('',#4165,#4156,#4167,.T.);
#4165 = VERTEX_POINT('',#4166);
#4166 = CARTESIAN_POINT('',(1.41292671344,0.256618671293,0.945983780219)
  );
#4167 = B_SPLINE_CURVE_WITH_KNOTS('',1,(#4168,#4169),.UNSPECIFIED.,.F.,
  .F.,(2,2),(0.,1.871564247238E-04),.PIECEWISE_BEZIER_KNOTS.);
#4168 = CARTESIAN_POINT('',(1.41292671344,0.256618671293,0.945983780219)
  );
#4169 = CARTESIAN_POINT('',(1.41292671344,0.256431514869,0.945983780219)
  );
#4170 = ORIENTED_EDGE('',*,*,#4171,.F.);
#4171 = EDGE_CURVE('',#4172,#4165,#4174,.T.);
#4172 = VERTEX_POINT('',#4173);
#4173 = CARTESIAN_POINT('',(1.41352145647,0.257570049787,0.941751963667)
  );
#4174 = B_SPLINE_CURVE_WITH_KNOTS('',3,(#4175,#4176,#4177,#4178),
  .UNSPECIFIED.,.F.,.F.,(4,4),(1.,2.),.PIECEWISE_BEZIER_KNOTS.);
#4175 = CARTESIAN_POINT('',(1.41352145647,0.257570049787,0.941751963667)
  );
#4176 = CARTESIAN_POINT('',(1.41340424434,0.257273718781,0.942585971308)
  );
#4177 = CARTESIAN_POINT('',(1.41320889079,0.256961791406,0.943975984044)
  );
#4178 = CARTESIAN_POINT('',(1.41292671344,0.256618671293,0.945983780219)
  );
#4179 = ORIENTED_EDGE('',*,*,#4180,.F.);
#4180 = EDGE_CURVE('',#4142,#4172,#4181,.T.);
#4181 = B_SPLINE_CURVE_WITH_KNOTS('',1,(#4182,#4183),.UNSPECIFIED.,.F.,
  .F.,(2,2),(0.,2.698287636193E-02),.PIECEWISE_BEZIER_KNOTS.);
#4182 = CARTESIAN_POINT('',(1.417050843943,0.266787503715,0.916639066902
    ));
#4183 = CARTESIAN_POINT('',(1.41352145647,0.257570049787,0.941751963667)
  );
#4184 = B_SPLINE_SURFACE_WITH_KNOTS('',1,1,(
    (#4185,#4186)
    ,(#4187,#4188
    )),.UNSPECIFIED.,.F.,.F.,.F.,(2,2),(2,2),(0.686913067011,
    0.74792606154),(0.229247044147,0.284146262128),
  .PIECEWISE_BEZIER_KNOTS.);
#4185 = CARTESIAN_POINT('',(1.420332783586,0.229247044147,0.893286852936
    ));
#4186 = CARTESIAN_POINT('',(1.420332783586,0.284146262128,0.893286852936
    ));
#4187 = CARTESIAN_POINT('',(1.411841415939,0.229247044147,0.953706073197
    ));
#4188 = CARTESIAN_POINT('',(1.411841415939,0.284146262128,0.953706073197
    ));
#4189 = ADVANCED_FACE('',(#4190),#4204,.F.);
#4190 = FACE_BOUND('',#4191,.T.);
#4191 = EDGE_LOOP('',(#4192,#4193,#4198,#4199));
#4192 = ORIENTED_EDGE('',*,*,#1111,.T.);
#4193 = ORIENTED_EDGE('',*,*,#4194,.F.);
#4194 = EDGE_CURVE('',#4084,#1103,#4195,.T.);
#4195 = B_SPLINE_CURVE_WITH_KNOTS('',1,(#4196,#4197),.UNSPECIFIED.,.F.,
  .F.,(2,2),(-0.,1.E-03),.PIECEWISE_BEZIER_KNOTS.);
#4196 = CARTESIAN_POINT('',(1.411841415939,0.260907672698,0.953706073197
    ));
#4197 = CARTESIAN_POINT('',(1.41085114787,0.260907672698,0.953566900096)
  );
#4198 = ORIENTED_EDGE('',*,*,#4081,.F.);
#4199 = ORIENTED_EDGE('',*,*,#4200,.T.);
#4200 = EDGE_CURVE('',#4082,#1112,#4201,.T.);
#4201 = B_SPLINE_CURVE_WITH_KNOTS('',1,(#4202,#4203),.UNSPECIFIED.,.F.,
  .F.,(2,2),(-0.,1.E-03),.PIECEWISE_BEZIER_KNOTS.);
#4202 = CARTESIAN_POINT('',(1.420332783586,0.284146262128,0.893286852936
    ));
#4203 = CARTESIAN_POINT('',(1.419342515518,0.284146262128,0.893147679835
    ));
#4204 = B_SPLINE_SURFACE_WITH_KNOTS('',1,1,(
    (#4205,#4206)
    ,(#4207,#4208
    )),.UNSPECIFIED.,.F.,.F.,.F.,(2,2),(2,2),(0.,6.486302979532E-02),(
    -9.914853101765E-04,8.501805270283E-03),.PIECEWISE_BEZIER_KNOTS.);
#4205 = CARTESIAN_POINT('',(1.41085114787,0.260861717903,0.953688740305)
  );
#4206 = CARTESIAN_POINT('',(1.420332783586,0.261301726664,0.953854699577
    ));
#4207 = CARTESIAN_POINT('',(1.41085114787,0.283752208163,0.892999053455)
  );
#4208 = CARTESIAN_POINT('',(1.420332783586,0.284192216923,0.893165012727
    ));
#4209 = ADVANCED_FACE('',(#4210),#4220,.F.);
#4210 = FACE_BOUND('',#4211,.T.);
#4211 = EDGE_LOOP('',(#4212,#4213,#4218,#4219));
#4212 = ORIENTED_EDGE('',*,*,#1102,.T.);
#4213 = ORIENTED_EDGE('',*,*,#4214,.F.);
#4214 = EDGE_CURVE('',#4091,#1105,#4215,.T.);
#4215 = B_SPLINE_CURVE_WITH_KNOTS('',1,(#4216,#4217),.UNSPECIFIED.,.F.,
  .F.,(2,2),(-0.,1.E-03),.PIECEWISE_BEZIER_KNOTS.);
#4216 = CARTESIAN_POINT('',(1.411841415939,0.252485633576,0.953706073197
    ));
#4217 = CARTESIAN_POINT('',(1.41085114787,0.252485633576,0.953566900096)
  );
#4218 = ORIENTED_EDGE('',*,*,#4090,.F.);
#4219 = ORIENTED_EDGE('',*,*,#4194,.T.);
#4220 = B_SPLINE_SURFACE_WITH_KNOTS('',1,1,(
    (#4221,#4222)
    ,(#4223,#4224)),.UNSPECIFIED.,.F.,.F.,.F.,(2,2),(2,2),(0.,1.E-03),(
    -1.477717283474E-31,8.422039122135E-03),.PIECEWISE_BEZIER_KNOTS.);
#4221 = CARTESIAN_POINT('',(1.411841415939,0.252485633576,0.953706073197
    ));
#4222 = CARTESIAN_POINT('',(1.411841415939,0.260907672698,0.953706073197
    ));
#4223 = CARTESIAN_POINT('',(1.41085114787,0.252485633576,0.953566900096)
  );
#4224 = CARTESIAN_POINT('',(1.41085114787,0.260907672698,0.953566900096)
  );
#4225 = ADVANCED_FACE('',(#4226),#4236,.F.);
#4226 = FACE_BOUND('',#4227,.T.);
#4227 = EDGE_LOOP('',(#4228,#4229,#4234,#4235));
#4228 = ORIENTED_EDGE('',*,*,#1153,.T.);
#4229 = ORIENTED_EDGE('',*,*,#4230,.F.);
#4230 = EDGE_CURVE('',#4098,#1147,#4231,.T.);
#4231 = B_SPLINE_CURVE_WITH_KNOTS('',1,(#4232,#4233),.UNSPECIFIED.,.F.,
  .F.,(2,2),(-0.,1.E-03),.PIECEWISE_BEZIER_KNOTS.);
#4232 = CARTESIAN_POINT('',(1.420332783586,0.229247044147,0.893286852936
    ));
#4233 = CARTESIAN_POINT('',(1.419342515518,0.229247044147,0.893147679835
    ));
#4234 = ORIENTED_EDGE('',*,*,#4097,.F.);
#4235 = ORIENTED_EDGE('',*,*,#4214,.T.);
#4236 = B_SPLINE_SURFACE_WITH_KNOTS('',1,1,(
    (#4237,#4238)
    ,(#4239,#4240
    )),.UNSPECIFIED.,.F.,.F.,.F.,(2,2),(2,2),(-1.302185843283E-04,
    6.473281121085E-02),(-9.493290580458E-03,0.),
  .PIECEWISE_BEZIER_KNOTS.);
#4237 = CARTESIAN_POINT('',(1.41085114787,0.229641098112,0.892999053455)
  );
#4238 = CARTESIAN_POINT('',(1.420332783586,0.229201089352,0.893165012727
    ));
#4239 = CARTESIAN_POINT('',(1.41085114787,0.252531588371,0.953688740305)
  );
#4240 = CARTESIAN_POINT('',(1.420332783586,0.252091579611,0.953854699577
    ));
#4241 = ADVANCED_FACE('',(#4242),#4252,.F.);
#4242 = FACE_BOUND('',#4243,.T.);
#4243 = EDGE_LOOP('',(#4244,#4245,#4250,#4251));
#4244 = ORIENTED_EDGE('',*,*,#1146,.T.);
#4245 = ORIENTED_EDGE('',*,*,#4246,.F.);
#4246 = EDGE_CURVE('',#4105,#1140,#4247,.T.);
#4247 = B_SPLINE_CURVE_WITH_KNOTS('',1,(#4248,#4249),.UNSPECIFIED.,.F.,
  .F.,(2,2),(-0.,1.E-03),.PIECEWISE_BEZIER_KNOTS.);
#4248 = CARTESIAN_POINT('',(1.420332783586,0.237949817906,0.893286852936
    ));
#4249 = CARTESIAN_POINT('',(1.419342515518,0.237949817906,0.893147679835
    ));
#4250 = ORIENTED_EDGE('',*,*,#4104,.F.);
#4251 = ORIENTED_EDGE('',*,*,#4230,.T.);
#4252 = B_SPLINE_SURFACE_WITH_KNOTS('',1,1,(
    (#4253,#4254)
    ,(#4255,#4256)),.UNSPECIFIED.,.F.,.F.,.F.,(2,2),(2,2),(-1.E-03,0.),(
    -8.70277375922E-03,0.),.PIECEWISE_BEZIER_KNOTS.);
#4253 = CARTESIAN_POINT('',(1.419342515518,0.229247044147,0.893147679835
    ));
#4254 = CARTESIAN_POINT('',(1.419342515518,0.237949817906,0.893147679835
    ));
#4255 = CARTESIAN_POINT('',(1.420332783586,0.229247044147,0.893286852936
    ));
#4256 = CARTESIAN_POINT('',(1.420332783586,0.237949817906,0.893286852936
    ));
#4257 = ADVANCED_FACE('',(#4258),#4268,.F.);
#4258 = FACE_BOUND('',#4259,.T.);
#4259 = EDGE_LOOP('',(#4260,#4261,#4266,#4267));
#4260 = ORIENTED_EDGE('',*,*,#1139,.T.);
#4261 = ORIENTED_EDGE('',*,*,#4262,.F.);
#4262 = EDGE_CURVE('',#4112,#1133,#4263,.T.);
#4263 = B_SPLINE_CURVE_WITH_KNOTS('',1,(#4264,#4265),.UNSPECIFIED.,.F.,
  .F.,(2,2),(-0.,1.E-03),.PIECEWISE_BEZIER_KNOTS.);
#4264 = CARTESIAN_POINT('',(1.418010246934,0.243814052554,0.909812559909
    ));
#4265 = CARTESIAN_POINT('',(1.417019978866,0.243814052554,0.909673386808
    ));
#4266 = ORIENTED_EDGE('',*,*,#4111,.F.);
#4267 = ORIENTED_EDGE('',*,*,#4246,.T.);
#4268 = B_SPLINE_SURFACE_WITH_KNOTS('',1,1,(
    (#4269,#4270)
    ,(#4271,#4272
    )),.UNSPECIFIED.,.F.,.F.,.F.,(2,2),(2,2),(-0.,1.766645661114E-02),(
    -9.913238379968E-04,2.325012812691E-03),.PIECEWISE_BEZIER_KNOTS.);
#4269 = CARTESIAN_POINT('',(1.417019978866,0.243857251294,0.909797527523
    ));
#4270 = CARTESIAN_POINT('',(1.420332783586,0.243712735889,0.90984781629)
  );
#4271 = CARTESIAN_POINT('',(1.417019978866,0.238051134571,0.893112423454
    ));
#4272 = CARTESIAN_POINT('',(1.420332783586,0.237906619166,0.893162712221
    ));
#4273 = ADVANCED_FACE('',(#4274),#4284,.F.);
#4274 = FACE_BOUND('',#4275,.T.);
#4275 = EDGE_LOOP('',(#4276,#4277,#4282,#4283));
#4276 = ORIENTED_EDGE('',*,*,#1132,.T.);
#4277 = ORIENTED_EDGE('',*,*,#4278,.F.);
#4278 = EDGE_CURVE('',#4119,#1126,#4279,.T.);
#4279 = B_SPLINE_CURVE_WITH_KNOTS('',1,(#4280,#4281),.UNSPECIFIED.,.F.,
  .F.,(2,2),(-0.,1.E-03),.PIECEWISE_BEZIER_KNOTS.);
#4280 = CARTESIAN_POINT('',(1.418010246934,0.269220537239,0.909812559909
    ));
#4281 = CARTESIAN_POINT('',(1.417019978866,0.269220537239,0.909673386808
    ));
#4282 = ORIENTED_EDGE('',*,*,#4118,.F.);
#4283 = ORIENTED_EDGE('',*,*,#4262,.T.);
#4284 = B_SPLINE_SURFACE_WITH_KNOTS('',1,1,(
    (#4285,#4286)
    ,(#4287,#4288)),.UNSPECIFIED.,.F.,.F.,.F.,(2,2),(2,2),(-1.E-03,0.),(
    -2.540648468536E-02,6.392192954418E-35),.PIECEWISE_BEZIER_KNOTS.);
#4285 = CARTESIAN_POINT('',(1.417019978866,0.243814052554,0.909673386808
    ));
#4286 = CARTESIAN_POINT('',(1.417019978866,0.269220537239,0.909673386808
    ));
#4287 = CARTESIAN_POINT('',(1.418010246934,0.243814052554,0.909812559909
    ));
#4288 = CARTESIAN_POINT('',(1.418010246934,0.269220537239,0.909812559909
    ));
#4289 = ADVANCED_FACE('',(#4290),#4300,.F.);
#4290 = FACE_BOUND('',#4291,.T.);
#4291 = EDGE_LOOP('',(#4292,#4293,#4298,#4299));
#4292 = ORIENTED_EDGE('',*,*,#1125,.T.);
#4293 = ORIENTED_EDGE('',*,*,#4294,.F.);
#4294 = EDGE_CURVE('',#4126,#1119,#4295,.T.);
#4295 = B_SPLINE_CURVE_WITH_KNOTS('',1,(#4296,#4297),.UNSPECIFIED.,.F.,
  .F.,(2,2),(-0.,1.E-03),.PIECEWISE_BEZIER_KNOTS.);
#4296 = CARTESIAN_POINT('',(1.420332783586,0.275443488369,0.893286852936
    ));
#4297 = CARTESIAN_POINT('',(1.419342515518,0.275443488369,0.893147679835
    ));
#4298 = ORIENTED_EDGE('',*,*,#4125,.F.);
#4299 = ORIENTED_EDGE('',*,*,#4278,.T.);
#4300 = B_SPLINE_SURFACE_WITH_KNOTS('',1,1,(
    (#4301,#4302)
    ,(#4303,#4304
    )),.UNSPECIFIED.,.F.,.F.,.F.,(2,2),(2,2),(-1.305562079274E-04,
    1.765818016644E-02),(-3.316728296419E-03,0.),
  .PIECEWISE_BEZIER_KNOTS.);
#4301 = CARTESIAN_POINT('',(1.417019978866,0.275337418643,0.89310851166)
  );
#4302 = CARTESIAN_POINT('',(1.420332783586,0.275488713688,0.893164380107
    ));
#4303 = CARTESIAN_POINT('',(1.417019978866,0.26917531192,0.909795859637)
  );
#4304 = CARTESIAN_POINT('',(1.420332783586,0.269326606965,0.909851728084
    ));
#4305 = ADVANCED_FACE('',(#4306),#4312,.F.);
#4306 = FACE_BOUND('',#4307,.T.);
#4307 = EDGE_LOOP('',(#4308,#4309,#4310,#4311));
#4308 = ORIENTED_EDGE('',*,*,#1118,.T.);
#4309 = ORIENTED_EDGE('',*,*,#4200,.F.);
#4310 = ORIENTED_EDGE('',*,*,#4132,.F.);
#4311 = ORIENTED_EDGE('',*,*,#4294,.T.);
#4312 = B_SPLINE_SURFACE_WITH_KNOTS('',1,1,(
    (#4313,#4314)
    ,(#4315,#4316)),.UNSPECIFIED.,.F.,.F.,.F.,(2,2),(2,2),(-1.E-03,0.),(
    -8.702773759636E-03,0.),.PIECEWISE_BEZIER_KNOTS.);
#4313 = CARTESIAN_POINT('',(1.419342515518,0.275443488369,0.893147679835
    ));
#4314 = CARTESIAN_POINT('',(1.419342515518,0.284146262128,0.893147679835
    ));
#4315 = CARTESIAN_POINT('',(1.420332783586,0.275443488369,0.893286852936
    ));
#4316 = CARTESIAN_POINT('',(1.420332783586,0.284146262128,0.893286852936
    ));
#4317 = ADVANCED_FACE('',(#4318),#4340,.T.);
#4318 = FACE_BOUND('',#4319,.T.);
#4319 = EDGE_LOOP('',(#4320,#4329,#4334,#4335));
#4320 = ORIENTED_EDGE('',*,*,#4321,.F.);
#4321 = EDGE_CURVE('',#4322,#4324,#4326,.T.);
#4322 = VERTEX_POINT('',#4323);
#4323 = CARTESIAN_POINT('',(1.416060575875,0.246309471553,0.916499893801
    ));
#4324 = VERTEX_POINT('',#4325);
#4325 = CARTESIAN_POINT('',(1.416060575875,0.266787503715,0.916499893801
    ));
#4326 = B_SPLINE_CURVE_WITH_KNOTS('',1,(#4327,#4328),.UNSPECIFIED.,.F.,
  .F.,(2,2),(0.,2.047803216181E-02),.PIECEWISE_BEZIER_KNOTS.);
#4327 = CARTESIAN_POINT('',(1.416060575875,0.246309471553,0.916499893801
    ));
#4328 = CARTESIAN_POINT('',(1.416060575875,0.266787503715,0.916499893801
    ));
#4329 = ORIENTED_EDGE('',*,*,#4330,.F.);
#4330 = EDGE_CURVE('',#4140,#4322,#4331,.T.);
#4331 = B_SPLINE_CURVE_WITH_KNOTS('',1,(#4332,#4333),.UNSPECIFIED.,.F.,
  .F.,(2,2),(-0.,1.E-03),.PIECEWISE_BEZIER_KNOTS.);
#4332 = CARTESIAN_POINT('',(1.417050843943,0.246309471553,0.916639066902
    ));
#4333 = CARTESIAN_POINT('',(1.416060575875,0.246309471553,0.916499893801
    ));
#4334 = ORIENTED_EDGE('',*,*,#4139,.T.);
#4335 = ORIENTED_EDGE('',*,*,#4336,.T.);
#4336 = EDGE_CURVE('',#4142,#4324,#4337,.T.);
#4337 = B_SPLINE_CURVE_WITH_KNOTS('',1,(#4338,#4339),.UNSPECIFIED.,.F.,
  .F.,(2,2),(-0.,1.E-03),.PIECEWISE_BEZIER_KNOTS.);
#4338 = CARTESIAN_POINT('',(1.417050843943,0.266787503715,0.916639066902
    ));
#4339 = CARTESIAN_POINT('',(1.416060575875,0.266787503715,0.916499893801
    ));
#4340 = B_SPLINE_SURFACE_WITH_KNOTS('',1,1,(
    (#4341,#4342)
    ,(#4343,#4344
    )),.UNSPECIFIED.,.F.,.F.,.F.,(2,2),(2,2),(-1.E-03,0.),(0.,
    2.047803216181E-02),.PIECEWISE_BEZIER_KNOTS.);
#4341 = CARTESIAN_POINT('',(1.416060575875,0.246309471553,0.916499893801
    ));
#4342 = CARTESIAN_POINT('',(1.416060575875,0.266787503715,0.916499893801
    ));
#4343 = CARTESIAN_POINT('',(1.417050843943,0.246309471553,0.916639066902
    ));
#4344 = CARTESIAN_POINT('',(1.417050843943,0.266787503715,0.916639066902
    ));
#4345 = ADVANCED_FACE('',(#4346),#4362,.T.);
#4346 = FACE_BOUND('',#4347,.T.);
#4347 = EDGE_LOOP('',(#4348,#4355,#4356,#4357));
#4348 = ORIENTED_EDGE('',*,*,#4349,.F.);
#4349 = EDGE_CURVE('',#4324,#4350,#4352,.T.);
#4350 = VERTEX_POINT('',#4351);
#4351 = CARTESIAN_POINT('',(1.412531188402,0.257570049787,0.941612790566
    ));
#4352 = B_SPLINE_CURVE_WITH_KNOTS('',1,(#4353,#4354),.UNSPECIFIED.,.F.,
  .F.,(2,2),(0.,2.698287636193E-02),.PIECEWISE_BEZIER_KNOTS.);
#4353 = CARTESIAN_POINT('',(1.416060575875,0.266787503715,0.916499893801
    ));
#4354 = CARTESIAN_POINT('',(1.412531188402,0.257570049787,0.941612790566
    ));
#4355 = ORIENTED_EDGE('',*,*,#4336,.F.);
#4356 = ORIENTED_EDGE('',*,*,#4180,.T.);
#4357 = ORIENTED_EDGE('',*,*,#4358,.T.);
#4358 = EDGE_CURVE('',#4172,#4350,#4359,.T.);
#4359 = B_SPLINE_CURVE_WITH_KNOTS('',1,(#4360,#4361),.UNSPECIFIED.,.F.,
  .F.,(2,2),(-0.,9.999999999997E-04),.PIECEWISE_BEZIER_KNOTS.);
#4360 = CARTESIAN_POINT('',(1.41352145647,0.257570049787,0.941751963667)
  );
#4361 = CARTESIAN_POINT('',(1.412531188402,0.257570049787,0.941612790566
    ));
#4362 = B_SPLINE_SURFACE_WITH_KNOTS('',1,1,(
    (#4363,#4364)
    ,(#4365,#4366
    )),.UNSPECIFIED.,.F.,.F.,.F.,(2,2),(2,2),(-2.675052937976E-02,
    1.309490821236E-04),(-4.524771987753E-03,0.),
  .PIECEWISE_BEZIER_KNOTS.);
#4363 = CARTESIAN_POINT('',(1.412531188402,0.257525702268,0.941736001603
    ));
#4364 = CARTESIAN_POINT('',(1.417050843943,0.257728107573,0.941808853624
    ));
#4365 = CARTESIAN_POINT('',(1.412531188402,0.26662944593,0.916443003844)
  );
#4366 = CARTESIAN_POINT('',(1.417050843943,0.266831851234,0.916515855865
    ));
#4367 = ADVANCED_FACE('',(#4368),#4386,.T.);
#4368 = FACE_BOUND('',#4369,.T.);
#4369 = EDGE_LOOP('',(#4370,#4379,#4380,#4381));
#4370 = ORIENTED_EDGE('',*,*,#4371,.F.);
#4371 = EDGE_CURVE('',#4350,#4372,#4374,.T.);
#4372 = VERTEX_POINT('',#4373);
#4373 = CARTESIAN_POINT('',(1.411936445371,0.256618671293,0.945844607118
    ));
#4374 = B_SPLINE_CURVE_WITH_KNOTS('',3,(#4375,#4376,#4377,#4378),
  .UNSPECIFIED.,.F.,.F.,(4,4),(1.,2.),.PIECEWISE_BEZIER_KNOTS.);
#4375 = CARTESIAN_POINT('',(1.412531188402,0.257570049787,0.941612790566
    ));
#4376 = CARTESIAN_POINT('',(1.412413976271,0.257273718781,0.942446798207
    ));
#4377 = CARTESIAN_POINT('',(1.412218622721,0.256961791406,0.943836810943
    ));
#4378 = CARTESIAN_POINT('',(1.411936445371,0.256618671293,0.945844607118
    ));
#4379 = ORIENTED_EDGE('',*,*,#4358,.F.);
#4380 = ORIENTED_EDGE('',*,*,#4171,.T.);
#4381 = ORIENTED_EDGE('',*,*,#4382,.T.);
#4382 = EDGE_CURVE('',#4165,#4372,#4383,.T.);
#4383 = B_SPLINE_CURVE_WITH_KNOTS('',1,(#4384,#4385),.UNSPECIFIED.,.F.,
  .F.,(2,2),(-0.,9.999999999999E-04),.PIECEWISE_BEZIER_KNOTS.);
#4384 = CARTESIAN_POINT('',(1.41292671344,0.256618671293,0.945983780219)
  );
#4385 = CARTESIAN_POINT('',(1.411936445371,0.256618671293,0.945844607118
    ));
#4386 = B_SPLINE_SURFACE_WITH_KNOTS('',3,1,(
    (#4387,#4388)
    ,(#4389,#4390)
    ,(#4391,#4392)
    ,(#4393,#4394
    )),.UNSPECIFIED.,.F.,.F.,.F.,(4,4),(2,2),(1.,2.),(0.,1.),
  .PIECEWISE_BEZIER_KNOTS.);
#4387 = CARTESIAN_POINT('',(1.41352145647,0.257570049787,0.941751963667)
  );
#4388 = CARTESIAN_POINT('',(1.412531188402,0.257570049787,0.941612790566
    ));
#4389 = CARTESIAN_POINT('',(1.41340424434,0.257273718781,0.942585971308)
  );
#4390 = CARTESIAN_POINT('',(1.412413976271,0.257273718781,0.942446798207
    ));
#4391 = CARTESIAN_POINT('',(1.41320889079,0.256961791406,0.943975984044)
  );
#4392 = CARTESIAN_POINT('',(1.412218622721,0.256961791406,0.943836810943
    ));
#4393 = CARTESIAN_POINT('',(1.41292671344,0.256618671293,0.945983780219)
  );
#4394 = CARTESIAN_POINT('',(1.411936445371,0.256618671293,0.945844607118
    ));
#4395 = ADVANCED_FACE('',(#4396),#4412,.T.);
#4396 = FACE_BOUND('',#4397,.T.);
#4397 = EDGE_LOOP('',(#4398,#4405,#4406,#4407));
#4398 = ORIENTED_EDGE('',*,*,#4399,.F.);
#4399 = EDGE_CURVE('',#4372,#4400,#4402,.T.);
#4400 = VERTEX_POINT('',#4401);
#4401 = CARTESIAN_POINT('',(1.411936445371,0.256431514869,0.945844607118
    ));
#4402 = B_SPLINE_CURVE_WITH_KNOTS('',1,(#4403,#4404),.UNSPECIFIED.,.F.,
  .F.,(2,2),(0.,1.871564247238E-04),.PIECEWISE_BEZIER_KNOTS.);
#4403 = CARTESIAN_POINT('',(1.411936445371,0.256618671293,0.945844607118
    ));
#4404 = CARTESIAN_POINT('',(1.411936445371,0.256431514869,0.945844607118
    ));
#4405 = ORIENTED_EDGE('',*,*,#4382,.F.);
#4406 = ORIENTED_EDGE('',*,*,#4164,.T.);
#4407 = ORIENTED_EDGE('',*,*,#4408,.T.);
#4408 = EDGE_CURVE('',#4156,#4400,#4409,.T.);
#4409 = B_SPLINE_CURVE_WITH_KNOTS('',1,(#4410,#4411),.UNSPECIFIED.,.F.,
  .F.,(2,2),(-0.,1.E-03),.PIECEWISE_BEZIER_KNOTS.);
#4410 = CARTESIAN_POINT('',(1.41292671344,0.256431514869,0.945983780219)
  );
#4411 = CARTESIAN_POINT('',(1.411936445371,0.256431514869,0.945844607118
    ));
#4412 = B_SPLINE_SURFACE_WITH_KNOTS('',1,1,(
    (#4413,#4414)
    ,(#4415,#4416)),.UNSPECIFIED.,.F.,.F.,.F.,(2,2),(2,2),(0.,1.E-03),(
    -1.871564247238E-04,0.),.PIECEWISE_BEZIER_KNOTS.);
#4413 = CARTESIAN_POINT('',(1.41292671344,0.256431514869,0.945983780219)
  );
#4414 = CARTESIAN_POINT('',(1.41292671344,0.256618671293,0.945983780219)
  );
#4415 = CARTESIAN_POINT('',(1.411936445371,0.256431514869,0.945844607118
    ));
#4416 = CARTESIAN_POINT('',(1.411936445371,0.256618671293,0.945844607118
    ));
#4417 = ADVANCED_FACE('',(#4418),#4436,.T.);
#4418 = FACE_BOUND('',#4419,.T.);
#4419 = EDGE_LOOP('',(#4420,#4429,#4430,#4431));
#4420 = ORIENTED_EDGE('',*,*,#4421,.F.);
#4421 = EDGE_CURVE('',#4400,#4422,#4424,.T.);
#4422 = VERTEX_POINT('',#4423);
#4423 = CARTESIAN_POINT('',(1.412531188402,0.255433347269,0.941612790566
    ));
#4424 = B_SPLINE_CURVE_WITH_KNOTS('',3,(#4425,#4426,#4427,#4428),
  .UNSPECIFIED.,.F.,.F.,(4,4),(3.,4.),.PIECEWISE_BEZIER_KNOTS.);
#4425 = CARTESIAN_POINT('',(1.411936445371,0.256431514869,0.945844607118
    ));
#4426 = CARTESIAN_POINT('',(1.412192575581,0.256135183863,0.944022145975
    ));
#4427 = CARTESIAN_POINT('',(1.412392270321,0.255807660119,0.942601244067
    ));
#4428 = CARTESIAN_POINT('',(1.412531188402,0.255433347269,0.941612790566
    ));
#4429 = ORIENTED_EDGE('',*,*,#4408,.F.);
#4430 = ORIENTED_EDGE('',*,*,#4155,.T.);
#4431 = ORIENTED_EDGE('',*,*,#4432,.T.);
#4432 = EDGE_CURVE('',#4149,#4422,#4433,.T.);
#4433 = B_SPLINE_CURVE_WITH_KNOTS('',1,(#4434,#4435),.UNSPECIFIED.,.F.,
  .F.,(2,2),(2.044323639842E-16,1.E-03),.PIECEWISE_BEZIER_KNOTS.);
#4434 = CARTESIAN_POINT('',(1.41352145647,0.255433347269,0.941751963667)
  );
#4435 = CARTESIAN_POINT('',(1.412531188402,0.255433347269,0.941612790566
    ));
#4436 = B_SPLINE_SURFACE_WITH_KNOTS('',3,1,(
    (#4437,#4438)
    ,(#4439,#4440)
    ,(#4441,#4442)
    ,(#4443,#4444
    )),.UNSPECIFIED.,.F.,.F.,.F.,(4,4),(2,2),(3.,4.),(0.,1.),
  .PIECEWISE_BEZIER_KNOTS.);
#4437 = CARTESIAN_POINT('',(1.41292671344,0.256431514869,0.945983780219)
  );
#4438 = CARTESIAN_POINT('',(1.411936445371,0.256431514869,0.945844607118
    ));
#4439 = CARTESIAN_POINT('',(1.41318284365,0.256135183863,0.944161319076)
  );
#4440 = CARTESIAN_POINT('',(1.412192575581,0.256135183863,0.944022145975
    ));
#4441 = CARTESIAN_POINT('',(1.41338253839,0.255807660119,0.942740417168)
  );
#4442 = CARTESIAN_POINT('',(1.412392270321,0.255807660119,0.942601244067
    ));
#4443 = CARTESIAN_POINT('',(1.41352145647,0.255433347269,0.941751963667)
  );
#4444 = CARTESIAN_POINT('',(1.412531188402,0.255433347269,0.941612790566
    ));
#4445 = ADVANCED_FACE('',(#4446),#4456,.T.);
#4446 = FACE_BOUND('',#4447,.T.);
#4447 = EDGE_LOOP('',(#4448,#4453,#4454,#4455));
#4448 = ORIENTED_EDGE('',*,*,#4449,.F.);
#4449 = EDGE_CURVE('',#4422,#4322,#4450,.T.);
#4450 = B_SPLINE_CURVE_WITH_KNOTS('',1,(#4451,#4452),.UNSPECIFIED.,.F.,
  .F.,(2,2),(1.325281443564E-16,2.695105318764E-02),
  .PIECEWISE_BEZIER_KNOTS.);
#4451 = CARTESIAN_POINT('',(1.412531188402,0.255433347269,0.941612790566
    ));
#4452 = CARTESIAN_POINT('',(1.416060575875,0.246309471553,0.916499893801
    ));
#4453 = ORIENTED_EDGE('',*,*,#4432,.F.);
#4454 = ORIENTED_EDGE('',*,*,#4148,.T.);
#4455 = ORIENTED_EDGE('',*,*,#4330,.T.);
#4456 = B_SPLINE_SURFACE_WITH_KNOTS('',1,1,(
    (#4457,#4458)
    ,(#4459,#4460
    )),.UNSPECIFIED.,.F.,.F.,.F.,(2,2),(2,2),(-2.684953998244E-02,
    -1.863027188297E-17),(-9.913690106542E-04,3.533311310208E-03),
  .PIECEWISE_BEZIER_KNOTS.);
#4457 = CARTESIAN_POINT('',(1.412531188402,0.246466288028,0.916444023658
    ));
#4458 = CARTESIAN_POINT('',(1.417050843943,0.246265472319,0.916515569727
    ));
#4459 = CARTESIAN_POINT('',(1.412531188402,0.255477346504,0.94173628774)
  );
#4460 = CARTESIAN_POINT('',(1.417050843943,0.255276530795,0.94180783381)
  );
#4461 = ADVANCED_FACE('',(#4462),#4470,.T.);
#4462 = FACE_BOUND('',#4463,.T.);
#4463 = EDGE_LOOP('',(#4464,#4465,#4466,#4467,#4468,#4469));
#4464 = ORIENTED_EDGE('',*,*,#4321,.T.);
#4465 = ORIENTED_EDGE('',*,*,#4349,.T.);
#4466 = ORIENTED_EDGE('',*,*,#4371,.T.);
#4467 = ORIENTED_EDGE('',*,*,#4399,.T.);
#4468 = ORIENTED_EDGE('',*,*,#4421,.T.);
#4469 = ORIENTED_EDGE('',*,*,#4449,.T.);
#4470 = B_SPLINE_SURFACE_WITH_KNOTS('',1,1,(
    (#4471,#4472)
    ,(#4473,#4474
    )),.UNSPECIFIED.,.F.,.F.,.F.,(2,2),(2,2),(-0.266787503715,
    -0.246309471553),(0.155678791161,0.185311891776),
  .PIECEWISE_BEZIER_KNOTS.);
#4471 = CARTESIAN_POINT('',(1.411936445371,0.266787503715,0.945844607118
    ));
#4472 = CARTESIAN_POINT('',(1.416060575875,0.266787503715,0.916499893801
    ));
#4473 = CARTESIAN_POINT('',(1.411936445371,0.246309471553,0.945844607118
    ));
#4474 = CARTESIAN_POINT('',(1.416060575875,0.246309471553,0.916499893801
    ));
#4475 = ADVANCED_FACE('',(#4476),#4498,.F.);
#4476 = FACE_BOUND('',#4477,.T.);
#4477 = EDGE_LOOP('',(#4478,#4479,#4486,#4493));
#4478 = ORIENTED_EDGE('',*,*,#1169,.T.);
#4479 = ORIENTED_EDGE('',*,*,#4480,.F.);
#4480 = EDGE_CURVE('',#4481,#1161,#4483,.T.);
#4481 = VERTEX_POINT('',#4482);
#4482 = CARTESIAN_POINT('',(1.432835410797,7.209803267433E-02,
    0.804326037828));
#4483 = B_SPLINE_CURVE_WITH_KNOTS('',1,(#4484,#4485),.UNSPECIFIED.,.F.,
  .F.,(2,2),(-0.,9.999999999999E-04),.PIECEWISE_BEZIER_KNOTS.);
#4484 = CARTESIAN_POINT('',(1.432835410797,7.209803267433E-02,
    0.804326037828));
#4485 = CARTESIAN_POINT('',(1.431845142729,7.209803267433E-02,
    0.804186864727));
#4486 = ORIENTED_EDGE('',*,*,#4487,.F.);
#4487 = EDGE_CURVE('',#4488,#4481,#4490,.T.);
#4488 = VERTEX_POINT('',#4489);
#4489 = CARTESIAN_POINT('',(1.433803496168,7.209803267433E-02,
    0.797437752491));
#4490 = B_SPLINE_CURVE_WITH_KNOTS('',1,(#4491,#4492),.UNSPECIFIED.,.F.,
  .F.,(2,2),(-6.955980460136E-03,0.),.PIECEWISE_BEZIER_KNOTS.);
#4491 = CARTESIAN_POINT('',(1.433803496168,7.209803267433E-02,
    0.797437752491));
#4492 = CARTESIAN_POINT('',(1.432835410797,7.209803267433E-02,
    0.804326037828));
#4493 = ORIENTED_EDGE('',*,*,#4494,.T.);
#4494 = EDGE_CURVE('',#4488,#1170,#4495,.T.);
#4495 = B_SPLINE_CURVE_WITH_KNOTS('',1,(#4496,#4497),.UNSPECIFIED.,.F.,
  .F.,(2,2),(-0.,1.E-03),.PIECEWISE_BEZIER_KNOTS.);
#4496 = CARTESIAN_POINT('',(1.433803496168,7.209803267433E-02,
    0.797437752491));
#4497 = CARTESIAN_POINT('',(1.4328132281,7.209803267433E-02,
    0.79729857939));
#4498 = B_SPLINE_SURFACE_WITH_KNOTS('',1,1,(
    (#4499,#4500)
    ,(#4501,#4502
    )),.UNSPECIFIED.,.F.,.F.,.F.,(2,2),(2,2),(0.,7.027458437423E-03),(
    -9.902680687415E-04,9.680853708549E-04),.PIECEWISE_BEZIER_KNOTS.);
#4499 = CARTESIAN_POINT('',(1.431845142729,7.209803267433E-02,
    0.804326037828));
#4500 = CARTESIAN_POINT('',(1.433803496168,7.209803267433E-02,
    0.804326037828));
#4501 = CARTESIAN_POINT('',(1.431845142729,7.209803267433E-02,
    0.79729857939));
#4502 = CARTESIAN_POINT('',(1.433803496168,7.209803267433E-02,
    0.79729857939));
#4503 = ADVANCED_FACE('',(#4504),#4520,.F.);
#4504 = FACE_BOUND('',#4505,.T.);
#4505 = EDGE_LOOP('',(#4506,#4507,#4514,#4519));
#4506 = ORIENTED_EDGE('',*,*,#1160,.T.);
#4507 = ORIENTED_EDGE('',*,*,#4508,.F.);
#4508 = EDGE_CURVE('',#4509,#1163,#4511,.T.);
#4509 = VERTEX_POINT('',#4510);
#4510 = CARTESIAN_POINT('',(1.432835410797,4.71594390514E-02,
    0.804326037828));
#4511 = B_SPLINE_CURVE_WITH_KNOTS('',1,(#4512,#4513),.UNSPECIFIED.,.F.,
  .F.,(2,2),(-0.,9.999999999999E-04),.PIECEWISE_BEZIER_KNOTS.);
#4512 = CARTESIAN_POINT('',(1.432835410797,4.71594390514E-02,
    0.804326037828));
#4513 = CARTESIAN_POINT('',(1.431845142729,4.71594390514E-02,
    0.804186864727));
#4514 = ORIENTED_EDGE('',*,*,#4515,.F.);
#4515 = EDGE_CURVE('',#4481,#4509,#4516,.T.);
#4516 = B_SPLINE_CURVE_WITH_KNOTS('',1,(#4517,#4518),.UNSPECIFIED.,.F.,
  .F.,(2,2),(-2.493859362293E-02,-0.),.PIECEWISE_BEZIER_KNOTS.);
#4517 = CARTESIAN_POINT('',(1.432835410797,7.209803267433E-02,
    0.804326037828));
#4518 = CARTESIAN_POINT('',(1.432835410797,4.71594390514E-02,
    0.804326037828));
#4519 = ORIENTED_EDGE('',*,*,#4480,.T.);
#4520 = B_SPLINE_SURFACE_WITH_KNOTS('',1,1,(
    (#4521,#4522)
    ,(#4523,#4524
    )),.UNSPECIFIED.,.F.,.F.,.F.,(2,2),(2,2),(-1.545131810943E-17,
    9.999999999999E-04),(0.,2.493859362293E-02),
  .PIECEWISE_BEZIER_KNOTS.);
#4521 = CARTESIAN_POINT('',(1.432835410797,4.71594390514E-02,
    0.804326037828));
#4522 = CARTESIAN_POINT('',(1.432835410797,7.209803267433E-02,
    0.804326037828));
#4523 = CARTESIAN_POINT('',(1.431845142729,4.71594390514E-02,
    0.804186864727));
#4524 = CARTESIAN_POINT('',(1.431845142729,7.209803267433E-02,
    0.804186864727));
#4525 = ADVANCED_FACE('',(#4526),#4542,.F.);
#4526 = FACE_BOUND('',#4527,.T.);
#4527 = EDGE_LOOP('',(#4528,#4529,#4536,#4541));
#4528 = ORIENTED_EDGE('',*,*,#1239,.T.);
#4529 = ORIENTED_EDGE('',*,*,#4530,.F.);
#4530 = EDGE_CURVE('',#4531,#1233,#4533,.T.);
#4531 = VERTEX_POINT('',#4532);
#4532 = CARTESIAN_POINT('',(1.429978907775,4.71594390514E-02,
    0.824651112946));
#4533 = B_SPLINE_CURVE_WITH_KNOTS('',1,(#4534,#4535),.UNSPECIFIED.,.F.,
  .F.,(2,2),(-0.,9.999999999999E-04),.PIECEWISE_BEZIER_KNOTS.);
#4534 = CARTESIAN_POINT('',(1.429978907775,4.71594390514E-02,
    0.824651112946));
#4535 = CARTESIAN_POINT('',(1.428988639706,4.71594390514E-02,
    0.824511939845));
#4536 = ORIENTED_EDGE('',*,*,#4537,.F.);
#4537 = EDGE_CURVE('',#4509,#4531,#4538,.T.);
#4538 = B_SPLINE_CURVE_WITH_KNOTS('',1,(#4539,#4540),.UNSPECIFIED.,.F.,
  .F.,(2,2),(-2.052482126799E-02,0.),.PIECEWISE_BEZIER_KNOTS.);
#4539 = CARTESIAN_POINT('',(1.432835410797,4.71594390514E-02,
    0.804326037828));
#4540 = CARTESIAN_POINT('',(1.429978907775,4.71594390514E-02,
    0.824651112946));
#4541 = ORIENTED_EDGE('',*,*,#4508,.T.);
#4542 = B_SPLINE_SURFACE_WITH_KNOTS('',1,1,(
    (#4543,#4544)
    ,(#4545,#4546
    )),.UNSPECIFIED.,.F.,.F.,.F.,(2,2),(2,2),(0.,2.046424821928E-02),(
    -9.902680687415E-04,2.856503022518E-03),.PIECEWISE_BEZIER_KNOTS.);
#4543 = CARTESIAN_POINT('',(1.428988639706,4.71594390514E-02,
    0.824651112946));
#4544 = CARTESIAN_POINT('',(1.432835410797,4.71594390514E-02,
    0.824651112946));
#4545 = CARTESIAN_POINT('',(1.428988639706,4.71594390514E-02,
    0.804186864727));
#4546 = CARTESIAN_POINT('',(1.432835410797,4.71594390514E-02,
    0.804186864727));
#4547 = ADVANCED_FACE('',(#4548),#4564,.F.);
#4548 = FACE_BOUND('',#4549,.T.);
#4549 = EDGE_LOOP('',(#4550,#4551,#4558,#4563));
#4550 = ORIENTED_EDGE('',*,*,#1232,.T.);
#4551 = ORIENTED_EDGE('',*,*,#4552,.F.);
#4552 = EDGE_CURVE('',#4553,#1226,#4555,.T.);
#4553 = VERTEX_POINT('',#4554);
#4554 = CARTESIAN_POINT('',(1.429978907775,6.89787589254E-02,
    0.824651112946));
#4555 = B_SPLINE_CURVE_WITH_KNOTS('',1,(#4556,#4557),.UNSPECIFIED.,.F.,
  .F.,(2,2),(-0.,9.999999999999E-04),.PIECEWISE_BEZIER_KNOTS.);
#4556 = CARTESIAN_POINT('',(1.429978907775,6.89787589254E-02,
    0.824651112946));
#4557 = CARTESIAN_POINT('',(1.428988639706,6.89787589254E-02,
    0.824511939845));
#4558 = ORIENTED_EDGE('',*,*,#4559,.F.);
#4559 = EDGE_CURVE('',#4531,#4553,#4560,.T.);
#4560 = B_SPLINE_CURVE_WITH_KNOTS('',1,(#4561,#4562),.UNSPECIFIED.,.F.,
  .F.,(2,2),(-2.1819319874E-02,0.),.PIECEWISE_BEZIER_KNOTS.);
#4561 = CARTESIAN_POINT('',(1.429978907775,4.71594390514E-02,
    0.824651112946));
#4562 = CARTESIAN_POINT('',(1.429978907775,6.89787589254E-02,
    0.824651112946));
#4563 = ORIENTED_EDGE('',*,*,#4530,.T.);
#4564 = B_SPLINE_SURFACE_WITH_KNOTS('',1,1,(
    (#4565,#4566)
    ,(#4567,#4568
    )),.UNSPECIFIED.,.F.,.F.,.F.,(2,2),(2,2),(-9.999999999999E-04,0.),(
    -2.1819319874E-02,1.859642517324E-31),.PIECEWISE_BEZIER_KNOTS.);
#4565 = CARTESIAN_POINT('',(1.428988639706,4.71594390514E-02,
    0.824511939845));
#4566 = CARTESIAN_POINT('',(1.428988639706,6.89787589254E-02,
    0.824511939845));
#4567 = CARTESIAN_POINT('',(1.429978907775,4.71594390514E-02,
    0.824651112946));
#4568 = CARTESIAN_POINT('',(1.429978907775,6.89787589254E-02,
    0.824651112946));
#4569 = ADVANCED_FACE('',(#4570),#4586,.F.);
#4570 = FACE_BOUND('',#4571,.T.);
#4571 = EDGE_LOOP('',(#4572,#4573,#4580,#4585));
#4572 = ORIENTED_EDGE('',*,*,#1225,.T.);
#4573 = ORIENTED_EDGE('',*,*,#4574,.F.);
#4574 = EDGE_CURVE('',#4575,#1219,#4577,.T.);
#4575 = VERTEX_POINT('',#4576);
#4576 = CARTESIAN_POINT('',(1.429006481214,6.89787589254E-02,
    0.831570287455));
#4577 = B_SPLINE_CURVE_WITH_KNOTS('',1,(#4578,#4579),.UNSPECIFIED.,.F.,
  .F.,(2,2),(-0.,1.E-03),.PIECEWISE_BEZIER_KNOTS.);
#4578 = CARTESIAN_POINT('',(1.429006481214,6.89787589254E-02,
    0.831570287455));
#4579 = CARTESIAN_POINT('',(1.428016213145,6.89787589254E-02,
    0.831431114354));
#4580 = ORIENTED_EDGE('',*,*,#4581,.F.);
#4581 = EDGE_CURVE('',#4553,#4575,#4582,.T.);
#4582 = B_SPLINE_CURVE_WITH_KNOTS('',1,(#4583,#4584),.UNSPECIFIED.,.F.,
  .F.,(2,2),(-6.987173197589E-03,0.),.PIECEWISE_BEZIER_KNOTS.);
#4583 = CARTESIAN_POINT('',(1.429978907775,6.89787589254E-02,
    0.824651112946));
#4584 = CARTESIAN_POINT('',(1.429006481214,6.89787589254E-02,
    0.831570287455));
#4585 = ORIENTED_EDGE('',*,*,#4552,.T.);
#4586 = B_SPLINE_SURFACE_WITH_KNOTS('',1,1,(
    (#4587,#4588)
    ,(#4589,#4590
    )),.UNSPECIFIED.,.F.,.F.,.F.,(2,2),(2,2),(0.,7.058347609299E-03),(
    -9.902680687417E-04,9.724265608536E-04),.PIECEWISE_BEZIER_KNOTS.);
#4587 = CARTESIAN_POINT('',(1.428016213145,6.89787589254E-02,
    0.831570287455));
#4588 = CARTESIAN_POINT('',(1.429978907775,6.89787589254E-02,
    0.831570287455));
#4589 = CARTESIAN_POINT('',(1.428016213145,6.89787589254E-02,
    0.824511939845));
#4590 = CARTESIAN_POINT('',(1.429978907775,6.89787589254E-02,
    0.824511939845));
#4591 = ADVANCED_FACE('',(#4592),#4608,.F.);
#4592 = FACE_BOUND('',#4593,.T.);
#4593 = EDGE_LOOP('',(#4594,#4595,#4602,#4607));
#4594 = ORIENTED_EDGE('',*,*,#1218,.T.);
#4595 = ORIENTED_EDGE('',*,*,#4596,.F.);
#4596 = EDGE_CURVE('',#4597,#1212,#4599,.T.);
#4597 = VERTEX_POINT('',#4598);
#4598 = CARTESIAN_POINT('',(1.429006481214,4.71594390514E-02,
    0.831570287455));
#4599 = B_SPLINE_CURVE_WITH_KNOTS('',1,(#4600,#4601),.UNSPECIFIED.,.F.,
  .F.,(2,2),(-0.,1.E-03),.PIECEWISE_BEZIER_KNOTS.);
#4600 = CARTESIAN_POINT('',(1.429006481214,4.71594390514E-02,
    0.831570287455));
#4601 = CARTESIAN_POINT('',(1.428016213145,4.71594390514E-02,
    0.831431114354));
#4602 = ORIENTED_EDGE('',*,*,#4603,.F.);
#4603 = EDGE_CURVE('',#4575,#4597,#4604,.T.);
#4604 = B_SPLINE_CURVE_WITH_KNOTS('',1,(#4605,#4606),.UNSPECIFIED.,.F.,
  .F.,(2,2),(-2.1819319874E-02,-0.),.PIECEWISE_BEZIER_KNOTS.);
#4605 = CARTESIAN_POINT('',(1.429006481214,6.89787589254E-02,
    0.831570287455));
#4606 = CARTESIAN_POINT('',(1.429006481214,4.71594390514E-02,
    0.831570287455));
#4607 = ORIENTED_EDGE('',*,*,#4574,.T.);
#4608 = B_SPLINE_SURFACE_WITH_KNOTS('',1,1,(
    (#4609,#4610)
    ,(#4611,#4612
    )),.UNSPECIFIED.,.F.,.F.,.F.,(2,2),(2,2),(-1.545131810943E-17,1.E-03
    ),(-2.029681072622E-31,2.1819319874E-02),.PIECEWISE_BEZIER_KNOTS.);
#4609 = CARTESIAN_POINT('',(1.429006481214,4.71594390514E-02,
    0.831570287455));
#4610 = CARTESIAN_POINT('',(1.429006481214,6.89787589254E-02,
    0.831570287455));
#4611 = CARTESIAN_POINT('',(1.428016213145,4.71594390514E-02,
    0.831431114354));
#4612 = CARTESIAN_POINT('',(1.428016213145,6.89787589254E-02,
    0.831431114354));
#4613 = ADVANCED_FACE('',(#4614),#4630,.F.);
#4614 = FACE_BOUND('',#4615,.T.);
#4615 = EDGE_LOOP('',(#4616,#4617,#4624,#4629));
#4616 = ORIENTED_EDGE('',*,*,#1211,.T.);
#4617 = ORIENTED_EDGE('',*,*,#4618,.F.);
#4618 = EDGE_CURVE('',#4619,#1205,#4621,.T.);
#4619 = VERTEX_POINT('',#4620);
#4620 = CARTESIAN_POINT('',(1.426288896272,4.71594390514E-02,
    0.850906909072));
#4621 = B_SPLINE_CURVE_WITH_KNOTS('',1,(#4622,#4623),.UNSPECIFIED.,.F.,
  .F.,(2,2),(-0.,1.E-03),.PIECEWISE_BEZIER_KNOTS.);
#4622 = CARTESIAN_POINT('',(1.426288896272,4.71594390514E-02,
    0.850906909072));
#4623 = CARTESIAN_POINT('',(1.425298628203,4.71594390514E-02,
    0.850767735971));
#4624 = ORIENTED_EDGE('',*,*,#4625,.F.);
#4625 = EDGE_CURVE('',#4597,#4619,#4626,.T.);
#4626 = B_SPLINE_CURVE_WITH_KNOTS('',1,(#4627,#4628),.UNSPECIFIED.,.F.,
  .F.,(2,2),(-1.952665366864E-02,0.),.PIECEWISE_BEZIER_KNOTS.);
#4627 = CARTESIAN_POINT('',(1.429006481214,4.71594390514E-02,
    0.831570287455));
#4628 = CARTESIAN_POINT('',(1.426288896272,4.71594390514E-02,
    0.850906909072));
#4629 = ORIENTED_EDGE('',*,*,#4596,.T.);
#4630 = B_SPLINE_SURFACE_WITH_KNOTS('',1,1,(
    (#4631,#4632)
    ,(#4633,#4634
    )),.UNSPECIFIED.,.F.,.F.,.F.,(2,2),(2,2),(0.,1.947579471839E-02),(
    -9.902680687417E-04,2.717584942438E-03),.PIECEWISE_BEZIER_KNOTS.);
#4631 = CARTESIAN_POINT('',(1.425298628203,4.71594390514E-02,
    0.850906909072));
#4632 = CARTESIAN_POINT('',(1.429006481214,4.71594390514E-02,
    0.850906909072));
#4633 = CARTESIAN_POINT('',(1.425298628203,4.71594390514E-02,
    0.831431114354));
#4634 = CARTESIAN_POINT('',(1.429006481214,4.71594390514E-02,
    0.831431114354));
#4635 = ADVANCED_FACE('',(#4636),#4652,.F.);
#4636 = FACE_BOUND('',#4637,.T.);
#4637 = EDGE_LOOP('',(#4638,#4639,#4646,#4651));
#4638 = ORIENTED_EDGE('',*,*,#1204,.T.);
#4639 = ORIENTED_EDGE('',*,*,#4640,.F.);
#4640 = EDGE_CURVE('',#4641,#1198,#4643,.T.);
#4641 = VERTEX_POINT('',#4642);
#4642 = CARTESIAN_POINT('',(1.426288896272,7.070995585597E-02,
    0.850906909072));
#4643 = B_SPLINE_CURVE_WITH_KNOTS('',1,(#4644,#4645),.UNSPECIFIED.,.F.,
  .F.,(2,2),(-0.,1.E-03),.PIECEWISE_BEZIER_KNOTS.);
#4644 = CARTESIAN_POINT('',(1.426288896272,7.070995585597E-02,
    0.850906909072));
#4645 = CARTESIAN_POINT('',(1.425298628203,7.070995585597E-02,
    0.850767735971));
#4646 = ORIENTED_EDGE('',*,*,#4647,.F.);
#4647 = EDGE_CURVE('',#4619,#4641,#4648,.T.);
#4648 = B_SPLINE_CURVE_WITH_KNOTS('',1,(#4649,#4650),.UNSPECIFIED.,.F.,
  .F.,(2,2),(-2.355051680456E-02,0.),.PIECEWISE_BEZIER_KNOTS.);
#4649 = CARTESIAN_POINT('',(1.426288896272,4.71594390514E-02,
    0.850906909072));
#4650 = CARTESIAN_POINT('',(1.426288896272,7.070995585597E-02,
    0.850906909072));
#4651 = ORIENTED_EDGE('',*,*,#4618,.T.);
#4652 = B_SPLINE_SURFACE_WITH_KNOTS('',1,1,(
    (#4653,#4654)
    ,(#4655,#4656)),.UNSPECIFIED.,.F.,.F.,.F.,(2,2),(2,2),(-1.E-03,0.),(
    -2.355051680456E-02,0.),.PIECEWISE_BEZIER_KNOTS.);
#4653 = CARTESIAN_POINT('',(1.425298628203,4.71594390514E-02,
    0.850767735971));
#4654 = CARTESIAN_POINT('',(1.425298628203,7.070995585597E-02,
    0.850767735971));
#4655 = CARTESIAN_POINT('',(1.426288896272,4.71594390514E-02,
    0.850906909072));
#4656 = CARTESIAN_POINT('',(1.426288896272,7.070995585597E-02,
    0.850906909072));
#4657 = ADVANCED_FACE('',(#4658),#4674,.F.);
#4658 = FACE_BOUND('',#4659,.T.);
#4659 = EDGE_LOOP('',(#4660,#4661,#4668,#4673));
#4660 = ORIENTED_EDGE('',*,*,#1197,.T.);
#4661 = ORIENTED_EDGE('',*,*,#4662,.F.);
#4662 = EDGE_CURVE('',#4663,#1191,#4665,.T.);
#4663 = VERTEX_POINT('',#4664);
#4664 = CARTESIAN_POINT('',(1.425312128521,7.070995585597E-02,
    0.857856972752));
#4665 = B_SPLINE_CURVE_WITH_KNOTS('',1,(#4666,#4667),.UNSPECIFIED.,.F.,
  .F.,(2,2),(-0.,1.E-03),.PIECEWISE_BEZIER_KNOTS.);
#4666 = CARTESIAN_POINT('',(1.425312128521,7.070995585597E-02,
    0.857856972752));
#4667 = CARTESIAN_POINT('',(1.424321860452,7.070995585597E-02,
    0.857717799651));
#4668 = ORIENTED_EDGE('',*,*,#4669,.F.);
#4669 = EDGE_CURVE('',#4641,#4663,#4670,.T.);
#4670 = B_SPLINE_CURVE_WITH_KNOTS('',1,(#4671,#4672),.UNSPECIFIED.,.F.,
  .F.,(2,2),(-7.018365935043E-03,0.),.PIECEWISE_BEZIER_KNOTS.);
#4671 = CARTESIAN_POINT('',(1.426288896272,7.070995585597E-02,
    0.850906909072));
#4672 = CARTESIAN_POINT('',(1.425312128521,7.070995585597E-02,
    0.857856972752));
#4673 = ORIENTED_EDGE('',*,*,#4640,.T.);
#4674 = B_SPLINE_SURFACE_WITH_KNOTS('',1,1,(
    (#4675,#4676)
    ,(#4677,#4678
    )),.UNSPECIFIED.,.F.,.F.,.F.,(2,2),(2,2),(0.,7.089236781176E-03),(
    -9.902680687417E-04,9.767677508523E-04),.PIECEWISE_BEZIER_KNOTS.);
#4675 = CARTESIAN_POINT('',(1.424321860452,7.070995585597E-02,
    0.857856972752));
#4676 = CARTESIAN_POINT('',(1.426288896272,7.070995585597E-02,
    0.857856972752));
#4677 = CARTESIAN_POINT('',(1.424321860452,7.070995585597E-02,
    0.850767735971));
#4678 = CARTESIAN_POINT('',(1.426288896272,7.070995585597E-02,
    0.850767735971));
#4679 = ADVANCED_FACE('',(#4680),#4696,.F.);
#4680 = FACE_BOUND('',#4681,.T.);
#4681 = EDGE_LOOP('',(#4682,#4683,#4690,#4695));
#4682 = ORIENTED_EDGE('',*,*,#1190,.T.);
#4683 = ORIENTED_EDGE('',*,*,#4684,.F.);
#4684 = EDGE_CURVE('',#4685,#1184,#4687,.T.);
#4685 = VERTEX_POINT('',#4686);
#4686 = CARTESIAN_POINT('',(1.425312128521,3.928327283533E-02,
    0.857856972752));
#4687 = B_SPLINE_CURVE_WITH_KNOTS('',1,(#4688,#4689),.UNSPECIFIED.,.F.,
  .F.,(2,2),(-0.,1.E-03),.PIECEWISE_BEZIER_KNOTS.);
#4688 = CARTESIAN_POINT('',(1.425312128521,3.928327283533E-02,
    0.857856972752));
#4689 = CARTESIAN_POINT('',(1.424321860452,3.928327283533E-02,
    0.857717799651));
#4690 = ORIENTED_EDGE('',*,*,#4691,.F.);
#4691 = EDGE_CURVE('',#4663,#4685,#4692,.T.);
#4692 = B_SPLINE_CURVE_WITH_KNOTS('',1,(#4693,#4694),.UNSPECIFIED.,.F.,
  .F.,(2,2),(-3.142668302063E-02,-0.),.PIECEWISE_BEZIER_KNOTS.);
#4693 = CARTESIAN_POINT('',(1.425312128521,7.070995585597E-02,
    0.857856972752));
#4694 = CARTESIAN_POINT('',(1.425312128521,3.928327283533E-02,
    0.857856972752));
#4695 = ORIENTED_EDGE('',*,*,#4662,.T.);
#4696 = B_SPLINE_SURFACE_WITH_KNOTS('',1,1,(
    (#4697,#4698)
    ,(#4699,#4700
    )),.UNSPECIFIED.,.F.,.F.,.F.,(2,2),(2,2),(-1.545131810943E-17,1.E-03
    ),(-1.4073710562E-31,3.142668302063E-02),.PIECEWISE_BEZIER_KNOTS.);
#4697 = CARTESIAN_POINT('',(1.425312128521,3.928327283533E-02,
    0.857856972752));
#4698 = CARTESIAN_POINT('',(1.425312128521,7.070995585597E-02,
    0.857856972752));
#4699 = CARTESIAN_POINT('',(1.424321860452,3.928327283533E-02,
    0.857717799651));
#4700 = CARTESIAN_POINT('',(1.424321860452,7.070995585597E-02,
    0.857717799651));
#4701 = ADVANCED_FACE('',(#4702),#4718,.F.);
#4702 = FACE_BOUND('',#4703,.T.);
#4703 = EDGE_LOOP('',(#4704,#4705,#4712,#4717));
#4704 = ORIENTED_EDGE('',*,*,#1183,.T.);
#4705 = ORIENTED_EDGE('',*,*,#4706,.F.);
#4706 = EDGE_CURVE('',#4707,#1177,#4709,.T.);
#4707 = VERTEX_POINT('',#4708);
#4708 = CARTESIAN_POINT('',(1.433803496168,3.928327283533E-02,
    0.797437752491));
#4709 = B_SPLINE_CURVE_WITH_KNOTS('',1,(#4710,#4711),.UNSPECIFIED.,.F.,
  .F.,(2,2),(-0.,1.E-03),.PIECEWISE_BEZIER_KNOTS.);
#4710 = CARTESIAN_POINT('',(1.433803496168,3.928327283533E-02,
    0.797437752491));
#4711 = CARTESIAN_POINT('',(1.4328132281,3.928327283533E-02,
    0.79729857939));
#4712 = ORIENTED_EDGE('',*,*,#4713,.F.);
#4713 = EDGE_CURVE('',#4685,#4707,#4714,.T.);
#4714 = B_SPLINE_CURVE_WITH_KNOTS('',1,(#4715,#4716),.UNSPECIFIED.,.F.,
  .F.,(2,2),(-6.10129945294E-02,0.),.PIECEWISE_BEZIER_KNOTS.);
#4715 = CARTESIAN_POINT('',(1.425312128521,3.928327283533E-02,
    0.857856972752));
#4716 = CARTESIAN_POINT('',(1.433803496168,3.928327283533E-02,
    0.797437752491));
#4717 = ORIENTED_EDGE('',*,*,#4684,.T.);
#4718 = B_SPLINE_SURFACE_WITH_KNOTS('',1,1,(
    (#4719,#4720)
    ,(#4721,#4722
    )),.UNSPECIFIED.,.F.,.F.,.F.,(2,2),(2,2),(-1.391731009601E-04,
    6.041922026077E-02),(-9.481635716258E-03,0.),
  .PIECEWISE_BEZIER_KNOTS.);
#4719 = CARTESIAN_POINT('',(1.424321860452,3.928327283533E-02,
    0.79729857939));
#4720 = CARTESIAN_POINT('',(1.433803496168,3.928327283533E-02,
    0.79729857939));
#4721 = CARTESIAN_POINT('',(1.424321860452,3.928327283533E-02,
    0.857856972752));
#4722 = CARTESIAN_POINT('',(1.433803496168,3.928327283533E-02,
    0.857856972752));
#4723 = ADVANCED_FACE('',(#4724),#4734,.F.);
#4724 = FACE_BOUND('',#4725,.T.);
#4725 = EDGE_LOOP('',(#4726,#4727,#4728,#4733));
#4726 = ORIENTED_EDGE('',*,*,#1176,.T.);
#4727 = ORIENTED_EDGE('',*,*,#4494,.F.);
#4728 = ORIENTED_EDGE('',*,*,#4729,.F.);
#4729 = EDGE_CURVE('',#4707,#4488,#4730,.T.);
#4730 = B_SPLINE_CURVE_WITH_KNOTS('',1,(#4731,#4732),.UNSPECIFIED.,.F.,
  .F.,(2,2),(-3.2814759839E-02,0.),.PIECEWISE_BEZIER_KNOTS.);
#4731 = CARTESIAN_POINT('',(1.433803496168,3.928327283533E-02,
    0.797437752491));
#4732 = CARTESIAN_POINT('',(1.433803496168,7.209803267433E-02,
    0.797437752491));
#4733 = ORIENTED_EDGE('',*,*,#4706,.T.);
#4734 = B_SPLINE_SURFACE_WITH_KNOTS('',1,1,(
    (#4735,#4736)
    ,(#4737,#4738
    )),.UNSPECIFIED.,.F.,.F.,.F.,(2,2),(2,2),(-1.E-03,2.044323639842E-16
    ),(-3.2814759839E-02,1.208319091126E-35),.PIECEWISE_BEZIER_KNOTS.);
#4735 = CARTESIAN_POINT('',(1.4328132281,3.928327283533E-02,
    0.79729857939));
#4736 = CARTESIAN_POINT('',(1.4328132281,7.209803267433E-02,
    0.79729857939));
#4737 = CARTESIAN_POINT('',(1.433803496168,3.928327283533E-02,
    0.797437752491));
#4738 = CARTESIAN_POINT('',(1.433803496168,7.209803267433E-02,
    0.797437752491));
#4739 = ADVANCED_FACE('',(#4740),#4754,.F.);
#4740 = FACE_BOUND('',#4741,.T.);
#4741 = EDGE_LOOP('',(#4742,#4743,#4744,#4745,#4746,#4747,#4748,#4749,
    #4750,#4751,#4752,#4753));
#4742 = ORIENTED_EDGE('',*,*,#4487,.T.);
#4743 = ORIENTED_EDGE('',*,*,#4515,.T.);
#4744 = ORIENTED_EDGE('',*,*,#4537,.T.);
#4745 = ORIENTED_EDGE('',*,*,#4559,.T.);
#4746 = ORIENTED_EDGE('',*,*,#4581,.T.);
#4747 = ORIENTED_EDGE('',*,*,#4603,.T.);
#4748 = ORIENTED_EDGE('',*,*,#4625,.T.);
#4749 = ORIENTED_EDGE('',*,*,#4647,.T.);
#4750 = ORIENTED_EDGE('',*,*,#4669,.T.);
#4751 = ORIENTED_EDGE('',*,*,#4691,.T.);
#4752 = ORIENTED_EDGE('',*,*,#4713,.T.);
#4753 = ORIENTED_EDGE('',*,*,#4729,.T.);
#4754 = B_SPLINE_SURFACE_WITH_KNOTS('',1,1,(
    (#4755,#4756)
    ,(#4757,#4758
    )),.UNSPECIFIED.,.F.,.F.,.F.,(2,2),(2,2),(0.590122002581,
    0.651134997111),(3.928327283532E-02,7.209803267432E-02),
  .PIECEWISE_BEZIER_KNOTS.);
#4755 = CARTESIAN_POINT('',(1.433803496168,3.928327283533E-02,
    0.797437752491));
#4756 = CARTESIAN_POINT('',(1.433803496168,7.209803267433E-02,
    0.797437752491));
#4757 = CARTESIAN_POINT('',(1.425312128521,3.928327283533E-02,
    0.857856972752));
#4758 = CARTESIAN_POINT('',(1.425312128521,7.209803267433E-02,
    0.857856972752));
#4759 = ADVANCED_FACE('',(#4760,#4876),#4946,.T.);
#4760 = FACE_BOUND('',#4761,.T.);
#4761 = EDGE_LOOP('',(#4762,#4773,#4780,#4789,#4798,#4805,#4814,#4823,
    #4832,#4841,#4848,#4855,#4862,#4869));
#4762 = ORIENTED_EDGE('',*,*,#4763,.T.);
#4763 = EDGE_CURVE('',#4764,#4766,#4768,.T.);
#4764 = VERTEX_POINT('',#4765);
#4765 = CARTESIAN_POINT('',(1.427599935653,9.867424501547E-02,
    0.841578379154));
#4766 = VERTEX_POINT('',#4767);
#4767 = CARTESIAN_POINT('',(1.428164290353,8.367053828285E-02,
    0.837562786806));
#4768 = B_SPLINE_CURVE_WITH_KNOTS('',3,(#4769,#4770,#4771,#4772),
  .UNSPECIFIED.,.F.,.F.,(4,4),(0.,1.),.PIECEWISE_BEZIER_KNOTS.);
#4769 = CARTESIAN_POINT('',(1.427599935653,9.867424501547E-02,
    0.841578379154));
#4770 = CARTESIAN_POINT('',(1.427599935653,9.29971667924E-02,
    0.841578379154));
#4771 = CARTESIAN_POINT('',(1.427786606823,8.799073242521E-02,
    0.840250144762));
#4772 = CARTESIAN_POINT('',(1.428164290353,8.367053828285E-02,
    0.837562786806));
#4773 = ORIENTED_EDGE('',*,*,#4774,.T.);
#4774 = EDGE_CURVE('',#4766,#4775,#4777,.T.);
#4775 = VERTEX_POINT('',#4776);
#4776 = CARTESIAN_POINT('',(1.429197493574,8.367053828285E-02,
    0.83021116389));
#4777 = B_SPLINE_CURVE_WITH_KNOTS('',1,(#4778,#4779),.UNSPECIFIED.,.F.,
  .F.,(2,2),(-7.423871522777E-03,0.),.PIECEWISE_BEZIER_KNOTS.);
#4778 = CARTESIAN_POINT('',(1.428164290353,8.367053828285E-02,
    0.837562786806));
#4779 = CARTESIAN_POINT('',(1.429197493574,8.367053828285E-02,
    0.83021116389));
#4780 = ORIENTED_EDGE('',*,*,#4781,.T.);
#4781 = EDGE_CURVE('',#4775,#4782,#4784,.T.);
#4782 = VERTEX_POINT('',#4783);
#4783 = CARTESIAN_POINT('',(1.428463832464,9.795681205319E-02,
    0.835431433944));
#4784 = B_SPLINE_CURVE_WITH_KNOTS('',3,(#4785,#4786,#4787,#4788),
  .UNSPECIFIED.,.F.,.F.,(4,4),(12.,13.),.PIECEWISE_BEZIER_KNOTS.);
#4785 = CARTESIAN_POINT('',(1.429197493574,8.367053828285E-02,
    0.83021116389));
#4786 = CARTESIAN_POINT('',(1.428711280294,8.797513605649E-02,
    0.833670751145));
#4787 = CARTESIAN_POINT('',(1.428463832464,9.273202852362E-02,
    0.835431433944));
#4788 = CARTESIAN_POINT('',(1.428463832464,9.795681205319E-02,
    0.835431433944));
#4789 = ORIENTED_EDGE('',*,*,#4790,.T.);
#4790 = EDGE_CURVE('',#4782,#4791,#4793,.T.);
#4791 = VERTEX_POINT('',#4792);
#4792 = CARTESIAN_POINT('',(1.429948519445,0.106784356763,0.82486733715)
  );
#4793 = B_SPLINE_CURVE_WITH_KNOTS('',3,(#4794,#4795,#4796,#4797),
  .UNSPECIFIED.,.F.,.F.,(4,4),(11.,12.),.PIECEWISE_BEZIER_KNOTS.);
#4794 = CARTESIAN_POINT('',(1.428463832464,9.795681205319E-02,
    0.835431433944));
#4795 = CARTESIAN_POINT('',(1.428463832464,0.10383664307,0.835431433944)
  );
#4796 = CARTESIAN_POINT('',(1.428958728124,0.106784356763,0.831910068346
    ));
#4797 = CARTESIAN_POINT('',(1.429948519445,0.106784356763,0.82486733715)
  );
#4798 = ORIENTED_EDGE('',*,*,#4799,.T.);
#4799 = EDGE_CURVE('',#4791,#4800,#4802,.T.);
#4800 = VERTEX_POINT('',#4801);
#4801 = CARTESIAN_POINT('',(1.430200308465,9.387056344194E-02,
    0.823075765179));
#4802 = B_SPLINE_CURVE_WITH_KNOTS('',1,(#4803,#4804),.UNSPECIFIED.,.F.,
  .F.,(2,2),(-1.303990742941E-02,0.),.PIECEWISE_BEZIER_KNOTS.);
#4803 = CARTESIAN_POINT('',(1.429948519445,0.106784356763,0.82486733715)
  );
#4804 = CARTESIAN_POINT('',(1.430200308465,9.387056344194E-02,
    0.823075765179));
#4805 = ORIENTED_EDGE('',*,*,#4806,.T.);
#4806 = EDGE_CURVE('',#4800,#4807,#4809,.T.);
#4807 = VERTEX_POINT('',#4808);
#4808 = CARTESIAN_POINT('',(1.432179891107,7.94127296156E-02,
    0.808990302787));
#4809 = B_SPLINE_CURVE_WITH_KNOTS('',3,(#4810,#4811,#4812,#4813),
  .UNSPECIFIED.,.F.,.F.,(4,4),(9.,10.),.PIECEWISE_BEZIER_KNOTS.);
#4810 = CARTESIAN_POINT('',(1.430200308465,9.387056344194E-02,
    0.823075765179));
#4811 = CARTESIAN_POINT('',(1.430386979635,8.423200755785E-02,
    0.821747530786));
#4812 = CARTESIAN_POINT('',(1.431046840516,7.94127296156E-02,
    0.817052376656));
#4813 = CARTESIAN_POINT('',(1.432179891107,7.94127296156E-02,
    0.808990302787));
#4814 = ORIENTED_EDGE('',*,*,#4815,.T.);
#4815 = EDGE_CURVE('',#4807,#4816,#4818,.T.);
#4816 = VERTEX_POINT('',#4817);
#4817 = CARTESIAN_POINT('',(1.433469224538,8.315585811444E-02,
    0.799816218728));
#4818 = B_SPLINE_CURVE_WITH_KNOTS('',3,(#4819,#4820,#4821,#4822),
  .UNSPECIFIED.,.F.,.F.,(4,4),(8.,9.),.PIECEWISE_BEZIER_KNOTS.);
#4819 = CARTESIAN_POINT('',(1.432179891107,7.94127296156E-02,
    0.808990302787));
#4820 = CARTESIAN_POINT('',(1.432722539857,7.94127296156E-02,
    0.805129156298));
#4821 = CARTESIAN_POINT('',(1.433152317668,8.066043911522E-02,
    0.802071128278));
#4822 = CARTESIAN_POINT('',(1.433469224538,8.315585811444E-02,
    0.799816218728));
#4823 = ORIENTED_EDGE('',*,*,#4824,.T.);
#4824 = EDGE_CURVE('',#4816,#4825,#4827,.T.);
#4825 = VERTEX_POINT('',#4826);
#4826 = CARTESIAN_POINT('',(1.433946755438,9.323111232351E-02,
    0.796418409818));
#4827 = B_SPLINE_CURVE_WITH_KNOTS('',3,(#4828,#4829,#4830,#4831),
  .UNSPECIFIED.,.F.,.F.,(4,4),(7.,8.),.PIECEWISE_BEZIER_KNOTS.);
#4828 = CARTESIAN_POINT('',(1.433469224538,8.315585811444E-02,
    0.799816218728));
#4829 = CARTESIAN_POINT('',(1.433786131408,8.565127711346E-02,
    0.797561309179));
#4830 = CARTESIAN_POINT('',(1.433946755438,8.900449639372E-02,
    0.796418409818));
#4831 = CARTESIAN_POINT('',(1.433946755438,9.323111232351E-02,
    0.796418409818));
#4832 = ORIENTED_EDGE('',*,*,#4833,.T.);
#4833 = EDGE_CURVE('',#4825,#4834,#4836,.T.);
#4834 = VERTEX_POINT('',#4835);
#4835 = CARTESIAN_POINT('',(1.432865799127,0.106581603969,0.804109813624
    ));
#4836 = B_SPLINE_CURVE_WITH_KNOTS('',3,(#4837,#4838,#4839,#4840),
  .UNSPECIFIED.,.F.,.F.,(4,4),(6.,7.),.PIECEWISE_BEZIER_KNOTS.);
#4837 = CARTESIAN_POINT('',(1.433946755438,9.323111232351E-02,
    0.796418409818));
#4838 = CARTESIAN_POINT('',(1.433946755438,9.911094334024E-02,
    0.796418409818));
#4839 = CARTESIAN_POINT('',(1.433586436668,0.103571504801,0.798982211087
    ));
#4840 = CARTESIAN_POINT('',(1.432865799127,0.106581603969,0.804109813624
    ));
#4841 = ORIENTED_EDGE('',*,*,#4842,.T.);
#4842 = EDGE_CURVE('',#4834,#4843,#4845,.T.);
#4843 = VERTEX_POINT('',#4844);
#4844 = CARTESIAN_POINT('',(1.432865799127,0.106784356763,0.804109813624
    ));
#4845 = B_SPLINE_CURVE_WITH_KNOTS('',1,(#4846,#4847),.UNSPECIFIED.,.F.,
  .F.,(2,2),(-2.027527936583E-04,0.),.PIECEWISE_BEZIER_KNOTS.);
#4846 = CARTESIAN_POINT('',(1.432865799127,0.106581603969,0.804109813624
    ));
#4847 = CARTESIAN_POINT('',(1.432865799127,0.106784356763,0.804109813624
    ));
#4848 = ORIENTED_EDGE('',*,*,#4849,.T.);
#4849 = EDGE_CURVE('',#4843,#4850,#4852,.T.);
#4850 = VERTEX_POINT('',#4851);
#4851 = CARTESIAN_POINT('',(1.433803496168,0.106784356763,0.797437752491
    ));
#4852 = B_SPLINE_CURVE_WITH_KNOTS('',1,(#4853,#4854),.UNSPECIFIED.,.F.,
  .F.,(2,2),(-6.737631297541E-03,0.),.PIECEWISE_BEZIER_KNOTS.);
#4853 = CARTESIAN_POINT('',(1.432865799127,0.106784356763,0.804109813624
    ));
#4854 = CARTESIAN_POINT('',(1.433803496168,0.106784356763,0.797437752491
    ));
#4855 = ORIENTED_EDGE('',*,*,#4856,.T.);
#4856 = EDGE_CURVE('',#4850,#4857,#4859,.T.);
#4857 = VERTEX_POINT('',#4858);
#4858 = CARTESIAN_POINT('',(1.433803496168,0.114426577448,0.797437752491
    ));
#4859 = B_SPLINE_CURVE_WITH_KNOTS('',1,(#4860,#4861),.UNSPECIFIED.,.F.,
  .F.,(2,2),(-7.642220684954E-03,0.),.PIECEWISE_BEZIER_KNOTS.);
#4860 = CARTESIAN_POINT('',(1.433803496168,0.106784356763,0.797437752491
    ));
#4861 = CARTESIAN_POINT('',(1.433803496168,0.114426577448,0.797437752491
    ));
#4862 = ORIENTED_EDGE('',*,*,#4863,.T.);
#4863 = EDGE_CURVE('',#4857,#4864,#4866,.T.);
#4864 = VERTEX_POINT('',#4865);
#4865 = CARTESIAN_POINT('',(1.429900766355,0.114426577448,0.82520711804)
  );
#4866 = B_SPLINE_CURVE_WITH_KNOTS('',1,(#4867,#4868),.UNSPECIFIED.,.F.,
  .F.,(2,2),(-2.804227100272E-02,0.),.PIECEWISE_BEZIER_KNOTS.);
#4867 = CARTESIAN_POINT('',(1.433803496168,0.114426577448,0.797437752491
    ));
#4868 = CARTESIAN_POINT('',(1.429900766355,0.114426577448,0.82520711804)
  );
#4869 = ORIENTED_EDGE('',*,*,#4870,.T.);
#4870 = EDGE_CURVE('',#4864,#4764,#4871,.T.);
#4871 = B_SPLINE_CURVE_WITH_KNOTS('',3,(#4872,#4873,#4874,#4875),
  .UNSPECIFIED.,.F.,.F.,(4,4),(1.,2.),.PIECEWISE_BEZIER_KNOTS.);
#4872 = CARTESIAN_POINT('',(1.429900766355,0.114426577448,0.82520711804)
  );
#4873 = CARTESIAN_POINT('',(1.428363985093,0.114426577448,0.836141884898
    ));
#4874 = CARTESIAN_POINT('',(1.427599935653,0.109170601181,0.841578379154
    ));
#4875 = CARTESIAN_POINT('',(1.427599935653,9.867424501547E-02,
    0.841578379154));
#4876 = FACE_BOUND('',#4877,.T.);
#4877 = EDGE_LOOP('',(#4878,#4889,#4898,#4905,#4912,#4921,#4930,#4939));
#4878 = ORIENTED_EDGE('',*,*,#4879,.F.);
#4879 = EDGE_CURVE('',#4880,#4882,#4884,.T.);
#4880 = VERTEX_POINT('',#4881);
#4881 = CARTESIAN_POINT('',(1.431324676676,8.919165281865E-02,
    0.815075469653));
#4882 = VERTEX_POINT('',#4883);
#4883 = CARTESIAN_POINT('',(1.432093067307,8.716412488185E-02,
    0.809608086225));
#4884 = B_SPLINE_CURVE_WITH_KNOTS('',3,(#4885,#4886,#4887,#4888),
  .UNSPECIFIED.,.F.,.F.,(4,4),(1.,2.),.PIECEWISE_BEZIER_KNOTS.);
#4885 = CARTESIAN_POINT('',(1.431324676676,8.919165281865E-02,
    0.815075469653));
#4886 = CARTESIAN_POINT('',(1.431507006656,8.785036510646E-02,
    0.813778124433));
#4887 = CARTESIAN_POINT('',(1.431763136866,8.716412488185E-02,
    0.81195566329));
#4888 = CARTESIAN_POINT('',(1.432093067307,8.716412488185E-02,
    0.809608086225));
#4889 = ORIENTED_EDGE('',*,*,#4890,.F.);
#4890 = EDGE_CURVE('',#4891,#4880,#4893,.T.);
#4891 = VERTEX_POINT('',#4892);
#4892 = CARTESIAN_POINT('',(1.430951334336,9.658433160355E-02,
    0.817731938438));
#4893 = B_SPLINE_CURVE_WITH_KNOTS('',3,(#4894,#4895,#4896,#4897),
  .UNSPECIFIED.,.F.,.F.,(4,4),(0.,1.),.PIECEWISE_BEZIER_KNOTS.);
#4894 = CARTESIAN_POINT('',(1.430951334336,9.658433160355E-02,
    0.817731938438));
#4895 = CARTESIAN_POINT('',(1.431020793376,9.301276316112E-02,
    0.817237711687));
#4896 = CARTESIAN_POINT('',(1.431142346696,9.054853689935E-02,
    0.816372814874));
#4897 = CARTESIAN_POINT('',(1.431324676676,8.919165281865E-02,
    0.815075469653));
#4898 = ORIENTED_EDGE('',*,*,#4899,.F.);
#4899 = EDGE_CURVE('',#4900,#4891,#4902,.T.);
#4900 = VERTEX_POINT('',#4901);
#4901 = CARTESIAN_POINT('',(1.430760321976,0.106784356763,0.819091062002
    ));
#4902 = B_SPLINE_CURVE_WITH_KNOTS('',1,(#4903,#4904),.UNSPECIFIED.,.F.,
  .F.,(2,2),(4.121013787567E-18,1.029194907832E-02),
  .PIECEWISE_BEZIER_KNOTS.);
#4903 = CARTESIAN_POINT('',(1.430760321976,0.106784356763,0.819091062002
    ));
#4904 = CARTESIAN_POINT('',(1.430951334336,9.658433160355E-02,
    0.817731938438));
#4905 = ORIENTED_EDGE('',*,*,#4906,.F.);
#4906 = EDGE_CURVE('',#4907,#4900,#4909,.T.);
#4907 = VERTEX_POINT('',#4908);
#4908 = CARTESIAN_POINT('',(1.431342041436,0.106784356763,0.814951912966
    ));
#4909 = B_SPLINE_CURVE_WITH_KNOTS('',1,(#4910,#4911),.UNSPECIFIED.,.F.,
  .F.,(2,2),(0.,4.179826823819E-03),.PIECEWISE_BEZIER_KNOTS.);
#4910 = CARTESIAN_POINT('',(1.431342041436,0.106784356763,0.814951912966
    ));
#4911 = CARTESIAN_POINT('',(1.430760321976,0.106784356763,0.819091062002
    ));
#4912 = ORIENTED_EDGE('',*,*,#4913,.F.);
#4913 = EDGE_CURVE('',#4914,#4907,#4916,.T.);
#4914 = VERTEX_POINT('',#4915);
#4915 = CARTESIAN_POINT('',(1.432579280587,0.103509119326,0.806148498971
    ));
#4916 = B_SPLINE_CURVE_WITH_KNOTS('',3,(#4917,#4918,#4919,#4920),
  .UNSPECIFIED.,.F.,.F.,(4,4),(5.,6.),.PIECEWISE_BEZIER_KNOTS.);
#4917 = CARTESIAN_POINT('',(1.432579280587,0.103509119326,0.806148498971
    ));
#4918 = CARTESIAN_POINT('',(1.432253691337,0.105692610951,0.808465186864
    ));
#4919 = CARTESIAN_POINT('',(1.431841278287,0.106784356763,0.811399658196
    ));
#4920 = CARTESIAN_POINT('',(1.431342041436,0.106784356763,0.814951912966
    ));
#4921 = ORIENTED_EDGE('',*,*,#4922,.F.);
#4922 = EDGE_CURVE('',#4923,#4914,#4925,.T.);
#4923 = VERTEX_POINT('',#4924);
#4924 = CARTESIAN_POINT('',(1.433074176248,9.521185115412E-02,
    0.802627133373));
#4925 = B_SPLINE_CURVE_WITH_KNOTS('',3,(#4926,#4927,#4928,#4929),
  .UNSPECIFIED.,.F.,.F.,(4,4),(4.,5.),.PIECEWISE_BEZIER_KNOTS.);
#4926 = CARTESIAN_POINT('',(1.433074176248,9.521185115412E-02,
    0.802627133373));
#4927 = CARTESIAN_POINT('',(1.433074176248,9.856507043417E-02,
    0.802627133373));
#4928 = CARTESIAN_POINT('',(1.432909211028,0.101341224071,0.803800921905
    ));
#4929 = CARTESIAN_POINT('',(1.432579280587,0.103509119326,0.806148498971
    ));
#4930 = ORIENTED_EDGE('',*,*,#4931,.F.);
#4931 = EDGE_CURVE('',#4932,#4923,#4934,.T.);
#4932 = VERTEX_POINT('',#4933);
#4933 = CARTESIAN_POINT('',(1.432800681277,8.937880924358E-02,
    0.804573151203));
#4934 = B_SPLINE_CURVE_WITH_KNOTS('',3,(#4935,#4936,#4937,#4938),
  .UNSPECIFIED.,.F.,.F.,(4,4),(3.,4.),.PIECEWISE_BEZIER_KNOTS.);
#4935 = CARTESIAN_POINT('',(1.432800681277,8.937880924358E-02,
    0.804573151203));
#4936 = CARTESIAN_POINT('',(1.432983011258,9.084486790558E-02,
    0.803275805983));
#4937 = CARTESIAN_POINT('',(1.433074176248,9.279441399853E-02,
    0.802627133373));
#4938 = CARTESIAN_POINT('',(1.433074176248,9.521185115412E-02,
    0.802627133373));
#4939 = ORIENTED_EDGE('',*,*,#4940,.F.);
#4940 = EDGE_CURVE('',#4882,#4932,#4941,.T.);
#4941 = B_SPLINE_CURVE_WITH_KNOTS('',3,(#4942,#4943,#4944,#4945),
  .UNSPECIFIED.,.F.,.F.,(4,4),(2.,3.),.PIECEWISE_BEZIER_KNOTS.);
#4942 = CARTESIAN_POINT('',(1.432093067307,8.716412488185E-02,
    0.809608086225));
#4943 = CARTESIAN_POINT('',(1.432383927037,8.716412488185E-02,
    0.807538511707));
#4944 = CARTESIAN_POINT('',(1.432618351297,8.789715421285E-02,
    0.805870496423));
#4945 = CARTESIAN_POINT('',(1.432800681277,8.937880924358E-02,
    0.804573151203));
#4946 = B_SPLINE_SURFACE_WITH_KNOTS('',1,1,(
    (#4947,#4948)
    ,(#4949,#4950
    )),.UNSPECIFIED.,.F.,.F.,.F.,(2,2),(2,2),(-1.009864876268E-03,
    4.459391733341E-02),(-1.125083050329E-02,2.376301732871E-02),
  .PIECEWISE_BEZIER_KNOTS.);
#4947 = CARTESIAN_POINT('',(1.427599935653,7.94127296156E-02,
    0.841578379154));
#4948 = CARTESIAN_POINT('',(1.427599935653,0.114426577448,0.841578379154
    ));
#4949 = CARTESIAN_POINT('',(1.433946755438,7.94127296156E-02,
    0.796418409818));
#4950 = CARTESIAN_POINT('',(1.433946755438,0.114426577448,0.796418409818
    ));
#4951 = ADVANCED_FACE('',(#4952),#4966,.F.);
#4952 = FACE_BOUND('',#4953,.F.);
#4953 = EDGE_LOOP('',(#4954,#4959,#4960,#4965));
#4954 = ORIENTED_EDGE('',*,*,#4955,.F.);
#4955 = EDGE_CURVE('',#4764,#635,#4956,.T.);
#4956 = B_SPLINE_CURVE_WITH_KNOTS('',1,(#4957,#4958),.UNSPECIFIED.,.F.,
  .F.,(2,2),(-0.,1.E-03),.PIECEWISE_BEZIER_KNOTS.);
#4957 = CARTESIAN_POINT('',(1.427599935653,9.867424501547E-02,
    0.841578379154));
#4958 = CARTESIAN_POINT('',(1.426609667584,9.867424501547E-02,
    0.841439206053));
#4959 = ORIENTED_EDGE('',*,*,#4763,.T.);
#4960 = ORIENTED_EDGE('',*,*,#4961,.T.);
#4961 = EDGE_CURVE('',#4766,#626,#4962,.T.);
#4962 = B_SPLINE_CURVE_WITH_KNOTS('',1,(#4963,#4964),.UNSPECIFIED.,.F.,
  .F.,(2,2),(-0.,1.E-03),.PIECEWISE_BEZIER_KNOTS.);
#4963 = CARTESIAN_POINT('',(1.428164290353,8.367053828285E-02,
    0.837562786806));
#4964 = CARTESIAN_POINT('',(1.427174022285,8.367053828285E-02,
    0.837423613705));
#4965 = ORIENTED_EDGE('',*,*,#634,.F.);
#4966 = B_SPLINE_SURFACE_WITH_KNOTS('',3,1,(
    (#4967,#4968)
    ,(#4969,#4970)
    ,(#4971,#4972)
    ,(#4973,#4974
    )),.UNSPECIFIED.,.F.,.F.,.F.,(4,4),(2,2),(0.,1.),(0.,1.),
  .PIECEWISE_BEZIER_KNOTS.);
#4967 = CARTESIAN_POINT('',(1.427599935653,9.867424501547E-02,
    0.841578379154));
#4968 = CARTESIAN_POINT('',(1.426609667584,9.867424501547E-02,
    0.841439206053));
#4969 = CARTESIAN_POINT('',(1.427599935653,9.29971667924E-02,
    0.841578379154));
#4970 = CARTESIAN_POINT('',(1.426609667584,9.29971667924E-02,
    0.841439206053));
#4971 = CARTESIAN_POINT('',(1.427786606823,8.799073242521E-02,
    0.840250144762));
#4972 = CARTESIAN_POINT('',(1.426796338754,8.799073242521E-02,
    0.840110971661));
#4973 = CARTESIAN_POINT('',(1.428164290353,8.367053828285E-02,
    0.837562786806));
#4974 = CARTESIAN_POINT('',(1.427174022285,8.367053828285E-02,
    0.837423613705));
#4975 = ADVANCED_FACE('',(#4976),#4986,.F.);
#4976 = FACE_BOUND('',#4977,.T.);
#4977 = EDGE_LOOP('',(#4978,#4979,#4984,#4985));
#4978 = ORIENTED_EDGE('',*,*,#625,.T.);
#4979 = ORIENTED_EDGE('',*,*,#4980,.F.);
#4980 = EDGE_CURVE('',#4775,#628,#4981,.T.);
#4981 = B_SPLINE_CURVE_WITH_KNOTS('',1,(#4982,#4983),.UNSPECIFIED.,.F.,
  .F.,(2,2),(-0.,9.999999999999E-04),.PIECEWISE_BEZIER_KNOTS.);
#4982 = CARTESIAN_POINT('',(1.429197493574,8.367053828285E-02,
    0.83021116389));
#4983 = CARTESIAN_POINT('',(1.428207225505,8.367053828285E-02,
    0.830071990789));
#4984 = ORIENTED_EDGE('',*,*,#4774,.F.);
#4985 = ORIENTED_EDGE('',*,*,#4961,.T.);
#4986 = B_SPLINE_SURFACE_WITH_KNOTS('',1,1,(
    (#4987,#4988)
    ,(#4989,#4990
    )),.UNSPECIFIED.,.F.,.F.,.F.,(2,2),(2,2),(-1.3917310096E-04,
    7.351622915446E-03),(-2.023471289696E-03,0.),
  .PIECEWISE_BEZIER_KNOTS.);
#4987 = CARTESIAN_POINT('',(1.427174022285,8.367053828285E-02,
    0.830071990789));
#4988 = CARTESIAN_POINT('',(1.429197493574,8.367053828285E-02,
    0.830071990789));
#4989 = CARTESIAN_POINT('',(1.427174022285,8.367053828285E-02,
    0.837562786806));
#4990 = CARTESIAN_POINT('',(1.429197493574,8.367053828285E-02,
    0.837562786806));
#4991 = ADVANCED_FACE('',(#4992),#5002,.F.);
#4992 = FACE_BOUND('',#4993,.F.);
#4993 = EDGE_LOOP('',(#4994,#4995,#4996,#5001));
#4994 = ORIENTED_EDGE('',*,*,#4980,.F.);
#4995 = ORIENTED_EDGE('',*,*,#4781,.T.);
#4996 = ORIENTED_EDGE('',*,*,#4997,.T.);
#4997 = EDGE_CURVE('',#4782,#724,#4998,.T.);
#4998 = B_SPLINE_CURVE_WITH_KNOTS('',1,(#4999,#5000),.UNSPECIFIED.,.F.,
  .F.,(2,2),(-0.,1.E-03),.PIECEWISE_BEZIER_KNOTS.);
#4999 = CARTESIAN_POINT('',(1.428463832464,9.795681205319E-02,
    0.835431433944));
#5000 = CARTESIAN_POINT('',(1.427473564395,9.795681205319E-02,
    0.835292260843));
#5001 = ORIENTED_EDGE('',*,*,#732,.F.);
#5002 = B_SPLINE_SURFACE_WITH_KNOTS('',3,1,(
    (#5003,#5004)
    ,(#5005,#5006)
    ,(#5007,#5008)
    ,(#5009,#5010
    )),.UNSPECIFIED.,.F.,.F.,.F.,(4,4),(2,2),(12.,13.),(0.,1.),
  .PIECEWISE_BEZIER_KNOTS.);
#5003 = CARTESIAN_POINT('',(1.429197493574,8.367053828285E-02,
    0.83021116389));
#5004 = CARTESIAN_POINT('',(1.428207225505,8.367053828285E-02,
    0.830071990789));
#5005 = CARTESIAN_POINT('',(1.428711280294,8.797513605649E-02,
    0.833670751145));
#5006 = CARTESIAN_POINT('',(1.427721012225,8.797513605649E-02,
    0.833531578044));
#5007 = CARTESIAN_POINT('',(1.428463832464,9.273202852362E-02,
    0.835431433944));
#5008 = CARTESIAN_POINT('',(1.427473564395,9.273202852362E-02,
    0.835292260843));
#5009 = CARTESIAN_POINT('',(1.428463832464,9.795681205319E-02,
    0.835431433944));
#5010 = CARTESIAN_POINT('',(1.427473564395,9.795681205319E-02,
    0.835292260843));
#5011 = ADVANCED_FACE('',(#5012),#5022,.F.);
#5012 = FACE_BOUND('',#5013,.F.);
#5013 = EDGE_LOOP('',(#5014,#5015,#5016,#5021));
#5014 = ORIENTED_EDGE('',*,*,#4997,.F.);
#5015 = ORIENTED_EDGE('',*,*,#4790,.T.);
#5016 = ORIENTED_EDGE('',*,*,#5017,.T.);
#5017 = EDGE_CURVE('',#4791,#717,#5018,.T.);
#5018 = B_SPLINE_CURVE_WITH_KNOTS('',1,(#5019,#5020),.UNSPECIFIED.,.F.,
  .F.,(2,2),(-0.,1.E-03),.PIECEWISE_BEZIER_KNOTS.);
#5019 = CARTESIAN_POINT('',(1.429948519445,0.106784356763,0.82486733715)
  );
#5020 = CARTESIAN_POINT('',(1.428958251376,0.106784356763,0.824728164049
    ));
#5021 = ORIENTED_EDGE('',*,*,#723,.F.);
#5022 = B_SPLINE_SURFACE_WITH_KNOTS('',3,1,(
    (#5023,#5024)
    ,(#5025,#5026)
    ,(#5027,#5028)
    ,(#5029,#5030
    )),.UNSPECIFIED.,.F.,.F.,.F.,(4,4),(2,2),(11.,12.),(0.,1.),
  .PIECEWISE_BEZIER_KNOTS.);
#5023 = CARTESIAN_POINT('',(1.428463832464,9.795681205319E-02,
    0.835431433944));
#5024 = CARTESIAN_POINT('',(1.427473564395,9.795681205319E-02,
    0.835292260843));
#5025 = CARTESIAN_POINT('',(1.428463832464,0.10383664307,0.835431433944)
  );
#5026 = CARTESIAN_POINT('',(1.427473564395,0.10383664307,0.835292260843)
  );
#5027 = CARTESIAN_POINT('',(1.428958728124,0.106784356763,0.831910068346
    ));
#5028 = CARTESIAN_POINT('',(1.427968460055,0.106784356763,0.831770895245
    ));
#5029 = CARTESIAN_POINT('',(1.429948519445,0.106784356763,0.82486733715)
  );
#5030 = CARTESIAN_POINT('',(1.428958251376,0.106784356763,0.824728164049
    ));
#5031 = ADVANCED_FACE('',(#5032),#5042,.F.);
#5032 = FACE_BOUND('',#5033,.T.);
#5033 = EDGE_LOOP('',(#5034,#5035,#5040,#5041));
#5034 = ORIENTED_EDGE('',*,*,#716,.T.);
#5035 = ORIENTED_EDGE('',*,*,#5036,.F.);
#5036 = EDGE_CURVE('',#4800,#708,#5037,.T.);
#5037 = B_SPLINE_CURVE_WITH_KNOTS('',1,(#5038,#5039),.UNSPECIFIED.,.F.,
  .F.,(2,2),(-0.,1.E-03),.PIECEWISE_BEZIER_KNOTS.);
#5038 = CARTESIAN_POINT('',(1.430200308465,9.387056344194E-02,
    0.823075765179));
#5039 = CARTESIAN_POINT('',(1.429210040396,9.387056344194E-02,
    0.822936592078));
#5040 = ORIENTED_EDGE('',*,*,#4799,.F.);
#5041 = ORIENTED_EDGE('',*,*,#5017,.T.);
#5042 = B_SPLINE_SURFACE_WITH_KNOTS('',1,1,(
    (#5043,#5044)
    ,(#5045,#5046
    )),.UNSPECIFIED.,.F.,.F.,.F.,(2,2),(2,2),(-1.949516696945E-05,
    1.30374292103E-02),(-1.254025123776E-03,0.),
  .PIECEWISE_BEZIER_KNOTS.);
#5043 = CARTESIAN_POINT('',(1.428958251376,9.387547147805E-02,
    0.822901899796));
#5044 = CARTESIAN_POINT('',(1.430200308465,9.385126048965E-02,
    0.823073034324));
#5045 = CARTESIAN_POINT('',(1.428958251376,0.106803659715,0.824730894904
    ));
#5046 = CARTESIAN_POINT('',(1.430200308465,0.106779448727,0.824902029432
    ));
#5047 = ADVANCED_FACE('',(#5048),#5058,.F.);
#5048 = FACE_BOUND('',#5049,.F.);
#5049 = EDGE_LOOP('',(#5050,#5051,#5052,#5057));
#5050 = ORIENTED_EDGE('',*,*,#5036,.F.);
#5051 = ORIENTED_EDGE('',*,*,#4806,.T.);
#5052 = ORIENTED_EDGE('',*,*,#5053,.T.);
#5053 = EDGE_CURVE('',#4807,#699,#5054,.T.);
#5054 = B_SPLINE_CURVE_WITH_KNOTS('',1,(#5055,#5056),.UNSPECIFIED.,.F.,
  .F.,(2,2),(-0.,1.E-03),.PIECEWISE_BEZIER_KNOTS.);
#5055 = CARTESIAN_POINT('',(1.432179891107,7.94127296156E-02,
    0.808990302787));
#5056 = CARTESIAN_POINT('',(1.431189623038,7.94127296156E-02,
    0.808851129686));
#5057 = ORIENTED_EDGE('',*,*,#707,.F.);
#5058 = B_SPLINE_SURFACE_WITH_KNOTS('',3,1,(
    (#5059,#5060)
    ,(#5061,#5062)
    ,(#5063,#5064)
    ,(#5065,#5066
    )),.UNSPECIFIED.,.F.,.F.,.F.,(4,4),(2,2),(9.,10.),(0.,1.),
  .PIECEWISE_BEZIER_KNOTS.);
#5059 = CARTESIAN_POINT('',(1.430200308465,9.387056344194E-02,
    0.823075765179));
#5060 = CARTESIAN_POINT('',(1.429210040396,9.387056344194E-02,
    0.822936592078));
#5061 = CARTESIAN_POINT('',(1.430386979635,8.423200755785E-02,
    0.821747530786));
#5062 = CARTESIAN_POINT('',(1.429396711567,8.423200755785E-02,
    0.821608357686));
#5063 = CARTESIAN_POINT('',(1.431046840516,7.94127296156E-02,
    0.817052376656));
#5064 = CARTESIAN_POINT('',(1.430056572447,7.94127296156E-02,
    0.816913203555));
#5065 = CARTESIAN_POINT('',(1.432179891107,7.94127296156E-02,
    0.808990302787));
#5066 = CARTESIAN_POINT('',(1.431189623038,7.94127296156E-02,
    0.808851129686));
#5067 = ADVANCED_FACE('',(#5068),#5078,.F.);
#5068 = FACE_BOUND('',#5069,.F.);
#5069 = EDGE_LOOP('',(#5070,#5071,#5072,#5077));
#5070 = ORIENTED_EDGE('',*,*,#5053,.F.);
#5071 = ORIENTED_EDGE('',*,*,#4815,.T.);
#5072 = ORIENTED_EDGE('',*,*,#5073,.T.);
#5073 = EDGE_CURVE('',#4816,#690,#5074,.T.);
#5074 = B_SPLINE_CURVE_WITH_KNOTS('',1,(#5075,#5076),.UNSPECIFIED.,.F.,
  .F.,(2,2),(-0.,1.E-03),.PIECEWISE_BEZIER_KNOTS.);
#5075 = CARTESIAN_POINT('',(1.433469224538,8.315585811444E-02,
    0.799816218728));
#5076 = CARTESIAN_POINT('',(1.432478956469,8.315585811444E-02,
    0.799677045628));
#5077 = ORIENTED_EDGE('',*,*,#698,.F.);
#5078 = B_SPLINE_SURFACE_WITH_KNOTS('',3,1,(
    (#5079,#5080)
    ,(#5081,#5082)
    ,(#5083,#5084)
    ,(#5085,#5086
    )),.UNSPECIFIED.,.F.,.F.,.F.,(4,4),(2,2),(8.,9.),(0.,1.),
  .PIECEWISE_BEZIER_KNOTS.);
#5079 = CARTESIAN_POINT('',(1.432179891107,7.94127296156E-02,
    0.808990302787));
#5080 = CARTESIAN_POINT('',(1.431189623038,7.94127296156E-02,
    0.808851129686));
#5081 = CARTESIAN_POINT('',(1.432722539857,7.94127296156E-02,
    0.805129156298));
#5082 = CARTESIAN_POINT('',(1.431732271789,7.94127296156E-02,
    0.804989983197));
#5083 = CARTESIAN_POINT('',(1.433152317668,8.066043911522E-02,
    0.802071128278));
#5084 = CARTESIAN_POINT('',(1.432162049599,8.066043911522E-02,
    0.801931955177));
#5085 = CARTESIAN_POINT('',(1.433469224538,8.315585811444E-02,
    0.799816218728));
#5086 = CARTESIAN_POINT('',(1.432478956469,8.315585811444E-02,
    0.799677045628));
#5087 = ADVANCED_FACE('',(#5088),#5098,.F.);
#5088 = FACE_BOUND('',#5089,.F.);
#5089 = EDGE_LOOP('',(#5090,#5091,#5092,#5097));
#5090 = ORIENTED_EDGE('',*,*,#5073,.F.);
#5091 = ORIENTED_EDGE('',*,*,#4824,.T.);
#5092 = ORIENTED_EDGE('',*,*,#5093,.T.);
#5093 = EDGE_CURVE('',#4825,#681,#5094,.T.);
#5094 = B_SPLINE_CURVE_WITH_KNOTS('',1,(#5095,#5096),.UNSPECIFIED.,.F.,
  .F.,(2,2),(-0.,1.E-03),.PIECEWISE_BEZIER_KNOTS.);
#5095 = CARTESIAN_POINT('',(1.433946755438,9.323111232351E-02,
    0.796418409818));
#5096 = CARTESIAN_POINT('',(1.43295648737,9.323111232351E-02,
    0.796279236717));
#5097 = ORIENTED_EDGE('',*,*,#689,.F.);
#5098 = B_SPLINE_SURFACE_WITH_KNOTS('',3,1,(
    (#5099,#5100)
    ,(#5101,#5102)
    ,(#5103,#5104)
    ,(#5105,#5106
    )),.UNSPECIFIED.,.F.,.F.,.F.,(4,4),(2,2),(7.,8.),(0.,1.),
  .PIECEWISE_BEZIER_KNOTS.);
#5099 = CARTESIAN_POINT('',(1.433469224538,8.315585811444E-02,
    0.799816218728));
#5100 = CARTESIAN_POINT('',(1.432478956469,8.315585811444E-02,
    0.799677045628));
#5101 = CARTESIAN_POINT('',(1.433786131408,8.565127711346E-02,
    0.797561309179));
#5102 = CARTESIAN_POINT('',(1.43279586334,8.565127711346E-02,
    0.797422136078));
#5103 = CARTESIAN_POINT('',(1.433946755438,8.900449639372E-02,
    0.796418409818));
#5104 = CARTESIAN_POINT('',(1.43295648737,8.900449639372E-02,
    0.796279236717));
#5105 = CARTESIAN_POINT('',(1.433946755438,9.323111232351E-02,
    0.796418409818));
#5106 = CARTESIAN_POINT('',(1.43295648737,9.323111232351E-02,
    0.796279236717));
#5107 = ADVANCED_FACE('',(#5108),#5118,.F.);
#5108 = FACE_BOUND('',#5109,.F.);
#5109 = EDGE_LOOP('',(#5110,#5111,#5112,#5117));
#5110 = ORIENTED_EDGE('',*,*,#5093,.F.);
#5111 = ORIENTED_EDGE('',*,*,#4833,.T.);
#5112 = ORIENTED_EDGE('',*,*,#5113,.T.);
#5113 = EDGE_CURVE('',#4834,#674,#5114,.T.);
#5114 = B_SPLINE_CURVE_WITH_KNOTS('',1,(#5115,#5116),.UNSPECIFIED.,.F.,
  .F.,(2,2),(-0.,1.E-03),.PIECEWISE_BEZIER_KNOTS.);
#5115 = CARTESIAN_POINT('',(1.432865799127,0.106581603969,0.804109813624
    ));
#5116 = CARTESIAN_POINT('',(1.431875531059,0.106581603969,0.803970640523
    ));
#5117 = ORIENTED_EDGE('',*,*,#680,.F.);
#5118 = B_SPLINE_SURFACE_WITH_KNOTS('',3,1,(
    (#5119,#5120)
    ,(#5121,#5122)
    ,(#5123,#5124)
    ,(#5125,#5126
    )),.UNSPECIFIED.,.F.,.F.,.F.,(4,4),(2,2),(6.,7.),(0.,1.),
  .PIECEWISE_BEZIER_KNOTS.);
#5119 = CARTESIAN_POINT('',(1.433946755438,9.323111232351E-02,
    0.796418409818));
#5120 = CARTESIAN_POINT('',(1.43295648737,9.323111232351E-02,
    0.796279236717));
#5121 = CARTESIAN_POINT('',(1.433946755438,9.911094334024E-02,
    0.796418409818));
#5122 = CARTESIAN_POINT('',(1.43295648737,9.911094334024E-02,
    0.796279236717));
#5123 = CARTESIAN_POINT('',(1.433586436668,0.103571504801,0.798982211087
    ));
#5124 = CARTESIAN_POINT('',(1.432596168599,0.103571504801,0.798843037986
    ));
#5125 = CARTESIAN_POINT('',(1.432865799127,0.106581603969,0.804109813624
    ));
#5126 = CARTESIAN_POINT('',(1.431875531059,0.106581603969,0.803970640523
    ));
#5127 = ADVANCED_FACE('',(#5128),#5138,.F.);
#5128 = FACE_BOUND('',#5129,.T.);
#5129 = EDGE_LOOP('',(#5130,#5131,#5136,#5137));
#5130 = ORIENTED_EDGE('',*,*,#673,.T.);
#5131 = ORIENTED_EDGE('',*,*,#5132,.F.);
#5132 = EDGE_CURVE('',#4843,#667,#5133,.T.);
#5133 = B_SPLINE_CURVE_WITH_KNOTS('',1,(#5134,#5135),.UNSPECIFIED.,.F.,
  .F.,(2,2),(-0.,1.E-03),.PIECEWISE_BEZIER_KNOTS.);
#5134 = CARTESIAN_POINT('',(1.432865799127,0.106784356763,0.804109813624
    ));
#5135 = CARTESIAN_POINT('',(1.431875531059,0.106784356763,0.803970640523
    ));
#5136 = ORIENTED_EDGE('',*,*,#4842,.F.);
#5137 = ORIENTED_EDGE('',*,*,#5113,.T.);
#5138 = B_SPLINE_SURFACE_WITH_KNOTS('',1,1,(
    (#5139,#5140)
    ,(#5141,#5142)),.UNSPECIFIED.,.F.,.F.,.F.,(2,2),(2,2),(-1.E-03,0.),(
    -2.027527936583E-04,0.),.PIECEWISE_BEZIER_KNOTS.);
#5139 = CARTESIAN_POINT('',(1.431875531059,0.106581603969,0.803970640523
    ));
#5140 = CARTESIAN_POINT('',(1.431875531059,0.106784356763,0.803970640523
    ));
#5141 = CARTESIAN_POINT('',(1.432865799127,0.106581603969,0.804109813624
    ));
#5142 = CARTESIAN_POINT('',(1.432865799127,0.106784356763,0.804109813624
    ));
#5143 = ADVANCED_FACE('',(#5144),#5154,.F.);
#5144 = FACE_BOUND('',#5145,.T.);
#5145 = EDGE_LOOP('',(#5146,#5147,#5152,#5153));
#5146 = ORIENTED_EDGE('',*,*,#666,.T.);
#5147 = ORIENTED_EDGE('',*,*,#5148,.F.);
#5148 = EDGE_CURVE('',#4850,#660,#5149,.T.);
#5149 = B_SPLINE_CURVE_WITH_KNOTS('',1,(#5150,#5151),.UNSPECIFIED.,.F.,
  .F.,(2,2),(-0.,1.E-03),.PIECEWISE_BEZIER_KNOTS.);
#5150 = CARTESIAN_POINT('',(1.433803496168,0.106784356763,0.797437752491
    ));
#5151 = CARTESIAN_POINT('',(1.4328132281,0.106784356763,0.79729857939));
#5152 = ORIENTED_EDGE('',*,*,#4849,.F.);
#5153 = ORIENTED_EDGE('',*,*,#5132,.T.);
#5154 = B_SPLINE_SURFACE_WITH_KNOTS('',1,1,(
    (#5155,#5156)
    ,(#5157,#5158
    )),.UNSPECIFIED.,.F.,.F.,.F.,(2,2),(2,2),(-1.391731009601E-04,
    6.672061132909E-03),(-1.927965109546E-03,0.),
  .PIECEWISE_BEZIER_KNOTS.);
#5155 = CARTESIAN_POINT('',(1.431875531059,0.106784356763,0.79729857939)
  );
#5156 = CARTESIAN_POINT('',(1.433803496168,0.106784356763,0.79729857939)
  );
#5157 = CARTESIAN_POINT('',(1.431875531059,0.106784356763,0.804109813624
    ));
#5158 = CARTESIAN_POINT('',(1.433803496168,0.106784356763,0.804109813624
    ));
#5159 = ADVANCED_FACE('',(#5160),#5170,.F.);
#5160 = FACE_BOUND('',#5161,.T.);
#5161 = EDGE_LOOP('',(#5162,#5163,#5168,#5169));
#5162 = ORIENTED_EDGE('',*,*,#659,.T.);
#5163 = ORIENTED_EDGE('',*,*,#5164,.F.);
#5164 = EDGE_CURVE('',#4857,#653,#5165,.T.);
#5165 = B_SPLINE_CURVE_WITH_KNOTS('',1,(#5166,#5167),.UNSPECIFIED.,.F.,
  .F.,(2,2),(-0.,1.E-03),.PIECEWISE_BEZIER_KNOTS.);
#5166 = CARTESIAN_POINT('',(1.433803496168,0.114426577448,0.797437752491
    ));
#5167 = CARTESIAN_POINT('',(1.4328132281,0.114426577448,0.79729857939));
#5168 = ORIENTED_EDGE('',*,*,#4856,.F.);
#5169 = ORIENTED_EDGE('',*,*,#5148,.T.);
#5170 = B_SPLINE_SURFACE_WITH_KNOTS('',1,1,(
    (#5171,#5172)
    ,(#5173,#5174)),.UNSPECIFIED.,.F.,.F.,.F.,(2,2),(2,2),(-1.E-03,0.),(
    -7.642220684954E-03,0.),.PIECEWISE_BEZIER_KNOTS.);
#5171 = CARTESIAN_POINT('',(1.4328132281,0.106784356763,0.79729857939));
#5172 = CARTESIAN_POINT('',(1.4328132281,0.114426577448,0.79729857939));
#5173 = CARTESIAN_POINT('',(1.433803496168,0.106784356763,0.797437752491
    ));
#5174 = CARTESIAN_POINT('',(1.433803496168,0.114426577448,0.797437752491
    ));
#5175 = ADVANCED_FACE('',(#5176),#5186,.F.);
#5176 = FACE_BOUND('',#5177,.T.);
#5177 = EDGE_LOOP('',(#5178,#5179,#5184,#5185));
#5178 = ORIENTED_EDGE('',*,*,#652,.T.);
#5179 = ORIENTED_EDGE('',*,*,#5180,.F.);
#5180 = EDGE_CURVE('',#4864,#644,#5181,.T.);
#5181 = B_SPLINE_CURVE_WITH_KNOTS('',1,(#5182,#5183),.UNSPECIFIED.,.F.,
  .F.,(2,2),(-0.,9.999999999997E-04),.PIECEWISE_BEZIER_KNOTS.);
#5182 = CARTESIAN_POINT('',(1.429900766355,0.114426577448,0.82520711804)
  );
#5183 = CARTESIAN_POINT('',(1.428910498286,0.114426577448,0.825067944939
    ));
#5184 = ORIENTED_EDGE('',*,*,#4863,.F.);
#5185 = ORIENTED_EDGE('',*,*,#5164,.T.);
#5186 = B_SPLINE_SURFACE_WITH_KNOTS('',1,1,(
    (#5187,#5188)
    ,(#5189,#5190
    )),.UNSPECIFIED.,.F.,.F.,.F.,(2,2),(2,2),(0.,2.790853864995E-02),(
    -9.902680687414E-04,3.902729813411E-03),.PIECEWISE_BEZIER_KNOTS.);
#5187 = CARTESIAN_POINT('',(1.428910498286,0.114426577448,0.82520711804)
  );
#5188 = CARTESIAN_POINT('',(1.433803496168,0.114426577448,0.82520711804)
  );
#5189 = CARTESIAN_POINT('',(1.428910498286,0.114426577448,0.79729857939)
  );
#5190 = CARTESIAN_POINT('',(1.433803496168,0.114426577448,0.79729857939)
  );
#5191 = ADVANCED_FACE('',(#5192),#5198,.F.);
#5192 = FACE_BOUND('',#5193,.F.);
#5193 = EDGE_LOOP('',(#5194,#5195,#5196,#5197));
#5194 = ORIENTED_EDGE('',*,*,#5180,.F.);
#5195 = ORIENTED_EDGE('',*,*,#4870,.T.);
#5196 = ORIENTED_EDGE('',*,*,#4955,.T.);
#5197 = ORIENTED_EDGE('',*,*,#643,.F.);
#5198 = B_SPLINE_SURFACE_WITH_KNOTS('',3,1,(
    (#5199,#5200)
    ,(#5201,#5202)
    ,(#5203,#5204)
    ,(#5205,#5206
    )),.UNSPECIFIED.,.F.,.F.,.F.,(4,4),(2,2),(1.,2.),(0.,1.),
  .PIECEWISE_BEZIER_KNOTS.);
#5199 = CARTESIAN_POINT('',(1.429900766355,0.114426577448,0.82520711804)
  );
#5200 = CARTESIAN_POINT('',(1.428910498286,0.114426577448,0.825067944939
    ));
#5201 = CARTESIAN_POINT('',(1.428363985093,0.114426577448,0.836141884898
    ));
#5202 = CARTESIAN_POINT('',(1.427373717025,0.114426577448,0.836002711797
    ));
#5203 = CARTESIAN_POINT('',(1.427599935653,0.109170601181,0.841578379154
    ));
#5204 = CARTESIAN_POINT('',(1.426609667584,0.109170601181,0.841439206053
    ));
#5205 = CARTESIAN_POINT('',(1.427599935653,9.867424501547E-02,
    0.841578379154));
#5206 = CARTESIAN_POINT('',(1.426609667584,9.867424501547E-02,
    0.841439206053));
#5207 = ADVANCED_FACE('',(#5208),#5232,.T.);
#5208 = FACE_BOUND('',#5209,.T.);
#5209 = EDGE_LOOP('',(#5210,#5221,#5226,#5227));
#5210 = ORIENTED_EDGE('',*,*,#5211,.F.);
#5211 = EDGE_CURVE('',#5212,#5214,#5216,.T.);
#5212 = VERTEX_POINT('',#5213);
#5213 = CARTESIAN_POINT('',(1.429961066267,9.658433160355E-02,
    0.817592765337));
#5214 = VERTEX_POINT('',#5215);
#5215 = CARTESIAN_POINT('',(1.430334408607,8.919165281865E-02,
    0.814936296552));
#5216 = B_SPLINE_CURVE_WITH_KNOTS('',3,(#5217,#5218,#5219,#5220),
  .UNSPECIFIED.,.F.,.F.,(4,4),(0.,1.),.PIECEWISE_BEZIER_KNOTS.);
#5217 = CARTESIAN_POINT('',(1.429961066267,9.658433160355E-02,
    0.817592765337));
#5218 = CARTESIAN_POINT('',(1.430030525307,9.301276316112E-02,
    0.817098538586));
#5219 = CARTESIAN_POINT('',(1.430152078627,9.054853689935E-02,
    0.816233641773));
#5220 = CARTESIAN_POINT('',(1.430334408607,8.919165281865E-02,
    0.814936296552));
#5221 = ORIENTED_EDGE('',*,*,#5222,.F.);
#5222 = EDGE_CURVE('',#4891,#5212,#5223,.T.);
#5223 = B_SPLINE_CURVE_WITH_KNOTS('',1,(#5224,#5225),.UNSPECIFIED.,.F.,
  .F.,(2,2),(-0.,1.E-03),.PIECEWISE_BEZIER_KNOTS.);
#5224 = CARTESIAN_POINT('',(1.430951334336,9.658433160355E-02,
    0.817731938438));
#5225 = CARTESIAN_POINT('',(1.429961066267,9.658433160355E-02,
    0.817592765337));
#5226 = ORIENTED_EDGE('',*,*,#4890,.T.);
#5227 = ORIENTED_EDGE('',*,*,#5228,.T.);
#5228 = EDGE_CURVE('',#4880,#5214,#5229,.T.);
#5229 = B_SPLINE_CURVE_WITH_KNOTS('',1,(#5230,#5231),.UNSPECIFIED.,.F.,
  .F.,(2,2),(-0.,1.E-03),.PIECEWISE_BEZIER_KNOTS.);
#5230 = CARTESIAN_POINT('',(1.431324676676,8.919165281865E-02,
    0.815075469653));
#5231 = CARTESIAN_POINT('',(1.430334408607,8.919165281865E-02,
    0.814936296552));
#5232 = B_SPLINE_SURFACE_WITH_KNOTS('',3,1,(
    (#5233,#5234)
    ,(#5235,#5236)
    ,(#5237,#5238)
    ,(#5239,#5240
    )),.UNSPECIFIED.,.F.,.F.,.F.,(4,4),(2,2),(0.,1.),(0.,1.),
  .PIECEWISE_BEZIER_KNOTS.);
#5233 = CARTESIAN_POINT('',(1.430951334336,9.658433160355E-02,
    0.817731938438));
#5234 = CARTESIAN_POINT('',(1.429961066267,9.658433160355E-02,
    0.817592765337));
#5235 = CARTESIAN_POINT('',(1.431020793376,9.301276316112E-02,
    0.817237711687));
#5236 = CARTESIAN_POINT('',(1.430030525307,9.301276316112E-02,
    0.817098538586));
#5237 = CARTESIAN_POINT('',(1.431142346696,9.054853689935E-02,
    0.816372814874));
#5238 = CARTESIAN_POINT('',(1.430152078627,9.054853689935E-02,
    0.816233641773));
#5239 = CARTESIAN_POINT('',(1.431324676676,8.919165281865E-02,
    0.815075469653));
#5240 = CARTESIAN_POINT('',(1.430334408607,8.919165281865E-02,
    0.814936296552));
#5241 = ADVANCED_FACE('',(#5242),#5260,.T.);
#5242 = FACE_BOUND('',#5243,.T.);
#5243 = EDGE_LOOP('',(#5244,#5253,#5254,#5255));
#5244 = ORIENTED_EDGE('',*,*,#5245,.F.);
#5245 = EDGE_CURVE('',#5214,#5246,#5248,.T.);
#5246 = VERTEX_POINT('',#5247);
#5247 = CARTESIAN_POINT('',(1.431102799238,8.716412488185E-02,
    0.809468913124));
#5248 = B_SPLINE_CURVE_WITH_KNOTS('',3,(#5249,#5250,#5251,#5252),
  .UNSPECIFIED.,.F.,.F.,(4,4),(1.,2.),.PIECEWISE_BEZIER_KNOTS.);
#5249 = CARTESIAN_POINT('',(1.430334408607,8.919165281865E-02,
    0.814936296552));
#5250 = CARTESIAN_POINT('',(1.430516738588,8.785036510646E-02,
    0.813638951332));
#5251 = CARTESIAN_POINT('',(1.430772868798,8.716412488185E-02,
    0.811816490189));
#5252 = CARTESIAN_POINT('',(1.431102799238,8.716412488185E-02,
    0.809468913124));
#5253 = ORIENTED_EDGE('',*,*,#5228,.F.);
#5254 = ORIENTED_EDGE('',*,*,#4879,.T.);
#5255 = ORIENTED_EDGE('',*,*,#5256,.T.);
#5256 = EDGE_CURVE('',#4882,#5246,#5257,.T.);
#5257 = B_SPLINE_CURVE_WITH_KNOTS('',1,(#5258,#5259),.UNSPECIFIED.,.F.,
  .F.,(2,2),(-0.,1.E-03),.PIECEWISE_BEZIER_KNOTS.);
#5258 = CARTESIAN_POINT('',(1.432093067307,8.716412488185E-02,
    0.809608086225));
#5259 = CARTESIAN_POINT('',(1.431102799238,8.716412488185E-02,
    0.809468913124));
#5260 = B_SPLINE_SURFACE_WITH_KNOTS('',3,1,(
    (#5261,#5262)
    ,(#5263,#5264)
    ,(#5265,#5266)
    ,(#5267,#5268
    )),.UNSPECIFIED.,.F.,.F.,.F.,(4,4),(2,2),(1.,2.),(0.,1.),
  .PIECEWISE_BEZIER_KNOTS.);
#5261 = CARTESIAN_POINT('',(1.431324676676,8.919165281865E-02,
    0.815075469653));
#5262 = CARTESIAN_POINT('',(1.430334408607,8.919165281865E-02,
    0.814936296552));
#5263 = CARTESIAN_POINT('',(1.431507006656,8.785036510646E-02,
    0.813778124433));
#5264 = CARTESIAN_POINT('',(1.430516738588,8.785036510646E-02,
    0.813638951332));
#5265 = CARTESIAN_POINT('',(1.431763136866,8.716412488185E-02,
    0.81195566329));
#5266 = CARTESIAN_POINT('',(1.430772868798,8.716412488185E-02,
    0.811816490189));
#5267 = CARTESIAN_POINT('',(1.432093067307,8.716412488185E-02,
    0.809608086225));
#5268 = CARTESIAN_POINT('',(1.431102799238,8.716412488185E-02,
    0.809468913124));
#5269 = ADVANCED_FACE('',(#5270),#5288,.T.);
#5270 = FACE_BOUND('',#5271,.T.);
#5271 = EDGE_LOOP('',(#5272,#5281,#5282,#5283));
#5272 = ORIENTED_EDGE('',*,*,#5273,.F.);
#5273 = EDGE_CURVE('',#5246,#5274,#5276,.T.);
#5274 = VERTEX_POINT('',#5275);
#5275 = CARTESIAN_POINT('',(1.431810413209,8.937880924358E-02,
    0.804433978102));
#5276 = B_SPLINE_CURVE_WITH_KNOTS('',3,(#5277,#5278,#5279,#5280),
  .UNSPECIFIED.,.F.,.F.,(4,4),(2.,3.),.PIECEWISE_BEZIER_KNOTS.);
#5277 = CARTESIAN_POINT('',(1.431102799238,8.716412488185E-02,
    0.809468913124));
#5278 = CARTESIAN_POINT('',(1.431393658968,8.716412488185E-02,
    0.807399338606));
#5279 = CARTESIAN_POINT('',(1.431628083228,8.789715421285E-02,
    0.805731323322));
#5280 = CARTESIAN_POINT('',(1.431810413209,8.937880924358E-02,
    0.804433978102));
#5281 = ORIENTED_EDGE('',*,*,#5256,.F.);
#5282 = ORIENTED_EDGE('',*,*,#4940,.T.);
#5283 = ORIENTED_EDGE('',*,*,#5284,.T.);
#5284 = EDGE_CURVE('',#4932,#5274,#5285,.T.);
#5285 = B_SPLINE_CURVE_WITH_KNOTS('',1,(#5286,#5287),.UNSPECIFIED.,.F.,
  .F.,(2,2),(-0.,1.E-03),.PIECEWISE_BEZIER_KNOTS.);
#5286 = CARTESIAN_POINT('',(1.432800681277,8.937880924358E-02,
    0.804573151203));
#5287 = CARTESIAN_POINT('',(1.431810413209,8.937880924358E-02,
    0.804433978102));
#5288 = B_SPLINE_SURFACE_WITH_KNOTS('',3,1,(
    (#5289,#5290)
    ,(#5291,#5292)
    ,(#5293,#5294)
    ,(#5295,#5296
    )),.UNSPECIFIED.,.F.,.F.,.F.,(4,4),(2,2),(2.,3.),(0.,1.),
  .PIECEWISE_BEZIER_KNOTS.);
#5289 = CARTESIAN_POINT('',(1.432093067307,8.716412488185E-02,
    0.809608086225));
#5290 = CARTESIAN_POINT('',(1.431102799238,8.716412488185E-02,
    0.809468913124));
#5291 = CARTESIAN_POINT('',(1.432383927037,8.716412488185E-02,
    0.807538511707));
#5292 = CARTESIAN_POINT('',(1.431393658968,8.716412488185E-02,
    0.807399338606));
#5293 = CARTESIAN_POINT('',(1.432618351297,8.789715421285E-02,
    0.805870496423));
#5294 = CARTESIAN_POINT('',(1.431628083228,8.789715421285E-02,
    0.805731323322));
#5295 = CARTESIAN_POINT('',(1.432800681277,8.937880924358E-02,
    0.804573151203));
#5296 = CARTESIAN_POINT('',(1.431810413209,8.937880924358E-02,
    0.804433978102));
#5297 = ADVANCED_FACE('',(#5298),#5316,.T.);
#5298 = FACE_BOUND('',#5299,.T.);
#5299 = EDGE_LOOP('',(#5300,#5309,#5310,#5311));
#5300 = ORIENTED_EDGE('',*,*,#5301,.F.);
#5301 = EDGE_CURVE('',#5274,#5302,#5304,.T.);
#5302 = VERTEX_POINT('',#5303);
#5303 = CARTESIAN_POINT('',(1.432083908179,9.521185115412E-02,
    0.802487960272));
#5304 = B_SPLINE_CURVE_WITH_KNOTS('',3,(#5305,#5306,#5307,#5308),
  .UNSPECIFIED.,.F.,.F.,(4,4),(3.,4.),.PIECEWISE_BEZIER_KNOTS.);
#5305 = CARTESIAN_POINT('',(1.431810413209,8.937880924358E-02,
    0.804433978102));
#5306 = CARTESIAN_POINT('',(1.431992743189,9.084486790558E-02,
    0.803136632882));
#5307 = CARTESIAN_POINT('',(1.432083908179,9.279441399853E-02,
    0.802487960272));
#5308 = CARTESIAN_POINT('',(1.432083908179,9.521185115412E-02,
    0.802487960272));
#5309 = ORIENTED_EDGE('',*,*,#5284,.F.);
#5310 = ORIENTED_EDGE('',*,*,#4931,.T.);
#5311 = ORIENTED_EDGE('',*,*,#5312,.T.);
#5312 = EDGE_CURVE('',#4923,#5302,#5313,.T.);
#5313 = B_SPLINE_CURVE_WITH_KNOTS('',1,(#5314,#5315),.UNSPECIFIED.,.F.,
  .F.,(2,2),(-0.,1.E-03),.PIECEWISE_BEZIER_KNOTS.);
#5314 = CARTESIAN_POINT('',(1.433074176248,9.521185115412E-02,
    0.802627133373));
#5315 = CARTESIAN_POINT('',(1.432083908179,9.521185115412E-02,
    0.802487960272));
#5316 = B_SPLINE_SURFACE_WITH_KNOTS('',3,1,(
    (#5317,#5318)
    ,(#5319,#5320)
    ,(#5321,#5322)
    ,(#5323,#5324
    )),.UNSPECIFIED.,.F.,.F.,.F.,(4,4),(2,2),(3.,4.),(0.,1.),
  .PIECEWISE_BEZIER_KNOTS.);
#5317 = CARTESIAN_POINT('',(1.432800681277,8.937880924358E-02,
    0.804573151203));
#5318 = CARTESIAN_POINT('',(1.431810413209,8.937880924358E-02,
    0.804433978102));
#5319 = CARTESIAN_POINT('',(1.432983011258,9.084486790558E-02,
    0.803275805983));
#5320 = CARTESIAN_POINT('',(1.431992743189,9.084486790558E-02,
    0.803136632882));
#5321 = CARTESIAN_POINT('',(1.433074176248,9.279441399853E-02,
    0.802627133373));
#5322 = CARTESIAN_POINT('',(1.432083908179,9.279441399853E-02,
    0.802487960272));
#5323 = CARTESIAN_POINT('',(1.433074176248,9.521185115412E-02,
    0.802627133373));
#5324 = CARTESIAN_POINT('',(1.432083908179,9.521185115412E-02,
    0.802487960272));
#5325 = ADVANCED_FACE('',(#5326),#5344,.T.);
#5326 = FACE_BOUND('',#5327,.T.);
#5327 = EDGE_LOOP('',(#5328,#5337,#5338,#5339));
#5328 = ORIENTED_EDGE('',*,*,#5329,.F.);
#5329 = EDGE_CURVE('',#5302,#5330,#5332,.T.);
#5330 = VERTEX_POINT('',#5331);
#5331 = CARTESIAN_POINT('',(1.431589012518,0.103509119326,0.80600932587)
  );
#5332 = B_SPLINE_CURVE_WITH_KNOTS('',3,(#5333,#5334,#5335,#5336),
  .UNSPECIFIED.,.F.,.F.,(4,4),(4.,5.),.PIECEWISE_BEZIER_KNOTS.);
#5333 = CARTESIAN_POINT('',(1.432083908179,9.521185115412E-02,
    0.802487960272));
#5334 = CARTESIAN_POINT('',(1.432083908179,9.856507043417E-02,
    0.802487960272));
#5335 = CARTESIAN_POINT('',(1.431918942959,0.101341224071,0.803661748804
    ));
#5336 = CARTESIAN_POINT('',(1.431589012518,0.103509119326,0.80600932587)
  );
#5337 = ORIENTED_EDGE('',*,*,#5312,.F.);
#5338 = ORIENTED_EDGE('',*,*,#4922,.T.);
#5339 = ORIENTED_EDGE('',*,*,#5340,.T.);
#5340 = EDGE_CURVE('',#4914,#5330,#5341,.T.);
#5341 = B_SPLINE_CURVE_WITH_KNOTS('',1,(#5342,#5343),.UNSPECIFIED.,.F.,
  .F.,(2,2),(-0.,1.E-03),.PIECEWISE_BEZIER_KNOTS.);
#5342 = CARTESIAN_POINT('',(1.432579280587,0.103509119326,0.806148498971
    ));
#5343 = CARTESIAN_POINT('',(1.431589012518,0.103509119326,0.80600932587)
  );
#5344 = B_SPLINE_SURFACE_WITH_KNOTS('',3,1,(
    (#5345,#5346)
    ,(#5347,#5348)
    ,(#5349,#5350)
    ,(#5351,#5352
    )),.UNSPECIFIED.,.F.,.F.,.F.,(4,4),(2,2),(4.,5.),(0.,1.),
  .PIECEWISE_BEZIER_KNOTS.);
#5345 = CARTESIAN_POINT('',(1.433074176248,9.521185115412E-02,
    0.802627133373));
#5346 = CARTESIAN_POINT('',(1.432083908179,9.521185115412E-02,
    0.802487960272));
#5347 = CARTESIAN_POINT('',(1.433074176248,9.856507043417E-02,
    0.802627133373));
#5348 = CARTESIAN_POINT('',(1.432083908179,9.856507043417E-02,
    0.802487960272));
#5349 = CARTESIAN_POINT('',(1.432909211028,0.101341224071,0.803800921905
    ));
#5350 = CARTESIAN_POINT('',(1.431918942959,0.101341224071,0.803661748804
    ));
#5351 = CARTESIAN_POINT('',(1.432579280587,0.103509119326,0.806148498971
    ));
#5352 = CARTESIAN_POINT('',(1.431589012518,0.103509119326,0.80600932587)
  );
#5353 = ADVANCED_FACE('',(#5354),#5372,.T.);
#5354 = FACE_BOUND('',#5355,.T.);
#5355 = EDGE_LOOP('',(#5356,#5365,#5366,#5367));
#5356 = ORIENTED_EDGE('',*,*,#5357,.F.);
#5357 = EDGE_CURVE('',#5330,#5358,#5360,.T.);
#5358 = VERTEX_POINT('',#5359);
#5359 = CARTESIAN_POINT('',(1.430351773367,0.106784356763,0.814812739865
    ));
#5360 = B_SPLINE_CURVE_WITH_KNOTS('',3,(#5361,#5362,#5363,#5364),
  .UNSPECIFIED.,.F.,.F.,(4,4),(5.,6.),.PIECEWISE_BEZIER_KNOTS.);
#5361 = CARTESIAN_POINT('',(1.431589012518,0.103509119326,0.80600932587)
  );
#5362 = CARTESIAN_POINT('',(1.431263423268,0.105692610951,0.808326013763
    ));
#5363 = CARTESIAN_POINT('',(1.430851010218,0.106784356763,0.811260485095
    ));
#5364 = CARTESIAN_POINT('',(1.430351773367,0.106784356763,0.814812739865
    ));
#5365 = ORIENTED_EDGE('',*,*,#5340,.F.);
#5366 = ORIENTED_EDGE('',*,*,#4913,.T.);
#5367 = ORIENTED_EDGE('',*,*,#5368,.T.);
#5368 = EDGE_CURVE('',#4907,#5358,#5369,.T.);
#5369 = B_SPLINE_CURVE_WITH_KNOTS('',1,(#5370,#5371),.UNSPECIFIED.,.F.,
  .F.,(2,2),(-0.,1.E-03),.PIECEWISE_BEZIER_KNOTS.);
#5370 = CARTESIAN_POINT('',(1.431342041436,0.106784356763,0.814951912966
    ));
#5371 = CARTESIAN_POINT('',(1.430351773367,0.106784356763,0.814812739865
    ));
#5372 = B_SPLINE_SURFACE_WITH_KNOTS('',3,1,(
    (#5373,#5374)
    ,(#5375,#5376)
    ,(#5377,#5378)
    ,(#5379,#5380
    )),.UNSPECIFIED.,.F.,.F.,.F.,(4,4),(2,2),(5.,6.),(0.,1.),
  .PIECEWISE_BEZIER_KNOTS.);
#5373 = CARTESIAN_POINT('',(1.432579280587,0.103509119326,0.806148498971
    ));
#5374 = CARTESIAN_POINT('',(1.431589012518,0.103509119326,0.80600932587)
  );
#5375 = CARTESIAN_POINT('',(1.432253691337,0.105692610951,0.808465186864
    ));
#5376 = CARTESIAN_POINT('',(1.431263423268,0.105692610951,0.808326013763
    ));
#5377 = CARTESIAN_POINT('',(1.431841278287,0.106784356763,0.811399658196
    ));
#5378 = CARTESIAN_POINT('',(1.430851010218,0.106784356763,0.811260485095
    ));
#5379 = CARTESIAN_POINT('',(1.431342041436,0.106784356763,0.814951912966
    ));
#5380 = CARTESIAN_POINT('',(1.430351773367,0.106784356763,0.814812739865
    ));
#5381 = ADVANCED_FACE('',(#5382),#5398,.T.);
#5382 = FACE_BOUND('',#5383,.T.);
#5383 = EDGE_LOOP('',(#5384,#5391,#5392,#5393));
#5384 = ORIENTED_EDGE('',*,*,#5385,.F.);
#5385 = EDGE_CURVE('',#5358,#5386,#5388,.T.);
#5386 = VERTEX_POINT('',#5387);
#5387 = CARTESIAN_POINT('',(1.429770053907,0.106784356763,0.818951888901
    ));
#5388 = B_SPLINE_CURVE_WITH_KNOTS('',1,(#5389,#5390),.UNSPECIFIED.,.F.,
  .F.,(2,2),(-1.099418410468E-16,4.179826823819E-03),
  .PIECEWISE_BEZIER_KNOTS.);
#5389 = CARTESIAN_POINT('',(1.430351773367,0.106784356763,0.814812739865
    ));
#5390 = CARTESIAN_POINT('',(1.429770053907,0.106784356763,0.818951888901
    ));
#5391 = ORIENTED_EDGE('',*,*,#5368,.F.);
#5392 = ORIENTED_EDGE('',*,*,#4906,.T.);
#5393 = ORIENTED_EDGE('',*,*,#5394,.T.);
#5394 = EDGE_CURVE('',#4900,#5386,#5395,.T.);
#5395 = B_SPLINE_CURVE_WITH_KNOTS('',1,(#5396,#5397),.UNSPECIFIED.,.F.,
  .F.,(2,2),(-2.198836820936E-16,9.999999999999E-04),
  .PIECEWISE_BEZIER_KNOTS.);
#5396 = CARTESIAN_POINT('',(1.430760321976,0.106784356763,0.819091062002
    ));
#5397 = CARTESIAN_POINT('',(1.429770053907,0.106784356763,0.818951888901
    ));
#5398 = B_SPLINE_SURFACE_WITH_KNOTS('',1,1,(
    (#5399,#5400)
    ,(#5401,#5402
    )),.UNSPECIFIED.,.F.,.F.,.F.,(2,2),(2,2),(-4.139149036498E-03,
    1.391731009601E-04),(-1.571987529289E-03,0.),
  .PIECEWISE_BEZIER_KNOTS.);
#5399 = CARTESIAN_POINT('',(1.429770053907,0.106784356763,0.819091062002
    ));
#5400 = CARTESIAN_POINT('',(1.431342041436,0.106784356763,0.819091062002
    ));
#5401 = CARTESIAN_POINT('',(1.429770053907,0.106784356763,0.814812739865
    ));
#5402 = CARTESIAN_POINT('',(1.431342041436,0.106784356763,0.814812739865
    ));
#5403 = ADVANCED_FACE('',(#5404),#5414,.T.);
#5404 = FACE_BOUND('',#5405,.T.);
#5405 = EDGE_LOOP('',(#5406,#5411,#5412,#5413));
#5406 = ORIENTED_EDGE('',*,*,#5407,.F.);
#5407 = EDGE_CURVE('',#5386,#5212,#5408,.T.);
#5408 = B_SPLINE_CURVE_WITH_KNOTS('',1,(#5409,#5410),.UNSPECIFIED.,.F.,
  .F.,(2,2),(0.,1.029194907832E-02),.PIECEWISE_BEZIER_KNOTS.);
#5409 = CARTESIAN_POINT('',(1.429770053907,0.106784356763,0.818951888901
    ));
#5410 = CARTESIAN_POINT('',(1.429961066267,9.658433160355E-02,
    0.817592765337));
#5411 = ORIENTED_EDGE('',*,*,#5394,.F.);
#5412 = ORIENTED_EDGE('',*,*,#4899,.T.);
#5413 = ORIENTED_EDGE('',*,*,#5222,.T.);
#5414 = B_SPLINE_SURFACE_WITH_KNOTS('',1,1,(
    (#5415,#5416)
    ,(#5417,#5418
    )),.UNSPECIFIED.,.F.,.F.,.F.,(2,2),(2,2),(-2.198836820936E-16,1.E-03
    ),(-1.029194907832E-02,5.042446596536E-18),
  .PIECEWISE_BEZIER_KNOTS.);
#5415 = CARTESIAN_POINT('',(1.430951334336,9.658433160355E-02,
    0.817731938438));
#5416 = CARTESIAN_POINT('',(1.430760321976,0.106784356763,0.819091062002
    ));
#5417 = CARTESIAN_POINT('',(1.429961066267,9.658433160355E-02,
    0.817592765337));
#5418 = CARTESIAN_POINT('',(1.429770053907,0.106784356763,0.818951888901
    ));
#5419 = ADVANCED_FACE('',(#5420),#5430,.T.);
#5420 = FACE_BOUND('',#5421,.T.);
#5421 = EDGE_LOOP('',(#5422,#5423,#5424,#5425,#5426,#5427,#5428,#5429));
#5422 = ORIENTED_EDGE('',*,*,#5211,.T.);
#5423 = ORIENTED_EDGE('',*,*,#5245,.T.);
#5424 = ORIENTED_EDGE('',*,*,#5273,.T.);
#5425 = ORIENTED_EDGE('',*,*,#5301,.T.);
#5426 = ORIENTED_EDGE('',*,*,#5329,.T.);
#5427 = ORIENTED_EDGE('',*,*,#5357,.T.);
#5428 = ORIENTED_EDGE('',*,*,#5385,.T.);
#5429 = ORIENTED_EDGE('',*,*,#5407,.T.);
#5430 = B_SPLINE_SURFACE_WITH_KNOTS('',1,1,(
    (#5431,#5432)
    ,(#5433,#5434
    )),.UNSPECIFIED.,.F.,.F.,.F.,(2,2),(2,2),(-0.106784356763,
    -8.716412488185E-02),(0.283818556767,0.30044428585),
  .PIECEWISE_BEZIER_KNOTS.);
#5431 = CARTESIAN_POINT('',(1.429770053907,0.106784356763,0.818951888901
    ));
#5432 = CARTESIAN_POINT('',(1.432083908179,0.106784356763,0.802487960272
    ));
#5433 = CARTESIAN_POINT('',(1.429770053907,8.716412488185E-02,
    0.818951888901));
#5434 = CARTESIAN_POINT('',(1.432083908179,8.716412488185E-02,
    0.802487960272));
#5435 = ADVANCED_FACE('',(#5436),#5460,.F.);
#5436 = FACE_BOUND('',#5437,.F.);
#5437 = EDGE_LOOP('',(#5438,#5445,#5454,#5459));
#5438 = ORIENTED_EDGE('',*,*,#5439,.F.);
#5439 = EDGE_CURVE('',#5440,#448,#5442,.T.);
#5440 = VERTEX_POINT('',#5441);
#5441 = CARTESIAN_POINT('',(1.433078517438,0.137353239502,0.802596244201
    ));
#5442 = B_SPLINE_CURVE_WITH_KNOTS('',1,(#5443,#5444),.UNSPECIFIED.,.F.,
  .F.,(2,2),(-0.,1.E-03),.PIECEWISE_BEZIER_KNOTS.);
#5443 = CARTESIAN_POINT('',(1.433078517438,0.137353239502,0.802596244201
    ));
#5444 = CARTESIAN_POINT('',(1.432088249369,0.137353239502,0.8024570711)
  );
#5445 = ORIENTED_EDGE('',*,*,#5446,.T.);
#5446 = EDGE_CURVE('',#5440,#5447,#5449,.T.);
#5447 = VERTEX_POINT('',#5448);
#5448 = CARTESIAN_POINT('',(1.432492456787,0.124782566294,0.806766282409
    ));
#5449 = B_SPLINE_CURVE_WITH_KNOTS('',3,(#5450,#5451,#5452,#5453),
  .UNSPECIFIED.,.F.,.F.,(4,4),(0.,1.),.PIECEWISE_BEZIER_KNOTS.);
#5450 = CARTESIAN_POINT('',(1.433078517438,0.137353239502,0.802596244201
    ));
#5451 = CARTESIAN_POINT('',(1.433078517438,0.132861485304,0.802596244201
    ));
#5452 = CARTESIAN_POINT('',(1.432883163887,0.12868165848,0.803986256937)
  );
#5453 = CARTESIAN_POINT('',(1.432492456787,0.124782566294,0.806766282409
    ));
#5454 = ORIENTED_EDGE('',*,*,#5455,.T.);
#5455 = EDGE_CURVE('',#5447,#439,#5456,.T.);
#5456 = B_SPLINE_CURVE_WITH_KNOTS('',1,(#5457,#5458),.UNSPECIFIED.,.F.,
  .F.,(2,2),(-0.,1.E-03),.PIECEWISE_BEZIER_KNOTS.);
#5457 = CARTESIAN_POINT('',(1.432492456787,0.124782566294,0.806766282409
    ));
#5458 = CARTESIAN_POINT('',(1.431502188718,0.124782566294,0.806627109308
    ));
#5459 = ORIENTED_EDGE('',*,*,#447,.F.);
#5460 = B_SPLINE_SURFACE_WITH_KNOTS('',3,1,(
    (#5461,#5462)
    ,(#5463,#5464)
    ,(#5465,#5466)
    ,(#5467,#5468
    )),.UNSPECIFIED.,.F.,.F.,.F.,(4,4),(2,2),(0.,1.),(0.,1.),
  .PIECEWISE_BEZIER_KNOTS.);
#5461 = CARTESIAN_POINT('',(1.433078517438,0.137353239502,0.802596244201
    ));
#5462 = CARTESIAN_POINT('',(1.432088249369,0.137353239502,0.8024570711)
  );
#5463 = CARTESIAN_POINT('',(1.433078517438,0.132861485304,0.802596244201
    ));
#5464 = CARTESIAN_POINT('',(1.432088249369,0.132861485304,0.8024570711)
  );
#5465 = CARTESIAN_POINT('',(1.432883163887,0.12868165848,0.803986256937)
  );
#5466 = CARTESIAN_POINT('',(1.431892895819,0.12868165848,0.803847083836)
  );
#5467 = CARTESIAN_POINT('',(1.432492456787,0.124782566294,0.806766282409
    ));
#5468 = CARTESIAN_POINT('',(1.431502188718,0.124782566294,0.806627109308
    ));
#5469 = ADVANCED_FACE('',(#5470),#5486,.F.);
#5470 = FACE_BOUND('',#5471,.T.);
#5471 = EDGE_LOOP('',(#5472,#5473,#5480,#5485));
#5472 = ORIENTED_EDGE('',*,*,#438,.T.);
#5473 = ORIENTED_EDGE('',*,*,#5474,.F.);
#5474 = EDGE_CURVE('',#5475,#441,#5477,.T.);
#5475 = VERTEX_POINT('',#5476);
#5476 = CARTESIAN_POINT('',(1.433590777858,0.124782566294,0.798951321915
    ));
#5477 = B_SPLINE_CURVE_WITH_KNOTS('',1,(#5478,#5479),.UNSPECIFIED.,.F.,
  .F.,(2,2),(-0.,1.E-03),.PIECEWISE_BEZIER_KNOTS.);
#5478 = CARTESIAN_POINT('',(1.433590777858,0.124782566294,0.798951321915
    ));
#5479 = CARTESIAN_POINT('',(1.432600509789,0.124782566294,0.798812148814
    ));
#5480 = ORIENTED_EDGE('',*,*,#5481,.F.);
#5481 = EDGE_CURVE('',#5447,#5475,#5482,.T.);
#5482 = B_SPLINE_CURVE_WITH_KNOTS('',1,(#5483,#5484),.UNSPECIFIED.,.F.,
  .F.,(2,2),(-7.891762584584E-03,0.),.PIECEWISE_BEZIER_KNOTS.);
#5483 = CARTESIAN_POINT('',(1.432492456787,0.124782566294,0.806766282409
    ));
#5484 = CARTESIAN_POINT('',(1.433590777858,0.124782566294,0.798951321915
    ));
#5485 = ORIENTED_EDGE('',*,*,#5455,.T.);
#5486 = B_SPLINE_SURFACE_WITH_KNOTS('',1,1,(
    (#5487,#5488)
    ,(#5489,#5490
    )),.UNSPECIFIED.,.F.,.F.,.F.,(2,2),(2,2),(-1.391731009601E-04,
    7.814960493603E-03),(-2.088589139679E-03,0.),
  .PIECEWISE_BEZIER_KNOTS.);
#5487 = CARTESIAN_POINT('',(1.431502188718,0.124782566294,0.798812148814
    ));
#5488 = CARTESIAN_POINT('',(1.433590777858,0.124782566294,0.798812148814
    ));
#5489 = CARTESIAN_POINT('',(1.431502188718,0.124782566294,0.806766282409
    ));
#5490 = CARTESIAN_POINT('',(1.433590777858,0.124782566294,0.806766282409
    ));
#5491 = ADVANCED_FACE('',(#5492),#5510,.F.);
#5492 = FACE_BOUND('',#5493,.F.);
#5493 = EDGE_LOOP('',(#5494,#5495,#5504,#5509));
#5494 = ORIENTED_EDGE('',*,*,#5474,.F.);
#5495 = ORIENTED_EDGE('',*,*,#5496,.T.);
#5496 = EDGE_CURVE('',#5475,#5497,#5499,.T.);
#5497 = VERTEX_POINT('',#5498);
#5498 = CARTESIAN_POINT('',(1.433946755438,0.136604613803,0.796418409818
    ));
#5499 = B_SPLINE_CURVE_WITH_KNOTS('',3,(#5500,#5501,#5502,#5503),
  .UNSPECIFIED.,.F.,.F.,(4,4),(19.,20.),.PIECEWISE_BEZIER_KNOTS.);
#5500 = CARTESIAN_POINT('',(1.433590777858,0.124782566294,0.798951321915
    ));
#5501 = CARTESIAN_POINT('',(1.433825202118,0.128151381943,0.797283306632
    ));
#5502 = CARTESIAN_POINT('',(1.433946755438,0.132081666867,0.796418409818
    ));
#5503 = CARTESIAN_POINT('',(1.433946755438,0.136604613803,0.796418409818
    ));
#5504 = ORIENTED_EDGE('',*,*,#5505,.T.);
#5505 = EDGE_CURVE('',#5497,#608,#5506,.T.);
#5506 = B_SPLINE_CURVE_WITH_KNOTS('',1,(#5507,#5508),.UNSPECIFIED.,.F.,
  .F.,(2,2),(-0.,1.E-03),.PIECEWISE_BEZIER_KNOTS.);
#5507 = CARTESIAN_POINT('',(1.433946755438,0.136604613803,0.796418409818
    ));
#5508 = CARTESIAN_POINT('',(1.43295648737,0.136604613803,0.796279236717)
  );
#5509 = ORIENTED_EDGE('',*,*,#616,.F.);
#5510 = B_SPLINE_SURFACE_WITH_KNOTS('',3,1,(
    (#5511,#5512)
    ,(#5513,#5514)
    ,(#5515,#5516)
    ,(#5517,#5518
    )),.UNSPECIFIED.,.F.,.F.,.F.,(4,4),(2,2),(19.,20.),(0.,1.),
  .PIECEWISE_BEZIER_KNOTS.);
#5511 = CARTESIAN_POINT('',(1.433590777858,0.124782566294,0.798951321915
    ));
#5512 = CARTESIAN_POINT('',(1.432600509789,0.124782566294,0.798812148814
    ));
#5513 = CARTESIAN_POINT('',(1.433825202118,0.128151381943,0.797283306632
    ));
#5514 = CARTESIAN_POINT('',(1.43283493405,0.128151381943,0.797144133531)
  );
#5515 = CARTESIAN_POINT('',(1.433946755438,0.132081666867,0.796418409818
    ));
#5516 = CARTESIAN_POINT('',(1.43295648737,0.132081666867,0.796279236717)
  );
#5517 = CARTESIAN_POINT('',(1.433946755438,0.136604613803,0.796418409818
    ));
#5518 = CARTESIAN_POINT('',(1.43295648737,0.136604613803,0.796279236717)
  );
#5519 = ADVANCED_FACE('',(#5520),#5538,.F.);
#5520 = FACE_BOUND('',#5521,.F.);
#5521 = EDGE_LOOP('',(#5522,#5523,#5532,#5537));
#5522 = ORIENTED_EDGE('',*,*,#5505,.F.);
#5523 = ORIENTED_EDGE('',*,*,#5524,.T.);
#5524 = EDGE_CURVE('',#5497,#5525,#5527,.T.);
#5525 = VERTEX_POINT('',#5526);
#5526 = CARTESIAN_POINT('',(1.433464883348,0.149300057961,0.7998471079)
  );
#5527 = B_SPLINE_CURVE_WITH_KNOTS('',3,(#5528,#5529,#5530,#5531),
  .UNSPECIFIED.,.F.,.F.,(4,4),(18.,19.),.PIECEWISE_BEZIER_KNOTS.);
#5528 = CARTESIAN_POINT('',(1.433946755438,0.136604613803,0.796418409818
    ));
#5529 = CARTESIAN_POINT('',(1.433946755438,0.141798204595,0.796418409818
    ));
#5530 = CARTESIAN_POINT('',(1.433786131408,0.146040416893,0.797561309179
    ));
#5531 = CARTESIAN_POINT('',(1.433464883348,0.149300057961,0.7998471079)
  );
#5532 = ORIENTED_EDGE('',*,*,#5533,.T.);
#5533 = EDGE_CURVE('',#5525,#599,#5534,.T.);
#5534 = B_SPLINE_CURVE_WITH_KNOTS('',1,(#5535,#5536),.UNSPECIFIED.,.F.,
  .F.,(2,2),(-0.,9.999999999999E-04),.PIECEWISE_BEZIER_KNOTS.);
#5535 = CARTESIAN_POINT('',(1.433464883348,0.149300057961,0.7998471079)
  );
#5536 = CARTESIAN_POINT('',(1.432474615279,0.149300057961,0.799707934799
    ));
#5537 = ORIENTED_EDGE('',*,*,#607,.F.);
#5538 = B_SPLINE_SURFACE_WITH_KNOTS('',3,1,(
    (#5539,#5540)
    ,(#5541,#5542)
    ,(#5543,#5544)
    ,(#5545,#5546
    )),.UNSPECIFIED.,.F.,.F.,.F.,(4,4),(2,2),(18.,19.),(0.,1.),
  .PIECEWISE_BEZIER_KNOTS.);
#5539 = CARTESIAN_POINT('',(1.433946755438,0.136604613803,0.796418409818
    ));
#5540 = CARTESIAN_POINT('',(1.43295648737,0.136604613803,0.796279236717)
  );
#5541 = CARTESIAN_POINT('',(1.433946755438,0.141798204595,0.796418409818
    ));
#5542 = CARTESIAN_POINT('',(1.43295648737,0.141798204595,0.796279236717)
  );
#5543 = CARTESIAN_POINT('',(1.433786131408,0.146040416893,0.797561309179
    ));
#5544 = CARTESIAN_POINT('',(1.43279586334,0.146040416893,0.797422136078)
  );
#5545 = CARTESIAN_POINT('',(1.433464883348,0.149300057961,0.7998471079)
  );
#5546 = CARTESIAN_POINT('',(1.432474615279,0.149300057961,0.799707934799
    ));
#5547 = ADVANCED_FACE('',(#5548),#5566,.F.);
#5548 = FACE_BOUND('',#5549,.F.);
#5549 = EDGE_LOOP('',(#5550,#5551,#5560,#5565));
#5550 = ORIENTED_EDGE('',*,*,#5533,.F.);
#5551 = ORIENTED_EDGE('',*,*,#5552,.T.);
#5552 = EDGE_CURVE('',#5525,#5553,#5555,.T.);
#5553 = VERTEX_POINT('',#5554);
#5554 = CARTESIAN_POINT('',(1.432153843967,0.154212914115,0.809175637818
    ));
#5555 = B_SPLINE_CURVE_WITH_KNOTS('',3,(#5556,#5557,#5558,#5559),
  .UNSPECIFIED.,.F.,.F.,(4,4),(17.,18.),.PIECEWISE_BEZIER_KNOTS.);
#5556 = CARTESIAN_POINT('',(1.433464883348,0.149300057961,0.7998471079)
  );
#5557 = CARTESIAN_POINT('',(1.433147976478,0.152575295397,0.80210201745)
  );
#5558 = CARTESIAN_POINT('',(1.432709516287,0.154212914115,0.805221823813
    ));
#5559 = CARTESIAN_POINT('',(1.432153843967,0.154212914115,0.809175637818
    ));
#5560 = ORIENTED_EDGE('',*,*,#5561,.T.);
#5561 = EDGE_CURVE('',#5553,#590,#5562,.T.);
#5562 = B_SPLINE_CURVE_WITH_KNOTS('',1,(#5563,#5564),.UNSPECIFIED.,.F.,
  .F.,(2,2),(-0.,1.E-03),.PIECEWISE_BEZIER_KNOTS.);
#5563 = CARTESIAN_POINT('',(1.432153843967,0.154212914115,0.809175637818
    ));
#5564 = CARTESIAN_POINT('',(1.431163575898,0.154212914115,0.809036464717
    ));
#5565 = ORIENTED_EDGE('',*,*,#598,.F.);
#5566 = B_SPLINE_SURFACE_WITH_KNOTS('',3,1,(
    (#5567,#5568)
    ,(#5569,#5570)
    ,(#5571,#5572)
    ,(#5573,#5574
    )),.UNSPECIFIED.,.F.,.F.,.F.,(4,4),(2,2),(17.,18.),(0.,1.),
  .PIECEWISE_BEZIER_KNOTS.);
#5567 = CARTESIAN_POINT('',(1.433464883348,0.149300057961,0.7998471079)
  );
#5568 = CARTESIAN_POINT('',(1.432474615279,0.149300057961,0.799707934799
    ));
#5569 = CARTESIAN_POINT('',(1.433147976478,0.152575295397,0.80210201745)
  );
#5570 = CARTESIAN_POINT('',(1.432157708409,0.152575295397,0.801962844349
    ));
#5571 = CARTESIAN_POINT('',(1.432709516287,0.154212914115,0.805221823813
    ));
#5572 = CARTESIAN_POINT('',(1.431719248219,0.154212914115,0.805082650712
    ));
#5573 = CARTESIAN_POINT('',(1.432153843967,0.154212914115,0.809175637818
    ));
#5574 = CARTESIAN_POINT('',(1.431163575898,0.154212914115,0.809036464717
    ));
#5575 = ADVANCED_FACE('',(#5576),#5594,.F.);
#5576 = FACE_BOUND('',#5577,.F.);
#5577 = EDGE_LOOP('',(#5578,#5579,#5588,#5593));
#5578 = ORIENTED_EDGE('',*,*,#5561,.F.);
#5579 = ORIENTED_EDGE('',*,*,#5580,.T.);
#5580 = EDGE_CURVE('',#5553,#5581,#5583,.T.);
#5581 = VERTEX_POINT('',#5582);
#5582 = CARTESIAN_POINT('',(1.431151029076,0.151655109641,0.81631103653)
  );
#5583 = B_SPLINE_CURVE_WITH_KNOTS('',3,(#5584,#5585,#5586,#5587),
  .UNSPECIFIED.,.F.,.F.,(4,4),(16.,17.),.PIECEWISE_BEZIER_KNOTS.);
#5584 = CARTESIAN_POINT('',(1.432153843967,0.154212914115,0.809175637818
    ));
#5585 = CARTESIAN_POINT('',(1.431754454486,0.154212914115,0.812017441634
    ));
#5586 = CARTESIAN_POINT('',(1.431420182856,0.153355113834,0.814395907871
    ));
#5587 = CARTESIAN_POINT('',(1.431151029076,0.151655109641,0.81631103653)
  );
#5588 = ORIENTED_EDGE('',*,*,#5589,.T.);
#5589 = EDGE_CURVE('',#5581,#581,#5590,.T.);
#5590 = B_SPLINE_CURVE_WITH_KNOTS('',1,(#5591,#5592),.UNSPECIFIED.,.F.,
  .F.,(2,2),(-0.,1.E-03),.PIECEWISE_BEZIER_KNOTS.);
#5591 = CARTESIAN_POINT('',(1.431151029076,0.151655109641,0.81631103653)
  );
#5592 = CARTESIAN_POINT('',(1.430160761007,0.151655109641,0.816171863429
    ));
#5593 = ORIENTED_EDGE('',*,*,#589,.F.);
#5594 = B_SPLINE_SURFACE_WITH_KNOTS('',3,1,(
    (#5595,#5596)
    ,(#5597,#5598)
    ,(#5599,#5600)
    ,(#5601,#5602
    )),.UNSPECIFIED.,.F.,.F.,.F.,(4,4),(2,2),(16.,17.),(0.,1.),
  .PIECEWISE_BEZIER_KNOTS.);
#5595 = CARTESIAN_POINT('',(1.432153843967,0.154212914115,0.809175637818
    ));
#5596 = CARTESIAN_POINT('',(1.431163575898,0.154212914115,0.809036464717
    ));
#5597 = CARTESIAN_POINT('',(1.431754454486,0.154212914115,0.812017441634
    ));
#5598 = CARTESIAN_POINT('',(1.430764186418,0.154212914115,0.811878268533
    ));
#5599 = CARTESIAN_POINT('',(1.431420182856,0.153355113834,0.814395907871
    ));
#5600 = CARTESIAN_POINT('',(1.430429914787,0.153355113834,0.81425673477)
  );
#5601 = CARTESIAN_POINT('',(1.431151029076,0.151655109641,0.81631103653)
  );
#5602 = CARTESIAN_POINT('',(1.430160761007,0.151655109641,0.816171863429
    ));
#5603 = ADVANCED_FACE('',(#5604),#5622,.F.);
#5604 = FACE_BOUND('',#5605,.F.);
#5605 = EDGE_LOOP('',(#5606,#5607,#5616,#5621));
#5606 = ORIENTED_EDGE('',*,*,#5589,.F.);
#5607 = ORIENTED_EDGE('',*,*,#5608,.T.);
#5608 = EDGE_CURVE('',#5581,#5609,#5611,.T.);
#5609 = VERTEX_POINT('',#5610);
#5610 = CARTESIAN_POINT('',(1.430365273685,0.141798204595,0.821901976646
    ));
#5611 = B_SPLINE_CURVE_WITH_KNOTS('',3,(#5612,#5613,#5614,#5615),
  .UNSPECIFIED.,.F.,.F.,(4,4),(15.,16.),.PIECEWISE_BEZIER_KNOTS.);
#5612 = CARTESIAN_POINT('',(1.431151029076,0.151655109641,0.81631103653)
  );
#5613 = CARTESIAN_POINT('',(1.430881875296,0.149939509079,0.818226165188
    ));
#5614 = CARTESIAN_POINT('',(1.430617062705,0.146664271643,0.820110404675
    ));
#5615 = CARTESIAN_POINT('',(1.430365273685,0.141798204595,0.821901976646
    ));
#5616 = ORIENTED_EDGE('',*,*,#5617,.T.);
#5617 = EDGE_CURVE('',#5609,#572,#5618,.T.);
#5618 = B_SPLINE_CURVE_WITH_KNOTS('',1,(#5619,#5620),.UNSPECIFIED.,.F.,
  .F.,(2,2),(-0.,1.E-03),.PIECEWISE_BEZIER_KNOTS.);
#5619 = CARTESIAN_POINT('',(1.430365273685,0.141798204595,0.821901976646
    ));
#5620 = CARTESIAN_POINT('',(1.429375005617,0.141798204595,0.821762803545
    ));
#5621 = ORIENTED_EDGE('',*,*,#580,.F.);
#5622 = B_SPLINE_SURFACE_WITH_KNOTS('',3,1,(
    (#5623,#5624)
    ,(#5625,#5626)
    ,(#5627,#5628)
    ,(#5629,#5630
    )),.UNSPECIFIED.,.F.,.F.,.F.,(4,4),(2,2),(15.,16.),(0.,1.),
  .PIECEWISE_BEZIER_KNOTS.);
#5623 = CARTESIAN_POINT('',(1.431151029076,0.151655109641,0.81631103653)
  );
#5624 = CARTESIAN_POINT('',(1.430160761007,0.151655109641,0.816171863429
    ));
#5625 = CARTESIAN_POINT('',(1.430881875296,0.149939509079,0.818226165188
    ));
#5626 = CARTESIAN_POINT('',(1.429891607227,0.149939509079,0.818086992087
    ));
#5627 = CARTESIAN_POINT('',(1.430617062705,0.146664271643,0.820110404675
    ));
#5628 = CARTESIAN_POINT('',(1.429626794637,0.146664271643,0.819971231574
    ));
#5629 = CARTESIAN_POINT('',(1.430365273685,0.141798204595,0.821901976646
    ));
#5630 = CARTESIAN_POINT('',(1.429375005617,0.141798204595,0.821762803545
    ));
#5631 = ADVANCED_FACE('',(#5632),#5650,.F.);
#5632 = FACE_BOUND('',#5633,.F.);
#5633 = EDGE_LOOP('',(#5634,#5635,#5644,#5649));
#5634 = ORIENTED_EDGE('',*,*,#5617,.F.);
#5635 = ORIENTED_EDGE('',*,*,#5636,.T.);
#5636 = EDGE_CURVE('',#5609,#5637,#5639,.T.);
#5637 = VERTEX_POINT('',#5638);
#5638 = CARTESIAN_POINT('',(1.429844330885,0.134374333072,0.825608677276
    ));
#5639 = B_SPLINE_CURVE_WITH_KNOTS('',3,(#5640,#5641,#5642,#5643),
  .UNSPECIFIED.,.F.,.F.,(4,4),(14.,15.),.PIECEWISE_BEZIER_KNOTS.);
#5640 = CARTESIAN_POINT('',(1.430365273685,0.141798204595,0.821901976646
    ));
#5641 = CARTESIAN_POINT('',(1.430156896565,0.137961497883,0.823384656898
    ));
#5642 = CARTESIAN_POINT('',(1.429983248965,0.135497271622,0.824620223774
    ));
#5643 = CARTESIAN_POINT('',(1.429844330885,0.134374333072,0.825608677276
    ));
#5644 = ORIENTED_EDGE('',*,*,#5645,.T.);
#5645 = EDGE_CURVE('',#5637,#563,#5646,.T.);
#5646 = B_SPLINE_CURVE_WITH_KNOTS('',1,(#5647,#5648),.UNSPECIFIED.,.F.,
  .F.,(2,2),(-0.,1.E-03),.PIECEWISE_BEZIER_KNOTS.);
#5647 = CARTESIAN_POINT('',(1.429844330885,0.134374333072,0.825608677276
    ));
#5648 = CARTESIAN_POINT('',(1.428854062816,0.134374333072,0.825469504175
    ));
#5649 = ORIENTED_EDGE('',*,*,#571,.F.);
#5650 = B_SPLINE_SURFACE_WITH_KNOTS('',3,1,(
    (#5651,#5652)
    ,(#5653,#5654)
    ,(#5655,#5656)
    ,(#5657,#5658
    )),.UNSPECIFIED.,.F.,.F.,.F.,(4,4),(2,2),(14.,15.),(0.,1.),
  .PIECEWISE_BEZIER_KNOTS.);
#5651 = CARTESIAN_POINT('',(1.430365273685,0.141798204595,0.821901976646
    ));
#5652 = CARTESIAN_POINT('',(1.429375005617,0.141798204595,0.821762803545
    ));
#5653 = CARTESIAN_POINT('',(1.430156896565,0.137961497883,0.823384656898
    ));
#5654 = CARTESIAN_POINT('',(1.429166628496,0.137961497883,0.823245483797
    ));
#5655 = CARTESIAN_POINT('',(1.429983248965,0.135497271622,0.824620223774
    ));
#5656 = CARTESIAN_POINT('',(1.428992980896,0.135497271622,0.824481050673
    ));
#5657 = CARTESIAN_POINT('',(1.429844330885,0.134374333072,0.825608677276
    ));
#5658 = CARTESIAN_POINT('',(1.428854062816,0.134374333072,0.825469504175
    ));
#5659 = ADVANCED_FACE('',(#5660),#5678,.F.);
#5660 = FACE_BOUND('',#5661,.F.);
#5661 = EDGE_LOOP('',(#5662,#5663,#5672,#5677));
#5662 = ORIENTED_EDGE('',*,*,#5645,.F.);
#5663 = ORIENTED_EDGE('',*,*,#5664,.T.);
#5664 = EDGE_CURVE('',#5637,#5665,#5667,.T.);
#5665 = VERTEX_POINT('',#5666);
#5666 = CARTESIAN_POINT('',(1.429279976184,0.132705521616,0.829624269624
    ));
#5667 = B_SPLINE_CURVE_WITH_KNOTS('',3,(#5668,#5669,#5670,#5671),
  .UNSPECIFIED.,.F.,.F.,(4,4),(13.,14.),.PIECEWISE_BEZIER_KNOTS.);
#5668 = CARTESIAN_POINT('',(1.429844330885,0.134374333072,0.825608677276
    ));
#5669 = CARTESIAN_POINT('',(1.429709753995,0.133266990891,0.826566241605
    ));
#5670 = CARTESIAN_POINT('',(1.429523082824,0.132705521616,0.827894475997
    ));
#5671 = CARTESIAN_POINT('',(1.429279976184,0.132705521616,0.829624269624
    ));
#5672 = ORIENTED_EDGE('',*,*,#5673,.T.);
#5673 = EDGE_CURVE('',#5665,#554,#5674,.T.);
#5674 = B_SPLINE_CURVE_WITH_KNOTS('',1,(#5675,#5676),.UNSPECIFIED.,.F.,
  .F.,(2,2),(-0.,1.E-03),.PIECEWISE_BEZIER_KNOTS.);
#5675 = CARTESIAN_POINT('',(1.429279976184,0.132705521616,0.829624269624
    ));
#5676 = CARTESIAN_POINT('',(1.428289708116,0.132705521616,0.829485096523
    ));
#5677 = ORIENTED_EDGE('',*,*,#562,.F.);
#5678 = B_SPLINE_SURFACE_WITH_KNOTS('',3,1,(
    (#5679,#5680)
    ,(#5681,#5682)
    ,(#5683,#5684)
    ,(#5685,#5686
    )),.UNSPECIFIED.,.F.,.F.,.F.,(4,4),(2,2),(13.,14.),(0.,1.),
  .PIECEWISE_BEZIER_KNOTS.);
#5679 = CARTESIAN_POINT('',(1.429844330885,0.134374333072,0.825608677276
    ));
#5680 = CARTESIAN_POINT('',(1.428854062816,0.134374333072,0.825469504175
    ));
#5681 = CARTESIAN_POINT('',(1.429709753995,0.133266990891,0.826566241605
    ));
#5682 = CARTESIAN_POINT('',(1.428719485926,0.133266990891,0.826427068504
    ));
#5683 = CARTESIAN_POINT('',(1.429523082824,0.132705521616,0.827894475997
    ));
#5684 = CARTESIAN_POINT('',(1.428532814756,0.132705521616,0.827755302896
    ));
#5685 = CARTESIAN_POINT('',(1.429279976184,0.132705521616,0.829624269624
    ));
#5686 = CARTESIAN_POINT('',(1.428289708116,0.132705521616,0.829485096523
    ));
#5687 = ADVANCED_FACE('',(#5688),#5706,.F.);
#5688 = FACE_BOUND('',#5689,.F.);
#5689 = EDGE_LOOP('',(#5690,#5691,#5700,#5705));
#5690 = ORIENTED_EDGE('',*,*,#5673,.F.);
#5691 = ORIENTED_EDGE('',*,*,#5692,.T.);
#5692 = EDGE_CURVE('',#5665,#5693,#5695,.T.);
#5693 = VERTEX_POINT('',#5694);
#5694 = CARTESIAN_POINT('',(1.428689574344,0.135029380559,0.833825197004
    ));
#5695 = B_SPLINE_CURVE_WITH_KNOTS('',3,(#5696,#5697,#5698,#5699),
  .UNSPECIFIED.,.F.,.F.,(4,4),(12.,13.),.PIECEWISE_BEZIER_KNOTS.);
#5696 = CARTESIAN_POINT('',(1.429279976184,0.132705521616,0.829624269624
    ));
#5697 = CARTESIAN_POINT('',(1.429036869544,0.132705521616,0.831354063251
    ));
#5698 = CARTESIAN_POINT('',(1.428837174804,0.133485340054,0.832774965159
    ));
#5699 = CARTESIAN_POINT('',(1.428689574344,0.135029380559,0.833825197004
    ));
#5700 = ORIENTED_EDGE('',*,*,#5701,.T.);
#5701 = EDGE_CURVE('',#5693,#545,#5702,.T.);
#5702 = B_SPLINE_CURVE_WITH_KNOTS('',1,(#5703,#5704),.UNSPECIFIED.,.F.,
  .F.,(2,2),(-0.,1.E-03),.PIECEWISE_BEZIER_KNOTS.);
#5703 = CARTESIAN_POINT('',(1.428689574344,0.135029380559,0.833825197004
    ));
#5704 = CARTESIAN_POINT('',(1.427699306275,0.135029380559,0.833686023903
    ));
#5705 = ORIENTED_EDGE('',*,*,#553,.F.);
#5706 = B_SPLINE_SURFACE_WITH_KNOTS('',3,1,(
    (#5707,#5708)
    ,(#5709,#5710)
    ,(#5711,#5712)
    ,(#5713,#5714
    )),.UNSPECIFIED.,.F.,.F.,.F.,(4,4),(2,2),(12.,13.),(0.,1.),
  .PIECEWISE_BEZIER_KNOTS.);
#5707 = CARTESIAN_POINT('',(1.429279976184,0.132705521616,0.829624269624
    ));
#5708 = CARTESIAN_POINT('',(1.428289708116,0.132705521616,0.829485096523
    ));
#5709 = CARTESIAN_POINT('',(1.429036869544,0.132705521616,0.831354063251
    ));
#5710 = CARTESIAN_POINT('',(1.428046601475,0.132705521616,0.83121489015)
  );
#5711 = CARTESIAN_POINT('',(1.428837174804,0.133485340054,0.832774965159
    ));
#5712 = CARTESIAN_POINT('',(1.427846906735,0.133485340054,0.832635792058
    ));
#5713 = CARTESIAN_POINT('',(1.428689574344,0.135029380559,0.833825197004
    ));
#5714 = CARTESIAN_POINT('',(1.427699306275,0.135029380559,0.833686023903
    ));
#5715 = ADVANCED_FACE('',(#5716),#5734,.F.);
#5716 = FACE_BOUND('',#5717,.F.);
#5717 = EDGE_LOOP('',(#5718,#5719,#5728,#5733));
#5718 = ORIENTED_EDGE('',*,*,#5701,.F.);
#5719 = ORIENTED_EDGE('',*,*,#5720,.T.);
#5720 = EDGE_CURVE('',#5693,#5721,#5723,.T.);
#5721 = VERTEX_POINT('',#5722);
#5722 = CARTESIAN_POINT('',(1.428463832464,0.141049578895,0.835431433944
    ));
#5723 = B_SPLINE_CURVE_WITH_KNOTS('',3,(#5724,#5725,#5726,#5727),
  .UNSPECIFIED.,.F.,.F.,(4,4),(11.,12.),.PIECEWISE_BEZIER_KNOTS.);
#5724 = CARTESIAN_POINT('',(1.428689574344,0.135029380559,0.833825197004
    ));
#5725 = CARTESIAN_POINT('',(1.428537632694,0.136573421065,0.834906318021
    ));
#5726 = CARTESIAN_POINT('',(1.428463832464,0.138585352633,0.835431433944
    ));
#5727 = CARTESIAN_POINT('',(1.428463832464,0.141049578895,0.835431433944
    ));
#5728 = ORIENTED_EDGE('',*,*,#5729,.T.);
#5729 = EDGE_CURVE('',#5721,#536,#5730,.T.);
#5730 = B_SPLINE_CURVE_WITH_KNOTS('',1,(#5731,#5732),.UNSPECIFIED.,.F.,
  .F.,(2,2),(-0.,1.E-03),.PIECEWISE_BEZIER_KNOTS.);
#5731 = CARTESIAN_POINT('',(1.428463832464,0.141049578895,0.835431433944
    ));
#5732 = CARTESIAN_POINT('',(1.427473564395,0.141049578895,0.835292260843
    ));
#5733 = ORIENTED_EDGE('',*,*,#544,.F.);
#5734 = B_SPLINE_SURFACE_WITH_KNOTS('',3,1,(
    (#5735,#5736)
    ,(#5737,#5738)
    ,(#5739,#5740)
    ,(#5741,#5742
    )),.UNSPECIFIED.,.F.,.F.,.F.,(4,4),(2,2),(11.,12.),(0.,1.),
  .PIECEWISE_BEZIER_KNOTS.);
#5735 = CARTESIAN_POINT('',(1.428689574344,0.135029380559,0.833825197004
    ));
#5736 = CARTESIAN_POINT('',(1.427699306275,0.135029380559,0.833686023903
    ));
#5737 = CARTESIAN_POINT('',(1.428537632694,0.136573421065,0.834906318021
    ));
#5738 = CARTESIAN_POINT('',(1.427547364625,0.136573421065,0.83476714492)
  );
#5739 = CARTESIAN_POINT('',(1.428463832464,0.138585352633,0.835431433944
    ));
#5740 = CARTESIAN_POINT('',(1.427473564395,0.138585352633,0.835292260843
    ));
#5741 = CARTESIAN_POINT('',(1.428463832464,0.141049578895,0.835431433944
    ));
#5742 = CARTESIAN_POINT('',(1.427473564395,0.141049578895,0.835292260843
    ));
#5743 = ADVANCED_FACE('',(#5744),#5762,.F.);
#5744 = FACE_BOUND('',#5745,.F.);
#5745 = EDGE_LOOP('',(#5746,#5747,#5756,#5761));
#5746 = ORIENTED_EDGE('',*,*,#5729,.F.);
#5747 = ORIENTED_EDGE('',*,*,#5748,.T.);
#5748 = EDGE_CURVE('',#5721,#5749,#5751,.T.);
#5749 = VERTEX_POINT('',#5750);
#5750 = CARTESIAN_POINT('',(1.428902292654,0.152123000704,0.83231162758)
  );
#5751 = B_SPLINE_CURVE_WITH_KNOTS('',3,(#5752,#5753,#5754,#5755),
  .UNSPECIFIED.,.F.,.F.,(4,4),(10.,11.),.PIECEWISE_BEZIER_KNOTS.);
#5752 = CARTESIAN_POINT('',(1.428463832464,0.141049578895,0.835431433944
    ));
#5753 = CARTESIAN_POINT('',(1.428463832464,0.145182616612,0.835431433944
    ));
#5754 = CARTESIAN_POINT('',(1.428611432924,0.148863359636,0.834381202099
    ));
#5755 = CARTESIAN_POINT('',(1.428902292654,0.152123000704,0.83231162758)
  );
#5756 = ORIENTED_EDGE('',*,*,#5757,.T.);
#5757 = EDGE_CURVE('',#5749,#529,#5758,.T.);
#5758 = B_SPLINE_CURVE_WITH_KNOTS('',1,(#5759,#5760),.UNSPECIFIED.,.F.,
  .F.,(2,2),(-0.,9.999999999999E-04),.PIECEWISE_BEZIER_KNOTS.);
#5759 = CARTESIAN_POINT('',(1.428902292654,0.152123000704,0.83231162758)
  );
#5760 = CARTESIAN_POINT('',(1.427912024585,0.152123000704,0.832172454479
    ));
#5761 = ORIENTED_EDGE('',*,*,#535,.F.);
#5762 = B_SPLINE_SURFACE_WITH_KNOTS('',3,1,(
    (#5763,#5764)
    ,(#5765,#5766)
    ,(#5767,#5768)
    ,(#5769,#5770
    )),.UNSPECIFIED.,.F.,.F.,.F.,(4,4),(2,2),(10.,11.),(0.,1.),
  .PIECEWISE_BEZIER_KNOTS.);
#5763 = CARTESIAN_POINT('',(1.428463832464,0.141049578895,0.835431433944
    ));
#5764 = CARTESIAN_POINT('',(1.427473564395,0.141049578895,0.835292260843
    ));
#5765 = CARTESIAN_POINT('',(1.428463832464,0.145182616612,0.835431433944
    ));
#5766 = CARTESIAN_POINT('',(1.427473564395,0.145182616612,0.835292260843
    ));
#5767 = CARTESIAN_POINT('',(1.428611432924,0.148863359636,0.834381202099
    ));
#5768 = CARTESIAN_POINT('',(1.427621164855,0.148863359636,0.834242028998
    ));
#5769 = CARTESIAN_POINT('',(1.428902292654,0.152123000704,0.83231162758)
  );
#5770 = CARTESIAN_POINT('',(1.427912024585,0.152123000704,0.832172454479
    ));
#5771 = ADVANCED_FACE('',(#5772),#5788,.F.);
#5772 = FACE_BOUND('',#5773,.T.);
#5773 = EDGE_LOOP('',(#5774,#5775,#5782,#5787));
#5774 = ORIENTED_EDGE('',*,*,#528,.T.);
#5775 = ORIENTED_EDGE('',*,*,#5776,.F.);
#5776 = EDGE_CURVE('',#5777,#520,#5779,.T.);
#5777 = VERTEX_POINT('',#5778);
#5778 = CARTESIAN_POINT('',(1.427869089433,0.152123000704,0.839663250495
    ));
#5779 = B_SPLINE_CURVE_WITH_KNOTS('',1,(#5780,#5781),.UNSPECIFIED.,.F.,
  .F.,(2,2),(-0.,9.999999999999E-04),.PIECEWISE_BEZIER_KNOTS.);
#5780 = CARTESIAN_POINT('',(1.427869089433,0.152123000704,0.839663250495
    ));
#5781 = CARTESIAN_POINT('',(1.426878821364,0.152123000704,0.839524077395
    ));
#5782 = ORIENTED_EDGE('',*,*,#5783,.F.);
#5783 = EDGE_CURVE('',#5749,#5777,#5784,.T.);
#5784 = B_SPLINE_CURVE_WITH_KNOTS('',1,(#5785,#5786),.UNSPECIFIED.,.F.,
  .F.,(2,2),(-7.423871522359E-03,0.),.PIECEWISE_BEZIER_KNOTS.);
#5785 = CARTESIAN_POINT('',(1.428902292654,0.152123000704,0.83231162758)
  );
#5786 = CARTESIAN_POINT('',(1.427869089433,0.152123000704,0.839663250495
    ));
#5787 = ORIENTED_EDGE('',*,*,#5757,.T.);
#5788 = B_SPLINE_SURFACE_WITH_KNOTS('',1,1,(
    (#5789,#5790)
    ,(#5791,#5792
    )),.UNSPECIFIED.,.F.,.F.,.F.,(2,2),(2,2),(0.,7.490796015992E-03),(
    -9.902680687415E-04,1.033203220896E-03),.PIECEWISE_BEZIER_KNOTS.);
#5789 = CARTESIAN_POINT('',(1.426878821364,0.152123000704,0.839663250495
    ));
#5790 = CARTESIAN_POINT('',(1.428902292654,0.152123000704,0.839663250495
    ));
#5791 = CARTESIAN_POINT('',(1.426878821364,0.152123000704,0.832172454479
    ));
#5792 = CARTESIAN_POINT('',(1.428902292654,0.152123000704,0.832172454479
    ));
#5793 = ADVANCED_FACE('',(#5794),#5812,.F.);
#5794 = FACE_BOUND('',#5795,.F.);
#5795 = EDGE_LOOP('',(#5796,#5797,#5806,#5811));
#5796 = ORIENTED_EDGE('',*,*,#5776,.F.);
#5797 = ORIENTED_EDGE('',*,*,#5798,.T.);
#5798 = EDGE_CURVE('',#5777,#5799,#5801,.T.);
#5799 = VERTEX_POINT('',#5800);
#5800 = CARTESIAN_POINT('',(1.427599935653,0.141798204595,0.841578379154
    ));
#5801 = B_SPLINE_CURVE_WITH_KNOTS('',3,(#5802,#5803,#5804,#5805),
  .UNSPECIFIED.,.F.,.F.,(4,4),(8.,9.),.PIECEWISE_BEZIER_KNOTS.);
#5802 = CARTESIAN_POINT('',(1.427869089433,0.152123000704,0.839663250495
    ));
#5803 = CARTESIAN_POINT('',(1.427686759453,0.14894134148,0.840960595716)
  );
#5804 = CARTESIAN_POINT('',(1.427599935653,0.145510140356,0.841578379154
    ));
#5805 = CARTESIAN_POINT('',(1.427599935653,0.141798204595,0.841578379154
    ));
#5806 = ORIENTED_EDGE('',*,*,#5807,.T.);
#5807 = EDGE_CURVE('',#5799,#511,#5808,.T.);
#5808 = B_SPLINE_CURVE_WITH_KNOTS('',1,(#5809,#5810),.UNSPECIFIED.,.F.,
  .F.,(2,2),(-0.,1.E-03),.PIECEWISE_BEZIER_KNOTS.);
#5809 = CARTESIAN_POINT('',(1.427599935653,0.141798204595,0.841578379154
    ));
#5810 = CARTESIAN_POINT('',(1.426609667584,0.141798204595,0.841439206053
    ));
#5811 = ORIENTED_EDGE('',*,*,#519,.F.);
#5812 = B_SPLINE_SURFACE_WITH_KNOTS('',3,1,(
    (#5813,#5814)
    ,(#5815,#5816)
    ,(#5817,#5818)
    ,(#5819,#5820
    )),.UNSPECIFIED.,.F.,.F.,.F.,(4,4),(2,2),(8.,9.),(0.,1.),
  .PIECEWISE_BEZIER_KNOTS.);
#5813 = CARTESIAN_POINT('',(1.427869089433,0.152123000704,0.839663250495
    ));
#5814 = CARTESIAN_POINT('',(1.426878821364,0.152123000704,0.839524077395
    ));
#5815 = CARTESIAN_POINT('',(1.427686759453,0.14894134148,0.840960595716)
  );
#5816 = CARTESIAN_POINT('',(1.426696491384,0.14894134148,0.840821422615)
  );
#5817 = CARTESIAN_POINT('',(1.427599935653,0.145510140356,0.841578379154
    ));
#5818 = CARTESIAN_POINT('',(1.426609667584,0.145510140356,0.841439206053
    ));
#5819 = CARTESIAN_POINT('',(1.427599935653,0.141798204595,0.841578379154
    ));
#5820 = CARTESIAN_POINT('',(1.426609667584,0.141798204595,0.841439206053
    ));
#5821 = ADVANCED_FACE('',(#5822),#5840,.F.);
#5822 = FACE_BOUND('',#5823,.F.);
#5823 = EDGE_LOOP('',(#5824,#5825,#5834,#5839));
#5824 = ORIENTED_EDGE('',*,*,#5807,.F.);
#5825 = ORIENTED_EDGE('',*,*,#5826,.T.);
#5826 = EDGE_CURVE('',#5799,#5827,#5829,.T.);
#5827 = VERTEX_POINT('',#5828);
#5828 = CARTESIAN_POINT('',(1.428081807743,0.129726615186,0.838149681072
    ));
#5829 = B_SPLINE_CURVE_WITH_KNOTS('',3,(#5830,#5831,#5832,#5833),
  .UNSPECIFIED.,.F.,.F.,(4,4),(7.,8.),.PIECEWISE_BEZIER_KNOTS.);
#5830 = CARTESIAN_POINT('',(1.427599935653,0.141798204595,0.841578379154
    ));
#5831 = CARTESIAN_POINT('',(1.427599935653,0.137025715759,0.841578379154
    ));
#5832 = CARTESIAN_POINT('',(1.427760559683,0.133001852623,0.840435479794
    ));
#5833 = CARTESIAN_POINT('',(1.428081807743,0.129726615186,0.838149681072
    ));
#5834 = ORIENTED_EDGE('',*,*,#5835,.T.);
#5835 = EDGE_CURVE('',#5827,#502,#5836,.T.);
#5836 = B_SPLINE_CURVE_WITH_KNOTS('',1,(#5837,#5838),.UNSPECIFIED.,.F.,
  .F.,(2,2),(-0.,1.E-03),.PIECEWISE_BEZIER_KNOTS.);
#5837 = CARTESIAN_POINT('',(1.428081807743,0.129726615186,0.838149681072
    ));
#5838 = CARTESIAN_POINT('',(1.427091539674,0.129726615186,0.838010507971
    ));
#5839 = ORIENTED_EDGE('',*,*,#510,.F.);
#5840 = B_SPLINE_SURFACE_WITH_KNOTS('',3,1,(
    (#5841,#5842)
    ,(#5843,#5844)
    ,(#5845,#5846)
    ,(#5847,#5848
    )),.UNSPECIFIED.,.F.,.F.,.F.,(4,4),(2,2),(7.,8.),(0.,1.),
  .PIECEWISE_BEZIER_KNOTS.);
#5841 = CARTESIAN_POINT('',(1.427599935653,0.141798204595,0.841578379154
    ));
#5842 = CARTESIAN_POINT('',(1.426609667584,0.141798204595,0.841439206053
    ));
#5843 = CARTESIAN_POINT('',(1.427599935653,0.137025715759,0.841578379154
    ));
#5844 = CARTESIAN_POINT('',(1.426609667584,0.137025715759,0.841439206053
    ));
#5845 = CARTESIAN_POINT('',(1.427760559683,0.133001852623,0.840435479794
    ));
#5846 = CARTESIAN_POINT('',(1.426770291614,0.133001852623,0.840296306693
    ));
#5847 = CARTESIAN_POINT('',(1.428081807743,0.129726615186,0.838149681072
    ));
#5848 = CARTESIAN_POINT('',(1.427091539674,0.129726615186,0.838010507971
    ));
#5849 = ADVANCED_FACE('',(#5850),#5868,.F.);
#5850 = FACE_BOUND('',#5851,.F.);
#5851 = EDGE_LOOP('',(#5852,#5853,#5862,#5867));
#5852 = ORIENTED_EDGE('',*,*,#5835,.F.);
#5853 = ORIENTED_EDGE('',*,*,#5854,.T.);
#5854 = EDGE_CURVE('',#5827,#5855,#5857,.T.);
#5855 = VERTEX_POINT('',#5856);
#5856 = CARTESIAN_POINT('',(1.429375482364,0.1248293554,0.828944707842)
  );
#5857 = B_SPLINE_CURVE_WITH_KNOTS('',3,(#5858,#5859,#5860,#5861),
  .UNSPECIFIED.,.F.,.F.,(4,4),(6.,7.),.PIECEWISE_BEZIER_KNOTS.);
#5858 = CARTESIAN_POINT('',(1.428081807743,0.129726615186,0.838149681072
    ));
#5859 = CARTESIAN_POINT('',(1.428407396994,0.126466974119,0.835832993179
    ));
#5860 = CARTESIAN_POINT('',(1.428837174804,0.1248293554,0.832774965159)
  );
#5861 = CARTESIAN_POINT('',(1.429375482364,0.1248293554,0.828944707842)
  );
#5862 = ORIENTED_EDGE('',*,*,#5863,.T.);
#5863 = EDGE_CURVE('',#5855,#493,#5864,.T.);
#5864 = B_SPLINE_CURVE_WITH_KNOTS('',1,(#5865,#5866),.UNSPECIFIED.,.F.,
  .F.,(2,2),(-0.,1.E-03),.PIECEWISE_BEZIER_KNOTS.);
#5865 = CARTESIAN_POINT('',(1.429375482364,0.1248293554,0.828944707842)
  );
#5866 = CARTESIAN_POINT('',(1.428385214296,0.1248293554,0.828805534741)
  );
#5867 = ORIENTED_EDGE('',*,*,#501,.F.);
#5868 = B_SPLINE_SURFACE_WITH_KNOTS('',3,1,(
    (#5869,#5870)
    ,(#5871,#5872)
    ,(#5873,#5874)
    ,(#5875,#5876
    )),.UNSPECIFIED.,.F.,.F.,.F.,(4,4),(2,2),(6.,7.),(0.,1.),
  .PIECEWISE_BEZIER_KNOTS.);
#5869 = CARTESIAN_POINT('',(1.428081807743,0.129726615186,0.838149681072
    ));
#5870 = CARTESIAN_POINT('',(1.427091539674,0.129726615186,0.838010507971
    ));
#5871 = CARTESIAN_POINT('',(1.428407396994,0.126466974119,0.835832993179
    ));
#5872 = CARTESIAN_POINT('',(1.427417128925,0.126466974119,0.835693820078
    ));
#5873 = CARTESIAN_POINT('',(1.428837174804,0.1248293554,0.832774965159)
  );
#5874 = CARTESIAN_POINT('',(1.427846906735,0.1248293554,0.832635792058)
  );
#5875 = CARTESIAN_POINT('',(1.429375482364,0.1248293554,0.828944707842)
  );
#5876 = CARTESIAN_POINT('',(1.428385214296,0.1248293554,0.828805534741)
  );
#5877 = ADVANCED_FACE('',(#5878),#5896,.F.);
#5878 = FACE_BOUND('',#5879,.F.);
#5879 = EDGE_LOOP('',(#5880,#5881,#5890,#5895));
#5880 = ORIENTED_EDGE('',*,*,#5863,.F.);
#5881 = ORIENTED_EDGE('',*,*,#5882,.T.);
#5882 = EDGE_CURVE('',#5855,#5883,#5885,.T.);
#5883 = VERTEX_POINT('',#5884);
#5884 = CARTESIAN_POINT('',(1.430334885355,0.126997250656,0.822118200849
    ));
#5885 = B_SPLINE_CURVE_WITH_KNOTS('',3,(#5886,#5887,#5888,#5889),
  .UNSPECIFIED.,.F.,.F.,(4,4),(5.,6.),.PIECEWISE_BEZIER_KNOTS.);
#5886 = CARTESIAN_POINT('',(1.429375482364,0.1248293554,0.828944707842)
  );
#5887 = CARTESIAN_POINT('',(1.429748824705,0.1248293554,0.826288239057)
  );
#5888 = CARTESIAN_POINT('',(1.430070072765,0.125546788363,0.824002440336
    ));
#5889 = CARTESIAN_POINT('',(1.430334885355,0.126997250656,0.822118200849
    ));
#5890 = ORIENTED_EDGE('',*,*,#5891,.T.);
#5891 = EDGE_CURVE('',#5883,#484,#5892,.T.);
#5892 = B_SPLINE_CURVE_WITH_KNOTS('',1,(#5893,#5894),.UNSPECIFIED.,.F.,
  .F.,(2,2),(-0.,1.E-03),.PIECEWISE_BEZIER_KNOTS.);
#5893 = CARTESIAN_POINT('',(1.430334885355,0.126997250656,0.822118200849
    ));
#5894 = CARTESIAN_POINT('',(1.429344617286,0.126997250656,0.821979027748
    ));
#5895 = ORIENTED_EDGE('',*,*,#492,.F.);
#5896 = B_SPLINE_SURFACE_WITH_KNOTS('',3,1,(
    (#5897,#5898)
    ,(#5899,#5900)
    ,(#5901,#5902)
    ,(#5903,#5904
    )),.UNSPECIFIED.,.F.,.F.,.F.,(4,4),(2,2),(5.,6.),(0.,1.),
  .PIECEWISE_BEZIER_KNOTS.);
#5897 = CARTESIAN_POINT('',(1.429375482364,0.1248293554,0.828944707842)
  );
#5898 = CARTESIAN_POINT('',(1.428385214296,0.1248293554,0.828805534741)
  );
#5899 = CARTESIAN_POINT('',(1.429748824705,0.1248293554,0.826288239057)
  );
#5900 = CARTESIAN_POINT('',(1.428758556636,0.1248293554,0.826149065956)
  );
#5901 = CARTESIAN_POINT('',(1.430070072765,0.125546788363,0.824002440336
    ));
#5902 = CARTESIAN_POINT('',(1.429079804696,0.125546788363,0.823863267235
    ));
#5903 = CARTESIAN_POINT('',(1.430334885355,0.126997250656,0.822118200849
    ));
#5904 = CARTESIAN_POINT('',(1.429344617286,0.126997250656,0.821979027748
    ));
#5905 = ADVANCED_FACE('',(#5906),#5924,.F.);
#5906 = FACE_BOUND('',#5907,.F.);
#5907 = EDGE_LOOP('',(#5908,#5909,#5918,#5923));
#5908 = ORIENTED_EDGE('',*,*,#5891,.F.);
#5909 = ORIENTED_EDGE('',*,*,#5910,.T.);
#5910 = EDGE_CURVE('',#5883,#5911,#5913,.T.);
#5911 = VERTEX_POINT('',#5912);
#5912 = CARTESIAN_POINT('',(1.431138005506,0.136401861009,0.816403704046
    ));
#5913 = B_SPLINE_CURVE_WITH_KNOTS('',3,(#5914,#5915,#5916,#5917),
  .UNSPECIFIED.,.F.,.F.,(4,4),(4.,5.),.PIECEWISE_BEZIER_KNOTS.);
#5914 = CARTESIAN_POINT('',(1.430334885355,0.126997250656,0.822118200849
    ));
#5915 = CARTESIAN_POINT('',(1.430599697945,0.12843211658,0.820233961363)
  );
#5916 = CARTESIAN_POINT('',(1.430868851726,0.131582583067,0.818318832704
    ));
#5917 = CARTESIAN_POINT('',(1.431138005506,0.136401861009,0.816403704046
    ));
#5918 = ORIENTED_EDGE('',*,*,#5919,.T.);
#5919 = EDGE_CURVE('',#5911,#475,#5920,.T.);
#5920 = B_SPLINE_CURVE_WITH_KNOTS('',1,(#5921,#5922),.UNSPECIFIED.,.F.,
  .F.,(2,2),(-0.,1.E-03),.PIECEWISE_BEZIER_KNOTS.);
#5921 = CARTESIAN_POINT('',(1.431138005506,0.136401861009,0.816403704046
    ));
#5922 = CARTESIAN_POINT('',(1.430147737437,0.136401861009,0.816264530945
    ));
#5923 = ORIENTED_EDGE('',*,*,#483,.F.);
#5924 = B_SPLINE_SURFACE_WITH_KNOTS('',3,1,(
    (#5925,#5926)
    ,(#5927,#5928)
    ,(#5929,#5930)
    ,(#5931,#5932
    )),.UNSPECIFIED.,.F.,.F.,.F.,(4,4),(2,2),(4.,5.),(0.,1.),
  .PIECEWISE_BEZIER_KNOTS.);
#5925 = CARTESIAN_POINT('',(1.430334885355,0.126997250656,0.822118200849
    ));
#5926 = CARTESIAN_POINT('',(1.429344617286,0.126997250656,0.821979027748
    ));
#5927 = CARTESIAN_POINT('',(1.430599697945,0.12843211658,0.820233961363)
  );
#5928 = CARTESIAN_POINT('',(1.429609429877,0.12843211658,0.820094788262)
  );
#5929 = CARTESIAN_POINT('',(1.430868851726,0.131582583067,0.818318832704
    ));
#5930 = CARTESIAN_POINT('',(1.429878583657,0.131582583067,0.818179659603
    ));
#5931 = CARTESIAN_POINT('',(1.431138005506,0.136401861009,0.816403704046
    ));
#5932 = CARTESIAN_POINT('',(1.430147737437,0.136401861009,0.816264530945
    ));
#5933 = ADVANCED_FACE('',(#5934),#5952,.F.);
#5934 = FACE_BOUND('',#5935,.F.);
#5935 = EDGE_LOOP('',(#5936,#5937,#5946,#5951));
#5936 = ORIENTED_EDGE('',*,*,#5919,.F.);
#5937 = ORIENTED_EDGE('',*,*,#5938,.T.);
#5938 = EDGE_CURVE('',#5911,#5939,#5941,.T.);
#5939 = VERTEX_POINT('',#5940);
#5940 = CARTESIAN_POINT('',(1.431680654256,0.144402798175,0.812542557556
    ));
#5941 = B_SPLINE_CURVE_WITH_KNOTS('',3,(#5942,#5943,#5944,#5945),
  .UNSPECIFIED.,.F.,.F.,(4,4),(3.,4.),.PIECEWISE_BEZIER_KNOTS.);
#5942 = CARTESIAN_POINT('',(1.431138005506,0.136401861009,0.816403704046
    ));
#5943 = CARTESIAN_POINT('',(1.431346382626,0.140425724145,0.814921023794
    ));
#5944 = CARTESIAN_POINT('',(1.431528712606,0.1430927032,0.813623678573)
  );
#5945 = CARTESIAN_POINT('',(1.431680654256,0.144402798175,0.812542557556
    ));
#5946 = ORIENTED_EDGE('',*,*,#5947,.T.);
#5947 = EDGE_CURVE('',#5939,#466,#5948,.T.);
#5948 = B_SPLINE_CURVE_WITH_KNOTS('',1,(#5949,#5950),.UNSPECIFIED.,.F.,
  .F.,(2,2),(-0.,1.E-03),.PIECEWISE_BEZIER_KNOTS.);
#5949 = CARTESIAN_POINT('',(1.431680654256,0.144402798175,0.812542557556
    ));
#5950 = CARTESIAN_POINT('',(1.430690386188,0.144402798175,0.812403384455
    ));
#5951 = ORIENTED_EDGE('',*,*,#474,.F.);
#5952 = B_SPLINE_SURFACE_WITH_KNOTS('',3,1,(
    (#5953,#5954)
    ,(#5955,#5956)
    ,(#5957,#5958)
    ,(#5959,#5960
    )),.UNSPECIFIED.,.F.,.F.,.F.,(4,4),(2,2),(3.,4.),(0.,1.),
  .PIECEWISE_BEZIER_KNOTS.);
#5953 = CARTESIAN_POINT('',(1.431138005506,0.136401861009,0.816403704046
    ));
#5954 = CARTESIAN_POINT('',(1.430147737437,0.136401861009,0.816264530945
    ));
#5955 = CARTESIAN_POINT('',(1.431346382626,0.140425724145,0.814921023794
    ));
#5956 = CARTESIAN_POINT('',(1.430356114557,0.140425724145,0.814781850693
    ));
#5957 = CARTESIAN_POINT('',(1.431528712606,0.1430927032,0.813623678573)
  );
#5958 = CARTESIAN_POINT('',(1.430538444538,0.1430927032,0.813484505472)
  );
#5959 = CARTESIAN_POINT('',(1.431680654256,0.144402798175,0.812542557556
    ));
#5960 = CARTESIAN_POINT('',(1.430690386188,0.144402798175,0.812403384455
    ));
#5961 = ADVANCED_FACE('',(#5962),#5980,.F.);
#5962 = FACE_BOUND('',#5963,.F.);
#5963 = EDGE_LOOP('',(#5964,#5965,#5974,#5979));
#5964 = ORIENTED_EDGE('',*,*,#5947,.F.);
#5965 = ORIENTED_EDGE('',*,*,#5966,.T.);
#5966 = EDGE_CURVE('',#5939,#5967,#5969,.T.);
#5967 = VERTEX_POINT('',#5968);
#5968 = CARTESIAN_POINT('',(1.432258032527,0.146367940637,0.808434297692
    ));
#5969 = B_SPLINE_CURVE_WITH_KNOTS('',3,(#5970,#5971,#5972,#5973),
  .UNSPECIFIED.,.F.,.F.,(4,4),(2.,3.),.PIECEWISE_BEZIER_KNOTS.);
#5970 = CARTESIAN_POINT('',(1.431680654256,0.144402798175,0.812542557556
    ));
#5971 = CARTESIAN_POINT('',(1.431832595907,0.14571289315,0.811461436539)
  );
#5972 = CARTESIAN_POINT('',(1.432023608267,0.146367940637,0.810102312976
    ));
#5973 = CARTESIAN_POINT('',(1.432258032527,0.146367940637,0.808434297692
    ));
#5974 = ORIENTED_EDGE('',*,*,#5975,.T.);
#5975 = EDGE_CURVE('',#5967,#457,#5976,.T.);
#5976 = B_SPLINE_CURVE_WITH_KNOTS('',1,(#5977,#5978),.UNSPECIFIED.,.F.,
  .F.,(2,2),(-0.,1.E-03),.PIECEWISE_BEZIER_KNOTS.);
#5977 = CARTESIAN_POINT('',(1.432258032527,0.146367940637,0.808434297692
    ));
#5978 = CARTESIAN_POINT('',(1.431267764458,0.146367940637,0.808295124591
    ));
#5979 = ORIENTED_EDGE('',*,*,#465,.F.);
#5980 = B_SPLINE_SURFACE_WITH_KNOTS('',3,1,(
    (#5981,#5982)
    ,(#5983,#5984)
    ,(#5985,#5986)
    ,(#5987,#5988
    )),.UNSPECIFIED.,.F.,.F.,.F.,(4,4),(2,2),(2.,3.),(0.,1.),
  .PIECEWISE_BEZIER_KNOTS.);
#5981 = CARTESIAN_POINT('',(1.431680654256,0.144402798175,0.812542557556
    ));
#5982 = CARTESIAN_POINT('',(1.430690386188,0.144402798175,0.812403384455
    ));
#5983 = CARTESIAN_POINT('',(1.431832595907,0.14571289315,0.811461436539)
  );
#5984 = CARTESIAN_POINT('',(1.430842327838,0.14571289315,0.811322263438)
  );
#5985 = CARTESIAN_POINT('',(1.432023608267,0.146367940637,0.810102312976
    ));
#5986 = CARTESIAN_POINT('',(1.431033340198,0.146367940637,0.809963139875
    ));
#5987 = CARTESIAN_POINT('',(1.432258032527,0.146367940637,0.808434297692
    ));
#5988 = CARTESIAN_POINT('',(1.431267764458,0.146367940637,0.808295124591
    ));
#5989 = ADVANCED_FACE('',(#5990),#6002,.F.);
#5990 = FACE_BOUND('',#5991,.F.);
#5991 = EDGE_LOOP('',(#5992,#5993,#6000,#6001));
#5992 = ORIENTED_EDGE('',*,*,#5975,.F.);
#5993 = ORIENTED_EDGE('',*,*,#5994,.T.);
#5994 = EDGE_CURVE('',#5967,#5440,#5995,.T.);
#5995 = B_SPLINE_CURVE_WITH_KNOTS('',3,(#5996,#5997,#5998,#5999),
  .UNSPECIFIED.,.F.,.F.,(4,4),(1.,2.),.PIECEWISE_BEZIER_KNOTS.);
#5996 = CARTESIAN_POINT('',(1.432258032527,0.146367940637,0.808434297692
    ));
#5997 = CARTESIAN_POINT('',(1.432805022467,0.146367940637,0.804542262031
    ));
#5998 = CARTESIAN_POINT('',(1.433078517438,0.143357841469,0.802596244201
    ));
#5999 = CARTESIAN_POINT('',(1.433078517438,0.137353239502,0.802596244201
    ));
#6000 = ORIENTED_EDGE('',*,*,#5439,.T.);
#6001 = ORIENTED_EDGE('',*,*,#456,.F.);
#6002 = B_SPLINE_SURFACE_WITH_KNOTS('',3,1,(
    (#6003,#6004)
    ,(#6005,#6006)
    ,(#6007,#6008)
    ,(#6009,#6010
    )),.UNSPECIFIED.,.F.,.F.,.F.,(4,4),(2,2),(1.,2.),(0.,1.),
  .PIECEWISE_BEZIER_KNOTS.);
#6003 = CARTESIAN_POINT('',(1.432258032527,0.146367940637,0.808434297692
    ));
#6004 = CARTESIAN_POINT('',(1.431267764458,0.146367940637,0.808295124591
    ));
#6005 = CARTESIAN_POINT('',(1.432805022467,0.146367940637,0.804542262031
    ));
#6006 = CARTESIAN_POINT('',(1.431814754399,0.146367940637,0.80440308893)
  );
#6007 = CARTESIAN_POINT('',(1.433078517438,0.143357841469,0.802596244201
    ));
#6008 = CARTESIAN_POINT('',(1.432088249369,0.143357841469,0.8024570711)
  );
#6009 = CARTESIAN_POINT('',(1.433078517438,0.137353239502,0.802596244201
    ));
#6010 = CARTESIAN_POINT('',(1.432088249369,0.137353239502,0.8024570711)
  );
#6011 = ADVANCED_FACE('',(#6012),#6035,.F.);
#6012 = FACE_BOUND('',#6013,.T.);
#6013 = EDGE_LOOP('',(#6014,#6015,#6016,#6017,#6018,#6019,#6020,#6021,
    #6022,#6023,#6024,#6025,#6026,#6027,#6028,#6029,#6030,#6031,#6032,
    #6033,#6034));
#6014 = ORIENTED_EDGE('',*,*,#5446,.T.);
#6015 = ORIENTED_EDGE('',*,*,#5481,.T.);
#6016 = ORIENTED_EDGE('',*,*,#5496,.T.);
#6017 = ORIENTED_EDGE('',*,*,#5524,.T.);
#6018 = ORIENTED_EDGE('',*,*,#5552,.T.);
#6019 = ORIENTED_EDGE('',*,*,#5580,.T.);
#6020 = ORIENTED_EDGE('',*,*,#5608,.T.);
#6021 = ORIENTED_EDGE('',*,*,#5636,.T.);
#6022 = ORIENTED_EDGE('',*,*,#5664,.T.);
#6023 = ORIENTED_EDGE('',*,*,#5692,.T.);
#6024 = ORIENTED_EDGE('',*,*,#5720,.T.);
#6025 = ORIENTED_EDGE('',*,*,#5748,.T.);
#6026 = ORIENTED_EDGE('',*,*,#5783,.T.);
#6027 = ORIENTED_EDGE('',*,*,#5798,.T.);
#6028 = ORIENTED_EDGE('',*,*,#5826,.T.);
#6029 = ORIENTED_EDGE('',*,*,#5854,.T.);
#6030 = ORIENTED_EDGE('',*,*,#5882,.T.);
#6031 = ORIENTED_EDGE('',*,*,#5910,.T.);
#6032 = ORIENTED_EDGE('',*,*,#5938,.T.);
#6033 = ORIENTED_EDGE('',*,*,#5966,.T.);
#6034 = ORIENTED_EDGE('',*,*,#5994,.T.);
#6035 = B_SPLINE_SURFACE_WITH_KNOTS('',1,1,(
    (#6036,#6037)
    ,(#6038,#6039
    )),.UNSPECIFIED.,.F.,.F.,.F.,(2,2),(2,2),(-7.29130238813E-03,
    3.831247982155E-02),(-6.063088349476E-03,2.336725947181E-02),
  .PIECEWISE_BEZIER_KNOTS.);
#6036 = CARTESIAN_POINT('',(1.433946755438,0.124782566294,0.796418409818
    ));
#6037 = CARTESIAN_POINT('',(1.433946755438,0.154212914115,0.796418409818
    ));
#6038 = CARTESIAN_POINT('',(1.427599935653,0.124782566294,0.841578379154
    ));
#6039 = CARTESIAN_POINT('',(1.427599935653,0.154212914115,0.841578379154
    ));
#6040 = ADVANCED_FACE('',(#6041),#6063,.F.);
#6041 = FACE_BOUND('',#6042,.T.);
#6042 = EDGE_LOOP('',(#6043,#6044,#6051,#6058));
#6043 = ORIENTED_EDGE('',*,*,#330,.T.);
#6044 = ORIENTED_EDGE('',*,*,#6045,.F.);
#6045 = EDGE_CURVE('',#6046,#322,#6048,.T.);
#6046 = VERTEX_POINT('',#6047);
#6047 = CARTESIAN_POINT('',(1.427738853733,0.192096493797,0.840589925653
    ));
#6048 = B_SPLINE_CURVE_WITH_KNOTS('',1,(#6049,#6050),.UNSPECIFIED.,.F.,
  .F.,(2,2),(-0.,9.999999999999E-04),.PIECEWISE_BEZIER_KNOTS.);
#6049 = CARTESIAN_POINT('',(1.427738853733,0.192096493797,0.840589925653
    ));
#6050 = CARTESIAN_POINT('',(1.426748585664,0.192096493797,0.840450752552
    ));
#6051 = ORIENTED_EDGE('',*,*,#6052,.F.);
#6052 = EDGE_CURVE('',#6053,#6046,#6055,.T.);
#6053 = VERTEX_POINT('',#6054);
#6054 = CARTESIAN_POINT('',(1.427738853733,0.200019449119,0.840589925653
    ));
#6055 = B_SPLINE_CURVE_WITH_KNOTS('',1,(#6056,#6057),.UNSPECIFIED.,.F.,
  .F.,(2,2),(-7.922955322041E-03,-0.),.PIECEWISE_BEZIER_KNOTS.);
#6056 = CARTESIAN_POINT('',(1.427738853733,0.200019449119,0.840589925653
    ));
#6057 = CARTESIAN_POINT('',(1.427738853733,0.192096493797,0.840589925653
    ));
#6058 = ORIENTED_EDGE('',*,*,#6059,.T.);
#6059 = EDGE_CURVE('',#6053,#331,#6060,.T.);
#6060 = B_SPLINE_CURVE_WITH_KNOTS('',1,(#6061,#6062),.UNSPECIFIED.,.F.,
  .F.,(2,2),(-0.,9.999999999999E-04),.PIECEWISE_BEZIER_KNOTS.);
#6061 = CARTESIAN_POINT('',(1.427738853733,0.200019449119,0.840589925653
    ));
#6062 = CARTESIAN_POINT('',(1.426748585664,0.200019449119,0.840450752552
    ));
#6063 = B_SPLINE_SURFACE_WITH_KNOTS('',1,1,(
    (#6064,#6065)
    ,(#6066,#6067
    )),.UNSPECIFIED.,.F.,.F.,.F.,(2,2),(2,2),(0.,9.999999999999E-04),(0.
    ,7.922955322041E-03),.PIECEWISE_BEZIER_KNOTS.);
#6064 = CARTESIAN_POINT('',(1.427738853733,0.192096493797,0.840589925653
    ));
#6065 = CARTESIAN_POINT('',(1.427738853733,0.200019449119,0.840589925653
    ));
#6066 = CARTESIAN_POINT('',(1.426748585664,0.192096493797,0.840450752552
    ));
#6067 = CARTESIAN_POINT('',(1.426748585664,0.200019449119,0.840450752552
    ));
#6068 = ADVANCED_FACE('',(#6069),#6085,.F.);
#6069 = FACE_BOUND('',#6070,.T.);
#6070 = EDGE_LOOP('',(#6071,#6072,#6079,#6084));
#6071 = ORIENTED_EDGE('',*,*,#321,.T.);
#6072 = ORIENTED_EDGE('',*,*,#6073,.F.);
#6073 = EDGE_CURVE('',#6074,#324,#6076,.T.);
#6074 = VERTEX_POINT('',#6075);
#6075 = CARTESIAN_POINT('',(1.432305785617,0.180196464444,0.808094516801
    ));
#6076 = B_SPLINE_CURVE_WITH_KNOTS('',1,(#6077,#6078),.UNSPECIFIED.,.F.,
  .F.,(2,2),(-0.,1.E-03),.PIECEWISE_BEZIER_KNOTS.);
#6077 = CARTESIAN_POINT('',(1.432305785617,0.180196464444,0.808094516801
    ));
#6078 = CARTESIAN_POINT('',(1.431315517548,0.180196464444,0.8079553437)
  );
#6079 = ORIENTED_EDGE('',*,*,#6080,.F.);
#6080 = EDGE_CURVE('',#6046,#6074,#6081,.T.);
#6081 = B_SPLINE_CURVE_WITH_KNOTS('',1,(#6082,#6083),.UNSPECIFIED.,.F.,
  .F.,(2,2),(-3.490586142583E-02,0.),.PIECEWISE_BEZIER_KNOTS.);
#6082 = CARTESIAN_POINT('',(1.427738853733,0.192096493797,0.840589925653
    ));
#6083 = CARTESIAN_POINT('',(1.432305785617,0.180196464444,0.808094516801
    ));
#6084 = ORIENTED_EDGE('',*,*,#6045,.T.);
#6085 = B_SPLINE_SURFACE_WITH_KNOTS('',1,1,(
    (#6086,#6087)
    ,(#6088,#6089
    )),.UNSPECIFIED.,.F.,.F.,.F.,(2,2),(2,2),(-1.309831897109E-04,
    3.460513309577E-02),(-5.563465658519E-03,0.),
  .PIECEWISE_BEZIER_KNOTS.);
#6086 = CARTESIAN_POINT('',(1.426748585664,0.18040062844,0.807882025679)
  );
#6087 = CARTESIAN_POINT('',(1.432305785617,0.180152194661,0.807971241571
    ));
#6088 = CARTESIAN_POINT('',(1.426748585664,0.19214076358,0.840574027782)
  );
#6089 = CARTESIAN_POINT('',(1.432305785617,0.191892329801,0.840663243674
    ));
#6090 = ADVANCED_FACE('',(#6091),#6109,.F.);
#6091 = FACE_BOUND('',#6092,.F.);
#6092 = EDGE_LOOP('',(#6093,#6094,#6103,#6108));
#6093 = ORIENTED_EDGE('',*,*,#6073,.F.);
#6094 = ORIENTED_EDGE('',*,*,#6095,.T.);
#6095 = EDGE_CURVE('',#6074,#6096,#6098,.T.);
#6096 = VERTEX_POINT('',#6097);
#6097 = CARTESIAN_POINT('',(1.432796340087,0.179260682319,0.804604040375
    ));
#6098 = B_SPLINE_CURVE_WITH_KNOTS('',3,(#6099,#6100,#6101,#6102),
  .UNSPECIFIED.,.F.,.F.,(4,4),(12.,13.),.PIECEWISE_BEZIER_KNOTS.);
#6099 = CARTESIAN_POINT('',(1.432305785617,0.180196464444,0.808094516801
    ));
#6100 = CARTESIAN_POINT('',(1.432518503927,0.179728573382,0.806580947377
    ));
#6101 = CARTESIAN_POINT('',(1.432683469147,0.179416646007,0.805407158845
    ));
#6102 = CARTESIAN_POINT('',(1.432796340087,0.179260682319,0.804604040375
    ));
#6103 = ORIENTED_EDGE('',*,*,#6104,.T.);
#6104 = EDGE_CURVE('',#6096,#423,#6105,.T.);
#6105 = B_SPLINE_CURVE_WITH_KNOTS('',1,(#6106,#6107),.UNSPECIFIED.,.F.,
  .F.,(2,2),(-0.,1.E-03),.PIECEWISE_BEZIER_KNOTS.);
#6106 = CARTESIAN_POINT('',(1.432796340087,0.179260682319,0.804604040375
    ));
#6107 = CARTESIAN_POINT('',(1.431806072019,0.179260682319,0.804464867274
    ));
#6108 = ORIENTED_EDGE('',*,*,#429,.F.);
#6109 = B_SPLINE_SURFACE_WITH_KNOTS('',3,1,(
    (#6110,#6111)
    ,(#6112,#6113)
    ,(#6114,#6115)
    ,(#6116,#6117
    )),.UNSPECIFIED.,.F.,.F.,.F.,(4,4),(2,2),(12.,13.),(0.,1.),
  .PIECEWISE_BEZIER_KNOTS.);
#6110 = CARTESIAN_POINT('',(1.432305785617,0.180196464444,0.808094516801
    ));
#6111 = CARTESIAN_POINT('',(1.431315517548,0.180196464444,0.8079553437)
  );
#6112 = CARTESIAN_POINT('',(1.432518503927,0.179728573382,0.806580947377
    ));
#6113 = CARTESIAN_POINT('',(1.431528235858,0.179728573382,0.806441774276
    ));
#6114 = CARTESIAN_POINT('',(1.432683469147,0.179416646007,0.805407158845
    ));
#6115 = CARTESIAN_POINT('',(1.431693201079,0.179416646007,0.805267985744
    ));
#6116 = CARTESIAN_POINT('',(1.432796340087,0.179260682319,0.804604040375
    ));
#6117 = CARTESIAN_POINT('',(1.431806072019,0.179260682319,0.804464867274
    ));
#6118 = ADVANCED_FACE('',(#6119),#6135,.F.);
#6119 = FACE_BOUND('',#6120,.T.);
#6120 = EDGE_LOOP('',(#6121,#6122,#6129,#6134));
#6121 = ORIENTED_EDGE('',*,*,#422,.T.);
#6122 = ORIENTED_EDGE('',*,*,#6123,.F.);
#6123 = EDGE_CURVE('',#6124,#416,#6126,.T.);
#6124 = VERTEX_POINT('',#6125);
#6125 = CARTESIAN_POINT('',(1.432796340087,0.179057929526,0.804604040375
    ));
#6126 = B_SPLINE_CURVE_WITH_KNOTS('',1,(#6127,#6128),.UNSPECIFIED.,.F.,
  .F.,(2,2),(-0.,1.E-03),.PIECEWISE_BEZIER_KNOTS.);
#6127 = CARTESIAN_POINT('',(1.432796340087,0.179057929526,0.804604040375
    ));
#6128 = CARTESIAN_POINT('',(1.431806072019,0.179057929526,0.804464867274
    ));
#6129 = ORIENTED_EDGE('',*,*,#6130,.F.);
#6130 = EDGE_CURVE('',#6096,#6124,#6131,.T.);
#6131 = B_SPLINE_CURVE_WITH_KNOTS('',1,(#6132,#6133),.UNSPECIFIED.,.F.,
  .F.,(2,2),(-2.027527934504E-04,-0.),.PIECEWISE_BEZIER_KNOTS.);
#6132 = CARTESIAN_POINT('',(1.432796340087,0.179260682319,0.804604040375
    ));
#6133 = CARTESIAN_POINT('',(1.432796340087,0.179057929526,0.804604040375
    ));
#6134 = ORIENTED_EDGE('',*,*,#6104,.T.);
#6135 = B_SPLINE_SURFACE_WITH_KNOTS('',1,1,(
    (#6136,#6137)
    ,(#6138,#6139
    )),.UNSPECIFIED.,.F.,.F.,.F.,(2,2),(2,2),(0.,1.E-03),(0.,
    2.027527934504E-04),.PIECEWISE_BEZIER_KNOTS.);
#6136 = CARTESIAN_POINT('',(1.432796340087,0.179057929526,0.804604040375
    ));
#6137 = CARTESIAN_POINT('',(1.432796340087,0.179260682319,0.804604040375
    ));
#6138 = CARTESIAN_POINT('',(1.431806072019,0.179057929526,0.804464867274
    ));
#6139 = CARTESIAN_POINT('',(1.431806072019,0.179260682319,0.804464867274
    ));
#6140 = ADVANCED_FACE('',(#6141),#6157,.F.);
#6141 = FACE_BOUND('',#6142,.T.);
#6142 = EDGE_LOOP('',(#6143,#6144,#6151,#6156));
#6143 = ORIENTED_EDGE('',*,*,#415,.T.);
#6144 = ORIENTED_EDGE('',*,*,#6145,.F.);
#6145 = EDGE_CURVE('',#6146,#409,#6148,.T.);
#6146 = VERTEX_POINT('',#6147);
#6147 = CARTESIAN_POINT('',(1.432297103237,0.178122147401,0.808156295145
    ));
#6148 = B_SPLINE_CURVE_WITH_KNOTS('',1,(#6149,#6150),.UNSPECIFIED.,.F.,
  .F.,(2,2),(-0.,1.E-03),.PIECEWISE_BEZIER_KNOTS.);
#6149 = CARTESIAN_POINT('',(1.432297103237,0.178122147401,0.808156295145
    ));
#6150 = CARTESIAN_POINT('',(1.431306835168,0.178122147401,0.808017122044
    ));
#6151 = ORIENTED_EDGE('',*,*,#6152,.F.);
#6152 = EDGE_CURVE('',#6124,#6146,#6153,.T.);
#6153 = B_SPLINE_CURVE_WITH_KNOTS('',1,(#6154,#6155),.UNSPECIFIED.,.F.,
  .F.,(2,2),(-3.707214529685E-03,0.),.PIECEWISE_BEZIER_KNOTS.);
#6154 = CARTESIAN_POINT('',(1.432796340087,0.179057929526,0.804604040375
    ));
#6155 = CARTESIAN_POINT('',(1.432297103237,0.178122147401,0.808156295145
    ));
#6156 = ORIENTED_EDGE('',*,*,#6123,.T.);
#6157 = B_SPLINE_SURFACE_WITH_KNOTS('',1,1,(
    (#6158,#6159)
    ,(#6160,#6161
    )),.UNSPECIFIED.,.F.,.F.,.F.,(2,2),(2,2),(0.,3.808153092824E-03),(
    -9.908796999735E-04,4.995452001402E-04),.PIECEWISE_BEZIER_KNOTS.);
#6158 = CARTESIAN_POINT('',(1.431306835168,0.178088443899,0.808147588492
    ));
#6159 = CARTESIAN_POINT('',(1.432796340087,0.17813913879,0.808160684544)
  );
#6160 = CARTESIAN_POINT('',(1.431306835168,0.179040938137,0.804460477875
    ));
#6161 = CARTESIAN_POINT('',(1.432796340087,0.179091633028,0.804473573927
    ));
#6162 = ADVANCED_FACE('',(#6163),#6179,.F.);
#6163 = FACE_BOUND('',#6164,.T.);
#6164 = EDGE_LOOP('',(#6165,#6166,#6173,#6178));
#6165 = ORIENTED_EDGE('',*,*,#408,.T.);
#6166 = ORIENTED_EDGE('',*,*,#6167,.F.);
#6167 = EDGE_CURVE('',#6168,#402,#6170,.T.);
#6168 = VERTEX_POINT('',#6169);
#6169 = CARTESIAN_POINT('',(1.427738853733,0.166736798218,0.840589925653
    ));
#6170 = B_SPLINE_CURVE_WITH_KNOTS('',1,(#6171,#6172),.UNSPECIFIED.,.F.,
  .F.,(2,2),(-0.,9.999999999999E-04),.PIECEWISE_BEZIER_KNOTS.);
#6171 = CARTESIAN_POINT('',(1.427738853733,0.166736798218,0.840589925653
    ));
#6172 = CARTESIAN_POINT('',(1.426748585664,0.166736798218,0.840450752552
    ));
#6173 = ORIENTED_EDGE('',*,*,#6174,.F.);
#6174 = EDGE_CURVE('',#6146,#6168,#6175,.T.);
#6175 = B_SPLINE_CURVE_WITH_KNOTS('',1,(#6176,#6177),.UNSPECIFIED.,.F.,
  .F.,(2,2),(-3.467483529186E-02,0.),.PIECEWISE_BEZIER_KNOTS.);
#6176 = CARTESIAN_POINT('',(1.432297103237,0.178122147401,0.808156295145
    ));
#6177 = CARTESIAN_POINT('',(1.427738853733,0.166736798218,0.840589925653
    ));
#6178 = ORIENTED_EDGE('',*,*,#6145,.T.);
#6179 = B_SPLINE_SURFACE_WITH_KNOTS('',1,1,(
    (#6180,#6181)
    ,(#6182,#6183
    )),.UNSPECIFIED.,.F.,.F.,.F.,(2,2),(2,2),(0.,3.450488474703E-02),(
    -9.9130363552E-04,4.563016265605E-03),.PIECEWISE_BEZIER_KNOTS.);
#6180 = CARTESIAN_POINT('',(1.426748585664,0.166693965438,0.840575181067
    ));
#6181 = CARTESIAN_POINT('',(1.432297103237,0.166933959473,0.840657795663
    ));
#6182 = CARTESIAN_POINT('',(1.426748585664,0.177924986146,0.807949252033
    ));
#6183 = CARTESIAN_POINT('',(1.432297103237,0.178164980181,0.80803186663)
  );
#6184 = ADVANCED_FACE('',(#6185),#6201,.F.);
#6185 = FACE_BOUND('',#6186,.T.);
#6186 = EDGE_LOOP('',(#6187,#6188,#6195,#6200));
#6187 = ORIENTED_EDGE('',*,*,#401,.T.);
#6188 = ORIENTED_EDGE('',*,*,#6189,.F.);
#6189 = EDGE_CURVE('',#6190,#395,#6192,.T.);
#6190 = VERTEX_POINT('',#6191);
#6191 = CARTESIAN_POINT('',(1.427738853733,0.158189988145,0.840589925653
    ));
#6192 = B_SPLINE_CURVE_WITH_KNOTS('',1,(#6193,#6194),.UNSPECIFIED.,.F.,
  .F.,(2,2),(-0.,9.999999999999E-04),.PIECEWISE_BEZIER_KNOTS.);
#6193 = CARTESIAN_POINT('',(1.427738853733,0.158189988145,0.840589925653
    ));
#6194 = CARTESIAN_POINT('',(1.426748585664,0.158189988145,0.840450752552
    ));
#6195 = ORIENTED_EDGE('',*,*,#6196,.F.);
#6196 = EDGE_CURVE('',#6168,#6190,#6197,.T.);
#6197 = B_SPLINE_CURVE_WITH_KNOTS('',1,(#6198,#6199),.UNSPECIFIED.,.F.,
  .F.,(2,2),(-8.546810072159E-03,-0.),.PIECEWISE_BEZIER_KNOTS.);
#6198 = CARTESIAN_POINT('',(1.427738853733,0.166736798218,0.840589925653
    ));
#6199 = CARTESIAN_POINT('',(1.427738853733,0.158189988145,0.840589925653
    ));
#6200 = ORIENTED_EDGE('',*,*,#6167,.T.);
#6201 = B_SPLINE_SURFACE_WITH_KNOTS('',1,1,(
    (#6202,#6203)
    ,(#6204,#6205
    )),.UNSPECIFIED.,.F.,.F.,.F.,(2,2),(2,2),(0.,9.999999999999E-04),(0.
    ,8.546810072159E-03),.PIECEWISE_BEZIER_KNOTS.);
#6202 = CARTESIAN_POINT('',(1.427738853733,0.158189988145,0.840589925653
    ));
#6203 = CARTESIAN_POINT('',(1.427738853733,0.166736798218,0.840589925653
    ));
#6204 = CARTESIAN_POINT('',(1.426748585664,0.158189988145,0.840450752552
    ));
#6205 = CARTESIAN_POINT('',(1.426748585664,0.166736798218,0.840450752552
    ));
#6206 = ADVANCED_FACE('',(#6207),#6223,.F.);
#6207 = FACE_BOUND('',#6208,.T.);
#6208 = EDGE_LOOP('',(#6209,#6210,#6217,#6222));
#6209 = ORIENTED_EDGE('',*,*,#394,.T.);
#6210 = ORIENTED_EDGE('',*,*,#6211,.F.);
#6211 = EDGE_CURVE('',#6212,#388,#6214,.T.);
#6212 = VERTEX_POINT('',#6213);
#6213 = CARTESIAN_POINT('',(1.433790472598,0.17528360829,0.797530420007)
  );
#6214 = B_SPLINE_CURVE_WITH_KNOTS('',1,(#6215,#6216),.UNSPECIFIED.,.F.,
  .F.,(2,2),(-0.,1.E-03),.PIECEWISE_BEZIER_KNOTS.);
#6215 = CARTESIAN_POINT('',(1.433790472598,0.17528360829,0.797530420007)
  );
#6216 = CARTESIAN_POINT('',(1.43280020453,0.17528360829,0.797391246906)
  );
#6217 = ORIENTED_EDGE('',*,*,#6218,.F.);
#6218 = EDGE_CURVE('',#6190,#6212,#6219,.T.);
#6219 = B_SPLINE_CURVE_WITH_KNOTS('',1,(#6220,#6221),.UNSPECIFIED.,.F.,
  .F.,(2,2),(-4.672188959154E-02,0.),.PIECEWISE_BEZIER_KNOTS.);
#6220 = CARTESIAN_POINT('',(1.427738853733,0.158189988145,0.840589925653
    ));
#6221 = CARTESIAN_POINT('',(1.433790472598,0.17528360829,0.797530420007)
  );
#6222 = ORIENTED_EDGE('',*,*,#6189,.T.);
#6223 = B_SPLINE_SURFACE_WITH_KNOTS('',1,1,(
    (#6224,#6225)
    ,(#6226,#6227
    )),.UNSPECIFIED.,.F.,.F.,.F.,(2,2),(2,2),(-1.296925052029E-04,
    4.632728874385E-02),(-7.051033170738E-03,0.),
  .PIECEWISE_BEZIER_KNOTS.);
#6224 = CARTESIAN_POINT('',(1.426748585664,0.174996091105,0.797279320034
    ));
#6225 = CARTESIAN_POINT('',(1.433790472598,0.175330656707,0.797409562271
    ));
#6226 = CARTESIAN_POINT('',(1.426748585664,0.158142939728,0.840571610288
    ));
#6227 = CARTESIAN_POINT('',(1.433790472598,0.15847750533,0.840701852525)
  );
#6228 = ADVANCED_FACE('',(#6229),#6245,.F.);
#6229 = FACE_BOUND('',#6230,.T.);
#6230 = EDGE_LOOP('',(#6231,#6232,#6239,#6244));
#6231 = ORIENTED_EDGE('',*,*,#387,.T.);
#6232 = ORIENTED_EDGE('',*,*,#6233,.F.);
#6233 = EDGE_CURVE('',#6234,#379,#6236,.T.);
#6234 = VERTEX_POINT('',#6235);
#6235 = CARTESIAN_POINT('',(1.434893134859,0.171930389009,0.789684570341
    ));
#6236 = B_SPLINE_CURVE_WITH_KNOTS('',1,(#6237,#6238),.UNSPECIFIED.,.F.,
  .F.,(2,2),(-0.,1.E-03),.PIECEWISE_BEZIER_KNOTS.);
#6237 = CARTESIAN_POINT('',(1.434893134859,0.171930389009,0.789684570341
    ));
#6238 = CARTESIAN_POINT('',(1.433902866791,0.171930389009,0.78954539724)
  );
#6239 = ORIENTED_EDGE('',*,*,#6240,.F.);
#6240 = EDGE_CURVE('',#6212,#6234,#6241,.T.);
#6241 = B_SPLINE_CURVE_WITH_KNOTS('',1,(#6242,#6243),.UNSPECIFIED.,.F.,
  .F.,(2,2),(-8.603330784243E-03,3.927673431038E-17),
  .PIECEWISE_BEZIER_KNOTS.);
#6242 = CARTESIAN_POINT('',(1.433790472598,0.17528360829,0.797530420007)
  );
#6243 = CARTESIAN_POINT('',(1.434893134859,0.171930389009,0.789684570341
    ));
#6244 = ORIENTED_EDGE('',*,*,#6211,.T.);
#6245 = B_SPLINE_SURFACE_WITH_KNOTS('',1,1,(
    (#6246,#6247)
    ,(#6248,#6249
    )),.UNSPECIFIED.,.F.,.F.,.F.,(2,2),(2,2),(-1.283558789636E-04,
    8.532165516961E-03),(-2.096016257429E-03,2.231062419832E-16),
  .PIECEWISE_BEZIER_KNOTS.);
#6246 = CARTESIAN_POINT('',(1.43280020453,0.171985634074,0.789522243508)
  );
#6247 = CARTESIAN_POINT('',(1.434893134859,0.171880775066,0.789566190916
    ));
#6248 = CARTESIAN_POINT('',(1.43280020453,0.175333222233,0.797509626331)
  );
#6249 = CARTESIAN_POINT('',(1.434893134859,0.175228363225,0.797553573739
    ));
#6250 = ADVANCED_FACE('',(#6251),#6269,.F.);
#6251 = FACE_BOUND('',#6252,.F.);
#6252 = EDGE_LOOP('',(#6253,#6254,#6263,#6268));
#6253 = ORIENTED_EDGE('',*,*,#6233,.F.);
#6254 = ORIENTED_EDGE('',*,*,#6255,.T.);
#6255 = EDGE_CURVE('',#6234,#6256,#6258,.T.);
#6256 = VERTEX_POINT('',#6257);
#6257 = CARTESIAN_POINT('',(1.43574834929,0.1641010119,0.783599403474));
#6258 = B_SPLINE_CURVE_WITH_KNOTS('',3,(#6259,#6260,#6261,#6262),
  .UNSPECIFIED.,.F.,.F.,(4,4),(5.,6.),.PIECEWISE_BEZIER_KNOTS.);
#6259 = CARTESIAN_POINT('',(1.434893134859,0.171930389009,0.789684570341
    ));
#6260 = CARTESIAN_POINT('',(1.43546617194,0.170199192079,0.785607199649)
  );
#6261 = CARTESIAN_POINT('',(1.43574834929,0.167594598499,0.783599403474)
  );
#6262 = CARTESIAN_POINT('',(1.43574834929,0.1641010119,0.783599403474));
#6263 = ORIENTED_EDGE('',*,*,#6264,.T.);
#6264 = EDGE_CURVE('',#6256,#370,#6265,.T.);
#6265 = B_SPLINE_CURVE_WITH_KNOTS('',1,(#6266,#6267),.UNSPECIFIED.,.F.,
  .F.,(2,2),(-0.,9.999999999999E-04),.PIECEWISE_BEZIER_KNOTS.);
#6266 = CARTESIAN_POINT('',(1.43574834929,0.1641010119,0.783599403474));
#6267 = CARTESIAN_POINT('',(1.434758081221,0.1641010119,0.783460230373)
  );
#6268 = ORIENTED_EDGE('',*,*,#378,.F.);
#6269 = B_SPLINE_SURFACE_WITH_KNOTS('',3,1,(
    (#6270,#6271)
    ,(#6272,#6273)
    ,(#6274,#6275)
    ,(#6276,#6277
    )),.UNSPECIFIED.,.F.,.F.,.F.,(4,4),(2,2),(5.,6.),(0.,1.),
  .PIECEWISE_BEZIER_KNOTS.);
#6270 = CARTESIAN_POINT('',(1.434893134859,0.171930389009,0.789684570341
    ));
#6271 = CARTESIAN_POINT('',(1.433902866791,0.171930389009,0.78954539724)
  );
#6272 = CARTESIAN_POINT('',(1.43546617194,0.170199192079,0.785607199649)
  );
#6273 = CARTESIAN_POINT('',(1.434475903871,0.170199192079,0.785468026548
    ));
#6274 = CARTESIAN_POINT('',(1.43574834929,0.167594598499,0.783599403474)
  );
#6275 = CARTESIAN_POINT('',(1.434758081221,0.167594598499,0.783460230373
    ));
#6276 = CARTESIAN_POINT('',(1.43574834929,0.1641010119,0.783599403474));
#6277 = CARTESIAN_POINT('',(1.434758081221,0.1641010119,0.783460230373)
  );
#6278 = ADVANCED_FACE('',(#6279),#6297,.F.);
#6279 = FACE_BOUND('',#6280,.F.);
#6280 = EDGE_LOOP('',(#6281,#6282,#6291,#6296));
#6281 = ORIENTED_EDGE('',*,*,#6264,.F.);
#6282 = ORIENTED_EDGE('',*,*,#6283,.T.);
#6283 = EDGE_CURVE('',#6256,#6284,#6286,.T.);
#6284 = VERTEX_POINT('',#6285);
#6285 = CARTESIAN_POINT('',(1.43562679597,0.159765221389,0.784464300288)
  );
#6286 = B_SPLINE_CURVE_WITH_KNOTS('',3,(#6287,#6288,#6289,#6290),
  .UNSPECIFIED.,.F.,.F.,(4,4),(4.,5.),.PIECEWISE_BEZIER_KNOTS.);
#6287 = CARTESIAN_POINT('',(1.43574834929,0.1641010119,0.783599403474));
#6288 = CARTESIAN_POINT('',(1.43574834929,0.162697338713,0.783599403474)
  );
#6289 = CARTESIAN_POINT('',(1.43570927858,0.161262472788,0.783877406022)
  );
#6290 = CARTESIAN_POINT('',(1.43562679597,0.159765221389,0.784464300288)
  );
#6291 = ORIENTED_EDGE('',*,*,#6292,.T.);
#6292 = EDGE_CURVE('',#6284,#363,#6293,.T.);
#6293 = B_SPLINE_CURVE_WITH_KNOTS('',1,(#6294,#6295),.UNSPECIFIED.,.F.,
  .F.,(2,2),(-0.,1.E-03),.PIECEWISE_BEZIER_KNOTS.);
#6294 = CARTESIAN_POINT('',(1.43562679597,0.159765221389,0.784464300288)
  );
#6295 = CARTESIAN_POINT('',(1.434636527901,0.159765221389,0.784325127187
    ));
#6296 = ORIENTED_EDGE('',*,*,#369,.F.);
#6297 = B_SPLINE_SURFACE_WITH_KNOTS('',3,1,(
    (#6298,#6299)
    ,(#6300,#6301)
    ,(#6302,#6303)
    ,(#6304,#6305
    )),.UNSPECIFIED.,.F.,.F.,.F.,(4,4),(2,2),(4.,5.),(0.,1.),
  .PIECEWISE_BEZIER_KNOTS.);
#6298 = CARTESIAN_POINT('',(1.43574834929,0.1641010119,0.783599403474));
#6299 = CARTESIAN_POINT('',(1.434758081221,0.1641010119,0.783460230373)
  );
#6300 = CARTESIAN_POINT('',(1.43574834929,0.162697338713,0.783599403474)
  );
#6301 = CARTESIAN_POINT('',(1.434758081221,0.162697338713,0.783460230373
    ));
#6302 = CARTESIAN_POINT('',(1.43570927858,0.161262472788,0.783877406022)
  );
#6303 = CARTESIAN_POINT('',(1.434719010511,0.161262472788,0.783738232921
    ));
#6304 = CARTESIAN_POINT('',(1.43562679597,0.159765221389,0.784464300288)
  );
#6305 = CARTESIAN_POINT('',(1.434636527901,0.159765221389,0.784325127187
    ));
#6306 = ADVANCED_FACE('',(#6307),#6323,.F.);
#6307 = FACE_BOUND('',#6308,.T.);
#6308 = EDGE_LOOP('',(#6309,#6310,#6317,#6322));
#6309 = ORIENTED_EDGE('',*,*,#362,.T.);
#6310 = ORIENTED_EDGE('',*,*,#6311,.F.);
#6311 = EDGE_CURVE('',#6312,#354,#6314,.T.);
#6312 = VERTEX_POINT('',#6313);
#6313 = CARTESIAN_POINT('',(1.436573175391,0.159765221389,0.777730460811
    ));
#6314 = B_SPLINE_CURVE_WITH_KNOTS('',1,(#6315,#6316),.UNSPECIFIED.,.F.,
  .F.,(2,2),(-0.,9.999999999999E-04),.PIECEWISE_BEZIER_KNOTS.);
#6315 = CARTESIAN_POINT('',(1.436573175391,0.159765221389,0.777730460811
    ));
#6316 = CARTESIAN_POINT('',(1.435582907322,0.159765221389,0.77759128771)
  );
#6317 = ORIENTED_EDGE('',*,*,#6318,.F.);
#6318 = EDGE_CURVE('',#6284,#6312,#6319,.T.);
#6319 = B_SPLINE_CURVE_WITH_KNOTS('',1,(#6320,#6321),.UNSPECIFIED.,.F.,
  .F.,(2,2),(-6.800016772865E-03,1.408444772657E-16),
  .PIECEWISE_BEZIER_KNOTS.);
#6320 = CARTESIAN_POINT('',(1.43562679597,0.159765221389,0.784464300288)
  );
#6321 = CARTESIAN_POINT('',(1.436573175391,0.159765221389,0.777730460811
    ));
#6322 = ORIENTED_EDGE('',*,*,#6292,.T.);
#6323 = B_SPLINE_SURFACE_WITH_KNOTS('',1,1,(
    (#6324,#6325)
    ,(#6326,#6327
    )),.UNSPECIFIED.,.F.,.F.,.F.,(2,2),(2,2),(-1.391731009602E-04,
    6.733839477076E-03),(-1.936647489601E-03,2.22044604925E-16),
  .PIECEWISE_BEZIER_KNOTS.);
#6324 = CARTESIAN_POINT('',(1.434636527901,0.159765221389,0.77759128771)
  );
#6325 = CARTESIAN_POINT('',(1.436573175391,0.159765221389,0.77759128771)
  );
#6326 = CARTESIAN_POINT('',(1.434636527901,0.159765221389,0.784464300288
    ));
#6327 = CARTESIAN_POINT('',(1.436573175391,0.159765221389,0.784464300288
    ));
#6328 = ADVANCED_FACE('',(#6329),#6347,.F.);
#6329 = FACE_BOUND('',#6330,.F.);
#6330 = EDGE_LOOP('',(#6331,#6332,#6341,#6346));
#6331 = ORIENTED_EDGE('',*,*,#6311,.F.);
#6332 = ORIENTED_EDGE('',*,*,#6333,.T.);
#6333 = EDGE_CURVE('',#6312,#6334,#6336,.T.);
#6334 = VERTEX_POINT('',#6335);
#6335 = CARTESIAN_POINT('',(1.436659999191,0.164693673912,0.777112677373
    ));
#6336 = B_SPLINE_CURVE_WITH_KNOTS('',3,(#6337,#6338,#6339,#6340),
  .UNSPECIFIED.,.F.,.F.,(4,4),(2.,3.),.PIECEWISE_BEZIER_KNOTS.);
#6337 = CARTESIAN_POINT('',(1.436573175391,0.159765221389,0.777730460811
    ));
#6338 = CARTESIAN_POINT('',(1.436629610861,0.161122105469,0.777328901576
    ));
#6339 = CARTESIAN_POINT('',(1.436659999191,0.162775320556,0.777112677373
    ));
#6340 = CARTESIAN_POINT('',(1.436659999191,0.164693673912,0.777112677373
    ));
#6341 = ORIENTED_EDGE('',*,*,#6342,.T.);
#6342 = EDGE_CURVE('',#6334,#345,#6343,.T.);
#6343 = B_SPLINE_CURVE_WITH_KNOTS('',1,(#6344,#6345),.UNSPECIFIED.,.F.,
  .F.,(2,2),(-0.,9.999999999999E-04),.PIECEWISE_BEZIER_KNOTS.);
#6344 = CARTESIAN_POINT('',(1.436659999191,0.164693673912,0.777112677373
    ));
#6345 = CARTESIAN_POINT('',(1.435669731122,0.164693673912,0.776973504272
    ));
#6346 = ORIENTED_EDGE('',*,*,#353,.F.);
#6347 = B_SPLINE_SURFACE_WITH_KNOTS('',3,1,(
    (#6348,#6349)
    ,(#6350,#6351)
    ,(#6352,#6353)
    ,(#6354,#6355
    )),.UNSPECIFIED.,.F.,.F.,.F.,(4,4),(2,2),(2.,3.),(0.,1.),
  .PIECEWISE_BEZIER_KNOTS.);
#6348 = CARTESIAN_POINT('',(1.436573175391,0.159765221389,0.777730460811
    ));
#6349 = CARTESIAN_POINT('',(1.435582907322,0.159765221389,0.77759128771)
  );
#6350 = CARTESIAN_POINT('',(1.436629610861,0.161122105469,0.777328901576
    ));
#6351 = CARTESIAN_POINT('',(1.435639342792,0.161122105469,0.777189728475
    ));
#6352 = CARTESIAN_POINT('',(1.436659999191,0.162775320556,0.777112677373
    ));
#6353 = CARTESIAN_POINT('',(1.435669731122,0.162775320556,0.776973504272
    ));
#6354 = CARTESIAN_POINT('',(1.436659999191,0.164693673912,0.777112677373
    ));
#6355 = CARTESIAN_POINT('',(1.435669731122,0.164693673912,0.776973504272
    ));
#6356 = ADVANCED_FACE('',(#6357),#6375,.F.);
#6357 = FACE_BOUND('',#6358,.F.);
#6358 = EDGE_LOOP('',(#6359,#6360,#6369,#6374));
#6359 = ORIENTED_EDGE('',*,*,#6342,.F.);
#6360 = ORIENTED_EDGE('',*,*,#6361,.T.);
#6361 = EDGE_CURVE('',#6334,#6362,#6364,.T.);
#6362 = VERTEX_POINT('',#6363);
#6363 = CARTESIAN_POINT('',(1.434719487259,0.180243253551,0.790920137218
    ));
#6364 = B_SPLINE_CURVE_WITH_KNOTS('',3,(#6365,#6366,#6367,#6368),
  .UNSPECIFIED.,.F.,.F.,(4,4),(1.,2.),.PIECEWISE_BEZIER_KNOTS.);
#6365 = CARTESIAN_POINT('',(1.436659999191,0.164693673912,0.777112677373
    ));
#6366 = CARTESIAN_POINT('',(1.436659999191,0.171384516103,0.777112677373
    ));
#6367 = CARTESIAN_POINT('',(1.43601316188,0.176562510527,0.781715163988)
  );
#6368 = CARTESIAN_POINT('',(1.434719487259,0.180243253551,0.790920137218
    ));
#6369 = ORIENTED_EDGE('',*,*,#6370,.T.);
#6370 = EDGE_CURVE('',#6362,#338,#6371,.T.);
#6371 = B_SPLINE_CURVE_WITH_KNOTS('',1,(#6372,#6373),.UNSPECIFIED.,.F.,
  .F.,(2,2),(-0.,1.E-03),.PIECEWISE_BEZIER_KNOTS.);
#6372 = CARTESIAN_POINT('',(1.434719487259,0.180243253551,0.790920137218
    ));
#6373 = CARTESIAN_POINT('',(1.43372921919,0.180243253551,0.790780964117)
  );
#6374 = ORIENTED_EDGE('',*,*,#344,.F.);
#6375 = B_SPLINE_SURFACE_WITH_KNOTS('',3,1,(
    (#6376,#6377)
    ,(#6378,#6379)
    ,(#6380,#6381)
    ,(#6382,#6383
    )),.UNSPECIFIED.,.F.,.F.,.F.,(4,4),(2,2),(1.,2.),(0.,1.),
  .PIECEWISE_BEZIER_KNOTS.);
#6376 = CARTESIAN_POINT('',(1.436659999191,0.164693673912,0.777112677373
    ));
#6377 = CARTESIAN_POINT('',(1.435669731122,0.164693673912,0.776973504272
    ));
#6378 = CARTESIAN_POINT('',(1.436659999191,0.171384516103,0.777112677373
    ));
#6379 = CARTESIAN_POINT('',(1.435669731122,0.171384516103,0.776973504272
    ));
#6380 = CARTESIAN_POINT('',(1.43601316188,0.176562510527,0.781715163988)
  );
#6381 = CARTESIAN_POINT('',(1.435022893812,0.176562510527,0.781575990887
    ));
#6382 = CARTESIAN_POINT('',(1.434719487259,0.180243253551,0.790920137218
    ));
#6383 = CARTESIAN_POINT('',(1.43372921919,0.180243253551,0.790780964117)
  );
#6384 = ADVANCED_FACE('',(#6385),#6395,.F.);
#6385 = FACE_BOUND('',#6386,.T.);
#6386 = EDGE_LOOP('',(#6387,#6388,#6389,#6394));
#6387 = ORIENTED_EDGE('',*,*,#337,.T.);
#6388 = ORIENTED_EDGE('',*,*,#6059,.F.);
#6389 = ORIENTED_EDGE('',*,*,#6390,.F.);
#6390 = EDGE_CURVE('',#6362,#6053,#6391,.T.);
#6391 = B_SPLINE_CURVE_WITH_KNOTS('',1,(#6392,#6393),.UNSPECIFIED.,.F.,
  .F.,(2,2),(-5.39158143662E-02,0.),.PIECEWISE_BEZIER_KNOTS.);
#6392 = CARTESIAN_POINT('',(1.434719487259,0.180243253551,0.790920137218
    ));
#6393 = CARTESIAN_POINT('',(1.427738853733,0.200019449119,0.840589925653
    ));
#6394 = ORIENTED_EDGE('',*,*,#6370,.T.);
#6395 = B_SPLINE_SURFACE_WITH_KNOTS('',1,1,(
    (#6396,#6397)
    ,(#6398,#6399
    )),.UNSPECIFIED.,.F.,.F.,.F.,(2,2),(2,2),(0.,5.35904544063E-02),(
    -9.915608837007E-04,6.989746884184E-03),.PIECEWISE_BEZIER_KNOTS.);
#6396 = CARTESIAN_POINT('',(1.426748585664,0.200066600155,0.840571515931
    ));
#6397 = CARTESIAN_POINT('',(1.434719487259,0.199687070325,0.840719700133
    ));
#6398 = CARTESIAN_POINT('',(1.426748585664,0.180575632345,0.790651189637
    ));
#6399 = CARTESIAN_POINT('',(1.434719487259,0.180196102514,0.790799373839
    ));
#6400 = ADVANCED_FACE('',(#6401),#6418,.T.);
#6401 = FACE_BOUND('',#6402,.T.);
#6402 = EDGE_LOOP('',(#6403,#6404,#6405,#6406,#6407,#6408,#6409,#6410,
    #6411,#6412,#6413,#6414,#6415,#6416,#6417));
#6403 = ORIENTED_EDGE('',*,*,#6052,.T.);
#6404 = ORIENTED_EDGE('',*,*,#6080,.T.);
#6405 = ORIENTED_EDGE('',*,*,#6095,.T.);
#6406 = ORIENTED_EDGE('',*,*,#6130,.T.);
#6407 = ORIENTED_EDGE('',*,*,#6152,.T.);
#6408 = ORIENTED_EDGE('',*,*,#6174,.T.);
#6409 = ORIENTED_EDGE('',*,*,#6196,.T.);
#6410 = ORIENTED_EDGE('',*,*,#6218,.T.);
#6411 = ORIENTED_EDGE('',*,*,#6240,.T.);
#6412 = ORIENTED_EDGE('',*,*,#6255,.T.);
#6413 = ORIENTED_EDGE('',*,*,#6283,.T.);
#6414 = ORIENTED_EDGE('',*,*,#6318,.T.);
#6415 = ORIENTED_EDGE('',*,*,#6333,.T.);
#6416 = ORIENTED_EDGE('',*,*,#6361,.T.);
#6417 = ORIENTED_EDGE('',*,*,#6390,.T.);
#6418 = B_SPLINE_SURFACE_WITH_KNOTS('',1,1,(
    (#6419,#6420)
    ,(#6421,#6422
    )),.UNSPECIFIED.,.F.,.F.,.F.,(2,2),(2,2),(-6.061528712655E-02,
    3.485788414535E-03),(-1.540726277374E-02,2.642219819964E-02),
  .PIECEWISE_BEZIER_KNOTS.);
#6419 = CARTESIAN_POINT('',(1.427738853733,0.158189988145,0.840589925653
    ));
#6420 = CARTESIAN_POINT('',(1.427738853733,0.200019449119,0.840589925653
    ));
#6421 = CARTESIAN_POINT('',(1.436659999191,0.158189988145,0.777112677373
    ));
#6422 = CARTESIAN_POINT('',(1.436659999191,0.200019449119,0.777112677373
    ));
#6423 = ADVANCED_FACE('',(#6424),#6446,.F.);
#6424 = FACE_BOUND('',#6425,.T.);
#6425 = EDGE_LOOP('',(#6426,#6427,#6434,#6441));
#6426 = ORIENTED_EDGE('',*,*,#244,.T.);
#6427 = ORIENTED_EDGE('',*,*,#6428,.F.);
#6428 = EDGE_CURVE('',#6429,#236,#6431,.T.);
#6429 = VERTEX_POINT('',#6430);
#6430 = CARTESIAN_POINT('',(1.432835410797,0.241069091655,0.804326037828
    ));
#6431 = B_SPLINE_CURVE_WITH_KNOTS('',1,(#6432,#6433),.UNSPECIFIED.,.F.,
  .F.,(2,2),(-0.,9.999999999999E-04),.PIECEWISE_BEZIER_KNOTS.);
#6432 = CARTESIAN_POINT('',(1.432835410797,0.241069091655,0.804326037828
    ));
#6433 = CARTESIAN_POINT('',(1.431845142729,0.241069091655,0.804186864727
    ));
#6434 = ORIENTED_EDGE('',*,*,#6435,.F.);
#6435 = EDGE_CURVE('',#6436,#6429,#6438,.T.);
#6436 = VERTEX_POINT('',#6437);
#6437 = CARTESIAN_POINT('',(1.433803496168,0.241069091655,0.797437752491
    ));
#6438 = B_SPLINE_CURVE_WITH_KNOTS('',1,(#6439,#6440),.UNSPECIFIED.,.F.,
  .F.,(2,2),(-6.955980460136E-03,0.),.PIECEWISE_BEZIER_KNOTS.);
#6439 = CARTESIAN_POINT('',(1.433803496168,0.241069091655,0.797437752491
    ));
#6440 = CARTESIAN_POINT('',(1.432835410797,0.241069091655,0.804326037828
    ));
#6441 = ORIENTED_EDGE('',*,*,#6442,.T.);
#6442 = EDGE_CURVE('',#6436,#245,#6443,.T.);
#6443 = B_SPLINE_CURVE_WITH_KNOTS('',1,(#6444,#6445),.UNSPECIFIED.,.F.,
  .F.,(2,2),(-0.,1.E-03),.PIECEWISE_BEZIER_KNOTS.);
#6444 = CARTESIAN_POINT('',(1.433803496168,0.241069091655,0.797437752491
    ));
#6445 = CARTESIAN_POINT('',(1.4328132281,0.241069091655,0.79729857939));
#6446 = B_SPLINE_SURFACE_WITH_KNOTS('',1,1,(
    (#6447,#6448)
    ,(#6449,#6450
    )),.UNSPECIFIED.,.F.,.F.,.F.,(2,2),(2,2),(0.,7.027458437423E-03),(
    -9.902680687415E-04,9.680853708549E-04),.PIECEWISE_BEZIER_KNOTS.);
#6447 = CARTESIAN_POINT('',(1.431845142729,0.241069091655,0.804326037828
    ));
#6448 = CARTESIAN_POINT('',(1.433803496168,0.241069091655,0.804326037828
    ));
#6449 = CARTESIAN_POINT('',(1.431845142729,0.241069091655,0.79729857939)
  );
#6450 = CARTESIAN_POINT('',(1.433803496168,0.241069091655,0.79729857939)
  );
#6451 = ADVANCED_FACE('',(#6452),#6468,.F.);
#6452 = FACE_BOUND('',#6453,.T.);
#6453 = EDGE_LOOP('',(#6454,#6455,#6462,#6467));
#6454 = ORIENTED_EDGE('',*,*,#235,.T.);
#6455 = ORIENTED_EDGE('',*,*,#6456,.F.);
#6456 = EDGE_CURVE('',#6457,#238,#6459,.T.);
#6457 = VERTEX_POINT('',#6458);
#6458 = CARTESIAN_POINT('',(1.432835410797,0.216130498032,0.804326037828
    ));
#6459 = B_SPLINE_CURVE_WITH_KNOTS('',1,(#6460,#6461),.UNSPECIFIED.,.F.,
  .F.,(2,2),(-0.,9.999999999999E-04),.PIECEWISE_BEZIER_KNOTS.);
#6460 = CARTESIAN_POINT('',(1.432835410797,0.216130498032,0.804326037828
    ));
#6461 = CARTESIAN_POINT('',(1.431845142729,0.216130498032,0.804186864727
    ));
#6462 = ORIENTED_EDGE('',*,*,#6463,.F.);
#6463 = EDGE_CURVE('',#6429,#6457,#6464,.T.);
#6464 = B_SPLINE_CURVE_WITH_KNOTS('',1,(#6465,#6466),.UNSPECIFIED.,.F.,
  .F.,(2,2),(-2.493859362272E-02,-0.),.PIECEWISE_BEZIER_KNOTS.);
#6465 = CARTESIAN_POINT('',(1.432835410797,0.241069091655,0.804326037828
    ));
#6466 = CARTESIAN_POINT('',(1.432835410797,0.216130498032,0.804326037828
    ));
#6467 = ORIENTED_EDGE('',*,*,#6428,.T.);
#6468 = B_SPLINE_SURFACE_WITH_KNOTS('',1,1,(
    (#6469,#6470)
    ,(#6471,#6472
    )),.UNSPECIFIED.,.F.,.F.,.F.,(2,2),(2,2),(-1.545131810943E-17,
    9.999999999999E-04),(0.,2.493859362272E-02),
  .PIECEWISE_BEZIER_KNOTS.);
#6469 = CARTESIAN_POINT('',(1.432835410797,0.216130498032,0.804326037828
    ));
#6470 = CARTESIAN_POINT('',(1.432835410797,0.241069091655,0.804326037828
    ));
#6471 = CARTESIAN_POINT('',(1.431845142729,0.216130498032,0.804186864727
    ));
#6472 = CARTESIAN_POINT('',(1.431845142729,0.241069091655,0.804186864727
    ));
#6473 = ADVANCED_FACE('',(#6474),#6490,.F.);
#6474 = FACE_BOUND('',#6475,.T.);
#6475 = EDGE_LOOP('',(#6476,#6477,#6484,#6489));
#6476 = ORIENTED_EDGE('',*,*,#314,.T.);
#6477 = ORIENTED_EDGE('',*,*,#6478,.F.);
#6478 = EDGE_CURVE('',#6479,#308,#6481,.T.);
#6479 = VERTEX_POINT('',#6480);
#6480 = CARTESIAN_POINT('',(1.429978907775,0.216130498032,0.824651112946
    ));
#6481 = B_SPLINE_CURVE_WITH_KNOTS('',1,(#6482,#6483),.UNSPECIFIED.,.F.,
  .F.,(2,2),(-0.,9.999999999999E-04),.PIECEWISE_BEZIER_KNOTS.);
#6482 = CARTESIAN_POINT('',(1.429978907775,0.216130498032,0.824651112946
    ));
#6483 = CARTESIAN_POINT('',(1.428988639706,0.216130498032,0.824511939845
    ));
#6484 = ORIENTED_EDGE('',*,*,#6485,.F.);
#6485 = EDGE_CURVE('',#6457,#6479,#6486,.T.);
#6486 = B_SPLINE_CURVE_WITH_KNOTS('',1,(#6487,#6488),.UNSPECIFIED.,.F.,
  .F.,(2,2),(-2.052482126799E-02,0.),.PIECEWISE_BEZIER_KNOTS.);
#6487 = CARTESIAN_POINT('',(1.432835410797,0.216130498032,0.804326037828
    ));
#6488 = CARTESIAN_POINT('',(1.429978907775,0.216130498032,0.824651112946
    ));
#6489 = ORIENTED_EDGE('',*,*,#6456,.T.);
#6490 = B_SPLINE_SURFACE_WITH_KNOTS('',1,1,(
    (#6491,#6492)
    ,(#6493,#6494
    )),.UNSPECIFIED.,.F.,.F.,.F.,(2,2),(2,2),(0.,2.046424821928E-02),(
    -9.902680687415E-04,2.856503022518E-03),.PIECEWISE_BEZIER_KNOTS.);
#6491 = CARTESIAN_POINT('',(1.428988639706,0.216130498032,0.824651112946
    ));
#6492 = CARTESIAN_POINT('',(1.432835410797,0.216130498032,0.824651112946
    ));
#6493 = CARTESIAN_POINT('',(1.428988639706,0.216130498032,0.804186864727
    ));
#6494 = CARTESIAN_POINT('',(1.432835410797,0.216130498032,0.804186864727
    ));
#6495 = ADVANCED_FACE('',(#6496),#6512,.F.);
#6496 = FACE_BOUND('',#6497,.T.);
#6497 = EDGE_LOOP('',(#6498,#6499,#6506,#6511));
#6498 = ORIENTED_EDGE('',*,*,#307,.T.);
#6499 = ORIENTED_EDGE('',*,*,#6500,.F.);
#6500 = EDGE_CURVE('',#6501,#301,#6503,.T.);
#6501 = VERTEX_POINT('',#6502);
#6502 = CARTESIAN_POINT('',(1.429978907775,0.237949817906,0.824651112946
    ));
#6503 = B_SPLINE_CURVE_WITH_KNOTS('',1,(#6504,#6505),.UNSPECIFIED.,.F.,
  .F.,(2,2),(-0.,9.999999999999E-04),.PIECEWISE_BEZIER_KNOTS.);
#6504 = CARTESIAN_POINT('',(1.429978907775,0.237949817906,0.824651112946
    ));
#6505 = CARTESIAN_POINT('',(1.428988639706,0.237949817906,0.824511939845
    ));
#6506 = ORIENTED_EDGE('',*,*,#6507,.F.);
#6507 = EDGE_CURVE('',#6479,#6501,#6508,.T.);
#6508 = B_SPLINE_CURVE_WITH_KNOTS('',1,(#6509,#6510),.UNSPECIFIED.,.F.,
  .F.,(2,2),(-2.181931987358E-02,0.),.PIECEWISE_BEZIER_KNOTS.);
#6509 = CARTESIAN_POINT('',(1.429978907775,0.216130498032,0.824651112946
    ));
#6510 = CARTESIAN_POINT('',(1.429978907775,0.237949817906,0.824651112946
    ));
#6511 = ORIENTED_EDGE('',*,*,#6478,.T.);
#6512 = B_SPLINE_SURFACE_WITH_KNOTS('',1,1,(
    (#6513,#6514)
    ,(#6515,#6516
    )),.UNSPECIFIED.,.F.,.F.,.F.,(2,2),(2,2),(-9.999999999999E-04,0.),(
    -2.181931987358E-02,0.),.PIECEWISE_BEZIER_KNOTS.);
#6513 = CARTESIAN_POINT('',(1.428988639706,0.216130498032,0.824511939845
    ));
#6514 = CARTESIAN_POINT('',(1.428988639706,0.237949817906,0.824511939845
    ));
#6515 = CARTESIAN_POINT('',(1.429978907775,0.216130498032,0.824651112946
    ));
#6516 = CARTESIAN_POINT('',(1.429978907775,0.237949817906,0.824651112946
    ));
#6517 = ADVANCED_FACE('',(#6518),#6534,.F.);
#6518 = FACE_BOUND('',#6519,.T.);
#6519 = EDGE_LOOP('',(#6520,#6521,#6528,#6533));
#6520 = ORIENTED_EDGE('',*,*,#300,.T.);
#6521 = ORIENTED_EDGE('',*,*,#6522,.F.);
#6522 = EDGE_CURVE('',#6523,#294,#6525,.T.);
#6523 = VERTEX_POINT('',#6524);
#6524 = CARTESIAN_POINT('',(1.429006481214,0.237949817906,0.831570287455
    ));
#6525 = B_SPLINE_CURVE_WITH_KNOTS('',1,(#6526,#6527),.UNSPECIFIED.,.F.,
  .F.,(2,2),(-0.,1.E-03),.PIECEWISE_BEZIER_KNOTS.);
#6526 = CARTESIAN_POINT('',(1.429006481214,0.237949817906,0.831570287455
    ));
#6527 = CARTESIAN_POINT('',(1.428016213145,0.237949817906,0.831431114354
    ));
#6528 = ORIENTED_EDGE('',*,*,#6529,.F.);
#6529 = EDGE_CURVE('',#6501,#6523,#6530,.T.);
#6530 = B_SPLINE_CURVE_WITH_KNOTS('',1,(#6531,#6532),.UNSPECIFIED.,.F.,
  .F.,(2,2),(-6.987173197589E-03,0.),.PIECEWISE_BEZIER_KNOTS.);
#6531 = CARTESIAN_POINT('',(1.429978907775,0.237949817906,0.824651112946
    ));
#6532 = CARTESIAN_POINT('',(1.429006481214,0.237949817906,0.831570287455
    ));
#6533 = ORIENTED_EDGE('',*,*,#6500,.T.);
#6534 = B_SPLINE_SURFACE_WITH_KNOTS('',1,1,(
    (#6535,#6536)
    ,(#6537,#6538
    )),.UNSPECIFIED.,.F.,.F.,.F.,(2,2),(2,2),(0.,7.0583476093E-03),(
    -9.902680687417E-04,9.724265608534E-04),.PIECEWISE_BEZIER_KNOTS.);
#6535 = CARTESIAN_POINT('',(1.428016213145,0.237949817906,0.831570287455
    ));
#6536 = CARTESIAN_POINT('',(1.429978907775,0.237949817906,0.831570287455
    ));
#6537 = CARTESIAN_POINT('',(1.428016213145,0.237949817906,0.824511939845
    ));
#6538 = CARTESIAN_POINT('',(1.429978907775,0.237949817906,0.824511939845
    ));
#6539 = ADVANCED_FACE('',(#6540),#6556,.F.);
#6540 = FACE_BOUND('',#6541,.T.);
#6541 = EDGE_LOOP('',(#6542,#6543,#6550,#6555));
#6542 = ORIENTED_EDGE('',*,*,#293,.T.);
#6543 = ORIENTED_EDGE('',*,*,#6544,.F.);
#6544 = EDGE_CURVE('',#6545,#287,#6547,.T.);
#6545 = VERTEX_POINT('',#6546);
#6546 = CARTESIAN_POINT('',(1.429006481214,0.216130498032,0.831570287455
    ));
#6547 = B_SPLINE_CURVE_WITH_KNOTS('',1,(#6548,#6549),.UNSPECIFIED.,.F.,
  .F.,(2,2),(-0.,1.E-03),.PIECEWISE_BEZIER_KNOTS.);
#6548 = CARTESIAN_POINT('',(1.429006481214,0.216130498032,0.831570287455
    ));
#6549 = CARTESIAN_POINT('',(1.428016213145,0.216130498032,0.831431114354
    ));
#6550 = ORIENTED_EDGE('',*,*,#6551,.F.);
#6551 = EDGE_CURVE('',#6523,#6545,#6552,.T.);
#6552 = B_SPLINE_CURVE_WITH_KNOTS('',1,(#6553,#6554),.UNSPECIFIED.,.F.,
  .F.,(2,2),(-2.181931987358E-02,-0.),.PIECEWISE_BEZIER_KNOTS.);
#6553 = CARTESIAN_POINT('',(1.429006481214,0.237949817906,0.831570287455
    ));
#6554 = CARTESIAN_POINT('',(1.429006481214,0.216130498032,0.831570287455
    ));
#6555 = ORIENTED_EDGE('',*,*,#6522,.T.);
#6556 = B_SPLINE_SURFACE_WITH_KNOTS('',1,1,(
    (#6557,#6558)
    ,(#6559,#6560
    )),.UNSPECIFIED.,.F.,.F.,.F.,(2,2),(2,2),(0.,1.E-03),(0.,
    2.181931987358E-02),.PIECEWISE_BEZIER_KNOTS.);
#6557 = CARTESIAN_POINT('',(1.429006481214,0.216130498032,0.831570287455
    ));
#6558 = CARTESIAN_POINT('',(1.429006481214,0.237949817906,0.831570287455
    ));
#6559 = CARTESIAN_POINT('',(1.428016213145,0.216130498032,0.831431114354
    ));
#6560 = CARTESIAN_POINT('',(1.428016213145,0.237949817906,0.831431114354
    ));
#6561 = ADVANCED_FACE('',(#6562),#6578,.F.);
#6562 = FACE_BOUND('',#6563,.T.);
#6563 = EDGE_LOOP('',(#6564,#6565,#6572,#6577));
#6564 = ORIENTED_EDGE('',*,*,#286,.T.);
#6565 = ORIENTED_EDGE('',*,*,#6566,.F.);
#6566 = EDGE_CURVE('',#6567,#280,#6569,.T.);
#6567 = VERTEX_POINT('',#6568);
#6568 = CARTESIAN_POINT('',(1.426288896272,0.216130498032,0.850906909072
    ));
#6569 = B_SPLINE_CURVE_WITH_KNOTS('',1,(#6570,#6571),.UNSPECIFIED.,.F.,
  .F.,(2,2),(-0.,1.E-03),.PIECEWISE_BEZIER_KNOTS.);
#6570 = CARTESIAN_POINT('',(1.426288896272,0.216130498032,0.850906909072
    ));
#6571 = CARTESIAN_POINT('',(1.425298628203,0.216130498032,0.850767735971
    ));
#6572 = ORIENTED_EDGE('',*,*,#6573,.F.);
#6573 = EDGE_CURVE('',#6545,#6567,#6574,.T.);
#6574 = B_SPLINE_CURVE_WITH_KNOTS('',1,(#6575,#6576),.UNSPECIFIED.,.F.,
  .F.,(2,2),(-1.952665366864E-02,0.),.PIECEWISE_BEZIER_KNOTS.);
#6575 = CARTESIAN_POINT('',(1.429006481214,0.216130498032,0.831570287455
    ));
#6576 = CARTESIAN_POINT('',(1.426288896272,0.216130498032,0.850906909072
    ));
#6577 = ORIENTED_EDGE('',*,*,#6544,.T.);
#6578 = B_SPLINE_SURFACE_WITH_KNOTS('',1,1,(
    (#6579,#6580)
    ,(#6581,#6582
    )),.UNSPECIFIED.,.F.,.F.,.F.,(2,2),(2,2),(0.,1.947579471839E-02),(
    -9.902680687417E-04,2.717584942438E-03),.PIECEWISE_BEZIER_KNOTS.);
#6579 = CARTESIAN_POINT('',(1.425298628203,0.216130498032,0.850906909072
    ));
#6580 = CARTESIAN_POINT('',(1.429006481214,0.216130498032,0.850906909072
    ));
#6581 = CARTESIAN_POINT('',(1.425298628203,0.216130498032,0.831431114354
    ));
#6582 = CARTESIAN_POINT('',(1.429006481214,0.216130498032,0.831431114354
    ));
#6583 = ADVANCED_FACE('',(#6584),#6600,.F.);
#6584 = FACE_BOUND('',#6585,.T.);
#6585 = EDGE_LOOP('',(#6586,#6587,#6594,#6599));
#6586 = ORIENTED_EDGE('',*,*,#279,.T.);
#6587 = ORIENTED_EDGE('',*,*,#6588,.F.);
#6588 = EDGE_CURVE('',#6589,#273,#6591,.T.);
#6589 = VERTEX_POINT('',#6590);
#6590 = CARTESIAN_POINT('',(1.426288896272,0.239681014837,0.850906909072
    ));
#6591 = B_SPLINE_CURVE_WITH_KNOTS('',1,(#6592,#6593),.UNSPECIFIED.,.F.,
  .F.,(2,2),(-0.,1.E-03),.PIECEWISE_BEZIER_KNOTS.);
#6592 = CARTESIAN_POINT('',(1.426288896272,0.239681014837,0.850906909072
    ));
#6593 = CARTESIAN_POINT('',(1.425298628203,0.239681014837,0.850767735971
    ));
#6594 = ORIENTED_EDGE('',*,*,#6595,.F.);
#6595 = EDGE_CURVE('',#6567,#6589,#6596,.T.);
#6596 = B_SPLINE_CURVE_WITH_KNOTS('',1,(#6597,#6598),.UNSPECIFIED.,.F.,
  .F.,(2,2),(-2.355051680436E-02,0.),.PIECEWISE_BEZIER_KNOTS.);
#6597 = CARTESIAN_POINT('',(1.426288896272,0.216130498032,0.850906909072
    ));
#6598 = CARTESIAN_POINT('',(1.426288896272,0.239681014837,0.850906909072
    ));
#6599 = ORIENTED_EDGE('',*,*,#6566,.T.);
#6600 = B_SPLINE_SURFACE_WITH_KNOTS('',1,1,(
    (#6601,#6602)
    ,(#6603,#6604)),.UNSPECIFIED.,.F.,.F.,.F.,(2,2),(2,2),(-1.E-03,0.),(
    -2.355051680436E-02,0.),.PIECEWISE_BEZIER_KNOTS.);
#6601 = CARTESIAN_POINT('',(1.425298628203,0.216130498032,0.850767735971
    ));
#6602 = CARTESIAN_POINT('',(1.425298628203,0.239681014837,0.850767735971
    ));
#6603 = CARTESIAN_POINT('',(1.426288896272,0.216130498032,0.850906909072
    ));
#6604 = CARTESIAN_POINT('',(1.426288896272,0.239681014837,0.850906909072
    ));
#6605 = ADVANCED_FACE('',(#6606),#6622,.F.);
#6606 = FACE_BOUND('',#6607,.T.);
#6607 = EDGE_LOOP('',(#6608,#6609,#6616,#6621));
#6608 = ORIENTED_EDGE('',*,*,#272,.T.);
#6609 = ORIENTED_EDGE('',*,*,#6610,.F.);
#6610 = EDGE_CURVE('',#6611,#266,#6613,.T.);
#6611 = VERTEX_POINT('',#6612);
#6612 = CARTESIAN_POINT('',(1.425312128521,0.239681014837,0.857856972752
    ));
#6613 = B_SPLINE_CURVE_WITH_KNOTS('',1,(#6614,#6615),.UNSPECIFIED.,.F.,
  .F.,(2,2),(-0.,1.E-03),.PIECEWISE_BEZIER_KNOTS.);
#6614 = CARTESIAN_POINT('',(1.425312128521,0.239681014837,0.857856972752
    ));
#6615 = CARTESIAN_POINT('',(1.424321860452,0.239681014837,0.857717799651
    ));
#6616 = ORIENTED_EDGE('',*,*,#6617,.F.);
#6617 = EDGE_CURVE('',#6589,#6611,#6618,.T.);
#6618 = B_SPLINE_CURVE_WITH_KNOTS('',1,(#6619,#6620),.UNSPECIFIED.,.F.,
  .F.,(2,2),(-7.018365935043E-03,0.),.PIECEWISE_BEZIER_KNOTS.);
#6619 = CARTESIAN_POINT('',(1.426288896272,0.239681014837,0.850906909072
    ));
#6620 = CARTESIAN_POINT('',(1.425312128521,0.239681014837,0.857856972752
    ));
#6621 = ORIENTED_EDGE('',*,*,#6588,.T.);
#6622 = B_SPLINE_SURFACE_WITH_KNOTS('',1,1,(
    (#6623,#6624)
    ,(#6625,#6626
    )),.UNSPECIFIED.,.F.,.F.,.F.,(2,2),(2,2),(0.,7.089236781176E-03),(
    -9.902680687417E-04,9.767677508525E-04),.PIECEWISE_BEZIER_KNOTS.);
#6623 = CARTESIAN_POINT('',(1.424321860452,0.239681014837,0.857856972752
    ));
#6624 = CARTESIAN_POINT('',(1.426288896272,0.239681014837,0.857856972752
    ));
#6625 = CARTESIAN_POINT('',(1.424321860452,0.239681014837,0.850767735971
    ));
#6626 = CARTESIAN_POINT('',(1.426288896272,0.239681014837,0.850767735971
    ));
#6627 = ADVANCED_FACE('',(#6628),#6644,.F.);
#6628 = FACE_BOUND('',#6629,.T.);
#6629 = EDGE_LOOP('',(#6630,#6631,#6638,#6643));
#6630 = ORIENTED_EDGE('',*,*,#265,.T.);
#6631 = ORIENTED_EDGE('',*,*,#6632,.F.);
#6632 = EDGE_CURVE('',#6633,#259,#6635,.T.);
#6633 = VERTEX_POINT('',#6634);
#6634 = CARTESIAN_POINT('',(1.425312128521,0.208254331816,0.857856972752
    ));
#6635 = B_SPLINE_CURVE_WITH_KNOTS('',1,(#6636,#6637),.UNSPECIFIED.,.F.,
  .F.,(2,2),(-0.,1.E-03),.PIECEWISE_BEZIER_KNOTS.);
#6636 = CARTESIAN_POINT('',(1.425312128521,0.208254331816,0.857856972752
    ));
#6637 = CARTESIAN_POINT('',(1.424321860452,0.208254331816,0.857717799651
    ));
#6638 = ORIENTED_EDGE('',*,*,#6639,.F.);
#6639 = EDGE_CURVE('',#6611,#6633,#6640,.T.);
#6640 = B_SPLINE_CURVE_WITH_KNOTS('',1,(#6641,#6642),.UNSPECIFIED.,.F.,
  .F.,(2,2),(-3.142668302063E-02,-0.),.PIECEWISE_BEZIER_KNOTS.);
#6641 = CARTESIAN_POINT('',(1.425312128521,0.239681014837,0.857856972752
    ));
#6642 = CARTESIAN_POINT('',(1.425312128521,0.208254331816,0.857856972752
    ));
#6643 = ORIENTED_EDGE('',*,*,#6610,.T.);
#6644 = B_SPLINE_SURFACE_WITH_KNOTS('',1,1,(
    (#6645,#6646)
    ,(#6647,#6648
    )),.UNSPECIFIED.,.F.,.F.,.F.,(2,2),(2,2),(-1.545131810943E-17,1.E-03
    ),(-1.410495514555E-31,3.142668302063E-02),
  .PIECEWISE_BEZIER_KNOTS.);
#6645 = CARTESIAN_POINT('',(1.425312128521,0.208254331816,0.857856972752
    ));
#6646 = CARTESIAN_POINT('',(1.425312128521,0.239681014837,0.857856972752
    ));
#6647 = CARTESIAN_POINT('',(1.424321860452,0.208254331816,0.857717799651
    ));
#6648 = CARTESIAN_POINT('',(1.424321860452,0.239681014837,0.857717799651
    ));
#6649 = ADVANCED_FACE('',(#6650),#6666,.F.);
#6650 = FACE_BOUND('',#6651,.T.);
#6651 = EDGE_LOOP('',(#6652,#6653,#6660,#6665));
#6652 = ORIENTED_EDGE('',*,*,#258,.T.);
#6653 = ORIENTED_EDGE('',*,*,#6654,.F.);
#6654 = EDGE_CURVE('',#6655,#252,#6657,.T.);
#6655 = VERTEX_POINT('',#6656);
#6656 = CARTESIAN_POINT('',(1.433803496168,0.208254331816,0.797437752491
    ));
#6657 = B_SPLINE_CURVE_WITH_KNOTS('',1,(#6658,#6659),.UNSPECIFIED.,.F.,
  .F.,(2,2),(-0.,1.E-03),.PIECEWISE_BEZIER_KNOTS.);
#6658 = CARTESIAN_POINT('',(1.433803496168,0.208254331816,0.797437752491
    ));
#6659 = CARTESIAN_POINT('',(1.4328132281,0.208254331816,0.79729857939));
#6660 = ORIENTED_EDGE('',*,*,#6661,.F.);
#6661 = EDGE_CURVE('',#6633,#6655,#6662,.T.);
#6662 = B_SPLINE_CURVE_WITH_KNOTS('',1,(#6663,#6664),.UNSPECIFIED.,.F.,
  .F.,(2,2),(-6.10129945294E-02,0.),.PIECEWISE_BEZIER_KNOTS.);
#6663 = CARTESIAN_POINT('',(1.425312128521,0.208254331816,0.857856972752
    ));
#6664 = CARTESIAN_POINT('',(1.433803496168,0.208254331816,0.797437752491
    ));
#6665 = ORIENTED_EDGE('',*,*,#6632,.T.);
#6666 = B_SPLINE_SURFACE_WITH_KNOTS('',1,1,(
    (#6667,#6668)
    ,(#6669,#6670
    )),.UNSPECIFIED.,.F.,.F.,.F.,(2,2),(2,2),(-1.391731009601E-04,
    6.041922026077E-02),(-9.481635716258E-03,0.),
  .PIECEWISE_BEZIER_KNOTS.);
#6667 = CARTESIAN_POINT('',(1.424321860452,0.208254331816,0.79729857939)
  );
#6668 = CARTESIAN_POINT('',(1.433803496168,0.208254331816,0.79729857939)
  );
#6669 = CARTESIAN_POINT('',(1.424321860452,0.208254331816,0.857856972752
    ));
#6670 = CARTESIAN_POINT('',(1.433803496168,0.208254331816,0.857856972752
    ));
#6671 = ADVANCED_FACE('',(#6672),#6682,.F.);
#6672 = FACE_BOUND('',#6673,.T.);
#6673 = EDGE_LOOP('',(#6674,#6675,#6676,#6681));
#6674 = ORIENTED_EDGE('',*,*,#251,.T.);
#6675 = ORIENTED_EDGE('',*,*,#6442,.F.);
#6676 = ORIENTED_EDGE('',*,*,#6677,.F.);
#6677 = EDGE_CURVE('',#6655,#6436,#6678,.T.);
#6678 = B_SPLINE_CURVE_WITH_KNOTS('',1,(#6679,#6680),.UNSPECIFIED.,.F.,
  .F.,(2,2),(-3.2814759839E-02,0.),.PIECEWISE_BEZIER_KNOTS.);
#6679 = CARTESIAN_POINT('',(1.433803496168,0.208254331816,0.797437752491
    ));
#6680 = CARTESIAN_POINT('',(1.433803496168,0.241069091655,0.797437752491
    ));
#6681 = ORIENTED_EDGE('',*,*,#6654,.T.);
#6682 = B_SPLINE_SURFACE_WITH_KNOTS('',1,1,(
    (#6683,#6684)
    ,(#6685,#6686
    )),.UNSPECIFIED.,.F.,.F.,.F.,(2,2),(2,2),(-1.E-03,0.),(
    -3.2814759839E-02,3.173111134831E-35),.PIECEWISE_BEZIER_KNOTS.);
#6683 = CARTESIAN_POINT('',(1.4328132281,0.208254331816,0.79729857939));
#6684 = CARTESIAN_POINT('',(1.4328132281,0.241069091655,0.79729857939));
#6685 = CARTESIAN_POINT('',(1.433803496168,0.208254331816,0.797437752491
    ));
#6686 = CARTESIAN_POINT('',(1.433803496168,0.241069091655,0.797437752491
    ));
#6687 = ADVANCED_FACE('',(#6688),#6702,.F.);
#6688 = FACE_BOUND('',#6689,.T.);
#6689 = EDGE_LOOP('',(#6690,#6691,#6692,#6693,#6694,#6695,#6696,#6697,
    #6698,#6699,#6700,#6701));
#6690 = ORIENTED_EDGE('',*,*,#6435,.T.);
#6691 = ORIENTED_EDGE('',*,*,#6463,.T.);
#6692 = ORIENTED_EDGE('',*,*,#6485,.T.);
#6693 = ORIENTED_EDGE('',*,*,#6507,.T.);
#6694 = ORIENTED_EDGE('',*,*,#6529,.T.);
#6695 = ORIENTED_EDGE('',*,*,#6551,.T.);
#6696 = ORIENTED_EDGE('',*,*,#6573,.T.);
#6697 = ORIENTED_EDGE('',*,*,#6595,.T.);
#6698 = ORIENTED_EDGE('',*,*,#6617,.T.);
#6699 = ORIENTED_EDGE('',*,*,#6639,.T.);
#6700 = ORIENTED_EDGE('',*,*,#6661,.T.);
#6701 = ORIENTED_EDGE('',*,*,#6677,.T.);
#6702 = B_SPLINE_SURFACE_WITH_KNOTS('',1,1,(
    (#6703,#6704)
    ,(#6705,#6706
    )),.UNSPECIFIED.,.F.,.F.,.F.,(2,2),(2,2),(0.590122002581,
    0.651134997111),(0.208254331816,0.241069091655),
  .PIECEWISE_BEZIER_KNOTS.);
#6703 = CARTESIAN_POINT('',(1.433803496168,0.208254331816,0.797437752491
    ));
#6704 = CARTESIAN_POINT('',(1.433803496168,0.241069091655,0.797437752491
    ));
#6705 = CARTESIAN_POINT('',(1.425312128521,0.208254331816,0.857856972752
    ));
#6706 = CARTESIAN_POINT('',(1.425312128521,0.241069091655,0.857856972752
    ));
#6707 = ADVANCED_FACE('',(#6708,#6767),#6826,.T.);
#6708 = FACE_BOUND('',#6709,.T.);
#6709 = EDGE_LOOP('',(#6710,#6719,#6728,#6737,#6746,#6755,#6762));
#6710 = ORIENTED_EDGE('',*,*,#6711,.T.);
#6711 = EDGE_CURVE('',#6712,#6714,#6716,.T.);
#6712 = VERTEX_POINT('',#6713);
#6713 = CARTESIAN_POINT('',(1.433803496168,0.252594808158,0.797437752491
    ));
#6714 = VERTEX_POINT('',#6715);
#6715 = CARTESIAN_POINT('',(1.433803496168,0.269376500927,0.797437752491
    ));
#6716 = B_SPLINE_CURVE_WITH_KNOTS('',1,(#6717,#6718),.UNSPECIFIED.,.F.,
  .F.,(2,2),(-1.678169276936E-02,-7.172734191867E-31),
  .PIECEWISE_BEZIER_KNOTS.);
#6717 = CARTESIAN_POINT('',(1.433803496168,0.252594808158,0.797437752491
    ));
#6718 = CARTESIAN_POINT('',(1.433803496168,0.269376500927,0.797437752491
    ));
#6719 = ORIENTED_EDGE('',*,*,#6720,.T.);
#6720 = EDGE_CURVE('',#6714,#6721,#6723,.T.);
#6721 = VERTEX_POINT('',#6722);
#6722 = CARTESIAN_POINT('',(1.432614010107,0.29306738505,0.805901385595)
  );
#6723 = B_SPLINE_CURVE_WITH_KNOTS('',3,(#6724,#6725,#6726,#6727),
  .UNSPECIFIED.,.F.,.F.,(4,4),(5.,6.),.PIECEWISE_BEZIER_KNOTS.);
#6724 = CARTESIAN_POINT('',(1.433803496168,0.269376500927,0.797437752491
    ));
#6725 = CARTESIAN_POINT('',(1.433803496168,0.27903065318,0.797437752491)
  );
#6726 = CARTESIAN_POINT('',(1.433408447878,0.286938012134,0.800248667135
    ));
#6727 = CARTESIAN_POINT('',(1.432614010107,0.29306738505,0.805901385595)
  );
#6728 = ORIENTED_EDGE('',*,*,#6729,.T.);
#6729 = EDGE_CURVE('',#6721,#6730,#6732,.T.);
#6730 = VERTEX_POINT('',#6731);
#6731 = CARTESIAN_POINT('',(1.429449282594,0.30226924261,0.828419591919)
  );
#6732 = B_SPLINE_CURVE_WITH_KNOTS('',3,(#6733,#6734,#6735,#6736),
  .UNSPECIFIED.,.F.,.F.,(4,4),(4.,5.),.PIECEWISE_BEZIER_KNOTS.);
#6733 = CARTESIAN_POINT('',(1.432614010107,0.29306738505,0.805901385595)
  );
#6734 = CARTESIAN_POINT('',(1.431819572337,0.299196757967,0.811554104055
    ));
#6735 = CARTESIAN_POINT('',(1.430764663166,0.30226924261,0.81906017283)
  );
#6736 = CARTESIAN_POINT('',(1.429449282594,0.30226924261,0.828419591919)
  );
#6737 = ORIENTED_EDGE('',*,*,#6738,.T.);
#6738 = EDGE_CURVE('',#6730,#6739,#6741,.T.);
#6739 = VERTEX_POINT('',#6740);
#6740 = CARTESIAN_POINT('',(1.426436496732,0.29306738505,0.849856677227)
  );
#6741 = B_SPLINE_CURVE_WITH_KNOTS('',3,(#6742,#6743,#6744,#6745),
  .UNSPECIFIED.,.F.,.F.,(4,4),(3.,4.),.PIECEWISE_BEZIER_KNOTS.);
#6742 = CARTESIAN_POINT('',(1.429449282594,0.30226924261,0.828419591919)
  );
#6743 = CARTESIAN_POINT('',(1.428190337493,0.30226924261,0.837377451774)
  );
#6744 = CARTESIAN_POINT('',(1.427187522602,0.299196757967,0.844512850486
    ));
#6745 = CARTESIAN_POINT('',(1.426436496732,0.29306738505,0.849856677227)
  );
#6746 = ORIENTED_EDGE('',*,*,#6747,.T.);
#6747 = EDGE_CURVE('',#6739,#6748,#6750,.T.);
#6748 = VERTEX_POINT('',#6749);
#6749 = CARTESIAN_POINT('',(1.425312128521,0.270000355677,0.857856972752
    ));
#6750 = B_SPLINE_CURVE_WITH_KNOTS('',3,(#6751,#6752,#6753,#6754),
  .UNSPECIFIED.,.F.,.F.,(4,4),(2.,3.),.PIECEWISE_BEZIER_KNOTS.);
#6751 = CARTESIAN_POINT('',(1.426436496732,0.29306738505,0.849856677227)
  );
#6752 = CARTESIAN_POINT('',(1.425685470861,0.286938012134,0.855200503967
    ));
#6753 = CARTESIAN_POINT('',(1.425312128521,0.279249002342,0.857856972752
    ));
#6754 = CARTESIAN_POINT('',(1.425312128521,0.270000355677,0.857856972752
    ));
#6755 = ORIENTED_EDGE('',*,*,#6756,.T.);
#6756 = EDGE_CURVE('',#6748,#6757,#6759,.T.);
#6757 = VERTEX_POINT('',#6758);
#6758 = CARTESIAN_POINT('',(1.425312128521,0.252594808158,0.857856972752
    ));
#6759 = B_SPLINE_CURVE_WITH_KNOTS('',1,(#6760,#6761),.UNSPECIFIED.,.F.,
  .F.,(2,2),(-1.740554751886E-02,-0.),.PIECEWISE_BEZIER_KNOTS.);
#6760 = CARTESIAN_POINT('',(1.425312128521,0.270000355677,0.857856972752
    ));
#6761 = CARTESIAN_POINT('',(1.425312128521,0.252594808158,0.857856972752
    ));
#6762 = ORIENTED_EDGE('',*,*,#6763,.T.);
#6763 = EDGE_CURVE('',#6757,#6712,#6764,.T.);
#6764 = B_SPLINE_CURVE_WITH_KNOTS('',1,(#6765,#6766),.UNSPECIFIED.,.F.,
  .F.,(2,2),(-6.10129945294E-02,0.),.PIECEWISE_BEZIER_KNOTS.);
#6765 = CARTESIAN_POINT('',(1.425312128521,0.252594808158,0.857856972752
    ));
#6766 = CARTESIAN_POINT('',(1.433803496168,0.252594808158,0.797437752491
    ));
#6767 = FACE_BOUND('',#6768,.T.);
#6768 = EDGE_LOOP('',(#6769,#6778,#6785,#6794,#6803,#6812,#6821));
#6769 = ORIENTED_EDGE('',*,*,#6770,.F.);
#6770 = EDGE_CURVE('',#6771,#6773,#6775,.T.);
#6771 = VERTEX_POINT('',#6772);
#6772 = CARTESIAN_POINT('',(1.426288896272,0.260470974374,0.850906909072
    ));
#6773 = VERTEX_POINT('',#6774);
#6774 = CARTESIAN_POINT('',(1.432835410797,0.260470974374,0.804326037828
    ));
#6775 = B_SPLINE_CURVE_WITH_KNOTS('',1,(#6776,#6777),.UNSPECIFIED.,.F.,
  .F.,(2,2),(0.,4.703864813422E-02),.PIECEWISE_BEZIER_KNOTS.);
#6776 = CARTESIAN_POINT('',(1.426288896272,0.260470974374,0.850906909072
    ));
#6777 = CARTESIAN_POINT('',(1.432835410797,0.260470974374,0.804326037828
    ));
#6778 = ORIENTED_EDGE('',*,*,#6779,.F.);
#6779 = EDGE_CURVE('',#6780,#6771,#6782,.T.);
#6780 = VERTEX_POINT('',#6781);
#6781 = CARTESIAN_POINT('',(1.426288896272,0.269688428302,0.850906909072
    ));
#6782 = B_SPLINE_CURVE_WITH_KNOTS('',1,(#6783,#6784),.UNSPECIFIED.,.F.,
  .F.,(2,2),(0.,9.217453928043E-03),.PIECEWISE_BEZIER_KNOTS.);
#6783 = CARTESIAN_POINT('',(1.426288896272,0.269688428302,0.850906909072
    ));
#6784 = CARTESIAN_POINT('',(1.426288896272,0.260470974374,0.850906909072
    ));
#6785 = ORIENTED_EDGE('',*,*,#6786,.F.);
#6786 = EDGE_CURVE('',#6787,#6780,#6789,.T.);
#6787 = VERTEX_POINT('',#6788);
#6788 = CARTESIAN_POINT('',(1.427087675232,0.287296728614,0.84522330144)
  );
#6789 = B_SPLINE_CURVE_WITH_KNOTS('',3,(#6790,#6791,#6792,#6793),
  .UNSPECIFIED.,.F.,.F.,(4,4),(5.,6.),.PIECEWISE_BEZIER_KNOTS.);
#6790 = CARTESIAN_POINT('',(1.427087675232,0.287296728614,0.84522330144)
  );
#6791 = CARTESIAN_POINT('',(1.426553708862,0.282836167153,0.849022669585
    ));
#6792 = CARTESIAN_POINT('',(1.426288896272,0.276956336137,0.850906909072
    ));
#6793 = CARTESIAN_POINT('',(1.426288896272,0.269688428302,0.850906909072
    ));
#6794 = ORIENTED_EDGE('',*,*,#6795,.F.);
#6795 = EDGE_CURVE('',#6796,#6787,#6798,.T.);
#6796 = VERTEX_POINT('',#6797);
#6797 = CARTESIAN_POINT('',(1.429479670924,0.293987570806,0.828203367716
    ));
#6798 = B_SPLINE_CURVE_WITH_KNOTS('',3,(#6799,#6800,#6801,#6802),
  .UNSPECIFIED.,.F.,.F.,(4,4),(4.,5.),.PIECEWISE_BEZIER_KNOTS.);
#6799 = CARTESIAN_POINT('',(1.429479670924,0.293987570806,0.828203367716
    ));
#6800 = CARTESIAN_POINT('',(1.428420420563,0.293987570806,0.835740325663
    ));
#6801 = CARTESIAN_POINT('',(1.427621641603,0.291757290075,0.841423933295
    ));
#6802 = CARTESIAN_POINT('',(1.427087675232,0.287296728614,0.84522330144)
  );
#6803 = ORIENTED_EDGE('',*,*,#6804,.F.);
#6804 = EDGE_CURVE('',#6805,#6796,#6807,.T.);
#6805 = VERTEX_POINT('',#6806);
#6806 = CARTESIAN_POINT('',(1.431949808037,0.287468288671,0.810627428898
    ));
#6807 = B_SPLINE_CURVE_WITH_KNOTS('',3,(#6808,#6809,#6810,#6811),
  .UNSPECIFIED.,.F.,.F.,(4,4),(3.,4.),.PIECEWISE_BEZIER_KNOTS.);
#6808 = CARTESIAN_POINT('',(1.431949808037,0.287468288671,0.810627428898
    ));
#6809 = CARTESIAN_POINT('',(1.431363747386,0.291819675551,0.814797467106
    ));
#6810 = CARTESIAN_POINT('',(1.430538921285,0.293987570806,0.82066640977)
  );
#6811 = CARTESIAN_POINT('',(1.429479670924,0.293987570806,0.828203367716
    ));
#6812 = ORIENTED_EDGE('',*,*,#6813,.F.);
#6813 = EDGE_CURVE('',#6814,#6805,#6816,.T.);
#6814 = VERTEX_POINT('',#6815);
#6815 = CARTESIAN_POINT('',(1.432835410797,0.269329711821,0.804326037828
    ));
#6816 = B_SPLINE_CURVE_WITH_KNOTS('',3,(#6817,#6818,#6819,#6820),
  .UNSPECIFIED.,.F.,.F.,(4,4),(2.,3.),.PIECEWISE_BEZIER_KNOTS.);
#6817 = CARTESIAN_POINT('',(1.432835410797,0.269329711821,0.804326037828
    ));
#6818 = CARTESIAN_POINT('',(1.432835410797,0.277081107087,0.804326037828
    ));
#6819 = CARTESIAN_POINT('',(1.432540209877,0.28313249816,0.806426501518)
  );
#6820 = CARTESIAN_POINT('',(1.431949808037,0.287468288671,0.810627428898
    ));
#6821 = ORIENTED_EDGE('',*,*,#6822,.F.);
#6822 = EDGE_CURVE('',#6773,#6814,#6823,.T.);
#6823 = B_SPLINE_CURVE_WITH_KNOTS('',1,(#6824,#6825),.UNSPECIFIED.,.F.,
  .F.,(2,2),(0.,8.858737446907E-03),.PIECEWISE_BEZIER_KNOTS.);
#6824 = CARTESIAN_POINT('',(1.432835410797,0.260470974374,0.804326037828
    ));
#6825 = CARTESIAN_POINT('',(1.432835410797,0.269329711821,0.804326037828
    ));
#6826 = B_SPLINE_SURFACE_WITH_KNOTS('',1,1,(
    (#6827,#6828)
    ,(#6829,#6830
    )),.UNSPECIFIED.,.F.,.F.,.F.,(2,2),(2,2),(-2.015830660354E-03,
    5.899716386905E-02),(-3.010878986149E-02,1.956564459051E-02),
  .PIECEWISE_BEZIER_KNOTS.);
#6827 = CARTESIAN_POINT('',(1.425312128521,0.252594808158,0.857856972752
    ));
#6828 = CARTESIAN_POINT('',(1.425312128521,0.30226924261,0.857856972752)
  );
#6829 = CARTESIAN_POINT('',(1.433803496168,0.252594808158,0.797437752491
    ));
#6830 = CARTESIAN_POINT('',(1.433803496168,0.30226924261,0.797437752491)
  );
#6831 = ADVANCED_FACE('',(#6832),#6846,.F.);
#6832 = FACE_BOUND('',#6833,.T.);
#6833 = EDGE_LOOP('',(#6834,#6835,#6840,#6841));
#6834 = ORIENTED_EDGE('',*,*,#1257,.T.);
#6835 = ORIENTED_EDGE('',*,*,#6836,.F.);
#6836 = EDGE_CURVE('',#6714,#1247,#6837,.T.);
#6837 = B_SPLINE_CURVE_WITH_KNOTS('',1,(#6838,#6839),.UNSPECIFIED.,.F.,
  .F.,(2,2),(-0.,1.E-03),.PIECEWISE_BEZIER_KNOTS.);
#6838 = CARTESIAN_POINT('',(1.433803496168,0.269376500927,0.797437752491
    ));
#6839 = CARTESIAN_POINT('',(1.4328132281,0.269376500927,0.79729857939));
#6840 = ORIENTED_EDGE('',*,*,#6711,.F.);
#6841 = ORIENTED_EDGE('',*,*,#6842,.T.);
#6842 = EDGE_CURVE('',#6712,#1258,#6843,.T.);
#6843 = B_SPLINE_CURVE_WITH_KNOTS('',1,(#6844,#6845),.UNSPECIFIED.,.F.,
  .F.,(2,2),(-0.,1.E-03),.PIECEWISE_BEZIER_KNOTS.);
#6844 = CARTESIAN_POINT('',(1.433803496168,0.252594808158,0.797437752491
    ));
#6845 = CARTESIAN_POINT('',(1.4328132281,0.252594808158,0.79729857939));
#6846 = B_SPLINE_SURFACE_WITH_KNOTS('',1,1,(
    (#6847,#6848)
    ,(#6849,#6850)),.UNSPECIFIED.,.F.,.F.,.F.,(2,2),(2,2),(-1.E-03,0.),(
    -1.678169276936E-02,8.142690369034E-35),.PIECEWISE_BEZIER_KNOTS.);
#6847 = CARTESIAN_POINT('',(1.4328132281,0.252594808158,0.79729857939));
#6848 = CARTESIAN_POINT('',(1.4328132281,0.269376500927,0.79729857939));
#6849 = CARTESIAN_POINT('',(1.433803496168,0.252594808158,0.797437752491
    ));
#6850 = CARTESIAN_POINT('',(1.433803496168,0.269376500927,0.797437752491
    ));
#6851 = ADVANCED_FACE('',(#6852),#6862,.F.);
#6852 = FACE_BOUND('',#6853,.F.);
#6853 = EDGE_LOOP('',(#6854,#6855,#6856,#6861));
#6854 = ORIENTED_EDGE('',*,*,#6836,.F.);
#6855 = ORIENTED_EDGE('',*,*,#6720,.T.);
#6856 = ORIENTED_EDGE('',*,*,#6857,.T.);
#6857 = EDGE_CURVE('',#6721,#1249,#6858,.T.);
#6858 = B_SPLINE_CURVE_WITH_KNOTS('',1,(#6859,#6860),.UNSPECIFIED.,.F.,
  .F.,(2,2),(-0.,1.E-03),.PIECEWISE_BEZIER_KNOTS.);
#6859 = CARTESIAN_POINT('',(1.432614010107,0.29306738505,0.805901385595)
  );
#6860 = CARTESIAN_POINT('',(1.431623742038,0.29306738505,0.805762212494)
  );
#6861 = ORIENTED_EDGE('',*,*,#1246,.F.);
#6862 = B_SPLINE_SURFACE_WITH_KNOTS('',3,1,(
    (#6863,#6864)
    ,(#6865,#6866)
    ,(#6867,#6868)
    ,(#6869,#6870
    )),.UNSPECIFIED.,.F.,.F.,.F.,(4,4),(2,2),(5.,6.),(0.,1.),
  .PIECEWISE_BEZIER_KNOTS.);
#6863 = CARTESIAN_POINT('',(1.433803496168,0.269376500927,0.797437752491
    ));
#6864 = CARTESIAN_POINT('',(1.4328132281,0.269376500927,0.79729857939));
#6865 = CARTESIAN_POINT('',(1.433803496168,0.27903065318,0.797437752491)
  );
#6866 = CARTESIAN_POINT('',(1.4328132281,0.27903065318,0.79729857939));
#6867 = CARTESIAN_POINT('',(1.433408447878,0.286938012134,0.800248667135
    ));
#6868 = CARTESIAN_POINT('',(1.432418179809,0.286938012134,0.800109494034
    ));
#6869 = CARTESIAN_POINT('',(1.432614010107,0.29306738505,0.805901385595)
  );
#6870 = CARTESIAN_POINT('',(1.431623742038,0.29306738505,0.805762212494)
  );
#6871 = ADVANCED_FACE('',(#6872),#6882,.F.);
#6872 = FACE_BOUND('',#6873,.F.);
#6873 = EDGE_LOOP('',(#6874,#6875,#6876,#6881));
#6874 = ORIENTED_EDGE('',*,*,#6857,.F.);
#6875 = ORIENTED_EDGE('',*,*,#6729,.T.);
#6876 = ORIENTED_EDGE('',*,*,#6877,.T.);
#6877 = EDGE_CURVE('',#6730,#1288,#6878,.T.);
#6878 = B_SPLINE_CURVE_WITH_KNOTS('',1,(#6879,#6880),.UNSPECIFIED.,.F.,
  .F.,(2,2),(-0.,1.E-03),.PIECEWISE_BEZIER_KNOTS.);
#6879 = CARTESIAN_POINT('',(1.429449282594,0.30226924261,0.828419591919)
  );
#6880 = CARTESIAN_POINT('',(1.428459014526,0.30226924261,0.828280418818)
  );
#6881 = ORIENTED_EDGE('',*,*,#1296,.F.);
#6882 = B_SPLINE_SURFACE_WITH_KNOTS('',3,1,(
    (#6883,#6884)
    ,(#6885,#6886)
    ,(#6887,#6888)
    ,(#6889,#6890
    )),.UNSPECIFIED.,.F.,.F.,.F.,(4,4),(2,2),(4.,5.),(0.,1.),
  .PIECEWISE_BEZIER_KNOTS.);
#6883 = CARTESIAN_POINT('',(1.432614010107,0.29306738505,0.805901385595)
  );
#6884 = CARTESIAN_POINT('',(1.431623742038,0.29306738505,0.805762212494)
  );
#6885 = CARTESIAN_POINT('',(1.431819572337,0.299196757967,0.811554104055
    ));
#6886 = CARTESIAN_POINT('',(1.430829304268,0.299196757967,0.811414930954
    ));
#6887 = CARTESIAN_POINT('',(1.430764663166,0.30226924261,0.81906017283)
  );
#6888 = CARTESIAN_POINT('',(1.429774395097,0.30226924261,0.818920999729)
  );
#6889 = CARTESIAN_POINT('',(1.429449282594,0.30226924261,0.828419591919)
  );
#6890 = CARTESIAN_POINT('',(1.428459014526,0.30226924261,0.828280418818)
  );
#6891 = ADVANCED_FACE('',(#6892),#6902,.F.);
#6892 = FACE_BOUND('',#6893,.F.);
#6893 = EDGE_LOOP('',(#6894,#6895,#6896,#6901));
#6894 = ORIENTED_EDGE('',*,*,#6877,.F.);
#6895 = ORIENTED_EDGE('',*,*,#6738,.T.);
#6896 = ORIENTED_EDGE('',*,*,#6897,.T.);
#6897 = EDGE_CURVE('',#6739,#1279,#6898,.T.);
#6898 = B_SPLINE_CURVE_WITH_KNOTS('',1,(#6899,#6900),.UNSPECIFIED.,.F.,
  .F.,(2,2),(-0.,1.E-03),.PIECEWISE_BEZIER_KNOTS.);
#6899 = CARTESIAN_POINT('',(1.426436496732,0.29306738505,0.849856677227)
  );
#6900 = CARTESIAN_POINT('',(1.425446228663,0.29306738505,0.849717504126)
  );
#6901 = ORIENTED_EDGE('',*,*,#1287,.F.);
#6902 = B_SPLINE_SURFACE_WITH_KNOTS('',3,1,(
    (#6903,#6904)
    ,(#6905,#6906)
    ,(#6907,#6908)
    ,(#6909,#6910
    )),.UNSPECIFIED.,.F.,.F.,.F.,(4,4),(2,2),(3.,4.),(0.,1.),
  .PIECEWISE_BEZIER_KNOTS.);
#6903 = CARTESIAN_POINT('',(1.429449282594,0.30226924261,0.828419591919)
  );
#6904 = CARTESIAN_POINT('',(1.428459014526,0.30226924261,0.828280418818)
  );
#6905 = CARTESIAN_POINT('',(1.428190337493,0.30226924261,0.837377451774)
  );
#6906 = CARTESIAN_POINT('',(1.427200069425,0.30226924261,0.837238278673)
  );
#6907 = CARTESIAN_POINT('',(1.427187522602,0.299196757967,0.844512850486
    ));
#6908 = CARTESIAN_POINT('',(1.426197254534,0.299196757967,0.844373677385
    ));
#6909 = CARTESIAN_POINT('',(1.426436496732,0.29306738505,0.849856677227)
  );
#6910 = CARTESIAN_POINT('',(1.425446228663,0.29306738505,0.849717504126)
  );
#6911 = ADVANCED_FACE('',(#6912),#6922,.F.);
#6912 = FACE_BOUND('',#6913,.F.);
#6913 = EDGE_LOOP('',(#6914,#6915,#6916,#6921));
#6914 = ORIENTED_EDGE('',*,*,#6897,.F.);
#6915 = ORIENTED_EDGE('',*,*,#6747,.T.);
#6916 = ORIENTED_EDGE('',*,*,#6917,.T.);
#6917 = EDGE_CURVE('',#6748,#1272,#6918,.T.);
#6918 = B_SPLINE_CURVE_WITH_KNOTS('',1,(#6919,#6920),.UNSPECIFIED.,.F.,
  .F.,(2,2),(-0.,1.E-03),.PIECEWISE_BEZIER_KNOTS.);
#6919 = CARTESIAN_POINT('',(1.425312128521,0.270000355677,0.857856972752
    ));
#6920 = CARTESIAN_POINT('',(1.424321860452,0.270000355677,0.857717799651
    ));
#6921 = ORIENTED_EDGE('',*,*,#1278,.F.);
#6922 = B_SPLINE_SURFACE_WITH_KNOTS('',3,1,(
    (#6923,#6924)
    ,(#6925,#6926)
    ,(#6927,#6928)
    ,(#6929,#6930
    )),.UNSPECIFIED.,.F.,.F.,.F.,(4,4),(2,2),(2.,3.),(0.,1.),
  .PIECEWISE_BEZIER_KNOTS.);
#6923 = CARTESIAN_POINT('',(1.426436496732,0.29306738505,0.849856677227)
  );
#6924 = CARTESIAN_POINT('',(1.425446228663,0.29306738505,0.849717504126)
  );
#6925 = CARTESIAN_POINT('',(1.425685470861,0.286938012134,0.855200503967
    ));
#6926 = CARTESIAN_POINT('',(1.424695202792,0.286938012134,0.855061330867
    ));
#6927 = CARTESIAN_POINT('',(1.425312128521,0.279249002342,0.857856972752
    ));
#6928 = CARTESIAN_POINT('',(1.424321860452,0.279249002342,0.857717799651
    ));
#6929 = CARTESIAN_POINT('',(1.425312128521,0.270000355677,0.857856972752
    ));
#6930 = CARTESIAN_POINT('',(1.424321860452,0.270000355677,0.857717799651
    ));
#6931 = ADVANCED_FACE('',(#6932),#6942,.F.);
#6932 = FACE_BOUND('',#6933,.T.);
#6933 = EDGE_LOOP('',(#6934,#6935,#6940,#6941));
#6934 = ORIENTED_EDGE('',*,*,#1271,.T.);
#6935 = ORIENTED_EDGE('',*,*,#6936,.F.);
#6936 = EDGE_CURVE('',#6757,#1265,#6937,.T.);
#6937 = B_SPLINE_CURVE_WITH_KNOTS('',1,(#6938,#6939),.UNSPECIFIED.,.F.,
  .F.,(2,2),(-0.,1.E-03),.PIECEWISE_BEZIER_KNOTS.);
#6938 = CARTESIAN_POINT('',(1.425312128521,0.252594808158,0.857856972752
    ));
#6939 = CARTESIAN_POINT('',(1.424321860452,0.252594808158,0.857717799651
    ));
#6940 = ORIENTED_EDGE('',*,*,#6756,.F.);
#6941 = ORIENTED_EDGE('',*,*,#6917,.T.);
#6942 = B_SPLINE_SURFACE_WITH_KNOTS('',1,1,(
    (#6943,#6944)
    ,(#6945,#6946
    )),.UNSPECIFIED.,.F.,.F.,.F.,(2,2),(2,2),(0.,1.E-03),(0.,
    1.740554751886E-02),.PIECEWISE_BEZIER_KNOTS.);
#6943 = CARTESIAN_POINT('',(1.425312128521,0.252594808158,0.857856972752
    ));
#6944 = CARTESIAN_POINT('',(1.425312128521,0.270000355677,0.857856972752
    ));
#6945 = CARTESIAN_POINT('',(1.424321860452,0.252594808158,0.857717799651
    ));
#6946 = CARTESIAN_POINT('',(1.424321860452,0.270000355677,0.857717799651
    ));
#6947 = ADVANCED_FACE('',(#6948),#6954,.F.);
#6948 = FACE_BOUND('',#6949,.T.);
#6949 = EDGE_LOOP('',(#6950,#6951,#6952,#6953));
#6950 = ORIENTED_EDGE('',*,*,#1264,.T.);
#6951 = ORIENTED_EDGE('',*,*,#6842,.F.);
#6952 = ORIENTED_EDGE('',*,*,#6763,.F.);
#6953 = ORIENTED_EDGE('',*,*,#6936,.T.);
#6954 = B_SPLINE_SURFACE_WITH_KNOTS('',1,1,(
    (#6955,#6956)
    ,(#6957,#6958
    )),.UNSPECIFIED.,.F.,.F.,.F.,(2,2),(2,2),(-1.391731009601E-04,
    6.041922026077E-02),(-9.481635716258E-03,0.),
  .PIECEWISE_BEZIER_KNOTS.);
#6955 = CARTESIAN_POINT('',(1.424321860452,0.252594808158,0.79729857939)
  );
#6956 = CARTESIAN_POINT('',(1.433803496168,0.252594808158,0.79729857939)
  );
#6957 = CARTESIAN_POINT('',(1.424321860452,0.252594808158,0.857856972752
    ));
#6958 = CARTESIAN_POINT('',(1.433803496168,0.252594808158,0.857856972752
    ));
#6959 = ADVANCED_FACE('',(#6960),#6982,.T.);
#6960 = FACE_BOUND('',#6961,.T.);
#6961 = EDGE_LOOP('',(#6962,#6971,#6976,#6977));
#6962 = ORIENTED_EDGE('',*,*,#6963,.F.);
#6963 = EDGE_CURVE('',#6964,#6966,#6968,.T.);
#6964 = VERTEX_POINT('',#6965);
#6965 = CARTESIAN_POINT('',(1.425298628203,0.269688428302,0.850767735971
    ));
#6966 = VERTEX_POINT('',#6967);
#6967 = CARTESIAN_POINT('',(1.425298628203,0.260470974374,0.850767735971
    ));
#6968 = B_SPLINE_CURVE_WITH_KNOTS('',1,(#6969,#6970),.UNSPECIFIED.,.F.,
  .F.,(2,2),(0.,9.217453928043E-03),.PIECEWISE_BEZIER_KNOTS.);
#6969 = CARTESIAN_POINT('',(1.425298628203,0.269688428302,0.850767735971
    ));
#6970 = CARTESIAN_POINT('',(1.425298628203,0.260470974374,0.850767735971
    ));
#6971 = ORIENTED_EDGE('',*,*,#6972,.F.);
#6972 = EDGE_CURVE('',#6780,#6964,#6973,.T.);
#6973 = B_SPLINE_CURVE_WITH_KNOTS('',1,(#6974,#6975),.UNSPECIFIED.,.F.,
  .F.,(2,2),(-0.,1.E-03),.PIECEWISE_BEZIER_KNOTS.);
#6974 = CARTESIAN_POINT('',(1.426288896272,0.269688428302,0.850906909072
    ));
#6975 = CARTESIAN_POINT('',(1.425298628203,0.269688428302,0.850767735971
    ));
#6976 = ORIENTED_EDGE('',*,*,#6779,.T.);
#6977 = ORIENTED_EDGE('',*,*,#6978,.T.);
#6978 = EDGE_CURVE('',#6771,#6966,#6979,.T.);
#6979 = B_SPLINE_CURVE_WITH_KNOTS('',1,(#6980,#6981),.UNSPECIFIED.,.F.,
  .F.,(2,2),(-0.,1.E-03),.PIECEWISE_BEZIER_KNOTS.);
#6980 = CARTESIAN_POINT('',(1.426288896272,0.260470974374,0.850906909072
    ));
#6981 = CARTESIAN_POINT('',(1.425298628203,0.260470974374,0.850767735971
    ));
#6982 = B_SPLINE_SURFACE_WITH_KNOTS('',1,1,(
    (#6983,#6984)
    ,(#6985,#6986)),.UNSPECIFIED.,.F.,.F.,.F.,(2,2),(2,2),(0.,1.E-03),(
    -9.217453928043E-03,0.),.PIECEWISE_BEZIER_KNOTS.);
#6983 = CARTESIAN_POINT('',(1.426288896272,0.260470974374,0.850906909072
    ));
#6984 = CARTESIAN_POINT('',(1.426288896272,0.269688428302,0.850906909072
    ));
#6985 = CARTESIAN_POINT('',(1.425298628203,0.260470974374,0.850767735971
    ));
#6986 = CARTESIAN_POINT('',(1.425298628203,0.269688428302,0.850767735971
    ));
#6987 = ADVANCED_FACE('',(#6988),#7004,.T.);
#6988 = FACE_BOUND('',#6989,.T.);
#6989 = EDGE_LOOP('',(#6990,#6997,#6998,#6999));
#6990 = ORIENTED_EDGE('',*,*,#6991,.F.);
#6991 = EDGE_CURVE('',#6966,#6992,#6994,.T.);
#6992 = VERTEX_POINT('',#6993);
#6993 = CARTESIAN_POINT('',(1.431845142729,0.260470974374,0.804186864727
    ));
#6994 = B_SPLINE_CURVE_WITH_KNOTS('',1,(#6995,#6996),.UNSPECIFIED.,.F.,
  .F.,(2,2),(-3.090263621887E-17,4.703864813422E-02),
  .PIECEWISE_BEZIER_KNOTS.);
#6995 = CARTESIAN_POINT('',(1.425298628203,0.260470974374,0.850767735971
    ));
#6996 = CARTESIAN_POINT('',(1.431845142729,0.260470974374,0.804186864727
    ));
#6997 = ORIENTED_EDGE('',*,*,#6978,.F.);
#6998 = ORIENTED_EDGE('',*,*,#6770,.T.);
#6999 = ORIENTED_EDGE('',*,*,#7000,.T.);
#7000 = EDGE_CURVE('',#6773,#6992,#7001,.T.);
#7001 = B_SPLINE_CURVE_WITH_KNOTS('',1,(#7002,#7003),.UNSPECIFIED.,.F.,
  .F.,(2,2),(-0.,9.999999999999E-04),.PIECEWISE_BEZIER_KNOTS.);
#7002 = CARTESIAN_POINT('',(1.432835410797,0.260470974374,0.804326037828
    ));
#7003 = CARTESIAN_POINT('',(1.431845142729,0.260470974374,0.804186864727
    ));
#7004 = B_SPLINE_SURFACE_WITH_KNOTS('',1,1,(
    (#7005,#7006)
    ,(#7007,#7008
    )),.UNSPECIFIED.,.F.,.F.,.F.,(2,2),(2,2),(-4.672004434505E-02,0.),(
    -9.902680687419E-04,6.546514525809E-03),.PIECEWISE_BEZIER_KNOTS.);
#7005 = CARTESIAN_POINT('',(1.425298628203,0.260470974374,0.804186864727
    ));
#7006 = CARTESIAN_POINT('',(1.432835410797,0.260470974374,0.804186864727
    ));
#7007 = CARTESIAN_POINT('',(1.425298628203,0.260470974374,0.850906909072
    ));
#7008 = CARTESIAN_POINT('',(1.432835410797,0.260470974374,0.850906909072
    ));
#7009 = ADVANCED_FACE('',(#7010),#7026,.T.);
#7010 = FACE_BOUND('',#7011,.T.);
#7011 = EDGE_LOOP('',(#7012,#7019,#7020,#7021));
#7012 = ORIENTED_EDGE('',*,*,#7013,.F.);
#7013 = EDGE_CURVE('',#6992,#7014,#7016,.T.);
#7014 = VERTEX_POINT('',#7015);
#7015 = CARTESIAN_POINT('',(1.431845142729,0.269329711821,0.804186864727
    ));
#7016 = B_SPLINE_CURVE_WITH_KNOTS('',1,(#7017,#7018),.UNSPECIFIED.,.F.,
  .F.,(2,2),(0.,8.858737446907E-03),.PIECEWISE_BEZIER_KNOTS.);
#7017 = CARTESIAN_POINT('',(1.431845142729,0.260470974374,0.804186864727
    ));
#7018 = CARTESIAN_POINT('',(1.431845142729,0.269329711821,0.804186864727
    ));
#7019 = ORIENTED_EDGE('',*,*,#7000,.F.);
#7020 = ORIENTED_EDGE('',*,*,#6822,.T.);
#7021 = ORIENTED_EDGE('',*,*,#7022,.T.);
#7022 = EDGE_CURVE('',#6814,#7014,#7023,.T.);
#7023 = B_SPLINE_CURVE_WITH_KNOTS('',1,(#7024,#7025),.UNSPECIFIED.,.F.,
  .F.,(2,2),(-0.,9.999999999999E-04),.PIECEWISE_BEZIER_KNOTS.);
#7024 = CARTESIAN_POINT('',(1.432835410797,0.269329711821,0.804326037828
    ));
#7025 = CARTESIAN_POINT('',(1.431845142729,0.269329711821,0.804186864727
    ));
#7026 = B_SPLINE_SURFACE_WITH_KNOTS('',1,1,(
    (#7027,#7028)
    ,(#7029,#7030
    )),.UNSPECIFIED.,.F.,.F.,.F.,(2,2),(2,2),(-9.999999999999E-04,0.),(
    0.,8.858737446907E-03),.PIECEWISE_BEZIER_KNOTS.);
#7027 = CARTESIAN_POINT('',(1.431845142729,0.260470974374,0.804186864727
    ));
#7028 = CARTESIAN_POINT('',(1.431845142729,0.269329711821,0.804186864727
    ));
#7029 = CARTESIAN_POINT('',(1.432835410797,0.260470974374,0.804326037828
    ));
#7030 = CARTESIAN_POINT('',(1.432835410797,0.269329711821,0.804326037828
    ));
#7031 = ADVANCED_FACE('',(#7032),#7050,.T.);
#7032 = FACE_BOUND('',#7033,.T.);
#7033 = EDGE_LOOP('',(#7034,#7043,#7044,#7045));
#7034 = ORIENTED_EDGE('',*,*,#7035,.F.);
#7035 = EDGE_CURVE('',#7014,#7036,#7038,.T.);
#7036 = VERTEX_POINT('',#7037);
#7037 = CARTESIAN_POINT('',(1.430959539968,0.287468288671,0.810488255797
    ));
#7038 = B_SPLINE_CURVE_WITH_KNOTS('',3,(#7039,#7040,#7041,#7042),
  .UNSPECIFIED.,.F.,.F.,(4,4),(2.,3.),.PIECEWISE_BEZIER_KNOTS.);
#7039 = CARTESIAN_POINT('',(1.431845142729,0.269329711821,0.804186864727
    ));
#7040 = CARTESIAN_POINT('',(1.431845142729,0.277081107087,0.804186864727
    ));
#7041 = CARTESIAN_POINT('',(1.431549941808,0.28313249816,0.806287328417)
  );
#7042 = CARTESIAN_POINT('',(1.430959539968,0.287468288671,0.810488255797
    ));
#7043 = ORIENTED_EDGE('',*,*,#7022,.F.);
#7044 = ORIENTED_EDGE('',*,*,#6813,.T.);
#7045 = ORIENTED_EDGE('',*,*,#7046,.T.);
#7046 = EDGE_CURVE('',#6805,#7036,#7047,.T.);
#7047 = B_SPLINE_CURVE_WITH_KNOTS('',1,(#7048,#7049),.UNSPECIFIED.,.F.,
  .F.,(2,2),(-0.,1.E-03),.PIECEWISE_BEZIER_KNOTS.);
#7048 = CARTESIAN_POINT('',(1.431949808037,0.287468288671,0.810627428898
    ));
#7049 = CARTESIAN_POINT('',(1.430959539968,0.287468288671,0.810488255797
    ));
#7050 = B_SPLINE_SURFACE_WITH_KNOTS('',3,1,(
    (#7051,#7052)
    ,(#7053,#7054)
    ,(#7055,#7056)
    ,(#7057,#7058
    )),.UNSPECIFIED.,.F.,.F.,.F.,(4,4),(2,2),(2.,3.),(0.,1.),
  .PIECEWISE_BEZIER_KNOTS.);
#7051 = CARTESIAN_POINT('',(1.432835410797,0.269329711821,0.804326037828
    ));
#7052 = CARTESIAN_POINT('',(1.431845142729,0.269329711821,0.804186864727
    ));
#7053 = CARTESIAN_POINT('',(1.432835410797,0.277081107087,0.804326037828
    ));
#7054 = CARTESIAN_POINT('',(1.431845142729,0.277081107087,0.804186864727
    ));
#7055 = CARTESIAN_POINT('',(1.432540209877,0.28313249816,0.806426501518)
  );
#7056 = CARTESIAN_POINT('',(1.431549941808,0.28313249816,0.806287328417)
  );
#7057 = CARTESIAN_POINT('',(1.431949808037,0.287468288671,0.810627428898
    ));
#7058 = CARTESIAN_POINT('',(1.430959539968,0.287468288671,0.810488255797
    ));
#7059 = ADVANCED_FACE('',(#7060),#7078,.T.);
#7060 = FACE_BOUND('',#7061,.T.);
#7061 = EDGE_LOOP('',(#7062,#7071,#7072,#7073));
#7062 = ORIENTED_EDGE('',*,*,#7063,.F.);
#7063 = EDGE_CURVE('',#7036,#7064,#7066,.T.);
#7064 = VERTEX_POINT('',#7065);
#7065 = CARTESIAN_POINT('',(1.428489402856,0.293987570806,0.828064194615
    ));
#7066 = B_SPLINE_CURVE_WITH_KNOTS('',3,(#7067,#7068,#7069,#7070),
  .UNSPECIFIED.,.F.,.F.,(4,4),(3.,4.),.PIECEWISE_BEZIER_KNOTS.);
#7067 = CARTESIAN_POINT('',(1.430959539968,0.287468288671,0.810488255797
    ));
#7068 = CARTESIAN_POINT('',(1.430373479317,0.291819675551,0.814658294005
    ));
#7069 = CARTESIAN_POINT('',(1.429548653217,0.293987570806,0.820527236669
    ));
#7070 = CARTESIAN_POINT('',(1.428489402856,0.293987570806,0.828064194615
    ));
#7071 = ORIENTED_EDGE('',*,*,#7046,.F.);
#7072 = ORIENTED_EDGE('',*,*,#6804,.T.);
#7073 = ORIENTED_EDGE('',*,*,#7074,.T.);
#7074 = EDGE_CURVE('',#6796,#7064,#7075,.T.);
#7075 = B_SPLINE_CURVE_WITH_KNOTS('',1,(#7076,#7077),.UNSPECIFIED.,.F.,
  .F.,(2,2),(-0.,1.E-03),.PIECEWISE_BEZIER_KNOTS.);
#7076 = CARTESIAN_POINT('',(1.429479670924,0.293987570806,0.828203367716
    ));
#7077 = CARTESIAN_POINT('',(1.428489402856,0.293987570806,0.828064194615
    ));
#7078 = B_SPLINE_SURFACE_WITH_KNOTS('',3,1,(
    (#7079,#7080)
    ,(#7081,#7082)
    ,(#7083,#7084)
    ,(#7085,#7086
    )),.UNSPECIFIED.,.F.,.F.,.F.,(4,4),(2,2),(3.,4.),(0.,1.),
  .PIECEWISE_BEZIER_KNOTS.);
#7079 = CARTESIAN_POINT('',(1.431949808037,0.287468288671,0.810627428898
    ));
#7080 = CARTESIAN_POINT('',(1.430959539968,0.287468288671,0.810488255797
    ));
#7081 = CARTESIAN_POINT('',(1.431363747386,0.291819675551,0.814797467106
    ));
#7082 = CARTESIAN_POINT('',(1.430373479317,0.291819675551,0.814658294005
    ));
#7083 = CARTESIAN_POINT('',(1.430538921285,0.293987570806,0.82066640977)
  );
#7084 = CARTESIAN_POINT('',(1.429548653217,0.293987570806,0.820527236669
    ));
#7085 = CARTESIAN_POINT('',(1.429479670924,0.293987570806,0.828203367716
    ));
#7086 = CARTESIAN_POINT('',(1.428489402856,0.293987570806,0.828064194615
    ));
#7087 = ADVANCED_FACE('',(#7088),#7106,.T.);
#7088 = FACE_BOUND('',#7089,.T.);
#7089 = EDGE_LOOP('',(#7090,#7099,#7100,#7101));
#7090 = ORIENTED_EDGE('',*,*,#7091,.F.);
#7091 = EDGE_CURVE('',#7064,#7092,#7094,.T.);
#7092 = VERTEX_POINT('',#7093);
#7093 = CARTESIAN_POINT('',(1.426097407164,0.287296728614,0.845084128339
    ));
#7094 = B_SPLINE_CURVE_WITH_KNOTS('',3,(#7095,#7096,#7097,#7098),
  .UNSPECIFIED.,.F.,.F.,(4,4),(4.,5.),.PIECEWISE_BEZIER_KNOTS.);
#7095 = CARTESIAN_POINT('',(1.428489402856,0.293987570806,0.828064194615
    ));
#7096 = CARTESIAN_POINT('',(1.427430152495,0.293987570806,0.835601152562
    ));
#7097 = CARTESIAN_POINT('',(1.426631373534,0.291757290075,0.841284760194
    ));
#7098 = CARTESIAN_POINT('',(1.426097407164,0.287296728614,0.845084128339
    ));
#7099 = ORIENTED_EDGE('',*,*,#7074,.F.);
#7100 = ORIENTED_EDGE('',*,*,#6795,.T.);
#7101 = ORIENTED_EDGE('',*,*,#7102,.T.);
#7102 = EDGE_CURVE('',#6787,#7092,#7103,.T.);
#7103 = B_SPLINE_CURVE_WITH_KNOTS('',1,(#7104,#7105),.UNSPECIFIED.,.F.,
  .F.,(2,2),(-0.,1.E-03),.PIECEWISE_BEZIER_KNOTS.);
#7104 = CARTESIAN_POINT('',(1.427087675232,0.287296728614,0.84522330144)
  );
#7105 = CARTESIAN_POINT('',(1.426097407164,0.287296728614,0.845084128339
    ));
#7106 = B_SPLINE_SURFACE_WITH_KNOTS('',3,1,(
    (#7107,#7108)
    ,(#7109,#7110)
    ,(#7111,#7112)
    ,(#7113,#7114
    )),.UNSPECIFIED.,.F.,.F.,.F.,(4,4),(2,2),(4.,5.),(0.,1.),
  .PIECEWISE_BEZIER_KNOTS.);
#7107 = CARTESIAN_POINT('',(1.429479670924,0.293987570806,0.828203367716
    ));
#7108 = CARTESIAN_POINT('',(1.428489402856,0.293987570806,0.828064194615
    ));
#7109 = CARTESIAN_POINT('',(1.428420420563,0.293987570806,0.835740325663
    ));
#7110 = CARTESIAN_POINT('',(1.427430152495,0.293987570806,0.835601152562
    ));
#7111 = CARTESIAN_POINT('',(1.427621641603,0.291757290075,0.841423933295
    ));
#7112 = CARTESIAN_POINT('',(1.426631373534,0.291757290075,0.841284760194
    ));
#7113 = CARTESIAN_POINT('',(1.427087675232,0.287296728614,0.84522330144)
  );
#7114 = CARTESIAN_POINT('',(1.426097407164,0.287296728614,0.845084128339
    ));
#7115 = ADVANCED_FACE('',(#7116),#7128,.T.);
#7116 = FACE_BOUND('',#7117,.T.);
#7117 = EDGE_LOOP('',(#7118,#7125,#7126,#7127));
#7118 = ORIENTED_EDGE('',*,*,#7119,.F.);
#7119 = EDGE_CURVE('',#7092,#6964,#7120,.T.);
#7120 = B_SPLINE_CURVE_WITH_KNOTS('',3,(#7121,#7122,#7123,#7124),
  .UNSPECIFIED.,.F.,.F.,(4,4),(5.,6.),.PIECEWISE_BEZIER_KNOTS.);
#7121 = CARTESIAN_POINT('',(1.426097407164,0.287296728614,0.845084128339
    ));
#7122 = CARTESIAN_POINT('',(1.425563440793,0.282836167153,0.848883496484
    ));
#7123 = CARTESIAN_POINT('',(1.425298628203,0.276956336137,0.850767735971
    ));
#7124 = CARTESIAN_POINT('',(1.425298628203,0.269688428302,0.850767735971
    ));
#7125 = ORIENTED_EDGE('',*,*,#7102,.F.);
#7126 = ORIENTED_EDGE('',*,*,#6786,.T.);
#7127 = ORIENTED_EDGE('',*,*,#6972,.T.);
#7128 = B_SPLINE_SURFACE_WITH_KNOTS('',3,1,(
    (#7129,#7130)
    ,(#7131,#7132)
    ,(#7133,#7134)
    ,(#7135,#7136
    )),.UNSPECIFIED.,.F.,.F.,.F.,(4,4),(2,2),(5.,6.),(0.,1.),
  .PIECEWISE_BEZIER_KNOTS.);
#7129 = CARTESIAN_POINT('',(1.427087675232,0.287296728614,0.84522330144)
  );
#7130 = CARTESIAN_POINT('',(1.426097407164,0.287296728614,0.845084128339
    ));
#7131 = CARTESIAN_POINT('',(1.426553708862,0.282836167153,0.849022669585
    ));
#7132 = CARTESIAN_POINT('',(1.425563440793,0.282836167153,0.848883496484
    ));
#7133 = CARTESIAN_POINT('',(1.426288896272,0.276956336137,0.850906909072
    ));
#7134 = CARTESIAN_POINT('',(1.425298628203,0.276956336137,0.850767735971
    ));
#7135 = CARTESIAN_POINT('',(1.426288896272,0.269688428302,0.850906909072
    ));
#7136 = CARTESIAN_POINT('',(1.425298628203,0.269688428302,0.850767735971
    ));
#7137 = ADVANCED_FACE('',(#7138),#7147,.T.);
#7138 = FACE_BOUND('',#7139,.T.);
#7139 = EDGE_LOOP('',(#7140,#7141,#7142,#7143,#7144,#7145,#7146));
#7140 = ORIENTED_EDGE('',*,*,#6963,.T.);
#7141 = ORIENTED_EDGE('',*,*,#6991,.T.);
#7142 = ORIENTED_EDGE('',*,*,#7013,.T.);
#7143 = ORIENTED_EDGE('',*,*,#7035,.T.);
#7144 = ORIENTED_EDGE('',*,*,#7063,.T.);
#7145 = ORIENTED_EDGE('',*,*,#7091,.T.);
#7146 = ORIENTED_EDGE('',*,*,#7119,.T.);
#7147 = B_SPLINE_SURFACE_WITH_KNOTS('',1,1,(
    (#7148,#7149)
    ,(#7150,#7151
    )),.UNSPECIFIED.,.F.,.F.,.F.,(2,2),(2,2),(-0.293987570806,
    -0.260470974374),(0.251690037153,0.298728685288),
  .PIECEWISE_BEZIER_KNOTS.);
#7148 = CARTESIAN_POINT('',(1.425298628203,0.293987570806,0.850767735971
    ));
#7149 = CARTESIAN_POINT('',(1.431845142729,0.293987570806,0.804186864727
    ));
#7150 = CARTESIAN_POINT('',(1.425298628203,0.260470974374,0.850767735971
    ));
#7151 = CARTESIAN_POINT('',(1.431845142729,0.260470974374,0.804186864727
    ));
#7152 = ADVANCED_FACE('',(#7153,#7211),#7259,.F.);
#7153 = FACE_BOUND('',#7154,.T.);
#7154 = EDGE_LOOP('',(#7155,#7164,#7171,#7178,#7185,#7192,#7199,#7206));
#7155 = ORIENTED_EDGE('',*,*,#7156,.T.);
#7156 = EDGE_CURVE('',#7157,#7159,#7161,.T.);
#7157 = VERTEX_POINT('',#7158);
#7158 = CARTESIAN_POINT('',(1.433803496168,0.360552872609,0.797437752491
    ));
#7159 = VERTEX_POINT('',#7160);
#7160 = CARTESIAN_POINT('',(1.425312128521,0.337314283179,0.857856972752
    ));
#7161 = B_SPLINE_CURVE_WITH_KNOTS('',1,(#7162,#7163),.UNSPECIFIED.,.F.,
  .F.,(2,2),(-6.528872444851E-02,0.),.PIECEWISE_BEZIER_KNOTS.);
#7162 = CARTESIAN_POINT('',(1.433803496168,0.360552872609,0.797437752491
    ));
#7163 = CARTESIAN_POINT('',(1.425312128521,0.337314283179,0.857856972752
    ));
#7164 = ORIENTED_EDGE('',*,*,#7165,.T.);
#7165 = EDGE_CURVE('',#7159,#7166,#7168,.T.);
#7166 = VERTEX_POINT('',#7167);
#7167 = CARTESIAN_POINT('',(1.425312128521,0.328892244057,0.857856972752
    ));
#7168 = B_SPLINE_CURVE_WITH_KNOTS('',1,(#7169,#7170),.UNSPECIFIED.,.F.,
  .F.,(2,2),(-8.422039122552E-03,-0.),.PIECEWISE_BEZIER_KNOTS.);
#7169 = CARTESIAN_POINT('',(1.425312128521,0.337314283179,0.857856972752
    ));
#7170 = CARTESIAN_POINT('',(1.425312128521,0.328892244057,0.857856972752
    ));
#7171 = ORIENTED_EDGE('',*,*,#7172,.T.);
#7172 = EDGE_CURVE('',#7166,#7173,#7175,.T.);
#7173 = VERTEX_POINT('',#7174);
#7174 = CARTESIAN_POINT('',(1.433803496168,0.305653654627,0.797437752491
    ));
#7175 = B_SPLINE_CURVE_WITH_KNOTS('',1,(#7176,#7177),.UNSPECIFIED.,.F.,
  .F.,(2,2),(-6.528872444865E-02,0.),.PIECEWISE_BEZIER_KNOTS.);
#7176 = CARTESIAN_POINT('',(1.425312128521,0.328892244057,0.857856972752
    ));
#7177 = CARTESIAN_POINT('',(1.433803496168,0.305653654627,0.797437752491
    ));
#7178 = ORIENTED_EDGE('',*,*,#7179,.T.);
#7179 = EDGE_CURVE('',#7173,#7180,#7182,.T.);
#7180 = VERTEX_POINT('',#7181);
#7181 = CARTESIAN_POINT('',(1.433803496168,0.314356428386,0.797437752491
    ));
#7182 = B_SPLINE_CURVE_WITH_KNOTS('',1,(#7183,#7184),.UNSPECIFIED.,.F.,
  .F.,(2,2),(-8.702773759636E-03,0.),.PIECEWISE_BEZIER_KNOTS.);
#7183 = CARTESIAN_POINT('',(1.433803496168,0.305653654627,0.797437752491
    ));
#7184 = CARTESIAN_POINT('',(1.433803496168,0.314356428386,0.797437752491
    ));
#7185 = ORIENTED_EDGE('',*,*,#7186,.T.);
#7186 = EDGE_CURVE('',#7180,#7187,#7189,.T.);
#7187 = VERTEX_POINT('',#7188);
#7188 = CARTESIAN_POINT('',(1.431480959516,0.320220663034,0.813963459464
    ));
#7189 = B_SPLINE_CURVE_WITH_KNOTS('',1,(#7190,#7191),.UNSPECIFIED.,.F.,
  .F.,(2,2),(-1.768848256523E-02,0.),.PIECEWISE_BEZIER_KNOTS.);
#7190 = CARTESIAN_POINT('',(1.433803496168,0.314356428386,0.797437752491
    ));
#7191 = CARTESIAN_POINT('',(1.431480959516,0.320220663034,0.813963459464
    ));
#7192 = ORIENTED_EDGE('',*,*,#7193,.T.);
#7193 = EDGE_CURVE('',#7187,#7194,#7196,.T.);
#7194 = VERTEX_POINT('',#7195);
#7195 = CARTESIAN_POINT('',(1.431480959516,0.34562714772,0.813963459464)
  );
#7196 = B_SPLINE_CURVE_WITH_KNOTS('',1,(#7197,#7198),.UNSPECIFIED.,.F.,
  .F.,(2,2),(-2.540648468536E-02,0.),.PIECEWISE_BEZIER_KNOTS.);
#7197 = CARTESIAN_POINT('',(1.431480959516,0.320220663034,0.813963459464
    ));
#7198 = CARTESIAN_POINT('',(1.431480959516,0.34562714772,0.813963459464)
  );
#7199 = ORIENTED_EDGE('',*,*,#7200,.T.);
#7200 = EDGE_CURVE('',#7194,#7201,#7203,.T.);
#7201 = VERTEX_POINT('',#7202);
#7202 = CARTESIAN_POINT('',(1.433803496168,0.351850098849,0.797437752491
    ));
#7203 = B_SPLINE_CURVE_WITH_KNOTS('',1,(#7204,#7205),.UNSPECIFIED.,.F.,
  .F.,(2,2),(-1.781062290361E-02,0.),.PIECEWISE_BEZIER_KNOTS.);
#7204 = CARTESIAN_POINT('',(1.431480959516,0.34562714772,0.813963459464)
  );
#7205 = CARTESIAN_POINT('',(1.433803496168,0.351850098849,0.797437752491
    ));
#7206 = ORIENTED_EDGE('',*,*,#7207,.T.);
#7207 = EDGE_CURVE('',#7201,#7157,#7208,.T.);
#7208 = B_SPLINE_CURVE_WITH_KNOTS('',1,(#7209,#7210),.UNSPECIFIED.,.F.,
  .F.,(2,2),(-8.70277375922E-03,0.),.PIECEWISE_BEZIER_KNOTS.);
#7209 = CARTESIAN_POINT('',(1.433803496168,0.351850098849,0.797437752491
    ));
#7210 = CARTESIAN_POINT('',(1.433803496168,0.360552872609,0.797437752491
    ));
#7211 = FACE_BOUND('',#7212,.T.);
#7212 = EDGE_LOOP('',(#7213,#7222,#7229,#7238,#7245,#7254));
#7213 = ORIENTED_EDGE('',*,*,#7214,.F.);
#7214 = EDGE_CURVE('',#7215,#7217,#7219,.T.);
#7215 = VERTEX_POINT('',#7216);
#7216 = CARTESIAN_POINT('',(1.430521556525,0.322716082034,0.820789966457
    ));
#7217 = VERTEX_POINT('',#7218);
#7218 = CARTESIAN_POINT('',(1.430521556525,0.343194114196,0.820789966457
    ));
#7219 = B_SPLINE_CURVE_WITH_KNOTS('',1,(#7220,#7221),.UNSPECIFIED.,.F.,
  .F.,(2,2),(0.,2.047803216182E-02),.PIECEWISE_BEZIER_KNOTS.);
#7220 = CARTESIAN_POINT('',(1.430521556525,0.322716082034,0.820789966457
    ));
#7221 = CARTESIAN_POINT('',(1.430521556525,0.343194114196,0.820789966457
    ));
#7222 = ORIENTED_EDGE('',*,*,#7223,.F.);
#7223 = EDGE_CURVE('',#7224,#7215,#7226,.T.);
#7224 = VERTEX_POINT('',#7225);
#7225 = CARTESIAN_POINT('',(1.426992169052,0.331839957749,0.845902863222
    ));
#7226 = B_SPLINE_CURVE_WITH_KNOTS('',1,(#7227,#7228),.UNSPECIFIED.,.F.,
  .F.,(2,2),(0.,2.695105318789E-02),.PIECEWISE_BEZIER_KNOTS.);
#7227 = CARTESIAN_POINT('',(1.426992169052,0.331839957749,0.845902863222
    ));
#7228 = CARTESIAN_POINT('',(1.430521556525,0.322716082034,0.820789966457
    ));
#7229 = ORIENTED_EDGE('',*,*,#7230,.F.);
#7230 = EDGE_CURVE('',#7231,#7224,#7233,.T.);
#7231 = VERTEX_POINT('',#7232);
#7232 = CARTESIAN_POINT('',(1.426397426022,0.332838125349,0.850134679774
    ));
#7233 = B_SPLINE_CURVE_WITH_KNOTS('',3,(#7234,#7235,#7236,#7237),
  .UNSPECIFIED.,.F.,.F.,(4,4),(3.,4.),.PIECEWISE_BEZIER_KNOTS.);
#7234 = CARTESIAN_POINT('',(1.426397426022,0.332838125349,0.850134679774
    ));
#7235 = CARTESIAN_POINT('',(1.426653556232,0.332541794343,0.848312218631
    ));
#7236 = CARTESIAN_POINT('',(1.426853250972,0.3322142706,0.846891316723)
  );
#7237 = CARTESIAN_POINT('',(1.426992169052,0.331839957749,0.845902863222
    ));
#7238 = ORIENTED_EDGE('',*,*,#7239,.F.);
#7239 = EDGE_CURVE('',#7240,#7231,#7242,.T.);
#7240 = VERTEX_POINT('',#7241);
#7241 = CARTESIAN_POINT('',(1.426397426022,0.333025281774,0.850134679774
    ));
#7242 = B_SPLINE_CURVE_WITH_KNOTS('',1,(#7243,#7244),.UNSPECIFIED.,.F.,
  .F.,(2,2),(0.,1.8715642514E-04),.PIECEWISE_BEZIER_KNOTS.);
#7243 = CARTESIAN_POINT('',(1.426397426022,0.333025281774,0.850134679774
    ));
#7244 = CARTESIAN_POINT('',(1.426397426022,0.332838125349,0.850134679774
    ));
#7245 = ORIENTED_EDGE('',*,*,#7246,.F.);
#7246 = EDGE_CURVE('',#7247,#7240,#7249,.T.);
#7247 = VERTEX_POINT('',#7248);
#7248 = CARTESIAN_POINT('',(1.426992169052,0.333976660267,0.845902863222
    ));
#7249 = B_SPLINE_CURVE_WITH_KNOTS('',3,(#7250,#7251,#7252,#7253),
  .UNSPECIFIED.,.F.,.F.,(4,4),(1.,2.),.PIECEWISE_BEZIER_KNOTS.);
#7250 = CARTESIAN_POINT('',(1.426992169052,0.333976660267,0.845902863222
    ));
#7251 = CARTESIAN_POINT('',(1.426874956922,0.333680329262,0.846736870864
    ));
#7252 = CARTESIAN_POINT('',(1.426679603372,0.333368401886,0.8481268836)
  );
#7253 = CARTESIAN_POINT('',(1.426397426022,0.333025281774,0.850134679774
    ));
#7254 = ORIENTED_EDGE('',*,*,#7255,.F.);
#7255 = EDGE_CURVE('',#7217,#7247,#7256,.T.);
#7256 = B_SPLINE_CURVE_WITH_KNOTS('',1,(#7257,#7258),.UNSPECIFIED.,.F.,
  .F.,(2,2),(0.,2.698287636246E-02),.PIECEWISE_BEZIER_KNOTS.);
#7257 = CARTESIAN_POINT('',(1.430521556525,0.343194114196,0.820789966457
    ));
#7258 = CARTESIAN_POINT('',(1.426992169052,0.333976660267,0.845902863222
    ));
#7259 = B_SPLINE_SURFACE_WITH_KNOTS('',1,1,(
    (#7260,#7261)
    ,(#7262,#7263
    )),.UNSPECIFIED.,.F.,.F.,.F.,(2,2),(2,2),(0.590122002581,
    0.651134997111),(0.305653654627,0.360552872609),
  .PIECEWISE_BEZIER_KNOTS.);
#7260 = CARTESIAN_POINT('',(1.433803496168,0.305653654627,0.797437752491
    ));
#7261 = CARTESIAN_POINT('',(1.433803496168,0.360552872609,0.797437752491
    ));
#7262 = CARTESIAN_POINT('',(1.425312128521,0.305653654627,0.857856972752
    ));
#7263 = CARTESIAN_POINT('',(1.425312128521,0.360552872609,0.857856972752
    ));
#7264 = ADVANCED_FACE('',(#7265),#7279,.F.);
#7265 = FACE_BOUND('',#7266,.T.);
#7266 = EDGE_LOOP('',(#7267,#7268,#7273,#7274));
#7267 = ORIENTED_EDGE('',*,*,#186,.T.);
#7268 = ORIENTED_EDGE('',*,*,#7269,.F.);
#7269 = EDGE_CURVE('',#7159,#178,#7270,.T.);
#7270 = B_SPLINE_CURVE_WITH_KNOTS('',1,(#7271,#7272),.UNSPECIFIED.,.F.,
  .F.,(2,2),(-0.,1.E-03),.PIECEWISE_BEZIER_KNOTS.);
#7271 = CARTESIAN_POINT('',(1.425312128521,0.337314283179,0.857856972752
    ));
#7272 = CARTESIAN_POINT('',(1.424321860452,0.337314283179,0.857717799651
    ));
#7273 = ORIENTED_EDGE('',*,*,#7156,.F.);
#7274 = ORIENTED_EDGE('',*,*,#7275,.T.);
#7275 = EDGE_CURVE('',#7157,#187,#7276,.T.);
#7276 = B_SPLINE_CURVE_WITH_KNOTS('',1,(#7277,#7278),.UNSPECIFIED.,.F.,
  .F.,(2,2),(-0.,1.E-03),.PIECEWISE_BEZIER_KNOTS.);
#7277 = CARTESIAN_POINT('',(1.433803496168,0.360552872609,0.797437752491
    ));
#7278 = CARTESIAN_POINT('',(1.4328132281,0.360552872609,0.79729857939));
#7279 = B_SPLINE_SURFACE_WITH_KNOTS('',1,1,(
    (#7280,#7281)
    ,(#7282,#7283
    )),.UNSPECIFIED.,.F.,.F.,.F.,(2,2),(2,2),(0.,6.486302979517E-02),(
    -9.914853101765E-04,8.501805270282E-03),.PIECEWISE_BEZIER_KNOTS.);
#7280 = CARTESIAN_POINT('',(1.424321860452,0.337268328384,0.85783963986)
  );
#7281 = CARTESIAN_POINT('',(1.433803496168,0.337708337145,0.858005599132
    ));
#7282 = CARTESIAN_POINT('',(1.424321860452,0.360158818643,0.797149953011
    ));
#7283 = CARTESIAN_POINT('',(1.433803496168,0.360598827404,0.797315912282
    ));
#7284 = ADVANCED_FACE('',(#7285),#7295,.F.);
#7285 = FACE_BOUND('',#7286,.T.);
#7286 = EDGE_LOOP('',(#7287,#7288,#7293,#7294));
#7287 = ORIENTED_EDGE('',*,*,#177,.T.);
#7288 = ORIENTED_EDGE('',*,*,#7289,.F.);
#7289 = EDGE_CURVE('',#7166,#180,#7290,.T.);
#7290 = B_SPLINE_CURVE_WITH_KNOTS('',1,(#7291,#7292),.UNSPECIFIED.,.F.,
  .F.,(2,2),(-0.,1.E-03),.PIECEWISE_BEZIER_KNOTS.);
#7291 = CARTESIAN_POINT('',(1.425312128521,0.328892244057,0.857856972752
    ));
#7292 = CARTESIAN_POINT('',(1.424321860452,0.328892244057,0.857717799651
    ));
#7293 = ORIENTED_EDGE('',*,*,#7165,.F.);
#7294 = ORIENTED_EDGE('',*,*,#7269,.T.);
#7295 = B_SPLINE_SURFACE_WITH_KNOTS('',1,1,(
    (#7296,#7297)
    ,(#7298,#7299
    )),.UNSPECIFIED.,.F.,.F.,.F.,(2,2),(2,2),(0.,1.E-03),(0.,
    8.422039122552E-03),.PIECEWISE_BEZIER_KNOTS.);
#7296 = CARTESIAN_POINT('',(1.425312128521,0.328892244057,0.857856972752
    ));
#7297 = CARTESIAN_POINT('',(1.425312128521,0.337314283179,0.857856972752
    ));
#7298 = CARTESIAN_POINT('',(1.424321860452,0.328892244057,0.857717799651
    ));
#7299 = CARTESIAN_POINT('',(1.424321860452,0.337314283179,0.857717799651
    ));
#7300 = ADVANCED_FACE('',(#7301),#7311,.F.);
#7301 = FACE_BOUND('',#7302,.T.);
#7302 = EDGE_LOOP('',(#7303,#7304,#7309,#7310));
#7303 = ORIENTED_EDGE('',*,*,#228,.T.);
#7304 = ORIENTED_EDGE('',*,*,#7305,.F.);
#7305 = EDGE_CURVE('',#7173,#222,#7306,.T.);
#7306 = B_SPLINE_CURVE_WITH_KNOTS('',1,(#7307,#7308),.UNSPECIFIED.,.F.,
  .F.,(2,2),(-0.,1.E-03),.PIECEWISE_BEZIER_KNOTS.);
#7307 = CARTESIAN_POINT('',(1.433803496168,0.305653654627,0.797437752491
    ));
#7308 = CARTESIAN_POINT('',(1.4328132281,0.305653654627,0.79729857939));
#7309 = ORIENTED_EDGE('',*,*,#7172,.F.);
#7310 = ORIENTED_EDGE('',*,*,#7289,.T.);
#7311 = B_SPLINE_SURFACE_WITH_KNOTS('',1,1,(
    (#7312,#7313)
    ,(#7314,#7315
    )),.UNSPECIFIED.,.F.,.F.,.F.,(2,2),(2,2),(-1.30218584328E-04,
    6.4732811211E-02),(-9.493290580459E-03,0.),
  .PIECEWISE_BEZIER_KNOTS.);
#7312 = CARTESIAN_POINT('',(1.424321860452,0.306047708592,0.797149953011
    ));
#7313 = CARTESIAN_POINT('',(1.433803496168,0.305607699832,0.797315912282
    ));
#7314 = CARTESIAN_POINT('',(1.424321860452,0.328938198852,0.85783963986)
  );
#7315 = CARTESIAN_POINT('',(1.433803496168,0.328498190091,0.858005599132
    ));
#7316 = ADVANCED_FACE('',(#7317),#7327,.F.);
#7317 = FACE_BOUND('',#7318,.T.);
#7318 = EDGE_LOOP('',(#7319,#7320,#7325,#7326));
#7319 = ORIENTED_EDGE('',*,*,#221,.T.);
#7320 = ORIENTED_EDGE('',*,*,#7321,.F.);
#7321 = EDGE_CURVE('',#7180,#215,#7322,.T.);
#7322 = B_SPLINE_CURVE_WITH_KNOTS('',1,(#7323,#7324),.UNSPECIFIED.,.F.,
  .F.,(2,2),(-0.,1.E-03),.PIECEWISE_BEZIER_KNOTS.);
#7323 = CARTESIAN_POINT('',(1.433803496168,0.314356428386,0.797437752491
    ));
#7324 = CARTESIAN_POINT('',(1.4328132281,0.314356428386,0.79729857939));
#7325 = ORIENTED_EDGE('',*,*,#7179,.F.);
#7326 = ORIENTED_EDGE('',*,*,#7305,.T.);
#7327 = B_SPLINE_SURFACE_WITH_KNOTS('',1,1,(
    (#7328,#7329)
    ,(#7330,#7331)),.UNSPECIFIED.,.F.,.F.,.F.,(2,2),(2,2),(-1.E-03,0.),(
    -8.702773759636E-03,0.),.PIECEWISE_BEZIER_KNOTS.);
#7328 = CARTESIAN_POINT('',(1.4328132281,0.305653654627,0.79729857939));
#7329 = CARTESIAN_POINT('',(1.4328132281,0.314356428386,0.79729857939));
#7330 = CARTESIAN_POINT('',(1.433803496168,0.305653654627,0.797437752491
    ));
#7331 = CARTESIAN_POINT('',(1.433803496168,0.314356428386,0.797437752491
    ));
#7332 = ADVANCED_FACE('',(#7333),#7343,.F.);
#7333 = FACE_BOUND('',#7334,.T.);
#7334 = EDGE_LOOP('',(#7335,#7336,#7341,#7342));
#7335 = ORIENTED_EDGE('',*,*,#214,.T.);
#7336 = ORIENTED_EDGE('',*,*,#7337,.F.);
#7337 = EDGE_CURVE('',#7187,#208,#7338,.T.);
#7338 = B_SPLINE_CURVE_WITH_KNOTS('',1,(#7339,#7340),.UNSPECIFIED.,.F.,
  .F.,(2,2),(-0.,1.E-03),.PIECEWISE_BEZIER_KNOTS.);
#7339 = CARTESIAN_POINT('',(1.431480959516,0.320220663034,0.813963459464
    ));
#7340 = CARTESIAN_POINT('',(1.430490691448,0.320220663034,0.813824286363
    ));
#7341 = ORIENTED_EDGE('',*,*,#7186,.F.);
#7342 = ORIENTED_EDGE('',*,*,#7321,.T.);
#7343 = B_SPLINE_SURFACE_WITH_KNOTS('',1,1,(
    (#7344,#7345)
    ,(#7346,#7347
    )),.UNSPECIFIED.,.F.,.F.,.F.,(2,2),(2,2),(-0.,1.766645661075E-02),(
    -9.913238379969E-04,2.325012812632E-03),.PIECEWISE_BEZIER_KNOTS.);
#7344 = CARTESIAN_POINT('',(1.430490691448,0.320263861775,0.813948427078
    ));
#7345 = CARTESIAN_POINT('',(1.433803496168,0.32011934637,0.813998715845)
  );
#7346 = CARTESIAN_POINT('',(1.430490691448,0.314457745051,0.79726332301)
  );
#7347 = CARTESIAN_POINT('',(1.433803496168,0.314313229646,0.797313611777
    ));
#7348 = ADVANCED_FACE('',(#7349),#7359,.F.);
#7349 = FACE_BOUND('',#7350,.T.);
#7350 = EDGE_LOOP('',(#7351,#7352,#7357,#7358));
#7351 = ORIENTED_EDGE('',*,*,#207,.T.);
#7352 = ORIENTED_EDGE('',*,*,#7353,.F.);
#7353 = EDGE_CURVE('',#7194,#201,#7354,.T.);
#7354 = B_SPLINE_CURVE_WITH_KNOTS('',1,(#7355,#7356),.UNSPECIFIED.,.F.,
  .F.,(2,2),(-0.,1.E-03),.PIECEWISE_BEZIER_KNOTS.);
#7355 = CARTESIAN_POINT('',(1.431480959516,0.34562714772,0.813963459464)
  );
#7356 = CARTESIAN_POINT('',(1.430490691448,0.34562714772,0.813824286363)
  );
#7357 = ORIENTED_EDGE('',*,*,#7193,.F.);
#7358 = ORIENTED_EDGE('',*,*,#7337,.T.);
#7359 = B_SPLINE_SURFACE_WITH_KNOTS('',1,1,(
    (#7360,#7361)
    ,(#7362,#7363)),.UNSPECIFIED.,.F.,.F.,.F.,(2,2),(2,2),(-1.E-03,0.),(
    -2.540648468536E-02,5.098974917039E-35),.PIECEWISE_BEZIER_KNOTS.);
#7360 = CARTESIAN_POINT('',(1.430490691448,0.320220663034,0.813824286363
    ));
#7361 = CARTESIAN_POINT('',(1.430490691448,0.34562714772,0.813824286363)
  );
#7362 = CARTESIAN_POINT('',(1.431480959516,0.320220663034,0.813963459464
    ));
#7363 = CARTESIAN_POINT('',(1.431480959516,0.34562714772,0.813963459464)
  );
#7364 = ADVANCED_FACE('',(#7365),#7375,.F.);
#7365 = FACE_BOUND('',#7366,.T.);
#7366 = EDGE_LOOP('',(#7367,#7368,#7373,#7374));
#7367 = ORIENTED_EDGE('',*,*,#200,.T.);
#7368 = ORIENTED_EDGE('',*,*,#7369,.F.);
#7369 = EDGE_CURVE('',#7201,#194,#7370,.T.);
#7370 = B_SPLINE_CURVE_WITH_KNOTS('',1,(#7371,#7372),.UNSPECIFIED.,.F.,
  .F.,(2,2),(-0.,1.E-03),.PIECEWISE_BEZIER_KNOTS.);
#7371 = CARTESIAN_POINT('',(1.433803496168,0.351850098849,0.797437752491
    ));
#7372 = CARTESIAN_POINT('',(1.4328132281,0.351850098849,0.79729857939));
#7373 = ORIENTED_EDGE('',*,*,#7200,.F.);
#7374 = ORIENTED_EDGE('',*,*,#7353,.T.);
#7375 = B_SPLINE_SURFACE_WITH_KNOTS('',1,1,(
    (#7376,#7377)
    ,(#7378,#7379
    )),.UNSPECIFIED.,.F.,.F.,.F.,(2,2),(2,2),(-1.30556207926E-04,
    1.76581801662E-02),(-3.316728296362E-03,0.),
  .PIECEWISE_BEZIER_KNOTS.);
#7376 = CARTESIAN_POINT('',(1.430490691448,0.351744029124,0.797259411215
    ));
#7377 = CARTESIAN_POINT('',(1.433803496168,0.351895324169,0.797315279662
    ));
#7378 = CARTESIAN_POINT('',(1.430490691448,0.3455819224,0.813946759193)
  );
#7379 = CARTESIAN_POINT('',(1.433803496168,0.345733217445,0.81400262764)
  );
#7380 = ADVANCED_FACE('',(#7381),#7387,.F.);
#7381 = FACE_BOUND('',#7382,.T.);
#7382 = EDGE_LOOP('',(#7383,#7384,#7385,#7386));
#7383 = ORIENTED_EDGE('',*,*,#193,.T.);
#7384 = ORIENTED_EDGE('',*,*,#7275,.F.);
#7385 = ORIENTED_EDGE('',*,*,#7207,.F.);
#7386 = ORIENTED_EDGE('',*,*,#7369,.T.);
#7387 = B_SPLINE_SURFACE_WITH_KNOTS('',1,1,(
    (#7388,#7389)
    ,(#7390,#7391)),.UNSPECIFIED.,.F.,.F.,.F.,(2,2),(2,2),(-1.E-03,0.),(
    -8.70277375922E-03,0.),.PIECEWISE_BEZIER_KNOTS.);
#7388 = CARTESIAN_POINT('',(1.4328132281,0.351850098849,0.79729857939));
#7389 = CARTESIAN_POINT('',(1.4328132281,0.360552872609,0.79729857939));
#7390 = CARTESIAN_POINT('',(1.433803496168,0.351850098849,0.797437752491
    ));
#7391 = CARTESIAN_POINT('',(1.433803496168,0.360552872609,0.797437752491
    ));
#7392 = ADVANCED_FACE('',(#7393),#7415,.T.);
#7393 = FACE_BOUND('',#7394,.T.);
#7394 = EDGE_LOOP('',(#7395,#7404,#7409,#7410));
#7395 = ORIENTED_EDGE('',*,*,#7396,.F.);
#7396 = EDGE_CURVE('',#7397,#7399,#7401,.T.);
#7397 = VERTEX_POINT('',#7398);
#7398 = CARTESIAN_POINT('',(1.429531288457,0.322716082034,0.820650793356
    ));
#7399 = VERTEX_POINT('',#7400);
#7400 = CARTESIAN_POINT('',(1.429531288457,0.343194114196,0.820650793356
    ));
#7401 = B_SPLINE_CURVE_WITH_KNOTS('',1,(#7402,#7403),.UNSPECIFIED.,.F.,
  .F.,(2,2),(5.551115123126E-17,2.047803216182E-02),
  .PIECEWISE_BEZIER_KNOTS.);
#7402 = CARTESIAN_POINT('',(1.429531288457,0.322716082034,0.820650793356
    ));
#7403 = CARTESIAN_POINT('',(1.429531288457,0.343194114196,0.820650793356
    ));
#7404 = ORIENTED_EDGE('',*,*,#7405,.F.);
#7405 = EDGE_CURVE('',#7215,#7397,#7406,.T.);
#7406 = B_SPLINE_CURVE_WITH_KNOTS('',1,(#7407,#7408),.UNSPECIFIED.,.F.,
  .F.,(2,2),(-0.,9.999999999999E-04),.PIECEWISE_BEZIER_KNOTS.);
#7407 = CARTESIAN_POINT('',(1.430521556525,0.322716082034,0.820789966457
    ));
#7408 = CARTESIAN_POINT('',(1.429531288457,0.322716082034,0.820650793356
    ));
#7409 = ORIENTED_EDGE('',*,*,#7214,.T.);
#7410 = ORIENTED_EDGE('',*,*,#7411,.T.);
#7411 = EDGE_CURVE('',#7217,#7399,#7412,.T.);
#7412 = B_SPLINE_CURVE_WITH_KNOTS('',1,(#7413,#7414),.UNSPECIFIED.,.F.,
  .F.,(2,2),(-0.,9.999999999999E-04),.PIECEWISE_BEZIER_KNOTS.);
#7413 = CARTESIAN_POINT('',(1.430521556525,0.343194114196,0.820789966457
    ));
#7414 = CARTESIAN_POINT('',(1.429531288457,0.343194114196,0.820650793356
    ));
#7415 = B_SPLINE_SURFACE_WITH_KNOTS('',1,1,(
    (#7416,#7417)
    ,(#7418,#7419
    )),.UNSPECIFIED.,.F.,.F.,.F.,(2,2),(2,2),(-9.999999999999E-04,
    1.545131810943E-17),(-1.309906884127E-34,2.047803216182E-02),
  .PIECEWISE_BEZIER_KNOTS.);
#7416 = CARTESIAN_POINT('',(1.429531288457,0.322716082034,0.820650793356
    ));
#7417 = CARTESIAN_POINT('',(1.429531288457,0.343194114196,0.820650793356
    ));
#7418 = CARTESIAN_POINT('',(1.430521556525,0.322716082034,0.820789966457
    ));
#7419 = CARTESIAN_POINT('',(1.430521556525,0.343194114196,0.820789966457
    ));
#7420 = ADVANCED_FACE('',(#7421),#7437,.T.);
#7421 = FACE_BOUND('',#7422,.T.);
#7422 = EDGE_LOOP('',(#7423,#7430,#7431,#7432));
#7423 = ORIENTED_EDGE('',*,*,#7424,.F.);
#7424 = EDGE_CURVE('',#7399,#7425,#7427,.T.);
#7425 = VERTEX_POINT('',#7426);
#7426 = CARTESIAN_POINT('',(1.426001900983,0.333976660267,0.845763690121
    ));
#7427 = B_SPLINE_CURVE_WITH_KNOTS('',1,(#7428,#7429),.UNSPECIFIED.,.F.,
  .F.,(2,2),(0.,2.698287636246E-02),.PIECEWISE_BEZIER_KNOTS.);
#7428 = CARTESIAN_POINT('',(1.429531288457,0.343194114196,0.820650793356
    ));
#7429 = CARTESIAN_POINT('',(1.426001900983,0.333976660267,0.845763690121
    ));
#7430 = ORIENTED_EDGE('',*,*,#7411,.F.);
#7431 = ORIENTED_EDGE('',*,*,#7255,.T.);
#7432 = ORIENTED_EDGE('',*,*,#7433,.T.);
#7433 = EDGE_CURVE('',#7247,#7425,#7434,.T.);
#7434 = B_SPLINE_CURVE_WITH_KNOTS('',1,(#7435,#7436),.UNSPECIFIED.,.F.,
  .F.,(2,2),(-0.,9.999999999997E-04),.PIECEWISE_BEZIER_KNOTS.);
#7435 = CARTESIAN_POINT('',(1.426992169052,0.333976660267,0.845902863222
    ));
#7436 = CARTESIAN_POINT('',(1.426001900983,0.333976660267,0.845763690121
    ));
#7437 = B_SPLINE_SURFACE_WITH_KNOTS('',1,1,(
    (#7438,#7439)
    ,(#7440,#7441
    )),.UNSPECIFIED.,.F.,.F.,.F.,(2,2),(2,2),(-2.675052938029E-02,
    1.309490821231E-04),(-4.524771987811E-03,0.),
  .PIECEWISE_BEZIER_KNOTS.);
#7438 = CARTESIAN_POINT('',(1.426001900983,0.333932312748,0.845886901158
    ));
#7439 = CARTESIAN_POINT('',(1.430521556525,0.334134718053,0.845959753179
    ));
#7440 = CARTESIAN_POINT('',(1.426001900983,0.34303605641,0.820593903399)
  );
#7441 = CARTESIAN_POINT('',(1.430521556525,0.343238461715,0.82066675542)
  );
#7442 = ADVANCED_FACE('',(#7443),#7461,.T.);
#7443 = FACE_BOUND('',#7444,.T.);
#7444 = EDGE_LOOP('',(#7445,#7454,#7455,#7456));
#7445 = ORIENTED_EDGE('',*,*,#7446,.F.);
#7446 = EDGE_CURVE('',#7425,#7447,#7449,.T.);
#7447 = VERTEX_POINT('',#7448);
#7448 = CARTESIAN_POINT('',(1.425407157953,0.333025281774,0.849995506673
    ));
#7449 = B_SPLINE_CURVE_WITH_KNOTS('',3,(#7450,#7451,#7452,#7453),
  .UNSPECIFIED.,.F.,.F.,(4,4),(1.,2.),.PIECEWISE_BEZIER_KNOTS.);
#7450 = CARTESIAN_POINT('',(1.426001900983,0.333976660267,0.845763690121
    ));
#7451 = CARTESIAN_POINT('',(1.425884688853,0.333680329262,0.846597697763
    ));
#7452 = CARTESIAN_POINT('',(1.425689335303,0.333368401886,0.847987710499
    ));
#7453 = CARTESIAN_POINT('',(1.425407157953,0.333025281774,0.849995506673
    ));
#7454 = ORIENTED_EDGE('',*,*,#7433,.F.);
#7455 = ORIENTED_EDGE('',*,*,#7246,.T.);
#7456 = ORIENTED_EDGE('',*,*,#7457,.T.);
#7457 = EDGE_CURVE('',#7240,#7447,#7458,.T.);
#7458 = B_SPLINE_CURVE_WITH_KNOTS('',1,(#7459,#7460),.UNSPECIFIED.,.F.,
  .F.,(2,2),(-0.,1.E-03),.PIECEWISE_BEZIER_KNOTS.);
#7459 = CARTESIAN_POINT('',(1.426397426022,0.333025281774,0.850134679774
    ));
#7460 = CARTESIAN_POINT('',(1.425407157953,0.333025281774,0.849995506673
    ));
#7461 = B_SPLINE_SURFACE_WITH_KNOTS('',3,1,(
    (#7462,#7463)
    ,(#7464,#7465)
    ,(#7466,#7467)
    ,(#7468,#7469
    )),.UNSPECIFIED.,.F.,.F.,.F.,(4,4),(2,2),(1.,2.),(0.,1.),
  .PIECEWISE_BEZIER_KNOTS.);
#7462 = CARTESIAN_POINT('',(1.426992169052,0.333976660267,0.845902863222
    ));
#7463 = CARTESIAN_POINT('',(1.426001900983,0.333976660267,0.845763690121
    ));
#7464 = CARTESIAN_POINT('',(1.426874956922,0.333680329262,0.846736870864
    ));
#7465 = CARTESIAN_POINT('',(1.425884688853,0.333680329262,0.846597697763
    ));
#7466 = CARTESIAN_POINT('',(1.426679603372,0.333368401886,0.8481268836)
  );
#7467 = CARTESIAN_POINT('',(1.425689335303,0.333368401886,0.847987710499
    ));
#7468 = CARTESIAN_POINT('',(1.426397426022,0.333025281774,0.850134679774
    ));
#7469 = CARTESIAN_POINT('',(1.425407157953,0.333025281774,0.849995506673
    ));
#7470 = ADVANCED_FACE('',(#7471),#7487,.T.);
#7471 = FACE_BOUND('',#7472,.T.);
#7472 = EDGE_LOOP('',(#7473,#7480,#7481,#7482));
#7473 = ORIENTED_EDGE('',*,*,#7474,.F.);
#7474 = EDGE_CURVE('',#7447,#7475,#7477,.T.);
#7475 = VERTEX_POINT('',#7476);
#7476 = CARTESIAN_POINT('',(1.425407157953,0.332838125349,0.849995506673
    ));
#7477 = B_SPLINE_CURVE_WITH_KNOTS('',1,(#7478,#7479),.UNSPECIFIED.,.F.,
  .F.,(2,2),(0.,1.8715642514E-04),.PIECEWISE_BEZIER_KNOTS.);
#7478 = CARTESIAN_POINT('',(1.425407157953,0.333025281774,0.849995506673
    ));
#7479 = CARTESIAN_POINT('',(1.425407157953,0.332838125349,0.849995506673
    ));
#7480 = ORIENTED_EDGE('',*,*,#7457,.F.);
#7481 = ORIENTED_EDGE('',*,*,#7239,.T.);
#7482 = ORIENTED_EDGE('',*,*,#7483,.T.);
#7483 = EDGE_CURVE('',#7231,#7475,#7484,.T.);
#7484 = B_SPLINE_CURVE_WITH_KNOTS('',1,(#7485,#7486),.UNSPECIFIED.,.F.,
  .F.,(2,2),(-0.,1.E-03),.PIECEWISE_BEZIER_KNOTS.);
#7485 = CARTESIAN_POINT('',(1.426397426022,0.332838125349,0.850134679774
    ));
#7486 = CARTESIAN_POINT('',(1.425407157953,0.332838125349,0.849995506673
    ));
#7487 = B_SPLINE_SURFACE_WITH_KNOTS('',1,1,(
    (#7488,#7489)
    ,(#7490,#7491
    )),.UNSPECIFIED.,.F.,.F.,.F.,(2,2),(2,2),(0.,1.E-03),(
    -1.8715642514E-04,0.),.PIECEWISE_BEZIER_KNOTS.);
#7488 = CARTESIAN_POINT('',(1.426397426022,0.332838125349,0.850134679774
    ));
#7489 = CARTESIAN_POINT('',(1.426397426022,0.333025281774,0.850134679774
    ));
#7490 = CARTESIAN_POINT('',(1.425407157953,0.332838125349,0.849995506673
    ));
#7491 = CARTESIAN_POINT('',(1.425407157953,0.333025281774,0.849995506673
    ));
#7492 = ADVANCED_FACE('',(#7493),#7511,.T.);
#7493 = FACE_BOUND('',#7494,.T.);
#7494 = EDGE_LOOP('',(#7495,#7504,#7505,#7506));
#7495 = ORIENTED_EDGE('',*,*,#7496,.F.);
#7496 = EDGE_CURVE('',#7475,#7497,#7499,.T.);
#7497 = VERTEX_POINT('',#7498);
#7498 = CARTESIAN_POINT('',(1.426001900983,0.331839957749,0.845763690121
    ));
#7499 = B_SPLINE_CURVE_WITH_KNOTS('',3,(#7500,#7501,#7502,#7503),
  .UNSPECIFIED.,.F.,.F.,(4,4),(3.,4.),.PIECEWISE_BEZIER_KNOTS.);
#7500 = CARTESIAN_POINT('',(1.425407157953,0.332838125349,0.849995506673
    ));
#7501 = CARTESIAN_POINT('',(1.425663288163,0.332541794343,0.84817304553)
  );
#7502 = CARTESIAN_POINT('',(1.425862982903,0.3322142706,0.846752143622)
  );
#7503 = CARTESIAN_POINT('',(1.426001900983,0.331839957749,0.845763690121
    ));
#7504 = ORIENTED_EDGE('',*,*,#7483,.F.);
#7505 = ORIENTED_EDGE('',*,*,#7230,.T.);
#7506 = ORIENTED_EDGE('',*,*,#7507,.T.);
#7507 = EDGE_CURVE('',#7224,#7497,#7508,.T.);
#7508 = B_SPLINE_CURVE_WITH_KNOTS('',1,(#7509,#7510),.UNSPECIFIED.,.F.,
  .F.,(2,2),(2.198836820936E-16,9.999999999999E-04),
  .PIECEWISE_BEZIER_KNOTS.);
#7509 = CARTESIAN_POINT('',(1.426992169052,0.331839957749,0.845902863222
    ));
#7510 = CARTESIAN_POINT('',(1.426001900983,0.331839957749,0.845763690121
    ));
#7511 = B_SPLINE_SURFACE_WITH_KNOTS('',3,1,(
    (#7512,#7513)
    ,(#7514,#7515)
    ,(#7516,#7517)
    ,(#7518,#7519
    )),.UNSPECIFIED.,.F.,.F.,.F.,(4,4),(2,2),(3.,4.),(0.,1.),
  .PIECEWISE_BEZIER_KNOTS.);
#7512 = CARTESIAN_POINT('',(1.426397426022,0.332838125349,0.850134679774
    ));
#7513 = CARTESIAN_POINT('',(1.425407157953,0.332838125349,0.849995506673
    ));
#7514 = CARTESIAN_POINT('',(1.426653556232,0.332541794343,0.848312218631
    ));
#7515 = CARTESIAN_POINT('',(1.425663288163,0.332541794343,0.84817304553)
  );
#7516 = CARTESIAN_POINT('',(1.426853250972,0.3322142706,0.846891316723)
  );
#7517 = CARTESIAN_POINT('',(1.425862982903,0.3322142706,0.846752143622)
  );
#7518 = CARTESIAN_POINT('',(1.426992169052,0.331839957749,0.845902863222
    ));
#7519 = CARTESIAN_POINT('',(1.426001900983,0.331839957749,0.845763690121
    ));
#7520 = ADVANCED_FACE('',(#7521),#7531,.T.);
#7521 = FACE_BOUND('',#7522,.T.);
#7522 = EDGE_LOOP('',(#7523,#7528,#7529,#7530));
#7523 = ORIENTED_EDGE('',*,*,#7524,.F.);
#7524 = EDGE_CURVE('',#7497,#7397,#7525,.T.);
#7525 = B_SPLINE_CURVE_WITH_KNOTS('',1,(#7526,#7527),.UNSPECIFIED.,.F.,
  .F.,(2,2),(4.787042208539E-17,2.695105318789E-02),
  .PIECEWISE_BEZIER_KNOTS.);
#7526 = CARTESIAN_POINT('',(1.426001900983,0.331839957749,0.845763690121
    ));
#7527 = CARTESIAN_POINT('',(1.429531288457,0.322716082034,0.820650793356
    ));
#7528 = ORIENTED_EDGE('',*,*,#7507,.F.);
#7529 = ORIENTED_EDGE('',*,*,#7223,.T.);
#7530 = ORIENTED_EDGE('',*,*,#7405,.T.);
#7531 = B_SPLINE_SURFACE_WITH_KNOTS('',1,1,(
    (#7532,#7533)
    ,(#7534,#7535
    )),.UNSPECIFIED.,.F.,.F.,.F.,(2,2),(2,2),(-2.684953998269E-02,0.),(
    -9.913690106539E-04,3.533311310265E-03),.PIECEWISE_BEZIER_KNOTS.);
#7532 = CARTESIAN_POINT('',(1.426001900983,0.322872898508,0.820594923213
    ));
#7533 = CARTESIAN_POINT('',(1.430521556525,0.3226720828,0.820666469283)
  );
#7534 = CARTESIAN_POINT('',(1.426001900983,0.331883956984,0.845887187296
    ));
#7535 = CARTESIAN_POINT('',(1.430521556525,0.331683141275,0.845958733365
    ));
#7536 = ADVANCED_FACE('',(#7537),#7545,.T.);
#7537 = FACE_BOUND('',#7538,.T.);
#7538 = EDGE_LOOP('',(#7539,#7540,#7541,#7542,#7543,#7544));
#7539 = ORIENTED_EDGE('',*,*,#7396,.T.);
#7540 = ORIENTED_EDGE('',*,*,#7424,.T.);
#7541 = ORIENTED_EDGE('',*,*,#7446,.T.);
#7542 = ORIENTED_EDGE('',*,*,#7474,.T.);
#7543 = ORIENTED_EDGE('',*,*,#7496,.T.);
#7544 = ORIENTED_EDGE('',*,*,#7524,.T.);
#7545 = B_SPLINE_SURFACE_WITH_KNOTS('',1,1,(
    (#7546,#7547)
    ,(#7548,#7549
    )),.UNSPECIFIED.,.F.,.F.,.F.,(2,2),(2,2),(-0.343194114196,
    -0.322716082034),(0.252469855591,0.282102956206),
  .PIECEWISE_BEZIER_KNOTS.);
#7546 = CARTESIAN_POINT('',(1.425407157953,0.343194114196,0.849995506673
    ));
#7547 = CARTESIAN_POINT('',(1.429531288457,0.343194114196,0.820650793356
    ));
#7548 = CARTESIAN_POINT('',(1.425407157953,0.322716082034,0.849995506673
    ));
#7549 = CARTESIAN_POINT('',(1.429531288457,0.322716082034,0.820650793356
    ));
#7550 = ADVANCED_FACE('',(#7551,#7840),#7865,.F.);
#7551 = FACE_BOUND('',#7552,.T.);
#7552 = EDGE_LOOP('',(#7553,#7564,#7573,#7582,#7591,#7600,#7609,#7618,
    #7627,#7636,#7645,#7654,#7663,#7672,#7679,#7686,#7693,#7702,#7711,
    #7720,#7729,#7738,#7747,#7756,#7765,#7774,#7783,#7790,#7799,#7808,
    #7817,#7824,#7833));
#7553 = ORIENTED_EDGE('',*,*,#7554,.T.);
#7554 = EDGE_CURVE('',#7555,#7557,#7559,.T.);
#7555 = VERTEX_POINT('',#7556);
#7556 = CARTESIAN_POINT('',(1.425380759842,-1.068518625312E-02,
    0.857368635524));
#7557 = VERTEX_POINT('',#7558);
#7558 = CARTESIAN_POINT('',(1.417471930939,-5.363099529033E-02,
    0.913642877243));
#7559 = B_SPLINE_CURVE_WITH_KNOTS('',3,(#7560,#7561,#7562,#7563),
  .UNSPECIFIED.,.F.,.F.,(4,4),(35.,36.),.PIECEWISE_BEZIER_KNOTS.);
#7560 = CARTESIAN_POINT('',(1.425380759842,-1.068518625312E-02,
    0.857368635524));
#7561 = CARTESIAN_POINT('',(1.421758396813,-1.11189757852E-02,
    0.883143087748));
#7562 = CARTESIAN_POINT('',(1.418558640078,-2.890462791204E-02,
    0.905910539937));
#7563 = CARTESIAN_POINT('',(1.417471930939,-5.363099529033E-02,
    0.913642877243));
#7564 = ORIENTED_EDGE('',*,*,#7565,.T.);
#7565 = EDGE_CURVE('',#7557,#7566,#7568,.T.);
#7566 = VERTEX_POINT('',#7567);
#7567 = CARTESIAN_POINT('',(1.412702483194,-7.705599407279E-02,
    0.947579261323));
#7568 = B_SPLINE_CURVE_WITH_KNOTS('',3,(#7569,#7570,#7571,#7572),
  .UNSPECIFIED.,.F.,.F.,(4,4),(0.,1.),.PIECEWISE_BEZIER_KNOTS.);
#7569 = CARTESIAN_POINT('',(1.417471930939,-5.363099529033E-02,
    0.913642877243));
#7570 = CARTESIAN_POINT('',(1.415660748273,-5.840274633399E-02,
    0.926530111548));
#7571 = CARTESIAN_POINT('',(1.414030683988,-6.664487982549E-02,
    0.938128621604));
#7572 = CARTESIAN_POINT('',(1.412702483194,-7.705599407279E-02,
    0.947579261323));
#7573 = ORIENTED_EDGE('',*,*,#7574,.T.);
#7574 = EDGE_CURVE('',#7566,#7575,#7577,.T.);
#7575 = VERTEX_POINT('',#7576);
#7576 = CARTESIAN_POINT('',(1.409563099733,-0.136052264013,
    0.969917135349));
#7577 = B_SPLINE_CURVE_WITH_KNOTS('',3,(#7578,#7579,#7580,#7581),
  .UNSPECIFIED.,.F.,.F.,(4,4),(1.,2.),.PIECEWISE_BEZIER_KNOTS.);
#7578 = CARTESIAN_POINT('',(1.412702483194,-7.705599407279E-02,
    0.947579261323));
#7579 = CARTESIAN_POINT('',(1.410710182073,-9.354024450779E-02,
    0.961755220391));
#7580 = CARTESIAN_POINT('',(1.409563099733,-0.114362456455,
    0.969917135349));
#7581 = CARTESIAN_POINT('',(1.409563099733,-0.136052264013,
    0.969917135349));
#7582 = ORIENTED_EDGE('',*,*,#7583,.T.);
#7583 = EDGE_CURVE('',#7575,#7584,#7586,.T.);
#7584 = VERTEX_POINT('',#7585);
#7585 = CARTESIAN_POINT('',(1.411917637256,-0.188107802154,
    0.953163730342));
#7586 = B_SPLINE_CURVE_WITH_KNOTS('',3,(#7587,#7588,#7589,#7590),
  .UNSPECIFIED.,.F.,.F.,(4,4),(2.,3.),.PIECEWISE_BEZIER_KNOTS.);
#7587 = CARTESIAN_POINT('',(1.409563099733,-0.136052264013,
    0.969917135349));
#7588 = CARTESIAN_POINT('',(1.409563099733,-0.15513929301,0.969917135349
    ));
#7589 = CARTESIAN_POINT('',(1.410408318296,-0.172924936863,
    0.963903092775));
#7590 = CARTESIAN_POINT('',(1.411917637256,-0.188107802154,
    0.953163730342));
#7591 = ORIENTED_EDGE('',*,*,#7592,.T.);
#7592 = EDGE_CURVE('',#7584,#7593,#7595,.T.);
#7593 = VERTEX_POINT('',#7594);
#7594 = CARTESIAN_POINT('',(1.414574038558,-0.20719483115,0.934262452951
    ));
#7595 = B_SPLINE_CURVE_WITH_KNOTS('',3,(#7596,#7597,#7598,#7599),
  .UNSPECIFIED.,.F.,.F.,(4,4),(3.,4.),.PIECEWISE_BEZIER_KNOTS.);
#7596 = CARTESIAN_POINT('',(1.411917637256,-0.188107802154,
    0.953163730342));
#7597 = CARTESIAN_POINT('',(1.412642110496,-0.195482340033,
    0.948008835391));
#7598 = CARTESIAN_POINT('',(1.413547701829,-0.201555484495,
    0.941565218238));
#7599 = CARTESIAN_POINT('',(1.414574038558,-0.20719483115,0.934262452951
    ));
#7600 = ORIENTED_EDGE('',*,*,#7601,.T.);
#7601 = EDGE_CURVE('',#7593,#7602,#7604,.T.);
#7602 = VERTEX_POINT('',#7603);
#7603 = CARTESIAN_POINT('',(1.414453293162,-0.217172139318,
    0.935121601085));
#7604 = B_SPLINE_CURVE_WITH_KNOTS('',3,(#7605,#7606,#7607,#7608),
  .UNSPECIFIED.,.F.,.F.,(4,4),(4.,5.),.PIECEWISE_BEZIER_KNOTS.);
#7605 = CARTESIAN_POINT('',(1.414574038558,-0.20719483115,0.934262452951
    ));
#7606 = CARTESIAN_POINT('',(1.414513665572,-0.21066519705,0.934692029066
    ));
#7607 = CARTESIAN_POINT('',(1.414453293162,-0.213701773418,
    0.935121601085));
#7608 = CARTESIAN_POINT('',(1.414453293162,-0.217172139318,
    0.935121601085));
#7609 = ORIENTED_EDGE('',*,*,#7610,.T.);
#7610 = EDGE_CURVE('',#7602,#7611,#7613,.T.);
#7611 = VERTEX_POINT('',#7612);
#7612 = CARTESIAN_POINT('',(1.417351185543,-0.267058696703,
    0.914502025377));
#7613 = B_SPLINE_CURVE_WITH_KNOTS('',3,(#7614,#7615,#7616,#7617),
  .UNSPECIFIED.,.F.,.F.,(4,4),(5.,6.),.PIECEWISE_BEZIER_KNOTS.);
#7614 = CARTESIAN_POINT('',(1.414453293162,-0.217172139318,
    0.935121601085));
#7615 = CARTESIAN_POINT('',(1.414453293162,-0.235825374646,
    0.935121601085));
#7616 = CARTESIAN_POINT('',(1.415479629891,-0.253611014362,
    0.927818835798));
#7617 = CARTESIAN_POINT('',(1.417351185543,-0.267058696703,
    0.914502025377));
#7618 = ORIENTED_EDGE('',*,*,#7619,.T.);
#7619 = EDGE_CURVE('',#7611,#7620,#7622,.T.);
#7620 = VERTEX_POINT('',#7621);
#7621 = CARTESIAN_POINT('',(1.424233678869,-0.287447127391,
    0.865530540752));
#7622 = B_SPLINE_CURVE_WITH_KNOTS('',3,(#7623,#7624,#7625,#7626),
  .UNSPECIFIED.,.F.,.F.,(4,4),(6.,7.),.PIECEWISE_BEZIER_KNOTS.);
#7623 = CARTESIAN_POINT('',(1.417351185543,-0.267058696703,
    0.914502025377));
#7624 = CARTESIAN_POINT('',(1.419162367634,-0.280072592615,
    0.901614795168));
#7625 = CARTESIAN_POINT('',(1.421637650841,-0.287447127391,
    0.884002239979));
#7626 = CARTESIAN_POINT('',(1.424233678869,-0.287447127391,
    0.865530540752));
#7627 = ORIENTED_EDGE('',*,*,#7628,.T.);
#7628 = EDGE_CURVE('',#7620,#7629,#7631,.T.);
#7629 = VERTEX_POINT('',#7630);
#7630 = CARTESIAN_POINT('',(1.430814307841,-0.269227689869,
    0.818706932607));
#7631 = B_SPLINE_CURVE_WITH_KNOTS('',3,(#7632,#7633,#7634,#7635),
  .UNSPECIFIED.,.F.,.F.,(4,4),(7.,8.),.PIECEWISE_BEZIER_KNOTS.);
#7632 = CARTESIAN_POINT('',(1.424233678869,-0.287447127391,
    0.865530540752));
#7633 = CARTESIAN_POINT('',(1.426648589091,-0.287447127391,
    0.848347561678));
#7634 = CARTESIAN_POINT('',(1.429003127478,-0.280940185124,
    0.831594150526));
#7635 = CARTESIAN_POINT('',(1.430814307841,-0.269227689869,
    0.818706932607));
#7636 = ORIENTED_EDGE('',*,*,#7637,.T.);
#7637 = EDGE_CURVE('',#7629,#7638,#7640,.T.);
#7638 = VERTEX_POINT('',#7639);
#7639 = CARTESIAN_POINT('',(1.433712199647,-0.234523997776,
    0.798087360996));
#7640 = B_SPLINE_CURVE_WITH_KNOTS('',3,(#7641,#7642,#7643,#7644),
  .UNSPECIFIED.,.F.,.F.,(4,4),(8.,9.),.PIECEWISE_BEZIER_KNOTS.);
#7641 = CARTESIAN_POINT('',(1.430814307841,-0.269227689869,
    0.818706932607));
#7642 = CARTESIAN_POINT('',(1.432263254896,-0.259684175371,
    0.808397138608));
#7643 = CARTESIAN_POINT('',(1.433229218063,-0.24797167598,0.801523953534
    ));
#7644 = CARTESIAN_POINT('',(1.433712199647,-0.234523997776,
    0.798087360996));
#7645 = ORIENTED_EDGE('',*,*,#7646,.T.);
#7646 = EDGE_CURVE('',#7638,#7647,#7649,.T.);
#7647 = VERTEX_POINT('',#7648);
#7648 = CARTESIAN_POINT('',(1.437817546563,-0.193313359277,
    0.768876299848));
#7649 = B_SPLINE_CURVE_WITH_KNOTS('',3,(#7650,#7651,#7652,#7653),
  .UNSPECIFIED.,.F.,.F.,(4,4),(9.,10.),.PIECEWISE_BEZIER_KNOTS.);
#7650 = CARTESIAN_POINT('',(1.433712199647,-0.234523997776,
    0.798087360996));
#7651 = CARTESIAN_POINT('',(1.436127109869,-0.228884646983,
    0.780904381922));
#7652 = CARTESIAN_POINT('',(1.437817546563,-0.212400396548,
    0.768876299848));
#7653 = CARTESIAN_POINT('',(1.437817546563,-0.193313359277,
    0.768876299848));
#7654 = ORIENTED_EDGE('',*,*,#7655,.T.);
#7655 = EDGE_CURVE('',#7647,#7656,#7658,.T.);
#7656 = VERTEX_POINT('',#7657);
#7657 = CARTESIAN_POINT('',(1.431780271009,-0.14993374416,0.811833747533
    ));
#7658 = B_SPLINE_CURVE_WITH_KNOTS('',3,(#7659,#7660,#7661,#7662),
  .UNSPECIFIED.,.F.,.F.,(4,4),(10.,11.),.PIECEWISE_BEZIER_KNOTS.);
#7659 = CARTESIAN_POINT('',(1.437817546563,-0.193313359277,
    0.768876299848));
#7660 = CARTESIAN_POINT('',(1.437817546563,-0.169454570963,
    0.768876299848));
#7661 = CARTESIAN_POINT('',(1.435100772564,-0.14993374416,0.788207151306
    ));
#7662 = CARTESIAN_POINT('',(1.431780271009,-0.14993374416,0.811833747533
    ));
#7663 = ORIENTED_EDGE('',*,*,#7664,.T.);
#7664 = EDGE_CURVE('',#7656,#7665,#7667,.T.);
#7665 = VERTEX_POINT('',#7666);
#7666 = CARTESIAN_POINT('',(1.431176543453,-0.14993374416,0.816129492301
    ));
#7667 = B_SPLINE_CURVE_WITH_KNOTS('',3,(#7668,#7669,#7670,#7671),
  .UNSPECIFIED.,.F.,.F.,(4,4),(11.,12.),.PIECEWISE_BEZIER_KNOTS.);
#7668 = CARTESIAN_POINT('',(1.431780271009,-0.14993374416,0.811833747533
    ));
#7669 = CARTESIAN_POINT('',(1.431599153203,-0.14993374416,0.813122467686
    ));
#7670 = CARTESIAN_POINT('',(1.431418035397,-0.14993374416,0.814411187839
    ));
#7671 = CARTESIAN_POINT('',(1.431176543453,-0.14993374416,0.816129492301
    ));
#7672 = ORIENTED_EDGE('',*,*,#7673,.T.);
#7673 = EDGE_CURVE('',#7665,#7674,#7676,.T.);
#7674 = VERTEX_POINT('',#7675);
#7675 = CARTESIAN_POINT('',(1.426708959773,-8.9202282996E-02,
    0.847918001949));
#7676 = B_SPLINE_CURVE_WITH_KNOTS('',1,(#7677,#7678),.UNSPECIFIED.,.F.,
  .F.,(2,2),(-9.035621758527E-17,6.869336958323E-02),
  .PIECEWISE_BEZIER_KNOTS.);
#7677 = CARTESIAN_POINT('',(1.431176543453,-0.14993374416,0.816129492301
    ));
#7678 = CARTESIAN_POINT('',(1.426708959773,-8.9202282996E-02,
    0.847918001949));
#7679 = ORIENTED_EDGE('',*,*,#7680,.T.);
#7680 = EDGE_CURVE('',#7674,#7681,#7683,.T.);
#7681 = VERTEX_POINT('',#7682);
#7682 = CARTESIAN_POINT('',(1.423509203039,-0.102649957063,
    0.870685454138));
#7683 = B_SPLINE_CURVE_WITH_KNOTS('',1,(#7684,#7685),.UNSPECIFIED.,.F.,
  .F.,(2,2),(0.,2.663522592649E-02),.PIECEWISE_BEZIER_KNOTS.);
#7684 = CARTESIAN_POINT('',(1.426708959773,-8.9202282996E-02,
    0.847918001949));
#7685 = CARTESIAN_POINT('',(1.423509203039,-0.102649957063,
    0.870685454138));
#7686 = ORIENTED_EDGE('',*,*,#7687,.T.);
#7687 = EDGE_CURVE('',#7681,#7688,#7690,.T.);
#7688 = VERTEX_POINT('',#7689);
#7689 = CARTESIAN_POINT('',(1.427735295927,-0.160778639665,
    0.840615240759));
#7690 = B_SPLINE_CURVE_WITH_KNOTS('',1,(#7691,#7692),.UNSPECIFIED.,.F.,
  .F.,(2,2),(0.,6.558217238577E-02),.PIECEWISE_BEZIER_KNOTS.);
#7691 = CARTESIAN_POINT('',(1.423509203039,-0.102649957063,
    0.870685454138));
#7692 = CARTESIAN_POINT('',(1.427735295927,-0.160778639665,
    0.840615240759));
#7693 = ORIENTED_EDGE('',*,*,#7694,.T.);
#7694 = EDGE_CURVE('',#7688,#7695,#7697,.T.);
#7695 = VERTEX_POINT('',#7696);
#7696 = CARTESIAN_POINT('',(1.425682622469,-0.193313351003,
    0.855220771333));
#7697 = B_SPLINE_CURVE_WITH_KNOTS('',3,(#7698,#7699,#7700,#7701),
  .UNSPECIFIED.,.F.,.F.,(4,4),(15.,16.),.PIECEWISE_BEZIER_KNOTS.);
#7698 = CARTESIAN_POINT('',(1.427735295927,-0.160778639665,
    0.840615240759));
#7699 = CARTESIAN_POINT('',(1.42646746783,-0.168586967077,0.849636306412
    ));
#7700 = CARTESIAN_POINT('',(1.425682622469,-0.180299466468,
    0.855220771333));
#7701 = CARTESIAN_POINT('',(1.425682622469,-0.193313351003,
    0.855220771333));
#7702 = ORIENTED_EDGE('',*,*,#7703,.T.);
#7703 = EDGE_CURVE('',#7695,#7704,#7706,.T.);
#7704 = VERTEX_POINT('',#7705);
#7705 = CARTESIAN_POINT('',(1.429667224565,-0.234090187559,
    0.826868854223));
#7706 = B_SPLINE_CURVE_WITH_KNOTS('',3,(#7707,#7708,#7709,#7710),
  .UNSPECIFIED.,.F.,.F.,(4,4),(16.,17.),.PIECEWISE_BEZIER_KNOTS.);
#7707 = CARTESIAN_POINT('',(1.425682622469,-0.193313351003,
    0.855220771333));
#7708 = CARTESIAN_POINT('',(1.425682622469,-0.211966590468,
    0.855220771333));
#7709 = CARTESIAN_POINT('',(1.427373059163,-0.228017043097,
    0.843192689259));
#7710 = CARTESIAN_POINT('',(1.429667224565,-0.234090187559,
    0.826868854223));
#7711 = ORIENTED_EDGE('',*,*,#7712,.T.);
#7712 = EDGE_CURVE('',#7704,#7713,#7715,.T.);
#7713 = VERTEX_POINT('',#7714);
#7714 = CARTESIAN_POINT('',(1.424112930594,-0.260117956629,0.86638970937
    ));
#7715 = B_SPLINE_CURVE_WITH_KNOTS('',3,(#7716,#7717,#7718,#7719),
  .UNSPECIFIED.,.F.,.F.,(4,4),(17.,18.),.PIECEWISE_BEZIER_KNOTS.);
#7716 = CARTESIAN_POINT('',(1.429667224565,-0.234090187559,
    0.826868854223));
#7717 = CARTESIAN_POINT('',(1.428701260246,-0.24927305285,0.833742047491
    ));
#7718 = CARTESIAN_POINT('',(1.426588213802,-0.260117956629,0.84877715418
    ));
#7719 = CARTESIAN_POINT('',(1.424112930594,-0.260117956629,0.86638970937
    ));
#7720 = ORIENTED_EDGE('',*,*,#7721,.T.);
#7721 = EDGE_CURVE('',#7713,#7722,#7724,.T.);
#7722 = VERTEX_POINT('',#7723);
#7723 = CARTESIAN_POINT('',(1.41807565504,-0.216738341512,0.909347157055
    ));
#7724 = B_SPLINE_CURVE_WITH_KNOTS('',3,(#7725,#7726,#7727,#7728),
  .UNSPECIFIED.,.F.,.F.,(4,4),(18.,19.),.PIECEWISE_BEZIER_KNOTS.);
#7725 = CARTESIAN_POINT('',(1.424112930594,-0.260117956629,0.86638970937
    ));
#7726 = CARTESIAN_POINT('',(1.420792429039,-0.260117956629,
    0.890016305597));
#7727 = CARTESIAN_POINT('',(1.41807565504,-0.240597129826,0.909347157055
    ));
#7728 = CARTESIAN_POINT('',(1.41807565504,-0.216738341512,0.909347157055
    ));
#7729 = ORIENTED_EDGE('',*,*,#7730,.T.);
#7730 = EDGE_CURVE('',#7722,#7731,#7733,.T.);
#7731 = VERTEX_POINT('',#7732);
#7732 = CARTESIAN_POINT('',(1.418981246373,-0.193747148809,
    0.902903539902));
#7733 = B_SPLINE_CURVE_WITH_KNOTS('',3,(#7734,#7735,#7736,#7737),
  .UNSPECIFIED.,.F.,.F.,(4,4),(19.,20.),.PIECEWISE_BEZIER_KNOTS.);
#7734 = CARTESIAN_POINT('',(1.41807565504,-0.216738341512,0.909347157055
    ));
#7735 = CARTESIAN_POINT('',(1.41807565504,-0.208496216294,0.909347157055
    ));
#7736 = CARTESIAN_POINT('',(1.418437891803,-0.200254091077,
    0.906769708555));
#7737 = CARTESIAN_POINT('',(1.418981246373,-0.193747148809,
    0.902903539902));
#7738 = ORIENTED_EDGE('',*,*,#7739,.T.);
#7739 = EDGE_CURVE('',#7731,#7740,#7742,.T.);
#7740 = VERTEX_POINT('',#7741);
#7741 = CARTESIAN_POINT('',(1.413185465065,-0.135618474481,
    0.944142666738));
#7742 = B_SPLINE_CURVE_WITH_KNOTS('',3,(#7743,#7744,#7745,#7746),
  .UNSPECIFIED.,.F.,.F.,(4,4),(20.,21.),.PIECEWISE_BEZIER_KNOTS.);
#7743 = CARTESIAN_POINT('',(1.418981246373,-0.193747148809,
    0.902903539902));
#7744 = CARTESIAN_POINT('',(1.415600375287,-0.185505031866,
    0.926959687664));
#7745 = CARTESIAN_POINT('',(1.413185465065,-0.162947628695,
    0.944142666738));
#7746 = CARTESIAN_POINT('',(1.413185465065,-0.135618474481,
    0.944142666738));
#7747 = ORIENTED_EDGE('',*,*,#7748,.T.);
#7748 = EDGE_CURVE('',#7740,#7749,#7751,.T.);
#7749 = VERTEX_POINT('',#7750);
#7750 = CARTESIAN_POINT('',(1.420732059508,-7.4887013317E-02,
    0.890445857132));
#7751 = B_SPLINE_CURVE_WITH_KNOTS('',3,(#7752,#7753,#7754,#7755),
  .UNSPECIFIED.,.F.,.F.,(4,4),(21.,22.),.PIECEWISE_BEZIER_KNOTS.);
#7752 = CARTESIAN_POINT('',(1.413185465065,-0.135618474481,
    0.944142666738));
#7753 = CARTESIAN_POINT('',(1.413185465065,-0.104385148287,
    0.944142666738));
#7754 = CARTESIAN_POINT('',(1.41650596662,-7.835737921683E-02,
    0.920516070511));
#7755 = CARTESIAN_POINT('',(1.420732059508,-7.4887013317E-02,
    0.890445857132));
#7756 = ORIENTED_EDGE('',*,*,#7757,.T.);
#7757 = EDGE_CURVE('',#7749,#7758,#7760,.T.);
#7758 = VERTEX_POINT('',#7759);
#7759 = CARTESIAN_POINT('',(1.420732059508,-7.141664741717E-02,
    0.890445857132));
#7760 = B_SPLINE_CURVE_WITH_KNOTS('',3,(#7761,#7762,#7763,#7764),
  .UNSPECIFIED.,.F.,.F.,(4,4),(22.,23.),.PIECEWISE_BEZIER_KNOTS.);
#7761 = CARTESIAN_POINT('',(1.420732059508,-7.4887013317E-02,
    0.890445857132));
#7762 = CARTESIAN_POINT('',(1.420732059508,-7.358562817317E-02,
    0.890445857132));
#7763 = CARTESIAN_POINT('',(1.420732059508,-7.271803256121E-02,
    0.890445857132));
#7764 = CARTESIAN_POINT('',(1.420732059508,-7.141664741717E-02,
    0.890445857132));
#7765 = ORIENTED_EDGE('',*,*,#7766,.T.);
#7766 = EDGE_CURVE('',#7758,#7767,#7769,.T.);
#7767 = VERTEX_POINT('',#7768);
#7768 = CARTESIAN_POINT('',(1.42544113398,-3.758055093542E-02,
    0.856939051215));
#7769 = B_SPLINE_CURVE_WITH_KNOTS('',3,(#7770,#7771,#7772,#7773),
  .UNSPECIFIED.,.F.,.F.,(4,4),(23.,24.),.PIECEWISE_BEZIER_KNOTS.);
#7770 = CARTESIAN_POINT('',(1.420732059508,-7.141664741717E-02,
    0.890445857132));
#7771 = CARTESIAN_POINT('',(1.420732059508,-5.276341622638E-02,
    0.890445857132));
#7772 = CARTESIAN_POINT('',(1.422845105952,-3.758055093542E-02,
    0.875410750442));
#7773 = CARTESIAN_POINT('',(1.42544113398,-3.758055093542E-02,
    0.856939051215));
#7774 = ORIENTED_EDGE('',*,*,#7775,.T.);
#7775 = EDGE_CURVE('',#7767,#7776,#7778,.T.);
#7776 = VERTEX_POINT('',#7777);
#7777 = CARTESIAN_POINT('',(1.430150208452,-6.88138771293E-02,
    0.823432245298));
#7778 = B_SPLINE_CURVE_WITH_KNOTS('',3,(#7779,#7780,#7781,#7782),
  .UNSPECIFIED.,.F.,.F.,(4,4),(24.,25.),.PIECEWISE_BEZIER_KNOTS.);
#7779 = CARTESIAN_POINT('',(1.42544113398,-3.758055093542E-02,
    0.856939051215));
#7780 = CARTESIAN_POINT('',(1.427916417187,-3.758055093542E-02,
    0.839326496025));
#7781 = CARTESIAN_POINT('',(1.429969090646,-5.102822500266E-02,
    0.824720965451));
#7782 = CARTESIAN_POINT('',(1.430150208452,-6.88138771293E-02,
    0.823432245298));
#7783 = ORIENTED_EDGE('',*,*,#7784,.T.);
#7784 = EDGE_CURVE('',#7776,#7785,#7787,.T.);
#7785 = VERTEX_POINT('',#7786);
#7786 = CARTESIAN_POINT('',(1.430150208452,-8.833470393205E-02,
    0.823432245298));
#7787 = B_SPLINE_CURVE_WITH_KNOTS('',1,(#7788,#7789),.UNSPECIFIED.,.F.,
  .F.,(2,2),(2.775557561563E-17,1.952082680275E-02),
  .PIECEWISE_BEZIER_KNOTS.);
#7788 = CARTESIAN_POINT('',(1.430150208452,-6.88138771293E-02,
    0.823432245298));
#7789 = CARTESIAN_POINT('',(1.430150208452,-8.833470393205E-02,
    0.823432245298));
#7790 = ORIENTED_EDGE('',*,*,#7791,.T.);
#7791 = EDGE_CURVE('',#7785,#7792,#7794,.T.);
#7792 = VERTEX_POINT('',#7793);
#7793 = CARTESIAN_POINT('',(1.430089836617,-9.093747421992E-02,
    0.82386181322));
#7794 = B_SPLINE_CURVE_WITH_KNOTS('',3,(#7795,#7796,#7797,#7798),
  .UNSPECIFIED.,.F.,.F.,(4,4),(26.,27.),.PIECEWISE_BEZIER_KNOTS.);
#7795 = CARTESIAN_POINT('',(1.430150208452,-8.833470393205E-02,
    0.823432245298));
#7796 = CARTESIAN_POINT('',(1.430150208452,-8.920229954401E-02,
    0.823432245298));
#7797 = CARTESIAN_POINT('',(1.430089836617,-9.006989515597E-02,
    0.82386181322));
#7798 = CARTESIAN_POINT('',(1.430089836617,-9.093747421992E-02,
    0.82386181322));
#7799 = ORIENTED_EDGE('',*,*,#7800,.T.);
#7800 = EDGE_CURVE('',#7792,#7801,#7803,.T.);
#7801 = VERTEX_POINT('',#7802);
#7802 = CARTESIAN_POINT('',(1.431961391118,-0.104385148287,
    0.810545010993));
#7803 = B_SPLINE_CURVE_WITH_KNOTS('',3,(#7804,#7805,#7806,#7807),
  .UNSPECIFIED.,.F.,.F.,(4,4),(27.,28.),.PIECEWISE_BEZIER_KNOTS.);
#7804 = CARTESIAN_POINT('',(1.430089836617,-9.093747421992E-02,
    0.82386181322));
#7805 = CARTESIAN_POINT('',(1.430089836617,-9.831201209946E-02,
    0.82386181322));
#7806 = CARTESIAN_POINT('',(1.430935056116,-0.104385148287,0.81784776399
    ));
#7807 = CARTESIAN_POINT('',(1.431961391118,-0.104385148287,
    0.810545010993));
#7808 = ORIENTED_EDGE('',*,*,#7809,.T.);
#7809 = EDGE_CURVE('',#7801,#7810,#7812,.T.);
#7810 = VERTEX_POINT('',#7811);
#7811 = CARTESIAN_POINT('',(1.433832945619,-9.180505328387E-02,
    0.797228208765));
#7812 = B_SPLINE_CURVE_WITH_KNOTS('',3,(#7813,#7814,#7815,#7816),
  .UNSPECIFIED.,.F.,.F.,(4,4),(28.,29.),.PIECEWISE_BEZIER_KNOTS.);
#7813 = CARTESIAN_POINT('',(1.431961391118,-0.104385148287,
    0.810545010993));
#7814 = CARTESIAN_POINT('',(1.432927354285,-0.104385148287,
    0.803671825918));
#7815 = CARTESIAN_POINT('',(1.433772573784,-9.874580163154E-02,
    0.797657776687));
#7816 = CARTESIAN_POINT('',(1.433832945619,-9.180505328387E-02,
    0.797228208765));
#7817 = ORIENTED_EDGE('',*,*,#7818,.T.);
#7818 = EDGE_CURVE('',#7810,#7819,#7821,.T.);
#7819 = VERTEX_POINT('',#7820);
#7820 = CARTESIAN_POINT('',(1.433832945619,-6.621109029342E-02,
    0.797228208765));
#7821 = B_SPLINE_CURVE_WITH_KNOTS('',1,(#7822,#7823),.UNSPECIFIED.,.F.,
  .F.,(2,2),(0.,2.559396299045E-02),.PIECEWISE_BEZIER_KNOTS.);
#7822 = CARTESIAN_POINT('',(1.433832945619,-9.180505328387E-02,
    0.797228208765));
#7823 = CARTESIAN_POINT('',(1.433832945619,-6.621109029342E-02,
    0.797228208765));
#7824 = ORIENTED_EDGE('',*,*,#7825,.T.);
#7825 = EDGE_CURVE('',#7819,#7826,#7828,.T.);
#7826 = VERTEX_POINT('',#7827);
#7827 = CARTESIAN_POINT('',(1.431116171619,-2.673564715625E-02,
    0.816559060223));
#7828 = B_SPLINE_CURVE_WITH_KNOTS('',3,(#7829,#7830,#7831,#7832),
  .UNSPECIFIED.,.F.,.F.,(4,4),(33.,34.),.PIECEWISE_BEZIER_KNOTS.);
#7829 = CARTESIAN_POINT('',(1.433832945619,-6.621109029342E-02,
    0.797228208765));
#7830 = CARTESIAN_POINT('',(1.433651827812,-5.102822500266E-02,
    0.798516928918));
#7831 = CARTESIAN_POINT('',(1.432685862342,-3.714674485533E-02,
    0.80539013038));
#7832 = CARTESIAN_POINT('',(1.431116171619,-2.673564715625E-02,
    0.816559060223));
#7833 = ORIENTED_EDGE('',*,*,#7834,.T.);
#7834 = EDGE_CURVE('',#7826,#7555,#7835,.T.);
#7835 = B_SPLINE_CURVE_WITH_KNOTS('',3,(#7836,#7837,#7838,#7839),
  .UNSPECIFIED.,.F.,.F.,(4,4),(34.,35.),.PIECEWISE_BEZIER_KNOTS.);
#7836 = CARTESIAN_POINT('',(1.431116171619,-2.673564715625E-02,
    0.816559060223));
#7837 = CARTESIAN_POINT('',(1.429546480896,-1.632453290875E-02,
    0.827727990067));
#7838 = CARTESIAN_POINT('',(1.427493806286,-1.068518625312E-02,
    0.842333528834));
#7839 = CARTESIAN_POINT('',(1.425380759842,-1.068518625312E-02,
    0.857368635524));
#7840 = FACE_BOUND('',#7841,.T.);
#7841 = EDGE_LOOP('',(#7842,#7856));
#7842 = ORIENTED_EDGE('',*,*,#7843,.F.);
#7843 = EDGE_CURVE('',#7844,#7846,#7848,.T.);
#7844 = VERTEX_POINT('',#7845);
#7845 = CARTESIAN_POINT('',(1.434195185837,-0.193747157083,
    0.794650735685));
#7846 = VERTEX_POINT('',#7847);
#7847 = CARTESIAN_POINT('',(1.429486109062,-0.193747157083,
    0.828157557988));
#7848 = B_SPLINE_CURVE_WITH_KNOTS('',3,(#7849,#7850,#7851,#7852,#7853,
    #7854,#7855),.UNSPECIFIED.,.F.,.F.,(4,3,4),(0.,1.,2.),
  .PIECEWISE_BEZIER_KNOTS.);
#7849 = CARTESIAN_POINT('',(1.434195185837,-0.193747157083,
    0.794650735685));
#7850 = CARTESIAN_POINT('',(1.434195185837,-0.184203646722,
    0.794650735685));
#7851 = CARTESIAN_POINT('',(1.433108474394,-0.176829108843,
    0.802383089378));
#7852 = CARTESIAN_POINT('',(1.431840647449,-0.176829108843,
    0.811404146837));
#7853 = CARTESIAN_POINT('',(1.430512446367,-0.176829108843,
    0.820854788605));
#7854 = CARTESIAN_POINT('',(1.429486109062,-0.184637436254,
    0.828157557988));
#7855 = CARTESIAN_POINT('',(1.429486109062,-0.193747157083,
    0.828157557988));
#7856 = ORIENTED_EDGE('',*,*,#7857,.F.);
#7857 = EDGE_CURVE('',#7846,#7844,#7858,.T.);
#7858 = B_SPLINE_CURVE_WITH_KNOTS('',3,(#7859,#7860,#7861,#7862,#7863,
    #7864),.UNSPECIFIED.,.F.,.F.,(4,2,4),(2.,3.,4.),.UNSPECIFIED.);
#7859 = CARTESIAN_POINT('',(1.429486109062,-0.193747157083,
    0.828157557988));
#7860 = CARTESIAN_POINT('',(1.429486109062,-0.202856877913,
    0.828157557988));
#7861 = CARTESIAN_POINT('',(1.430512446367,-0.210665205324,
    0.820854788605));
#7862 = CARTESIAN_POINT('',(1.433168848532,-0.210665205324,
    0.801953505069));
#7863 = CARTESIAN_POINT('',(1.434195185837,-0.202856877913,
    0.794650735685));
#7864 = CARTESIAN_POINT('',(1.434195185837,-0.193747157083,
    0.794650735685));
#7865 = B_SPLINE_SURFACE_WITH_KNOTS('',1,1,(
    (#7866,#7867)
    ,(#7868,#7869
    )),.UNSPECIFIED.,.F.,.F.,.F.,(2,2),(2,2),(-0.124607925394,
    7.840865349696E-02),(-0.264398753312,1.236318782627E-02),
  .PIECEWISE_BEZIER_KNOTS.);
#7866 = CARTESIAN_POINT('',(1.437817546563,-0.287447127391,
    0.768876299848));
#7867 = CARTESIAN_POINT('',(1.437817546563,-1.068518625312E-02,
    0.768876299848));
#7868 = CARTESIAN_POINT('',(1.409563099733,-0.287447127391,
    0.969917135349));
#7869 = CARTESIAN_POINT('',(1.409563099733,-1.068518625312E-02,
    0.969917135349));
#7870 = ADVANCED_FACE('',(#7871),#7885,.F.);
#7871 = FACE_BOUND('',#7872,.F.);
#7872 = EDGE_LOOP('',(#7873,#7878,#7879,#7884));
#7873 = ORIENTED_EDGE('',*,*,#7874,.F.);
#7874 = EDGE_CURVE('',#7555,#1317,#7875,.T.);
#7875 = B_SPLINE_CURVE_WITH_KNOTS('',1,(#7876,#7877),.UNSPECIFIED.,.F.,
  .F.,(2,2),(-0.,1.E-03),.PIECEWISE_BEZIER_KNOTS.);
#7876 = CARTESIAN_POINT('',(1.425380759842,-1.068518625312E-02,
    0.857368635524));
#7877 = CARTESIAN_POINT('',(1.424390491774,-1.068518625312E-02,
    0.857229462423));
#7878 = ORIENTED_EDGE('',*,*,#7554,.T.);
#7879 = ORIENTED_EDGE('',*,*,#7880,.T.);
#7880 = EDGE_CURVE('',#7557,#1306,#7881,.T.);
#7881 = B_SPLINE_CURVE_WITH_KNOTS('',1,(#7882,#7883),.UNSPECIFIED.,.F.,
  .F.,(2,2),(-0.,1.E-03),.PIECEWISE_BEZIER_KNOTS.);
#7882 = CARTESIAN_POINT('',(1.417471930939,-5.363099529033E-02,
    0.913642877243));
#7883 = CARTESIAN_POINT('',(1.41648166287,-5.363099529033E-02,
    0.913503704142));
#7884 = ORIENTED_EDGE('',*,*,#1316,.F.);
#7885 = B_SPLINE_SURFACE_WITH_KNOTS('',3,1,(
    (#7886,#7887)
    ,(#7888,#7889)
    ,(#7890,#7891)
    ,(#7892,#7893
    )),.UNSPECIFIED.,.F.,.F.,.F.,(4,4),(2,2),(35.,36.),(0.,1.),
  .PIECEWISE_BEZIER_KNOTS.);
#7886 = CARTESIAN_POINT('',(1.425380759842,-1.068518625312E-02,
    0.857368635524));
#7887 = CARTESIAN_POINT('',(1.424390491774,-1.068518625312E-02,
    0.857229462423));
#7888 = CARTESIAN_POINT('',(1.421758396813,-1.11189757852E-02,
    0.883143087748));
#7889 = CARTESIAN_POINT('',(1.420768128744,-1.11189757852E-02,
    0.883003914647));
#7890 = CARTESIAN_POINT('',(1.418558640078,-2.890462791204E-02,
    0.905910539937));
#7891 = CARTESIAN_POINT('',(1.417568372009,-2.890462791204E-02,
    0.905771366836));
#7892 = CARTESIAN_POINT('',(1.417471930939,-5.363099529033E-02,
    0.913642877243));
#7893 = CARTESIAN_POINT('',(1.41648166287,-5.363099529033E-02,
    0.913503704142));
#7894 = ADVANCED_FACE('',(#7895),#7905,.F.);
#7895 = FACE_BOUND('',#7896,.F.);
#7896 = EDGE_LOOP('',(#7897,#7898,#7899,#7904));
#7897 = ORIENTED_EDGE('',*,*,#7880,.F.);
#7898 = ORIENTED_EDGE('',*,*,#7565,.T.);
#7899 = ORIENTED_EDGE('',*,*,#7900,.T.);
#7900 = EDGE_CURVE('',#7566,#1308,#7901,.T.);
#7901 = B_SPLINE_CURVE_WITH_KNOTS('',1,(#7902,#7903),.UNSPECIFIED.,.F.,
  .F.,(2,2),(-0.,1.E-03),.PIECEWISE_BEZIER_KNOTS.);
#7902 = CARTESIAN_POINT('',(1.412702483194,-7.705599407279E-02,
    0.947579261323));
#7903 = CARTESIAN_POINT('',(1.411712215125,-7.705599407279E-02,
    0.947440088222));
#7904 = ORIENTED_EDGE('',*,*,#1305,.F.);
#7905 = B_SPLINE_SURFACE_WITH_KNOTS('',3,1,(
    (#7906,#7907)
    ,(#7908,#7909)
    ,(#7910,#7911)
    ,(#7912,#7913
    )),.UNSPECIFIED.,.F.,.F.,.F.,(4,4),(2,2),(0.,1.),(0.,1.),
  .PIECEWISE_BEZIER_KNOTS.);
#7906 = CARTESIAN_POINT('',(1.417471930939,-5.363099529033E-02,
    0.913642877243));
#7907 = CARTESIAN_POINT('',(1.41648166287,-5.363099529033E-02,
    0.913503704142));
#7908 = CARTESIAN_POINT('',(1.415660748273,-5.840274633399E-02,
    0.926530111548));
#7909 = CARTESIAN_POINT('',(1.414670480204,-5.840274633399E-02,
    0.926390938447));
#7910 = CARTESIAN_POINT('',(1.414030683988,-6.664487982549E-02,
    0.938128621604));
#7911 = CARTESIAN_POINT('',(1.413040415919,-6.664487982549E-02,
    0.937989448503));
#7912 = CARTESIAN_POINT('',(1.412702483194,-7.705599407279E-02,
    0.947579261323));
#7913 = CARTESIAN_POINT('',(1.411712215125,-7.705599407279E-02,
    0.947440088222));
#7914 = ADVANCED_FACE('',(#7915),#7925,.F.);
#7915 = FACE_BOUND('',#7916,.F.);
#7916 = EDGE_LOOP('',(#7917,#7918,#7919,#7924));
#7917 = ORIENTED_EDGE('',*,*,#7900,.F.);
#7918 = ORIENTED_EDGE('',*,*,#7574,.T.);
#7919 = ORIENTED_EDGE('',*,*,#7920,.T.);
#7920 = EDGE_CURVE('',#7575,#1577,#7921,.T.);
#7921 = B_SPLINE_CURVE_WITH_KNOTS('',1,(#7922,#7923),.UNSPECIFIED.,.F.,
  .F.,(2,2),(-0.,1.E-03),.PIECEWISE_BEZIER_KNOTS.);
#7922 = CARTESIAN_POINT('',(1.409563099733,-0.136052264013,
    0.969917135349));
#7923 = CARTESIAN_POINT('',(1.408572831664,-0.136052264013,
    0.969777962248));
#7924 = ORIENTED_EDGE('',*,*,#1585,.F.);
#7925 = B_SPLINE_SURFACE_WITH_KNOTS('',3,1,(
    (#7926,#7927)
    ,(#7928,#7929)
    ,(#7930,#7931)
    ,(#7932,#7933
    )),.UNSPECIFIED.,.F.,.F.,.F.,(4,4),(2,2),(1.,2.),(0.,1.),
  .PIECEWISE_BEZIER_KNOTS.);
#7926 = CARTESIAN_POINT('',(1.412702483194,-7.705599407279E-02,
    0.947579261323));
#7927 = CARTESIAN_POINT('',(1.411712215125,-7.705599407279E-02,
    0.947440088222));
#7928 = CARTESIAN_POINT('',(1.410710182073,-9.354024450779E-02,
    0.961755220391));
#7929 = CARTESIAN_POINT('',(1.409719914005,-9.354024450779E-02,
    0.96161604729));
#7930 = CARTESIAN_POINT('',(1.409563099733,-0.114362456455,
    0.969917135349));
#7931 = CARTESIAN_POINT('',(1.408572831664,-0.114362456455,
    0.969777962248));
#7932 = CARTESIAN_POINT('',(1.409563099733,-0.136052264013,
    0.969917135349));
#7933 = CARTESIAN_POINT('',(1.408572831664,-0.136052264013,
    0.969777962248));
#7934 = ADVANCED_FACE('',(#7935),#7945,.F.);
#7935 = FACE_BOUND('',#7936,.F.);
#7936 = EDGE_LOOP('',(#7937,#7938,#7939,#7944));
#7937 = ORIENTED_EDGE('',*,*,#7920,.F.);
#7938 = ORIENTED_EDGE('',*,*,#7583,.T.);
#7939 = ORIENTED_EDGE('',*,*,#7940,.T.);
#7940 = EDGE_CURVE('',#7584,#1568,#7941,.T.);
#7941 = B_SPLINE_CURVE_WITH_KNOTS('',1,(#7942,#7943),.UNSPECIFIED.,.F.,
  .F.,(2,2),(-0.,1.E-03),.PIECEWISE_BEZIER_KNOTS.);
#7942 = CARTESIAN_POINT('',(1.411917637256,-0.188107802154,
    0.953163730342));
#7943 = CARTESIAN_POINT('',(1.410927369188,-0.188107802154,
    0.953024557241));
#7944 = ORIENTED_EDGE('',*,*,#1576,.F.);
#7945 = B_SPLINE_SURFACE_WITH_KNOTS('',3,1,(
    (#7946,#7947)
    ,(#7948,#7949)
    ,(#7950,#7951)
    ,(#7952,#7953
    )),.UNSPECIFIED.,.F.,.F.,.F.,(4,4),(2,2),(2.,3.),(0.,1.),
  .PIECEWISE_BEZIER_KNOTS.);
#7946 = CARTESIAN_POINT('',(1.409563099733,-0.136052264013,
    0.969917135349));
#7947 = CARTESIAN_POINT('',(1.408572831664,-0.136052264013,
    0.969777962248));
#7948 = CARTESIAN_POINT('',(1.409563099733,-0.15513929301,0.969917135349
    ));
#7949 = CARTESIAN_POINT('',(1.408572831664,-0.15513929301,0.969777962248
    ));
#7950 = CARTESIAN_POINT('',(1.410408318296,-0.172924936863,
    0.963903092775));
#7951 = CARTESIAN_POINT('',(1.409418050227,-0.172924936863,
    0.963763919674));
#7952 = CARTESIAN_POINT('',(1.411917637256,-0.188107802154,
    0.953163730342));
#7953 = CARTESIAN_POINT('',(1.410927369188,-0.188107802154,
    0.953024557241));
#7954 = ADVANCED_FACE('',(#7955),#7965,.F.);
#7955 = FACE_BOUND('',#7956,.F.);
#7956 = EDGE_LOOP('',(#7957,#7958,#7959,#7964));
#7957 = ORIENTED_EDGE('',*,*,#7940,.F.);
#7958 = ORIENTED_EDGE('',*,*,#7592,.T.);
#7959 = ORIENTED_EDGE('',*,*,#7960,.T.);
#7960 = EDGE_CURVE('',#7593,#1559,#7961,.T.);
#7961 = B_SPLINE_CURVE_WITH_KNOTS('',1,(#7962,#7963),.UNSPECIFIED.,.F.,
  .F.,(2,2),(-0.,1.E-03),.PIECEWISE_BEZIER_KNOTS.);
#7962 = CARTESIAN_POINT('',(1.414574038558,-0.20719483115,0.934262452951
    ));
#7963 = CARTESIAN_POINT('',(1.413583770489,-0.20719483115,0.93412327985)
  );
#7964 = ORIENTED_EDGE('',*,*,#1567,.F.);
#7965 = B_SPLINE_SURFACE_WITH_KNOTS('',3,1,(
    (#7966,#7967)
    ,(#7968,#7969)
    ,(#7970,#7971)
    ,(#7972,#7973
    )),.UNSPECIFIED.,.F.,.F.,.F.,(4,4),(2,2),(3.,4.),(0.,1.),
  .PIECEWISE_BEZIER_KNOTS.);
#7966 = CARTESIAN_POINT('',(1.411917637256,-0.188107802154,
    0.953163730342));
#7967 = CARTESIAN_POINT('',(1.410927369188,-0.188107802154,
    0.953024557241));
#7968 = CARTESIAN_POINT('',(1.412642110496,-0.195482340033,
    0.948008835391));
#7969 = CARTESIAN_POINT('',(1.411651842427,-0.195482340033,0.94786966229
    ));
#7970 = CARTESIAN_POINT('',(1.413547701829,-0.201555484495,
    0.941565218238));
#7971 = CARTESIAN_POINT('',(1.41255743376,-0.201555484495,0.941426045137
    ));
#7972 = CARTESIAN_POINT('',(1.414574038558,-0.20719483115,0.934262452951
    ));
#7973 = CARTESIAN_POINT('',(1.413583770489,-0.20719483115,0.93412327985)
  );
#7974 = ADVANCED_FACE('',(#7975),#7985,.F.);
#7975 = FACE_BOUND('',#7976,.F.);
#7976 = EDGE_LOOP('',(#7977,#7978,#7979,#7984));
#7977 = ORIENTED_EDGE('',*,*,#7960,.F.);
#7978 = ORIENTED_EDGE('',*,*,#7601,.T.);
#7979 = ORIENTED_EDGE('',*,*,#7980,.T.);
#7980 = EDGE_CURVE('',#7602,#1550,#7981,.T.);
#7981 = B_SPLINE_CURVE_WITH_KNOTS('',1,(#7982,#7983),.UNSPECIFIED.,.F.,
  .F.,(2,2),(-0.,1.E-03),.PIECEWISE_BEZIER_KNOTS.);
#7982 = CARTESIAN_POINT('',(1.414453293162,-0.217172139318,
    0.935121601085));
#7983 = CARTESIAN_POINT('',(1.413463025093,-0.217172139318,
    0.934982427984));
#7984 = ORIENTED_EDGE('',*,*,#1558,.F.);
#7985 = B_SPLINE_SURFACE_WITH_KNOTS('',3,1,(
    (#7986,#7987)
    ,(#7988,#7989)
    ,(#7990,#7991)
    ,(#7992,#7993
    )),.UNSPECIFIED.,.F.,.F.,.F.,(4,4),(2,2),(4.,5.),(0.,1.),
  .PIECEWISE_BEZIER_KNOTS.);
#7986 = CARTESIAN_POINT('',(1.414574038558,-0.20719483115,0.934262452951
    ));
#7987 = CARTESIAN_POINT('',(1.413583770489,-0.20719483115,0.93412327985)
  );
#7988 = CARTESIAN_POINT('',(1.414513665572,-0.21066519705,0.934692029066
    ));
#7989 = CARTESIAN_POINT('',(1.413523397503,-0.21066519705,0.934552855965
    ));
#7990 = CARTESIAN_POINT('',(1.414453293162,-0.213701773418,
    0.935121601085));
#7991 = CARTESIAN_POINT('',(1.413463025093,-0.213701773418,
    0.934982427984));
#7992 = CARTESIAN_POINT('',(1.414453293162,-0.217172139318,
    0.935121601085));
#7993 = CARTESIAN_POINT('',(1.413463025093,-0.217172139318,
    0.934982427984));
#7994 = ADVANCED_FACE('',(#7995),#8005,.F.);
#7995 = FACE_BOUND('',#7996,.F.);
#7996 = EDGE_LOOP('',(#7997,#7998,#7999,#8004));
#7997 = ORIENTED_EDGE('',*,*,#7980,.F.);
#7998 = ORIENTED_EDGE('',*,*,#7610,.T.);
#7999 = ORIENTED_EDGE('',*,*,#8000,.T.);
#8000 = EDGE_CURVE('',#7611,#1541,#8001,.T.);
#8001 = B_SPLINE_CURVE_WITH_KNOTS('',1,(#8002,#8003),.UNSPECIFIED.,.F.,
  .F.,(2,2),(-0.,1.E-03),.PIECEWISE_BEZIER_KNOTS.);
#8002 = CARTESIAN_POINT('',(1.417351185543,-0.267058696703,
    0.914502025377));
#8003 = CARTESIAN_POINT('',(1.416360917474,-0.267058696703,
    0.914362852276));
#8004 = ORIENTED_EDGE('',*,*,#1549,.F.);
#8005 = B_SPLINE_SURFACE_WITH_KNOTS('',3,1,(
    (#8006,#8007)
    ,(#8008,#8009)
    ,(#8010,#8011)
    ,(#8012,#8013
    )),.UNSPECIFIED.,.F.,.F.,.F.,(4,4),(2,2),(5.,6.),(0.,1.),
  .PIECEWISE_BEZIER_KNOTS.);
#8006 = CARTESIAN_POINT('',(1.414453293162,-0.217172139318,
    0.935121601085));
#8007 = CARTESIAN_POINT('',(1.413463025093,-0.217172139318,
    0.934982427984));
#8008 = CARTESIAN_POINT('',(1.414453293162,-0.235825374646,
    0.935121601085));
#8009 = CARTESIAN_POINT('',(1.413463025093,-0.235825374646,
    0.934982427984));
#8010 = CARTESIAN_POINT('',(1.415479629891,-0.253611014362,
    0.927818835798));
#8011 = CARTESIAN_POINT('',(1.414489361822,-0.253611014362,
    0.927679662697));
#8012 = CARTESIAN_POINT('',(1.417351185543,-0.267058696703,
    0.914502025377));
#8013 = CARTESIAN_POINT('',(1.416360917474,-0.267058696703,
    0.914362852276));
#8014 = ADVANCED_FACE('',(#8015),#8025,.F.);
#8015 = FACE_BOUND('',#8016,.F.);
#8016 = EDGE_LOOP('',(#8017,#8018,#8019,#8024));
#8017 = ORIENTED_EDGE('',*,*,#8000,.F.);
#8018 = ORIENTED_EDGE('',*,*,#7619,.T.);
#8019 = ORIENTED_EDGE('',*,*,#8020,.T.);
#8020 = EDGE_CURVE('',#7620,#1532,#8021,.T.);
#8021 = B_SPLINE_CURVE_WITH_KNOTS('',1,(#8022,#8023),.UNSPECIFIED.,.F.,
  .F.,(2,2),(-0.,1.E-03),.PIECEWISE_BEZIER_KNOTS.);
#8022 = CARTESIAN_POINT('',(1.424233678869,-0.287447127391,
    0.865530540752));
#8023 = CARTESIAN_POINT('',(1.4232434108,-0.287447127391,0.865391367651)
  );
#8024 = ORIENTED_EDGE('',*,*,#1540,.F.);
#8025 = B_SPLINE_SURFACE_WITH_KNOTS('',3,1,(
    (#8026,#8027)
    ,(#8028,#8029)
    ,(#8030,#8031)
    ,(#8032,#8033
    )),.UNSPECIFIED.,.F.,.F.,.F.,(4,4),(2,2),(6.,7.),(0.,1.),
  .PIECEWISE_BEZIER_KNOTS.);
#8026 = CARTESIAN_POINT('',(1.417351185543,-0.267058696703,
    0.914502025377));
#8027 = CARTESIAN_POINT('',(1.416360917474,-0.267058696703,
    0.914362852276));
#8028 = CARTESIAN_POINT('',(1.419162367634,-0.280072592615,
    0.901614795168));
#8029 = CARTESIAN_POINT('',(1.418172099565,-0.280072592615,
    0.901475622067));
#8030 = CARTESIAN_POINT('',(1.421637650841,-0.287447127391,
    0.884002239979));
#8031 = CARTESIAN_POINT('',(1.420647382772,-0.287447127391,
    0.883863066878));
#8032 = CARTESIAN_POINT('',(1.424233678869,-0.287447127391,
    0.865530540752));
#8033 = CARTESIAN_POINT('',(1.4232434108,-0.287447127391,0.865391367651)
  );
#8034 = ADVANCED_FACE('',(#8035),#8045,.F.);
#8035 = FACE_BOUND('',#8036,.F.);
#8036 = EDGE_LOOP('',(#8037,#8038,#8039,#8044));
#8037 = ORIENTED_EDGE('',*,*,#8020,.F.);
#8038 = ORIENTED_EDGE('',*,*,#7628,.T.);
#8039 = ORIENTED_EDGE('',*,*,#8040,.T.);
#8040 = EDGE_CURVE('',#7629,#1523,#8041,.T.);
#8041 = B_SPLINE_CURVE_WITH_KNOTS('',1,(#8042,#8043),.UNSPECIFIED.,.F.,
  .F.,(2,2),(-0.,1.E-03),.PIECEWISE_BEZIER_KNOTS.);
#8042 = CARTESIAN_POINT('',(1.430814307841,-0.269227689869,
    0.818706932607));
#8043 = CARTESIAN_POINT('',(1.429824039773,-0.269227689869,
    0.818567759506));
#8044 = ORIENTED_EDGE('',*,*,#1531,.F.);
#8045 = B_SPLINE_SURFACE_WITH_KNOTS('',3,1,(
    (#8046,#8047)
    ,(#8048,#8049)
    ,(#8050,#8051)
    ,(#8052,#8053
    )),.UNSPECIFIED.,.F.,.F.,.F.,(4,4),(2,2),(7.,8.),(0.,1.),
  .PIECEWISE_BEZIER_KNOTS.);
#8046 = CARTESIAN_POINT('',(1.424233678869,-0.287447127391,
    0.865530540752));
#8047 = CARTESIAN_POINT('',(1.4232434108,-0.287447127391,0.865391367651)
  );
#8048 = CARTESIAN_POINT('',(1.426648589091,-0.287447127391,
    0.848347561678));
#8049 = CARTESIAN_POINT('',(1.425658321022,-0.287447127391,
    0.848208388577));
#8050 = CARTESIAN_POINT('',(1.429003127478,-0.280940185124,
    0.831594150526));
#8051 = CARTESIAN_POINT('',(1.428012859409,-0.280940185124,
    0.831454977425));
#8052 = CARTESIAN_POINT('',(1.430814307841,-0.269227689869,
    0.818706932607));
#8053 = CARTESIAN_POINT('',(1.429824039773,-0.269227689869,
    0.818567759506));
#8054 = ADVANCED_FACE('',(#8055),#8065,.F.);
#8055 = FACE_BOUND('',#8056,.F.);
#8056 = EDGE_LOOP('',(#8057,#8058,#8059,#8064));
#8057 = ORIENTED_EDGE('',*,*,#8040,.F.);
#8058 = ORIENTED_EDGE('',*,*,#7637,.T.);
#8059 = ORIENTED_EDGE('',*,*,#8060,.T.);
#8060 = EDGE_CURVE('',#7638,#1514,#8061,.T.);
#8061 = B_SPLINE_CURVE_WITH_KNOTS('',1,(#8062,#8063),.UNSPECIFIED.,.F.,
  .F.,(2,2),(-0.,1.E-03),.PIECEWISE_BEZIER_KNOTS.);
#8062 = CARTESIAN_POINT('',(1.433712199647,-0.234523997776,
    0.798087360996));
#8063 = CARTESIAN_POINT('',(1.432721931578,-0.234523997776,
    0.797948187895));
#8064 = ORIENTED_EDGE('',*,*,#1522,.F.);
#8065 = B_SPLINE_SURFACE_WITH_KNOTS('',3,1,(
    (#8066,#8067)
    ,(#8068,#8069)
    ,(#8070,#8071)
    ,(#8072,#8073
    )),.UNSPECIFIED.,.F.,.F.,.F.,(4,4),(2,2),(8.,9.),(0.,1.),
  .PIECEWISE_BEZIER_KNOTS.);
#8066 = CARTESIAN_POINT('',(1.430814307841,-0.269227689869,
    0.818706932607));
#8067 = CARTESIAN_POINT('',(1.429824039773,-0.269227689869,
    0.818567759506));
#8068 = CARTESIAN_POINT('',(1.432263254896,-0.259684175371,
    0.808397138608));
#8069 = CARTESIAN_POINT('',(1.431272986827,-0.259684175371,
    0.808257965507));
#8070 = CARTESIAN_POINT('',(1.433229218063,-0.24797167598,0.801523953534
    ));
#8071 = CARTESIAN_POINT('',(1.432238949994,-0.24797167598,0.801384780433
    ));
#8072 = CARTESIAN_POINT('',(1.433712199647,-0.234523997776,
    0.798087360996));
#8073 = CARTESIAN_POINT('',(1.432721931578,-0.234523997776,
    0.797948187895));
#8074 = ADVANCED_FACE('',(#8075),#8085,.F.);
#8075 = FACE_BOUND('',#8076,.F.);
#8076 = EDGE_LOOP('',(#8077,#8078,#8079,#8084));
#8077 = ORIENTED_EDGE('',*,*,#8060,.F.);
#8078 = ORIENTED_EDGE('',*,*,#7646,.T.);
#8079 = ORIENTED_EDGE('',*,*,#8080,.T.);
#8080 = EDGE_CURVE('',#7647,#1505,#8081,.T.);
#8081 = B_SPLINE_CURVE_WITH_KNOTS('',1,(#8082,#8083),.UNSPECIFIED.,.F.,
  .F.,(2,2),(-0.,1.E-03),.PIECEWISE_BEZIER_KNOTS.);
#8082 = CARTESIAN_POINT('',(1.437817546563,-0.193313359277,
    0.768876299848));
#8083 = CARTESIAN_POINT('',(1.436827278494,-0.193313359277,
    0.768737126747));
#8084 = ORIENTED_EDGE('',*,*,#1513,.F.);
#8085 = B_SPLINE_SURFACE_WITH_KNOTS('',3,1,(
    (#8086,#8087)
    ,(#8088,#8089)
    ,(#8090,#8091)
    ,(#8092,#8093
    )),.UNSPECIFIED.,.F.,.F.,.F.,(4,4),(2,2),(9.,10.),(0.,1.),
  .PIECEWISE_BEZIER_KNOTS.);
#8086 = CARTESIAN_POINT('',(1.433712199647,-0.234523997776,
    0.798087360996));
#8087 = CARTESIAN_POINT('',(1.432721931578,-0.234523997776,
    0.797948187895));
#8088 = CARTESIAN_POINT('',(1.436127109869,-0.228884646983,
    0.780904381922));
#8089 = CARTESIAN_POINT('',(1.4351368418,-0.228884646983,0.780765208821)
  );
#8090 = CARTESIAN_POINT('',(1.437817546563,-0.212400396548,
    0.768876299848));
#8091 = CARTESIAN_POINT('',(1.436827278494,-0.212400396548,
    0.768737126747));
#8092 = CARTESIAN_POINT('',(1.437817546563,-0.193313359277,
    0.768876299848));
#8093 = CARTESIAN_POINT('',(1.436827278494,-0.193313359277,
    0.768737126747));
#8094 = ADVANCED_FACE('',(#8095),#8105,.F.);
#8095 = FACE_BOUND('',#8096,.F.);
#8096 = EDGE_LOOP('',(#8097,#8098,#8099,#8104));
#8097 = ORIENTED_EDGE('',*,*,#8080,.F.);
#8098 = ORIENTED_EDGE('',*,*,#7655,.T.);
#8099 = ORIENTED_EDGE('',*,*,#8100,.T.);
#8100 = EDGE_CURVE('',#7656,#1496,#8101,.T.);
#8101 = B_SPLINE_CURVE_WITH_KNOTS('',1,(#8102,#8103),.UNSPECIFIED.,.F.,
  .F.,(2,2),(-0.,1.E-03),.PIECEWISE_BEZIER_KNOTS.);
#8102 = CARTESIAN_POINT('',(1.431780271009,-0.14993374416,0.811833747533
    ));
#8103 = CARTESIAN_POINT('',(1.43079000294,-0.14993374416,0.811694574432)
  );
#8104 = ORIENTED_EDGE('',*,*,#1504,.F.);
#8105 = B_SPLINE_SURFACE_WITH_KNOTS('',3,1,(
    (#8106,#8107)
    ,(#8108,#8109)
    ,(#8110,#8111)
    ,(#8112,#8113
    )),.UNSPECIFIED.,.F.,.F.,.F.,(4,4),(2,2),(10.,11.),(0.,1.),
  .PIECEWISE_BEZIER_KNOTS.);
#8106 = CARTESIAN_POINT('',(1.437817546563,-0.193313359277,
    0.768876299848));
#8107 = CARTESIAN_POINT('',(1.436827278494,-0.193313359277,
    0.768737126747));
#8108 = CARTESIAN_POINT('',(1.437817546563,-0.169454570963,
    0.768876299848));
#8109 = CARTESIAN_POINT('',(1.436827278494,-0.169454570963,
    0.768737126747));
#8110 = CARTESIAN_POINT('',(1.435100772564,-0.14993374416,0.788207151306
    ));
#8111 = CARTESIAN_POINT('',(1.434110504495,-0.14993374416,0.788067978205
    ));
#8112 = CARTESIAN_POINT('',(1.431780271009,-0.14993374416,0.811833747533
    ));
#8113 = CARTESIAN_POINT('',(1.43079000294,-0.14993374416,0.811694574432)
  );
#8114 = ADVANCED_FACE('',(#8115),#8125,.F.);
#8115 = FACE_BOUND('',#8116,.T.);
#8116 = EDGE_LOOP('',(#8117,#8118,#8123,#8124));
#8117 = ORIENTED_EDGE('',*,*,#1495,.T.);
#8118 = ORIENTED_EDGE('',*,*,#8119,.F.);
#8119 = EDGE_CURVE('',#7665,#1489,#8120,.T.);
#8120 = B_SPLINE_CURVE_WITH_KNOTS('',1,(#8121,#8122),.UNSPECIFIED.,.F.,
  .F.,(2,2),(-0.,1.E-03),.PIECEWISE_BEZIER_KNOTS.);
#8121 = CARTESIAN_POINT('',(1.431176543453,-0.14993374416,0.816129492301
    ));
#8122 = CARTESIAN_POINT('',(1.430186275385,-0.14993374416,0.8159903192)
  );
#8123 = ORIENTED_EDGE('',*,*,#7664,.F.);
#8124 = ORIENTED_EDGE('',*,*,#8100,.T.);
#8125 = B_SPLINE_SURFACE_WITH_KNOTS('',1,1,(
    (#8126,#8127)
    ,(#8128,#8129
    )),.UNSPECIFIED.,.F.,.F.,.F.,(2,2),(2,2),(-4.295744768763E-03,
    1.391731009601E-04),(-1.593995624212E-03,0.),
  .PIECEWISE_BEZIER_KNOTS.);
#8126 = CARTESIAN_POINT('',(1.430186275385,-0.14993374416,0.816129492301
    ));
#8127 = CARTESIAN_POINT('',(1.431780271009,-0.14993374416,0.816129492301
    ));
#8128 = CARTESIAN_POINT('',(1.430186275385,-0.14993374416,0.811694574432
    ));
#8129 = CARTESIAN_POINT('',(1.431780271009,-0.14993374416,0.811694574432
    ));
#8130 = ADVANCED_FACE('',(#8131),#8141,.F.);
#8131 = FACE_BOUND('',#8132,.T.);
#8132 = EDGE_LOOP('',(#8133,#8134,#8139,#8140));
#8133 = ORIENTED_EDGE('',*,*,#1488,.T.);
#8134 = ORIENTED_EDGE('',*,*,#8135,.F.);
#8135 = EDGE_CURVE('',#7674,#1482,#8136,.T.);
#8136 = B_SPLINE_CURVE_WITH_KNOTS('',1,(#8137,#8138),.UNSPECIFIED.,.F.,
  .F.,(2,2),(-0.,1.E-03),.PIECEWISE_BEZIER_KNOTS.);
#8137 = CARTESIAN_POINT('',(1.426708959773,-8.9202282996E-02,
    0.847918001949));
#8138 = CARTESIAN_POINT('',(1.425718691705,-8.9202282996E-02,
    0.847778828848));
#8139 = ORIENTED_EDGE('',*,*,#7673,.F.);
#8140 = ORIENTED_EDGE('',*,*,#8119,.T.);
#8141 = B_SPLINE_SURFACE_WITH_KNOTS('',1,1,(
    (#8142,#8143)
    ,(#8144,#8145
    )),.UNSPECIFIED.,.F.,.F.,.F.,(2,2),(2,2),(-6.854569938385E-02,
    6.553457571484E-05),(-5.49964112914E-03,2.251817577536E-16),
  .PIECEWISE_BEZIER_KNOTS.);
#8142 = CARTESIAN_POINT('',(1.425718691705,-8.914446875961E-02,
    0.847809688121));
#8143 = CARTESIAN_POINT('',(1.431176543453,-8.946311129807E-02,
    0.848406658616));
#8144 = CARTESIAN_POINT('',(1.425718691705,-0.149672915858,
    0.815501662534));
#8145 = CARTESIAN_POINT('',(1.431176543453,-0.149991558396,
    0.816098633029));
#8146 = ADVANCED_FACE('',(#8147),#8157,.F.);
#8147 = FACE_BOUND('',#8148,.T.);
#8148 = EDGE_LOOP('',(#8149,#8150,#8155,#8156));
#8149 = ORIENTED_EDGE('',*,*,#1481,.T.);
#8150 = ORIENTED_EDGE('',*,*,#8151,.F.);
#8151 = EDGE_CURVE('',#7681,#1475,#8152,.T.);
#8152 = B_SPLINE_CURVE_WITH_KNOTS('',1,(#8153,#8154),.UNSPECIFIED.,.F.,
  .F.,(2,2),(-0.,1.E-03),.PIECEWISE_BEZIER_KNOTS.);
#8153 = CARTESIAN_POINT('',(1.423509203039,-0.102649957063,
    0.870685454138));
#8154 = CARTESIAN_POINT('',(1.42251893497,-0.102649957063,0.870546281037
    ));
#8155 = ORIENTED_EDGE('',*,*,#7680,.F.);
#8156 = ORIENTED_EDGE('',*,*,#8135,.T.);
#8157 = B_SPLINE_SURFACE_WITH_KNOTS('',1,1,(
    (#8158,#8159)
    ,(#8160,#8161
    )),.UNSPECIFIED.,.F.,.F.,.F.,(2,2),(2,2),(-2.644136939711E-02,
    1.204301868095E-04),(-4.200407032988E-03,0.),
  .PIECEWISE_BEZIER_KNOTS.);
#8158 = CARTESIAN_POINT('',(1.42251893497,-0.102710317685,0.870650492482
    ));
#8159 = CARTESIAN_POINT('',(1.426708959773,-0.102454919665,
    0.870798422332));
#8160 = CARTESIAN_POINT('',(1.42251893497,-8.939732039408E-02,
    0.847665860654));
#8161 = CARTESIAN_POINT('',(1.426708959773,-8.914192237375E-02,
    0.847813790505));
#8162 = ADVANCED_FACE('',(#8163),#8173,.F.);
#8163 = FACE_BOUND('',#8164,.T.);
#8164 = EDGE_LOOP('',(#8165,#8166,#8171,#8172));
#8165 = ORIENTED_EDGE('',*,*,#1474,.T.);
#8166 = ORIENTED_EDGE('',*,*,#8167,.F.);
#8167 = EDGE_CURVE('',#7688,#1466,#8168,.T.);
#8168 = B_SPLINE_CURVE_WITH_KNOTS('',1,(#8169,#8170),.UNSPECIFIED.,.F.,
  .F.,(2,2),(-0.,1.E-03),.PIECEWISE_BEZIER_KNOTS.);
#8169 = CARTESIAN_POINT('',(1.427735295927,-0.160778639665,
    0.840615240759));
#8170 = CARTESIAN_POINT('',(1.426745027858,-0.160778639665,
    0.840476067658));
#8171 = ORIENTED_EDGE('',*,*,#7687,.F.);
#8172 = ORIENTED_EDGE('',*,*,#8151,.T.);
#8173 = B_SPLINE_SURFACE_WITH_KNOTS('',1,1,(
    (#8174,#8175)
    ,(#8176,#8177
    )),.UNSPECIFIED.,.F.,.F.,.F.,(2,2),(2,2),(-6.550869395328E-02,0.),(
    -9.978894563331E-04,4.258618113156E-03),.PIECEWISE_BEZIER_KNOTS.);
#8174 = CARTESIAN_POINT('',(1.42251893497,-0.160533532348,0.840011428509
    ));
#8175 = CARTESIAN_POINT('',(1.427735295927,-0.160836073791,
    0.840584943001));
#8176 = CARTESIAN_POINT('',(1.42251893497,-0.102592522938,0.870576578795
    ));
#8177 = CARTESIAN_POINT('',(1.427735295927,-0.102895064381,
    0.871150093287));
#8178 = ADVANCED_FACE('',(#8179),#8189,.F.);
#8179 = FACE_BOUND('',#8180,.F.);
#8180 = EDGE_LOOP('',(#8181,#8182,#8183,#8188));
#8181 = ORIENTED_EDGE('',*,*,#8167,.F.);
#8182 = ORIENTED_EDGE('',*,*,#7694,.T.);
#8183 = ORIENTED_EDGE('',*,*,#8184,.T.);
#8184 = EDGE_CURVE('',#7695,#1457,#8185,.T.);
#8185 = B_SPLINE_CURVE_WITH_KNOTS('',1,(#8186,#8187),.UNSPECIFIED.,.F.,
  .F.,(2,2),(-0.,1.E-03),.PIECEWISE_BEZIER_KNOTS.);
#8186 = CARTESIAN_POINT('',(1.425682622469,-0.193313351003,
    0.855220771333));
#8187 = CARTESIAN_POINT('',(1.4246923544,-0.193313351003,0.855081598232)
  );
#8188 = ORIENTED_EDGE('',*,*,#1465,.F.);
#8189 = B_SPLINE_SURFACE_WITH_KNOTS('',3,1,(
    (#8190,#8191)
    ,(#8192,#8193)
    ,(#8194,#8195)
    ,(#8196,#8197
    )),.UNSPECIFIED.,.F.,.F.,.F.,(4,4),(2,2),(15.,16.),(0.,1.),
  .PIECEWISE_BEZIER_KNOTS.);
#8190 = CARTESIAN_POINT('',(1.427735295927,-0.160778639665,
    0.840615240759));
#8191 = CARTESIAN_POINT('',(1.426745027858,-0.160778639665,
    0.840476067658));
#8192 = CARTESIAN_POINT('',(1.42646746783,-0.168586967077,0.849636306412
    ));
#8193 = CARTESIAN_POINT('',(1.425477199761,-0.168586967077,
    0.849497133311));
#8194 = CARTESIAN_POINT('',(1.425682622469,-0.180299466468,
    0.855220771333));
#8195 = CARTESIAN_POINT('',(1.4246923544,-0.180299466468,0.855081598232)
  );
#8196 = CARTESIAN_POINT('',(1.425682622469,-0.193313351003,
    0.855220771333));
#8197 = CARTESIAN_POINT('',(1.4246923544,-0.193313351003,0.855081598232)
  );
#8198 = ADVANCED_FACE('',(#8199),#8209,.F.);
#8199 = FACE_BOUND('',#8200,.F.);
#8200 = EDGE_LOOP('',(#8201,#8202,#8203,#8208));
#8201 = ORIENTED_EDGE('',*,*,#8184,.F.);
#8202 = ORIENTED_EDGE('',*,*,#7703,.T.);
#8203 = ORIENTED_EDGE('',*,*,#8204,.T.);
#8204 = EDGE_CURVE('',#7704,#1448,#8205,.T.);
#8205 = B_SPLINE_CURVE_WITH_KNOTS('',1,(#8206,#8207),.UNSPECIFIED.,.F.,
  .F.,(2,2),(-0.,1.E-03),.PIECEWISE_BEZIER_KNOTS.);
#8206 = CARTESIAN_POINT('',(1.429667224565,-0.234090187559,
    0.826868854223));
#8207 = CARTESIAN_POINT('',(1.428676956496,-0.234090187559,
    0.826729681122));
#8208 = ORIENTED_EDGE('',*,*,#1456,.F.);
#8209 = B_SPLINE_SURFACE_WITH_KNOTS('',3,1,(
    (#8210,#8211)
    ,(#8212,#8213)
    ,(#8214,#8215)
    ,(#8216,#8217
    )),.UNSPECIFIED.,.F.,.F.,.F.,(4,4),(2,2),(16.,17.),(0.,1.),
  .PIECEWISE_BEZIER_KNOTS.);
#8210 = CARTESIAN_POINT('',(1.425682622469,-0.193313351003,
    0.855220771333));
#8211 = CARTESIAN_POINT('',(1.4246923544,-0.193313351003,0.855081598232)
  );
#8212 = CARTESIAN_POINT('',(1.425682622469,-0.211966590468,
    0.855220771333));
#8213 = CARTESIAN_POINT('',(1.4246923544,-0.211966590468,0.855081598232)
  );
#8214 = CARTESIAN_POINT('',(1.427373059163,-0.228017043097,
    0.843192689259));
#8215 = CARTESIAN_POINT('',(1.426382791094,-0.228017043097,
    0.843053516158));
#8216 = CARTESIAN_POINT('',(1.429667224565,-0.234090187559,
    0.826868854223));
#8217 = CARTESIAN_POINT('',(1.428676956496,-0.234090187559,
    0.826729681122));
#8218 = ADVANCED_FACE('',(#8219),#8229,.F.);
#8219 = FACE_BOUND('',#8220,.F.);
#8220 = EDGE_LOOP('',(#8221,#8222,#8223,#8228));
#8221 = ORIENTED_EDGE('',*,*,#8204,.F.);
#8222 = ORIENTED_EDGE('',*,*,#7712,.T.);
#8223 = ORIENTED_EDGE('',*,*,#8224,.T.);
#8224 = EDGE_CURVE('',#7713,#1439,#8225,.T.);
#8225 = B_SPLINE_CURVE_WITH_KNOTS('',1,(#8226,#8227),.UNSPECIFIED.,.F.,
  .F.,(2,2),(-0.,1.E-03),.PIECEWISE_BEZIER_KNOTS.);
#8226 = CARTESIAN_POINT('',(1.424112930594,-0.260117956629,0.86638970937
    ));
#8227 = CARTESIAN_POINT('',(1.423122662525,-0.260117956629,
    0.866250536269));
#8228 = ORIENTED_EDGE('',*,*,#1447,.F.);
#8229 = B_SPLINE_SURFACE_WITH_KNOTS('',3,1,(
    (#8230,#8231)
    ,(#8232,#8233)
    ,(#8234,#8235)
    ,(#8236,#8237
    )),.UNSPECIFIED.,.F.,.F.,.F.,(4,4),(2,2),(17.,18.),(0.,1.),
  .PIECEWISE_BEZIER_KNOTS.);
#8230 = CARTESIAN_POINT('',(1.429667224565,-0.234090187559,
    0.826868854223));
#8231 = CARTESIAN_POINT('',(1.428676956496,-0.234090187559,
    0.826729681122));
#8232 = CARTESIAN_POINT('',(1.428701260246,-0.24927305285,0.833742047491
    ));
#8233 = CARTESIAN_POINT('',(1.427710992177,-0.24927305285,0.83360287439)
  );
#8234 = CARTESIAN_POINT('',(1.426588213802,-0.260117956629,0.84877715418
    ));
#8235 = CARTESIAN_POINT('',(1.425597945733,-0.260117956629,
    0.848637981079));
#8236 = CARTESIAN_POINT('',(1.424112930594,-0.260117956629,0.86638970937
    ));
#8237 = CARTESIAN_POINT('',(1.423122662525,-0.260117956629,
    0.866250536269));
#8238 = ADVANCED_FACE('',(#8239),#8249,.F.);
#8239 = FACE_BOUND('',#8240,.F.);
#8240 = EDGE_LOOP('',(#8241,#8242,#8243,#8248));
#8241 = ORIENTED_EDGE('',*,*,#8224,.F.);
#8242 = ORIENTED_EDGE('',*,*,#7721,.T.);
#8243 = ORIENTED_EDGE('',*,*,#8244,.T.);
#8244 = EDGE_CURVE('',#7722,#1430,#8245,.T.);
#8245 = B_SPLINE_CURVE_WITH_KNOTS('',1,(#8246,#8247),.UNSPECIFIED.,.F.,
  .F.,(2,2),(-0.,1.E-03),.PIECEWISE_BEZIER_KNOTS.);
#8246 = CARTESIAN_POINT('',(1.41807565504,-0.216738341512,0.909347157055
    ));
#8247 = CARTESIAN_POINT('',(1.417085386971,-0.216738341512,
    0.909207983954));
#8248 = ORIENTED_EDGE('',*,*,#1438,.F.);
#8249 = B_SPLINE_SURFACE_WITH_KNOTS('',3,1,(
    (#8250,#8251)
    ,(#8252,#8253)
    ,(#8254,#8255)
    ,(#8256,#8257
    )),.UNSPECIFIED.,.F.,.F.,.F.,(4,4),(2,2),(18.,19.),(0.,1.),
  .PIECEWISE_BEZIER_KNOTS.);
#8250 = CARTESIAN_POINT('',(1.424112930594,-0.260117956629,0.86638970937
    ));
#8251 = CARTESIAN_POINT('',(1.423122662525,-0.260117956629,
    0.866250536269));
#8252 = CARTESIAN_POINT('',(1.420792429039,-0.260117956629,
    0.890016305597));
#8253 = CARTESIAN_POINT('',(1.419802160971,-0.260117956629,
    0.889877132496));
#8254 = CARTESIAN_POINT('',(1.41807565504,-0.240597129826,0.909347157055
    ));
#8255 = CARTESIAN_POINT('',(1.417085386971,-0.240597129826,
    0.909207983954));
#8256 = CARTESIAN_POINT('',(1.41807565504,-0.216738341512,0.909347157055
    ));
#8257 = CARTESIAN_POINT('',(1.417085386971,-0.216738341512,
    0.909207983954));
#8258 = ADVANCED_FACE('',(#8259),#8269,.F.);
#8259 = FACE_BOUND('',#8260,.F.);
#8260 = EDGE_LOOP('',(#8261,#8262,#8263,#8268));
#8261 = ORIENTED_EDGE('',*,*,#8244,.F.);
#8262 = ORIENTED_EDGE('',*,*,#7730,.T.);
#8263 = ORIENTED_EDGE('',*,*,#8264,.T.);
#8264 = EDGE_CURVE('',#7731,#1421,#8265,.T.);
#8265 = B_SPLINE_CURVE_WITH_KNOTS('',1,(#8266,#8267),.UNSPECIFIED.,.F.,
  .F.,(2,2),(-0.,1.E-03),.PIECEWISE_BEZIER_KNOTS.);
#8266 = CARTESIAN_POINT('',(1.418981246373,-0.193747148809,
    0.902903539902));
#8267 = CARTESIAN_POINT('',(1.417990978304,-0.193747148809,
    0.902764366801));
#8268 = ORIENTED_EDGE('',*,*,#1429,.F.);
#8269 = B_SPLINE_SURFACE_WITH_KNOTS('',3,1,(
    (#8270,#8271)
    ,(#8272,#8273)
    ,(#8274,#8275)
    ,(#8276,#8277
    )),.UNSPECIFIED.,.F.,.F.,.F.,(4,4),(2,2),(19.,20.),(0.,1.),
  .PIECEWISE_BEZIER_KNOTS.);
#8270 = CARTESIAN_POINT('',(1.41807565504,-0.216738341512,0.909347157055
    ));
#8271 = CARTESIAN_POINT('',(1.417085386971,-0.216738341512,
    0.909207983954));
#8272 = CARTESIAN_POINT('',(1.41807565504,-0.208496216294,0.909347157055
    ));
#8273 = CARTESIAN_POINT('',(1.417085386971,-0.208496216294,
    0.909207983954));
#8274 = CARTESIAN_POINT('',(1.418437891803,-0.200254091077,
    0.906769708555));
#8275 = CARTESIAN_POINT('',(1.417447623735,-0.200254091077,
    0.906630535454));
#8276 = CARTESIAN_POINT('',(1.418981246373,-0.193747148809,
    0.902903539902));
#8277 = CARTESIAN_POINT('',(1.417990978304,-0.193747148809,
    0.902764366801));
#8278 = ADVANCED_FACE('',(#8279),#8289,.F.);
#8279 = FACE_BOUND('',#8280,.F.);
#8280 = EDGE_LOOP('',(#8281,#8282,#8283,#8288));
#8281 = ORIENTED_EDGE('',*,*,#8264,.F.);
#8282 = ORIENTED_EDGE('',*,*,#7739,.T.);
#8283 = ORIENTED_EDGE('',*,*,#8284,.T.);
#8284 = EDGE_CURVE('',#7740,#1412,#8285,.T.);
#8285 = B_SPLINE_CURVE_WITH_KNOTS('',1,(#8286,#8287),.UNSPECIFIED.,.F.,
  .F.,(2,2),(-0.,9.999999999999E-04),.PIECEWISE_BEZIER_KNOTS.);
#8286 = CARTESIAN_POINT('',(1.413185465065,-0.135618474481,
    0.944142666738));
#8287 = CARTESIAN_POINT('',(1.412195196996,-0.135618474481,
    0.944003493637));
#8288 = ORIENTED_EDGE('',*,*,#1420,.F.);
#8289 = B_SPLINE_SURFACE_WITH_KNOTS('',3,1,(
    (#8290,#8291)
    ,(#8292,#8293)
    ,(#8294,#8295)
    ,(#8296,#8297
    )),.UNSPECIFIED.,.F.,.F.,.F.,(4,4),(2,2),(20.,21.),(0.,1.),
  .PIECEWISE_BEZIER_KNOTS.);
#8290 = CARTESIAN_POINT('',(1.418981246373,-0.193747148809,
    0.902903539902));
#8291 = CARTESIAN_POINT('',(1.417990978304,-0.193747148809,
    0.902764366801));
#8292 = CARTESIAN_POINT('',(1.415600375287,-0.185505031866,
    0.926959687664));
#8293 = CARTESIAN_POINT('',(1.414610107218,-0.185505031866,
    0.926820514563));
#8294 = CARTESIAN_POINT('',(1.413185465065,-0.162947628695,
    0.944142666738));
#8295 = CARTESIAN_POINT('',(1.412195196996,-0.162947628695,
    0.944003493637));
#8296 = CARTESIAN_POINT('',(1.413185465065,-0.135618474481,
    0.944142666738));
#8297 = CARTESIAN_POINT('',(1.412195196996,-0.135618474481,
    0.944003493637));
#8298 = ADVANCED_FACE('',(#8299),#8309,.F.);
#8299 = FACE_BOUND('',#8300,.F.);
#8300 = EDGE_LOOP('',(#8301,#8302,#8303,#8308));
#8301 = ORIENTED_EDGE('',*,*,#8284,.F.);
#8302 = ORIENTED_EDGE('',*,*,#7748,.T.);
#8303 = ORIENTED_EDGE('',*,*,#8304,.T.);
#8304 = EDGE_CURVE('',#7749,#1403,#8305,.T.);
#8305 = B_SPLINE_CURVE_WITH_KNOTS('',1,(#8306,#8307),.UNSPECIFIED.,.F.,
  .F.,(2,2),(-0.,1.E-03),.PIECEWISE_BEZIER_KNOTS.);
#8306 = CARTESIAN_POINT('',(1.420732059508,-7.4887013317E-02,
    0.890445857132));
#8307 = CARTESIAN_POINT('',(1.419741791439,-7.4887013317E-02,
    0.890306684031));
#8308 = ORIENTED_EDGE('',*,*,#1411,.F.);
#8309 = B_SPLINE_SURFACE_WITH_KNOTS('',3,1,(
    (#8310,#8311)
    ,(#8312,#8313)
    ,(#8314,#8315)
    ,(#8316,#8317
    )),.UNSPECIFIED.,.F.,.F.,.F.,(4,4),(2,2),(21.,22.),(0.,1.),
  .PIECEWISE_BEZIER_KNOTS.);
#8310 = CARTESIAN_POINT('',(1.413185465065,-0.135618474481,
    0.944142666738));
#8311 = CARTESIAN_POINT('',(1.412195196996,-0.135618474481,
    0.944003493637));
#8312 = CARTESIAN_POINT('',(1.413185465065,-0.104385148287,
    0.944142666738));
#8313 = CARTESIAN_POINT('',(1.412195196996,-0.104385148287,
    0.944003493637));
#8314 = CARTESIAN_POINT('',(1.41650596662,-7.835737921683E-02,
    0.920516070511));
#8315 = CARTESIAN_POINT('',(1.415515698551,-7.835737921683E-02,
    0.92037689741));
#8316 = CARTESIAN_POINT('',(1.420732059508,-7.4887013317E-02,
    0.890445857132));
#8317 = CARTESIAN_POINT('',(1.419741791439,-7.4887013317E-02,
    0.890306684031));
#8318 = ADVANCED_FACE('',(#8319),#8329,.F.);
#8319 = FACE_BOUND('',#8320,.T.);
#8320 = EDGE_LOOP('',(#8321,#8322,#8327,#8328));
#8321 = ORIENTED_EDGE('',*,*,#1402,.T.);
#8322 = ORIENTED_EDGE('',*,*,#8323,.F.);
#8323 = EDGE_CURVE('',#7758,#1394,#8324,.T.);
#8324 = B_SPLINE_CURVE_WITH_KNOTS('',1,(#8325,#8326),.UNSPECIFIED.,.F.,
  .F.,(2,2),(-0.,1.E-03),.PIECEWISE_BEZIER_KNOTS.);
#8325 = CARTESIAN_POINT('',(1.420732059508,-7.141664741717E-02,
    0.890445857132));
#8326 = CARTESIAN_POINT('',(1.419741791439,-7.141664741717E-02,
    0.890306684031));
#8327 = ORIENTED_EDGE('',*,*,#7757,.F.);
#8328 = ORIENTED_EDGE('',*,*,#8304,.T.);
#8329 = B_SPLINE_SURFACE_WITH_KNOTS('',1,1,(
    (#8330,#8331)
    ,(#8332,#8333
    )),.UNSPECIFIED.,.F.,.F.,.F.,(2,2),(2,2),(-1.E-03,0.),(0.,
    3.470365899832E-03),.PIECEWISE_BEZIER_KNOTS.);
#8330 = CARTESIAN_POINT('',(1.419741791439,-7.4887013317E-02,
    0.890306684031));
#8331 = CARTESIAN_POINT('',(1.419741791439,-7.141664741717E-02,
    0.890306684031));
#8332 = CARTESIAN_POINT('',(1.420732059508,-7.4887013317E-02,
    0.890445857132));
#8333 = CARTESIAN_POINT('',(1.420732059508,-7.141664741717E-02,
    0.890445857132));
#8334 = ADVANCED_FACE('',(#8335),#8345,.F.);
#8335 = FACE_BOUND('',#8336,.F.);
#8336 = EDGE_LOOP('',(#8337,#8338,#8339,#8344));
#8337 = ORIENTED_EDGE('',*,*,#8323,.F.);
#8338 = ORIENTED_EDGE('',*,*,#7766,.T.);
#8339 = ORIENTED_EDGE('',*,*,#8340,.T.);
#8340 = EDGE_CURVE('',#7767,#1385,#8341,.T.);
#8341 = B_SPLINE_CURVE_WITH_KNOTS('',1,(#8342,#8343),.UNSPECIFIED.,.F.,
  .F.,(2,2),(-0.,1.E-03),.PIECEWISE_BEZIER_KNOTS.);
#8342 = CARTESIAN_POINT('',(1.42544113398,-3.758055093542E-02,
    0.856939051215));
#8343 = CARTESIAN_POINT('',(1.424450865911,-3.758055093542E-02,
    0.856799878114));
#8344 = ORIENTED_EDGE('',*,*,#1393,.F.);
#8345 = B_SPLINE_SURFACE_WITH_KNOTS('',3,1,(
    (#8346,#8347)
    ,(#8348,#8349)
    ,(#8350,#8351)
    ,(#8352,#8353
    )),.UNSPECIFIED.,.F.,.F.,.F.,(4,4),(2,2),(23.,24.),(0.,1.),
  .PIECEWISE_BEZIER_KNOTS.);
#8346 = CARTESIAN_POINT('',(1.420732059508,-7.141664741717E-02,
    0.890445857132));
#8347 = CARTESIAN_POINT('',(1.419741791439,-7.141664741717E-02,
    0.890306684031));
#8348 = CARTESIAN_POINT('',(1.420732059508,-5.276341622638E-02,
    0.890445857132));
#8349 = CARTESIAN_POINT('',(1.419741791439,-5.276341622638E-02,
    0.890306684031));
#8350 = CARTESIAN_POINT('',(1.422845105952,-3.758055093542E-02,
    0.875410750442));
#8351 = CARTESIAN_POINT('',(1.421854837883,-3.758055093542E-02,
    0.875271577341));
#8352 = CARTESIAN_POINT('',(1.42544113398,-3.758055093542E-02,
    0.856939051215));
#8353 = CARTESIAN_POINT('',(1.424450865911,-3.758055093542E-02,
    0.856799878114));
#8354 = ADVANCED_FACE('',(#8355),#8365,.F.);
#8355 = FACE_BOUND('',#8356,.F.);
#8356 = EDGE_LOOP('',(#8357,#8358,#8359,#8364));
#8357 = ORIENTED_EDGE('',*,*,#8340,.F.);
#8358 = ORIENTED_EDGE('',*,*,#7775,.T.);
#8359 = ORIENTED_EDGE('',*,*,#8360,.T.);
#8360 = EDGE_CURVE('',#7776,#1378,#8361,.T.);
#8361 = B_SPLINE_CURVE_WITH_KNOTS('',1,(#8362,#8363),.UNSPECIFIED.,.F.,
  .F.,(2,2),(-0.,1.E-03),.PIECEWISE_BEZIER_KNOTS.);
#8362 = CARTESIAN_POINT('',(1.430150208452,-6.88138771293E-02,
    0.823432245298));
#8363 = CARTESIAN_POINT('',(1.429159940383,-6.88138771293E-02,
    0.823293072197));
#8364 = ORIENTED_EDGE('',*,*,#1384,.F.);
#8365 = B_SPLINE_SURFACE_WITH_KNOTS('',3,1,(
    (#8366,#8367)
    ,(#8368,#8369)
    ,(#8370,#8371)
    ,(#8372,#8373
    )),.UNSPECIFIED.,.F.,.F.,.F.,(4,4),(2,2),(24.,25.),(0.,1.),
  .PIECEWISE_BEZIER_KNOTS.);
#8366 = CARTESIAN_POINT('',(1.42544113398,-3.758055093542E-02,
    0.856939051215));
#8367 = CARTESIAN_POINT('',(1.424450865911,-3.758055093542E-02,
    0.856799878114));
#8368 = CARTESIAN_POINT('',(1.427916417187,-3.758055093542E-02,
    0.839326496025));
#8369 = CARTESIAN_POINT('',(1.426926149119,-3.758055093542E-02,
    0.839187322924));
#8370 = CARTESIAN_POINT('',(1.429969090646,-5.102822500266E-02,
    0.824720965451));
#8371 = CARTESIAN_POINT('',(1.428978822577,-5.102822500266E-02,
    0.82458179235));
#8372 = CARTESIAN_POINT('',(1.430150208452,-6.88138771293E-02,
    0.823432245298));
#8373 = CARTESIAN_POINT('',(1.429159940383,-6.88138771293E-02,
    0.823293072197));
#8374 = ADVANCED_FACE('',(#8375),#8385,.F.);
#8375 = FACE_BOUND('',#8376,.T.);
#8376 = EDGE_LOOP('',(#8377,#8378,#8383,#8384));
#8377 = ORIENTED_EDGE('',*,*,#1377,.T.);
#8378 = ORIENTED_EDGE('',*,*,#8379,.F.);
#8379 = EDGE_CURVE('',#7785,#1369,#8380,.T.);
#8380 = B_SPLINE_CURVE_WITH_KNOTS('',1,(#8381,#8382),.UNSPECIFIED.,.F.,
  .F.,(2,2),(-0.,1.E-03),.PIECEWISE_BEZIER_KNOTS.);
#8381 = CARTESIAN_POINT('',(1.430150208452,-8.833470393205E-02,
    0.823432245298));
#8382 = CARTESIAN_POINT('',(1.429159940383,-8.833470393205E-02,
    0.823293072197));
#8383 = ORIENTED_EDGE('',*,*,#7784,.F.);
#8384 = ORIENTED_EDGE('',*,*,#8360,.T.);
#8385 = B_SPLINE_SURFACE_WITH_KNOTS('',1,1,(
    (#8386,#8387)
    ,(#8388,#8389)),.UNSPECIFIED.,.F.,.F.,.F.,(2,2),(2,2),(-0.,1.E-03),(
    -1.952082680275E-02,-2.775557561563E-17),.PIECEWISE_BEZIER_KNOTS.);
#8386 = CARTESIAN_POINT('',(1.430150208452,-8.833470393205E-02,
    0.823432245298));
#8387 = CARTESIAN_POINT('',(1.430150208452,-6.88138771293E-02,
    0.823432245298));
#8388 = CARTESIAN_POINT('',(1.429159940383,-8.833470393205E-02,
    0.823293072197));
#8389 = CARTESIAN_POINT('',(1.429159940383,-6.88138771293E-02,
    0.823293072197));
#8390 = ADVANCED_FACE('',(#8391),#8401,.F.);
#8391 = FACE_BOUND('',#8392,.F.);
#8392 = EDGE_LOOP('',(#8393,#8394,#8395,#8400));
#8393 = ORIENTED_EDGE('',*,*,#8379,.F.);
#8394 = ORIENTED_EDGE('',*,*,#7791,.T.);
#8395 = ORIENTED_EDGE('',*,*,#8396,.T.);
#8396 = EDGE_CURVE('',#7792,#1360,#8397,.T.);
#8397 = B_SPLINE_CURVE_WITH_KNOTS('',1,(#8398,#8399),.UNSPECIFIED.,.F.,
  .F.,(2,2),(-0.,1.E-03),.PIECEWISE_BEZIER_KNOTS.);
#8398 = CARTESIAN_POINT('',(1.430089836617,-9.093747421992E-02,
    0.82386181322));
#8399 = CARTESIAN_POINT('',(1.429099568548,-9.093747421992E-02,
    0.823722640119));
#8400 = ORIENTED_EDGE('',*,*,#1368,.F.);
#8401 = B_SPLINE_SURFACE_WITH_KNOTS('',3,1,(
    (#8402,#8403)
    ,(#8404,#8405)
    ,(#8406,#8407)
    ,(#8408,#8409
    )),.UNSPECIFIED.,.F.,.F.,.F.,(4,4),(2,2),(26.,27.),(0.,1.),
  .PIECEWISE_BEZIER_KNOTS.);
#8402 = CARTESIAN_POINT('',(1.430150208452,-8.833470393205E-02,
    0.823432245298));
#8403 = CARTESIAN_POINT('',(1.429159940383,-8.833470393205E-02,
    0.823293072197));
#8404 = CARTESIAN_POINT('',(1.430150208452,-8.920229954401E-02,
    0.823432245298));
#8405 = CARTESIAN_POINT('',(1.429159940383,-8.920229954401E-02,
    0.823293072197));
#8406 = CARTESIAN_POINT('',(1.430089836617,-9.006989515597E-02,
    0.82386181322));
#8407 = CARTESIAN_POINT('',(1.429099568548,-9.006989515597E-02,
    0.823722640119));
#8408 = CARTESIAN_POINT('',(1.430089836617,-9.093747421992E-02,
    0.82386181322));
#8409 = CARTESIAN_POINT('',(1.429099568548,-9.093747421992E-02,
    0.823722640119));
#8410 = ADVANCED_FACE('',(#8411),#8421,.F.);
#8411 = FACE_BOUND('',#8412,.F.);
#8412 = EDGE_LOOP('',(#8413,#8414,#8415,#8420));
#8413 = ORIENTED_EDGE('',*,*,#8396,.F.);
#8414 = ORIENTED_EDGE('',*,*,#7800,.T.);
#8415 = ORIENTED_EDGE('',*,*,#8416,.T.);
#8416 = EDGE_CURVE('',#7801,#1351,#8417,.T.);
#8417 = B_SPLINE_CURVE_WITH_KNOTS('',1,(#8418,#8419),.UNSPECIFIED.,.F.,
  .F.,(2,2),(-0.,1.E-03),.PIECEWISE_BEZIER_KNOTS.);
#8418 = CARTESIAN_POINT('',(1.431961391118,-0.104385148287,
    0.810545010993));
#8419 = CARTESIAN_POINT('',(1.430971123049,-0.104385148287,
    0.810405837892));
#8420 = ORIENTED_EDGE('',*,*,#1359,.F.);
#8421 = B_SPLINE_SURFACE_WITH_KNOTS('',3,1,(
    (#8422,#8423)
    ,(#8424,#8425)
    ,(#8426,#8427)
    ,(#8428,#8429
    )),.UNSPECIFIED.,.F.,.F.,.F.,(4,4),(2,2),(27.,28.),(0.,1.),
  .PIECEWISE_BEZIER_KNOTS.);
#8422 = CARTESIAN_POINT('',(1.430089836617,-9.093747421992E-02,
    0.82386181322));
#8423 = CARTESIAN_POINT('',(1.429099568548,-9.093747421992E-02,
    0.823722640119));
#8424 = CARTESIAN_POINT('',(1.430089836617,-9.831201209946E-02,
    0.82386181322));
#8425 = CARTESIAN_POINT('',(1.429099568548,-9.831201209946E-02,
    0.823722640119));
#8426 = CARTESIAN_POINT('',(1.430935056116,-0.104385148287,0.81784776399
    ));
#8427 = CARTESIAN_POINT('',(1.429944788047,-0.104385148287,
    0.817708590889));
#8428 = CARTESIAN_POINT('',(1.431961391118,-0.104385148287,
    0.810545010993));
#8429 = CARTESIAN_POINT('',(1.430971123049,-0.104385148287,
    0.810405837892));
#8430 = ADVANCED_FACE('',(#8431),#8441,.F.);
#8431 = FACE_BOUND('',#8432,.F.);
#8432 = EDGE_LOOP('',(#8433,#8434,#8435,#8440));
#8433 = ORIENTED_EDGE('',*,*,#8416,.F.);
#8434 = ORIENTED_EDGE('',*,*,#7809,.T.);
#8435 = ORIENTED_EDGE('',*,*,#8436,.T.);
#8436 = EDGE_CURVE('',#7810,#1344,#8437,.T.);
#8437 = B_SPLINE_CURVE_WITH_KNOTS('',1,(#8438,#8439),.UNSPECIFIED.,.F.,
  .F.,(2,2),(-0.,1.E-03),.PIECEWISE_BEZIER_KNOTS.);
#8438 = CARTESIAN_POINT('',(1.433832945619,-9.180505328387E-02,
    0.797228208765));
#8439 = CARTESIAN_POINT('',(1.43284267755,-9.180505328387E-02,
    0.797089035664));
#8440 = ORIENTED_EDGE('',*,*,#1350,.F.);
#8441 = B_SPLINE_SURFACE_WITH_KNOTS('',3,1,(
    (#8442,#8443)
    ,(#8444,#8445)
    ,(#8446,#8447)
    ,(#8448,#8449
    )),.UNSPECIFIED.,.F.,.F.,.F.,(4,4),(2,2),(28.,29.),(0.,1.),
  .PIECEWISE_BEZIER_KNOTS.);
#8442 = CARTESIAN_POINT('',(1.431961391118,-0.104385148287,
    0.810545010993));
#8443 = CARTESIAN_POINT('',(1.430971123049,-0.104385148287,
    0.810405837892));
#8444 = CARTESIAN_POINT('',(1.432927354285,-0.104385148287,
    0.803671825918));
#8445 = CARTESIAN_POINT('',(1.431937086217,-0.104385148287,
    0.803532652817));
#8446 = CARTESIAN_POINT('',(1.433772573784,-9.874580163154E-02,
    0.797657776687));
#8447 = CARTESIAN_POINT('',(1.432782305715,-9.874580163154E-02,
    0.797518603586));
#8448 = CARTESIAN_POINT('',(1.433832945619,-9.180505328387E-02,
    0.797228208765));
#8449 = CARTESIAN_POINT('',(1.43284267755,-9.180505328387E-02,
    0.797089035664));
#8450 = ADVANCED_FACE('',(#8451),#8461,.F.);
#8451 = FACE_BOUND('',#8452,.T.);
#8452 = EDGE_LOOP('',(#8453,#8454,#8459,#8460));
#8453 = ORIENTED_EDGE('',*,*,#1343,.T.);
#8454 = ORIENTED_EDGE('',*,*,#8455,.F.);
#8455 = EDGE_CURVE('',#7819,#1335,#8456,.T.);
#8456 = B_SPLINE_CURVE_WITH_KNOTS('',1,(#8457,#8458),.UNSPECIFIED.,.F.,
  .F.,(2,2),(-0.,1.E-03),.PIECEWISE_BEZIER_KNOTS.);
#8457 = CARTESIAN_POINT('',(1.433832945619,-6.621109029342E-02,
    0.797228208765));
#8458 = CARTESIAN_POINT('',(1.43284267755,-6.621109029342E-02,
    0.797089035664));
#8459 = ORIENTED_EDGE('',*,*,#7818,.F.);
#8460 = ORIENTED_EDGE('',*,*,#8436,.T.);
#8461 = B_SPLINE_SURFACE_WITH_KNOTS('',1,1,(
    (#8462,#8463)
    ,(#8464,#8465
    )),.UNSPECIFIED.,.F.,.F.,.F.,(2,2),(2,2),(-1.E-03,2.198836820936E-16
    ),(-2.429257784641E-02,1.301385144039E-03),
  .PIECEWISE_BEZIER_KNOTS.);
#8462 = CARTESIAN_POINT('',(1.43284267755,-9.180505328387E-02,
    0.797089035664));
#8463 = CARTESIAN_POINT('',(1.43284267755,-6.621109029342E-02,
    0.797089035664));
#8464 = CARTESIAN_POINT('',(1.433832945619,-9.180505328387E-02,
    0.797228208765));
#8465 = CARTESIAN_POINT('',(1.433832945619,-6.621109029342E-02,
    0.797228208765));
#8466 = ADVANCED_FACE('',(#8467),#8477,.F.);
#8467 = FACE_BOUND('',#8468,.F.);
#8468 = EDGE_LOOP('',(#8469,#8470,#8471,#8476));
#8469 = ORIENTED_EDGE('',*,*,#8455,.F.);
#8470 = ORIENTED_EDGE('',*,*,#7825,.T.);
#8471 = ORIENTED_EDGE('',*,*,#8472,.T.);
#8472 = EDGE_CURVE('',#7826,#1326,#8473,.T.);
#8473 = B_SPLINE_CURVE_WITH_KNOTS('',1,(#8474,#8475),.UNSPECIFIED.,.F.,
  .F.,(2,2),(-0.,1.E-03),.PIECEWISE_BEZIER_KNOTS.);
#8474 = CARTESIAN_POINT('',(1.431116171619,-2.673564715625E-02,
    0.816559060223));
#8475 = CARTESIAN_POINT('',(1.43012590355,-2.673564715625E-02,
    0.816419887122));
#8476 = ORIENTED_EDGE('',*,*,#1334,.F.);
#8477 = B_SPLINE_SURFACE_WITH_KNOTS('',3,1,(
    (#8478,#8479)
    ,(#8480,#8481)
    ,(#8482,#8483)
    ,(#8484,#8485
    )),.UNSPECIFIED.,.F.,.F.,.F.,(4,4),(2,2),(33.,34.),(0.,1.),
  .PIECEWISE_BEZIER_KNOTS.);
#8478 = CARTESIAN_POINT('',(1.433832945619,-6.621109029342E-02,
    0.797228208765));
#8479 = CARTESIAN_POINT('',(1.43284267755,-6.621109029342E-02,
    0.797089035664));
#8480 = CARTESIAN_POINT('',(1.433651827812,-5.102822500266E-02,
    0.798516928918));
#8481 = CARTESIAN_POINT('',(1.432661559744,-5.102822500266E-02,
    0.798377755817));
#8482 = CARTESIAN_POINT('',(1.432685862342,-3.714674485533E-02,
    0.80539013038));
#8483 = CARTESIAN_POINT('',(1.431695594273,-3.714674485533E-02,
    0.805250957279));
#8484 = CARTESIAN_POINT('',(1.431116171619,-2.673564715625E-02,
    0.816559060223));
#8485 = CARTESIAN_POINT('',(1.43012590355,-2.673564715625E-02,
    0.816419887122));
#8486 = ADVANCED_FACE('',(#8487),#8493,.F.);
#8487 = FACE_BOUND('',#8488,.F.);
#8488 = EDGE_LOOP('',(#8489,#8490,#8491,#8492));
#8489 = ORIENTED_EDGE('',*,*,#8472,.F.);
#8490 = ORIENTED_EDGE('',*,*,#7834,.T.);
#8491 = ORIENTED_EDGE('',*,*,#7874,.T.);
#8492 = ORIENTED_EDGE('',*,*,#1325,.F.);
#8493 = B_SPLINE_SURFACE_WITH_KNOTS('',3,1,(
    (#8494,#8495)
    ,(#8496,#8497)
    ,(#8498,#8499)
    ,(#8500,#8501
    )),.UNSPECIFIED.,.F.,.F.,.F.,(4,4),(2,2),(34.,35.),(0.,1.),
  .PIECEWISE_BEZIER_KNOTS.);
#8494 = CARTESIAN_POINT('',(1.431116171619,-2.673564715625E-02,
    0.816559060223));
#8495 = CARTESIAN_POINT('',(1.43012590355,-2.673564715625E-02,
    0.816419887122));
#8496 = CARTESIAN_POINT('',(1.429546480896,-1.632453290875E-02,
    0.827727990067));
#8497 = CARTESIAN_POINT('',(1.428556212827,-1.632453290875E-02,
    0.827588816966));
#8498 = CARTESIAN_POINT('',(1.427493806286,-1.068518625312E-02,
    0.842333528834));
#8499 = CARTESIAN_POINT('',(1.426503538218,-1.068518625312E-02,
    0.842194355733));
#8500 = CARTESIAN_POINT('',(1.425380759842,-1.068518625312E-02,
    0.857368635524));
#8501 = CARTESIAN_POINT('',(1.424390491774,-1.068518625312E-02,
    0.857229462423));
#8502 = ADVANCED_FACE('',(#8503),#8530,.T.);
#8503 = FACE_BOUND('',#8504,.T.);
#8504 = EDGE_LOOP('',(#8505,#8519,#8524,#8525));
#8505 = ORIENTED_EDGE('',*,*,#8506,.F.);
#8506 = EDGE_CURVE('',#8507,#8509,#8511,.T.);
#8507 = VERTEX_POINT('',#8508);
#8508 = CARTESIAN_POINT('',(1.433204917768,-0.193747157083,
    0.794511562584));
#8509 = VERTEX_POINT('',#8510);
#8510 = CARTESIAN_POINT('',(1.428495840993,-0.193747157083,
    0.828018384888));
#8511 = B_SPLINE_CURVE_WITH_KNOTS('',3,(#8512,#8513,#8514,#8515,#8516,
    #8517,#8518),.UNSPECIFIED.,.F.,.F.,(4,3,4),(0.,1.,2.),
  .PIECEWISE_BEZIER_KNOTS.);
#8512 = CARTESIAN_POINT('',(1.433204917768,-0.193747157083,
    0.794511562584));
#8513 = CARTESIAN_POINT('',(1.433204917768,-0.184203646722,
    0.794511562584));
#8514 = CARTESIAN_POINT('',(1.432118206326,-0.176829108843,
    0.802243916277));
#8515 = CARTESIAN_POINT('',(1.43085037938,-0.176829108843,0.811264973736
    ));
#8516 = CARTESIAN_POINT('',(1.429522178298,-0.176829108843,
    0.820715615504));
#8517 = CARTESIAN_POINT('',(1.428495840993,-0.184637436254,
    0.828018384888));
#8518 = CARTESIAN_POINT('',(1.428495840993,-0.193747157083,
    0.828018384888));
#8519 = ORIENTED_EDGE('',*,*,#8520,.F.);
#8520 = EDGE_CURVE('',#7844,#8507,#8521,.T.);
#8521 = B_SPLINE_CURVE_WITH_KNOTS('',1,(#8522,#8523),.UNSPECIFIED.,.F.,
  .F.,(2,2),(-0.,1.E-03),.PIECEWISE_BEZIER_KNOTS.);
#8522 = CARTESIAN_POINT('',(1.434195185837,-0.193747157083,
    0.794650735685));
#8523 = CARTESIAN_POINT('',(1.433204917768,-0.193747157083,
    0.794511562584));
#8524 = ORIENTED_EDGE('',*,*,#7843,.T.);
#8525 = ORIENTED_EDGE('',*,*,#8526,.T.);
#8526 = EDGE_CURVE('',#7846,#8509,#8527,.T.);
#8527 = B_SPLINE_CURVE_WITH_KNOTS('',1,(#8528,#8529),.UNSPECIFIED.,.F.,
  .F.,(2,2),(-2.198836820936E-16,9.999999999999E-04),
  .PIECEWISE_BEZIER_KNOTS.);
#8528 = CARTESIAN_POINT('',(1.429486109062,-0.193747157083,
    0.828157557988));
#8529 = CARTESIAN_POINT('',(1.428495840993,-0.193747157083,
    0.828018384888));
#8530 = B_SPLINE_SURFACE_WITH_KNOTS('',3,1,(
    (#8531,#8532)
    ,(#8533,#8534)
    ,(#8535,#8536)
    ,(#8537,#8538)
    ,(#8539,#8540)
    ,(#8541,#8542)
    ,(#8543,#8544
    )),.UNSPECIFIED.,.F.,.F.,.F.,(4,3,4),(2,2),(0.,1.,2.),(0.,1.),
  .PIECEWISE_BEZIER_KNOTS.);
#8531 = CARTESIAN_POINT('',(1.434195185837,-0.193747157083,
    0.794650735685));
#8532 = CARTESIAN_POINT('',(1.433204917768,-0.193747157083,
    0.794511562584));
#8533 = CARTESIAN_POINT('',(1.434195185837,-0.184203646722,
    0.794650735685));
#8534 = CARTESIAN_POINT('',(1.433204917768,-0.184203646722,
    0.794511562584));
#8535 = CARTESIAN_POINT('',(1.433108474394,-0.176829108843,
    0.802383089378));
#8536 = CARTESIAN_POINT('',(1.432118206326,-0.176829108843,
    0.802243916277));
#8537 = CARTESIAN_POINT('',(1.431840647449,-0.176829108843,
    0.811404146837));
#8538 = CARTESIAN_POINT('',(1.43085037938,-0.176829108843,0.811264973736
    ));
#8539 = CARTESIAN_POINT('',(1.430512446367,-0.176829108843,
    0.820854788605));
#8540 = CARTESIAN_POINT('',(1.429522178298,-0.176829108843,
    0.820715615504));
#8541 = CARTESIAN_POINT('',(1.429486109062,-0.184637436254,
    0.828157557988));
#8542 = CARTESIAN_POINT('',(1.428495840993,-0.184637436254,
    0.828018384888));
#8543 = CARTESIAN_POINT('',(1.429486109062,-0.193747157083,
    0.828157557988));
#8544 = CARTESIAN_POINT('',(1.428495840993,-0.193747157083,
    0.828018384888));
#8545 = ADVANCED_FACE('',(#8546),#8560,.T.);
#8546 = FACE_BOUND('',#8547,.T.);
#8547 = EDGE_LOOP('',(#8548,#8557,#8558,#8559));
#8548 = ORIENTED_EDGE('',*,*,#8549,.F.);
#8549 = EDGE_CURVE('',#8509,#8507,#8550,.T.);
#8550 = B_SPLINE_CURVE_WITH_KNOTS('',3,(#8551,#8552,#8553,#8554,#8555,
    #8556),.UNSPECIFIED.,.F.,.F.,(4,2,4),(2.,3.,4.),.UNSPECIFIED.);
#8551 = CARTESIAN_POINT('',(1.428495840993,-0.193747157083,
    0.828018384888));
#8552 = CARTESIAN_POINT('',(1.428495840993,-0.202856877913,
    0.828018384888));
#8553 = CARTESIAN_POINT('',(1.429522178298,-0.210665205324,
    0.820715615504));
#8554 = CARTESIAN_POINT('',(1.432178580463,-0.210665205324,
    0.801814331968));
#8555 = CARTESIAN_POINT('',(1.433204917768,-0.202856877913,
    0.794511562584));
#8556 = CARTESIAN_POINT('',(1.433204917768,-0.193747157083,
    0.794511562584));
#8557 = ORIENTED_EDGE('',*,*,#8526,.F.);
#8558 = ORIENTED_EDGE('',*,*,#7857,.T.);
#8559 = ORIENTED_EDGE('',*,*,#8520,.T.);
#8560 = B_SPLINE_SURFACE_WITH_KNOTS('',3,1,(
    (#8561,#8562)
    ,(#8563,#8564)
    ,(#8565,#8566)
    ,(#8567,#8568)
    ,(#8569,#8570)
    ,(#8571,#8572
    )),.UNSPECIFIED.,.F.,.F.,.F.,(4,2,4),(2,2),(2.,3.,4.),(0.,1.),
  .UNSPECIFIED.);
#8561 = CARTESIAN_POINT('',(1.429486109062,-0.193747157083,
    0.828157557988));
#8562 = CARTESIAN_POINT('',(1.428495840993,-0.193747157083,
    0.828018384888));
#8563 = CARTESIAN_POINT('',(1.429486109062,-0.202856877913,
    0.828157557988));
#8564 = CARTESIAN_POINT('',(1.428495840993,-0.202856877913,
    0.828018384888));
#8565 = CARTESIAN_POINT('',(1.430512446367,-0.210665205324,
    0.820854788605));
#8566 = CARTESIAN_POINT('',(1.429522178298,-0.210665205324,
    0.820715615504));
#8567 = CARTESIAN_POINT('',(1.433168848532,-0.210665205324,
    0.801953505069));
#8568 = CARTESIAN_POINT('',(1.432178580463,-0.210665205324,
    0.801814331968));
#8569 = CARTESIAN_POINT('',(1.434195185837,-0.202856877913,
    0.794650735685));
#8570 = CARTESIAN_POINT('',(1.433204917768,-0.202856877913,
    0.794511562584));
#8571 = CARTESIAN_POINT('',(1.434195185837,-0.193747157083,
    0.794650735685));
#8572 = CARTESIAN_POINT('',(1.433204917768,-0.193747157083,
    0.794511562584));
#8573 = ADVANCED_FACE('',(#8574),#8578,.T.);
#8574 = FACE_BOUND('',#8575,.T.);
#8575 = EDGE_LOOP('',(#8576,#8577));
#8576 = ORIENTED_EDGE('',*,*,#8506,.T.);
#8577 = ORIENTED_EDGE('',*,*,#8549,.T.);
#8578 = B_SPLINE_SURFACE_WITH_KNOTS('',1,1,(
    (#8579,#8580)
    ,(#8581,#8582
    )),.UNSPECIFIED.,.F.,.F.,.F.,(2,2),(2,2),(0.176829108843,
    0.210665205324),(0.274662959134,0.308499072164),
  .PIECEWISE_BEZIER_KNOTS.);
#8579 = CARTESIAN_POINT('',(1.428495840993,-0.176829108843,
    0.828018384888));
#8580 = CARTESIAN_POINT('',(1.433204917768,-0.176829108843,
    0.794511562584));
#8581 = CARTESIAN_POINT('',(1.428495840993,-0.210665205324,
    0.828018384888));
#8582 = CARTESIAN_POINT('',(1.433204917768,-0.210665205324,
    0.794511562584));
#8583 = ADVANCED_FACE('',(#8584),#8614,.F.);
#8584 = FACE_BOUND('',#8585,.T.);
#8585 = EDGE_LOOP('',(#8586,#8595,#8602,#8609));
#8586 = ORIENTED_EDGE('',*,*,#8587,.T.);
#8587 = EDGE_CURVE('',#8588,#8590,#8592,.T.);
#8588 = VERTEX_POINT('',#8589);
#8589 = CARTESIAN_POINT('',(-1.15,-1.149429204714,0.150008342984));
#8590 = VERTEX_POINT('',#8591);
#8591 = CARTESIAN_POINT('',(-1.15,-1.4,0.150008342984));
#8592 = B_SPLINE_CURVE_WITH_KNOTS('',1,(#8593,#8594),.UNSPECIFIED.,.F.,
  .F.,(2,2),(0.,0.250570795286),.PIECEWISE_BEZIER_KNOTS.);
#8593 = CARTESIAN_POINT('',(-1.15,-1.149429204714,0.150008342984));
#8594 = CARTESIAN_POINT('',(-1.15,-1.4,0.150008342984));
#8595 = ORIENTED_EDGE('',*,*,#8596,.F.);
#8596 = EDGE_CURVE('',#8597,#8590,#8599,.T.);
#8597 = VERTEX_POINT('',#8598);
#8598 = CARTESIAN_POINT('',(-0.75,-1.4,0.150008342984));
#8599 = B_SPLINE_CURVE_WITH_KNOTS('',1,(#8600,#8601),.UNSPECIFIED.,.F.,
  .F.,(2,2),(-0.,0.4),.PIECEWISE_BEZIER_KNOTS.);
#8600 = CARTESIAN_POINT('',(-0.75,-1.4,0.150008342984));
#8601 = CARTESIAN_POINT('',(-1.15,-1.4,0.150008342984));
#8602 = ORIENTED_EDGE('',*,*,#8603,.F.);
#8603 = EDGE_CURVE('',#8604,#8597,#8606,.T.);
#8604 = VERTEX_POINT('',#8605);
#8605 = CARTESIAN_POINT('',(-0.75,-1.149429204714,0.150008342984));
#8606 = B_SPLINE_CURVE_WITH_KNOTS('',1,(#8607,#8608),.UNSPECIFIED.,.F.,
  .F.,(2,2),(0.,0.250570795286),.PIECEWISE_BEZIER_KNOTS.);
#8607 = CARTESIAN_POINT('',(-0.75,-1.149429204714,0.150008342984));
#8608 = CARTESIAN_POINT('',(-0.75,-1.4,0.150008342984));
#8609 = ORIENTED_EDGE('',*,*,#8610,.T.);
#8610 = EDGE_CURVE('',#8604,#8588,#8611,.T.);
#8611 = B_SPLINE_CURVE_WITH_KNOTS('',1,(#8612,#8613),.UNSPECIFIED.,.F.,
  .F.,(2,2),(-0.,0.4),.PIECEWISE_BEZIER_KNOTS.);
#8612 = CARTESIAN_POINT('',(-0.75,-1.149429204714,0.150008342984));
#8613 = CARTESIAN_POINT('',(-1.15,-1.149429204714,0.150008342984));
#8614 = B_SPLINE_SURFACE_WITH_KNOTS('',1,1,(
    (#8615,#8616)
    ,(#8617,#8618
    )),.UNSPECIFIED.,.F.,.F.,.F.,(2,2),(2,2),(-0.250570795286,0.),(-0.4,
    0.),.PIECEWISE_BEZIER_KNOTS.);
#8615 = CARTESIAN_POINT('',(-1.15,-1.4,0.150008342984));
#8616 = CARTESIAN_POINT('',(-0.75,-1.4,0.150008342984));
#8617 = CARTESIAN_POINT('',(-1.15,-1.149429204714,0.150008342984));
#8618 = CARTESIAN_POINT('',(-0.75,-1.149429204714,0.150008342984));
#8619 = ADVANCED_FACE('',(#8620),#8642,.T.);
#8620 = FACE_BOUND('',#8621,.T.);
#8621 = EDGE_LOOP('',(#8622,#8629,#8636,#8641));
#8622 = ORIENTED_EDGE('',*,*,#8623,.F.);
#8623 = EDGE_CURVE('',#8624,#8590,#8626,.T.);
#8624 = VERTEX_POINT('',#8625);
#8625 = CARTESIAN_POINT('',(-1.15,-1.4,8.342984353006E-06));
#8626 = B_SPLINE_CURVE_WITH_KNOTS('',1,(#8627,#8628),.UNSPECIFIED.,.F.,
  .F.,(2,2),(0.,0.15),.PIECEWISE_BEZIER_KNOTS.);
#8627 = CARTESIAN_POINT('',(-1.15,-1.4,8.342984353006E-06));
#8628 = CARTESIAN_POINT('',(-1.15,-1.4,0.150008342984));
#8629 = ORIENTED_EDGE('',*,*,#8630,.F.);
#8630 = EDGE_CURVE('',#8631,#8624,#8633,.T.);
#8631 = VERTEX_POINT('',#8632);
#8632 = CARTESIAN_POINT('',(-0.75,-1.4,8.342984353006E-06));
#8633 = B_SPLINE_CURVE_WITH_KNOTS('',1,(#8634,#8635),.UNSPECIFIED.,.F.,
  .F.,(2,2),(-0.,0.4),.PIECEWISE_BEZIER_KNOTS.);
#8634 = CARTESIAN_POINT('',(-0.75,-1.4,8.342984353006E-06));
#8635 = CARTESIAN_POINT('',(-1.15,-1.4,8.342984353006E-06));
#8636 = ORIENTED_EDGE('',*,*,#8637,.T.);
#8637 = EDGE_CURVE('',#8631,#8597,#8638,.T.);
#8638 = B_SPLINE_CURVE_WITH_KNOTS('',1,(#8639,#8640),.UNSPECIFIED.,.F.,
  .F.,(2,2),(0.,0.15),.PIECEWISE_BEZIER_KNOTS.);
#8639 = CARTESIAN_POINT('',(-0.75,-1.4,8.342984353006E-06));
#8640 = CARTESIAN_POINT('',(-0.75,-1.4,0.150008342984));
#8641 = ORIENTED_EDGE('',*,*,#8596,.T.);
#8642 = B_SPLINE_SURFACE_WITH_KNOTS('',1,1,(
    (#8643,#8644)
    ,(#8645,#8646
    )),.UNSPECIFIED.,.F.,.F.,.F.,(2,2),(2,2),(-0.15,0.),(-0.4,0.),
  .PIECEWISE_BEZIER_KNOTS.);
#8643 = CARTESIAN_POINT('',(-1.15,-1.4,0.150008342984));
#8644 = CARTESIAN_POINT('',(-0.75,-1.4,0.150008342984));
#8645 = CARTESIAN_POINT('',(-1.15,-1.4,8.342984353006E-06));
#8646 = CARTESIAN_POINT('',(-0.75,-1.4,8.342984353006E-06));
#8647 = ADVANCED_FACE('',(#8648),#8670,.T.);
#8648 = FACE_BOUND('',#8649,.T.);
#8649 = EDGE_LOOP('',(#8650,#8657,#8664,#8669));
#8650 = ORIENTED_EDGE('',*,*,#8651,.F.);
#8651 = EDGE_CURVE('',#8652,#8624,#8654,.T.);
#8652 = VERTEX_POINT('',#8653);
#8653 = CARTESIAN_POINT('',(-1.15,-1.149429204714,8.342984353114E-06));
#8654 = B_SPLINE_CURVE_WITH_KNOTS('',1,(#8655,#8656),.UNSPECIFIED.,.F.,
  .F.,(2,2),(0.,0.250570795286),.PIECEWISE_BEZIER_KNOTS.);
#8655 = CARTESIAN_POINT('',(-1.15,-1.149429204714,8.342984353114E-06));
#8656 = CARTESIAN_POINT('',(-1.15,-1.4,8.342984353006E-06));
#8657 = ORIENTED_EDGE('',*,*,#8658,.F.);
#8658 = EDGE_CURVE('',#8659,#8652,#8661,.T.);
#8659 = VERTEX_POINT('',#8660);
#8660 = CARTESIAN_POINT('',(-0.75,-1.149429204714,8.342984353114E-06));
#8661 = B_SPLINE_CURVE_WITH_KNOTS('',1,(#8662,#8663),.UNSPECIFIED.,.F.,
  .F.,(2,2),(-0.,0.4),.PIECEWISE_BEZIER_KNOTS.);
#8662 = CARTESIAN_POINT('',(-0.75,-1.149429204714,8.342984353114E-06));
#8663 = CARTESIAN_POINT('',(-1.15,-1.149429204714,8.342984353114E-06));
#8664 = ORIENTED_EDGE('',*,*,#8665,.T.);
#8665 = EDGE_CURVE('',#8659,#8631,#8666,.T.);
#8666 = B_SPLINE_CURVE_WITH_KNOTS('',1,(#8667,#8668),.UNSPECIFIED.,.F.,
  .F.,(2,2),(0.,0.250570795286),.PIECEWISE_BEZIER_KNOTS.);
#8667 = CARTESIAN_POINT('',(-0.75,-1.149429204714,8.342984353114E-06));
#8668 = CARTESIAN_POINT('',(-0.75,-1.4,8.342984353006E-06));
#8669 = ORIENTED_EDGE('',*,*,#8630,.T.);
#8670 = B_SPLINE_SURFACE_WITH_KNOTS('',1,1,(
    (#8671,#8672)
    ,(#8673,#8674
    )),.UNSPECIFIED.,.F.,.F.,.F.,(2,2),(2,2),(-0.250570795286,0.),(-0.4,
    0.),.PIECEWISE_BEZIER_KNOTS.);
#8671 = CARTESIAN_POINT('',(-1.15,-1.4,8.342984353006E-06));
#8672 = CARTESIAN_POINT('',(-0.75,-1.4,8.342984353006E-06));
#8673 = CARTESIAN_POINT('',(-1.15,-1.149429204714,8.342984353114E-06));
#8674 = CARTESIAN_POINT('',(-0.75,-1.149429204714,8.342984353114E-06));
#8675 = ADVANCED_FACE('',(#8676),#8700,.T.);
#8676 = FACE_BOUND('',#8677,.T.);
#8677 = EDGE_LOOP('',(#8678,#8686,#8693,#8699));
#8678 = ORIENTED_EDGE('',*,*,#8679,.F.);
#8679 = EDGE_CURVE('',#8680,#8652,#8682,.T.);
#8680 = VERTEX_POINT('',#8681);
#8681 = CARTESIAN_POINT('',(-1.15,-0.925285397643,0.205398300866));
#8682 = ( BOUNDED_CURVE() B_SPLINE_CURVE(2,(#8683,#8684,#8685),
.UNSPECIFIED.,.F.,.F.) B_SPLINE_CURVE_WITH_KNOTS((3,3),(4.799655442984,
6.28318530718),.PIECEWISE_BEZIER_KNOTS.) CURVE() 
GEOMETRIC_REPRESENTATION_ITEM() RATIONAL_B_SPLINE_CURVE((1.,
0.73727733681,1.)) REPRESENTATION_ITEM('') );
#8683 = CARTESIAN_POINT('',(-1.15,-0.925285397643,0.205398300866));
#8684 = CARTESIAN_POINT('',(-1.15,-0.94325469056,8.342984353653E-06));
#8685 = CARTESIAN_POINT('',(-1.15,-1.149429204714,8.342984353208E-06));
#8686 = ORIENTED_EDGE('',*,*,#8687,.F.);
#8687 = EDGE_CURVE('',#8688,#8680,#8690,.T.);
#8688 = VERTEX_POINT('',#8689);
#8689 = CARTESIAN_POINT('',(-0.75,-0.925285397643,0.205398300866));
#8690 = B_SPLINE_CURVE_WITH_KNOTS('',1,(#8691,#8692),.UNSPECIFIED.,.F.,
  .F.,(2,2),(-0.,0.4),.PIECEWISE_BEZIER_KNOTS.);
#8691 = CARTESIAN_POINT('',(-0.75,-0.925285397643,0.205398300866));
#8692 = CARTESIAN_POINT('',(-1.15,-0.925285397643,0.205398300866));
#8693 = ORIENTED_EDGE('',*,*,#8694,.T.);
#8694 = EDGE_CURVE('',#8688,#8659,#8695,.T.);
#8695 = ( BOUNDED_CURVE() B_SPLINE_CURVE(2,(#8696,#8697,#8698),
.UNSPECIFIED.,.F.,.F.) B_SPLINE_CURVE_WITH_KNOTS((3,3),(4.799655442984,
6.28318530718),.PIECEWISE_BEZIER_KNOTS.) CURVE() 
GEOMETRIC_REPRESENTATION_ITEM() RATIONAL_B_SPLINE_CURVE((1.,
0.73727733681,1.)) REPRESENTATION_ITEM('') );
#8696 = CARTESIAN_POINT('',(-0.75,-0.925285397643,0.205398300866));
#8697 = CARTESIAN_POINT('',(-0.75,-0.94325469056,8.342984353653E-06));
#8698 = CARTESIAN_POINT('',(-0.75,-1.149429204714,8.342984353208E-06));
#8699 = ORIENTED_EDGE('',*,*,#8658,.T.);
#8700 = ( BOUNDED_SURFACE() B_SPLINE_SURFACE(2,1,(
    (#8701,#8702)
    ,(#8703,#8704)
    ,(#8705,#8706
)),.UNSPECIFIED.,.F.,.F.,.F.) B_SPLINE_SURFACE_WITH_KNOTS((3,3),(2,2),(
    1.658062789395,3.14159265359),(0.,0.4),.PIECEWISE_BEZIER_KNOTS.) 
GEOMETRIC_REPRESENTATION_ITEM() RATIONAL_B_SPLINE_SURFACE((
    (1.,1.)
    ,(0.73727733681,0.73727733681)
,(1.,1.))) REPRESENTATION_ITEM('') SURFACE() );
#8701 = CARTESIAN_POINT('',(-0.75,-0.925285397643,0.205398300866));
#8702 = CARTESIAN_POINT('',(-1.15,-0.925285397643,0.205398300866));
#8703 = CARTESIAN_POINT('',(-0.75,-0.94325469056,8.342984353181E-06));
#8704 = CARTESIAN_POINT('',(-1.15,-0.94325469056,8.342984353181E-06));
#8705 = CARTESIAN_POINT('',(-0.75,-1.149429204714,8.342984353181E-06));
#8706 = CARTESIAN_POINT('',(-1.15,-1.149429204714,8.342984353181E-06));
#8707 = ADVANCED_FACE('',(#8708),#8730,.T.);
#8708 = FACE_BOUND('',#8709,.T.);
#8709 = EDGE_LOOP('',(#8710,#8717,#8724,#8729));
#8710 = ORIENTED_EDGE('',*,*,#8711,.F.);
#8711 = EDGE_CURVE('',#8712,#8680,#8714,.T.);
#8712 = VERTEX_POINT('',#8713);
#8713 = CARTESIAN_POINT('',(-1.15,-0.903312906514,0.45654502369));
#8714 = B_SPLINE_CURVE_WITH_KNOTS('',1,(#8715,#8716),.UNSPECIFIED.,.F.,
  .F.,(2,2),(-5.529991454155E-17,0.252106062505),
  .PIECEWISE_BEZIER_KNOTS.);
#8715 = CARTESIAN_POINT('',(-1.15,-0.903312906514,0.45654502369));
#8716 = CARTESIAN_POINT('',(-1.15,-0.925285397643,0.205398300866));
#8717 = ORIENTED_EDGE('',*,*,#8718,.F.);
#8718 = EDGE_CURVE('',#8719,#8712,#8721,.T.);
#8719 = VERTEX_POINT('',#8720);
#8720 = CARTESIAN_POINT('',(-0.75,-0.903312906514,0.45654502369));
#8721 = B_SPLINE_CURVE_WITH_KNOTS('',1,(#8722,#8723),.UNSPECIFIED.,.F.,
  .F.,(2,2),(-0.,0.4),.PIECEWISE_BEZIER_KNOTS.);
#8722 = CARTESIAN_POINT('',(-0.75,-0.903312906514,0.45654502369));
#8723 = CARTESIAN_POINT('',(-1.15,-0.903312906514,0.45654502369));
#8724 = ORIENTED_EDGE('',*,*,#8725,.T.);
#8725 = EDGE_CURVE('',#8719,#8688,#8726,.T.);
#8726 = B_SPLINE_CURVE_WITH_KNOTS('',1,(#8727,#8728),.UNSPECIFIED.,.F.,
  .F.,(2,2),(-5.529991454155E-17,0.252106062505),
  .PIECEWISE_BEZIER_KNOTS.);
#8727 = CARTESIAN_POINT('',(-0.75,-0.903312906514,0.45654502369));
#8728 = CARTESIAN_POINT('',(-0.75,-0.925285397643,0.205398300866));
#8729 = ORIENTED_EDGE('',*,*,#8687,.T.);
#8730 = B_SPLINE_SURFACE_WITH_KNOTS('',1,1,(
    (#8731,#8732)
    ,(#8733,#8734
    )),.UNSPECIFIED.,.F.,.F.,.F.,(2,2),(2,2),(-0.252106062505,
    5.529991454155E-17),(-0.4,0.),.PIECEWISE_BEZIER_KNOTS.);
#8731 = CARTESIAN_POINT('',(-1.15,-0.925285397643,0.205398300866));
#8732 = CARTESIAN_POINT('',(-0.75,-0.925285397643,0.205398300866));
#8733 = CARTESIAN_POINT('',(-1.15,-0.903312906514,0.45654502369));
#8734 = CARTESIAN_POINT('',(-0.75,-0.903312906514,0.45654502369));
#8735 = ADVANCED_FACE('',(#8736),#8760,.F.);
#8736 = FACE_BOUND('',#8737,.F.);
#8737 = EDGE_LOOP('',(#8738,#8739,#8747,#8754));
#8738 = ORIENTED_EDGE('',*,*,#8718,.F.);
#8739 = ORIENTED_EDGE('',*,*,#8740,.F.);
#8740 = EDGE_CURVE('',#8741,#8719,#8743,.T.);
#8741 = VERTEX_POINT('',#8742);
#8742 = CARTESIAN_POINT('',(-0.75,-0.828598304157,0.525008342984));
#8743 = ( BOUNDED_CURVE() B_SPLINE_CURVE(2,(#8744,#8745,#8746),
.UNSPECIFIED.,.F.,.F.) B_SPLINE_CURVE_WITH_KNOTS((3,3),(3.14159265359,
4.625122517785),.PIECEWISE_BEZIER_KNOTS.) CURVE() 
GEOMETRIC_REPRESENTATION_ITEM() RATIONAL_B_SPLINE_CURVE((1.,
0.73727733681,1.)) REPRESENTATION_ITEM('') );
#8744 = CARTESIAN_POINT('',(-0.75,-0.828598304157,0.525008342984));
#8745 = CARTESIAN_POINT('',(-0.75,-0.897323142209,0.525008342984));
#8746 = CARTESIAN_POINT('',(-0.75,-0.903312906514,0.45654502369));
#8747 = ORIENTED_EDGE('',*,*,#8748,.T.);
#8748 = EDGE_CURVE('',#8741,#8749,#8751,.T.);
#8749 = VERTEX_POINT('',#8750);
#8750 = CARTESIAN_POINT('',(-1.15,-0.828598304157,0.525008342984));
#8751 = B_SPLINE_CURVE_WITH_KNOTS('',1,(#8752,#8753),.UNSPECIFIED.,.F.,
  .F.,(2,2),(-0.,0.4),.PIECEWISE_BEZIER_KNOTS.);
#8752 = CARTESIAN_POINT('',(-0.75,-0.828598304157,0.525008342984));
#8753 = CARTESIAN_POINT('',(-1.15,-0.828598304157,0.525008342984));
#8754 = ORIENTED_EDGE('',*,*,#8755,.T.);
#8755 = EDGE_CURVE('',#8749,#8712,#8756,.T.);
#8756 = ( BOUNDED_CURVE() B_SPLINE_CURVE(2,(#8757,#8758,#8759),
.UNSPECIFIED.,.F.,.F.) B_SPLINE_CURVE_WITH_KNOTS((3,3),(3.14159265359,
4.625122517785),.PIECEWISE_BEZIER_KNOTS.) CURVE() 
GEOMETRIC_REPRESENTATION_ITEM() RATIONAL_B_SPLINE_CURVE((1.,
0.73727733681,1.)) REPRESENTATION_ITEM('') );
#8757 = CARTESIAN_POINT('',(-1.15,-0.828598304157,0.525008342984));
#8758 = CARTESIAN_POINT('',(-1.15,-0.897323142209,0.525008342984));
#8759 = CARTESIAN_POINT('',(-1.15,-0.903312906514,0.45654502369));
#8760 = ( BOUNDED_SURFACE() B_SPLINE_SURFACE(2,1,(
    (#8761,#8762)
    ,(#8763,#8764)
    ,(#8765,#8766
)),.UNSPECIFIED.,.F.,.F.,.F.) B_SPLINE_SURFACE_WITH_KNOTS((3,3),(2,2),(
    4.799655442984,6.28318530718),(0.,0.4),.PIECEWISE_BEZIER_KNOTS.) 
GEOMETRIC_REPRESENTATION_ITEM() RATIONAL_B_SPLINE_SURFACE((
    (1.,1.)
    ,(0.73727733681,0.73727733681)
,(1.,1.))) REPRESENTATION_ITEM('') SURFACE() );
#8761 = CARTESIAN_POINT('',(-0.75,-0.903312906514,0.45654502369));
#8762 = CARTESIAN_POINT('',(-1.15,-0.903312906514,0.45654502369));
#8763 = CARTESIAN_POINT('',(-0.75,-0.897323142209,0.525008342984));
#8764 = CARTESIAN_POINT('',(-1.15,-0.897323142209,0.525008342984));
#8765 = CARTESIAN_POINT('',(-0.75,-0.828598304157,0.525008342984));
#8766 = CARTESIAN_POINT('',(-1.15,-0.828598304157,0.525008342984));
#8767 = ADVANCED_FACE('',(#8768),#8782,.T.);
#8768 = FACE_BOUND('',#8769,.T.);
#8769 = EDGE_LOOP('',(#8770,#8775,#8776,#8781));
#8770 = ORIENTED_EDGE('',*,*,#8771,.F.);
#8771 = EDGE_CURVE('',#144,#8749,#8772,.T.);
#8772 = B_SPLINE_CURVE_WITH_KNOTS('',1,(#8773,#8774),.UNSPECIFIED.,.F.,
  .F.,(2,2),(-3.330669073875E-16,2.859830415743E-02),
  .PIECEWISE_BEZIER_KNOTS.);
#8773 = CARTESIAN_POINT('',(-1.15,-0.8,0.525008342984));
#8774 = CARTESIAN_POINT('',(-1.15,-0.828598304157,0.525008342984));
#8775 = ORIENTED_EDGE('',*,*,#1864,.F.);
#8776 = ORIENTED_EDGE('',*,*,#8777,.T.);
#8777 = EDGE_CURVE('',#70,#8741,#8778,.T.);
#8778 = B_SPLINE_CURVE_WITH_KNOTS('',1,(#8779,#8780),.UNSPECIFIED.,.F.,
  .F.,(2,2),(-3.330669073875E-16,2.859830415743E-02),
  .PIECEWISE_BEZIER_KNOTS.);
#8779 = CARTESIAN_POINT('',(-0.75,-0.8,0.525008342984));
#8780 = CARTESIAN_POINT('',(-0.75,-0.828598304157,0.525008342984));
#8781 = ORIENTED_EDGE('',*,*,#8748,.T.);
#8782 = B_SPLINE_SURFACE_WITH_KNOTS('',1,1,(
    (#8783,#8784)
    ,(#8785,#8786
    )),.UNSPECIFIED.,.F.,.F.,.F.,(2,2),(2,2),(-2.859830415743E-02,
    3.330669073875E-16),(-0.4,0.),.PIECEWISE_BEZIER_KNOTS.);
#8783 = CARTESIAN_POINT('',(-1.15,-0.828598304157,0.525008342984));
#8784 = CARTESIAN_POINT('',(-0.75,-0.828598304157,0.525008342984));
#8785 = CARTESIAN_POINT('',(-1.15,-0.8,0.525008342984));
#8786 = CARTESIAN_POINT('',(-0.75,-0.8,0.525008342984));
#8787 = ADVANCED_FACE('',(#8788),#8810,.F.);
#8788 = FACE_BOUND('',#8789,.T.);
#8789 = EDGE_LOOP('',(#8790,#8797,#8804,#8809));
#8790 = ORIENTED_EDGE('',*,*,#8791,.T.);
#8791 = EDGE_CURVE('',#142,#8792,#8794,.T.);
#8792 = VERTEX_POINT('',#8793);
#8793 = CARTESIAN_POINT('',(-1.15,-0.828598304157,0.675008342984));
#8794 = B_SPLINE_CURVE_WITH_KNOTS('',1,(#8795,#8796),.UNSPECIFIED.,.F.,
  .F.,(2,2),(0.,2.859830415743E-02),.PIECEWISE_BEZIER_KNOTS.);
#8795 = CARTESIAN_POINT('',(-1.15,-0.8,0.675008342984));
#8796 = CARTESIAN_POINT('',(-1.15,-0.828598304157,0.675008342984));
#8797 = ORIENTED_EDGE('',*,*,#8798,.F.);
#8798 = EDGE_CURVE('',#8799,#8792,#8801,.T.);
#8799 = VERTEX_POINT('',#8800);
#8800 = CARTESIAN_POINT('',(-0.75,-0.828598304157,0.675008342984));
#8801 = B_SPLINE_CURVE_WITH_KNOTS('',1,(#8802,#8803),.UNSPECIFIED.,.F.,
  .F.,(2,2),(-0.,0.4),.PIECEWISE_BEZIER_KNOTS.);
#8802 = CARTESIAN_POINT('',(-0.75,-0.828598304157,0.675008342984));
#8803 = CARTESIAN_POINT('',(-1.15,-0.828598304157,0.675008342984));
#8804 = ORIENTED_EDGE('',*,*,#8805,.F.);
#8805 = EDGE_CURVE('',#86,#8799,#8806,.T.);
#8806 = B_SPLINE_CURVE_WITH_KNOTS('',1,(#8807,#8808),.UNSPECIFIED.,.F.,
  .F.,(2,2),(3.330669073875E-16,2.859830415743E-02),
  .PIECEWISE_BEZIER_KNOTS.);
#8807 = CARTESIAN_POINT('',(-0.75,-0.8,0.675008342984));
#8808 = CARTESIAN_POINT('',(-0.75,-0.828598304157,0.675008342984));
#8809 = ORIENTED_EDGE('',*,*,#2158,.T.);
#8810 = B_SPLINE_SURFACE_WITH_KNOTS('',1,1,(
    (#8811,#8812)
    ,(#8813,#8814
    )),.UNSPECIFIED.,.F.,.F.,.F.,(2,2),(2,2),(-2.859830415743E-02,0.),(
    -0.4,0.),.PIECEWISE_BEZIER_KNOTS.);
#8811 = CARTESIAN_POINT('',(-1.15,-0.828598304157,0.675008342984));
#8812 = CARTESIAN_POINT('',(-0.75,-0.828598304157,0.675008342984));
#8813 = CARTESIAN_POINT('',(-1.15,-0.8,0.675008342984));
#8814 = CARTESIAN_POINT('',(-0.75,-0.8,0.675008342984));
#8815 = ADVANCED_FACE('',(#8816),#8840,.T.);
#8816 = FACE_BOUND('',#8817,.T.);
#8817 = EDGE_LOOP('',(#8818,#8826,#8833,#8839));
#8818 = ORIENTED_EDGE('',*,*,#8819,.T.);
#8819 = EDGE_CURVE('',#8792,#8820,#8822,.T.);
#8820 = VERTEX_POINT('',#8821);
#8821 = CARTESIAN_POINT('',(-1.15,-1.052742111228,0.469618385103));
#8822 = ( BOUNDED_CURVE() B_SPLINE_CURVE(2,(#8823,#8824,#8825),
.UNSPECIFIED.,.F.,.F.) B_SPLINE_CURVE_WITH_KNOTS((3,3),(3.14159265359,
4.625122517785),.PIECEWISE_BEZIER_KNOTS.) CURVE() 
GEOMETRIC_REPRESENTATION_ITEM() RATIONAL_B_SPLINE_CURVE((1.,
0.73727733681,1.)) REPRESENTATION_ITEM('') );
#8823 = CARTESIAN_POINT('',(-1.15,-0.828598304157,0.675008342984));
#8824 = CARTESIAN_POINT('',(-1.15,-1.034772818311,0.675008342984));
#8825 = CARTESIAN_POINT('',(-1.15,-1.052742111228,0.469618385103));
#8826 = ORIENTED_EDGE('',*,*,#8827,.F.);
#8827 = EDGE_CURVE('',#8828,#8820,#8830,.T.);
#8828 = VERTEX_POINT('',#8829);
#8829 = CARTESIAN_POINT('',(-0.75,-1.052742111228,0.469618385103));
#8830 = B_SPLINE_CURVE_WITH_KNOTS('',1,(#8831,#8832),.UNSPECIFIED.,.F.,
  .F.,(2,2),(-0.,0.4),.PIECEWISE_BEZIER_KNOTS.);
#8831 = CARTESIAN_POINT('',(-0.75,-1.052742111228,0.469618385103));
#8832 = CARTESIAN_POINT('',(-1.15,-1.052742111228,0.469618385103));
#8833 = ORIENTED_EDGE('',*,*,#8834,.F.);
#8834 = EDGE_CURVE('',#8799,#8828,#8835,.T.);
#8835 = ( BOUNDED_CURVE() B_SPLINE_CURVE(2,(#8836,#8837,#8838),
.UNSPECIFIED.,.F.,.F.) B_SPLINE_CURVE_WITH_KNOTS((3,3),(3.14159265359,
4.625122517785),.PIECEWISE_BEZIER_KNOTS.) CURVE() 
GEOMETRIC_REPRESENTATION_ITEM() RATIONAL_B_SPLINE_CURVE((1.,
0.73727733681,1.)) REPRESENTATION_ITEM('') );
#8836 = CARTESIAN_POINT('',(-0.75,-0.828598304157,0.675008342984));
#8837 = CARTESIAN_POINT('',(-0.75,-1.034772818311,0.675008342984));
#8838 = CARTESIAN_POINT('',(-0.75,-1.052742111228,0.469618385103));
#8839 = ORIENTED_EDGE('',*,*,#8798,.T.);
#8840 = ( BOUNDED_SURFACE() B_SPLINE_SURFACE(2,1,(
    (#8841,#8842)
    ,(#8843,#8844)
    ,(#8845,#8846
)),.UNSPECIFIED.,.F.,.F.,.F.) B_SPLINE_SURFACE_WITH_KNOTS((3,3),(2,2),(
    4.799655442984,6.28318530718),(0.,0.4),.PIECEWISE_BEZIER_KNOTS.) 
GEOMETRIC_REPRESENTATION_ITEM() RATIONAL_B_SPLINE_SURFACE((
    (1.,1.)
    ,(0.73727733681,0.73727733681)
,(1.,1.))) REPRESENTATION_ITEM('') SURFACE() );
#8841 = CARTESIAN_POINT('',(-0.75,-1.052742111228,0.469618385103));
#8842 = CARTESIAN_POINT('',(-1.15,-1.052742111228,0.469618385103));
#8843 = CARTESIAN_POINT('',(-0.75,-1.034772818311,0.675008342984));
#8844 = CARTESIAN_POINT('',(-1.15,-1.034772818311,0.675008342984));
#8845 = CARTESIAN_POINT('',(-0.75,-0.828598304157,0.675008342984));
#8846 = CARTESIAN_POINT('',(-1.15,-0.828598304157,0.675008342984));
#8847 = ADVANCED_FACE('',(#8848),#8870,.F.);
#8848 = FACE_BOUND('',#8849,.T.);
#8849 = EDGE_LOOP('',(#8850,#8857,#8864,#8869));
#8850 = ORIENTED_EDGE('',*,*,#8851,.T.);
#8851 = EDGE_CURVE('',#8820,#8852,#8854,.T.);
#8852 = VERTEX_POINT('',#8853);
#8853 = CARTESIAN_POINT('',(-1.15,-1.074714602357,0.218471662278));
#8854 = B_SPLINE_CURVE_WITH_KNOTS('',1,(#8855,#8856),.UNSPECIFIED.,.F.,
  .F.,(2,2),(-5.529991454155E-17,0.252106062505),
  .PIECEWISE_BEZIER_KNOTS.);
#8855 = CARTESIAN_POINT('',(-1.15,-1.052742111228,0.469618385103));
#8856 = CARTESIAN_POINT('',(-1.15,-1.074714602357,0.218471662278));
#8857 = ORIENTED_EDGE('',*,*,#8858,.F.);
#8858 = EDGE_CURVE('',#8859,#8852,#8861,.T.);
#8859 = VERTEX_POINT('',#8860);
#8860 = CARTESIAN_POINT('',(-0.75,-1.074714602357,0.218471662278));
#8861 = B_SPLINE_CURVE_WITH_KNOTS('',1,(#8862,#8863),.UNSPECIFIED.,.F.,
  .F.,(2,2),(-0.,0.4),.PIECEWISE_BEZIER_KNOTS.);
#8862 = CARTESIAN_POINT('',(-0.75,-1.074714602357,0.218471662278));
#8863 = CARTESIAN_POINT('',(-1.15,-1.074714602357,0.218471662278));
#8864 = ORIENTED_EDGE('',*,*,#8865,.F.);
#8865 = EDGE_CURVE('',#8828,#8859,#8866,.T.);
#8866 = B_SPLINE_CURVE_WITH_KNOTS('',1,(#8867,#8868),.UNSPECIFIED.,.F.,
  .F.,(2,2),(-5.529991454155E-17,0.252106062505),
  .PIECEWISE_BEZIER_KNOTS.);
#8867 = CARTESIAN_POINT('',(-0.75,-1.052742111228,0.469618385103));
#8868 = CARTESIAN_POINT('',(-0.75,-1.074714602357,0.218471662278));
#8869 = ORIENTED_EDGE('',*,*,#8827,.T.);
#8870 = B_SPLINE_SURFACE_WITH_KNOTS('',1,1,(
    (#8871,#8872)
    ,(#8873,#8874
    )),.UNSPECIFIED.,.F.,.F.,.F.,(2,2),(2,2),(-0.252106062505,
    5.529991454155E-17),(-0.4,0.),.PIECEWISE_BEZIER_KNOTS.);
#8871 = CARTESIAN_POINT('',(-1.15,-1.074714602357,0.218471662278));
#8872 = CARTESIAN_POINT('',(-0.75,-1.074714602357,0.218471662278));
#8873 = CARTESIAN_POINT('',(-1.15,-1.052742111228,0.469618385103));
#8874 = CARTESIAN_POINT('',(-0.75,-1.052742111228,0.469618385103));
#8875 = ADVANCED_FACE('',(#8876),#8892,.F.);
#8876 = FACE_BOUND('',#8877,.F.);
#8877 = EDGE_LOOP('',(#8878,#8879,#8885,#8886));
#8878 = ORIENTED_EDGE('',*,*,#8858,.F.);
#8879 = ORIENTED_EDGE('',*,*,#8880,.T.);
#8880 = EDGE_CURVE('',#8859,#8604,#8881,.T.);
#8881 = ( BOUNDED_CURVE() B_SPLINE_CURVE(2,(#8882,#8883,#8884),
.UNSPECIFIED.,.F.,.F.) B_SPLINE_CURVE_WITH_KNOTS((3,3),(4.799655442984,
6.28318530718),.PIECEWISE_BEZIER_KNOTS.) CURVE() 
GEOMETRIC_REPRESENTATION_ITEM() RATIONAL_B_SPLINE_CURVE((1.,
0.73727733681,1.)) REPRESENTATION_ITEM('') );
#8882 = CARTESIAN_POINT('',(-0.75,-1.074714602357,0.218471662278));
#8883 = CARTESIAN_POINT('',(-0.75,-1.080704366662,0.150008342984));
#8884 = CARTESIAN_POINT('',(-0.75,-1.149429204714,0.150008342984));
#8885 = ORIENTED_EDGE('',*,*,#8610,.T.);
#8886 = ORIENTED_EDGE('',*,*,#8887,.F.);
#8887 = EDGE_CURVE('',#8852,#8588,#8888,.T.);
#8888 = ( BOUNDED_CURVE() B_SPLINE_CURVE(2,(#8889,#8890,#8891),
.UNSPECIFIED.,.F.,.F.) B_SPLINE_CURVE_WITH_KNOTS((3,3),(4.799655442984,
6.28318530718),.PIECEWISE_BEZIER_KNOTS.) CURVE() 
GEOMETRIC_REPRESENTATION_ITEM() RATIONAL_B_SPLINE_CURVE((1.,
0.73727733681,1.)) REPRESENTATION_ITEM('') );
#8889 = CARTESIAN_POINT('',(-1.15,-1.074714602357,0.218471662278));
#8890 = CARTESIAN_POINT('',(-1.15,-1.080704366662,0.150008342984));
#8891 = CARTESIAN_POINT('',(-1.15,-1.149429204714,0.150008342984));
#8892 = ( BOUNDED_SURFACE() B_SPLINE_SURFACE(2,1,(
    (#8893,#8894)
    ,(#8895,#8896)
    ,(#8897,#8898
)),.UNSPECIFIED.,.F.,.F.,.F.) B_SPLINE_SURFACE_WITH_KNOTS((3,3),(2,2),(
    1.658062789395,3.14159265359),(0.,0.4),.PIECEWISE_BEZIER_KNOTS.) 
GEOMETRIC_REPRESENTATION_ITEM() RATIONAL_B_SPLINE_SURFACE((
    (1.,1.)
    ,(0.73727733681,0.73727733681)
,(1.,1.))) REPRESENTATION_ITEM('') SURFACE() );
#8893 = CARTESIAN_POINT('',(-0.75,-1.074714602357,0.218471662278));
#8894 = CARTESIAN_POINT('',(-1.15,-1.074714602357,0.218471662278));
#8895 = CARTESIAN_POINT('',(-0.75,-1.080704366662,0.150008342984));
#8896 = CARTESIAN_POINT('',(-1.15,-1.080704366662,0.150008342984));
#8897 = CARTESIAN_POINT('',(-0.75,-1.149429204714,0.150008342984));
#8898 = CARTESIAN_POINT('',(-1.15,-1.149429204714,0.150008342984));
#8899 = ADVANCED_FACE('',(#8900),#8914,.T.);
#8900 = FACE_BOUND('',#8901,.T.);
#8901 = EDGE_LOOP('',(#8902,#8903,#8904,#8905,#8906,#8907,#8908,#8909,
    #8910,#8911,#8912,#8913));
#8902 = ORIENTED_EDGE('',*,*,#8603,.T.);
#8903 = ORIENTED_EDGE('',*,*,#8637,.F.);
#8904 = ORIENTED_EDGE('',*,*,#8665,.F.);
#8905 = ORIENTED_EDGE('',*,*,#8694,.F.);
#8906 = ORIENTED_EDGE('',*,*,#8725,.F.);
#8907 = ORIENTED_EDGE('',*,*,#8740,.F.);
#8908 = ORIENTED_EDGE('',*,*,#8777,.F.);
#8909 = ORIENTED_EDGE('',*,*,#92,.F.);
#8910 = ORIENTED_EDGE('',*,*,#8805,.T.);
#8911 = ORIENTED_EDGE('',*,*,#8834,.T.);
#8912 = ORIENTED_EDGE('',*,*,#8865,.T.);
#8913 = ORIENTED_EDGE('',*,*,#8880,.T.);
#8914 = B_SPLINE_SURFACE_WITH_KNOTS('',1,1,(
    (#8915,#8916)
    ,(#8917,#8918
  )),.UNSPECIFIED.,.F.,.F.,.F.,(2,2),(2,2),(-0.45,0.225),(
    -0.250570795286,0.349429204714),.PIECEWISE_BEZIER_KNOTS.);
#8915 = CARTESIAN_POINT('',(-0.75,-1.4,0.675008342984));
#8916 = CARTESIAN_POINT('',(-0.75,-0.8,0.675008342984));
#8917 = CARTESIAN_POINT('',(-0.75,-1.4,8.342984353014E-06));
#8918 = CARTESIAN_POINT('',(-0.75,-0.8,8.342984353014E-06));
#8919 = ADVANCED_FACE('',(#8920),#8934,.F.);
#8920 = FACE_BOUND('',#8921,.T.);
#8921 = EDGE_LOOP('',(#8922,#8923,#8924,#8925,#8926,#8927,#8928,#8929,
    #8930,#8931,#8932,#8933));
#8922 = ORIENTED_EDGE('',*,*,#8587,.F.);
#8923 = ORIENTED_EDGE('',*,*,#8887,.F.);
#8924 = ORIENTED_EDGE('',*,*,#8851,.F.);
#8925 = ORIENTED_EDGE('',*,*,#8819,.F.);
#8926 = ORIENTED_EDGE('',*,*,#8791,.F.);
#8927 = ORIENTED_EDGE('',*,*,#141,.T.);
#8928 = ORIENTED_EDGE('',*,*,#8771,.T.);
#8929 = ORIENTED_EDGE('',*,*,#8755,.T.);
#8930 = ORIENTED_EDGE('',*,*,#8711,.T.);
#8931 = ORIENTED_EDGE('',*,*,#8679,.T.);
#8932 = ORIENTED_EDGE('',*,*,#8651,.T.);
#8933 = ORIENTED_EDGE('',*,*,#8623,.T.);
#8934 = B_SPLINE_SURFACE_WITH_KNOTS('',1,1,(
    (#8935,#8936)
    ,(#8937,#8938
  )),.UNSPECIFIED.,.F.,.F.,.F.,(2,2),(2,2),(-0.45,0.225),(
    -0.250570795286,0.349429204714),.PIECEWISE_BEZIER_KNOTS.);
#8935 = CARTESIAN_POINT('',(-1.15,-1.4,0.675008342984));
#8936 = CARTESIAN_POINT('',(-1.15,-0.8,0.675008342984));
#8937 = CARTESIAN_POINT('',(-1.15,-1.4,8.342984353014E-06));
#8938 = CARTESIAN_POINT('',(-1.15,-0.8,8.342984353014E-06));
#8939 = ADVANCED_FACE('',(#8940),#8970,.T.);
#8940 = FACE_BOUND('',#8941,.T.);
#8941 = EDGE_LOOP('',(#8942,#8951,#8958,#8965));
#8942 = ORIENTED_EDGE('',*,*,#8943,.F.);
#8943 = EDGE_CURVE('',#8944,#8946,#8948,.T.);
#8944 = VERTEX_POINT('',#8945);
#8945 = CARTESIAN_POINT('',(-0.2,1.149429204714,0.150008342984));
#8946 = VERTEX_POINT('',#8947);
#8947 = CARTESIAN_POINT('',(-0.2,1.4,0.150008342984));
#8948 = B_SPLINE_CURVE_WITH_KNOTS('',1,(#8949,#8950),.UNSPECIFIED.,.F.,
  .F.,(2,2),(0.,0.250570795286),.PIECEWISE_BEZIER_KNOTS.);
#8949 = CARTESIAN_POINT('',(-0.2,1.149429204714,0.150008342984));
#8950 = CARTESIAN_POINT('',(-0.2,1.4,0.150008342984));
#8951 = ORIENTED_EDGE('',*,*,#8952,.F.);
#8952 = EDGE_CURVE('',#8953,#8944,#8955,.T.);
#8953 = VERTEX_POINT('',#8954);
#8954 = CARTESIAN_POINT('',(0.2,1.149429204714,0.150008342984));
#8955 = B_SPLINE_CURVE_WITH_KNOTS('',1,(#8956,#8957),.UNSPECIFIED.,.F.,
  .F.,(2,2),(-0.,0.4),.PIECEWISE_BEZIER_KNOTS.);
#8956 = CARTESIAN_POINT('',(0.2,1.149429204714,0.150008342984));
#8957 = CARTESIAN_POINT('',(-0.2,1.149429204714,0.150008342984));
#8958 = ORIENTED_EDGE('',*,*,#8959,.T.);
#8959 = EDGE_CURVE('',#8953,#8960,#8962,.T.);
#8960 = VERTEX_POINT('',#8961);
#8961 = CARTESIAN_POINT('',(0.2,1.4,0.150008342984));
#8962 = B_SPLINE_CURVE_WITH_KNOTS('',1,(#8963,#8964),.UNSPECIFIED.,.F.,
  .F.,(2,2),(0.,0.250570795286),.PIECEWISE_BEZIER_KNOTS.);
#8963 = CARTESIAN_POINT('',(0.2,1.149429204714,0.150008342984));
#8964 = CARTESIAN_POINT('',(0.2,1.4,0.150008342984));
#8965 = ORIENTED_EDGE('',*,*,#8966,.T.);
#8966 = EDGE_CURVE('',#8960,#8946,#8967,.T.);
#8967 = B_SPLINE_CURVE_WITH_KNOTS('',1,(#8968,#8969),.UNSPECIFIED.,.F.,
  .F.,(2,2),(-0.,0.4),.PIECEWISE_BEZIER_KNOTS.);
#8968 = CARTESIAN_POINT('',(0.2,1.4,0.150008342984));
#8969 = CARTESIAN_POINT('',(-0.2,1.4,0.150008342984));
#8970 = B_SPLINE_SURFACE_WITH_KNOTS('',1,1,(
    (#8971,#8972)
    ,(#8973,#8974
    )),.UNSPECIFIED.,.F.,.F.,.F.,(2,2),(2,2),(-0.250570795286,0.),(-0.4,
    0.),.PIECEWISE_BEZIER_KNOTS.);
#8971 = CARTESIAN_POINT('',(-0.2,1.4,0.150008342984));
#8972 = CARTESIAN_POINT('',(0.2,1.4,0.150008342984));
#8973 = CARTESIAN_POINT('',(-0.2,1.149429204714,0.150008342984));
#8974 = CARTESIAN_POINT('',(0.2,1.149429204714,0.150008342984));
#8975 = ADVANCED_FACE('',(#8976),#9000,.F.);
#8976 = FACE_BOUND('',#8977,.F.);
#8977 = EDGE_LOOP('',(#8978,#8979,#8987,#8994));
#8978 = ORIENTED_EDGE('',*,*,#8952,.F.);
#8979 = ORIENTED_EDGE('',*,*,#8980,.F.);
#8980 = EDGE_CURVE('',#8981,#8953,#8983,.T.);
#8981 = VERTEX_POINT('',#8982);
#8982 = CARTESIAN_POINT('',(0.2,1.074714602357,0.218471662278));
#8983 = ( BOUNDED_CURVE() B_SPLINE_CURVE(2,(#8984,#8985,#8986),
.UNSPECIFIED.,.F.,.F.) B_SPLINE_CURVE_WITH_KNOTS((3,3),(4.799655442984,
6.28318530718),.PIECEWISE_BEZIER_KNOTS.) CURVE() 
GEOMETRIC_REPRESENTATION_ITEM() RATIONAL_B_SPLINE_CURVE((1.,
0.73727733681,1.)) REPRESENTATION_ITEM('') );
#8984 = CARTESIAN_POINT('',(0.2,1.074714602357,0.218471662278));
#8985 = CARTESIAN_POINT('',(0.2,1.080704366662,0.150008342984));
#8986 = CARTESIAN_POINT('',(0.2,1.149429204714,0.150008342984));
#8987 = ORIENTED_EDGE('',*,*,#8988,.T.);
#8988 = EDGE_CURVE('',#8981,#8989,#8991,.T.);
#8989 = VERTEX_POINT('',#8990);
#8990 = CARTESIAN_POINT('',(-0.2,1.074714602357,0.218471662278));
#8991 = B_SPLINE_CURVE_WITH_KNOTS('',1,(#8992,#8993),.UNSPECIFIED.,.F.,
  .F.,(2,2),(-0.,0.4),.PIECEWISE_BEZIER_KNOTS.);
#8992 = CARTESIAN_POINT('',(0.2,1.074714602357,0.218471662278));
#8993 = CARTESIAN_POINT('',(-0.2,1.074714602357,0.218471662278));
#8994 = ORIENTED_EDGE('',*,*,#8995,.T.);
#8995 = EDGE_CURVE('',#8989,#8944,#8996,.T.);
#8996 = ( BOUNDED_CURVE() B_SPLINE_CURVE(2,(#8997,#8998,#8999),
.UNSPECIFIED.,.F.,.F.) B_SPLINE_CURVE_WITH_KNOTS((3,3),(4.799655442984,
6.28318530718),.PIECEWISE_BEZIER_KNOTS.) CURVE() 
GEOMETRIC_REPRESENTATION_ITEM() RATIONAL_B_SPLINE_CURVE((1.,
0.73727733681,1.)) REPRESENTATION_ITEM('') );
#8997 = CARTESIAN_POINT('',(-0.2,1.074714602357,0.218471662278));
#8998 = CARTESIAN_POINT('',(-0.2,1.080704366662,0.150008342984));
#8999 = CARTESIAN_POINT('',(-0.2,1.149429204714,0.150008342984));
#9000 = ( BOUNDED_SURFACE() B_SPLINE_SURFACE(2,1,(
    (#9001,#9002)
    ,(#9003,#9004)
    ,(#9005,#9006
)),.UNSPECIFIED.,.F.,.F.,.F.) B_SPLINE_SURFACE_WITH_KNOTS((3,3),(2,2),(
    3.14159265359,4.625122517785),(0.,0.4),.PIECEWISE_BEZIER_KNOTS.) 
GEOMETRIC_REPRESENTATION_ITEM() RATIONAL_B_SPLINE_SURFACE((
    (1.,1.)
    ,(0.73727733681,0.73727733681)
,(1.,1.))) REPRESENTATION_ITEM('') SURFACE() );
#9001 = CARTESIAN_POINT('',(0.2,1.149429204714,0.150008342984));
#9002 = CARTESIAN_POINT('',(-0.2,1.149429204714,0.150008342984));
#9003 = CARTESIAN_POINT('',(0.2,1.080704366662,0.150008342984));
#9004 = CARTESIAN_POINT('',(-0.2,1.080704366662,0.150008342984));
#9005 = CARTESIAN_POINT('',(0.2,1.074714602357,0.218471662278));
#9006 = CARTESIAN_POINT('',(-0.2,1.074714602357,0.218471662278));
#9007 = ADVANCED_FACE('',(#9008),#9030,.T.);
#9008 = FACE_BOUND('',#9009,.T.);
#9009 = EDGE_LOOP('',(#9010,#9017,#9024,#9029));
#9010 = ORIENTED_EDGE('',*,*,#9011,.F.);
#9011 = EDGE_CURVE('',#9012,#8989,#9014,.T.);
#9012 = VERTEX_POINT('',#9013);
#9013 = CARTESIAN_POINT('',(-0.2,1.052742111228,0.469618385103));
#9014 = B_SPLINE_CURVE_WITH_KNOTS('',1,(#9015,#9016),.UNSPECIFIED.,.F.,
  .F.,(2,2),(-5.529991454155E-17,0.252106062505),
  .PIECEWISE_BEZIER_KNOTS.);
#9015 = CARTESIAN_POINT('',(-0.2,1.052742111228,0.469618385103));
#9016 = CARTESIAN_POINT('',(-0.2,1.074714602357,0.218471662278));
#9017 = ORIENTED_EDGE('',*,*,#9018,.F.);
#9018 = EDGE_CURVE('',#9019,#9012,#9021,.T.);
#9019 = VERTEX_POINT('',#9020);
#9020 = CARTESIAN_POINT('',(0.2,1.052742111228,0.469618385103));
#9021 = B_SPLINE_CURVE_WITH_KNOTS('',1,(#9022,#9023),.UNSPECIFIED.,.F.,
  .F.,(2,2),(-0.,0.4),.PIECEWISE_BEZIER_KNOTS.);
#9022 = CARTESIAN_POINT('',(0.2,1.052742111228,0.469618385103));
#9023 = CARTESIAN_POINT('',(-0.2,1.052742111228,0.469618385103));
#9024 = ORIENTED_EDGE('',*,*,#9025,.T.);
#9025 = EDGE_CURVE('',#9019,#8981,#9026,.T.);
#9026 = B_SPLINE_CURVE_WITH_KNOTS('',1,(#9027,#9028),.UNSPECIFIED.,.F.,
  .F.,(2,2),(-5.529991454155E-17,0.252106062505),
  .PIECEWISE_BEZIER_KNOTS.);
#9027 = CARTESIAN_POINT('',(0.2,1.052742111228,0.469618385103));
#9028 = CARTESIAN_POINT('',(0.2,1.074714602357,0.218471662278));
#9029 = ORIENTED_EDGE('',*,*,#8988,.T.);
#9030 = B_SPLINE_SURFACE_WITH_KNOTS('',1,1,(
    (#9031,#9032)
    ,(#9033,#9034
    )),.UNSPECIFIED.,.F.,.F.,.F.,(2,2),(2,2),(-0.252106062505,
    5.529991454155E-17),(-0.4,0.),.PIECEWISE_BEZIER_KNOTS.);
#9031 = CARTESIAN_POINT('',(-0.2,1.074714602357,0.218471662278));
#9032 = CARTESIAN_POINT('',(0.2,1.074714602357,0.218471662278));
#9033 = CARTESIAN_POINT('',(-0.2,1.052742111228,0.469618385103));
#9034 = CARTESIAN_POINT('',(0.2,1.052742111228,0.469618385103));
#9035 = ADVANCED_FACE('',(#9036),#9060,.T.);
#9036 = FACE_BOUND('',#9037,.T.);
#9037 = EDGE_LOOP('',(#9038,#9046,#9053,#9059));
#9038 = ORIENTED_EDGE('',*,*,#9039,.F.);
#9039 = EDGE_CURVE('',#9040,#9012,#9042,.T.);
#9040 = VERTEX_POINT('',#9041);
#9041 = CARTESIAN_POINT('',(-0.2,0.828598304157,0.675008342984));
#9042 = ( BOUNDED_CURVE() B_SPLINE_CURVE(2,(#9043,#9044,#9045),
.UNSPECIFIED.,.F.,.F.) B_SPLINE_CURVE_WITH_KNOTS((3,3),(3.14159265359,
4.625122517785),.PIECEWISE_BEZIER_KNOTS.) CURVE() 
GEOMETRIC_REPRESENTATION_ITEM() RATIONAL_B_SPLINE_CURVE((1.,
0.73727733681,1.)) REPRESENTATION_ITEM('') );
#9043 = CARTESIAN_POINT('',(-0.2,0.828598304157,0.675008342984));
#9044 = CARTESIAN_POINT('',(-0.2,1.034772818311,0.675008342984));
#9045 = CARTESIAN_POINT('',(-0.2,1.052742111228,0.469618385103));
#9046 = ORIENTED_EDGE('',*,*,#9047,.F.);
#9047 = EDGE_CURVE('',#9048,#9040,#9050,.T.);
#9048 = VERTEX_POINT('',#9049);
#9049 = CARTESIAN_POINT('',(0.2,0.828598304157,0.675008342984));
#9050 = B_SPLINE_CURVE_WITH_KNOTS('',1,(#9051,#9052),.UNSPECIFIED.,.F.,
  .F.,(2,2),(-0.,0.4),.PIECEWISE_BEZIER_KNOTS.);
#9051 = CARTESIAN_POINT('',(0.2,0.828598304157,0.675008342984));
#9052 = CARTESIAN_POINT('',(-0.2,0.828598304157,0.675008342984));
#9053 = ORIENTED_EDGE('',*,*,#9054,.T.);
#9054 = EDGE_CURVE('',#9048,#9019,#9055,.T.);
#9055 = ( BOUNDED_CURVE() B_SPLINE_CURVE(2,(#9056,#9057,#9058),
.UNSPECIFIED.,.F.,.F.) B_SPLINE_CURVE_WITH_KNOTS((3,3),(3.14159265359,
4.625122517785),.PIECEWISE_BEZIER_KNOTS.) CURVE() 
GEOMETRIC_REPRESENTATION_ITEM() RATIONAL_B_SPLINE_CURVE((1.,
0.73727733681,1.)) REPRESENTATION_ITEM('') );
#9056 = CARTESIAN_POINT('',(0.2,0.828598304157,0.675008342984));
#9057 = CARTESIAN_POINT('',(0.2,1.034772818311,0.675008342984));
#9058 = CARTESIAN_POINT('',(0.2,1.052742111228,0.469618385103));
#9059 = ORIENTED_EDGE('',*,*,#9018,.T.);
#9060 = ( BOUNDED_SURFACE() B_SPLINE_SURFACE(2,1,(
    (#9061,#9062)
    ,(#9063,#9064)
    ,(#9065,#9066
)),.UNSPECIFIED.,.F.,.F.,.F.) B_SPLINE_SURFACE_WITH_KNOTS((3,3),(2,2),(
    0.,1.483529864195),(0.,0.4),.PIECEWISE_BEZIER_KNOTS.) 
GEOMETRIC_REPRESENTATION_ITEM() RATIONAL_B_SPLINE_SURFACE((
    (1.,1.)
    ,(0.73727733681,0.73727733681)
,(1.,1.))) REPRESENTATION_ITEM('') SURFACE() );
#9061 = CARTESIAN_POINT('',(0.2,0.828598304157,0.675008342984));
#9062 = CARTESIAN_POINT('',(-0.2,0.828598304157,0.675008342984));
#9063 = CARTESIAN_POINT('',(0.2,1.034772818311,0.675008342984));
#9064 = CARTESIAN_POINT('',(-0.2,1.034772818311,0.675008342984));
#9065 = CARTESIAN_POINT('',(0.2,1.052742111228,0.469618385103));
#9066 = CARTESIAN_POINT('',(-0.2,1.052742111228,0.469618385103));
#9067 = ADVANCED_FACE('',(#9068),#9082,.T.);
#9068 = FACE_BOUND('',#9069,.T.);
#9069 = EDGE_LOOP('',(#9070,#9075,#9076,#9081));
#9070 = ORIENTED_EDGE('',*,*,#9071,.F.);
#9071 = EDGE_CURVE('',#108,#9040,#9072,.T.);
#9072 = B_SPLINE_CURVE_WITH_KNOTS('',1,(#9073,#9074),.UNSPECIFIED.,.F.,
  .F.,(2,2),(5.551115123125E-16,2.859830415743E-02),
  .PIECEWISE_BEZIER_KNOTS.);
#9073 = CARTESIAN_POINT('',(-0.2,0.8,0.675008342984));
#9074 = CARTESIAN_POINT('',(-0.2,0.828598304157,0.675008342984));
#9075 = ORIENTED_EDGE('',*,*,#2060,.F.);
#9076 = ORIENTED_EDGE('',*,*,#9077,.T.);
#9077 = EDGE_CURVE('',#1638,#9048,#9078,.T.);
#9078 = B_SPLINE_CURVE_WITH_KNOTS('',1,(#9079,#9080),.UNSPECIFIED.,.F.,
  .F.,(2,2),(0.,2.859830415743E-02),.PIECEWISE_BEZIER_KNOTS.);
#9079 = CARTESIAN_POINT('',(0.2,0.8,0.675008342984));
#9080 = CARTESIAN_POINT('',(0.2,0.828598304157,0.675008342984));
#9081 = ORIENTED_EDGE('',*,*,#9047,.T.);
#9082 = B_SPLINE_SURFACE_WITH_KNOTS('',1,1,(
    (#9083,#9084)
    ,(#9085,#9086
    )),.UNSPECIFIED.,.F.,.F.,.F.,(2,2),(2,2),(-2.859830415743E-02,0.),(
    -0.4,0.),.PIECEWISE_BEZIER_KNOTS.);
#9083 = CARTESIAN_POINT('',(-0.2,0.828598304157,0.675008342984));
#9084 = CARTESIAN_POINT('',(0.2,0.828598304157,0.675008342984));
#9085 = CARTESIAN_POINT('',(-0.2,0.8,0.675008342984));
#9086 = CARTESIAN_POINT('',(0.2,0.8,0.675008342984));
#9087 = ADVANCED_FACE('',(#9088),#9110,.F.);
#9088 = FACE_BOUND('',#9089,.T.);
#9089 = EDGE_LOOP('',(#9090,#9097,#9104,#9109));
#9090 = ORIENTED_EDGE('',*,*,#9091,.T.);
#9091 = EDGE_CURVE('',#115,#9092,#9094,.T.);
#9092 = VERTEX_POINT('',#9093);
#9093 = CARTESIAN_POINT('',(-0.2,0.828598304157,0.525008342984));
#9094 = B_SPLINE_CURVE_WITH_KNOTS('',1,(#9095,#9096),.UNSPECIFIED.,.F.,
  .F.,(2,2),(-1.110223024625E-16,2.859830415743E-02),
  .PIECEWISE_BEZIER_KNOTS.);
#9095 = CARTESIAN_POINT('',(-0.2,0.8,0.525008342984));
#9096 = CARTESIAN_POINT('',(-0.2,0.828598304157,0.525008342984));
#9097 = ORIENTED_EDGE('',*,*,#9098,.F.);
#9098 = EDGE_CURVE('',#9099,#9092,#9101,.T.);
#9099 = VERTEX_POINT('',#9100);
#9100 = CARTESIAN_POINT('',(0.2,0.828598304157,0.525008342984));
#9101 = B_SPLINE_CURVE_WITH_KNOTS('',1,(#9102,#9103),.UNSPECIFIED.,.F.,
  .F.,(2,2),(-0.,0.4),.PIECEWISE_BEZIER_KNOTS.);
#9102 = CARTESIAN_POINT('',(0.2,0.828598304157,0.525008342984));
#9103 = CARTESIAN_POINT('',(-0.2,0.828598304157,0.525008342984));
#9104 = ORIENTED_EDGE('',*,*,#9105,.F.);
#9105 = EDGE_CURVE('',#1631,#9099,#9106,.T.);
#9106 = B_SPLINE_CURVE_WITH_KNOTS('',1,(#9107,#9108),.UNSPECIFIED.,.F.,
  .F.,(2,2),(-1.110223024625E-16,2.859830415743E-02),
  .PIECEWISE_BEZIER_KNOTS.);
#9107 = CARTESIAN_POINT('',(0.2,0.8,0.525008342984));
#9108 = CARTESIAN_POINT('',(0.2,0.828598304157,0.525008342984));
#9109 = ORIENTED_EDGE('',*,*,#1986,.T.);
#9110 = B_SPLINE_SURFACE_WITH_KNOTS('',1,1,(
    (#9111,#9112)
    ,(#9113,#9114
    )),.UNSPECIFIED.,.F.,.F.,.F.,(2,2),(2,2),(-2.859830415743E-02,
    1.110223024625E-16),(-0.4,8.326672684689E-17),
  .PIECEWISE_BEZIER_KNOTS.);
#9111 = CARTESIAN_POINT('',(-0.2,0.828598304157,0.525008342984));
#9112 = CARTESIAN_POINT('',(0.2,0.828598304157,0.525008342984));
#9113 = CARTESIAN_POINT('',(-0.2,0.8,0.525008342984));
#9114 = CARTESIAN_POINT('',(0.2,0.8,0.525008342984));
#9115 = ADVANCED_FACE('',(#9116),#9140,.F.);
#9116 = FACE_BOUND('',#9117,.F.);
#9117 = EDGE_LOOP('',(#9118,#9119,#9127,#9134));
#9118 = ORIENTED_EDGE('',*,*,#9098,.F.);
#9119 = ORIENTED_EDGE('',*,*,#9120,.T.);
#9120 = EDGE_CURVE('',#9099,#9121,#9123,.T.);
#9121 = VERTEX_POINT('',#9122);
#9122 = CARTESIAN_POINT('',(0.2,0.903312906514,0.45654502369));
#9123 = ( BOUNDED_CURVE() B_SPLINE_CURVE(2,(#9124,#9125,#9126),
.UNSPECIFIED.,.F.,.F.) B_SPLINE_CURVE_WITH_KNOTS((3,3),(3.14159265359,
4.625122517785),.PIECEWISE_BEZIER_KNOTS.) CURVE() 
GEOMETRIC_REPRESENTATION_ITEM() RATIONAL_B_SPLINE_CURVE((1.,
0.73727733681,1.)) REPRESENTATION_ITEM('') );
#9124 = CARTESIAN_POINT('',(0.2,0.828598304157,0.525008342984));
#9125 = CARTESIAN_POINT('',(0.2,0.897323142209,0.525008342984));
#9126 = CARTESIAN_POINT('',(0.2,0.903312906514,0.45654502369));
#9127 = ORIENTED_EDGE('',*,*,#9128,.T.);
#9128 = EDGE_CURVE('',#9121,#9129,#9131,.T.);
#9129 = VERTEX_POINT('',#9130);
#9130 = CARTESIAN_POINT('',(-0.2,0.903312906514,0.45654502369));
#9131 = B_SPLINE_CURVE_WITH_KNOTS('',1,(#9132,#9133),.UNSPECIFIED.,.F.,
  .F.,(2,2),(-0.,0.4),.PIECEWISE_BEZIER_KNOTS.);
#9132 = CARTESIAN_POINT('',(0.2,0.903312906514,0.45654502369));
#9133 = CARTESIAN_POINT('',(-0.2,0.903312906514,0.45654502369));
#9134 = ORIENTED_EDGE('',*,*,#9135,.F.);
#9135 = EDGE_CURVE('',#9092,#9129,#9136,.T.);
#9136 = ( BOUNDED_CURVE() B_SPLINE_CURVE(2,(#9137,#9138,#9139),
.UNSPECIFIED.,.F.,.F.) B_SPLINE_CURVE_WITH_KNOTS((3,3),(3.14159265359,
4.625122517785),.PIECEWISE_BEZIER_KNOTS.) CURVE() 
GEOMETRIC_REPRESENTATION_ITEM() RATIONAL_B_SPLINE_CURVE((1.,
0.73727733681,1.)) REPRESENTATION_ITEM('') );
#9137 = CARTESIAN_POINT('',(-0.2,0.828598304157,0.525008342984));
#9138 = CARTESIAN_POINT('',(-0.2,0.897323142209,0.525008342984));
#9139 = CARTESIAN_POINT('',(-0.2,0.903312906514,0.45654502369));
#9140 = ( BOUNDED_SURFACE() B_SPLINE_SURFACE(2,1,(
    (#9141,#9142)
    ,(#9143,#9144)
    ,(#9145,#9146
)),.UNSPECIFIED.,.F.,.F.,.F.) B_SPLINE_SURFACE_WITH_KNOTS((3,3),(2,2),(
    0.,1.483529864195),(0.,0.4),.PIECEWISE_BEZIER_KNOTS.) 
GEOMETRIC_REPRESENTATION_ITEM() RATIONAL_B_SPLINE_SURFACE((
    (1.,1.)
    ,(0.73727733681,0.73727733681)
,(1.,1.))) REPRESENTATION_ITEM('') SURFACE() );
#9141 = CARTESIAN_POINT('',(0.2,0.828598304157,0.525008342984));
#9142 = CARTESIAN_POINT('',(-0.2,0.828598304157,0.525008342984));
#9143 = CARTESIAN_POINT('',(0.2,0.897323142209,0.525008342984));
#9144 = CARTESIAN_POINT('',(-0.2,0.897323142209,0.525008342984));
#9145 = CARTESIAN_POINT('',(0.2,0.903312906514,0.45654502369));
#9146 = CARTESIAN_POINT('',(-0.2,0.903312906514,0.45654502369));
#9147 = ADVANCED_FACE('',(#9148),#9170,.F.);
#9148 = FACE_BOUND('',#9149,.T.);
#9149 = EDGE_LOOP('',(#9150,#9157,#9164,#9169));
#9150 = ORIENTED_EDGE('',*,*,#9151,.T.);
#9151 = EDGE_CURVE('',#9129,#9152,#9154,.T.);
#9152 = VERTEX_POINT('',#9153);
#9153 = CARTESIAN_POINT('',(-0.2,0.925285397643,0.205398300866));
#9154 = B_SPLINE_CURVE_WITH_KNOTS('',1,(#9155,#9156),.UNSPECIFIED.,.F.,
  .F.,(2,2),(-5.529991454155E-17,0.252106062505),
  .PIECEWISE_BEZIER_KNOTS.);
#9155 = CARTESIAN_POINT('',(-0.2,0.903312906514,0.45654502369));
#9156 = CARTESIAN_POINT('',(-0.2,0.925285397643,0.205398300866));
#9157 = ORIENTED_EDGE('',*,*,#9158,.F.);
#9158 = EDGE_CURVE('',#9159,#9152,#9161,.T.);
#9159 = VERTEX_POINT('',#9160);
#9160 = CARTESIAN_POINT('',(0.2,0.925285397643,0.205398300866));
#9161 = B_SPLINE_CURVE_WITH_KNOTS('',1,(#9162,#9163),.UNSPECIFIED.,.F.,
  .F.,(2,2),(-0.,0.4),.PIECEWISE_BEZIER_KNOTS.);
#9162 = CARTESIAN_POINT('',(0.2,0.925285397643,0.205398300866));
#9163 = CARTESIAN_POINT('',(-0.2,0.925285397643,0.205398300866));
#9164 = ORIENTED_EDGE('',*,*,#9165,.F.);
#9165 = EDGE_CURVE('',#9121,#9159,#9166,.T.);
#9166 = B_SPLINE_CURVE_WITH_KNOTS('',1,(#9167,#9168),.UNSPECIFIED.,.F.,
  .F.,(2,2),(-5.529991454155E-17,0.252106062505),
  .PIECEWISE_BEZIER_KNOTS.);
#9167 = CARTESIAN_POINT('',(0.2,0.903312906514,0.45654502369));
#9168 = CARTESIAN_POINT('',(0.2,0.925285397643,0.205398300866));
#9169 = ORIENTED_EDGE('',*,*,#9128,.T.);
#9170 = B_SPLINE_SURFACE_WITH_KNOTS('',1,1,(
    (#9171,#9172)
    ,(#9173,#9174
    )),.UNSPECIFIED.,.F.,.F.,.F.,(2,2),(2,2),(-0.252106062505,
    5.529991454155E-17),(-0.4,0.),.PIECEWISE_BEZIER_KNOTS.);
#9171 = CARTESIAN_POINT('',(-0.2,0.925285397643,0.205398300866));
#9172 = CARTESIAN_POINT('',(0.2,0.925285397643,0.205398300866));
#9173 = CARTESIAN_POINT('',(-0.2,0.903312906514,0.45654502369));
#9174 = CARTESIAN_POINT('',(0.2,0.903312906514,0.45654502369));
#9175 = ADVANCED_FACE('',(#9176),#9200,.T.);
#9176 = FACE_BOUND('',#9177,.T.);
#9177 = EDGE_LOOP('',(#9178,#9186,#9193,#9199));
#9178 = ORIENTED_EDGE('',*,*,#9179,.T.);
#9179 = EDGE_CURVE('',#9152,#9180,#9182,.T.);
#9180 = VERTEX_POINT('',#9181);
#9181 = CARTESIAN_POINT('',(-0.2,1.149429204714,8.342984353114E-06));
#9182 = ( BOUNDED_CURVE() B_SPLINE_CURVE(2,(#9183,#9184,#9185),
.UNSPECIFIED.,.F.,.F.) B_SPLINE_CURVE_WITH_KNOTS((3,3),(4.799655442984,
6.28318530718),.PIECEWISE_BEZIER_KNOTS.) CURVE() 
GEOMETRIC_REPRESENTATION_ITEM() RATIONAL_B_SPLINE_CURVE((1.,
0.73727733681,1.)) REPRESENTATION_ITEM('') );
#9183 = CARTESIAN_POINT('',(-0.2,0.925285397643,0.205398300866));
#9184 = CARTESIAN_POINT('',(-0.2,0.94325469056,8.342984353653E-06));
#9185 = CARTESIAN_POINT('',(-0.2,1.149429204714,8.342984353208E-06));
#9186 = ORIENTED_EDGE('',*,*,#9187,.F.);
#9187 = EDGE_CURVE('',#9188,#9180,#9190,.T.);
#9188 = VERTEX_POINT('',#9189);
#9189 = CARTESIAN_POINT('',(0.2,1.149429204714,8.342984353114E-06));
#9190 = B_SPLINE_CURVE_WITH_KNOTS('',1,(#9191,#9192),.UNSPECIFIED.,.F.,
  .F.,(2,2),(-0.,0.4),.PIECEWISE_BEZIER_KNOTS.);
#9191 = CARTESIAN_POINT('',(0.2,1.149429204714,8.342984353114E-06));
#9192 = CARTESIAN_POINT('',(-0.2,1.149429204714,8.342984353114E-06));
#9193 = ORIENTED_EDGE('',*,*,#9194,.F.);
#9194 = EDGE_CURVE('',#9159,#9188,#9195,.T.);
#9195 = ( BOUNDED_CURVE() B_SPLINE_CURVE(2,(#9196,#9197,#9198),
.UNSPECIFIED.,.F.,.F.) B_SPLINE_CURVE_WITH_KNOTS((3,3),(4.799655442984,
6.28318530718),.PIECEWISE_BEZIER_KNOTS.) CURVE() 
GEOMETRIC_REPRESENTATION_ITEM() RATIONAL_B_SPLINE_CURVE((1.,
0.73727733681,1.)) REPRESENTATION_ITEM('') );
#9196 = CARTESIAN_POINT('',(0.2,0.925285397643,0.205398300866));
#9197 = CARTESIAN_POINT('',(0.2,0.94325469056,8.342984353653E-06));
#9198 = CARTESIAN_POINT('',(0.2,1.149429204714,8.342984353208E-06));
#9199 = ORIENTED_EDGE('',*,*,#9158,.T.);
#9200 = ( BOUNDED_SURFACE() B_SPLINE_SURFACE(2,1,(
    (#9201,#9202)
    ,(#9203,#9204)
    ,(#9205,#9206
)),.UNSPECIFIED.,.F.,.F.,.F.) B_SPLINE_SURFACE_WITH_KNOTS((3,3),(2,2),(
    3.14159265359,4.625122517785),(0.,0.4),.PIECEWISE_BEZIER_KNOTS.) 
GEOMETRIC_REPRESENTATION_ITEM() RATIONAL_B_SPLINE_SURFACE((
    (1.,1.)
    ,(0.73727733681,0.73727733681)
,(1.,1.))) REPRESENTATION_ITEM('') SURFACE() );
#9201 = CARTESIAN_POINT('',(0.2,1.149429204714,8.342984353181E-06));
#9202 = CARTESIAN_POINT('',(-0.2,1.149429204714,8.342984353181E-06));
#9203 = CARTESIAN_POINT('',(0.2,0.94325469056,8.342984353125E-06));
#9204 = CARTESIAN_POINT('',(-0.2,0.94325469056,8.342984353125E-06));
#9205 = CARTESIAN_POINT('',(0.2,0.925285397643,0.205398300866));
#9206 = CARTESIAN_POINT('',(-0.2,0.925285397643,0.205398300866));
#9207 = ADVANCED_FACE('',(#9208),#9230,.F.);
#9208 = FACE_BOUND('',#9209,.T.);
#9209 = EDGE_LOOP('',(#9210,#9217,#9224,#9229));
#9210 = ORIENTED_EDGE('',*,*,#9211,.T.);
#9211 = EDGE_CURVE('',#9180,#9212,#9214,.T.);
#9212 = VERTEX_POINT('',#9213);
#9213 = CARTESIAN_POINT('',(-0.2,1.4,8.342984353006E-06));
#9214 = B_SPLINE_CURVE_WITH_KNOTS('',1,(#9215,#9216),.UNSPECIFIED.,.F.,
  .F.,(2,2),(0.,0.250570795286),.PIECEWISE_BEZIER_KNOTS.);
#9215 = CARTESIAN_POINT('',(-0.2,1.149429204714,8.342984353114E-06));
#9216 = CARTESIAN_POINT('',(-0.2,1.4,8.342984353006E-06));
#9217 = ORIENTED_EDGE('',*,*,#9218,.F.);
#9218 = EDGE_CURVE('',#9219,#9212,#9221,.T.);
#9219 = VERTEX_POINT('',#9220);
#9220 = CARTESIAN_POINT('',(0.2,1.4,8.342984353006E-06));
#9221 = B_SPLINE_CURVE_WITH_KNOTS('',1,(#9222,#9223),.UNSPECIFIED.,.F.,
  .F.,(2,2),(-0.,0.4),.PIECEWISE_BEZIER_KNOTS.);
#9222 = CARTESIAN_POINT('',(0.2,1.4,8.342984353006E-06));
#9223 = CARTESIAN_POINT('',(-0.2,1.4,8.342984353006E-06));
#9224 = ORIENTED_EDGE('',*,*,#9225,.F.);
#9225 = EDGE_CURVE('',#9188,#9219,#9226,.T.);
#9226 = B_SPLINE_CURVE_WITH_KNOTS('',1,(#9227,#9228),.UNSPECIFIED.,.F.,
  .F.,(2,2),(0.,0.250570795286),.PIECEWISE_BEZIER_KNOTS.);
#9227 = CARTESIAN_POINT('',(0.2,1.149429204714,8.342984353114E-06));
#9228 = CARTESIAN_POINT('',(0.2,1.4,8.342984353006E-06));
#9229 = ORIENTED_EDGE('',*,*,#9187,.T.);
#9230 = B_SPLINE_SURFACE_WITH_KNOTS('',1,1,(
    (#9231,#9232)
    ,(#9233,#9234
    )),.UNSPECIFIED.,.F.,.F.,.F.,(2,2),(2,2),(-0.250570795286,0.),(-0.4,
    0.),.PIECEWISE_BEZIER_KNOTS.);
#9231 = CARTESIAN_POINT('',(-0.2,1.4,8.342984353006E-06));
#9232 = CARTESIAN_POINT('',(0.2,1.4,8.342984353006E-06));
#9233 = CARTESIAN_POINT('',(-0.2,1.149429204714,8.342984353114E-06));
#9234 = CARTESIAN_POINT('',(0.2,1.149429204714,8.342984353114E-06));
#9235 = ADVANCED_FACE('',(#9236),#9250,.F.);
#9236 = FACE_BOUND('',#9237,.T.);
#9237 = EDGE_LOOP('',(#9238,#9243,#9244,#9249));
#9238 = ORIENTED_EDGE('',*,*,#9239,.T.);
#9239 = EDGE_CURVE('',#9212,#8946,#9240,.T.);
#9240 = B_SPLINE_CURVE_WITH_KNOTS('',1,(#9241,#9242),.UNSPECIFIED.,.F.,
  .F.,(2,2),(0.,0.15),.PIECEWISE_BEZIER_KNOTS.);
#9241 = CARTESIAN_POINT('',(-0.2,1.4,8.342984353006E-06));
#9242 = CARTESIAN_POINT('',(-0.2,1.4,0.150008342984));
#9243 = ORIENTED_EDGE('',*,*,#8966,.F.);
#9244 = ORIENTED_EDGE('',*,*,#9245,.F.);
#9245 = EDGE_CURVE('',#9219,#8960,#9246,.T.);
#9246 = B_SPLINE_CURVE_WITH_KNOTS('',1,(#9247,#9248),.UNSPECIFIED.,.F.,
  .F.,(2,2),(0.,0.15),.PIECEWISE_BEZIER_KNOTS.);
#9247 = CARTESIAN_POINT('',(0.2,1.4,8.342984353006E-06));
#9248 = CARTESIAN_POINT('',(0.2,1.4,0.150008342984));
#9249 = ORIENTED_EDGE('',*,*,#9218,.T.);
#9250 = B_SPLINE_SURFACE_WITH_KNOTS('',1,1,(
    (#9251,#9252)
    ,(#9253,#9254
    )),.UNSPECIFIED.,.F.,.F.,.F.,(2,2),(2,2),(-0.15,0.),(-0.4,0.),
  .PIECEWISE_BEZIER_KNOTS.);
#9251 = CARTESIAN_POINT('',(-0.2,1.4,0.150008342984));
#9252 = CARTESIAN_POINT('',(0.2,1.4,0.150008342984));
#9253 = CARTESIAN_POINT('',(-0.2,1.4,8.342984353006E-06));
#9254 = CARTESIAN_POINT('',(0.2,1.4,8.342984353006E-06));
#9255 = ADVANCED_FACE('',(#9256),#9270,.T.);
#9256 = FACE_BOUND('',#9257,.T.);
#9257 = EDGE_LOOP('',(#9258,#9259,#9260,#9261,#9262,#9263,#9264,#9265,
    #9266,#9267,#9268,#9269));
#9258 = ORIENTED_EDGE('',*,*,#8959,.F.);
#9259 = ORIENTED_EDGE('',*,*,#8980,.F.);
#9260 = ORIENTED_EDGE('',*,*,#9025,.F.);
#9261 = ORIENTED_EDGE('',*,*,#9054,.F.);
#9262 = ORIENTED_EDGE('',*,*,#9077,.F.);
#9263 = ORIENTED_EDGE('',*,*,#1637,.T.);
#9264 = ORIENTED_EDGE('',*,*,#9105,.T.);
#9265 = ORIENTED_EDGE('',*,*,#9120,.T.);
#9266 = ORIENTED_EDGE('',*,*,#9165,.T.);
#9267 = ORIENTED_EDGE('',*,*,#9194,.T.);
#9268 = ORIENTED_EDGE('',*,*,#9225,.T.);
#9269 = ORIENTED_EDGE('',*,*,#9245,.T.);
#9270 = B_SPLINE_SURFACE_WITH_KNOTS('',1,1,(
    (#9271,#9272)
    ,(#9273,#9274
  )),.UNSPECIFIED.,.F.,.F.,.F.,(2,2),(2,2),(-0.45,0.225),(
    -0.349429204714,0.250570795286),.PIECEWISE_BEZIER_KNOTS.);
#9271 = CARTESIAN_POINT('',(0.2,0.8,0.675008342984));
#9272 = CARTESIAN_POINT('',(0.2,1.4,0.675008342984));
#9273 = CARTESIAN_POINT('',(0.2,0.8,8.342984353014E-06));
#9274 = CARTESIAN_POINT('',(0.2,1.4,8.342984353014E-06));
#9275 = ADVANCED_FACE('',(#9276),#9290,.F.);
#9276 = FACE_BOUND('',#9277,.T.);
#9277 = EDGE_LOOP('',(#9278,#9279,#9280,#9281,#9282,#9283,#9284,#9285,
    #9286,#9287,#9288,#9289));
#9278 = ORIENTED_EDGE('',*,*,#8943,.T.);
#9279 = ORIENTED_EDGE('',*,*,#9239,.F.);
#9280 = ORIENTED_EDGE('',*,*,#9211,.F.);
#9281 = ORIENTED_EDGE('',*,*,#9179,.F.);
#9282 = ORIENTED_EDGE('',*,*,#9151,.F.);
#9283 = ORIENTED_EDGE('',*,*,#9135,.F.);
#9284 = ORIENTED_EDGE('',*,*,#9091,.F.);
#9285 = ORIENTED_EDGE('',*,*,#114,.F.);
#9286 = ORIENTED_EDGE('',*,*,#9071,.T.);
#9287 = ORIENTED_EDGE('',*,*,#9039,.T.);
#9288 = ORIENTED_EDGE('',*,*,#9011,.T.);
#9289 = ORIENTED_EDGE('',*,*,#8995,.T.);
#9290 = B_SPLINE_SURFACE_WITH_KNOTS('',1,1,(
    (#9291,#9292)
    ,(#9293,#9294
  )),.UNSPECIFIED.,.F.,.F.,.F.,(2,2),(2,2),(-0.45,0.225),(
    -0.349429204714,0.250570795286),.PIECEWISE_BEZIER_KNOTS.);
#9291 = CARTESIAN_POINT('',(-0.2,0.8,0.675008342984));
#9292 = CARTESIAN_POINT('',(-0.2,1.4,0.675008342984));
#9293 = CARTESIAN_POINT('',(-0.2,0.8,8.342984353014E-06));
#9294 = CARTESIAN_POINT('',(-0.2,1.4,8.342984353014E-06));
#9295 = ADVANCED_FACE('',(#9296),#9326,.F.);
#9296 = FACE_BOUND('',#9297,.T.);
#9297 = EDGE_LOOP('',(#9298,#9307,#9314,#9321));
#9298 = ORIENTED_EDGE('',*,*,#9299,.T.);
#9299 = EDGE_CURVE('',#9300,#9302,#9304,.T.);
#9300 = VERTEX_POINT('',#9301);
#9301 = CARTESIAN_POINT('',(0.75,-1.149429204714,0.150008342984));
#9302 = VERTEX_POINT('',#9303);
#9303 = CARTESIAN_POINT('',(0.75,-1.4,0.150008342984));
#9304 = B_SPLINE_CURVE_WITH_KNOTS('',1,(#9305,#9306),.UNSPECIFIED.,.F.,
  .F.,(2,2),(0.,0.250570795286),.PIECEWISE_BEZIER_KNOTS.);
#9305 = CARTESIAN_POINT('',(0.75,-1.149429204714,0.150008342984));
#9306 = CARTESIAN_POINT('',(0.75,-1.4,0.150008342984));
#9307 = ORIENTED_EDGE('',*,*,#9308,.F.);
#9308 = EDGE_CURVE('',#9309,#9302,#9311,.T.);
#9309 = VERTEX_POINT('',#9310);
#9310 = CARTESIAN_POINT('',(1.15,-1.4,0.150008342984));
#9311 = B_SPLINE_CURVE_WITH_KNOTS('',1,(#9312,#9313),.UNSPECIFIED.,.F.,
  .F.,(2,2),(-0.,0.4),.PIECEWISE_BEZIER_KNOTS.);
#9312 = CARTESIAN_POINT('',(1.15,-1.4,0.150008342984));
#9313 = CARTESIAN_POINT('',(0.75,-1.4,0.150008342984));
#9314 = ORIENTED_EDGE('',*,*,#9315,.F.);
#9315 = EDGE_CURVE('',#9316,#9309,#9318,.T.);
#9316 = VERTEX_POINT('',#9317);
#9317 = CARTESIAN_POINT('',(1.15,-1.149429204714,0.150008342984));
#9318 = B_SPLINE_CURVE_WITH_KNOTS('',1,(#9319,#9320),.UNSPECIFIED.,.F.,
  .F.,(2,2),(0.,0.250570795286),.PIECEWISE_BEZIER_KNOTS.);
#9319 = CARTESIAN_POINT('',(1.15,-1.149429204714,0.150008342984));
#9320 = CARTESIAN_POINT('',(1.15,-1.4,0.150008342984));
#9321 = ORIENTED_EDGE('',*,*,#9322,.T.);
#9322 = EDGE_CURVE('',#9316,#9300,#9323,.T.);
#9323 = B_SPLINE_CURVE_WITH_KNOTS('',1,(#9324,#9325),.UNSPECIFIED.,.F.,
  .F.,(2,2),(-0.,0.4),.PIECEWISE_BEZIER_KNOTS.);
#9324 = CARTESIAN_POINT('',(1.15,-1.149429204714,0.150008342984));
#9325 = CARTESIAN_POINT('',(0.75,-1.149429204714,0.150008342984));
#9326 = B_SPLINE_SURFACE_WITH_KNOTS('',1,1,(
    (#9327,#9328)
    ,(#9329,#9330
    )),.UNSPECIFIED.,.F.,.F.,.F.,(2,2),(2,2),(-0.250570795286,0.),(-0.4,
    0.),.PIECEWISE_BEZIER_KNOTS.);
#9327 = CARTESIAN_POINT('',(0.75,-1.4,0.150008342984));
#9328 = CARTESIAN_POINT('',(1.15,-1.4,0.150008342984));
#9329 = CARTESIAN_POINT('',(0.75,-1.149429204714,0.150008342984));
#9330 = CARTESIAN_POINT('',(1.15,-1.149429204714,0.150008342984));
#9331 = ADVANCED_FACE('',(#9332),#9354,.T.);
#9332 = FACE_BOUND('',#9333,.T.);
#9333 = EDGE_LOOP('',(#9334,#9341,#9348,#9353));
#9334 = ORIENTED_EDGE('',*,*,#9335,.F.);
#9335 = EDGE_CURVE('',#9336,#9302,#9338,.T.);
#9336 = VERTEX_POINT('',#9337);
#9337 = CARTESIAN_POINT('',(0.75,-1.4,8.342984353006E-06));
#9338 = B_SPLINE_CURVE_WITH_KNOTS('',1,(#9339,#9340),.UNSPECIFIED.,.F.,
  .F.,(2,2),(0.,0.15),.PIECEWISE_BEZIER_KNOTS.);
#9339 = CARTESIAN_POINT('',(0.75,-1.4,8.342984353006E-06));
#9340 = CARTESIAN_POINT('',(0.75,-1.4,0.150008342984));
#9341 = ORIENTED_EDGE('',*,*,#9342,.F.);
#9342 = EDGE_CURVE('',#9343,#9336,#9345,.T.);
#9343 = VERTEX_POINT('',#9344);
#9344 = CARTESIAN_POINT('',(1.15,-1.4,8.342984353006E-06));
#9345 = B_SPLINE_CURVE_WITH_KNOTS('',1,(#9346,#9347),.UNSPECIFIED.,.F.,
  .F.,(2,2),(-0.,0.4),.PIECEWISE_BEZIER_KNOTS.);
#9346 = CARTESIAN_POINT('',(1.15,-1.4,8.342984353006E-06));
#9347 = CARTESIAN_POINT('',(0.75,-1.4,8.342984353006E-06));
#9348 = ORIENTED_EDGE('',*,*,#9349,.T.);
#9349 = EDGE_CURVE('',#9343,#9309,#9350,.T.);
#9350 = B_SPLINE_CURVE_WITH_KNOTS('',1,(#9351,#9352),.UNSPECIFIED.,.F.,
  .F.,(2,2),(0.,0.15),.PIECEWISE_BEZIER_KNOTS.);
#9351 = CARTESIAN_POINT('',(1.15,-1.4,8.342984353006E-06));
#9352 = CARTESIAN_POINT('',(1.15,-1.4,0.150008342984));
#9353 = ORIENTED_EDGE('',*,*,#9308,.T.);
#9354 = B_SPLINE_SURFACE_WITH_KNOTS('',1,1,(
    (#9355,#9356)
    ,(#9357,#9358
    )),.UNSPECIFIED.,.F.,.F.,.F.,(2,2),(2,2),(-0.15,0.),(-0.4,0.),
  .PIECEWISE_BEZIER_KNOTS.);
#9355 = CARTESIAN_POINT('',(0.75,-1.4,0.150008342984));
#9356 = CARTESIAN_POINT('',(1.15,-1.4,0.150008342984));
#9357 = CARTESIAN_POINT('',(0.75,-1.4,8.342984353006E-06));
#9358 = CARTESIAN_POINT('',(1.15,-1.4,8.342984353006E-06));
#9359 = ADVANCED_FACE('',(#9360),#9382,.T.);
#9360 = FACE_BOUND('',#9361,.T.);
#9361 = EDGE_LOOP('',(#9362,#9369,#9376,#9381));
#9362 = ORIENTED_EDGE('',*,*,#9363,.F.);
#9363 = EDGE_CURVE('',#9364,#9336,#9366,.T.);
#9364 = VERTEX_POINT('',#9365);
#9365 = CARTESIAN_POINT('',(0.75,-1.149429204714,8.342984353114E-06));
#9366 = B_SPLINE_CURVE_WITH_KNOTS('',1,(#9367,#9368),.UNSPECIFIED.,.F.,
  .F.,(2,2),(0.,0.250570795286),.PIECEWISE_BEZIER_KNOTS.);
#9367 = CARTESIAN_POINT('',(0.75,-1.149429204714,8.342984353114E-06));
#9368 = CARTESIAN_POINT('',(0.75,-1.4,8.342984353006E-06));
#9369 = ORIENTED_EDGE('',*,*,#9370,.F.);
#9370 = EDGE_CURVE('',#9371,#9364,#9373,.T.);
#9371 = VERTEX_POINT('',#9372);
#9372 = CARTESIAN_POINT('',(1.15,-1.149429204714,8.342984353114E-06));
#9373 = B_SPLINE_CURVE_WITH_KNOTS('',1,(#9374,#9375),.UNSPECIFIED.,.F.,
  .F.,(2,2),(-0.,0.4),.PIECEWISE_BEZIER_KNOTS.);
#9374 = CARTESIAN_POINT('',(1.15,-1.149429204714,8.342984353114E-06));
#9375 = CARTESIAN_POINT('',(0.75,-1.149429204714,8.342984353114E-06));
#9376 = ORIENTED_EDGE('',*,*,#9377,.T.);
#9377 = EDGE_CURVE('',#9371,#9343,#9378,.T.);
#9378 = B_SPLINE_CURVE_WITH_KNOTS('',1,(#9379,#9380),.UNSPECIFIED.,.F.,
  .F.,(2,2),(0.,0.250570795286),.PIECEWISE_BEZIER_KNOTS.);
#9379 = CARTESIAN_POINT('',(1.15,-1.149429204714,8.342984353114E-06));
#9380 = CARTESIAN_POINT('',(1.15,-1.4,8.342984353006E-06));
#9381 = ORIENTED_EDGE('',*,*,#9342,.T.);
#9382 = B_SPLINE_SURFACE_WITH_KNOTS('',1,1,(
    (#9383,#9384)
    ,(#9385,#9386
    )),.UNSPECIFIED.,.F.,.F.,.F.,(2,2),(2,2),(-0.250570795286,0.),(-0.4,
    0.),.PIECEWISE_BEZIER_KNOTS.);
#9383 = CARTESIAN_POINT('',(0.75,-1.4,8.342984353006E-06));
#9384 = CARTESIAN_POINT('',(1.15,-1.4,8.342984353006E-06));
#9385 = CARTESIAN_POINT('',(0.75,-1.149429204714,8.342984353114E-06));
#9386 = CARTESIAN_POINT('',(1.15,-1.149429204714,8.342984353114E-06));
#9387 = ADVANCED_FACE('',(#9388),#9412,.T.);
#9388 = FACE_BOUND('',#9389,.T.);
#9389 = EDGE_LOOP('',(#9390,#9398,#9405,#9411));
#9390 = ORIENTED_EDGE('',*,*,#9391,.F.);
#9391 = EDGE_CURVE('',#9392,#9364,#9394,.T.);
#9392 = VERTEX_POINT('',#9393);
#9393 = CARTESIAN_POINT('',(0.75,-0.925285397643,0.205398300866));
#9394 = ( BOUNDED_CURVE() B_SPLINE_CURVE(2,(#9395,#9396,#9397),
.UNSPECIFIED.,.F.,.F.) B_SPLINE_CURVE_WITH_KNOTS((3,3),(4.799655442984,
6.28318530718),.PIECEWISE_BEZIER_KNOTS.) CURVE() 
GEOMETRIC_REPRESENTATION_ITEM() RATIONAL_B_SPLINE_CURVE((1.,
0.73727733681,1.)) REPRESENTATION_ITEM('') );
#9395 = CARTESIAN_POINT('',(0.75,-0.925285397643,0.205398300866));
#9396 = CARTESIAN_POINT('',(0.75,-0.94325469056,8.342984353653E-06));
#9397 = CARTESIAN_POINT('',(0.75,-1.149429204714,8.342984353208E-06));
#9398 = ORIENTED_EDGE('',*,*,#9399,.F.);
#9399 = EDGE_CURVE('',#9400,#9392,#9402,.T.);
#9400 = VERTEX_POINT('',#9401);
#9401 = CARTESIAN_POINT('',(1.15,-0.925285397643,0.205398300866));
#9402 = B_SPLINE_CURVE_WITH_KNOTS('',1,(#9403,#9404),.UNSPECIFIED.,.F.,
  .F.,(2,2),(-0.,0.4),.PIECEWISE_BEZIER_KNOTS.);
#9403 = CARTESIAN_POINT('',(1.15,-0.925285397643,0.205398300866));
#9404 = CARTESIAN_POINT('',(0.75,-0.925285397643,0.205398300866));
#9405 = ORIENTED_EDGE('',*,*,#9406,.T.);
#9406 = EDGE_CURVE('',#9400,#9371,#9407,.T.);
#9407 = ( BOUNDED_CURVE() B_SPLINE_CURVE(2,(#9408,#9409,#9410),
.UNSPECIFIED.,.F.,.F.) B_SPLINE_CURVE_WITH_KNOTS((3,3),(4.799655442984,
6.28318530718),.PIECEWISE_BEZIER_KNOTS.) CURVE() 
GEOMETRIC_REPRESENTATION_ITEM() RATIONAL_B_SPLINE_CURVE((1.,
0.73727733681,1.)) REPRESENTATION_ITEM('') );
#9408 = CARTESIAN_POINT('',(1.15,-0.925285397643,0.205398300866));
#9409 = CARTESIAN_POINT('',(1.15,-0.94325469056,8.342984353653E-06));
#9410 = CARTESIAN_POINT('',(1.15,-1.149429204714,8.342984353208E-06));
#9411 = ORIENTED_EDGE('',*,*,#9370,.T.);
#9412 = ( BOUNDED_SURFACE() B_SPLINE_SURFACE(2,1,(
    (#9413,#9414)
    ,(#9415,#9416)
    ,(#9417,#9418
)),.UNSPECIFIED.,.F.,.F.,.F.) B_SPLINE_SURFACE_WITH_KNOTS((3,3),(2,2),(
    1.658062789395,3.14159265359),(0.,0.4),.PIECEWISE_BEZIER_KNOTS.) 
GEOMETRIC_REPRESENTATION_ITEM() RATIONAL_B_SPLINE_SURFACE((
    (1.,1.)
    ,(0.73727733681,0.73727733681)
,(1.,1.))) REPRESENTATION_ITEM('') SURFACE() );
#9413 = CARTESIAN_POINT('',(1.15,-0.925285397643,0.205398300866));
#9414 = CARTESIAN_POINT('',(0.75,-0.925285397643,0.205398300866));
#9415 = CARTESIAN_POINT('',(1.15,-0.94325469056,8.342984353181E-06));
#9416 = CARTESIAN_POINT('',(0.75,-0.94325469056,8.342984353181E-06));
#9417 = CARTESIAN_POINT('',(1.15,-1.149429204714,8.342984353181E-06));
#9418 = CARTESIAN_POINT('',(0.75,-1.149429204714,8.342984353181E-06));
#9419 = ADVANCED_FACE('',(#9420),#9442,.T.);
#9420 = FACE_BOUND('',#9421,.T.);
#9421 = EDGE_LOOP('',(#9422,#9429,#9436,#9441));
#9422 = ORIENTED_EDGE('',*,*,#9423,.F.);
#9423 = EDGE_CURVE('',#9424,#9392,#9426,.T.);
#9424 = VERTEX_POINT('',#9425);
#9425 = CARTESIAN_POINT('',(0.75,-0.903312906514,0.45654502369));
#9426 = B_SPLINE_CURVE_WITH_KNOTS('',1,(#9427,#9428),.UNSPECIFIED.,.F.,
  .F.,(2,2),(-5.529991454155E-17,0.252106062505),
  .PIECEWISE_BEZIER_KNOTS.);
#9427 = CARTESIAN_POINT('',(0.75,-0.903312906514,0.45654502369));
#9428 = CARTESIAN_POINT('',(0.75,-0.925285397643,0.205398300866));
#9429 = ORIENTED_EDGE('',*,*,#9430,.F.);
#9430 = EDGE_CURVE('',#9431,#9424,#9433,.T.);
#9431 = VERTEX_POINT('',#9432);
#9432 = CARTESIAN_POINT('',(1.15,-0.903312906514,0.45654502369));
#9433 = B_SPLINE_CURVE_WITH_KNOTS('',1,(#9434,#9435),.UNSPECIFIED.,.F.,
  .F.,(2,2),(-0.,0.4),.PIECEWISE_BEZIER_KNOTS.);
#9434 = CARTESIAN_POINT('',(1.15,-0.903312906514,0.45654502369));
#9435 = CARTESIAN_POINT('',(0.75,-0.903312906514,0.45654502369));
#9436 = ORIENTED_EDGE('',*,*,#9437,.T.);
#9437 = EDGE_CURVE('',#9431,#9400,#9438,.T.);
#9438 = B_SPLINE_CURVE_WITH_KNOTS('',1,(#9439,#9440),.UNSPECIFIED.,.F.,
  .F.,(2,2),(-5.529991454155E-17,0.252106062505),
  .PIECEWISE_BEZIER_KNOTS.);
#9439 = CARTESIAN_POINT('',(1.15,-0.903312906514,0.45654502369));
#9440 = CARTESIAN_POINT('',(1.15,-0.925285397643,0.205398300866));
#9441 = ORIENTED_EDGE('',*,*,#9399,.T.);
#9442 = B_SPLINE_SURFACE_WITH_KNOTS('',1,1,(
    (#9443,#9444)
    ,(#9445,#9446
    )),.UNSPECIFIED.,.F.,.F.,.F.,(2,2),(2,2),(-0.252106062505,
    5.529991454155E-17),(-0.4,0.),.PIECEWISE_BEZIER_KNOTS.);
#9443 = CARTESIAN_POINT('',(0.75,-0.925285397643,0.205398300866));
#9444 = CARTESIAN_POINT('',(1.15,-0.925285397643,0.205398300866));
#9445 = CARTESIAN_POINT('',(0.75,-0.903312906514,0.45654502369));
#9446 = CARTESIAN_POINT('',(1.15,-0.903312906514,0.45654502369));
#9447 = ADVANCED_FACE('',(#9448),#9472,.F.);
#9448 = FACE_BOUND('',#9449,.F.);
#9449 = EDGE_LOOP('',(#9450,#9451,#9459,#9466));
#9450 = ORIENTED_EDGE('',*,*,#9430,.F.);
#9451 = ORIENTED_EDGE('',*,*,#9452,.F.);
#9452 = EDGE_CURVE('',#9453,#9431,#9455,.T.);
#9453 = VERTEX_POINT('',#9454);
#9454 = CARTESIAN_POINT('',(1.15,-0.828598304157,0.525008342984));
#9455 = ( BOUNDED_CURVE() B_SPLINE_CURVE(2,(#9456,#9457,#9458),
.UNSPECIFIED.,.F.,.F.) B_SPLINE_CURVE_WITH_KNOTS((3,3),(3.14159265359,
4.625122517785),.PIECEWISE_BEZIER_KNOTS.) CURVE() 
GEOMETRIC_REPRESENTATION_ITEM() RATIONAL_B_SPLINE_CURVE((1.,
0.73727733681,1.)) REPRESENTATION_ITEM('') );
#9456 = CARTESIAN_POINT('',(1.15,-0.828598304157,0.525008342984));
#9457 = CARTESIAN_POINT('',(1.15,-0.897323142209,0.525008342984));
#9458 = CARTESIAN_POINT('',(1.15,-0.903312906514,0.45654502369));
#9459 = ORIENTED_EDGE('',*,*,#9460,.T.);
#9460 = EDGE_CURVE('',#9453,#9461,#9463,.T.);
#9461 = VERTEX_POINT('',#9462);
#9462 = CARTESIAN_POINT('',(0.75,-0.828598304157,0.525008342984));
#9463 = B_SPLINE_CURVE_WITH_KNOTS('',1,(#9464,#9465),.UNSPECIFIED.,.F.,
  .F.,(2,2),(-0.,0.4),.PIECEWISE_BEZIER_KNOTS.);
#9464 = CARTESIAN_POINT('',(1.15,-0.828598304157,0.525008342984));
#9465 = CARTESIAN_POINT('',(0.75,-0.828598304157,0.525008342984));
#9466 = ORIENTED_EDGE('',*,*,#9467,.T.);
#9467 = EDGE_CURVE('',#9461,#9424,#9468,.T.);
#9468 = ( BOUNDED_CURVE() B_SPLINE_CURVE(2,(#9469,#9470,#9471),
.UNSPECIFIED.,.F.,.F.) B_SPLINE_CURVE_WITH_KNOTS((3,3),(3.14159265359,
4.625122517785),.PIECEWISE_BEZIER_KNOTS.) CURVE() 
GEOMETRIC_REPRESENTATION_ITEM() RATIONAL_B_SPLINE_CURVE((1.,
0.73727733681,1.)) REPRESENTATION_ITEM('') );
#9469 = CARTESIAN_POINT('',(0.75,-0.828598304157,0.525008342984));
#9470 = CARTESIAN_POINT('',(0.75,-0.897323142209,0.525008342984));
#9471 = CARTESIAN_POINT('',(0.75,-0.903312906514,0.45654502369));
#9472 = ( BOUNDED_SURFACE() B_SPLINE_SURFACE(2,1,(
    (#9473,#9474)
    ,(#9475,#9476)
    ,(#9477,#9478
)),.UNSPECIFIED.,.F.,.F.,.F.) B_SPLINE_SURFACE_WITH_KNOTS((3,3),(2,2),(
    4.799655442984,6.28318530718),(0.,0.4),.PIECEWISE_BEZIER_KNOTS.) 
GEOMETRIC_REPRESENTATION_ITEM() RATIONAL_B_SPLINE_SURFACE((
    (1.,1.)
    ,(0.73727733681,0.73727733681)
,(1.,1.))) REPRESENTATION_ITEM('') SURFACE() );
#9473 = CARTESIAN_POINT('',(1.15,-0.903312906514,0.45654502369));
#9474 = CARTESIAN_POINT('',(0.75,-0.903312906514,0.45654502369));
#9475 = CARTESIAN_POINT('',(1.15,-0.897323142209,0.525008342984));
#9476 = CARTESIAN_POINT('',(0.75,-0.897323142209,0.525008342984));
#9477 = CARTESIAN_POINT('',(1.15,-0.828598304157,0.525008342984));
#9478 = CARTESIAN_POINT('',(0.75,-0.828598304157,0.525008342984));
#9479 = ADVANCED_FACE('',(#9480),#9494,.T.);
#9480 = FACE_BOUND('',#9481,.T.);
#9481 = EDGE_LOOP('',(#9482,#9487,#9488,#9493));
#9482 = ORIENTED_EDGE('',*,*,#9483,.F.);
#9483 = EDGE_CURVE('',#72,#9461,#9484,.T.);
#9484 = B_SPLINE_CURVE_WITH_KNOTS('',1,(#9485,#9486),.UNSPECIFIED.,.F.,
  .F.,(2,2),(-3.330669073875E-16,2.859830415743E-02),
  .PIECEWISE_BEZIER_KNOTS.);
#9485 = CARTESIAN_POINT('',(0.75,-0.8,0.525008342984));
#9486 = CARTESIAN_POINT('',(0.75,-0.828598304157,0.525008342984));
#9487 = ORIENTED_EDGE('',*,*,#1858,.F.);
#9488 = ORIENTED_EDGE('',*,*,#9489,.T.);
#9489 = EDGE_CURVE('',#1710,#9453,#9490,.T.);
#9490 = B_SPLINE_CURVE_WITH_KNOTS('',1,(#9491,#9492),.UNSPECIFIED.,.F.,
  .F.,(2,2),(-3.330669073875E-16,2.859830415743E-02),
  .PIECEWISE_BEZIER_KNOTS.);
#9491 = CARTESIAN_POINT('',(1.15,-0.8,0.525008342984));
#9492 = CARTESIAN_POINT('',(1.15,-0.828598304157,0.525008342984));
#9493 = ORIENTED_EDGE('',*,*,#9460,.T.);
#9494 = B_SPLINE_SURFACE_WITH_KNOTS('',1,1,(
    (#9495,#9496)
    ,(#9497,#9498
    )),.UNSPECIFIED.,.F.,.F.,.F.,(2,2),(2,2),(-2.859830415743E-02,
    3.330669073875E-16),(-0.4,0.),.PIECEWISE_BEZIER_KNOTS.);
#9495 = CARTESIAN_POINT('',(0.75,-0.828598304157,0.525008342984));
#9496 = CARTESIAN_POINT('',(1.15,-0.828598304157,0.525008342984));
#9497 = CARTESIAN_POINT('',(0.75,-0.8,0.525008342984));
#9498 = CARTESIAN_POINT('',(1.15,-0.8,0.525008342984));
#9499 = ADVANCED_FACE('',(#9500),#9522,.F.);
#9500 = FACE_BOUND('',#9501,.T.);
#9501 = EDGE_LOOP('',(#9502,#9509,#9516,#9521));
#9502 = ORIENTED_EDGE('',*,*,#9503,.T.);
#9503 = EDGE_CURVE('',#79,#9504,#9506,.T.);
#9504 = VERTEX_POINT('',#9505);
#9505 = CARTESIAN_POINT('',(0.75,-0.828598304157,0.675008342984));
#9506 = B_SPLINE_CURVE_WITH_KNOTS('',1,(#9507,#9508),.UNSPECIFIED.,.F.,
  .F.,(2,2),(0.,2.859830415743E-02),.PIECEWISE_BEZIER_KNOTS.);
#9507 = CARTESIAN_POINT('',(0.75,-0.8,0.675008342984));
#9508 = CARTESIAN_POINT('',(0.75,-0.828598304157,0.675008342984));
#9509 = ORIENTED_EDGE('',*,*,#9510,.F.);
#9510 = EDGE_CURVE('',#9511,#9504,#9513,.T.);
#9511 = VERTEX_POINT('',#9512);
#9512 = CARTESIAN_POINT('',(1.15,-0.828598304157,0.675008342984));
#9513 = B_SPLINE_CURVE_WITH_KNOTS('',1,(#9514,#9515),.UNSPECIFIED.,.F.,
  .F.,(2,2),(-0.,0.4),.PIECEWISE_BEZIER_KNOTS.);
#9514 = CARTESIAN_POINT('',(1.15,-0.828598304157,0.675008342984));
#9515 = CARTESIAN_POINT('',(0.75,-0.828598304157,0.675008342984));
#9516 = ORIENTED_EDGE('',*,*,#9517,.F.);
#9517 = EDGE_CURVE('',#1703,#9511,#9518,.T.);
#9518 = B_SPLINE_CURVE_WITH_KNOTS('',1,(#9519,#9520),.UNSPECIFIED.,.F.,
  .F.,(2,2),(3.330669073875E-16,2.859830415743E-02),
  .PIECEWISE_BEZIER_KNOTS.);
#9519 = CARTESIAN_POINT('',(1.15,-0.8,0.675008342984));
#9520 = CARTESIAN_POINT('',(1.15,-0.828598304157,0.675008342984));
#9521 = ORIENTED_EDGE('',*,*,#2164,.T.);
#9522 = B_SPLINE_SURFACE_WITH_KNOTS('',1,1,(
    (#9523,#9524)
    ,(#9525,#9526
    )),.UNSPECIFIED.,.F.,.F.,.F.,(2,2),(2,2),(-2.859830415743E-02,0.),(
    -0.4,0.),.PIECEWISE_BEZIER_KNOTS.);
#9523 = CARTESIAN_POINT('',(0.75,-0.828598304157,0.675008342984));
#9524 = CARTESIAN_POINT('',(1.15,-0.828598304157,0.675008342984));
#9525 = CARTESIAN_POINT('',(0.75,-0.8,0.675008342984));
#9526 = CARTESIAN_POINT('',(1.15,-0.8,0.675008342984));
#9527 = ADVANCED_FACE('',(#9528),#9552,.T.);
#9528 = FACE_BOUND('',#9529,.T.);
#9529 = EDGE_LOOP('',(#9530,#9538,#9545,#9551));
#9530 = ORIENTED_EDGE('',*,*,#9531,.T.);
#9531 = EDGE_CURVE('',#9504,#9532,#9534,.T.);
#9532 = VERTEX_POINT('',#9533);
#9533 = CARTESIAN_POINT('',(0.75,-1.052742111228,0.469618385103));
#9534 = ( BOUNDED_CURVE() B_SPLINE_CURVE(2,(#9535,#9536,#9537),
.UNSPECIFIED.,.F.,.F.) B_SPLINE_CURVE_WITH_KNOTS((3,3),(3.14159265359,
4.625122517785),.PIECEWISE_BEZIER_KNOTS.) CURVE() 
GEOMETRIC_REPRESENTATION_ITEM() RATIONAL_B_SPLINE_CURVE((1.,
0.73727733681,1.)) REPRESENTATION_ITEM('') );
#9535 = CARTESIAN_POINT('',(0.75,-0.828598304157,0.675008342984));
#9536 = CARTESIAN_POINT('',(0.75,-1.034772818311,0.675008342984));
#9537 = CARTESIAN_POINT('',(0.75,-1.052742111228,0.469618385103));
#9538 = ORIENTED_EDGE('',*,*,#9539,.F.);
#9539 = EDGE_CURVE('',#9540,#9532,#9542,.T.);
#9540 = VERTEX_POINT('',#9541);
#9541 = CARTESIAN_POINT('',(1.15,-1.052742111228,0.469618385103));
#9542 = B_SPLINE_CURVE_WITH_KNOTS('',1,(#9543,#9544),.UNSPECIFIED.,.F.,
  .F.,(2,2),(-0.,0.4),.PIECEWISE_BEZIER_KNOTS.);
#9543 = CARTESIAN_POINT('',(1.15,-1.052742111228,0.469618385103));
#9544 = CARTESIAN_POINT('',(0.75,-1.052742111228,0.469618385103));
#9545 = ORIENTED_EDGE('',*,*,#9546,.F.);
#9546 = EDGE_CURVE('',#9511,#9540,#9547,.T.);
#9547 = ( BOUNDED_CURVE() B_SPLINE_CURVE(2,(#9548,#9549,#9550),
.UNSPECIFIED.,.F.,.F.) B_SPLINE_CURVE_WITH_KNOTS((3,3),(3.14159265359,
4.625122517785),.PIECEWISE_BEZIER_KNOTS.) CURVE() 
GEOMETRIC_REPRESENTATION_ITEM() RATIONAL_B_SPLINE_CURVE((1.,
0.73727733681,1.)) REPRESENTATION_ITEM('') );
#9548 = CARTESIAN_POINT('',(1.15,-0.828598304157,0.675008342984));
#9549 = CARTESIAN_POINT('',(1.15,-1.034772818311,0.675008342984));
#9550 = CARTESIAN_POINT('',(1.15,-1.052742111228,0.469618385103));
#9551 = ORIENTED_EDGE('',*,*,#9510,.T.);
#9552 = ( BOUNDED_SURFACE() B_SPLINE_SURFACE(2,1,(
    (#9553,#9554)
    ,(#9555,#9556)
    ,(#9557,#9558
)),.UNSPECIFIED.,.F.,.F.,.F.) B_SPLINE_SURFACE_WITH_KNOTS((3,3),(2,2),(
    4.799655442984,6.28318530718),(0.,0.4),.PIECEWISE_BEZIER_KNOTS.) 
GEOMETRIC_REPRESENTATION_ITEM() RATIONAL_B_SPLINE_SURFACE((
    (1.,1.)
    ,(0.73727733681,0.73727733681)
,(1.,1.))) REPRESENTATION_ITEM('') SURFACE() );
#9553 = CARTESIAN_POINT('',(1.15,-1.052742111228,0.469618385103));
#9554 = CARTESIAN_POINT('',(0.75,-1.052742111228,0.469618385103));
#9555 = CARTESIAN_POINT('',(1.15,-1.034772818311,0.675008342984));
#9556 = CARTESIAN_POINT('',(0.75,-1.034772818311,0.675008342984));
#9557 = CARTESIAN_POINT('',(1.15,-0.828598304157,0.675008342984));
#9558 = CARTESIAN_POINT('',(0.75,-0.828598304157,0.675008342984));
#9559 = ADVANCED_FACE('',(#9560),#9582,.F.);
#9560 = FACE_BOUND('',#9561,.T.);
#9561 = EDGE_LOOP('',(#9562,#9569,#9576,#9581));
#9562 = ORIENTED_EDGE('',*,*,#9563,.T.);
#9563 = EDGE_CURVE('',#9532,#9564,#9566,.T.);
#9564 = VERTEX_POINT('',#9565);
#9565 = CARTESIAN_POINT('',(0.75,-1.074714602357,0.218471662278));
#9566 = B_SPLINE_CURVE_WITH_KNOTS('',1,(#9567,#9568),.UNSPECIFIED.,.F.,
  .F.,(2,2),(-5.529991454155E-17,0.252106062505),
  .PIECEWISE_BEZIER_KNOTS.);
#9567 = CARTESIAN_POINT('',(0.75,-1.052742111228,0.469618385103));
#9568 = CARTESIAN_POINT('',(0.75,-1.074714602357,0.218471662278));
#9569 = ORIENTED_EDGE('',*,*,#9570,.F.);
#9570 = EDGE_CURVE('',#9571,#9564,#9573,.T.);
#9571 = VERTEX_POINT('',#9572);
#9572 = CARTESIAN_POINT('',(1.15,-1.074714602357,0.218471662278));
#9573 = B_SPLINE_CURVE_WITH_KNOTS('',1,(#9574,#9575),.UNSPECIFIED.,.F.,
  .F.,(2,2),(-0.,0.4),.PIECEWISE_BEZIER_KNOTS.);
#9574 = CARTESIAN_POINT('',(1.15,-1.074714602357,0.218471662278));
#9575 = CARTESIAN_POINT('',(0.75,-1.074714602357,0.218471662278));
#9576 = ORIENTED_EDGE('',*,*,#9577,.F.);
#9577 = EDGE_CURVE('',#9540,#9571,#9578,.T.);
#9578 = B_SPLINE_CURVE_WITH_KNOTS('',1,(#9579,#9580),.UNSPECIFIED.,.F.,
  .F.,(2,2),(-5.529991454155E-17,0.252106062505),
  .PIECEWISE_BEZIER_KNOTS.);
#9579 = CARTESIAN_POINT('',(1.15,-1.052742111228,0.469618385103));
#9580 = CARTESIAN_POINT('',(1.15,-1.074714602357,0.218471662278));
#9581 = ORIENTED_EDGE('',*,*,#9539,.T.);
#9582 = B_SPLINE_SURFACE_WITH_KNOTS('',1,1,(
    (#9583,#9584)
    ,(#9585,#9586
    )),.UNSPECIFIED.,.F.,.F.,.F.,(2,2),(2,2),(-0.252106062505,
    5.529991454155E-17),(-0.4,0.),.PIECEWISE_BEZIER_KNOTS.);
#9583 = CARTESIAN_POINT('',(0.75,-1.074714602357,0.218471662278));
#9584 = CARTESIAN_POINT('',(1.15,-1.074714602357,0.218471662278));
#9585 = CARTESIAN_POINT('',(0.75,-1.052742111228,0.469618385103));
#9586 = CARTESIAN_POINT('',(1.15,-1.052742111228,0.469618385103));
#9587 = ADVANCED_FACE('',(#9588),#9604,.F.);
#9588 = FACE_BOUND('',#9589,.F.);
#9589 = EDGE_LOOP('',(#9590,#9591,#9597,#9598));
#9590 = ORIENTED_EDGE('',*,*,#9570,.F.);
#9591 = ORIENTED_EDGE('',*,*,#9592,.T.);
#9592 = EDGE_CURVE('',#9571,#9316,#9593,.T.);
#9593 = ( BOUNDED_CURVE() B_SPLINE_CURVE(2,(#9594,#9595,#9596),
.UNSPECIFIED.,.F.,.F.) B_SPLINE_CURVE_WITH_KNOTS((3,3),(4.799655442984,
6.28318530718),.PIECEWISE_BEZIER_KNOTS.) CURVE() 
GEOMETRIC_REPRESENTATION_ITEM() RATIONAL_B_SPLINE_CURVE((1.,
0.73727733681,1.)) REPRESENTATION_ITEM('') );
#9594 = CARTESIAN_POINT('',(1.15,-1.074714602357,0.218471662278));
#9595 = CARTESIAN_POINT('',(1.15,-1.080704366662,0.150008342984));
#9596 = CARTESIAN_POINT('',(1.15,-1.149429204714,0.150008342984));
#9597 = ORIENTED_EDGE('',*,*,#9322,.T.);
#9598 = ORIENTED_EDGE('',*,*,#9599,.F.);
#9599 = EDGE_CURVE('',#9564,#9300,#9600,.T.);
#9600 = ( BOUNDED_CURVE() B_SPLINE_CURVE(2,(#9601,#9602,#9603),
.UNSPECIFIED.,.F.,.F.) B_SPLINE_CURVE_WITH_KNOTS((3,3),(4.799655442984,
6.28318530718),.PIECEWISE_BEZIER_KNOTS.) CURVE() 
GEOMETRIC_REPRESENTATION_ITEM() RATIONAL_B_SPLINE_CURVE((1.,
0.73727733681,1.)) REPRESENTATION_ITEM('') );
#9601 = CARTESIAN_POINT('',(0.75,-1.074714602357,0.218471662278));
#9602 = CARTESIAN_POINT('',(0.75,-1.080704366662,0.150008342984));
#9603 = CARTESIAN_POINT('',(0.75,-1.149429204714,0.150008342984));
#9604 = ( BOUNDED_SURFACE() B_SPLINE_SURFACE(2,1,(
    (#9605,#9606)
    ,(#9607,#9608)
    ,(#9609,#9610
)),.UNSPECIFIED.,.F.,.F.,.F.) B_SPLINE_SURFACE_WITH_KNOTS((3,3),(2,2),(
    1.658062789395,3.14159265359),(0.,0.4),.PIECEWISE_BEZIER_KNOTS.) 
GEOMETRIC_REPRESENTATION_ITEM() RATIONAL_B_SPLINE_SURFACE((
    (1.,1.)
    ,(0.73727733681,0.73727733681)
,(1.,1.))) REPRESENTATION_ITEM('') SURFACE() );
#9605 = CARTESIAN_POINT('',(1.15,-1.074714602357,0.218471662278));
#9606 = CARTESIAN_POINT('',(0.75,-1.074714602357,0.218471662278));
#9607 = CARTESIAN_POINT('',(1.15,-1.080704366662,0.150008342984));
#9608 = CARTESIAN_POINT('',(0.75,-1.080704366662,0.150008342984));
#9609 = CARTESIAN_POINT('',(1.15,-1.149429204714,0.150008342984));
#9610 = CARTESIAN_POINT('',(0.75,-1.149429204714,0.150008342984));
#9611 = ADVANCED_FACE('',(#9612),#9626,.T.);
#9612 = FACE_BOUND('',#9613,.T.);
#9613 = EDGE_LOOP('',(#9614,#9615,#9616,#9617,#9618,#9619,#9620,#9621,
    #9622,#9623,#9624,#9625));
#9614 = ORIENTED_EDGE('',*,*,#9315,.T.);
#9615 = ORIENTED_EDGE('',*,*,#9349,.F.);
#9616 = ORIENTED_EDGE('',*,*,#9377,.F.);
#9617 = ORIENTED_EDGE('',*,*,#9406,.F.);
#9618 = ORIENTED_EDGE('',*,*,#9437,.F.);
#9619 = ORIENTED_EDGE('',*,*,#9452,.F.);
#9620 = ORIENTED_EDGE('',*,*,#9489,.F.);
#9621 = ORIENTED_EDGE('',*,*,#1709,.F.);
#9622 = ORIENTED_EDGE('',*,*,#9517,.T.);
#9623 = ORIENTED_EDGE('',*,*,#9546,.T.);
#9624 = ORIENTED_EDGE('',*,*,#9577,.T.);
#9625 = ORIENTED_EDGE('',*,*,#9592,.T.);
#9626 = B_SPLINE_SURFACE_WITH_KNOTS('',1,1,(
    (#9627,#9628)
    ,(#9629,#9630
  )),.UNSPECIFIED.,.F.,.F.,.F.,(2,2),(2,2),(-0.45,0.225),(
    -0.250570795286,0.349429204714),.PIECEWISE_BEZIER_KNOTS.);
#9627 = CARTESIAN_POINT('',(1.15,-1.4,0.675008342984));
#9628 = CARTESIAN_POINT('',(1.15,-0.8,0.675008342984));
#9629 = CARTESIAN_POINT('',(1.15,-1.4,8.342984353014E-06));
#9630 = CARTESIAN_POINT('',(1.15,-0.8,8.342984353014E-06));
#9631 = ADVANCED_FACE('',(#9632),#9646,.F.);
#9632 = FACE_BOUND('',#9633,.T.);
#9633 = EDGE_LOOP('',(#9634,#9635,#9636,#9637,#9638,#9639,#9640,#9641,
    #9642,#9643,#9644,#9645));
#9634 = ORIENTED_EDGE('',*,*,#9299,.F.);
#9635 = ORIENTED_EDGE('',*,*,#9599,.F.);
#9636 = ORIENTED_EDGE('',*,*,#9563,.F.);
#9637 = ORIENTED_EDGE('',*,*,#9531,.F.);
#9638 = ORIENTED_EDGE('',*,*,#9503,.F.);
#9639 = ORIENTED_EDGE('',*,*,#78,.T.);
#9640 = ORIENTED_EDGE('',*,*,#9483,.T.);
#9641 = ORIENTED_EDGE('',*,*,#9467,.T.);
#9642 = ORIENTED_EDGE('',*,*,#9423,.T.);
#9643 = ORIENTED_EDGE('',*,*,#9391,.T.);
#9644 = ORIENTED_EDGE('',*,*,#9363,.T.);
#9645 = ORIENTED_EDGE('',*,*,#9335,.T.);
#9646 = B_SPLINE_SURFACE_WITH_KNOTS('',1,1,(
    (#9647,#9648)
    ,(#9649,#9650
  )),.UNSPECIFIED.,.F.,.F.,.F.,(2,2),(2,2),(-0.45,0.225),(
    -0.250570795286,0.349429204714),.PIECEWISE_BEZIER_KNOTS.);
#9647 = CARTESIAN_POINT('',(0.75,-1.4,0.675008342984));
#9648 = CARTESIAN_POINT('',(0.75,-0.8,0.675008342984));
#9649 = CARTESIAN_POINT('',(0.75,-1.4,8.342984353014E-06));
#9650 = CARTESIAN_POINT('',(0.75,-0.8,8.342984353014E-06));
#9651 = ( GEOMETRIC_REPRESENTATION_CONTEXT(3) 
GLOBAL_UNCERTAINTY_ASSIGNED_CONTEXT((#9655)) 
GLOBAL_UNIT_ASSIGNED_CONTEXT((#9652,#9653,#9654)) REPRESENTATION_CONTEXT
('Context #1','3D Context with UNIT and UNCERTAINTY') );
#9652 = ( LENGTH_UNIT() NAMED_UNIT(*) SI_UNIT(.MILLI.,.METRE.) );
#9653 = ( NAMED_UNIT(*) PLANE_ANGLE_UNIT() SI_UNIT($,.RADIAN.) );
#9654 = ( NAMED_UNIT(*) SI_UNIT($,.STERADIAN.) SOLID_ANGLE_UNIT() );
#9655 = UNCERTAINTY_MEASURE_WITH_UNIT(LENGTH_MEASURE(5.E-07),#9652,
  'distance_accuracy_value','confusion accuracy');
#9656 = PRODUCT_RELATED_PRODUCT_CATEGORY('part',$,(#7));
#9657 = MECHANICAL_DESIGN_GEOMETRIC_PRESENTATION_REPRESENTATION('',(
    #9658,#9668,#9676,#9684,#9691,#9698,#9705,#9712,#9719,#9726,#9733,
    #9740,#9747,#9754,#9761,#9768,#9775,#9782,#9789,#9796,#9803,#9810,
    #9817,#9824,#9831,#9838,#9845,#9852,#9859,#9866,#9873,#9880,#9887,
    #9894,#9901,#9908,#9915,#9922,#9929,#9936,#9943,#9950,#9957,#9964,
    #9971,#9978,#9985,#9992,#9999,#10006,#10014,#10021,#10028,#10035,
    #10042,#10049,#10056,#10063,#10070,#10077,#10084,#10091,#10098,
    #10105,#10112,#10119,#10126,#10133,#10140,#10147,#10154,#10161,
    #10168,#10175,#10182,#10189,#10196,#10203,#10210,#10217,#10224,
    #10231,#10238,#10245,#10252,#10259,#10266,#10273,#10280,#10287,
    #10294,#10301,#10308,#10315,#10322,#10329,#10336,#10343,#10350,
    #10357,#10364,#10371,#10378,#10385,#10392,#10399,#10406,#10413,
    #10420,#10427,#10434,#10441,#10448,#10455,#10462,#10469,#10476,
    #10483,#10490,#10497,#10504,#10511,#10518,#10525,#10532,#10539,
    #10546,#10553,#10560,#10567,#10574,#10581,#10588,#10595,#10602,
    #10609,#10616,#10623,#10630,#10637,#10644,#10651,#10658,#10665,
    #10672,#10679,#10686,#10693,#10700,#10707,#10714,#10721,#10728,
    #10735,#10742,#10749,#10756,#10763,#10770,#10777,#10784,#10791,
    #10798,#10805,#10812,#10819,#10826,#10833,#10840,#10847,#10854,
    #10861,#10868,#10875,#10882,#10889,#10896,#10903,#10910,#10917,
    #10924,#10931,#10938,#10945,#10952,#10959,#10966,#10973,#10980,
    #10987,#10994,#11001,#11008,#11015,#11022,#11029,#11036,#11043,
    #11050,#11057,#11064,#11071,#11078,#11085,#11092,#11099,#11106,
    #11113,#11120,#11127,#11134,#11141,#11148,#11155,#11162,#11169,
    #11176,#11183,#11190,#11197,#11204,#11211,#11218,#11225,#11232,
    #11239,#11246,#11253,#11260,#11267,#11274,#11281,#11288,#11295,
    #11302,#11309,#11316,#11323,#11330,#11337,#11344,#11351,#11358,
    #11365,#11372,#11379,#11386,#11393,#11400,#11407,#11414,#11421,
    #11428,#11435,#11442,#11449,#11456,#11463,#11470,#11477,#11484,
    #11491,#11498,#11505,#11512,#11519,#11526,#11533,#11540,#11547,
    #11554,#11561,#11568,#11575,#11582,#11589,#11596,#11603,#11610,
    #11617,#11624,#11631,#11638,#11645,#11652,#11659,#11666,#11673,
    #11680,#11687,#11694,#11701,#11708,#11715,#11722,#11729,#11736,
    #11743,#11750,#11757,#11764,#11771,#11778,#11785,#11792,#11799,
    #11806,#11813,#11820,#11827,#11834,#11841),#9651);
#9658 = STYLED_ITEM('color',(#9659),#15);
#9659 = PRESENTATION_STYLE_ASSIGNMENT((#9660,#9666));
#9660 = SURFACE_STYLE_USAGE(.BOTH.,#9661);
#9661 = SURFACE_SIDE_STYLE('',(#9662));
#9662 = SURFACE_STYLE_FILL_AREA(#9663);
#9663 = FILL_AREA_STYLE('',(#9664));
#9664 = FILL_AREA_STYLE_COLOUR('',#9665);
#9665 = DRAUGHTING_PRE_DEFINED_COLOUR('white');
#9666 = CURVE_STYLE('',#9667,POSITIVE_LENGTH_MEASURE(0.1),#9665);
#9667 = DRAUGHTING_PRE_DEFINED_CURVE_FONT('continuous');
#9668 = OVER_RIDING_STYLED_ITEM('overriding color',(#9669),#17,#9658);
#9669 = PRESENTATION_STYLE_ASSIGNMENT((#9670));
#9670 = SURFACE_STYLE_USAGE(.BOTH.,#9671);
#9671 = SURFACE_SIDE_STYLE('',(#9672));
#9672 = SURFACE_STYLE_FILL_AREA(#9673);
#9673 = FILL_AREA_STYLE('',(#9674));
#9674 = FILL_AREA_STYLE_COLOUR('',#9675);
#9675 = COLOUR_RGB('',0.647058827698,0.647058827698,0.647058827698);
#9676 = OVER_RIDING_STYLED_ITEM('overriding color',(#9677),#65,#9658);
#9677 = PRESENTATION_STYLE_ASSIGNMENT((#9678));
#9678 = SURFACE_STYLE_USAGE(.BOTH.,#9679);
#9679 = SURFACE_SIDE_STYLE('',(#9680));
#9680 = SURFACE_STYLE_FILL_AREA(#9681);
#9681 = FILL_AREA_STYLE('',(#9682));
#9682 = FILL_AREA_STYLE_COLOUR('',#9683);
#9683 = COLOUR_RGB('',0.223529416636,0.223529416636,0.223529416636);
#9684 = OVER_RIDING_STYLED_ITEM('overriding color',(#9685),#101,#9658);
#9685 = PRESENTATION_STYLE_ASSIGNMENT((#9686));
#9686 = SURFACE_STYLE_USAGE(.BOTH.,#9687);
#9687 = SURFACE_SIDE_STYLE('',(#9688));
#9688 = SURFACE_STYLE_FILL_AREA(#9689);
#9689 = FILL_AREA_STYLE('',(#9690));
#9690 = FILL_AREA_STYLE_COLOUR('',#9683);
#9691 = OVER_RIDING_STYLED_ITEM('overriding color',(#9692),#137,#9658);
#9692 = PRESENTATION_STYLE_ASSIGNMENT((#9693));
#9693 = SURFACE_STYLE_USAGE(.BOTH.,#9694);
#9694 = SURFACE_SIDE_STYLE('',(#9695));
#9695 = SURFACE_STYLE_FILL_AREA(#9696);
#9696 = FILL_AREA_STYLE('',(#9697));
#9697 = FILL_AREA_STYLE_COLOUR('',#9683);
#9698 = OVER_RIDING_STYLED_ITEM('overriding color',(#9699),#173,#9658);
#9699 = PRESENTATION_STYLE_ASSIGNMENT((#9700));
#9700 = SURFACE_STYLE_USAGE(.BOTH.,#9701);
#9701 = SURFACE_SIDE_STYLE('',(#9702));
#9702 = SURFACE_STYLE_FILL_AREA(#9703);
#9703 = FILL_AREA_STYLE('',(#9704));
#9704 = FILL_AREA_STYLE_COLOUR('',#9683);
#9705 = OVER_RIDING_STYLED_ITEM('overriding color',(#9706),#1596,#9658);
#9706 = PRESENTATION_STYLE_ASSIGNMENT((#9707));
#9707 = SURFACE_STYLE_USAGE(.BOTH.,#9708);
#9708 = SURFACE_SIDE_STYLE('',(#9709));
#9709 = SURFACE_STYLE_FILL_AREA(#9710);
#9710 = FILL_AREA_STYLE('',(#9711));
#9711 = FILL_AREA_STYLE_COLOUR('',#9683);
#9712 = OVER_RIDING_STYLED_ITEM('overriding color',(#9713),#1624,#9658);
#9713 = PRESENTATION_STYLE_ASSIGNMENT((#9714));
#9714 = SURFACE_STYLE_USAGE(.BOTH.,#9715);
#9715 = SURFACE_SIDE_STYLE('',(#9716));
#9716 = SURFACE_STYLE_FILL_AREA(#9717);
#9717 = FILL_AREA_STYLE('',(#9718));
#9718 = FILL_AREA_STYLE_COLOUR('',#9683);
#9719 = OVER_RIDING_STYLED_ITEM('overriding color',(#9720),#1660,#9658);
#9720 = PRESENTATION_STYLE_ASSIGNMENT((#9721));
#9721 = SURFACE_STYLE_USAGE(.BOTH.,#9722);
#9722 = SURFACE_SIDE_STYLE('',(#9723));
#9723 = SURFACE_STYLE_FILL_AREA(#9724);
#9724 = FILL_AREA_STYLE('',(#9725));
#9725 = FILL_AREA_STYLE_COLOUR('',#9683);
#9726 = OVER_RIDING_STYLED_ITEM('overriding color',(#9727),#1696,#9658);
#9727 = PRESENTATION_STYLE_ASSIGNMENT((#9728));
#9728 = SURFACE_STYLE_USAGE(.BOTH.,#9729);
#9729 = SURFACE_SIDE_STYLE('',(#9730));
#9730 = SURFACE_STYLE_FILL_AREA(#9731);
#9731 = FILL_AREA_STYLE('',(#9732));
#9732 = FILL_AREA_STYLE_COLOUR('',#9683);
#9733 = OVER_RIDING_STYLED_ITEM('overriding color',(#9734),#1732,#9658);
#9734 = PRESENTATION_STYLE_ASSIGNMENT((#9735));
#9735 = SURFACE_STYLE_USAGE(.BOTH.,#9736);
#9736 = SURFACE_SIDE_STYLE('',(#9737));
#9737 = SURFACE_STYLE_FILL_AREA(#9738);
#9738 = FILL_AREA_STYLE('',(#9739));
#9739 = FILL_AREA_STYLE_COLOUR('',#9683);
#9740 = OVER_RIDING_STYLED_ITEM('overriding color',(#9741),#1779,#9658);
#9741 = PRESENTATION_STYLE_ASSIGNMENT((#9742));
#9742 = SURFACE_STYLE_USAGE(.BOTH.,#9743);
#9743 = SURFACE_SIDE_STYLE('',(#9744));
#9744 = SURFACE_STYLE_FILL_AREA(#9745);
#9745 = FILL_AREA_STYLE('',(#9746));
#9746 = FILL_AREA_STYLE_COLOUR('',#9683);
#9747 = OVER_RIDING_STYLED_ITEM('overriding color',(#9748),#1815,#9658);
#9748 = PRESENTATION_STYLE_ASSIGNMENT((#9749));
#9749 = SURFACE_STYLE_USAGE(.BOTH.,#9750);
#9750 = SURFACE_SIDE_STYLE('',(#9751));
#9751 = SURFACE_STYLE_FILL_AREA(#9752);
#9752 = FILL_AREA_STYLE('',(#9753));
#9753 = FILL_AREA_STYLE_COLOUR('',#9683);
#9754 = OVER_RIDING_STYLED_ITEM('overriding color',(#9755),#1873,#9658);
#9755 = PRESENTATION_STYLE_ASSIGNMENT((#9756));
#9756 = SURFACE_STYLE_USAGE(.BOTH.,#9757);
#9757 = SURFACE_SIDE_STYLE('',(#9758));
#9758 = SURFACE_STYLE_FILL_AREA(#9759);
#9759 = FILL_AREA_STYLE('',(#9760));
#9760 = FILL_AREA_STYLE_COLOUR('',#9683);
#9761 = OVER_RIDING_STYLED_ITEM('overriding color',(#9762),#1919,#9658);
#9762 = PRESENTATION_STYLE_ASSIGNMENT((#9763));
#9763 = SURFACE_STYLE_USAGE(.BOTH.,#9764);
#9764 = SURFACE_SIDE_STYLE('',(#9765));
#9765 = SURFACE_STYLE_FILL_AREA(#9766);
#9766 = FILL_AREA_STYLE('',(#9767));
#9767 = FILL_AREA_STYLE_COLOUR('',#9683);
#9768 = OVER_RIDING_STYLED_ITEM('overriding color',(#9769),#1965,#9658);
#9769 = PRESENTATION_STYLE_ASSIGNMENT((#9770));
#9770 = SURFACE_STYLE_USAGE(.BOTH.,#9771);
#9771 = SURFACE_SIDE_STYLE('',(#9772));
#9772 = SURFACE_STYLE_FILL_AREA(#9773);
#9773 = FILL_AREA_STYLE('',(#9774));
#9774 = FILL_AREA_STYLE_COLOUR('',#9683);
#9775 = OVER_RIDING_STYLED_ITEM('overriding color',(#9776),#2017,#9658);
#9776 = PRESENTATION_STYLE_ASSIGNMENT((#9777));
#9777 = SURFACE_STYLE_USAGE(.BOTH.,#9778);
#9778 = SURFACE_SIDE_STYLE('',(#9779));
#9779 = SURFACE_STYLE_FILL_AREA(#9780);
#9780 = FILL_AREA_STYLE('',(#9781));
#9781 = FILL_AREA_STYLE_COLOUR('',#9683);
#9782 = OVER_RIDING_STYLED_ITEM('overriding color',(#9783),#2069,#9658);
#9783 = PRESENTATION_STYLE_ASSIGNMENT((#9784));
#9784 = SURFACE_STYLE_USAGE(.BOTH.,#9785);
#9785 = SURFACE_SIDE_STYLE('',(#9786));
#9786 = SURFACE_STYLE_FILL_AREA(#9787);
#9787 = FILL_AREA_STYLE('',(#9788));
#9788 = FILL_AREA_STYLE_COLOUR('',#9683);
#9789 = OVER_RIDING_STYLED_ITEM('overriding color',(#9790),#2115,#9658);
#9790 = PRESENTATION_STYLE_ASSIGNMENT((#9791));
#9791 = SURFACE_STYLE_USAGE(.BOTH.,#9792);
#9792 = SURFACE_SIDE_STYLE('',(#9793));
#9793 = SURFACE_STYLE_FILL_AREA(#9794);
#9794 = FILL_AREA_STYLE('',(#9795));
#9795 = FILL_AREA_STYLE_COLOUR('',#9683);
#9796 = OVER_RIDING_STYLED_ITEM('overriding color',(#9797),#2173,#9658);
#9797 = PRESENTATION_STYLE_ASSIGNMENT((#9798));
#9798 = SURFACE_STYLE_USAGE(.BOTH.,#9799);
#9799 = SURFACE_SIDE_STYLE('',(#9800));
#9800 = SURFACE_STYLE_FILL_AREA(#9801);
#9801 = FILL_AREA_STYLE('',(#9802));
#9802 = FILL_AREA_STYLE_COLOUR('',#9683);
#9803 = OVER_RIDING_STYLED_ITEM('overriding color',(#9804),#2197,#9658);
#9804 = PRESENTATION_STYLE_ASSIGNMENT((#9805));
#9805 = SURFACE_STYLE_USAGE(.BOTH.,#9806);
#9806 = SURFACE_SIDE_STYLE('',(#9807));
#9807 = SURFACE_STYLE_FILL_AREA(#9808);
#9808 = FILL_AREA_STYLE('',(#9809));
#9809 = FILL_AREA_STYLE_COLOUR('',#9683);
#9810 = OVER_RIDING_STYLED_ITEM('overriding color',(#9811),#2223,#9658);
#9811 = PRESENTATION_STYLE_ASSIGNMENT((#9812));
#9812 = SURFACE_STYLE_USAGE(.BOTH.,#9813);
#9813 = SURFACE_SIDE_STYLE('',(#9814));
#9814 = SURFACE_STYLE_FILL_AREA(#9815);
#9815 = FILL_AREA_STYLE('',(#9816));
#9816 = FILL_AREA_STYLE_COLOUR('',#9683);
#9817 = OVER_RIDING_STYLED_ITEM('overriding color',(#9818),#2249,#9658);
#9818 = PRESENTATION_STYLE_ASSIGNMENT((#9819));
#9819 = SURFACE_STYLE_USAGE(.BOTH.,#9820);
#9820 = SURFACE_SIDE_STYLE('',(#9821));
#9821 = SURFACE_STYLE_FILL_AREA(#9822);
#9822 = FILL_AREA_STYLE('',(#9823));
#9823 = FILL_AREA_STYLE_COLOUR('',#9683);
#9824 = OVER_RIDING_STYLED_ITEM('overriding color',(#9825),#2268,#9658);
#9825 = PRESENTATION_STYLE_ASSIGNMENT((#9826));
#9826 = SURFACE_STYLE_USAGE(.BOTH.,#9827);
#9827 = SURFACE_SIDE_STYLE('',(#9828));
#9828 = SURFACE_STYLE_FILL_AREA(#9829);
#9829 = FILL_AREA_STYLE('',(#9830));
#9830 = FILL_AREA_STYLE_COLOUR('',#9683);
#9831 = OVER_RIDING_STYLED_ITEM('overriding color',(#9832),#2288,#9658);
#9832 = PRESENTATION_STYLE_ASSIGNMENT((#9833));
#9833 = SURFACE_STYLE_USAGE(.BOTH.,#9834);
#9834 = SURFACE_SIDE_STYLE('',(#9835));
#9835 = SURFACE_STYLE_FILL_AREA(#9836);
#9836 = FILL_AREA_STYLE('',(#9837));
#9837 = FILL_AREA_STYLE_COLOUR('',#9683);
#9838 = OVER_RIDING_STYLED_ITEM('overriding color',(#9839),#2308,#9658);
#9839 = PRESENTATION_STYLE_ASSIGNMENT((#9840));
#9840 = SURFACE_STYLE_USAGE(.BOTH.,#9841);
#9841 = SURFACE_SIDE_STYLE('',(#9842));
#9842 = SURFACE_STYLE_FILL_AREA(#9843);
#9843 = FILL_AREA_STYLE('',(#9844));
#9844 = FILL_AREA_STYLE_COLOUR('',#9683);
#9845 = OVER_RIDING_STYLED_ITEM('overriding color',(#9846),#2327,#9658);
#9846 = PRESENTATION_STYLE_ASSIGNMENT((#9847));
#9847 = SURFACE_STYLE_USAGE(.BOTH.,#9848);
#9848 = SURFACE_SIDE_STYLE('',(#9849));
#9849 = SURFACE_STYLE_FILL_AREA(#9850);
#9850 = FILL_AREA_STYLE('',(#9851));
#9851 = FILL_AREA_STYLE_COLOUR('',#9683);
#9852 = OVER_RIDING_STYLED_ITEM('overriding color',(#9853),#2351,#9658);
#9853 = PRESENTATION_STYLE_ASSIGNMENT((#9854));
#9854 = SURFACE_STYLE_USAGE(.BOTH.,#9855);
#9855 = SURFACE_SIDE_STYLE('',(#9856));
#9856 = SURFACE_STYLE_FILL_AREA(#9857);
#9857 = FILL_AREA_STYLE('',(#9858));
#9858 = FILL_AREA_STYLE_COLOUR('',#9683);
#9859 = OVER_RIDING_STYLED_ITEM('overriding color',(#9860),#2372,#9658);
#9860 = PRESENTATION_STYLE_ASSIGNMENT((#9861));
#9861 = SURFACE_STYLE_USAGE(.BOTH.,#9862);
#9862 = SURFACE_SIDE_STYLE('',(#9863));
#9863 = SURFACE_STYLE_FILL_AREA(#9864);
#9864 = FILL_AREA_STYLE('',(#9865));
#9865 = FILL_AREA_STYLE_COLOUR('',#9683);
#9866 = OVER_RIDING_STYLED_ITEM('overriding color',(#9867),#2396,#9658);
#9867 = PRESENTATION_STYLE_ASSIGNMENT((#9868));
#9868 = SURFACE_STYLE_USAGE(.BOTH.,#9869);
#9869 = SURFACE_SIDE_STYLE('',(#9870));
#9870 = SURFACE_STYLE_FILL_AREA(#9871);
#9871 = FILL_AREA_STYLE('',(#9872));
#9872 = FILL_AREA_STYLE_COLOUR('',#9683);
#9873 = OVER_RIDING_STYLED_ITEM('overriding color',(#9874),#2420,#9658);
#9874 = PRESENTATION_STYLE_ASSIGNMENT((#9875));
#9875 = SURFACE_STYLE_USAGE(.BOTH.,#9876);
#9876 = SURFACE_SIDE_STYLE('',(#9877));
#9877 = SURFACE_STYLE_FILL_AREA(#9878);
#9878 = FILL_AREA_STYLE('',(#9879));
#9879 = FILL_AREA_STYLE_COLOUR('',#9683);
#9880 = OVER_RIDING_STYLED_ITEM('overriding color',(#9881),#2441,#9658);
#9881 = PRESENTATION_STYLE_ASSIGNMENT((#9882));
#9882 = SURFACE_STYLE_USAGE(.BOTH.,#9883);
#9883 = SURFACE_SIDE_STYLE('',(#9884));
#9884 = SURFACE_STYLE_FILL_AREA(#9885);
#9885 = FILL_AREA_STYLE('',(#9886));
#9886 = FILL_AREA_STYLE_COLOUR('',#9683);
#9887 = OVER_RIDING_STYLED_ITEM('overriding color',(#9888),#2461,#9658);
#9888 = PRESENTATION_STYLE_ASSIGNMENT((#9889));
#9889 = SURFACE_STYLE_USAGE(.BOTH.,#9890);
#9890 = SURFACE_SIDE_STYLE('',(#9891));
#9891 = SURFACE_STYLE_FILL_AREA(#9892);
#9892 = FILL_AREA_STYLE('',(#9893));
#9893 = FILL_AREA_STYLE_COLOUR('',#9683);
#9894 = OVER_RIDING_STYLED_ITEM('overriding color',(#9895),#2480,#9658);
#9895 = PRESENTATION_STYLE_ASSIGNMENT((#9896));
#9896 = SURFACE_STYLE_USAGE(.BOTH.,#9897);
#9897 = SURFACE_SIDE_STYLE('',(#9898));
#9898 = SURFACE_STYLE_FILL_AREA(#9899);
#9899 = FILL_AREA_STYLE('',(#9900));
#9900 = FILL_AREA_STYLE_COLOUR('',#9683);
#9901 = OVER_RIDING_STYLED_ITEM('overriding color',(#9902),#2504,#9658);
#9902 = PRESENTATION_STYLE_ASSIGNMENT((#9903));
#9903 = SURFACE_STYLE_USAGE(.BOTH.,#9904);
#9904 = SURFACE_SIDE_STYLE('',(#9905));
#9905 = SURFACE_STYLE_FILL_AREA(#9906);
#9906 = FILL_AREA_STYLE('',(#9907));
#9907 = FILL_AREA_STYLE_COLOUR('',#9683);
#9908 = OVER_RIDING_STYLED_ITEM('overriding color',(#9909),#2523,#9658);
#9909 = PRESENTATION_STYLE_ASSIGNMENT((#9910));
#9910 = SURFACE_STYLE_USAGE(.BOTH.,#9911);
#9911 = SURFACE_SIDE_STYLE('',(#9912));
#9912 = SURFACE_STYLE_FILL_AREA(#9913);
#9913 = FILL_AREA_STYLE('',(#9914));
#9914 = FILL_AREA_STYLE_COLOUR('',#9683);
#9915 = OVER_RIDING_STYLED_ITEM('overriding color',(#9916),#2543,#9658);
#9916 = PRESENTATION_STYLE_ASSIGNMENT((#9917));
#9917 = SURFACE_STYLE_USAGE(.BOTH.,#9918);
#9918 = SURFACE_SIDE_STYLE('',(#9919));
#9919 = SURFACE_STYLE_FILL_AREA(#9920);
#9920 = FILL_AREA_STYLE('',(#9921));
#9921 = FILL_AREA_STYLE_COLOUR('',#9683);
#9922 = OVER_RIDING_STYLED_ITEM('overriding color',(#9923),#2567,#9658);
#9923 = PRESENTATION_STYLE_ASSIGNMENT((#9924));
#9924 = SURFACE_STYLE_USAGE(.BOTH.,#9925);
#9925 = SURFACE_SIDE_STYLE('',(#9926));
#9926 = SURFACE_STYLE_FILL_AREA(#9927);
#9927 = FILL_AREA_STYLE('',(#9928));
#9928 = FILL_AREA_STYLE_COLOUR('',#9683);
#9929 = OVER_RIDING_STYLED_ITEM('overriding color',(#9930),#2588,#9658);
#9930 = PRESENTATION_STYLE_ASSIGNMENT((#9931));
#9931 = SURFACE_STYLE_USAGE(.BOTH.,#9932);
#9932 = SURFACE_SIDE_STYLE('',(#9933));
#9933 = SURFACE_STYLE_FILL_AREA(#9934);
#9934 = FILL_AREA_STYLE('',(#9935));
#9935 = FILL_AREA_STYLE_COLOUR('',#9683);
#9936 = OVER_RIDING_STYLED_ITEM('overriding color',(#9937),#2609,#9658);
#9937 = PRESENTATION_STYLE_ASSIGNMENT((#9938));
#9938 = SURFACE_STYLE_USAGE(.BOTH.,#9939);
#9939 = SURFACE_SIDE_STYLE('',(#9940));
#9940 = SURFACE_STYLE_FILL_AREA(#9941);
#9941 = FILL_AREA_STYLE('',(#9942));
#9942 = FILL_AREA_STYLE_COLOUR('',#9683);
#9943 = OVER_RIDING_STYLED_ITEM('overriding color',(#9944),#2633,#9658);
#9944 = PRESENTATION_STYLE_ASSIGNMENT((#9945));
#9945 = SURFACE_STYLE_USAGE(.BOTH.,#9946);
#9946 = SURFACE_SIDE_STYLE('',(#9947));
#9947 = SURFACE_STYLE_FILL_AREA(#9948);
#9948 = FILL_AREA_STYLE('',(#9949));
#9949 = FILL_AREA_STYLE_COLOUR('',#9683);
#9950 = OVER_RIDING_STYLED_ITEM('overriding color',(#9951),#2652,#9658);
#9951 = PRESENTATION_STYLE_ASSIGNMENT((#9952));
#9952 = SURFACE_STYLE_USAGE(.BOTH.,#9953);
#9953 = SURFACE_SIDE_STYLE('',(#9954));
#9954 = SURFACE_STYLE_FILL_AREA(#9955);
#9955 = FILL_AREA_STYLE('',(#9956));
#9956 = FILL_AREA_STYLE_COLOUR('',#9683);
#9957 = OVER_RIDING_STYLED_ITEM('overriding color',(#9958),#2671,#9658);
#9958 = PRESENTATION_STYLE_ASSIGNMENT((#9959));
#9959 = SURFACE_STYLE_USAGE(.BOTH.,#9960);
#9960 = SURFACE_SIDE_STYLE('',(#9961));
#9961 = SURFACE_STYLE_FILL_AREA(#9962);
#9962 = FILL_AREA_STYLE('',(#9963));
#9963 = FILL_AREA_STYLE_COLOUR('',#9683);
#9964 = OVER_RIDING_STYLED_ITEM('overriding color',(#9965),#2690,#9658);
#9965 = PRESENTATION_STYLE_ASSIGNMENT((#9966));
#9966 = SURFACE_STYLE_USAGE(.BOTH.,#9967);
#9967 = SURFACE_SIDE_STYLE('',(#9968));
#9968 = SURFACE_STYLE_FILL_AREA(#9969);
#9969 = FILL_AREA_STYLE('',(#9970));
#9970 = FILL_AREA_STYLE_COLOUR('',#9683);
#9971 = OVER_RIDING_STYLED_ITEM('overriding color',(#9972),#2709,#9658);
#9972 = PRESENTATION_STYLE_ASSIGNMENT((#9973));
#9973 = SURFACE_STYLE_USAGE(.BOTH.,#9974);
#9974 = SURFACE_SIDE_STYLE('',(#9975));
#9975 = SURFACE_STYLE_FILL_AREA(#9976);
#9976 = FILL_AREA_STYLE('',(#9977));
#9977 = FILL_AREA_STYLE_COLOUR('',#9683);
#9978 = OVER_RIDING_STYLED_ITEM('overriding color',(#9979),#2730,#9658);
#9979 = PRESENTATION_STYLE_ASSIGNMENT((#9980));
#9980 = SURFACE_STYLE_USAGE(.BOTH.,#9981);
#9981 = SURFACE_SIDE_STYLE('',(#9982));
#9982 = SURFACE_STYLE_FILL_AREA(#9983);
#9983 = FILL_AREA_STYLE('',(#9984));
#9984 = FILL_AREA_STYLE_COLOUR('',#9683);
#9985 = OVER_RIDING_STYLED_ITEM('overriding color',(#9986),#2751,#9658);
#9986 = PRESENTATION_STYLE_ASSIGNMENT((#9987));
#9987 = SURFACE_STYLE_USAGE(.BOTH.,#9988);
#9988 = SURFACE_SIDE_STYLE('',(#9989));
#9989 = SURFACE_STYLE_FILL_AREA(#9990);
#9990 = FILL_AREA_STYLE('',(#9991));
#9991 = FILL_AREA_STYLE_COLOUR('',#9683);
#9992 = OVER_RIDING_STYLED_ITEM('overriding color',(#9993),#2765,#9658);
#9993 = PRESENTATION_STYLE_ASSIGNMENT((#9994));
#9994 = SURFACE_STYLE_USAGE(.BOTH.,#9995);
#9995 = SURFACE_SIDE_STYLE('',(#9996));
#9996 = SURFACE_STYLE_FILL_AREA(#9997);
#9997 = FILL_AREA_STYLE('',(#9998));
#9998 = FILL_AREA_STYLE_COLOUR('',#9675);
#9999 = OVER_RIDING_STYLED_ITEM('overriding color',(#10000),#2790,#9658
  );
#10000 = PRESENTATION_STYLE_ASSIGNMENT((#10001));
#10001 = SURFACE_STYLE_USAGE(.BOTH.,#10002);
#10002 = SURFACE_SIDE_STYLE('',(#10003));
#10003 = SURFACE_STYLE_FILL_AREA(#10004);
#10004 = FILL_AREA_STYLE('',(#10005));
#10005 = FILL_AREA_STYLE_COLOUR('',#9675);
#10006 = OVER_RIDING_STYLED_ITEM('overriding color',(#10007),#2800,#9658
  );
#10007 = PRESENTATION_STYLE_ASSIGNMENT((#10008));
#10008 = SURFACE_STYLE_USAGE(.BOTH.,#10009);
#10009 = SURFACE_SIDE_STYLE('',(#10010));
#10010 = SURFACE_STYLE_FILL_AREA(#10011);
#10011 = FILL_AREA_STYLE('',(#10012));
#10012 = FILL_AREA_STYLE_COLOUR('',#10013);
#10013 = COLOUR_RGB('',0.850980378684,0.850980378684,0.850980378684);
#10014 = OVER_RIDING_STYLED_ITEM('overriding color',(#10015),#2828,#9658
  );
#10015 = PRESENTATION_STYLE_ASSIGNMENT((#10016));
#10016 = SURFACE_STYLE_USAGE(.BOTH.,#10017);
#10017 = SURFACE_SIDE_STYLE('',(#10018));
#10018 = SURFACE_STYLE_FILL_AREA(#10019);
#10019 = FILL_AREA_STYLE('',(#10020));
#10020 = FILL_AREA_STYLE_COLOUR('',#10013);
#10021 = OVER_RIDING_STYLED_ITEM('overriding color',(#10022),#2850,#9658
  );
#10022 = PRESENTATION_STYLE_ASSIGNMENT((#10023));
#10023 = SURFACE_STYLE_USAGE(.BOTH.,#10024);
#10024 = SURFACE_SIDE_STYLE('',(#10025));
#10025 = SURFACE_STYLE_FILL_AREA(#10026);
#10026 = FILL_AREA_STYLE('',(#10027));
#10027 = FILL_AREA_STYLE_COLOUR('',#10013);
#10028 = OVER_RIDING_STYLED_ITEM('overriding color',(#10029),#2872,#9658
  );
#10029 = PRESENTATION_STYLE_ASSIGNMENT((#10030));
#10030 = SURFACE_STYLE_USAGE(.BOTH.,#10031);
#10031 = SURFACE_SIDE_STYLE('',(#10032));
#10032 = SURFACE_STYLE_FILL_AREA(#10033);
#10033 = FILL_AREA_STYLE('',(#10034));
#10034 = FILL_AREA_STYLE_COLOUR('',#10013);
#10035 = OVER_RIDING_STYLED_ITEM('overriding color',(#10036),#2894,#9658
  );
#10036 = PRESENTATION_STYLE_ASSIGNMENT((#10037));
#10037 = SURFACE_STYLE_USAGE(.BOTH.,#10038);
#10038 = SURFACE_SIDE_STYLE('',(#10039));
#10039 = SURFACE_STYLE_FILL_AREA(#10040);
#10040 = FILL_AREA_STYLE('',(#10041));
#10041 = FILL_AREA_STYLE_COLOUR('',#10013);
#10042 = OVER_RIDING_STYLED_ITEM('overriding color',(#10043),#2916,#9658
  );
#10043 = PRESENTATION_STYLE_ASSIGNMENT((#10044));
#10044 = SURFACE_STYLE_USAGE(.BOTH.,#10045);
#10045 = SURFACE_SIDE_STYLE('',(#10046));
#10046 = SURFACE_STYLE_FILL_AREA(#10047);
#10047 = FILL_AREA_STYLE('',(#10048));
#10048 = FILL_AREA_STYLE_COLOUR('',#10013);
#10049 = OVER_RIDING_STYLED_ITEM('overriding color',(#10050),#2932,#9658
  );
#10050 = PRESENTATION_STYLE_ASSIGNMENT((#10051));
#10051 = SURFACE_STYLE_USAGE(.BOTH.,#10052);
#10052 = SURFACE_SIDE_STYLE('',(#10053));
#10053 = SURFACE_STYLE_FILL_AREA(#10054);
#10054 = FILL_AREA_STYLE('',(#10055));
#10055 = FILL_AREA_STYLE_COLOUR('',#10013);
#10056 = OVER_RIDING_STYLED_ITEM('overriding color',(#10057),#2946,#9658
  );
#10057 = PRESENTATION_STYLE_ASSIGNMENT((#10058));
#10058 = SURFACE_STYLE_USAGE(.BOTH.,#10059);
#10059 = SURFACE_SIDE_STYLE('',(#10060));
#10060 = SURFACE_STYLE_FILL_AREA(#10061);
#10061 = FILL_AREA_STYLE('',(#10062));
#10062 = FILL_AREA_STYLE_COLOUR('',#10013);
#10063 = OVER_RIDING_STYLED_ITEM('overriding color',(#10064),#2980,#9658
  );
#10064 = PRESENTATION_STYLE_ASSIGNMENT((#10065));
#10065 = SURFACE_STYLE_USAGE(.BOTH.,#10066);
#10066 = SURFACE_SIDE_STYLE('',(#10067));
#10067 = SURFACE_STYLE_FILL_AREA(#10068);
#10068 = FILL_AREA_STYLE('',(#10069));
#10069 = FILL_AREA_STYLE_COLOUR('',#10013);
#10070 = OVER_RIDING_STYLED_ITEM('overriding color',(#10071),#3002,#9658
  );
#10071 = PRESENTATION_STYLE_ASSIGNMENT((#10072));
#10072 = SURFACE_STYLE_USAGE(.BOTH.,#10073);
#10073 = SURFACE_SIDE_STYLE('',(#10074));
#10074 = SURFACE_STYLE_FILL_AREA(#10075);
#10075 = FILL_AREA_STYLE('',(#10076));
#10076 = FILL_AREA_STYLE_COLOUR('',#10013);
#10077 = OVER_RIDING_STYLED_ITEM('overriding color',(#10078),#3030,#9658
  );
#10078 = PRESENTATION_STYLE_ASSIGNMENT((#10079));
#10079 = SURFACE_STYLE_USAGE(.BOTH.,#10080);
#10080 = SURFACE_SIDE_STYLE('',(#10081));
#10081 = SURFACE_STYLE_FILL_AREA(#10082);
#10082 = FILL_AREA_STYLE('',(#10083));
#10083 = FILL_AREA_STYLE_COLOUR('',#10013);
#10084 = OVER_RIDING_STYLED_ITEM('overriding color',(#10085),#3058,#9658
  );
#10085 = PRESENTATION_STYLE_ASSIGNMENT((#10086));
#10086 = SURFACE_STYLE_USAGE(.BOTH.,#10087);
#10087 = SURFACE_SIDE_STYLE('',(#10088));
#10088 = SURFACE_STYLE_FILL_AREA(#10089);
#10089 = FILL_AREA_STYLE('',(#10090));
#10090 = FILL_AREA_STYLE_COLOUR('',#10013);
#10091 = OVER_RIDING_STYLED_ITEM('overriding color',(#10092),#3086,#9658
  );
#10092 = PRESENTATION_STYLE_ASSIGNMENT((#10093));
#10093 = SURFACE_STYLE_USAGE(.BOTH.,#10094);
#10094 = SURFACE_SIDE_STYLE('',(#10095));
#10095 = SURFACE_STYLE_FILL_AREA(#10096);
#10096 = FILL_AREA_STYLE('',(#10097));
#10097 = FILL_AREA_STYLE_COLOUR('',#10013);
#10098 = OVER_RIDING_STYLED_ITEM('overriding color',(#10099),#3114,#9658
  );
#10099 = PRESENTATION_STYLE_ASSIGNMENT((#10100));
#10100 = SURFACE_STYLE_USAGE(.BOTH.,#10101);
#10101 = SURFACE_SIDE_STYLE('',(#10102));
#10102 = SURFACE_STYLE_FILL_AREA(#10103);
#10103 = FILL_AREA_STYLE('',(#10104));
#10104 = FILL_AREA_STYLE_COLOUR('',#10013);
#10105 = OVER_RIDING_STYLED_ITEM('overriding color',(#10106),#3142,#9658
  );
#10106 = PRESENTATION_STYLE_ASSIGNMENT((#10107));
#10107 = SURFACE_STYLE_USAGE(.BOTH.,#10108);
#10108 = SURFACE_SIDE_STYLE('',(#10109));
#10109 = SURFACE_STYLE_FILL_AREA(#10110);
#10110 = FILL_AREA_STYLE('',(#10111));
#10111 = FILL_AREA_STYLE_COLOUR('',#10013);
#10112 = OVER_RIDING_STYLED_ITEM('overriding color',(#10113),#3170,#9658
  );
#10113 = PRESENTATION_STYLE_ASSIGNMENT((#10114));
#10114 = SURFACE_STYLE_USAGE(.BOTH.,#10115);
#10115 = SURFACE_SIDE_STYLE('',(#10116));
#10116 = SURFACE_STYLE_FILL_AREA(#10117);
#10117 = FILL_AREA_STYLE('',(#10118));
#10118 = FILL_AREA_STYLE_COLOUR('',#10013);
#10119 = OVER_RIDING_STYLED_ITEM('overriding color',(#10120),#3192,#9658
  );
#10120 = PRESENTATION_STYLE_ASSIGNMENT((#10121));
#10121 = SURFACE_STYLE_USAGE(.BOTH.,#10122);
#10122 = SURFACE_SIDE_STYLE('',(#10123));
#10123 = SURFACE_STYLE_FILL_AREA(#10124);
#10124 = FILL_AREA_STYLE('',(#10125));
#10125 = FILL_AREA_STYLE_COLOUR('',#10013);
#10126 = OVER_RIDING_STYLED_ITEM('overriding color',(#10127),#3220,#9658
  );
#10127 = PRESENTATION_STYLE_ASSIGNMENT((#10128));
#10128 = SURFACE_STYLE_USAGE(.BOTH.,#10129);
#10129 = SURFACE_SIDE_STYLE('',(#10130));
#10130 = SURFACE_STYLE_FILL_AREA(#10131);
#10131 = FILL_AREA_STYLE('',(#10132));
#10132 = FILL_AREA_STYLE_COLOUR('',#10013);
#10133 = OVER_RIDING_STYLED_ITEM('overriding color',(#10134),#3248,#9658
  );
#10134 = PRESENTATION_STYLE_ASSIGNMENT((#10135));
#10135 = SURFACE_STYLE_USAGE(.BOTH.,#10136);
#10136 = SURFACE_SIDE_STYLE('',(#10137));
#10137 = SURFACE_STYLE_FILL_AREA(#10138);
#10138 = FILL_AREA_STYLE('',(#10139));
#10139 = FILL_AREA_STYLE_COLOUR('',#10013);
#10140 = OVER_RIDING_STYLED_ITEM('overriding color',(#10141),#3276,#9658
  );
#10141 = PRESENTATION_STYLE_ASSIGNMENT((#10142));
#10142 = SURFACE_STYLE_USAGE(.BOTH.,#10143);
#10143 = SURFACE_SIDE_STYLE('',(#10144));
#10144 = SURFACE_STYLE_FILL_AREA(#10145);
#10145 = FILL_AREA_STYLE('',(#10146));
#10146 = FILL_AREA_STYLE_COLOUR('',#10013);
#10147 = OVER_RIDING_STYLED_ITEM('overriding color',(#10148),#3304,#9658
  );
#10148 = PRESENTATION_STYLE_ASSIGNMENT((#10149));
#10149 = SURFACE_STYLE_USAGE(.BOTH.,#10150);
#10150 = SURFACE_SIDE_STYLE('',(#10151));
#10151 = SURFACE_STYLE_FILL_AREA(#10152);
#10152 = FILL_AREA_STYLE('',(#10153));
#10153 = FILL_AREA_STYLE_COLOUR('',#10013);
#10154 = OVER_RIDING_STYLED_ITEM('overriding color',(#10155),#3326,#9658
  );
#10155 = PRESENTATION_STYLE_ASSIGNMENT((#10156));
#10156 = SURFACE_STYLE_USAGE(.BOTH.,#10157);
#10157 = SURFACE_SIDE_STYLE('',(#10158));
#10158 = SURFACE_STYLE_FILL_AREA(#10159);
#10159 = FILL_AREA_STYLE('',(#10160));
#10160 = FILL_AREA_STYLE_COLOUR('',#10013);
#10161 = OVER_RIDING_STYLED_ITEM('overriding color',(#10162),#3348,#9658
  );
#10162 = PRESENTATION_STYLE_ASSIGNMENT((#10163));
#10163 = SURFACE_STYLE_USAGE(.BOTH.,#10164);
#10164 = SURFACE_SIDE_STYLE('',(#10165));
#10165 = SURFACE_STYLE_FILL_AREA(#10166);
#10166 = FILL_AREA_STYLE('',(#10167));
#10167 = FILL_AREA_STYLE_COLOUR('',#10013);
#10168 = OVER_RIDING_STYLED_ITEM('overriding color',(#10169),#3376,#9658
  );
#10169 = PRESENTATION_STYLE_ASSIGNMENT((#10170));
#10170 = SURFACE_STYLE_USAGE(.BOTH.,#10171);
#10171 = SURFACE_SIDE_STYLE('',(#10172));
#10172 = SURFACE_STYLE_FILL_AREA(#10173);
#10173 = FILL_AREA_STYLE('',(#10174));
#10174 = FILL_AREA_STYLE_COLOUR('',#10013);
#10175 = OVER_RIDING_STYLED_ITEM('overriding color',(#10176),#3398,#9658
  );
#10176 = PRESENTATION_STYLE_ASSIGNMENT((#10177));
#10177 = SURFACE_STYLE_USAGE(.BOTH.,#10178);
#10178 = SURFACE_SIDE_STYLE('',(#10179));
#10179 = SURFACE_STYLE_FILL_AREA(#10180);
#10180 = FILL_AREA_STYLE('',(#10181));
#10181 = FILL_AREA_STYLE_COLOUR('',#10013);
#10182 = OVER_RIDING_STYLED_ITEM('overriding color',(#10183),#3420,#9658
  );
#10183 = PRESENTATION_STYLE_ASSIGNMENT((#10184));
#10184 = SURFACE_STYLE_USAGE(.BOTH.,#10185);
#10185 = SURFACE_SIDE_STYLE('',(#10186));
#10186 = SURFACE_STYLE_FILL_AREA(#10187);
#10187 = FILL_AREA_STYLE('',(#10188));
#10188 = FILL_AREA_STYLE_COLOUR('',#10013);
#10189 = OVER_RIDING_STYLED_ITEM('overriding color',(#10190),#3442,#9658
  );
#10190 = PRESENTATION_STYLE_ASSIGNMENT((#10191));
#10191 = SURFACE_STYLE_USAGE(.BOTH.,#10192);
#10192 = SURFACE_SIDE_STYLE('',(#10193));
#10193 = SURFACE_STYLE_FILL_AREA(#10194);
#10194 = FILL_AREA_STYLE('',(#10195));
#10195 = FILL_AREA_STYLE_COLOUR('',#10013);
#10196 = OVER_RIDING_STYLED_ITEM('overriding color',(#10197),#3464,#9658
  );
#10197 = PRESENTATION_STYLE_ASSIGNMENT((#10198));
#10198 = SURFACE_STYLE_USAGE(.BOTH.,#10199);
#10199 = SURFACE_SIDE_STYLE('',(#10200));
#10200 = SURFACE_STYLE_FILL_AREA(#10201);
#10201 = FILL_AREA_STYLE('',(#10202));
#10202 = FILL_AREA_STYLE_COLOUR('',#10013);
#10203 = OVER_RIDING_STYLED_ITEM('overriding color',(#10204),#3486,#9658
  );
#10204 = PRESENTATION_STYLE_ASSIGNMENT((#10205));
#10205 = SURFACE_STYLE_USAGE(.BOTH.,#10206);
#10206 = SURFACE_SIDE_STYLE('',(#10207));
#10207 = SURFACE_STYLE_FILL_AREA(#10208);
#10208 = FILL_AREA_STYLE('',(#10209));
#10209 = FILL_AREA_STYLE_COLOUR('',#10013);
#10210 = OVER_RIDING_STYLED_ITEM('overriding color',(#10211),#3508,#9658
  );
#10211 = PRESENTATION_STYLE_ASSIGNMENT((#10212));
#10212 = SURFACE_STYLE_USAGE(.BOTH.,#10213);
#10213 = SURFACE_SIDE_STYLE('',(#10214));
#10214 = SURFACE_STYLE_FILL_AREA(#10215);
#10215 = FILL_AREA_STYLE('',(#10216));
#10216 = FILL_AREA_STYLE_COLOUR('',#10013);
#10217 = OVER_RIDING_STYLED_ITEM('overriding color',(#10218),#3530,#9658
  );
#10218 = PRESENTATION_STYLE_ASSIGNMENT((#10219));
#10219 = SURFACE_STYLE_USAGE(.BOTH.,#10220);
#10220 = SURFACE_SIDE_STYLE('',(#10221));
#10221 = SURFACE_STYLE_FILL_AREA(#10222);
#10222 = FILL_AREA_STYLE('',(#10223));
#10223 = FILL_AREA_STYLE_COLOUR('',#10013);
#10224 = OVER_RIDING_STYLED_ITEM('overriding color',(#10225),#3552,#9658
  );
#10225 = PRESENTATION_STYLE_ASSIGNMENT((#10226));
#10226 = SURFACE_STYLE_USAGE(.BOTH.,#10227);
#10227 = SURFACE_SIDE_STYLE('',(#10228));
#10228 = SURFACE_STYLE_FILL_AREA(#10229);
#10229 = FILL_AREA_STYLE('',(#10230));
#10230 = FILL_AREA_STYLE_COLOUR('',#10013);
#10231 = OVER_RIDING_STYLED_ITEM('overriding color',(#10232),#3574,#9658
  );
#10232 = PRESENTATION_STYLE_ASSIGNMENT((#10233));
#10233 = SURFACE_STYLE_USAGE(.BOTH.,#10234);
#10234 = SURFACE_SIDE_STYLE('',(#10235));
#10235 = SURFACE_STYLE_FILL_AREA(#10236);
#10236 = FILL_AREA_STYLE('',(#10237));
#10237 = FILL_AREA_STYLE_COLOUR('',#10013);
#10238 = OVER_RIDING_STYLED_ITEM('overriding color',(#10239),#3596,#9658
  );
#10239 = PRESENTATION_STYLE_ASSIGNMENT((#10240));
#10240 = SURFACE_STYLE_USAGE(.BOTH.,#10241);
#10241 = SURFACE_SIDE_STYLE('',(#10242));
#10242 = SURFACE_STYLE_FILL_AREA(#10243);
#10243 = FILL_AREA_STYLE('',(#10244));
#10244 = FILL_AREA_STYLE_COLOUR('',#10013);
#10245 = OVER_RIDING_STYLED_ITEM('overriding color',(#10246),#3612,#9658
  );
#10246 = PRESENTATION_STYLE_ASSIGNMENT((#10247));
#10247 = SURFACE_STYLE_USAGE(.BOTH.,#10248);
#10248 = SURFACE_SIDE_STYLE('',(#10249));
#10249 = SURFACE_STYLE_FILL_AREA(#10250);
#10250 = FILL_AREA_STYLE('',(#10251));
#10251 = FILL_AREA_STYLE_COLOUR('',#10013);
#10252 = OVER_RIDING_STYLED_ITEM('overriding color',(#10253),#3632,#9658
  );
#10253 = PRESENTATION_STYLE_ASSIGNMENT((#10254));
#10254 = SURFACE_STYLE_USAGE(.BOTH.,#10255);
#10255 = SURFACE_SIDE_STYLE('',(#10256));
#10256 = SURFACE_STYLE_FILL_AREA(#10257);
#10257 = FILL_AREA_STYLE('',(#10258));
#10258 = FILL_AREA_STYLE_COLOUR('',#10013);
#10259 = OVER_RIDING_STYLED_ITEM('overriding color',(#10260),#3756,#9658
  );
#10260 = PRESENTATION_STYLE_ASSIGNMENT((#10261));
#10261 = SURFACE_STYLE_USAGE(.BOTH.,#10262);
#10262 = SURFACE_SIDE_STYLE('',(#10263));
#10263 = SURFACE_STYLE_FILL_AREA(#10264);
#10264 = FILL_AREA_STYLE('',(#10265));
#10265 = FILL_AREA_STYLE_COLOUR('',#10013);
#10266 = OVER_RIDING_STYLED_ITEM('overriding color',(#10267),#3776,#9658
  );
#10267 = PRESENTATION_STYLE_ASSIGNMENT((#10268));
#10268 = SURFACE_STYLE_USAGE(.BOTH.,#10269);
#10269 = SURFACE_SIDE_STYLE('',(#10270));
#10270 = SURFACE_STYLE_FILL_AREA(#10271);
#10271 = FILL_AREA_STYLE('',(#10272));
#10272 = FILL_AREA_STYLE_COLOUR('',#10013);
#10273 = OVER_RIDING_STYLED_ITEM('overriding color',(#10274),#3796,#9658
  );
#10274 = PRESENTATION_STYLE_ASSIGNMENT((#10275));
#10275 = SURFACE_STYLE_USAGE(.BOTH.,#10276);
#10276 = SURFACE_SIDE_STYLE('',(#10277));
#10277 = SURFACE_STYLE_FILL_AREA(#10278);
#10278 = FILL_AREA_STYLE('',(#10279));
#10279 = FILL_AREA_STYLE_COLOUR('',#10013);
#10280 = OVER_RIDING_STYLED_ITEM('overriding color',(#10281),#3816,#9658
  );
#10281 = PRESENTATION_STYLE_ASSIGNMENT((#10282));
#10282 = SURFACE_STYLE_USAGE(.BOTH.,#10283);
#10283 = SURFACE_SIDE_STYLE('',(#10284));
#10284 = SURFACE_STYLE_FILL_AREA(#10285);
#10285 = FILL_AREA_STYLE('',(#10286));
#10286 = FILL_AREA_STYLE_COLOUR('',#10013);
#10287 = OVER_RIDING_STYLED_ITEM('overriding color',(#10288),#3836,#9658
  );
#10288 = PRESENTATION_STYLE_ASSIGNMENT((#10289));
#10289 = SURFACE_STYLE_USAGE(.BOTH.,#10290);
#10290 = SURFACE_SIDE_STYLE('',(#10291));
#10291 = SURFACE_STYLE_FILL_AREA(#10292);
#10292 = FILL_AREA_STYLE('',(#10293));
#10293 = FILL_AREA_STYLE_COLOUR('',#10013);
#10294 = OVER_RIDING_STYLED_ITEM('overriding color',(#10295),#3856,#9658
  );
#10295 = PRESENTATION_STYLE_ASSIGNMENT((#10296));
#10296 = SURFACE_STYLE_USAGE(.BOTH.,#10297);
#10297 = SURFACE_SIDE_STYLE('',(#10298));
#10298 = SURFACE_STYLE_FILL_AREA(#10299);
#10299 = FILL_AREA_STYLE('',(#10300));
#10300 = FILL_AREA_STYLE_COLOUR('',#10013);
#10301 = OVER_RIDING_STYLED_ITEM('overriding color',(#10302),#3872,#9658
  );
#10302 = PRESENTATION_STYLE_ASSIGNMENT((#10303));
#10303 = SURFACE_STYLE_USAGE(.BOTH.,#10304);
#10304 = SURFACE_SIDE_STYLE('',(#10305));
#10305 = SURFACE_STYLE_FILL_AREA(#10306);
#10306 = FILL_AREA_STYLE('',(#10307));
#10307 = FILL_AREA_STYLE_COLOUR('',#10013);
#10308 = OVER_RIDING_STYLED_ITEM('overriding color',(#10309),#3884,#9658
  );
#10309 = PRESENTATION_STYLE_ASSIGNMENT((#10310));
#10310 = SURFACE_STYLE_USAGE(.BOTH.,#10311);
#10311 = SURFACE_SIDE_STYLE('',(#10312));
#10312 = SURFACE_STYLE_FILL_AREA(#10313);
#10313 = FILL_AREA_STYLE('',(#10314));
#10314 = FILL_AREA_STYLE_COLOUR('',#10013);
#10315 = OVER_RIDING_STYLED_ITEM('overriding color',(#10316),#3912,#9658
  );
#10316 = PRESENTATION_STYLE_ASSIGNMENT((#10317));
#10317 = SURFACE_STYLE_USAGE(.BOTH.,#10318);
#10318 = SURFACE_SIDE_STYLE('',(#10319));
#10319 = SURFACE_STYLE_FILL_AREA(#10320);
#10320 = FILL_AREA_STYLE('',(#10321));
#10321 = FILL_AREA_STYLE_COLOUR('',#10013);
#10322 = OVER_RIDING_STYLED_ITEM('overriding color',(#10323),#3934,#9658
  );
#10323 = PRESENTATION_STYLE_ASSIGNMENT((#10324));
#10324 = SURFACE_STYLE_USAGE(.BOTH.,#10325);
#10325 = SURFACE_SIDE_STYLE('',(#10326));
#10326 = SURFACE_STYLE_FILL_AREA(#10327);
#10327 = FILL_AREA_STYLE('',(#10328));
#10328 = FILL_AREA_STYLE_COLOUR('',#10013);
#10329 = OVER_RIDING_STYLED_ITEM('overriding color',(#10330),#3956,#9658
  );
#10330 = PRESENTATION_STYLE_ASSIGNMENT((#10331));
#10331 = SURFACE_STYLE_USAGE(.BOTH.,#10332);
#10332 = SURFACE_SIDE_STYLE('',(#10333));
#10333 = SURFACE_STYLE_FILL_AREA(#10334);
#10334 = FILL_AREA_STYLE('',(#10335));
#10335 = FILL_AREA_STYLE_COLOUR('',#10013);
#10336 = OVER_RIDING_STYLED_ITEM('overriding color',(#10337),#3984,#9658
  );
#10337 = PRESENTATION_STYLE_ASSIGNMENT((#10338));
#10338 = SURFACE_STYLE_USAGE(.BOTH.,#10339);
#10339 = SURFACE_SIDE_STYLE('',(#10340));
#10340 = SURFACE_STYLE_FILL_AREA(#10341);
#10341 = FILL_AREA_STYLE('',(#10342));
#10342 = FILL_AREA_STYLE_COLOUR('',#10013);
#10343 = OVER_RIDING_STYLED_ITEM('overriding color',(#10344),#4012,#9658
  );
#10344 = PRESENTATION_STYLE_ASSIGNMENT((#10345));
#10345 = SURFACE_STYLE_USAGE(.BOTH.,#10346);
#10346 = SURFACE_SIDE_STYLE('',(#10347));
#10347 = SURFACE_STYLE_FILL_AREA(#10348);
#10348 = FILL_AREA_STYLE('',(#10349));
#10349 = FILL_AREA_STYLE_COLOUR('',#10013);
#10350 = OVER_RIDING_STYLED_ITEM('overriding color',(#10351),#4040,#9658
  );
#10351 = PRESENTATION_STYLE_ASSIGNMENT((#10352));
#10352 = SURFACE_STYLE_USAGE(.BOTH.,#10353);
#10353 = SURFACE_SIDE_STYLE('',(#10354));
#10354 = SURFACE_STYLE_FILL_AREA(#10355);
#10355 = FILL_AREA_STYLE('',(#10356));
#10356 = FILL_AREA_STYLE_COLOUR('',#10013);
#10357 = OVER_RIDING_STYLED_ITEM('overriding color',(#10358),#4062,#9658
  );
#10358 = PRESENTATION_STYLE_ASSIGNMENT((#10359));
#10359 = SURFACE_STYLE_USAGE(.BOTH.,#10360);
#10360 = SURFACE_SIDE_STYLE('',(#10361));
#10361 = SURFACE_STYLE_FILL_AREA(#10362);
#10362 = FILL_AREA_STYLE('',(#10363));
#10363 = FILL_AREA_STYLE_COLOUR('',#9683);
#10364 = OVER_RIDING_STYLED_ITEM('overriding color',(#10365),#4077,#9658
  );
#10365 = PRESENTATION_STYLE_ASSIGNMENT((#10366));
#10366 = SURFACE_STYLE_USAGE(.BOTH.,#10367);
#10367 = SURFACE_SIDE_STYLE('',(#10368));
#10368 = SURFACE_STYLE_FILL_AREA(#10369);
#10369 = FILL_AREA_STYLE('',(#10370));
#10370 = FILL_AREA_STYLE_COLOUR('',#10013);
#10371 = OVER_RIDING_STYLED_ITEM('overriding color',(#10372),#4189,#9658
  );
#10372 = PRESENTATION_STYLE_ASSIGNMENT((#10373));
#10373 = SURFACE_STYLE_USAGE(.BOTH.,#10374);
#10374 = SURFACE_SIDE_STYLE('',(#10375));
#10375 = SURFACE_STYLE_FILL_AREA(#10376);
#10376 = FILL_AREA_STYLE('',(#10377));
#10377 = FILL_AREA_STYLE_COLOUR('',#10013);
#10378 = OVER_RIDING_STYLED_ITEM('overriding color',(#10379),#4209,#9658
  );
#10379 = PRESENTATION_STYLE_ASSIGNMENT((#10380));
#10380 = SURFACE_STYLE_USAGE(.BOTH.,#10381);
#10381 = SURFACE_SIDE_STYLE('',(#10382));
#10382 = SURFACE_STYLE_FILL_AREA(#10383);
#10383 = FILL_AREA_STYLE('',(#10384));
#10384 = FILL_AREA_STYLE_COLOUR('',#10013);
#10385 = OVER_RIDING_STYLED_ITEM('overriding color',(#10386),#4225,#9658
  );
#10386 = PRESENTATION_STYLE_ASSIGNMENT((#10387));
#10387 = SURFACE_STYLE_USAGE(.BOTH.,#10388);
#10388 = SURFACE_SIDE_STYLE('',(#10389));
#10389 = SURFACE_STYLE_FILL_AREA(#10390);
#10390 = FILL_AREA_STYLE('',(#10391));
#10391 = FILL_AREA_STYLE_COLOUR('',#10013);
#10392 = OVER_RIDING_STYLED_ITEM('overriding color',(#10393),#4241,#9658
  );
#10393 = PRESENTATION_STYLE_ASSIGNMENT((#10394));
#10394 = SURFACE_STYLE_USAGE(.BOTH.,#10395);
#10395 = SURFACE_SIDE_STYLE('',(#10396));
#10396 = SURFACE_STYLE_FILL_AREA(#10397);
#10397 = FILL_AREA_STYLE('',(#10398));
#10398 = FILL_AREA_STYLE_COLOUR('',#10013);
#10399 = OVER_RIDING_STYLED_ITEM('overriding color',(#10400),#4257,#9658
  );
#10400 = PRESENTATION_STYLE_ASSIGNMENT((#10401));
#10401 = SURFACE_STYLE_USAGE(.BOTH.,#10402);
#10402 = SURFACE_SIDE_STYLE('',(#10403));
#10403 = SURFACE_STYLE_FILL_AREA(#10404);
#10404 = FILL_AREA_STYLE('',(#10405));
#10405 = FILL_AREA_STYLE_COLOUR('',#10013);
#10406 = OVER_RIDING_STYLED_ITEM('overriding color',(#10407),#4273,#9658
  );
#10407 = PRESENTATION_STYLE_ASSIGNMENT((#10408));
#10408 = SURFACE_STYLE_USAGE(.BOTH.,#10409);
#10409 = SURFACE_SIDE_STYLE('',(#10410));
#10410 = SURFACE_STYLE_FILL_AREA(#10411);
#10411 = FILL_AREA_STYLE('',(#10412));
#10412 = FILL_AREA_STYLE_COLOUR('',#10013);
#10413 = OVER_RIDING_STYLED_ITEM('overriding color',(#10414),#4289,#9658
  );
#10414 = PRESENTATION_STYLE_ASSIGNMENT((#10415));
#10415 = SURFACE_STYLE_USAGE(.BOTH.,#10416);
#10416 = SURFACE_SIDE_STYLE('',(#10417));
#10417 = SURFACE_STYLE_FILL_AREA(#10418);
#10418 = FILL_AREA_STYLE('',(#10419));
#10419 = FILL_AREA_STYLE_COLOUR('',#10013);
#10420 = OVER_RIDING_STYLED_ITEM('overriding color',(#10421),#4305,#9658
  );
#10421 = PRESENTATION_STYLE_ASSIGNMENT((#10422));
#10422 = SURFACE_STYLE_USAGE(.BOTH.,#10423);
#10423 = SURFACE_SIDE_STYLE('',(#10424));
#10424 = SURFACE_STYLE_FILL_AREA(#10425);
#10425 = FILL_AREA_STYLE('',(#10426));
#10426 = FILL_AREA_STYLE_COLOUR('',#10013);
#10427 = OVER_RIDING_STYLED_ITEM('overriding color',(#10428),#4317,#9658
  );
#10428 = PRESENTATION_STYLE_ASSIGNMENT((#10429));
#10429 = SURFACE_STYLE_USAGE(.BOTH.,#10430);
#10430 = SURFACE_SIDE_STYLE('',(#10431));
#10431 = SURFACE_STYLE_FILL_AREA(#10432);
#10432 = FILL_AREA_STYLE('',(#10433));
#10433 = FILL_AREA_STYLE_COLOUR('',#10013);
#10434 = OVER_RIDING_STYLED_ITEM('overriding color',(#10435),#4345,#9658
  );
#10435 = PRESENTATION_STYLE_ASSIGNMENT((#10436));
#10436 = SURFACE_STYLE_USAGE(.BOTH.,#10437);
#10437 = SURFACE_SIDE_STYLE('',(#10438));
#10438 = SURFACE_STYLE_FILL_AREA(#10439);
#10439 = FILL_AREA_STYLE('',(#10440));
#10440 = FILL_AREA_STYLE_COLOUR('',#10013);
#10441 = OVER_RIDING_STYLED_ITEM('overriding color',(#10442),#4367,#9658
  );
#10442 = PRESENTATION_STYLE_ASSIGNMENT((#10443));
#10443 = SURFACE_STYLE_USAGE(.BOTH.,#10444);
#10444 = SURFACE_SIDE_STYLE('',(#10445));
#10445 = SURFACE_STYLE_FILL_AREA(#10446);
#10446 = FILL_AREA_STYLE('',(#10447));
#10447 = FILL_AREA_STYLE_COLOUR('',#10013);
#10448 = OVER_RIDING_STYLED_ITEM('overriding color',(#10449),#4395,#9658
  );
#10449 = PRESENTATION_STYLE_ASSIGNMENT((#10450));
#10450 = SURFACE_STYLE_USAGE(.BOTH.,#10451);
#10451 = SURFACE_SIDE_STYLE('',(#10452));
#10452 = SURFACE_STYLE_FILL_AREA(#10453);
#10453 = FILL_AREA_STYLE('',(#10454));
#10454 = FILL_AREA_STYLE_COLOUR('',#10013);
#10455 = OVER_RIDING_STYLED_ITEM('overriding color',(#10456),#4417,#9658
  );
#10456 = PRESENTATION_STYLE_ASSIGNMENT((#10457));
#10457 = SURFACE_STYLE_USAGE(.BOTH.,#10458);
#10458 = SURFACE_SIDE_STYLE('',(#10459));
#10459 = SURFACE_STYLE_FILL_AREA(#10460);
#10460 = FILL_AREA_STYLE('',(#10461));
#10461 = FILL_AREA_STYLE_COLOUR('',#10013);
#10462 = OVER_RIDING_STYLED_ITEM('overriding color',(#10463),#4445,#9658
  );
#10463 = PRESENTATION_STYLE_ASSIGNMENT((#10464));
#10464 = SURFACE_STYLE_USAGE(.BOTH.,#10465);
#10465 = SURFACE_SIDE_STYLE('',(#10466));
#10466 = SURFACE_STYLE_FILL_AREA(#10467);
#10467 = FILL_AREA_STYLE('',(#10468));
#10468 = FILL_AREA_STYLE_COLOUR('',#10013);
#10469 = OVER_RIDING_STYLED_ITEM('overriding color',(#10470),#4461,#9658
  );
#10470 = PRESENTATION_STYLE_ASSIGNMENT((#10471));
#10471 = SURFACE_STYLE_USAGE(.BOTH.,#10472);
#10472 = SURFACE_SIDE_STYLE('',(#10473));
#10473 = SURFACE_STYLE_FILL_AREA(#10474);
#10474 = FILL_AREA_STYLE('',(#10475));
#10475 = FILL_AREA_STYLE_COLOUR('',#9683);
#10476 = OVER_RIDING_STYLED_ITEM('overriding color',(#10477),#4475,#9658
  );
#10477 = PRESENTATION_STYLE_ASSIGNMENT((#10478));
#10478 = SURFACE_STYLE_USAGE(.BOTH.,#10479);
#10479 = SURFACE_SIDE_STYLE('',(#10480));
#10480 = SURFACE_STYLE_FILL_AREA(#10481);
#10481 = FILL_AREA_STYLE('',(#10482));
#10482 = FILL_AREA_STYLE_COLOUR('',#10013);
#10483 = OVER_RIDING_STYLED_ITEM('overriding color',(#10484),#4503,#9658
  );
#10484 = PRESENTATION_STYLE_ASSIGNMENT((#10485));
#10485 = SURFACE_STYLE_USAGE(.BOTH.,#10486);
#10486 = SURFACE_SIDE_STYLE('',(#10487));
#10487 = SURFACE_STYLE_FILL_AREA(#10488);
#10488 = FILL_AREA_STYLE('',(#10489));
#10489 = FILL_AREA_STYLE_COLOUR('',#10013);
#10490 = OVER_RIDING_STYLED_ITEM('overriding color',(#10491),#4525,#9658
  );
#10491 = PRESENTATION_STYLE_ASSIGNMENT((#10492));
#10492 = SURFACE_STYLE_USAGE(.BOTH.,#10493);
#10493 = SURFACE_SIDE_STYLE('',(#10494));
#10494 = SURFACE_STYLE_FILL_AREA(#10495);
#10495 = FILL_AREA_STYLE('',(#10496));
#10496 = FILL_AREA_STYLE_COLOUR('',#10013);
#10497 = OVER_RIDING_STYLED_ITEM('overriding color',(#10498),#4547,#9658
  );
#10498 = PRESENTATION_STYLE_ASSIGNMENT((#10499));
#10499 = SURFACE_STYLE_USAGE(.BOTH.,#10500);
#10500 = SURFACE_SIDE_STYLE('',(#10501));
#10501 = SURFACE_STYLE_FILL_AREA(#10502);
#10502 = FILL_AREA_STYLE('',(#10503));
#10503 = FILL_AREA_STYLE_COLOUR('',#10013);
#10504 = OVER_RIDING_STYLED_ITEM('overriding color',(#10505),#4569,#9658
  );
#10505 = PRESENTATION_STYLE_ASSIGNMENT((#10506));
#10506 = SURFACE_STYLE_USAGE(.BOTH.,#10507);
#10507 = SURFACE_SIDE_STYLE('',(#10508));
#10508 = SURFACE_STYLE_FILL_AREA(#10509);
#10509 = FILL_AREA_STYLE('',(#10510));
#10510 = FILL_AREA_STYLE_COLOUR('',#10013);
#10511 = OVER_RIDING_STYLED_ITEM('overriding color',(#10512),#4591,#9658
  );
#10512 = PRESENTATION_STYLE_ASSIGNMENT((#10513));
#10513 = SURFACE_STYLE_USAGE(.BOTH.,#10514);
#10514 = SURFACE_SIDE_STYLE('',(#10515));
#10515 = SURFACE_STYLE_FILL_AREA(#10516);
#10516 = FILL_AREA_STYLE('',(#10517));
#10517 = FILL_AREA_STYLE_COLOUR('',#10013);
#10518 = OVER_RIDING_STYLED_ITEM('overriding color',(#10519),#4613,#9658
  );
#10519 = PRESENTATION_STYLE_ASSIGNMENT((#10520));
#10520 = SURFACE_STYLE_USAGE(.BOTH.,#10521);
#10521 = SURFACE_SIDE_STYLE('',(#10522));
#10522 = SURFACE_STYLE_FILL_AREA(#10523);
#10523 = FILL_AREA_STYLE('',(#10524));
#10524 = FILL_AREA_STYLE_COLOUR('',#10013);
#10525 = OVER_RIDING_STYLED_ITEM('overriding color',(#10526),#4635,#9658
  );
#10526 = PRESENTATION_STYLE_ASSIGNMENT((#10527));
#10527 = SURFACE_STYLE_USAGE(.BOTH.,#10528);
#10528 = SURFACE_SIDE_STYLE('',(#10529));
#10529 = SURFACE_STYLE_FILL_AREA(#10530);
#10530 = FILL_AREA_STYLE('',(#10531));
#10531 = FILL_AREA_STYLE_COLOUR('',#10013);
#10532 = OVER_RIDING_STYLED_ITEM('overriding color',(#10533),#4657,#9658
  );
#10533 = PRESENTATION_STYLE_ASSIGNMENT((#10534));
#10534 = SURFACE_STYLE_USAGE(.BOTH.,#10535);
#10535 = SURFACE_SIDE_STYLE('',(#10536));
#10536 = SURFACE_STYLE_FILL_AREA(#10537);
#10537 = FILL_AREA_STYLE('',(#10538));
#10538 = FILL_AREA_STYLE_COLOUR('',#10013);
#10539 = OVER_RIDING_STYLED_ITEM('overriding color',(#10540),#4679,#9658
  );
#10540 = PRESENTATION_STYLE_ASSIGNMENT((#10541));
#10541 = SURFACE_STYLE_USAGE(.BOTH.,#10542);
#10542 = SURFACE_SIDE_STYLE('',(#10543));
#10543 = SURFACE_STYLE_FILL_AREA(#10544);
#10544 = FILL_AREA_STYLE('',(#10545));
#10545 = FILL_AREA_STYLE_COLOUR('',#10013);
#10546 = OVER_RIDING_STYLED_ITEM('overriding color',(#10547),#4701,#9658
  );
#10547 = PRESENTATION_STYLE_ASSIGNMENT((#10548));
#10548 = SURFACE_STYLE_USAGE(.BOTH.,#10549);
#10549 = SURFACE_SIDE_STYLE('',(#10550));
#10550 = SURFACE_STYLE_FILL_AREA(#10551);
#10551 = FILL_AREA_STYLE('',(#10552));
#10552 = FILL_AREA_STYLE_COLOUR('',#10013);
#10553 = OVER_RIDING_STYLED_ITEM('overriding color',(#10554),#4723,#9658
  );
#10554 = PRESENTATION_STYLE_ASSIGNMENT((#10555));
#10555 = SURFACE_STYLE_USAGE(.BOTH.,#10556);
#10556 = SURFACE_SIDE_STYLE('',(#10557));
#10557 = SURFACE_STYLE_FILL_AREA(#10558);
#10558 = FILL_AREA_STYLE('',(#10559));
#10559 = FILL_AREA_STYLE_COLOUR('',#10013);
#10560 = OVER_RIDING_STYLED_ITEM('overriding color',(#10561),#4739,#9658
  );
#10561 = PRESENTATION_STYLE_ASSIGNMENT((#10562));
#10562 = SURFACE_STYLE_USAGE(.BOTH.,#10563);
#10563 = SURFACE_SIDE_STYLE('',(#10564));
#10564 = SURFACE_STYLE_FILL_AREA(#10565);
#10565 = FILL_AREA_STYLE('',(#10566));
#10566 = FILL_AREA_STYLE_COLOUR('',#10013);
#10567 = OVER_RIDING_STYLED_ITEM('overriding color',(#10568),#4759,#9658
  );
#10568 = PRESENTATION_STYLE_ASSIGNMENT((#10569));
#10569 = SURFACE_STYLE_USAGE(.BOTH.,#10570);
#10570 = SURFACE_SIDE_STYLE('',(#10571));
#10571 = SURFACE_STYLE_FILL_AREA(#10572);
#10572 = FILL_AREA_STYLE('',(#10573));
#10573 = FILL_AREA_STYLE_COLOUR('',#10013);
#10574 = OVER_RIDING_STYLED_ITEM('overriding color',(#10575),#4951,#9658
  );
#10575 = PRESENTATION_STYLE_ASSIGNMENT((#10576));
#10576 = SURFACE_STYLE_USAGE(.BOTH.,#10577);
#10577 = SURFACE_SIDE_STYLE('',(#10578));
#10578 = SURFACE_STYLE_FILL_AREA(#10579);
#10579 = FILL_AREA_STYLE('',(#10580));
#10580 = FILL_AREA_STYLE_COLOUR('',#10013);
#10581 = OVER_RIDING_STYLED_ITEM('overriding color',(#10582),#4975,#9658
  );
#10582 = PRESENTATION_STYLE_ASSIGNMENT((#10583));
#10583 = SURFACE_STYLE_USAGE(.BOTH.,#10584);
#10584 = SURFACE_SIDE_STYLE('',(#10585));
#10585 = SURFACE_STYLE_FILL_AREA(#10586);
#10586 = FILL_AREA_STYLE('',(#10587));
#10587 = FILL_AREA_STYLE_COLOUR('',#10013);
#10588 = OVER_RIDING_STYLED_ITEM('overriding color',(#10589),#4991,#9658
  );
#10589 = PRESENTATION_STYLE_ASSIGNMENT((#10590));
#10590 = SURFACE_STYLE_USAGE(.BOTH.,#10591);
#10591 = SURFACE_SIDE_STYLE('',(#10592));
#10592 = SURFACE_STYLE_FILL_AREA(#10593);
#10593 = FILL_AREA_STYLE('',(#10594));
#10594 = FILL_AREA_STYLE_COLOUR('',#10013);
#10595 = OVER_RIDING_STYLED_ITEM('overriding color',(#10596),#5011,#9658
  );
#10596 = PRESENTATION_STYLE_ASSIGNMENT((#10597));
#10597 = SURFACE_STYLE_USAGE(.BOTH.,#10598);
#10598 = SURFACE_SIDE_STYLE('',(#10599));
#10599 = SURFACE_STYLE_FILL_AREA(#10600);
#10600 = FILL_AREA_STYLE('',(#10601));
#10601 = FILL_AREA_STYLE_COLOUR('',#10013);
#10602 = OVER_RIDING_STYLED_ITEM('overriding color',(#10603),#5031,#9658
  );
#10603 = PRESENTATION_STYLE_ASSIGNMENT((#10604));
#10604 = SURFACE_STYLE_USAGE(.BOTH.,#10605);
#10605 = SURFACE_SIDE_STYLE('',(#10606));
#10606 = SURFACE_STYLE_FILL_AREA(#10607);
#10607 = FILL_AREA_STYLE('',(#10608));
#10608 = FILL_AREA_STYLE_COLOUR('',#10013);
#10609 = OVER_RIDING_STYLED_ITEM('overriding color',(#10610),#5047,#9658
  );
#10610 = PRESENTATION_STYLE_ASSIGNMENT((#10611));
#10611 = SURFACE_STYLE_USAGE(.BOTH.,#10612);
#10612 = SURFACE_SIDE_STYLE('',(#10613));
#10613 = SURFACE_STYLE_FILL_AREA(#10614);
#10614 = FILL_AREA_STYLE('',(#10615));
#10615 = FILL_AREA_STYLE_COLOUR('',#10013);
#10616 = OVER_RIDING_STYLED_ITEM('overriding color',(#10617),#5067,#9658
  );
#10617 = PRESENTATION_STYLE_ASSIGNMENT((#10618));
#10618 = SURFACE_STYLE_USAGE(.BOTH.,#10619);
#10619 = SURFACE_SIDE_STYLE('',(#10620));
#10620 = SURFACE_STYLE_FILL_AREA(#10621);
#10621 = FILL_AREA_STYLE('',(#10622));
#10622 = FILL_AREA_STYLE_COLOUR('',#10013);
#10623 = OVER_RIDING_STYLED_ITEM('overriding color',(#10624),#5087,#9658
  );
#10624 = PRESENTATION_STYLE_ASSIGNMENT((#10625));
#10625 = SURFACE_STYLE_USAGE(.BOTH.,#10626);
#10626 = SURFACE_SIDE_STYLE('',(#10627));
#10627 = SURFACE_STYLE_FILL_AREA(#10628);
#10628 = FILL_AREA_STYLE('',(#10629));
#10629 = FILL_AREA_STYLE_COLOUR('',#10013);
#10630 = OVER_RIDING_STYLED_ITEM('overriding color',(#10631),#5107,#9658
  );
#10631 = PRESENTATION_STYLE_ASSIGNMENT((#10632));
#10632 = SURFACE_STYLE_USAGE(.BOTH.,#10633);
#10633 = SURFACE_SIDE_STYLE('',(#10634));
#10634 = SURFACE_STYLE_FILL_AREA(#10635);
#10635 = FILL_AREA_STYLE('',(#10636));
#10636 = FILL_AREA_STYLE_COLOUR('',#10013);
#10637 = OVER_RIDING_STYLED_ITEM('overriding color',(#10638),#5127,#9658
  );
#10638 = PRESENTATION_STYLE_ASSIGNMENT((#10639));
#10639 = SURFACE_STYLE_USAGE(.BOTH.,#10640);
#10640 = SURFACE_SIDE_STYLE('',(#10641));
#10641 = SURFACE_STYLE_FILL_AREA(#10642);
#10642 = FILL_AREA_STYLE('',(#10643));
#10643 = FILL_AREA_STYLE_COLOUR('',#10013);
#10644 = OVER_RIDING_STYLED_ITEM('overriding color',(#10645),#5143,#9658
  );
#10645 = PRESENTATION_STYLE_ASSIGNMENT((#10646));
#10646 = SURFACE_STYLE_USAGE(.BOTH.,#10647);
#10647 = SURFACE_SIDE_STYLE('',(#10648));
#10648 = SURFACE_STYLE_FILL_AREA(#10649);
#10649 = FILL_AREA_STYLE('',(#10650));
#10650 = FILL_AREA_STYLE_COLOUR('',#10013);
#10651 = OVER_RIDING_STYLED_ITEM('overriding color',(#10652),#5159,#9658
  );
#10652 = PRESENTATION_STYLE_ASSIGNMENT((#10653));
#10653 = SURFACE_STYLE_USAGE(.BOTH.,#10654);
#10654 = SURFACE_SIDE_STYLE('',(#10655));
#10655 = SURFACE_STYLE_FILL_AREA(#10656);
#10656 = FILL_AREA_STYLE('',(#10657));
#10657 = FILL_AREA_STYLE_COLOUR('',#10013);
#10658 = OVER_RIDING_STYLED_ITEM('overriding color',(#10659),#5175,#9658
  );
#10659 = PRESENTATION_STYLE_ASSIGNMENT((#10660));
#10660 = SURFACE_STYLE_USAGE(.BOTH.,#10661);
#10661 = SURFACE_SIDE_STYLE('',(#10662));
#10662 = SURFACE_STYLE_FILL_AREA(#10663);
#10663 = FILL_AREA_STYLE('',(#10664));
#10664 = FILL_AREA_STYLE_COLOUR('',#10013);
#10665 = OVER_RIDING_STYLED_ITEM('overriding color',(#10666),#5191,#9658
  );
#10666 = PRESENTATION_STYLE_ASSIGNMENT((#10667));
#10667 = SURFACE_STYLE_USAGE(.BOTH.,#10668);
#10668 = SURFACE_SIDE_STYLE('',(#10669));
#10669 = SURFACE_STYLE_FILL_AREA(#10670);
#10670 = FILL_AREA_STYLE('',(#10671));
#10671 = FILL_AREA_STYLE_COLOUR('',#10013);
#10672 = OVER_RIDING_STYLED_ITEM('overriding color',(#10673),#5207,#9658
  );
#10673 = PRESENTATION_STYLE_ASSIGNMENT((#10674));
#10674 = SURFACE_STYLE_USAGE(.BOTH.,#10675);
#10675 = SURFACE_SIDE_STYLE('',(#10676));
#10676 = SURFACE_STYLE_FILL_AREA(#10677);
#10677 = FILL_AREA_STYLE('',(#10678));
#10678 = FILL_AREA_STYLE_COLOUR('',#10013);
#10679 = OVER_RIDING_STYLED_ITEM('overriding color',(#10680),#5241,#9658
  );
#10680 = PRESENTATION_STYLE_ASSIGNMENT((#10681));
#10681 = SURFACE_STYLE_USAGE(.BOTH.,#10682);
#10682 = SURFACE_SIDE_STYLE('',(#10683));
#10683 = SURFACE_STYLE_FILL_AREA(#10684);
#10684 = FILL_AREA_STYLE('',(#10685));
#10685 = FILL_AREA_STYLE_COLOUR('',#10013);
#10686 = OVER_RIDING_STYLED_ITEM('overriding color',(#10687),#5269,#9658
  );
#10687 = PRESENTATION_STYLE_ASSIGNMENT((#10688));
#10688 = SURFACE_STYLE_USAGE(.BOTH.,#10689);
#10689 = SURFACE_SIDE_STYLE('',(#10690));
#10690 = SURFACE_STYLE_FILL_AREA(#10691);
#10691 = FILL_AREA_STYLE('',(#10692));
#10692 = FILL_AREA_STYLE_COLOUR('',#10013);
#10693 = OVER_RIDING_STYLED_ITEM('overriding color',(#10694),#5297,#9658
  );
#10694 = PRESENTATION_STYLE_ASSIGNMENT((#10695));
#10695 = SURFACE_STYLE_USAGE(.BOTH.,#10696);
#10696 = SURFACE_SIDE_STYLE('',(#10697));
#10697 = SURFACE_STYLE_FILL_AREA(#10698);
#10698 = FILL_AREA_STYLE('',(#10699));
#10699 = FILL_AREA_STYLE_COLOUR('',#10013);
#10700 = OVER_RIDING_STYLED_ITEM('overriding color',(#10701),#5325,#9658
  );
#10701 = PRESENTATION_STYLE_ASSIGNMENT((#10702));
#10702 = SURFACE_STYLE_USAGE(.BOTH.,#10703);
#10703 = SURFACE_SIDE_STYLE('',(#10704));
#10704 = SURFACE_STYLE_FILL_AREA(#10705);
#10705 = FILL_AREA_STYLE('',(#10706));
#10706 = FILL_AREA_STYLE_COLOUR('',#10013);
#10707 = OVER_RIDING_STYLED_ITEM('overriding color',(#10708),#5353,#9658
  );
#10708 = PRESENTATION_STYLE_ASSIGNMENT((#10709));
#10709 = SURFACE_STYLE_USAGE(.BOTH.,#10710);
#10710 = SURFACE_SIDE_STYLE('',(#10711));
#10711 = SURFACE_STYLE_FILL_AREA(#10712);
#10712 = FILL_AREA_STYLE('',(#10713));
#10713 = FILL_AREA_STYLE_COLOUR('',#10013);
#10714 = OVER_RIDING_STYLED_ITEM('overriding color',(#10715),#5381,#9658
  );
#10715 = PRESENTATION_STYLE_ASSIGNMENT((#10716));
#10716 = SURFACE_STYLE_USAGE(.BOTH.,#10717);
#10717 = SURFACE_SIDE_STYLE('',(#10718));
#10718 = SURFACE_STYLE_FILL_AREA(#10719);
#10719 = FILL_AREA_STYLE('',(#10720));
#10720 = FILL_AREA_STYLE_COLOUR('',#10013);
#10721 = OVER_RIDING_STYLED_ITEM('overriding color',(#10722),#5403,#9658
  );
#10722 = PRESENTATION_STYLE_ASSIGNMENT((#10723));
#10723 = SURFACE_STYLE_USAGE(.BOTH.,#10724);
#10724 = SURFACE_SIDE_STYLE('',(#10725));
#10725 = SURFACE_STYLE_FILL_AREA(#10726);
#10726 = FILL_AREA_STYLE('',(#10727));
#10727 = FILL_AREA_STYLE_COLOUR('',#10013);
#10728 = OVER_RIDING_STYLED_ITEM('overriding color',(#10729),#5419,#9658
  );
#10729 = PRESENTATION_STYLE_ASSIGNMENT((#10730));
#10730 = SURFACE_STYLE_USAGE(.BOTH.,#10731);
#10731 = SURFACE_SIDE_STYLE('',(#10732));
#10732 = SURFACE_STYLE_FILL_AREA(#10733);
#10733 = FILL_AREA_STYLE('',(#10734));
#10734 = FILL_AREA_STYLE_COLOUR('',#9683);
#10735 = OVER_RIDING_STYLED_ITEM('overriding color',(#10736),#5435,#9658
  );
#10736 = PRESENTATION_STYLE_ASSIGNMENT((#10737));
#10737 = SURFACE_STYLE_USAGE(.BOTH.,#10738);
#10738 = SURFACE_SIDE_STYLE('',(#10739));
#10739 = SURFACE_STYLE_FILL_AREA(#10740);
#10740 = FILL_AREA_STYLE('',(#10741));
#10741 = FILL_AREA_STYLE_COLOUR('',#10013);
#10742 = OVER_RIDING_STYLED_ITEM('overriding color',(#10743),#5469,#9658
  );
#10743 = PRESENTATION_STYLE_ASSIGNMENT((#10744));
#10744 = SURFACE_STYLE_USAGE(.BOTH.,#10745);
#10745 = SURFACE_SIDE_STYLE('',(#10746));
#10746 = SURFACE_STYLE_FILL_AREA(#10747);
#10747 = FILL_AREA_STYLE('',(#10748));
#10748 = FILL_AREA_STYLE_COLOUR('',#10013);
#10749 = OVER_RIDING_STYLED_ITEM('overriding color',(#10750),#5491,#9658
  );
#10750 = PRESENTATION_STYLE_ASSIGNMENT((#10751));
#10751 = SURFACE_STYLE_USAGE(.BOTH.,#10752);
#10752 = SURFACE_SIDE_STYLE('',(#10753));
#10753 = SURFACE_STYLE_FILL_AREA(#10754);
#10754 = FILL_AREA_STYLE('',(#10755));
#10755 = FILL_AREA_STYLE_COLOUR('',#10013);
#10756 = OVER_RIDING_STYLED_ITEM('overriding color',(#10757),#5519,#9658
  );
#10757 = PRESENTATION_STYLE_ASSIGNMENT((#10758));
#10758 = SURFACE_STYLE_USAGE(.BOTH.,#10759);
#10759 = SURFACE_SIDE_STYLE('',(#10760));
#10760 = SURFACE_STYLE_FILL_AREA(#10761);
#10761 = FILL_AREA_STYLE('',(#10762));
#10762 = FILL_AREA_STYLE_COLOUR('',#10013);
#10763 = OVER_RIDING_STYLED_ITEM('overriding color',(#10764),#5547,#9658
  );
#10764 = PRESENTATION_STYLE_ASSIGNMENT((#10765));
#10765 = SURFACE_STYLE_USAGE(.BOTH.,#10766);
#10766 = SURFACE_SIDE_STYLE('',(#10767));
#10767 = SURFACE_STYLE_FILL_AREA(#10768);
#10768 = FILL_AREA_STYLE('',(#10769));
#10769 = FILL_AREA_STYLE_COLOUR('',#10013);
#10770 = OVER_RIDING_STYLED_ITEM('overriding color',(#10771),#5575,#9658
  );
#10771 = PRESENTATION_STYLE_ASSIGNMENT((#10772));
#10772 = SURFACE_STYLE_USAGE(.BOTH.,#10773);
#10773 = SURFACE_SIDE_STYLE('',(#10774));
#10774 = SURFACE_STYLE_FILL_AREA(#10775);
#10775 = FILL_AREA_STYLE('',(#10776));
#10776 = FILL_AREA_STYLE_COLOUR('',#10013);
#10777 = OVER_RIDING_STYLED_ITEM('overriding color',(#10778),#5603,#9658
  );
#10778 = PRESENTATION_STYLE_ASSIGNMENT((#10779));
#10779 = SURFACE_STYLE_USAGE(.BOTH.,#10780);
#10780 = SURFACE_SIDE_STYLE('',(#10781));
#10781 = SURFACE_STYLE_FILL_AREA(#10782);
#10782 = FILL_AREA_STYLE('',(#10783));
#10783 = FILL_AREA_STYLE_COLOUR('',#10013);
#10784 = OVER_RIDING_STYLED_ITEM('overriding color',(#10785),#5631,#9658
  );
#10785 = PRESENTATION_STYLE_ASSIGNMENT((#10786));
#10786 = SURFACE_STYLE_USAGE(.BOTH.,#10787);
#10787 = SURFACE_SIDE_STYLE('',(#10788));
#10788 = SURFACE_STYLE_FILL_AREA(#10789);
#10789 = FILL_AREA_STYLE('',(#10790));
#10790 = FILL_AREA_STYLE_COLOUR('',#10013);
#10791 = OVER_RIDING_STYLED_ITEM('overriding color',(#10792),#5659,#9658
  );
#10792 = PRESENTATION_STYLE_ASSIGNMENT((#10793));
#10793 = SURFACE_STYLE_USAGE(.BOTH.,#10794);
#10794 = SURFACE_SIDE_STYLE('',(#10795));
#10795 = SURFACE_STYLE_FILL_AREA(#10796);
#10796 = FILL_AREA_STYLE('',(#10797));
#10797 = FILL_AREA_STYLE_COLOUR('',#10013);
#10798 = OVER_RIDING_STYLED_ITEM('overriding color',(#10799),#5687,#9658
  );
#10799 = PRESENTATION_STYLE_ASSIGNMENT((#10800));
#10800 = SURFACE_STYLE_USAGE(.BOTH.,#10801);
#10801 = SURFACE_SIDE_STYLE('',(#10802));
#10802 = SURFACE_STYLE_FILL_AREA(#10803);
#10803 = FILL_AREA_STYLE('',(#10804));
#10804 = FILL_AREA_STYLE_COLOUR('',#10013);
#10805 = OVER_RIDING_STYLED_ITEM('overriding color',(#10806),#5715,#9658
  );
#10806 = PRESENTATION_STYLE_ASSIGNMENT((#10807));
#10807 = SURFACE_STYLE_USAGE(.BOTH.,#10808);
#10808 = SURFACE_SIDE_STYLE('',(#10809));
#10809 = SURFACE_STYLE_FILL_AREA(#10810);
#10810 = FILL_AREA_STYLE('',(#10811));
#10811 = FILL_AREA_STYLE_COLOUR('',#10013);
#10812 = OVER_RIDING_STYLED_ITEM('overriding color',(#10813),#5743,#9658
  );
#10813 = PRESENTATION_STYLE_ASSIGNMENT((#10814));
#10814 = SURFACE_STYLE_USAGE(.BOTH.,#10815);
#10815 = SURFACE_SIDE_STYLE('',(#10816));
#10816 = SURFACE_STYLE_FILL_AREA(#10817);
#10817 = FILL_AREA_STYLE('',(#10818));
#10818 = FILL_AREA_STYLE_COLOUR('',#10013);
#10819 = OVER_RIDING_STYLED_ITEM('overriding color',(#10820),#5771,#9658
  );
#10820 = PRESENTATION_STYLE_ASSIGNMENT((#10821));
#10821 = SURFACE_STYLE_USAGE(.BOTH.,#10822);
#10822 = SURFACE_SIDE_STYLE('',(#10823));
#10823 = SURFACE_STYLE_FILL_AREA(#10824);
#10824 = FILL_AREA_STYLE('',(#10825));
#10825 = FILL_AREA_STYLE_COLOUR('',#10013);
#10826 = OVER_RIDING_STYLED_ITEM('overriding color',(#10827),#5793,#9658
  );
#10827 = PRESENTATION_STYLE_ASSIGNMENT((#10828));
#10828 = SURFACE_STYLE_USAGE(.BOTH.,#10829);
#10829 = SURFACE_SIDE_STYLE('',(#10830));
#10830 = SURFACE_STYLE_FILL_AREA(#10831);
#10831 = FILL_AREA_STYLE('',(#10832));
#10832 = FILL_AREA_STYLE_COLOUR('',#10013);
#10833 = OVER_RIDING_STYLED_ITEM('overriding color',(#10834),#5821,#9658
  );
#10834 = PRESENTATION_STYLE_ASSIGNMENT((#10835));
#10835 = SURFACE_STYLE_USAGE(.BOTH.,#10836);
#10836 = SURFACE_SIDE_STYLE('',(#10837));
#10837 = SURFACE_STYLE_FILL_AREA(#10838);
#10838 = FILL_AREA_STYLE('',(#10839));
#10839 = FILL_AREA_STYLE_COLOUR('',#10013);
#10840 = OVER_RIDING_STYLED_ITEM('overriding color',(#10841),#5849,#9658
  );
#10841 = PRESENTATION_STYLE_ASSIGNMENT((#10842));
#10842 = SURFACE_STYLE_USAGE(.BOTH.,#10843);
#10843 = SURFACE_SIDE_STYLE('',(#10844));
#10844 = SURFACE_STYLE_FILL_AREA(#10845);
#10845 = FILL_AREA_STYLE('',(#10846));
#10846 = FILL_AREA_STYLE_COLOUR('',#10013);
#10847 = OVER_RIDING_STYLED_ITEM('overriding color',(#10848),#5877,#9658
  );
#10848 = PRESENTATION_STYLE_ASSIGNMENT((#10849));
#10849 = SURFACE_STYLE_USAGE(.BOTH.,#10850);
#10850 = SURFACE_SIDE_STYLE('',(#10851));
#10851 = SURFACE_STYLE_FILL_AREA(#10852);
#10852 = FILL_AREA_STYLE('',(#10853));
#10853 = FILL_AREA_STYLE_COLOUR('',#10013);
#10854 = OVER_RIDING_STYLED_ITEM('overriding color',(#10855),#5905,#9658
  );
#10855 = PRESENTATION_STYLE_ASSIGNMENT((#10856));
#10856 = SURFACE_STYLE_USAGE(.BOTH.,#10857);
#10857 = SURFACE_SIDE_STYLE('',(#10858));
#10858 = SURFACE_STYLE_FILL_AREA(#10859);
#10859 = FILL_AREA_STYLE('',(#10860));
#10860 = FILL_AREA_STYLE_COLOUR('',#10013);
#10861 = OVER_RIDING_STYLED_ITEM('overriding color',(#10862),#5933,#9658
  );
#10862 = PRESENTATION_STYLE_ASSIGNMENT((#10863));
#10863 = SURFACE_STYLE_USAGE(.BOTH.,#10864);
#10864 = SURFACE_SIDE_STYLE('',(#10865));
#10865 = SURFACE_STYLE_FILL_AREA(#10866);
#10866 = FILL_AREA_STYLE('',(#10867));
#10867 = FILL_AREA_STYLE_COLOUR('',#10013);
#10868 = OVER_RIDING_STYLED_ITEM('overriding color',(#10869),#5961,#9658
  );
#10869 = PRESENTATION_STYLE_ASSIGNMENT((#10870));
#10870 = SURFACE_STYLE_USAGE(.BOTH.,#10871);
#10871 = SURFACE_SIDE_STYLE('',(#10872));
#10872 = SURFACE_STYLE_FILL_AREA(#10873);
#10873 = FILL_AREA_STYLE('',(#10874));
#10874 = FILL_AREA_STYLE_COLOUR('',#10013);
#10875 = OVER_RIDING_STYLED_ITEM('overriding color',(#10876),#5989,#9658
  );
#10876 = PRESENTATION_STYLE_ASSIGNMENT((#10877));
#10877 = SURFACE_STYLE_USAGE(.BOTH.,#10878);
#10878 = SURFACE_SIDE_STYLE('',(#10879));
#10879 = SURFACE_STYLE_FILL_AREA(#10880);
#10880 = FILL_AREA_STYLE('',(#10881));
#10881 = FILL_AREA_STYLE_COLOUR('',#10013);
#10882 = OVER_RIDING_STYLED_ITEM('overriding color',(#10883),#6011,#9658
  );
#10883 = PRESENTATION_STYLE_ASSIGNMENT((#10884));
#10884 = SURFACE_STYLE_USAGE(.BOTH.,#10885);
#10885 = SURFACE_SIDE_STYLE('',(#10886));
#10886 = SURFACE_STYLE_FILL_AREA(#10887);
#10887 = FILL_AREA_STYLE('',(#10888));
#10888 = FILL_AREA_STYLE_COLOUR('',#10013);
#10889 = OVER_RIDING_STYLED_ITEM('overriding color',(#10890),#6040,#9658
  );
#10890 = PRESENTATION_STYLE_ASSIGNMENT((#10891));
#10891 = SURFACE_STYLE_USAGE(.BOTH.,#10892);
#10892 = SURFACE_SIDE_STYLE('',(#10893));
#10893 = SURFACE_STYLE_FILL_AREA(#10894);
#10894 = FILL_AREA_STYLE('',(#10895));
#10895 = FILL_AREA_STYLE_COLOUR('',#10013);
#10896 = OVER_RIDING_STYLED_ITEM('overriding color',(#10897),#6068,#9658
  );
#10897 = PRESENTATION_STYLE_ASSIGNMENT((#10898));
#10898 = SURFACE_STYLE_USAGE(.BOTH.,#10899);
#10899 = SURFACE_SIDE_STYLE('',(#10900));
#10900 = SURFACE_STYLE_FILL_AREA(#10901);
#10901 = FILL_AREA_STYLE('',(#10902));
#10902 = FILL_AREA_STYLE_COLOUR('',#10013);
#10903 = OVER_RIDING_STYLED_ITEM('overriding color',(#10904),#6090,#9658
  );
#10904 = PRESENTATION_STYLE_ASSIGNMENT((#10905));
#10905 = SURFACE_STYLE_USAGE(.BOTH.,#10906);
#10906 = SURFACE_SIDE_STYLE('',(#10907));
#10907 = SURFACE_STYLE_FILL_AREA(#10908);
#10908 = FILL_AREA_STYLE('',(#10909));
#10909 = FILL_AREA_STYLE_COLOUR('',#10013);
#10910 = OVER_RIDING_STYLED_ITEM('overriding color',(#10911),#6118,#9658
  );
#10911 = PRESENTATION_STYLE_ASSIGNMENT((#10912));
#10912 = SURFACE_STYLE_USAGE(.BOTH.,#10913);
#10913 = SURFACE_SIDE_STYLE('',(#10914));
#10914 = SURFACE_STYLE_FILL_AREA(#10915);
#10915 = FILL_AREA_STYLE('',(#10916));
#10916 = FILL_AREA_STYLE_COLOUR('',#10013);
#10917 = OVER_RIDING_STYLED_ITEM('overriding color',(#10918),#6140,#9658
  );
#10918 = PRESENTATION_STYLE_ASSIGNMENT((#10919));
#10919 = SURFACE_STYLE_USAGE(.BOTH.,#10920);
#10920 = SURFACE_SIDE_STYLE('',(#10921));
#10921 = SURFACE_STYLE_FILL_AREA(#10922);
#10922 = FILL_AREA_STYLE('',(#10923));
#10923 = FILL_AREA_STYLE_COLOUR('',#10013);
#10924 = OVER_RIDING_STYLED_ITEM('overriding color',(#10925),#6162,#9658
  );
#10925 = PRESENTATION_STYLE_ASSIGNMENT((#10926));
#10926 = SURFACE_STYLE_USAGE(.BOTH.,#10927);
#10927 = SURFACE_SIDE_STYLE('',(#10928));
#10928 = SURFACE_STYLE_FILL_AREA(#10929);
#10929 = FILL_AREA_STYLE('',(#10930));
#10930 = FILL_AREA_STYLE_COLOUR('',#10013);
#10931 = OVER_RIDING_STYLED_ITEM('overriding color',(#10932),#6184,#9658
  );
#10932 = PRESENTATION_STYLE_ASSIGNMENT((#10933));
#10933 = SURFACE_STYLE_USAGE(.BOTH.,#10934);
#10934 = SURFACE_SIDE_STYLE('',(#10935));
#10935 = SURFACE_STYLE_FILL_AREA(#10936);
#10936 = FILL_AREA_STYLE('',(#10937));
#10937 = FILL_AREA_STYLE_COLOUR('',#10013);
#10938 = OVER_RIDING_STYLED_ITEM('overriding color',(#10939),#6206,#9658
  );
#10939 = PRESENTATION_STYLE_ASSIGNMENT((#10940));
#10940 = SURFACE_STYLE_USAGE(.BOTH.,#10941);
#10941 = SURFACE_SIDE_STYLE('',(#10942));
#10942 = SURFACE_STYLE_FILL_AREA(#10943);
#10943 = FILL_AREA_STYLE('',(#10944));
#10944 = FILL_AREA_STYLE_COLOUR('',#10013);
#10945 = OVER_RIDING_STYLED_ITEM('overriding color',(#10946),#6228,#9658
  );
#10946 = PRESENTATION_STYLE_ASSIGNMENT((#10947));
#10947 = SURFACE_STYLE_USAGE(.BOTH.,#10948);
#10948 = SURFACE_SIDE_STYLE('',(#10949));
#10949 = SURFACE_STYLE_FILL_AREA(#10950);
#10950 = FILL_AREA_STYLE('',(#10951));
#10951 = FILL_AREA_STYLE_COLOUR('',#10013);
#10952 = OVER_RIDING_STYLED_ITEM('overriding color',(#10953),#6250,#9658
  );
#10953 = PRESENTATION_STYLE_ASSIGNMENT((#10954));
#10954 = SURFACE_STYLE_USAGE(.BOTH.,#10955);
#10955 = SURFACE_SIDE_STYLE('',(#10956));
#10956 = SURFACE_STYLE_FILL_AREA(#10957);
#10957 = FILL_AREA_STYLE('',(#10958));
#10958 = FILL_AREA_STYLE_COLOUR('',#10013);
#10959 = OVER_RIDING_STYLED_ITEM('overriding color',(#10960),#6278,#9658
  );
#10960 = PRESENTATION_STYLE_ASSIGNMENT((#10961));
#10961 = SURFACE_STYLE_USAGE(.BOTH.,#10962);
#10962 = SURFACE_SIDE_STYLE('',(#10963));
#10963 = SURFACE_STYLE_FILL_AREA(#10964);
#10964 = FILL_AREA_STYLE('',(#10965));
#10965 = FILL_AREA_STYLE_COLOUR('',#10013);
#10966 = OVER_RIDING_STYLED_ITEM('overriding color',(#10967),#6306,#9658
  );
#10967 = PRESENTATION_STYLE_ASSIGNMENT((#10968));
#10968 = SURFACE_STYLE_USAGE(.BOTH.,#10969);
#10969 = SURFACE_SIDE_STYLE('',(#10970));
#10970 = SURFACE_STYLE_FILL_AREA(#10971);
#10971 = FILL_AREA_STYLE('',(#10972));
#10972 = FILL_AREA_STYLE_COLOUR('',#10013);
#10973 = OVER_RIDING_STYLED_ITEM('overriding color',(#10974),#6328,#9658
  );
#10974 = PRESENTATION_STYLE_ASSIGNMENT((#10975));
#10975 = SURFACE_STYLE_USAGE(.BOTH.,#10976);
#10976 = SURFACE_SIDE_STYLE('',(#10977));
#10977 = SURFACE_STYLE_FILL_AREA(#10978);
#10978 = FILL_AREA_STYLE('',(#10979));
#10979 = FILL_AREA_STYLE_COLOUR('',#10013);
#10980 = OVER_RIDING_STYLED_ITEM('overriding color',(#10981),#6356,#9658
  );
#10981 = PRESENTATION_STYLE_ASSIGNMENT((#10982));
#10982 = SURFACE_STYLE_USAGE(.BOTH.,#10983);
#10983 = SURFACE_SIDE_STYLE('',(#10984));
#10984 = SURFACE_STYLE_FILL_AREA(#10985);
#10985 = FILL_AREA_STYLE('',(#10986));
#10986 = FILL_AREA_STYLE_COLOUR('',#10013);
#10987 = OVER_RIDING_STYLED_ITEM('overriding color',(#10988),#6384,#9658
  );
#10988 = PRESENTATION_STYLE_ASSIGNMENT((#10989));
#10989 = SURFACE_STYLE_USAGE(.BOTH.,#10990);
#10990 = SURFACE_SIDE_STYLE('',(#10991));
#10991 = SURFACE_STYLE_FILL_AREA(#10992);
#10992 = FILL_AREA_STYLE('',(#10993));
#10993 = FILL_AREA_STYLE_COLOUR('',#10013);
#10994 = OVER_RIDING_STYLED_ITEM('overriding color',(#10995),#6400,#9658
  );
#10995 = PRESENTATION_STYLE_ASSIGNMENT((#10996));
#10996 = SURFACE_STYLE_USAGE(.BOTH.,#10997);
#10997 = SURFACE_SIDE_STYLE('',(#10998));
#10998 = SURFACE_STYLE_FILL_AREA(#10999);
#10999 = FILL_AREA_STYLE('',(#11000));
#11000 = FILL_AREA_STYLE_COLOUR('',#10013);
#11001 = OVER_RIDING_STYLED_ITEM('overriding color',(#11002),#6423,#9658
  );
#11002 = PRESENTATION_STYLE_ASSIGNMENT((#11003));
#11003 = SURFACE_STYLE_USAGE(.BOTH.,#11004);
#11004 = SURFACE_SIDE_STYLE('',(#11005));
#11005 = SURFACE_STYLE_FILL_AREA(#11006);
#11006 = FILL_AREA_STYLE('',(#11007));
#11007 = FILL_AREA_STYLE_COLOUR('',#10013);
#11008 = OVER_RIDING_STYLED_ITEM('overriding color',(#11009),#6451,#9658
  );
#11009 = PRESENTATION_STYLE_ASSIGNMENT((#11010));
#11010 = SURFACE_STYLE_USAGE(.BOTH.,#11011);
#11011 = SURFACE_SIDE_STYLE('',(#11012));
#11012 = SURFACE_STYLE_FILL_AREA(#11013);
#11013 = FILL_AREA_STYLE('',(#11014));
#11014 = FILL_AREA_STYLE_COLOUR('',#10013);
#11015 = OVER_RIDING_STYLED_ITEM('overriding color',(#11016),#6473,#9658
  );
#11016 = PRESENTATION_STYLE_ASSIGNMENT((#11017));
#11017 = SURFACE_STYLE_USAGE(.BOTH.,#11018);
#11018 = SURFACE_SIDE_STYLE('',(#11019));
#11019 = SURFACE_STYLE_FILL_AREA(#11020);
#11020 = FILL_AREA_STYLE('',(#11021));
#11021 = FILL_AREA_STYLE_COLOUR('',#10013);
#11022 = OVER_RIDING_STYLED_ITEM('overriding color',(#11023),#6495,#9658
  );
#11023 = PRESENTATION_STYLE_ASSIGNMENT((#11024));
#11024 = SURFACE_STYLE_USAGE(.BOTH.,#11025);
#11025 = SURFACE_SIDE_STYLE('',(#11026));
#11026 = SURFACE_STYLE_FILL_AREA(#11027);
#11027 = FILL_AREA_STYLE('',(#11028));
#11028 = FILL_AREA_STYLE_COLOUR('',#10013);
#11029 = OVER_RIDING_STYLED_ITEM('overriding color',(#11030),#6517,#9658
  );
#11030 = PRESENTATION_STYLE_ASSIGNMENT((#11031));
#11031 = SURFACE_STYLE_USAGE(.BOTH.,#11032);
#11032 = SURFACE_SIDE_STYLE('',(#11033));
#11033 = SURFACE_STYLE_FILL_AREA(#11034);
#11034 = FILL_AREA_STYLE('',(#11035));
#11035 = FILL_AREA_STYLE_COLOUR('',#10013);
#11036 = OVER_RIDING_STYLED_ITEM('overriding color',(#11037),#6539,#9658
  );
#11037 = PRESENTATION_STYLE_ASSIGNMENT((#11038));
#11038 = SURFACE_STYLE_USAGE(.BOTH.,#11039);
#11039 = SURFACE_SIDE_STYLE('',(#11040));
#11040 = SURFACE_STYLE_FILL_AREA(#11041);
#11041 = FILL_AREA_STYLE('',(#11042));
#11042 = FILL_AREA_STYLE_COLOUR('',#10013);
#11043 = OVER_RIDING_STYLED_ITEM('overriding color',(#11044),#6561,#9658
  );
#11044 = PRESENTATION_STYLE_ASSIGNMENT((#11045));
#11045 = SURFACE_STYLE_USAGE(.BOTH.,#11046);
#11046 = SURFACE_SIDE_STYLE('',(#11047));
#11047 = SURFACE_STYLE_FILL_AREA(#11048);
#11048 = FILL_AREA_STYLE('',(#11049));
#11049 = FILL_AREA_STYLE_COLOUR('',#10013);
#11050 = OVER_RIDING_STYLED_ITEM('overriding color',(#11051),#6583,#9658
  );
#11051 = PRESENTATION_STYLE_ASSIGNMENT((#11052));
#11052 = SURFACE_STYLE_USAGE(.BOTH.,#11053);
#11053 = SURFACE_SIDE_STYLE('',(#11054));
#11054 = SURFACE_STYLE_FILL_AREA(#11055);
#11055 = FILL_AREA_STYLE('',(#11056));
#11056 = FILL_AREA_STYLE_COLOUR('',#10013);
#11057 = OVER_RIDING_STYLED_ITEM('overriding color',(#11058),#6605,#9658
  );
#11058 = PRESENTATION_STYLE_ASSIGNMENT((#11059));
#11059 = SURFACE_STYLE_USAGE(.BOTH.,#11060);
#11060 = SURFACE_SIDE_STYLE('',(#11061));
#11061 = SURFACE_STYLE_FILL_AREA(#11062);
#11062 = FILL_AREA_STYLE('',(#11063));
#11063 = FILL_AREA_STYLE_COLOUR('',#10013);
#11064 = OVER_RIDING_STYLED_ITEM('overriding color',(#11065),#6627,#9658
  );
#11065 = PRESENTATION_STYLE_ASSIGNMENT((#11066));
#11066 = SURFACE_STYLE_USAGE(.BOTH.,#11067);
#11067 = SURFACE_SIDE_STYLE('',(#11068));
#11068 = SURFACE_STYLE_FILL_AREA(#11069);
#11069 = FILL_AREA_STYLE('',(#11070));
#11070 = FILL_AREA_STYLE_COLOUR('',#10013);
#11071 = OVER_RIDING_STYLED_ITEM('overriding color',(#11072),#6649,#9658
  );
#11072 = PRESENTATION_STYLE_ASSIGNMENT((#11073));
#11073 = SURFACE_STYLE_USAGE(.BOTH.,#11074);
#11074 = SURFACE_SIDE_STYLE('',(#11075));
#11075 = SURFACE_STYLE_FILL_AREA(#11076);
#11076 = FILL_AREA_STYLE('',(#11077));
#11077 = FILL_AREA_STYLE_COLOUR('',#10013);
#11078 = OVER_RIDING_STYLED_ITEM('overriding color',(#11079),#6671,#9658
  );
#11079 = PRESENTATION_STYLE_ASSIGNMENT((#11080));
#11080 = SURFACE_STYLE_USAGE(.BOTH.,#11081);
#11081 = SURFACE_SIDE_STYLE('',(#11082));
#11082 = SURFACE_STYLE_FILL_AREA(#11083);
#11083 = FILL_AREA_STYLE('',(#11084));
#11084 = FILL_AREA_STYLE_COLOUR('',#10013);
#11085 = OVER_RIDING_STYLED_ITEM('overriding color',(#11086),#6687,#9658
  );
#11086 = PRESENTATION_STYLE_ASSIGNMENT((#11087));
#11087 = SURFACE_STYLE_USAGE(.BOTH.,#11088);
#11088 = SURFACE_SIDE_STYLE('',(#11089));
#11089 = SURFACE_STYLE_FILL_AREA(#11090);
#11090 = FILL_AREA_STYLE('',(#11091));
#11091 = FILL_AREA_STYLE_COLOUR('',#10013);
#11092 = OVER_RIDING_STYLED_ITEM('overriding color',(#11093),#6707,#9658
  );
#11093 = PRESENTATION_STYLE_ASSIGNMENT((#11094));
#11094 = SURFACE_STYLE_USAGE(.BOTH.,#11095);
#11095 = SURFACE_SIDE_STYLE('',(#11096));
#11096 = SURFACE_STYLE_FILL_AREA(#11097);
#11097 = FILL_AREA_STYLE('',(#11098));
#11098 = FILL_AREA_STYLE_COLOUR('',#10013);
#11099 = OVER_RIDING_STYLED_ITEM('overriding color',(#11100),#6831,#9658
  );
#11100 = PRESENTATION_STYLE_ASSIGNMENT((#11101));
#11101 = SURFACE_STYLE_USAGE(.BOTH.,#11102);
#11102 = SURFACE_SIDE_STYLE('',(#11103));
#11103 = SURFACE_STYLE_FILL_AREA(#11104);
#11104 = FILL_AREA_STYLE('',(#11105));
#11105 = FILL_AREA_STYLE_COLOUR('',#10013);
#11106 = OVER_RIDING_STYLED_ITEM('overriding color',(#11107),#6851,#9658
  );
#11107 = PRESENTATION_STYLE_ASSIGNMENT((#11108));
#11108 = SURFACE_STYLE_USAGE(.BOTH.,#11109);
#11109 = SURFACE_SIDE_STYLE('',(#11110));
#11110 = SURFACE_STYLE_FILL_AREA(#11111);
#11111 = FILL_AREA_STYLE('',(#11112));
#11112 = FILL_AREA_STYLE_COLOUR('',#10013);
#11113 = OVER_RIDING_STYLED_ITEM('overriding color',(#11114),#6871,#9658
  );
#11114 = PRESENTATION_STYLE_ASSIGNMENT((#11115));
#11115 = SURFACE_STYLE_USAGE(.BOTH.,#11116);
#11116 = SURFACE_SIDE_STYLE('',(#11117));
#11117 = SURFACE_STYLE_FILL_AREA(#11118);
#11118 = FILL_AREA_STYLE('',(#11119));
#11119 = FILL_AREA_STYLE_COLOUR('',#10013);
#11120 = OVER_RIDING_STYLED_ITEM('overriding color',(#11121),#6891,#9658
  );
#11121 = PRESENTATION_STYLE_ASSIGNMENT((#11122));
#11122 = SURFACE_STYLE_USAGE(.BOTH.,#11123);
#11123 = SURFACE_SIDE_STYLE('',(#11124));
#11124 = SURFACE_STYLE_FILL_AREA(#11125);
#11125 = FILL_AREA_STYLE('',(#11126));
#11126 = FILL_AREA_STYLE_COLOUR('',#10013);
#11127 = OVER_RIDING_STYLED_ITEM('overriding color',(#11128),#6911,#9658
  );
#11128 = PRESENTATION_STYLE_ASSIGNMENT((#11129));
#11129 = SURFACE_STYLE_USAGE(.BOTH.,#11130);
#11130 = SURFACE_SIDE_STYLE('',(#11131));
#11131 = SURFACE_STYLE_FILL_AREA(#11132);
#11132 = FILL_AREA_STYLE('',(#11133));
#11133 = FILL_AREA_STYLE_COLOUR('',#10013);
#11134 = OVER_RIDING_STYLED_ITEM('overriding color',(#11135),#6931,#9658
  );
#11135 = PRESENTATION_STYLE_ASSIGNMENT((#11136));
#11136 = SURFACE_STYLE_USAGE(.BOTH.,#11137);
#11137 = SURFACE_SIDE_STYLE('',(#11138));
#11138 = SURFACE_STYLE_FILL_AREA(#11139);
#11139 = FILL_AREA_STYLE('',(#11140));
#11140 = FILL_AREA_STYLE_COLOUR('',#10013);
#11141 = OVER_RIDING_STYLED_ITEM('overriding color',(#11142),#6947,#9658
  );
#11142 = PRESENTATION_STYLE_ASSIGNMENT((#11143));
#11143 = SURFACE_STYLE_USAGE(.BOTH.,#11144);
#11144 = SURFACE_SIDE_STYLE('',(#11145));
#11145 = SURFACE_STYLE_FILL_AREA(#11146);
#11146 = FILL_AREA_STYLE('',(#11147));
#11147 = FILL_AREA_STYLE_COLOUR('',#10013);
#11148 = OVER_RIDING_STYLED_ITEM('overriding color',(#11149),#6959,#9658
  );
#11149 = PRESENTATION_STYLE_ASSIGNMENT((#11150));
#11150 = SURFACE_STYLE_USAGE(.BOTH.,#11151);
#11151 = SURFACE_SIDE_STYLE('',(#11152));
#11152 = SURFACE_STYLE_FILL_AREA(#11153);
#11153 = FILL_AREA_STYLE('',(#11154));
#11154 = FILL_AREA_STYLE_COLOUR('',#10013);
#11155 = OVER_RIDING_STYLED_ITEM('overriding color',(#11156),#6987,#9658
  );
#11156 = PRESENTATION_STYLE_ASSIGNMENT((#11157));
#11157 = SURFACE_STYLE_USAGE(.BOTH.,#11158);
#11158 = SURFACE_SIDE_STYLE('',(#11159));
#11159 = SURFACE_STYLE_FILL_AREA(#11160);
#11160 = FILL_AREA_STYLE('',(#11161));
#11161 = FILL_AREA_STYLE_COLOUR('',#10013);
#11162 = OVER_RIDING_STYLED_ITEM('overriding color',(#11163),#7009,#9658
  );
#11163 = PRESENTATION_STYLE_ASSIGNMENT((#11164));
#11164 = SURFACE_STYLE_USAGE(.BOTH.,#11165);
#11165 = SURFACE_SIDE_STYLE('',(#11166));
#11166 = SURFACE_STYLE_FILL_AREA(#11167);
#11167 = FILL_AREA_STYLE('',(#11168));
#11168 = FILL_AREA_STYLE_COLOUR('',#10013);
#11169 = OVER_RIDING_STYLED_ITEM('overriding color',(#11170),#7031,#9658
  );
#11170 = PRESENTATION_STYLE_ASSIGNMENT((#11171));
#11171 = SURFACE_STYLE_USAGE(.BOTH.,#11172);
#11172 = SURFACE_SIDE_STYLE('',(#11173));
#11173 = SURFACE_STYLE_FILL_AREA(#11174);
#11174 = FILL_AREA_STYLE('',(#11175));
#11175 = FILL_AREA_STYLE_COLOUR('',#10013);
#11176 = OVER_RIDING_STYLED_ITEM('overriding color',(#11177),#7059,#9658
  );
#11177 = PRESENTATION_STYLE_ASSIGNMENT((#11178));
#11178 = SURFACE_STYLE_USAGE(.BOTH.,#11179);
#11179 = SURFACE_SIDE_STYLE('',(#11180));
#11180 = SURFACE_STYLE_FILL_AREA(#11181);
#11181 = FILL_AREA_STYLE('',(#11182));
#11182 = FILL_AREA_STYLE_COLOUR('',#10013);
#11183 = OVER_RIDING_STYLED_ITEM('overriding color',(#11184),#7087,#9658
  );
#11184 = PRESENTATION_STYLE_ASSIGNMENT((#11185));
#11185 = SURFACE_STYLE_USAGE(.BOTH.,#11186);
#11186 = SURFACE_SIDE_STYLE('',(#11187));
#11187 = SURFACE_STYLE_FILL_AREA(#11188);
#11188 = FILL_AREA_STYLE('',(#11189));
#11189 = FILL_AREA_STYLE_COLOUR('',#10013);
#11190 = OVER_RIDING_STYLED_ITEM('overriding color',(#11191),#7115,#9658
  );
#11191 = PRESENTATION_STYLE_ASSIGNMENT((#11192));
#11192 = SURFACE_STYLE_USAGE(.BOTH.,#11193);
#11193 = SURFACE_SIDE_STYLE('',(#11194));
#11194 = SURFACE_STYLE_FILL_AREA(#11195);
#11195 = FILL_AREA_STYLE('',(#11196));
#11196 = FILL_AREA_STYLE_COLOUR('',#10013);
#11197 = OVER_RIDING_STYLED_ITEM('overriding color',(#11198),#7137,#9658
  );
#11198 = PRESENTATION_STYLE_ASSIGNMENT((#11199));
#11199 = SURFACE_STYLE_USAGE(.BOTH.,#11200);
#11200 = SURFACE_SIDE_STYLE('',(#11201));
#11201 = SURFACE_STYLE_FILL_AREA(#11202);
#11202 = FILL_AREA_STYLE('',(#11203));
#11203 = FILL_AREA_STYLE_COLOUR('',#9683);
#11204 = OVER_RIDING_STYLED_ITEM('overriding color',(#11205),#7152,#9658
  );
#11205 = PRESENTATION_STYLE_ASSIGNMENT((#11206));
#11206 = SURFACE_STYLE_USAGE(.BOTH.,#11207);
#11207 = SURFACE_SIDE_STYLE('',(#11208));
#11208 = SURFACE_STYLE_FILL_AREA(#11209);
#11209 = FILL_AREA_STYLE('',(#11210));
#11210 = FILL_AREA_STYLE_COLOUR('',#10013);
#11211 = OVER_RIDING_STYLED_ITEM('overriding color',(#11212),#7264,#9658
  );
#11212 = PRESENTATION_STYLE_ASSIGNMENT((#11213));
#11213 = SURFACE_STYLE_USAGE(.BOTH.,#11214);
#11214 = SURFACE_SIDE_STYLE('',(#11215));
#11215 = SURFACE_STYLE_FILL_AREA(#11216);
#11216 = FILL_AREA_STYLE('',(#11217));
#11217 = FILL_AREA_STYLE_COLOUR('',#10013);
#11218 = OVER_RIDING_STYLED_ITEM('overriding color',(#11219),#7284,#9658
  );
#11219 = PRESENTATION_STYLE_ASSIGNMENT((#11220));
#11220 = SURFACE_STYLE_USAGE(.BOTH.,#11221);
#11221 = SURFACE_SIDE_STYLE('',(#11222));
#11222 = SURFACE_STYLE_FILL_AREA(#11223);
#11223 = FILL_AREA_STYLE('',(#11224));
#11224 = FILL_AREA_STYLE_COLOUR('',#10013);
#11225 = OVER_RIDING_STYLED_ITEM('overriding color',(#11226),#7300,#9658
  );
#11226 = PRESENTATION_STYLE_ASSIGNMENT((#11227));
#11227 = SURFACE_STYLE_USAGE(.BOTH.,#11228);
#11228 = SURFACE_SIDE_STYLE('',(#11229));
#11229 = SURFACE_STYLE_FILL_AREA(#11230);
#11230 = FILL_AREA_STYLE('',(#11231));
#11231 = FILL_AREA_STYLE_COLOUR('',#10013);
#11232 = OVER_RIDING_STYLED_ITEM('overriding color',(#11233),#7316,#9658
  );
#11233 = PRESENTATION_STYLE_ASSIGNMENT((#11234));
#11234 = SURFACE_STYLE_USAGE(.BOTH.,#11235);
#11235 = SURFACE_SIDE_STYLE('',(#11236));
#11236 = SURFACE_STYLE_FILL_AREA(#11237);
#11237 = FILL_AREA_STYLE('',(#11238));
#11238 = FILL_AREA_STYLE_COLOUR('',#10013);
#11239 = OVER_RIDING_STYLED_ITEM('overriding color',(#11240),#7332,#9658
  );
#11240 = PRESENTATION_STYLE_ASSIGNMENT((#11241));
#11241 = SURFACE_STYLE_USAGE(.BOTH.,#11242);
#11242 = SURFACE_SIDE_STYLE('',(#11243));
#11243 = SURFACE_STYLE_FILL_AREA(#11244);
#11244 = FILL_AREA_STYLE('',(#11245));
#11245 = FILL_AREA_STYLE_COLOUR('',#10013);
#11246 = OVER_RIDING_STYLED_ITEM('overriding color',(#11247),#7348,#9658
  );
#11247 = PRESENTATION_STYLE_ASSIGNMENT((#11248));
#11248 = SURFACE_STYLE_USAGE(.BOTH.,#11249);
#11249 = SURFACE_SIDE_STYLE('',(#11250));
#11250 = SURFACE_STYLE_FILL_AREA(#11251);
#11251 = FILL_AREA_STYLE('',(#11252));
#11252 = FILL_AREA_STYLE_COLOUR('',#10013);
#11253 = OVER_RIDING_STYLED_ITEM('overriding color',(#11254),#7364,#9658
  );
#11254 = PRESENTATION_STYLE_ASSIGNMENT((#11255));
#11255 = SURFACE_STYLE_USAGE(.BOTH.,#11256);
#11256 = SURFACE_SIDE_STYLE('',(#11257));
#11257 = SURFACE_STYLE_FILL_AREA(#11258);
#11258 = FILL_AREA_STYLE('',(#11259));
#11259 = FILL_AREA_STYLE_COLOUR('',#10013);
#11260 = OVER_RIDING_STYLED_ITEM('overriding color',(#11261),#7380,#9658
  );
#11261 = PRESENTATION_STYLE_ASSIGNMENT((#11262));
#11262 = SURFACE_STYLE_USAGE(.BOTH.,#11263);
#11263 = SURFACE_SIDE_STYLE('',(#11264));
#11264 = SURFACE_STYLE_FILL_AREA(#11265);
#11265 = FILL_AREA_STYLE('',(#11266));
#11266 = FILL_AREA_STYLE_COLOUR('',#10013);
#11267 = OVER_RIDING_STYLED_ITEM('overriding color',(#11268),#7392,#9658
  );
#11268 = PRESENTATION_STYLE_ASSIGNMENT((#11269));
#11269 = SURFACE_STYLE_USAGE(.BOTH.,#11270);
#11270 = SURFACE_SIDE_STYLE('',(#11271));
#11271 = SURFACE_STYLE_FILL_AREA(#11272);
#11272 = FILL_AREA_STYLE('',(#11273));
#11273 = FILL_AREA_STYLE_COLOUR('',#10013);
#11274 = OVER_RIDING_STYLED_ITEM('overriding color',(#11275),#7420,#9658
  );
#11275 = PRESENTATION_STYLE_ASSIGNMENT((#11276));
#11276 = SURFACE_STYLE_USAGE(.BOTH.,#11277);
#11277 = SURFACE_SIDE_STYLE('',(#11278));
#11278 = SURFACE_STYLE_FILL_AREA(#11279);
#11279 = FILL_AREA_STYLE('',(#11280));
#11280 = FILL_AREA_STYLE_COLOUR('',#10013);
#11281 = OVER_RIDING_STYLED_ITEM('overriding color',(#11282),#7442,#9658
  );
#11282 = PRESENTATION_STYLE_ASSIGNMENT((#11283));
#11283 = SURFACE_STYLE_USAGE(.BOTH.,#11284);
#11284 = SURFACE_SIDE_STYLE('',(#11285));
#11285 = SURFACE_STYLE_FILL_AREA(#11286);
#11286 = FILL_AREA_STYLE('',(#11287));
#11287 = FILL_AREA_STYLE_COLOUR('',#10013);
#11288 = OVER_RIDING_STYLED_ITEM('overriding color',(#11289),#7470,#9658
  );
#11289 = PRESENTATION_STYLE_ASSIGNMENT((#11290));
#11290 = SURFACE_STYLE_USAGE(.BOTH.,#11291);
#11291 = SURFACE_SIDE_STYLE('',(#11292));
#11292 = SURFACE_STYLE_FILL_AREA(#11293);
#11293 = FILL_AREA_STYLE('',(#11294));
#11294 = FILL_AREA_STYLE_COLOUR('',#10013);
#11295 = OVER_RIDING_STYLED_ITEM('overriding color',(#11296),#7492,#9658
  );
#11296 = PRESENTATION_STYLE_ASSIGNMENT((#11297));
#11297 = SURFACE_STYLE_USAGE(.BOTH.,#11298);
#11298 = SURFACE_SIDE_STYLE('',(#11299));
#11299 = SURFACE_STYLE_FILL_AREA(#11300);
#11300 = FILL_AREA_STYLE('',(#11301));
#11301 = FILL_AREA_STYLE_COLOUR('',#10013);
#11302 = OVER_RIDING_STYLED_ITEM('overriding color',(#11303),#7520,#9658
  );
#11303 = PRESENTATION_STYLE_ASSIGNMENT((#11304));
#11304 = SURFACE_STYLE_USAGE(.BOTH.,#11305);
#11305 = SURFACE_SIDE_STYLE('',(#11306));
#11306 = SURFACE_STYLE_FILL_AREA(#11307);
#11307 = FILL_AREA_STYLE('',(#11308));
#11308 = FILL_AREA_STYLE_COLOUR('',#10013);
#11309 = OVER_RIDING_STYLED_ITEM('overriding color',(#11310),#7536,#9658
  );
#11310 = PRESENTATION_STYLE_ASSIGNMENT((#11311));
#11311 = SURFACE_STYLE_USAGE(.BOTH.,#11312);
#11312 = SURFACE_SIDE_STYLE('',(#11313));
#11313 = SURFACE_STYLE_FILL_AREA(#11314);
#11314 = FILL_AREA_STYLE('',(#11315));
#11315 = FILL_AREA_STYLE_COLOUR('',#9683);
#11316 = OVER_RIDING_STYLED_ITEM('overriding color',(#11317),#7550,#9658
  );
#11317 = PRESENTATION_STYLE_ASSIGNMENT((#11318));
#11318 = SURFACE_STYLE_USAGE(.BOTH.,#11319);
#11319 = SURFACE_SIDE_STYLE('',(#11320));
#11320 = SURFACE_STYLE_FILL_AREA(#11321);
#11321 = FILL_AREA_STYLE('',(#11322));
#11322 = FILL_AREA_STYLE_COLOUR('',#10013);
#11323 = OVER_RIDING_STYLED_ITEM('overriding color',(#11324),#7870,#9658
  );
#11324 = PRESENTATION_STYLE_ASSIGNMENT((#11325));
#11325 = SURFACE_STYLE_USAGE(.BOTH.,#11326);
#11326 = SURFACE_SIDE_STYLE('',(#11327));
#11327 = SURFACE_STYLE_FILL_AREA(#11328);
#11328 = FILL_AREA_STYLE('',(#11329));
#11329 = FILL_AREA_STYLE_COLOUR('',#10013);
#11330 = OVER_RIDING_STYLED_ITEM('overriding color',(#11331),#7894,#9658
  );
#11331 = PRESENTATION_STYLE_ASSIGNMENT((#11332));
#11332 = SURFACE_STYLE_USAGE(.BOTH.,#11333);
#11333 = SURFACE_SIDE_STYLE('',(#11334));
#11334 = SURFACE_STYLE_FILL_AREA(#11335);
#11335 = FILL_AREA_STYLE('',(#11336));
#11336 = FILL_AREA_STYLE_COLOUR('',#10013);
#11337 = OVER_RIDING_STYLED_ITEM('overriding color',(#11338),#7914,#9658
  );
#11338 = PRESENTATION_STYLE_ASSIGNMENT((#11339));
#11339 = SURFACE_STYLE_USAGE(.BOTH.,#11340);
#11340 = SURFACE_SIDE_STYLE('',(#11341));
#11341 = SURFACE_STYLE_FILL_AREA(#11342);
#11342 = FILL_AREA_STYLE('',(#11343));
#11343 = FILL_AREA_STYLE_COLOUR('',#10013);
#11344 = OVER_RIDING_STYLED_ITEM('overriding color',(#11345),#7934,#9658
  );
#11345 = PRESENTATION_STYLE_ASSIGNMENT((#11346));
#11346 = SURFACE_STYLE_USAGE(.BOTH.,#11347);
#11347 = SURFACE_SIDE_STYLE('',(#11348));
#11348 = SURFACE_STYLE_FILL_AREA(#11349);
#11349 = FILL_AREA_STYLE('',(#11350));
#11350 = FILL_AREA_STYLE_COLOUR('',#10013);
#11351 = OVER_RIDING_STYLED_ITEM('overriding color',(#11352),#7954,#9658
  );
#11352 = PRESENTATION_STYLE_ASSIGNMENT((#11353));
#11353 = SURFACE_STYLE_USAGE(.BOTH.,#11354);
#11354 = SURFACE_SIDE_STYLE('',(#11355));
#11355 = SURFACE_STYLE_FILL_AREA(#11356);
#11356 = FILL_AREA_STYLE('',(#11357));
#11357 = FILL_AREA_STYLE_COLOUR('',#10013);
#11358 = OVER_RIDING_STYLED_ITEM('overriding color',(#11359),#7974,#9658
  );
#11359 = PRESENTATION_STYLE_ASSIGNMENT((#11360));
#11360 = SURFACE_STYLE_USAGE(.BOTH.,#11361);
#11361 = SURFACE_SIDE_STYLE('',(#11362));
#11362 = SURFACE_STYLE_FILL_AREA(#11363);
#11363 = FILL_AREA_STYLE('',(#11364));
#11364 = FILL_AREA_STYLE_COLOUR('',#10013);
#11365 = OVER_RIDING_STYLED_ITEM('overriding color',(#11366),#7994,#9658
  );
#11366 = PRESENTATION_STYLE_ASSIGNMENT((#11367));
#11367 = SURFACE_STYLE_USAGE(.BOTH.,#11368);
#11368 = SURFACE_SIDE_STYLE('',(#11369));
#11369 = SURFACE_STYLE_FILL_AREA(#11370);
#11370 = FILL_AREA_STYLE('',(#11371));
#11371 = FILL_AREA_STYLE_COLOUR('',#10013);
#11372 = OVER_RIDING_STYLED_ITEM('overriding color',(#11373),#8014,#9658
  );
#11373 = PRESENTATION_STYLE_ASSIGNMENT((#11374));
#11374 = SURFACE_STYLE_USAGE(.BOTH.,#11375);
#11375 = SURFACE_SIDE_STYLE('',(#11376));
#11376 = SURFACE_STYLE_FILL_AREA(#11377);
#11377 = FILL_AREA_STYLE('',(#11378));
#11378 = FILL_AREA_STYLE_COLOUR('',#10013);
#11379 = OVER_RIDING_STYLED_ITEM('overriding color',(#11380),#8034,#9658
  );
#11380 = PRESENTATION_STYLE_ASSIGNMENT((#11381));
#11381 = SURFACE_STYLE_USAGE(.BOTH.,#11382);
#11382 = SURFACE_SIDE_STYLE('',(#11383));
#11383 = SURFACE_STYLE_FILL_AREA(#11384);
#11384 = FILL_AREA_STYLE('',(#11385));
#11385 = FILL_AREA_STYLE_COLOUR('',#10013);
#11386 = OVER_RIDING_STYLED_ITEM('overriding color',(#11387),#8054,#9658
  );
#11387 = PRESENTATION_STYLE_ASSIGNMENT((#11388));
#11388 = SURFACE_STYLE_USAGE(.BOTH.,#11389);
#11389 = SURFACE_SIDE_STYLE('',(#11390));
#11390 = SURFACE_STYLE_FILL_AREA(#11391);
#11391 = FILL_AREA_STYLE('',(#11392));
#11392 = FILL_AREA_STYLE_COLOUR('',#10013);
#11393 = OVER_RIDING_STYLED_ITEM('overriding color',(#11394),#8074,#9658
  );
#11394 = PRESENTATION_STYLE_ASSIGNMENT((#11395));
#11395 = SURFACE_STYLE_USAGE(.BOTH.,#11396);
#11396 = SURFACE_SIDE_STYLE('',(#11397));
#11397 = SURFACE_STYLE_FILL_AREA(#11398);
#11398 = FILL_AREA_STYLE('',(#11399));
#11399 = FILL_AREA_STYLE_COLOUR('',#10013);
#11400 = OVER_RIDING_STYLED_ITEM('overriding color',(#11401),#8094,#9658
  );
#11401 = PRESENTATION_STYLE_ASSIGNMENT((#11402));
#11402 = SURFACE_STYLE_USAGE(.BOTH.,#11403);
#11403 = SURFACE_SIDE_STYLE('',(#11404));
#11404 = SURFACE_STYLE_FILL_AREA(#11405);
#11405 = FILL_AREA_STYLE('',(#11406));
#11406 = FILL_AREA_STYLE_COLOUR('',#10013);
#11407 = OVER_RIDING_STYLED_ITEM('overriding color',(#11408),#8114,#9658
  );
#11408 = PRESENTATION_STYLE_ASSIGNMENT((#11409));
#11409 = SURFACE_STYLE_USAGE(.BOTH.,#11410);
#11410 = SURFACE_SIDE_STYLE('',(#11411));
#11411 = SURFACE_STYLE_FILL_AREA(#11412);
#11412 = FILL_AREA_STYLE('',(#11413));
#11413 = FILL_AREA_STYLE_COLOUR('',#10013);
#11414 = OVER_RIDING_STYLED_ITEM('overriding color',(#11415),#8130,#9658
  );
#11415 = PRESENTATION_STYLE_ASSIGNMENT((#11416));
#11416 = SURFACE_STYLE_USAGE(.BOTH.,#11417);
#11417 = SURFACE_SIDE_STYLE('',(#11418));
#11418 = SURFACE_STYLE_FILL_AREA(#11419);
#11419 = FILL_AREA_STYLE('',(#11420));
#11420 = FILL_AREA_STYLE_COLOUR('',#10013);
#11421 = OVER_RIDING_STYLED_ITEM('overriding color',(#11422),#8146,#9658
  );
#11422 = PRESENTATION_STYLE_ASSIGNMENT((#11423));
#11423 = SURFACE_STYLE_USAGE(.BOTH.,#11424);
#11424 = SURFACE_SIDE_STYLE('',(#11425));
#11425 = SURFACE_STYLE_FILL_AREA(#11426);
#11426 = FILL_AREA_STYLE('',(#11427));
#11427 = FILL_AREA_STYLE_COLOUR('',#10013);
#11428 = OVER_RIDING_STYLED_ITEM('overriding color',(#11429),#8162,#9658
  );
#11429 = PRESENTATION_STYLE_ASSIGNMENT((#11430));
#11430 = SURFACE_STYLE_USAGE(.BOTH.,#11431);
#11431 = SURFACE_SIDE_STYLE('',(#11432));
#11432 = SURFACE_STYLE_FILL_AREA(#11433);
#11433 = FILL_AREA_STYLE('',(#11434));
#11434 = FILL_AREA_STYLE_COLOUR('',#10013);
#11435 = OVER_RIDING_STYLED_ITEM('overriding color',(#11436),#8178,#9658
  );
#11436 = PRESENTATION_STYLE_ASSIGNMENT((#11437));
#11437 = SURFACE_STYLE_USAGE(.BOTH.,#11438);
#11438 = SURFACE_SIDE_STYLE('',(#11439));
#11439 = SURFACE_STYLE_FILL_AREA(#11440);
#11440 = FILL_AREA_STYLE('',(#11441));
#11441 = FILL_AREA_STYLE_COLOUR('',#10013);
#11442 = OVER_RIDING_STYLED_ITEM('overriding color',(#11443),#8198,#9658
  );
#11443 = PRESENTATION_STYLE_ASSIGNMENT((#11444));
#11444 = SURFACE_STYLE_USAGE(.BOTH.,#11445);
#11445 = SURFACE_SIDE_STYLE('',(#11446));
#11446 = SURFACE_STYLE_FILL_AREA(#11447);
#11447 = FILL_AREA_STYLE('',(#11448));
#11448 = FILL_AREA_STYLE_COLOUR('',#10013);
#11449 = OVER_RIDING_STYLED_ITEM('overriding color',(#11450),#8218,#9658
  );
#11450 = PRESENTATION_STYLE_ASSIGNMENT((#11451));
#11451 = SURFACE_STYLE_USAGE(.BOTH.,#11452);
#11452 = SURFACE_SIDE_STYLE('',(#11453));
#11453 = SURFACE_STYLE_FILL_AREA(#11454);
#11454 = FILL_AREA_STYLE('',(#11455));
#11455 = FILL_AREA_STYLE_COLOUR('',#10013);
#11456 = OVER_RIDING_STYLED_ITEM('overriding color',(#11457),#8238,#9658
  );
#11457 = PRESENTATION_STYLE_ASSIGNMENT((#11458));
#11458 = SURFACE_STYLE_USAGE(.BOTH.,#11459);
#11459 = SURFACE_SIDE_STYLE('',(#11460));
#11460 = SURFACE_STYLE_FILL_AREA(#11461);
#11461 = FILL_AREA_STYLE('',(#11462));
#11462 = FILL_AREA_STYLE_COLOUR('',#10013);
#11463 = OVER_RIDING_STYLED_ITEM('overriding color',(#11464),#8258,#9658
  );
#11464 = PRESENTATION_STYLE_ASSIGNMENT((#11465));
#11465 = SURFACE_STYLE_USAGE(.BOTH.,#11466);
#11466 = SURFACE_SIDE_STYLE('',(#11467));
#11467 = SURFACE_STYLE_FILL_AREA(#11468);
#11468 = FILL_AREA_STYLE('',(#11469));
#11469 = FILL_AREA_STYLE_COLOUR('',#10013);
#11470 = OVER_RIDING_STYLED_ITEM('overriding color',(#11471),#8278,#9658
  );
#11471 = PRESENTATION_STYLE_ASSIGNMENT((#11472));
#11472 = SURFACE_STYLE_USAGE(.BOTH.,#11473);
#11473 = SURFACE_SIDE_STYLE('',(#11474));
#11474 = SURFACE_STYLE_FILL_AREA(#11475);
#11475 = FILL_AREA_STYLE('',(#11476));
#11476 = FILL_AREA_STYLE_COLOUR('',#10013);
#11477 = OVER_RIDING_STYLED_ITEM('overriding color',(#11478),#8298,#9658
  );
#11478 = PRESENTATION_STYLE_ASSIGNMENT((#11479));
#11479 = SURFACE_STYLE_USAGE(.BOTH.,#11480);
#11480 = SURFACE_SIDE_STYLE('',(#11481));
#11481 = SURFACE_STYLE_FILL_AREA(#11482);
#11482 = FILL_AREA_STYLE('',(#11483));
#11483 = FILL_AREA_STYLE_COLOUR('',#10013);
#11484 = OVER_RIDING_STYLED_ITEM('overriding color',(#11485),#8318,#9658
  );
#11485 = PRESENTATION_STYLE_ASSIGNMENT((#11486));
#11486 = SURFACE_STYLE_USAGE(.BOTH.,#11487);
#11487 = SURFACE_SIDE_STYLE('',(#11488));
#11488 = SURFACE_STYLE_FILL_AREA(#11489);
#11489 = FILL_AREA_STYLE('',(#11490));
#11490 = FILL_AREA_STYLE_COLOUR('',#10013);
#11491 = OVER_RIDING_STYLED_ITEM('overriding color',(#11492),#8334,#9658
  );
#11492 = PRESENTATION_STYLE_ASSIGNMENT((#11493));
#11493 = SURFACE_STYLE_USAGE(.BOTH.,#11494);
#11494 = SURFACE_SIDE_STYLE('',(#11495));
#11495 = SURFACE_STYLE_FILL_AREA(#11496);
#11496 = FILL_AREA_STYLE('',(#11497));
#11497 = FILL_AREA_STYLE_COLOUR('',#10013);
#11498 = OVER_RIDING_STYLED_ITEM('overriding color',(#11499),#8354,#9658
  );
#11499 = PRESENTATION_STYLE_ASSIGNMENT((#11500));
#11500 = SURFACE_STYLE_USAGE(.BOTH.,#11501);
#11501 = SURFACE_SIDE_STYLE('',(#11502));
#11502 = SURFACE_STYLE_FILL_AREA(#11503);
#11503 = FILL_AREA_STYLE('',(#11504));
#11504 = FILL_AREA_STYLE_COLOUR('',#10013);
#11505 = OVER_RIDING_STYLED_ITEM('overriding color',(#11506),#8374,#9658
  );
#11506 = PRESENTATION_STYLE_ASSIGNMENT((#11507));
#11507 = SURFACE_STYLE_USAGE(.BOTH.,#11508);
#11508 = SURFACE_SIDE_STYLE('',(#11509));
#11509 = SURFACE_STYLE_FILL_AREA(#11510);
#11510 = FILL_AREA_STYLE('',(#11511));
#11511 = FILL_AREA_STYLE_COLOUR('',#10013);
#11512 = OVER_RIDING_STYLED_ITEM('overriding color',(#11513),#8390,#9658
  );
#11513 = PRESENTATION_STYLE_ASSIGNMENT((#11514));
#11514 = SURFACE_STYLE_USAGE(.BOTH.,#11515);
#11515 = SURFACE_SIDE_STYLE('',(#11516));
#11516 = SURFACE_STYLE_FILL_AREA(#11517);
#11517 = FILL_AREA_STYLE('',(#11518));
#11518 = FILL_AREA_STYLE_COLOUR('',#10013);
#11519 = OVER_RIDING_STYLED_ITEM('overriding color',(#11520),#8410,#9658
  );
#11520 = PRESENTATION_STYLE_ASSIGNMENT((#11521));
#11521 = SURFACE_STYLE_USAGE(.BOTH.,#11522);
#11522 = SURFACE_SIDE_STYLE('',(#11523));
#11523 = SURFACE_STYLE_FILL_AREA(#11524);
#11524 = FILL_AREA_STYLE('',(#11525));
#11525 = FILL_AREA_STYLE_COLOUR('',#10013);
#11526 = OVER_RIDING_STYLED_ITEM('overriding color',(#11527),#8430,#9658
  );
#11527 = PRESENTATION_STYLE_ASSIGNMENT((#11528));
#11528 = SURFACE_STYLE_USAGE(.BOTH.,#11529);
#11529 = SURFACE_SIDE_STYLE('',(#11530));
#11530 = SURFACE_STYLE_FILL_AREA(#11531);
#11531 = FILL_AREA_STYLE('',(#11532));
#11532 = FILL_AREA_STYLE_COLOUR('',#10013);
#11533 = OVER_RIDING_STYLED_ITEM('overriding color',(#11534),#8450,#9658
  );
#11534 = PRESENTATION_STYLE_ASSIGNMENT((#11535));
#11535 = SURFACE_STYLE_USAGE(.BOTH.,#11536);
#11536 = SURFACE_SIDE_STYLE('',(#11537));
#11537 = SURFACE_STYLE_FILL_AREA(#11538);
#11538 = FILL_AREA_STYLE('',(#11539));
#11539 = FILL_AREA_STYLE_COLOUR('',#10013);
#11540 = OVER_RIDING_STYLED_ITEM('overriding color',(#11541),#8466,#9658
  );
#11541 = PRESENTATION_STYLE_ASSIGNMENT((#11542));
#11542 = SURFACE_STYLE_USAGE(.BOTH.,#11543);
#11543 = SURFACE_SIDE_STYLE('',(#11544));
#11544 = SURFACE_STYLE_FILL_AREA(#11545);
#11545 = FILL_AREA_STYLE('',(#11546));
#11546 = FILL_AREA_STYLE_COLOUR('',#10013);
#11547 = OVER_RIDING_STYLED_ITEM('overriding color',(#11548),#8486,#9658
  );
#11548 = PRESENTATION_STYLE_ASSIGNMENT((#11549));
#11549 = SURFACE_STYLE_USAGE(.BOTH.,#11550);
#11550 = SURFACE_SIDE_STYLE('',(#11551));
#11551 = SURFACE_STYLE_FILL_AREA(#11552);
#11552 = FILL_AREA_STYLE('',(#11553));
#11553 = FILL_AREA_STYLE_COLOUR('',#10013);
#11554 = OVER_RIDING_STYLED_ITEM('overriding color',(#11555),#8502,#9658
  );
#11555 = PRESENTATION_STYLE_ASSIGNMENT((#11556));
#11556 = SURFACE_STYLE_USAGE(.BOTH.,#11557);
#11557 = SURFACE_SIDE_STYLE('',(#11558));
#11558 = SURFACE_STYLE_FILL_AREA(#11559);
#11559 = FILL_AREA_STYLE('',(#11560));
#11560 = FILL_AREA_STYLE_COLOUR('',#10013);
#11561 = OVER_RIDING_STYLED_ITEM('overriding color',(#11562),#8545,#9658
  );
#11562 = PRESENTATION_STYLE_ASSIGNMENT((#11563));
#11563 = SURFACE_STYLE_USAGE(.BOTH.,#11564);
#11564 = SURFACE_SIDE_STYLE('',(#11565));
#11565 = SURFACE_STYLE_FILL_AREA(#11566);
#11566 = FILL_AREA_STYLE('',(#11567));
#11567 = FILL_AREA_STYLE_COLOUR('',#10013);
#11568 = OVER_RIDING_STYLED_ITEM('overriding color',(#11569),#8573,#9658
  );
#11569 = PRESENTATION_STYLE_ASSIGNMENT((#11570));
#11570 = SURFACE_STYLE_USAGE(.BOTH.,#11571);
#11571 = SURFACE_SIDE_STYLE('',(#11572));
#11572 = SURFACE_STYLE_FILL_AREA(#11573);
#11573 = FILL_AREA_STYLE('',(#11574));
#11574 = FILL_AREA_STYLE_COLOUR('',#9683);
#11575 = OVER_RIDING_STYLED_ITEM('overriding color',(#11576),#8583,#9658
  );
#11576 = PRESENTATION_STYLE_ASSIGNMENT((#11577));
#11577 = SURFACE_STYLE_USAGE(.BOTH.,#11578);
#11578 = SURFACE_SIDE_STYLE('',(#11579));
#11579 = SURFACE_STYLE_FILL_AREA(#11580);
#11580 = FILL_AREA_STYLE('',(#11581));
#11581 = FILL_AREA_STYLE_COLOUR('',#10013);
#11582 = OVER_RIDING_STYLED_ITEM('overriding color',(#11583),#8619,#9658
  );
#11583 = PRESENTATION_STYLE_ASSIGNMENT((#11584));
#11584 = SURFACE_STYLE_USAGE(.BOTH.,#11585);
#11585 = SURFACE_SIDE_STYLE('',(#11586));
#11586 = SURFACE_STYLE_FILL_AREA(#11587);
#11587 = FILL_AREA_STYLE('',(#11588));
#11588 = FILL_AREA_STYLE_COLOUR('',#10013);
#11589 = OVER_RIDING_STYLED_ITEM('overriding color',(#11590),#8647,#9658
  );
#11590 = PRESENTATION_STYLE_ASSIGNMENT((#11591));
#11591 = SURFACE_STYLE_USAGE(.BOTH.,#11592);
#11592 = SURFACE_SIDE_STYLE('',(#11593));
#11593 = SURFACE_STYLE_FILL_AREA(#11594);
#11594 = FILL_AREA_STYLE('',(#11595));
#11595 = FILL_AREA_STYLE_COLOUR('',#10013);
#11596 = OVER_RIDING_STYLED_ITEM('overriding color',(#11597),#8675,#9658
  );
#11597 = PRESENTATION_STYLE_ASSIGNMENT((#11598));
#11598 = SURFACE_STYLE_USAGE(.BOTH.,#11599);
#11599 = SURFACE_SIDE_STYLE('',(#11600));
#11600 = SURFACE_STYLE_FILL_AREA(#11601);
#11601 = FILL_AREA_STYLE('',(#11602));
#11602 = FILL_AREA_STYLE_COLOUR('',#10013);
#11603 = OVER_RIDING_STYLED_ITEM('overriding color',(#11604),#8707,#9658
  );
#11604 = PRESENTATION_STYLE_ASSIGNMENT((#11605));
#11605 = SURFACE_STYLE_USAGE(.BOTH.,#11606);
#11606 = SURFACE_SIDE_STYLE('',(#11607));
#11607 = SURFACE_STYLE_FILL_AREA(#11608);
#11608 = FILL_AREA_STYLE('',(#11609));
#11609 = FILL_AREA_STYLE_COLOUR('',#10013);
#11610 = OVER_RIDING_STYLED_ITEM('overriding color',(#11611),#8735,#9658
  );
#11611 = PRESENTATION_STYLE_ASSIGNMENT((#11612));
#11612 = SURFACE_STYLE_USAGE(.BOTH.,#11613);
#11613 = SURFACE_SIDE_STYLE('',(#11614));
#11614 = SURFACE_STYLE_FILL_AREA(#11615);
#11615 = FILL_AREA_STYLE('',(#11616));
#11616 = FILL_AREA_STYLE_COLOUR('',#10013);
#11617 = OVER_RIDING_STYLED_ITEM('overriding color',(#11618),#8767,#9658
  );
#11618 = PRESENTATION_STYLE_ASSIGNMENT((#11619));
#11619 = SURFACE_STYLE_USAGE(.BOTH.,#11620);
#11620 = SURFACE_SIDE_STYLE('',(#11621));
#11621 = SURFACE_STYLE_FILL_AREA(#11622);
#11622 = FILL_AREA_STYLE('',(#11623));
#11623 = FILL_AREA_STYLE_COLOUR('',#10013);
#11624 = OVER_RIDING_STYLED_ITEM('overriding color',(#11625),#8787,#9658
  );
#11625 = PRESENTATION_STYLE_ASSIGNMENT((#11626));
#11626 = SURFACE_STYLE_USAGE(.BOTH.,#11627);
#11627 = SURFACE_SIDE_STYLE('',(#11628));
#11628 = SURFACE_STYLE_FILL_AREA(#11629);
#11629 = FILL_AREA_STYLE('',(#11630));
#11630 = FILL_AREA_STYLE_COLOUR('',#10013);
#11631 = OVER_RIDING_STYLED_ITEM('overriding color',(#11632),#8815,#9658
  );
#11632 = PRESENTATION_STYLE_ASSIGNMENT((#11633));
#11633 = SURFACE_STYLE_USAGE(.BOTH.,#11634);
#11634 = SURFACE_SIDE_STYLE('',(#11635));
#11635 = SURFACE_STYLE_FILL_AREA(#11636);
#11636 = FILL_AREA_STYLE('',(#11637));
#11637 = FILL_AREA_STYLE_COLOUR('',#10013);
#11638 = OVER_RIDING_STYLED_ITEM('overriding color',(#11639),#8847,#9658
  );
#11639 = PRESENTATION_STYLE_ASSIGNMENT((#11640));
#11640 = SURFACE_STYLE_USAGE(.BOTH.,#11641);
#11641 = SURFACE_SIDE_STYLE('',(#11642));
#11642 = SURFACE_STYLE_FILL_AREA(#11643);
#11643 = FILL_AREA_STYLE('',(#11644));
#11644 = FILL_AREA_STYLE_COLOUR('',#10013);
#11645 = OVER_RIDING_STYLED_ITEM('overriding color',(#11646),#8875,#9658
  );
#11646 = PRESENTATION_STYLE_ASSIGNMENT((#11647));
#11647 = SURFACE_STYLE_USAGE(.BOTH.,#11648);
#11648 = SURFACE_SIDE_STYLE('',(#11649));
#11649 = SURFACE_STYLE_FILL_AREA(#11650);
#11650 = FILL_AREA_STYLE('',(#11651));
#11651 = FILL_AREA_STYLE_COLOUR('',#10013);
#11652 = OVER_RIDING_STYLED_ITEM('overriding color',(#11653),#8899,#9658
  );
#11653 = PRESENTATION_STYLE_ASSIGNMENT((#11654));
#11654 = SURFACE_STYLE_USAGE(.BOTH.,#11655);
#11655 = SURFACE_SIDE_STYLE('',(#11656));
#11656 = SURFACE_STYLE_FILL_AREA(#11657);
#11657 = FILL_AREA_STYLE('',(#11658));
#11658 = FILL_AREA_STYLE_COLOUR('',#10013);
#11659 = OVER_RIDING_STYLED_ITEM('overriding color',(#11660),#8919,#9658
  );
#11660 = PRESENTATION_STYLE_ASSIGNMENT((#11661));
#11661 = SURFACE_STYLE_USAGE(.BOTH.,#11662);
#11662 = SURFACE_SIDE_STYLE('',(#11663));
#11663 = SURFACE_STYLE_FILL_AREA(#11664);
#11664 = FILL_AREA_STYLE('',(#11665));
#11665 = FILL_AREA_STYLE_COLOUR('',#10013);
#11666 = OVER_RIDING_STYLED_ITEM('overriding color',(#11667),#8939,#9658
  );
#11667 = PRESENTATION_STYLE_ASSIGNMENT((#11668));
#11668 = SURFACE_STYLE_USAGE(.BOTH.,#11669);
#11669 = SURFACE_SIDE_STYLE('',(#11670));
#11670 = SURFACE_STYLE_FILL_AREA(#11671);
#11671 = FILL_AREA_STYLE('',(#11672));
#11672 = FILL_AREA_STYLE_COLOUR('',#10013);
#11673 = OVER_RIDING_STYLED_ITEM('overriding color',(#11674),#8975,#9658
  );
#11674 = PRESENTATION_STYLE_ASSIGNMENT((#11675));
#11675 = SURFACE_STYLE_USAGE(.BOTH.,#11676);
#11676 = SURFACE_SIDE_STYLE('',(#11677));
#11677 = SURFACE_STYLE_FILL_AREA(#11678);
#11678 = FILL_AREA_STYLE('',(#11679));
#11679 = FILL_AREA_STYLE_COLOUR('',#10013);
#11680 = OVER_RIDING_STYLED_ITEM('overriding color',(#11681),#9007,#9658
  );
#11681 = PRESENTATION_STYLE_ASSIGNMENT((#11682));
#11682 = SURFACE_STYLE_USAGE(.BOTH.,#11683);
#11683 = SURFACE_SIDE_STYLE('',(#11684));
#11684 = SURFACE_STYLE_FILL_AREA(#11685);
#11685 = FILL_AREA_STYLE('',(#11686));
#11686 = FILL_AREA_STYLE_COLOUR('',#10013);
#11687 = OVER_RIDING_STYLED_ITEM('overriding color',(#11688),#9035,#9658
  );
#11688 = PRESENTATION_STYLE_ASSIGNMENT((#11689));
#11689 = SURFACE_STYLE_USAGE(.BOTH.,#11690);
#11690 = SURFACE_SIDE_STYLE('',(#11691));
#11691 = SURFACE_STYLE_FILL_AREA(#11692);
#11692 = FILL_AREA_STYLE('',(#11693));
#11693 = FILL_AREA_STYLE_COLOUR('',#10013);
#11694 = OVER_RIDING_STYLED_ITEM('overriding color',(#11695),#9067,#9658
  );
#11695 = PRESENTATION_STYLE_ASSIGNMENT((#11696));
#11696 = SURFACE_STYLE_USAGE(.BOTH.,#11697);
#11697 = SURFACE_SIDE_STYLE('',(#11698));
#11698 = SURFACE_STYLE_FILL_AREA(#11699);
#11699 = FILL_AREA_STYLE('',(#11700));
#11700 = FILL_AREA_STYLE_COLOUR('',#10013);
#11701 = OVER_RIDING_STYLED_ITEM('overriding color',(#11702),#9087,#9658
  );
#11702 = PRESENTATION_STYLE_ASSIGNMENT((#11703));
#11703 = SURFACE_STYLE_USAGE(.BOTH.,#11704);
#11704 = SURFACE_SIDE_STYLE('',(#11705));
#11705 = SURFACE_STYLE_FILL_AREA(#11706);
#11706 = FILL_AREA_STYLE('',(#11707));
#11707 = FILL_AREA_STYLE_COLOUR('',#10013);
#11708 = OVER_RIDING_STYLED_ITEM('overriding color',(#11709),#9115,#9658
  );
#11709 = PRESENTATION_STYLE_ASSIGNMENT((#11710));
#11710 = SURFACE_STYLE_USAGE(.BOTH.,#11711);
#11711 = SURFACE_SIDE_STYLE('',(#11712));
#11712 = SURFACE_STYLE_FILL_AREA(#11713);
#11713 = FILL_AREA_STYLE('',(#11714));
#11714 = FILL_AREA_STYLE_COLOUR('',#10013);
#11715 = OVER_RIDING_STYLED_ITEM('overriding color',(#11716),#9147,#9658
  );
#11716 = PRESENTATION_STYLE_ASSIGNMENT((#11717));
#11717 = SURFACE_STYLE_USAGE(.BOTH.,#11718);
#11718 = SURFACE_SIDE_STYLE('',(#11719));
#11719 = SURFACE_STYLE_FILL_AREA(#11720);
#11720 = FILL_AREA_STYLE('',(#11721));
#11721 = FILL_AREA_STYLE_COLOUR('',#10013);
#11722 = OVER_RIDING_STYLED_ITEM('overriding color',(#11723),#9175,#9658
  );
#11723 = PRESENTATION_STYLE_ASSIGNMENT((#11724));
#11724 = SURFACE_STYLE_USAGE(.BOTH.,#11725);
#11725 = SURFACE_SIDE_STYLE('',(#11726));
#11726 = SURFACE_STYLE_FILL_AREA(#11727);
#11727 = FILL_AREA_STYLE('',(#11728));
#11728 = FILL_AREA_STYLE_COLOUR('',#10013);
#11729 = OVER_RIDING_STYLED_ITEM('overriding color',(#11730),#9207,#9658
  );
#11730 = PRESENTATION_STYLE_ASSIGNMENT((#11731));
#11731 = SURFACE_STYLE_USAGE(.BOTH.,#11732);
#11732 = SURFACE_SIDE_STYLE('',(#11733));
#11733 = SURFACE_STYLE_FILL_AREA(#11734);
#11734 = FILL_AREA_STYLE('',(#11735));
#11735 = FILL_AREA_STYLE_COLOUR('',#10013);
#11736 = OVER_RIDING_STYLED_ITEM('overriding color',(#11737),#9235,#9658
  );
#11737 = PRESENTATION_STYLE_ASSIGNMENT((#11738));
#11738 = SURFACE_STYLE_USAGE(.BOTH.,#11739);
#11739 = SURFACE_SIDE_STYLE('',(#11740));
#11740 = SURFACE_STYLE_FILL_AREA(#11741);
#11741 = FILL_AREA_STYLE('',(#11742));
#11742 = FILL_AREA_STYLE_COLOUR('',#10013);
#11743 = OVER_RIDING_STYLED_ITEM('overriding color',(#11744),#9255,#9658
  );
#11744 = PRESENTATION_STYLE_ASSIGNMENT((#11745));
#11745 = SURFACE_STYLE_USAGE(.BOTH.,#11746);
#11746 = SURFACE_SIDE_STYLE('',(#11747));
#11747 = SURFACE_STYLE_FILL_AREA(#11748);
#11748 = FILL_AREA_STYLE('',(#11749));
#11749 = FILL_AREA_STYLE_COLOUR('',#10013);
#11750 = OVER_RIDING_STYLED_ITEM('overriding color',(#11751),#9275,#9658
  );
#11751 = PRESENTATION_STYLE_ASSIGNMENT((#11752));
#11752 = SURFACE_STYLE_USAGE(.BOTH.,#11753);
#11753 = SURFACE_SIDE_STYLE('',(#11754));
#11754 = SURFACE_STYLE_FILL_AREA(#11755);
#11755 = FILL_AREA_STYLE('',(#11756));
#11756 = FILL_AREA_STYLE_COLOUR('',#10013);
#11757 = OVER_RIDING_STYLED_ITEM('overriding color',(#11758),#9295,#9658
  );
#11758 = PRESENTATION_STYLE_ASSIGNMENT((#11759));
#11759 = SURFACE_STYLE_USAGE(.BOTH.,#11760);
#11760 = SURFACE_SIDE_STYLE('',(#11761));
#11761 = SURFACE_STYLE_FILL_AREA(#11762);
#11762 = FILL_AREA_STYLE('',(#11763));
#11763 = FILL_AREA_STYLE_COLOUR('',#10013);
#11764 = OVER_RIDING_STYLED_ITEM('overriding color',(#11765),#9331,#9658
  );
#11765 = PRESENTATION_STYLE_ASSIGNMENT((#11766));
#11766 = SURFACE_STYLE_USAGE(.BOTH.,#11767);
#11767 = SURFACE_SIDE_STYLE('',(#11768));
#11768 = SURFACE_STYLE_FILL_AREA(#11769);
#11769 = FILL_AREA_STYLE('',(#11770));
#11770 = FILL_AREA_STYLE_COLOUR('',#10013);
#11771 = OVER_RIDING_STYLED_ITEM('overriding color',(#11772),#9359,#9658
  );
#11772 = PRESENTATION_STYLE_ASSIGNMENT((#11773));
#11773 = SURFACE_STYLE_USAGE(.BOTH.,#11774);
#11774 = SURFACE_SIDE_STYLE('',(#11775));
#11775 = SURFACE_STYLE_FILL_AREA(#11776);
#11776 = FILL_AREA_STYLE('',(#11777));
#11777 = FILL_AREA_STYLE_COLOUR('',#10013);
#11778 = OVER_RIDING_STYLED_ITEM('overriding color',(#11779),#9387,#9658
  );
#11779 = PRESENTATION_STYLE_ASSIGNMENT((#11780));
#11780 = SURFACE_STYLE_USAGE(.BOTH.,#11781);
#11781 = SURFACE_SIDE_STYLE('',(#11782));
#11782 = SURFACE_STYLE_FILL_AREA(#11783);
#11783 = FILL_AREA_STYLE('',(#11784));
#11784 = FILL_AREA_STYLE_COLOUR('',#10013);
#11785 = OVER_RIDING_STYLED_ITEM('overriding color',(#11786),#9419,#9658
  );
#11786 = PRESENTATION_STYLE_ASSIGNMENT((#11787));
#11787 = SURFACE_STYLE_USAGE(.BOTH.,#11788);
#11788 = SURFACE_SIDE_STYLE('',(#11789));
#11789 = SURFACE_STYLE_FILL_AREA(#11790);
#11790 = FILL_AREA_STYLE('',(#11791));
#11791 = FILL_AREA_STYLE_COLOUR('',#10013);
#11792 = OVER_RIDING_STYLED_ITEM('overriding color',(#11793),#9447,#9658
  );
#11793 = PRESENTATION_STYLE_ASSIGNMENT((#11794));
#11794 = SURFACE_STYLE_USAGE(.BOTH.,#11795);
#11795 = SURFACE_SIDE_STYLE('',(#11796));
#11796 = SURFACE_STYLE_FILL_AREA(#11797);
#11797 = FILL_AREA_STYLE('',(#11798));
#11798 = FILL_AREA_STYLE_COLOUR('',#10013);
#11799 = OVER_RIDING_STYLED_ITEM('overriding color',(#11800),#9479,#9658
  );
#11800 = PRESENTATION_STYLE_ASSIGNMENT((#11801));
#11801 = SURFACE_STYLE_USAGE(.BOTH.,#11802);
#11802 = SURFACE_SIDE_STYLE('',(#11803));
#11803 = SURFACE_STYLE_FILL_AREA(#11804);
#11804 = FILL_AREA_STYLE('',(#11805));
#11805 = FILL_AREA_STYLE_COLOUR('',#10013);
#11806 = OVER_RIDING_STYLED_ITEM('overriding color',(#11807),#9499,#9658
  );
#11807 = PRESENTATION_STYLE_ASSIGNMENT((#11808));
#11808 = SURFACE_STYLE_USAGE(.BOTH.,#11809);
#11809 = SURFACE_SIDE_STYLE('',(#11810));
#11810 = SURFACE_STYLE_FILL_AREA(#11811);
#11811 = FILL_AREA_STYLE('',(#11812));
#11812 = FILL_AREA_STYLE_COLOUR('',#10013);
#11813 = OVER_RIDING_STYLED_ITEM('overriding color',(#11814),#9527,#9658
  );
#11814 = PRESENTATION_STYLE_ASSIGNMENT((#11815));
#11815 = SURFACE_STYLE_USAGE(.BOTH.,#11816);
#11816 = SURFACE_SIDE_STYLE('',(#11817));
#11817 = SURFACE_STYLE_FILL_AREA(#11818);
#11818 = FILL_AREA_STYLE('',(#11819));
#11819 = FILL_AREA_STYLE_COLOUR('',#10013);
#11820 = OVER_RIDING_STYLED_ITEM('overriding color',(#11821),#9559,#9658
  );
#11821 = PRESENTATION_STYLE_ASSIGNMENT((#11822));
#11822 = SURFACE_STYLE_USAGE(.BOTH.,#11823);
#11823 = SURFACE_SIDE_STYLE('',(#11824));
#11824 = SURFACE_STYLE_FILL_AREA(#11825);
#11825 = FILL_AREA_STYLE('',(#11826));
#11826 = FILL_AREA_STYLE_COLOUR('',#10013);
#11827 = OVER_RIDING_STYLED_ITEM('overriding color',(#11828),#9587,#9658
  );
#11828 = PRESENTATION_STYLE_ASSIGNMENT((#11829));
#11829 = SURFACE_STYLE_USAGE(.BOTH.,#11830);
#11830 = SURFACE_SIDE_STYLE('',(#11831));
#11831 = SURFACE_STYLE_FILL_AREA(#11832);
#11832 = FILL_AREA_STYLE('',(#11833));
#11833 = FILL_AREA_STYLE_COLOUR('',#10013);
#11834 = OVER_RIDING_STYLED_ITEM('overriding color',(#11835),#9611,#9658
  );
#11835 = PRESENTATION_STYLE_ASSIGNMENT((#11836));
#11836 = SURFACE_STYLE_USAGE(.BOTH.,#11837);
#11837 = SURFACE_SIDE_STYLE('',(#11838));
#11838 = SURFACE_STYLE_FILL_AREA(#11839);
#11839 = FILL_AREA_STYLE('',(#11840));
#11840 = FILL_AREA_STYLE_COLOUR('',#10013);
#11841 = OVER_RIDING_STYLED_ITEM('overriding color',(#11842),#9631,#9658
  );
#11842 = PRESENTATION_STYLE_ASSIGNMENT((#11843));
#11843 = SURFACE_STYLE_USAGE(.BOTH.,#11844);
#11844 = SURFACE_SIDE_STYLE('',(#11845));
#11845 = SURFACE_STYLE_FILL_AREA(#11846);
#11846 = FILL_AREA_STYLE('',(#11847));
#11847 = FILL_AREA_STYLE_COLOUR('',#10013);
ENDSEC;
END-ISO-10303-21;
